A,B,C,D,label,split
9.063754759543567,3.3138335395416743,8.616686163266262,5.181796683137728,1,train
7.740679626297061,6.524982224266696,6.375490971180909,8.83447944302349,0,train
2.9748102464647093,9.32031849576433,3.884770703464355,9.659001287591966,0,train
3.690301944082388,8.138468572959699,5.270692921264219,6.776078777980626,1,train
8.804547728002444,3.2375239659598565,5.057520230764464,5.3646236654344985,1,train
6.0895361200866605,9.340092461037035,8.721326938152878,2.735497443041388,1,train
2.4773823861161413,9.299880123466298,6.641260958230413,1.7699618308944802,1,train
2.522804665234228,7.064479683666558,3.402651226947096,7.732795476822168,0,train
4.159429402324221,2.3083767410876272,8.443723248885533,9.063602430607054,0,train
5.333276756558105,4.848256360113091,7.288449078454464,5.7762765677439525,1,train
1.0010160700072874,9.600555529046307,7.06396554233691,6.907487148249527,0,train
2.655905405209312,5.453067018217896,5.865817345520553,8.147340770178953,0,train
4.8950502066902635,2.7760636288771945,9.509152415206625,4.224641701951586,1,train
8.741743592934824,6.044670685613269,7.916303199989104,1.564930401930315,1,train
9.89846660380151,9.809105385439782,9.170748311397084,4.4258688253541205,1,train
5.6391727882407094,7.340547073808155,3.881899537156861,1.314246248922125,1,train
7.018978962564558,1.2861775866902154,9.350461380720574,6.231941078976522,0,train
6.0300801124553205,1.249033526137238,7.241135141122219,4.540575730998537,0,train
7.496938826248181,4.88973007996626,5.149549738423873,2.520086754149772,1,train
8.983115295615292,6.539077342354922,6.1755342537308975,1.0107035084346139,1,train
1.2227498591188937,2.4303413831587206,4.434564912889044,3.008576753813122,0,train
1.7845849072987785,6.461084747428035,6.856242902701843,3.3933100656156605,0,train
7.41262585227445,6.9490208263902895,1.1158467531424967,8.797066889794653,0,train
3.927519979300469,1.357662156954364,5.994294749670116,8.296639346463017,0,train
9.262800672138697,8.656131680255887,2.0966584770717875,5.178485756820844,1,train
6.66308460689194,8.43774452825522,8.403900766688636,2.527326813326453,1,train
1.275080724895827,5.895415818092417,5.713387922697327,6.210096188523688,0,train
2.0293651863073596,6.403494698728332,8.171434661917292,3.6654016532589555,0,train
9.002743039574716,5.595846753252339,4.940352991822209,6.762439779798094,1,train
9.035284693352223,8.830045951360024,7.826769394779009,6.474221903016616,1,train
9.224997831948833,8.836265080941615,1.6096448590110406,3.8208987951231705,0,train
8.3777161233266,8.118137987218828,5.832099451692436,7.9581919594888255,1,train
3.321656629987188,1.632891695151168,3.200849837125192,9.257667104890828,0,train
1.7040684720916812,6.227380292981085,9.925525229749049,1.888001105117071,0,train
6.484474949545162,8.485794241153457,6.3260757191713095,1.783382048292073,1,train
7.054754167681847,4.542223596606974,7.765588938772431,3.610413762943426,0,train
4.683197373570762,7.7809874882546675,6.833232462280057,4.551140339514852,1,train
5.415768465803516,3.9795384134450646,9.734483420941272,5.414314653866958,1,train
7.812016319529857,4.0699721786421845,2.526428456083518,7.874857696669267,0,train
5.677674311483094,4.03540629549988,1.9780858767970397,1.28677109196068,0,train
5.627165991796119,1.667512769041032,6.5153084288390675,8.082442745819664,0,train
3.443285709580379,7.147971243101878,7.900656537845226,4.089265578086405,1,train
3.2305516663099745,7.3064279387568885,3.7834729430883165,7.201733137923791,0,train
6.7738342008594,4.65825309203068,2.1661841613099155,3.8102210706291713,0,train
9.925458987005102,4.865162775526505,3.8006016614176863,6.721048852549451,1,train
6.621454249565942,4.313572480603991,8.452590433317756,8.57661092323411,1,train
1.3540010398341908,4.664436898814781,5.4138408103943085,1.4730689098763023,0,train
6.426464796054425,3.528963372907913,8.77736104752782,5.5820790309806005,1,train
8.205935300940272,5.623074327518437,1.2448885813937483,5.555476507877687,0,train
9.67683573827928,7.531519557923806,1.7160047250603194,4.461642426850418,1,train
9.5698685982967,1.702240935149363,6.947639900159226,1.8665134644767196,1,train
5.088169597309581,7.467592853310384,4.533511656858842,7.422991194954699,1,train
8.750611976396613,3.66106235659512,1.6348855091925079,9.461282801745044,0,train
3.1123999560147264,6.8646234380661015,1.153052562414626,8.98734837643497,0,train
6.683454000945671,2.956571689575905,6.8503427947883955,6.332808478189747,1,train
9.565190265988555,2.617426747976573,9.813050832790967,5.6125239443563295,1,train
2.742656645511123,5.465980004312695,7.534934193077323,3.842248304425921,0,train
8.305022981949955,9.852497688405222,1.7541828709939213,5.7068117460890715,1,train
8.485386587769863,3.371211311585917,3.9566277538735752,7.245852070556101,0,train
5.502479711542557,7.936331593743692,3.7865451891914934,8.466683505113467,1,train
6.422823431819222,1.676545878349602,9.306358124522868,9.099817218542222,0,train
1.1363090940443572,4.06993622699108,1.3113348843629344,2.7118018684729566,0,train
7.501305561056506,3.639603147797752,2.525419039042591,5.732871934004662,0,train
8.213699914381065,9.306970521701123,9.81879106868836,7.102803849313188,1,train
3.8909103525410473,7.516033700571244,5.9025384699198,8.98447633276303,1,train
7.2817715985337745,5.71196663944872,6.054121420138307,4.3442370290216115,1,train
9.074364050571889,8.954868204690094,6.655977787140018,4.517612846220751,0,train
4.057224414749241,8.712390405910305,5.506595887355668,7.139058898588792,1,train
1.4186379285820006,5.99177885698891,7.124340297212679,7.628928545747703,0,train
5.785659837825367,3.089953363310226,4.8564702527923505,9.938604915276779,0,train
4.704250870983076,6.6403346827935765,9.689671610031526,5.183541286670556,1,train
4.172798541078618,4.823273157716926,1.7635892660013877,1.3638278923241816,0,train
5.770237763902163,1.663627361569194,1.4055074500653442,9.93435278264541,0,train
2.739727637788364,8.416255945818754,4.770535734711826,3.9187615313351136,0,train
2.2151695372219984,5.837651616772089,5.395023268000962,4.854022339955299,0,train
8.695368515790957,1.6756054600626125,2.6546271643410218,2.4213546150161642,0,train
8.441544386569745,6.489851983766475,4.259631753065524,9.410412300819466,0,train
3.5686060126800045,4.4169077694400904,3.554479560828693,1.2281712139266252,0,train
9.708935565412485,8.642336149287589,2.5420078609685763,9.589616526525724,1,train
7.1021395640472225,3.2782440129522126,4.840149467539017,3.142854812332696,0,train
4.991208851203732,4.386923928771988,2.6804669554968843,1.9148673567810106,0,train
1.3177005455110824,3.8864232928514313,3.944939520821955,6.715900366461581,0,train
5.825903913778847,8.377509441216457,6.34720176729947,4.945322221915808,0,train
3.5049049718219085,1.3008010688604084,6.270922579931446,4.636197753031414,0,train
5.121284489872327,6.684235857310133,5.589678308546849,3.66111494115458,1,train
9.774345437267296,7.503152821018706,9.155784674685133,9.496012048574455,1,train
4.519698201041357,8.820429289364302,7.168637985965687,1.0034421855165883,1,train
9.960260505687428,8.365244247056298,3.5956172031985414,2.2193224955442776,1,train
1.8873224877860917,4.194043565279423,8.089476373762736,4.83541292343491,0,train
4.29949315266419,6.0905761821276885,6.561204377895964,7.367551592278773,1,train
2.3042532245282525,4.363235697666688,2.1440015632143736,2.812755110457861,0,train
3.031102586524792,3.677685921786741,9.969139902830236,2.6921112544560195,0,train
9.257996536265457,3.7520215690775864,3.5452276359960093,6.253586160994951,1,train
8.695577005154668,6.252670726947789,8.691998767262298,2.1680415561036073,1,train
7.106397764742864,1.3199208974807692,4.251723475607506,2.157280874945083,0,train
6.963596893519167,2.777651487941581,6.986762068687626,8.890487902272076,1,train
8.364027838077073,2.402647968087561,3.11907907751413,2.9124912813318686,0,train
7.087415428982373,4.038256138420778,2.371695024143393,8.55048670885973,0,train
5.170063325704199,5.664779517203986,7.157746666256944,1.6699514515256033,1,train
5.355857682746666,1.1996275177357487,9.182370057170603,1.5710847088845226,1,train
3.981163111199504,3.3276267320276722,3.873079380593799,8.142683126610969,0,train
7.664067626816336,5.911578571707267,7.965506550602326,1.087725156370035,1,train
1.5477705281982437,2.3294853484339626,4.064472185747579,4.125766222798106,1,train
5.4201762339905075,2.1095821244423627,7.729697651005204,9.834756188088132,0,train
7.877904761636285,9.218882456435717,2.925942276103824,4.411801846865079,1,train
6.544984824535261,1.4828877966410516,8.090563024405174,5.637425380445479,0,train
4.717481987472427,7.652524744384397,9.467559297150347,1.1272254075545973,1,train
9.537973064671773,4.847964246628724,7.44458151476507,2.757581471817681,1,train
7.350040655278799,3.3131826081555307,8.596718259218328,9.516615174322258,1,train
8.825917475855247,7.31984758813843,9.9614920475013,1.7284028661648032,1,train
9.615426086135049,8.667299531657036,7.402014578553513,1.4919298671101462,1,train
7.121197052405279,3.9758476469467166,6.040102947849384,8.944947833180748,1,train
8.026911032735509,5.354891493347262,7.81543187653201,4.180348562629817,1,train
5.03513444565618,4.125872093600584,2.960782588465134,3.007563648991752,0,train
3.036469689923905,7.604995007414614,1.796898132337565,7.1678595901288045,0,train
7.499887554723505,7.42385939657783,1.2086900315053146,3.995090082560045,0,train
4.8633351635777835,1.5221683297131157,2.00231507629492,2.7770917620997473,0,train
9.879767775046798,2.9164706039281287,4.575146950148323,7.288274998452878,1,train
4.4613315737029176,1.7079298553211477,1.0459629226308498,2.4940595893455235,0,train
3.9188108787150338,1.1898416638115852,2.416993407775737,3.254545067160238,0,train
5.23556864990692,6.696437550252866,4.663627558520707,7.618062099975823,1,train
8.18958315420483,5.636449325620903,3.3345253780149573,4.384598290319292,1,train
1.5032698534696518,4.116170969529614,9.020873846227204,8.584045249229689,0,train
6.0096441355527,8.850077341756759,2.510681637690314,8.250228455846427,1,train
4.975433395954387,4.586988344001375,1.5039616515966376,8.135758841599634,0,train
9.529960247467528,5.418740556585515,9.697529123720726,6.2512946768997075,1,train
9.011042134275659,2.4057488846546526,2.788646319121542,8.64082430061618,0,train
2.2010824201959625,8.916347310881218,3.4619072415070984,6.755563864163179,0,train
9.527390124975657,5.682956116872488,8.29600967588564,6.029883922378465,1,train
5.751876717132922,4.669848378446234,9.813204040661496,3.4965714038543303,1,train
6.0683463834319,3.4218043956978024,7.330809840961641,6.945764363334287,1,train
5.346114476474634,1.9053754379534815,6.624189936237813,1.9446525571974773,0,train
8.932907253985022,3.9302753879735155,5.9247467926379365,8.82760458097908,1,train
9.684026703390723,4.440576955784202,1.5045239592981912,1.5421002621946043,0,train
5.635731389242726,2.3292645669295418,5.0327063719500424,4.332244710770119,0,train
1.858943991632449,5.452232700864654,5.067188407797996,8.831488295693418,0,train
8.074749754764522,1.4979978470324948,4.946744457540451,3.834730943194737,0,train
4.72519990785325,9.986522182118241,5.651700621766404,1.7419087707367762,1,train
8.63319690096826,4.363835546469208,9.217536692314086,9.582142756548444,1,train
5.316363331615708,7.016773824415923,5.886600929032175,3.6347299182752426,1,train
9.153214420822637,7.512669136768927,4.010706895195914,2.715386633605023,0,train
9.429630119947271,9.67482505883503,9.297341554874235,1.835018397862609,1,train
2.6586366601775984,1.4129137658978679,9.792034739065238,9.668482954956907,0,train
7.996812137023573,2.1488840549883768,2.386362678550243,6.767867501739517,0,train
2.2114440029922195,9.690211126527142,5.533567398090373,1.34697621026385,1,train
5.930408914894079,1.064164638403441,8.943034056896188,6.094105504813492,0,train
1.2138438215109457,8.528873334366375,2.4389404178629115,6.820262602149818,0,train
9.189973247894704,3.7769229450036406,9.652088661658455,8.196307944959255,1,train
5.700962562531906,6.703513839548104,8.690142887889188,6.386323444927133,0,train
8.761576728710171,9.954951166777194,2.25049691757605,3.6358125749728525,1,train
9.362024707488665,8.873826337937427,6.7405646714428125,5.841876761976487,1,train
4.229542065043896,1.0588400451050806,3.0059410284215846,3.837070808043866,0,train
5.1228973700368465,4.097897121558956,2.416753785794024,1.4172620805291958,1,train
1.1849876134495976,1.697636926038023,6.478103242191202,5.8138009417231675,0,train
9.726100500634463,2.652456405310715,5.392173683598866,3.4916807136835386,1,train
3.641265915566158,2.22709525848933,1.1489460737647217,3.910830881346798,0,train
2.2600939393955883,1.6178824665737004,3.9896945478873986,7.733489445198486,0,train
6.006412196163722,6.946086765710426,7.655030957372996,8.346529631228659,1,train
7.032801293754196,8.52554409470147,6.147536141048249,4.89467743850051,1,train
8.658640338299243,8.55888851111916,2.3666352482444464,7.495472625366324,1,train
9.644172114901883,1.7675415759295063,1.0485975489661898,9.793659950645193,0,train
2.0028118153983527,4.367749920184122,2.707530750849031,3.3150378757936227,0,train
3.066112015851688,5.993195220373122,8.300603372769633,8.267259919154306,1,train
7.425924792584571,9.323492308167122,2.7207671509072755,9.653596900327972,1,train
2.0310820973828267,5.267378001465334,2.889213990618645,6.360533703302519,0,train
3.15239436149405,6.834211143563007,6.5944768635875075,2.0869458061304327,1,train
1.275999720396709,4.685556697552175,1.6474442165312322,3.7472824430654934,0,train
3.899428516081696,8.410532021860021,5.205107110578007,9.793428956581359,1,train
9.01191633183521,6.638543061730234,2.350724577714864,2.4221443986321036,1,train
4.968270392438926,7.222163215439453,2.541979118822523,6.451637025228791,0,train
7.479073468546949,3.3645563334622057,1.0325365233928143,2.785181812764407,0,train
3.0537222288025867,4.308471858287984,2.7250158535814073,5.1946237905788735,0,train
5.000029549163767,2.301381865522923,8.241302894361834,4.440141416568485,0,train
3.5917156010146316,4.936317815289264,7.505406496241573,4.796170592970961,1,train
5.809906981479081,9.834531606894075,1.1579801469506894,8.456224253402155,0,train
8.480251493437098,4.592607071879323,9.381064528268833,8.028740033086017,1,train
2.127086590095431,1.470783830618652,3.899022881616121,6.951912821263438,0,train
5.294838483182066,2.9235387614466846,1.1021614850488377,9.00963180050811,0,train
7.011519821398424,7.398481944610785,3.3947619957686395,1.5856446158668334,1,train
6.549907590908925,7.218457829566959,5.272468248687021,7.769988940055572,1,train
5.995235507251714,1.4844800246646157,5.845801155847845,5.1137356937481036,0,train
6.298221387882852,4.762948040249859,3.5661662333130155,4.650323078069253,0,train
6.442049320168244,9.432156502816019,1.3523493350447002,6.128391005423399,0,train
2.3294643218024396,5.076638723565476,2.875616640742563,6.11991429941282,0,train
2.6661320966814213,3.2866700187520053,1.8325527107878137,8.926541432053249,0,train
3.7837121740220816,1.6491717676187245,1.329687163427192,6.711234125574523,0,train
7.514556518465607,9.21868274473669,2.5046433207767698,9.956226162414438,1,train
5.822330989435738,7.630976035991849,1.9976113820744228,2.7710350654983755,0,train
2.220974212211441,1.9420860273731333,4.60885635763769,8.851053470389472,0,train
1.7552551766836104,2.0220511025764583,2.0129739880613426,8.078380649973667,0,train
8.902991670089367,5.3606388777065135,1.317815941570859,9.251113166164307,0,train
7.46791524709854,9.896399552203917,3.2051733891218404,4.470824032844061,1,train
3.9185993358197146,6.500581815713594,2.9689433992052363,9.89807253344869,0,train
2.641365439751212,1.8127146491815274,6.017762250401035,7.149875899086986,0,train
8.425184944352061,3.2486631199616545,6.241595395078687,9.64817360669392,1,train
4.6259062079895825,2.676601548750199,7.685633939290683,8.977023754091082,0,train
9.036187253308675,8.069636891018272,9.869256297553198,1.1227739218039754,1,train
1.6545732868735459,5.185437425751896,6.656067364201878,5.187722698463,0,train
3.050140094192935,7.856496609989337,2.0942871066205484,6.239569614638581,0,train
4.384114499041116,1.834178476265306,3.295128204869157,6.02880834165507,0,train
4.833699007494315,4.783790155349502,7.490355333769496,9.856491795280798,1,train
9.492552650355773,8.66003917998777,6.716579051151815,8.464272591824091,1,train
6.413239076916436,3.4606469512102205,7.703762673622905,4.01955826218791,1,train
2.458369230555405,9.469377013620404,7.476383948913237,3.1672468540220984,1,train
9.616522638524902,5.395302175721571,5.502458603053425,4.029988332044535,1,train
1.0981596808677079,8.515591124754577,5.863444012331116,4.405986721755931,0,train
4.854802870715567,2.9448713897952743,5.499827668305003,1.5381085131583632,0,train
8.752294942647133,7.61523645451932,2.0773220957877516,6.013268454027834,1,train
9.404533728521207,5.525340157157085,1.5073338374481446,5.155658418163078,0,train
9.759748005849824,8.913999456863792,1.4362875514909241,8.067248521902453,1,train
4.042224965601149,6.766903930784818,9.712761926401246,3.2478800943165287,1,train
9.545259622682881,7.533042028887163,8.985787777172554,2.4096427410343266,1,train
1.0240758972481117,5.453623847386709,7.9017069987690665,3.2174667191784434,0,train
1.8367745738203038,3.6394303462052955,2.3931084985508377,8.142224585193865,0,train
1.32998074655282,9.262189143790133,1.9700934997050692,6.061426933359643,0,train
1.073357738866184,2.7989030831826516,6.432383356729054,7.119862448195762,0,train
4.157232306739942,3.004896610750399,2.7936830239505452,2.0109207826233693,0,train
7.032992790356335,7.7729904760868695,3.896578490376389,1.6884748814505008,1,train
2.6391530946119848,7.400678661325788,4.215782510002086,8.284174025293567,0,train
2.7408158278944375,5.269892049345445,8.316388429584634,5.841907224209008,0,train
4.497982773983621,8.055239184526982,3.7944955589287264,8.111657543802327,1,train
1.7892988188619268,9.669734433136192,3.5058683638266936,8.813542580813946,0,train
8.815457579662464,5.3308764254084,8.601335432652132,9.363443547711537,1,train
7.732248029378541,4.896632946530733,8.15128201983299,9.75077083860261,1,train
4.833671796680217,6.118891903453943,7.192403611870093,1.1384733749359945,1,train
4.604000151580667,1.0604354554129736,2.9883353118808107,1.8232812932854596,0,train
6.700241917254949,1.9818317755725903,2.8107809764444127,5.560138011911572,0,train
1.5680528818776898,9.294599836673582,4.617245775551998,3.6838993112835228,0,train
4.408068542356173,1.2747562823967022,1.5677806006958257,4.509067685672953,0,train
1.9694234929195105,2.247279546517844,1.6571560247463704,9.336956500705735,0,train
3.4021517153363305,6.468828342107439,5.091961116940212,6.909244721412274,0,train
4.856058458952717,2.6483085001204656,5.975249302825887,7.926446887775834,0,train
1.8890104867366428,1.6567216276123435,1.0234454830952495,7.477769407780047,0,train
5.865306615815058,8.447603295703527,5.704303631402363,3.1029036175579607,1,train
9.93887269265472,3.7890208644744563,9.239514528133167,1.8477401964637963,1,train
6.321572602973738,5.937495132631847,7.278672916481568,8.955179070199733,1,train
8.893713055870872,5.491894765133063,4.173384604926259,2.8165366295915817,1,train
9.424639813520256,2.333886138653029,1.7819526332765376,5.488091076319029,0,train
7.358368518472399,1.0422801298482804,8.568178869266264,5.8587055401024655,0,train
4.487664374199103,5.327407042055058,1.127160023321992,2.039464278966614,0,train
9.315493416044752,8.186404514236358,1.0190420197354788,8.72697995115741,0,train
3.281218235285777,3.1706498911662946,8.755522541395038,4.798709793933108,0,train
6.368287787386522,7.491354004908524,2.775956249018015,6.0853340642938045,1,train
3.7836927034422754,6.4398938683324305,2.31907722166202,8.23716410193493,0,train
7.108654117879836,4.876598646861668,1.7727734691555606,2.4280228835134987,0,train
2.019747526870731,1.3907606978452907,2.0872977849122987,8.775741532604075,0,train
4.624575838793957,4.327623957114449,3.0502158281277207,8.188909462954012,0,train
8.921481955423214,8.308804901982969,4.041715309616691,4.167388817305849,1,train
4.2445903262248645,6.316830839163586,3.6552884830528503,7.661174231364283,0,train
7.900353744895137,8.14679074342564,7.3787057829327285,1.5612202534354902,1,train
8.39086732712241,1.272537837348668,1.7836883541535151,5.831870579041098,0,train
8.20503617522064,2.3541005638366066,1.0839546735847647,6.913873797481383,0,train
6.421381793258178,5.185903663156299,6.904969286455418,6.691712754688567,1,train
1.8264576644929449,2.905813839410314,9.202763165541395,5.99765559500172,0,train
2.865042283307252,9.583958254652112,6.822107638620938,7.790395873254187,1,train
6.501657395784074,6.770086077707024,3.9872462261286943,7.362711275492462,1,train
5.591019122212494,4.577509821601707,1.830506789087903,2.5757961606941264,0,train
7.282363521059643,9.752742853991936,7.6178261113881875,2.3293376323137047,1,train
8.662493941418829,3.099942201059466,1.635734158158088,9.690618913896394,0,train
4.708498610507391,9.353829524900156,1.9355115495551118,5.268978764458733,0,train
2.7597209555209887,8.669757853330637,3.807577348103996,4.850638274911249,0,train
5.448089036714495,1.2239786998321232,6.211425885134387,7.067964907371413,0,train
6.672046572533388,1.7956504786306398,3.7422406030497144,8.454098938181835,0,train
1.3717535185556922,5.634497288707437,3.514066710835065,9.87891595443272,0,train
2.8274466981410935,3.173610689163117,2.811967630392158,4.479749368060878,0,train
9.747039396560544,9.770018320185008,4.145538555511679,5.270611023444028,0,train
5.9264421303559205,6.100218842742543,4.243181252714816,6.6608569991514806,1,train
5.404796030473088,2.4252215000736097,9.97551688496434,1.445481265725833,1,train
5.024249254236467,6.742051278840352,3.273994527920199,5.339058264849075,0,train
9.709298475180649,2.250878868689468,4.454339542835946,5.288934226610103,0,train
9.52883161991673,9.321204548716487,2.8157163890137076,8.169265101184529,1,train
9.416806612251122,6.82183003524088,8.460180955989628,8.464086445899579,1,train
4.17284583324818,2.710459160467475,3.4542109443230764,3.612768735333388,0,train
6.692177494769948,1.2024646099632634,4.426413037235664,4.5584462718797205,0,train
3.616290786634077,9.916041487386856,1.535864126237623,1.9218251931075059,0,train
6.650692676075169,3.5929883520330788,7.706846680552203,7.5603818014900925,0,train
5.696943061923535,7.524421211699248,1.9846828436920867,2.073346075872572,0,train
7.229071626881555,3.0098756878803514,5.5509870615971035,7.541968075861727,1,train
4.741571138324618,5.023599973188658,2.64916637325818,7.845394725929343,0,train
4.629773440956692,2.9956186328944425,9.942056707847604,8.94786590397467,1,train
2.7882477394723537,6.453800607800186,4.294175665909889,1.1420120496915835,0,train
8.092298443147133,2.255243855253955,7.846618517624241,7.375392096713328,1,train
9.508352913807746,2.97844617174059,2.678742889419594,4.675173524266842,0,train
8.524430334907333,8.871738061184953,3.5821876041238934,8.146847666763538,1,train
2.3977334299561184,6.560853745416219,5.760224137118213,7.19198581943659,0,train
9.70883163168239,8.368120793349458,4.392664944466814,1.3165542043978302,1,train
4.337263141518382,1.368497065048877,9.797757099978165,6.374238515079259,0,train
3.5554302580619233,8.606255607401671,8.943487487408406,6.398044014752828,1,train
5.490393313365951,3.1175002629779796,3.8984646532755316,4.658469377629913,0,train
4.3689196714987215,1.5199254108269553,7.5281111772160285,9.197259392157738,0,train
7.379996323676451,1.3720586571072055,1.295815342848658,6.789150538831738,0,train
3.1673610128122522,3.009780559273878,1.3892050937173197,7.190069774498616,0,train
5.143036556539119,4.338301096793723,1.1904035887795479,1.6414789945473107,0,train
8.780437651125444,3.5173420470471255,9.229539824091738,8.651831368084107,1,train
5.936181174742626,3.675455387313048,7.711026318807514,5.861896772326898,1,train
1.807683987427206,3.76354623576957,6.9156357489942595,1.2719387509077325,0,train
4.6803903455929765,6.765879368696859,6.280957454891636,8.188427372710407,1,train
7.820164145678956,1.096729257292056,2.303311201458253,7.419090930064601,0,train
6.541266027381885,1.999630331260394,3.388478284747699,6.016985769408226,0,train
2.1919965124251592,3.727317589016226,4.5923493731513485,7.945741242226735,0,train
5.994570330143543,2.213174892082937,7.838310209272257,6.225528638098767,0,train
3.039872435040402,4.232261767396034,6.424905800783421,9.776780379901162,0,train
6.083141469369963,5.968981745588502,8.723926992456681,3.096503146636067,1,train
6.057542636808154,6.369586033568208,4.207435362646224,3.837936771842978,1,train
5.352065883741465,6.484111290464797,5.8697038086819395,8.312399693145494,1,train
9.468397971725434,3.920479569427959,9.99156586882715,9.503980401694646,1,train
7.681947431009629,1.6676875153259583,7.123112624147516,4.1284495888659185,0,train
3.0361364767798933,4.462005632672071,4.861679536482143,4.418998600677776,0,train
5.411072689219156,6.06103328503703,8.286882915458062,2.131640012372835,1,train
9.259329932432985,6.342943818930143,4.579868857030886,7.253829772971961,0,train
5.205890279558279,8.041841577409318,1.398337333353393,3.770623960453377,0,train
6.033154117394769,7.662766960662354,8.510355587633622,5.912147027108955,1,train
9.62020892342896,8.528293053955085,9.971069629315847,6.374967777938991,1,train
2.209277340381632,1.5471608773003669,3.4215743319128644,4.291580707144091,0,train
3.1502898250052325,6.121313069835303,2.3406526133195906,2.2485433928953027,0,train
6.804481793117944,6.304434933923026,6.451742796647268,1.947889142299959,1,train
7.96014176282527,8.532017558440362,8.365195029369605,1.6608409411809588,1,train
7.39285535746993,4.583055907907677,1.3910690609708247,1.8747086815550307,0,train
8.516978239431852,3.069212635359585,8.846971016067686,6.797355361783741,1,train
3.9201164100558437,6.710669677766587,5.713486408222245,6.928251097655256,1,train
8.223341763779178,9.184238061865221,3.1529237803402332,7.421675468483855,1,train
1.0548476462564236,8.325709426243296,9.551314554876319,6.861742460691303,0,train
2.3042499705155324,9.068736898540106,1.4142459261216365,5.686215522380043,0,train
3.6356908285406537,4.095803306059183,7.922311386363133,6.212035235325788,1,train
9.348569639643136,4.324485241810293,9.196362193340466,2.954461520828921,1,train
6.868238725980964,2.6218782316485294,7.989519634252475,3.110175255518315,1,train
9.59607776162946,8.113915584075595,1.5954463370451557,5.715246586766399,1,train
4.87322549502467,3.0852813716740286,9.896784186349947,7.579901722756446,1,train
9.658674706881847,1.5618384612543657,4.222435918758998,5.661547351525735,0,train
4.2418536416047425,2.2063571102186104,9.65633024630329,8.966170365445617,0,train
3.8191040968076146,5.096027292061237,3.798427032808472,2.7076297926894854,0,train
2.8137968919187997,3.8549680401924125,5.930082463295297,8.028574587022204,0,train
9.266472866410636,7.867399505188779,3.6020011968879255,4.932347582172679,1,train
6.412285965255604,4.918211158976149,2.4022233476654615,7.111504212357547,0,train
4.5705878183092,6.5632604426267465,7.837425390453555,7.419616462415992,1,train
8.483518585856693,1.650327953460661,3.9968857302210465,7.399736973692586,0,train
2.9451979557771755,7.237481938076465,6.8382637448718135,9.726248985874864,1,train
7.001240041559046,1.304009988260298,5.735634046910177,6.61071822487383,0,train
1.5369087283363978,1.2665260450491407,1.69439241402591,5.632929592922096,0,train
4.37477632084199,4.182998307870134,2.591781478584106,9.40407317163061,0,train
4.301863172647617,3.22605489685192,6.049137467746099,3.310464049382139,0,train
9.131975228738321,6.979494281439118,4.917777519502351,1.5986435643944215,1,train
5.475934223215839,8.479619652544777,6.882487849816185,8.479074351379642,1,train
6.5223972715561125,3.6914321950171622,7.443540797216355,2.5350778973913566,1,train
7.353717049573245,2.790974433011557,3.8752923698606923,3.398808772508361,0,train
1.653566804014584,9.605156976068436,8.195470432037755,8.111251277320365,1,train
4.7906587733602,9.213143920125775,7.912830298638237,5.217067822620973,1,train
5.917178191640059,9.712022706822166,4.560521134426544,3.2508812001455687,1,train
3.892333134847277,6.517376719885449,8.9624272541082,3.793374238376982,1,train
7.6596361953790755,6.639166055725134,9.599584726679733,9.891839143043386,1,train
7.392562592078999,3.587074095837407,1.86070944061852,6.236990071427242,0,train
8.330605470772102,4.096989669890926,1.8056410274834824,9.57852825696302,0,train
8.285428918840275,3.0002244223801533,8.299023604578977,9.827747591819021,1,train
9.56047224411332,6.993938377045218,8.112162920010519,2.020041609233831,1,train
9.140000393945828,9.944099164783479,4.271140965375019,2.90583152047149,1,train
8.536683212857305,2.801740600406221,9.635955810270552,5.538062545696525,1,train
8.92666408066773,7.862253889699808,3.4931457141797106,6.6666815714319005,1,train
5.7875113404582645,1.7103696098071974,7.341480894461877,7.1254845055479255,0,train
4.047940436116583,5.781629792420067,2.2139581393144248,4.921125345183761,0,train
9.51539148840869,7.355412058850324,2.0274905458803714,3.6331110557213133,1,train
8.872401909928145,1.3618283078146864,7.761853602194587,6.107480101140036,0,train
9.70537499323305,9.860740443679173,2.2190509007596915,4.874033397920179,1,train
4.851688862643575,6.538191279833059,7.044442816467511,6.595976571282386,1,train
5.393016602609555,8.487177211196816,1.286091504014204,8.072926303166929,0,train
3.8157621870622647,2.9824299004600445,2.3105185764096468,8.583686025169063,0,train
2.695434700879233,2.9412717970927713,5.319816673283978,1.8103843625889293,0,train
2.5570886159021224,9.246357644206604,8.716849559933394,6.684717964092303,1,train
8.453251273391798,8.329881907734785,1.8763052281804211,5.07983401144533,1,train
6.132390909040633,3.454067160379967,6.515466587384231,8.969990950803957,0,train
7.871940368040199,8.70615927973402,7.020001655449802,6.404391128230923,1,train
6.314440806129158,8.907504779391669,8.485151754876888,4.420257953435719,1,train
6.367613094887705,8.1408289617505,8.479068880936271,6.888781775120813,1,train
9.232965425143139,5.2858209637484395,2.5704827413732234,9.938112191015437,1,train
6.61376517508817,9.890469428505174,7.0273618673558165,4.73870531606855,1,train
8.823471213061314,1.983779870034259,6.32962998395465,9.829708355883934,0,train
2.6317894974484974,4.356357939081535,8.180212606815429,8.176636752610872,0,train
9.130661820975428,7.0136821977532176,2.736888415068126,3.0382937958070917,1,train
8.843023229856104,4.891935533579491,8.327526195968215,1.3811497248985813,1,train
6.6826504105667786,6.022103732611465,9.529608531918893,7.121877009234343,1,train
7.367855314420165,8.713951108011395,2.557234522826805,8.210213057845014,1,train
3.213007270348013,4.5910794565703315,7.716758223205057,6.26033154707908,0,train
8.029219569933044,7.518470725856259,8.294617282597539,9.11909038528326,1,train
1.3424949483200432,1.9641995226980897,1.8261578278987969,6.001790023299423,0,train
6.910158477244734,6.414728860731083,1.7944740943082564,1.8521082551609056,0,train
4.4697373298760015,9.893681254007795,6.61173023670491,4.260261292619791,1,train
5.095491587906111,2.790865546706258,5.813924448801713,4.59218164726046,0,train
6.103588919687024,6.980658482448307,2.88179854406796,5.488902963693318,1,train
9.684351646334687,4.49316181425654,4.535911629203134,8.355760805528611,1,train
5.921707647028991,6.84167234985191,5.944385823999501,4.809340904027755,1,train
8.310875612911335,4.962729529092094,6.162756493941141,9.028471477290887,1,train
2.6414219457149413,2.88557319168492,8.11298049629712,8.486269218423043,0,train
3.2691451422801663,7.317141282478931,7.217861471473881,9.337793463463402,1,train
3.9000302419054615,9.601036168402661,5.813371866094649,2.0348344319176297,1,train
3.215433017088881,3.802369491312727,5.0084140435849465,9.883594294847065,0,train
1.472420170437934,8.711851966658855,7.264858725869192,9.99224385189232,0,train
1.1336027158887299,1.998375906883622,8.97090750585323,3.1603093856004647,0,train
5.137404405047869,9.863804259180348,2.0596491959378467,5.726449749657271,0,train
9.219311530456345,7.420392290242281,5.28093900057425,8.994669364943991,1,train
3.880847840194173,9.801219315875949,6.009528783161361,7.462229453360609,1,train
3.9432401978516385,7.438241648964979,1.52330183635637,8.11473147515977,0,train
9.6213951212134,1.7285790575555164,7.143445743334671,2.9223661615473233,1,train
1.459554949378514,4.9995682568671675,8.816142740637263,9.378053236126634,0,train
6.904118206176846,4.4372791045560085,2.7245242047192795,4.127212623006801,0,train
7.161111769663463,6.010512966496258,7.877148337055863,3.9024042074544685,1,train
1.2651482598987993,5.025229158069819,5.5511221715707375,5.74810954030786,0,train
6.625525951869751,6.688646566788799,6.3938911128438685,8.97785345317677,1,train
2.4173840059601037,8.210729197113228,7.48611533200825,1.9682011430501745,1,train
7.328172851856067,2.8436316377670265,8.494542966445543,2.6509292115719694,1,train
2.9305212060258823,6.14249656291933,4.384508515511157,9.184446190086332,0,train
3.5453638890013384,1.7628952532205264,7.509278190945699,8.442972365629247,0,train
7.934480436978208,4.140195304108529,6.919730948250893,2.4407155710910162,1,train
6.138305443995663,2.302297375907459,5.331786892280892,9.565219130899573,0,train
2.4031101101513332,5.4650753627664255,5.296365430077747,4.419133008869462,0,train
9.984455429606788,2.7570996416200115,2.5888203260220655,9.164846228521153,0,train
6.014933889339919,4.810851274444488,9.18045545743273,3.637742442117925,1,train
3.2334836474988236,6.054001500130239,9.168355366190665,1.8605160920245627,1,train
2.433218210059497,4.025685629553566,9.015625208929933,8.90729395855028,0,train
1.9947014586200285,9.030976744022173,7.163012113190101,2.000734834908789,1,train
9.279803694510452,8.0245427374162,5.632150631880257,6.230950365685212,1,train
3.06153608686177,9.658673288482097,9.671754500702173,4.5832569512047,1,train
7.776360702929725,9.809692588465458,9.047475446590152,5.6315034316866335,1,train
5.382429493308768,7.043572104849218,2.5791357128987826,5.367252673115719,0,train
8.831006273503984,1.8156307078957425,2.7858150170160094,8.705813815092087,0,train
8.440524116976858,5.767218000472043,6.129898417876756,7.193623713135402,1,train
3.7925368848585372,7.647745530132269,8.610080129996211,2.2638294240202144,1,train
3.839714263591662,9.437131770103491,7.544826448014226,9.283380950086151,1,train
8.061618706111165,8.147884060214164,9.415611883348888,2.3671765976024712,1,train
8.407729133031939,1.8254036893041679,9.460544866489343,7.155785862855015,1,train
7.49898906195583,3.7191695116366663,8.907253656038879,8.258650179078439,1,train
6.92629045290839,6.910132549975491,5.907802917440981,8.187772832515844,1,train
1.7113284775467223,5.089018837417136,8.090286909291489,6.796443170565406,0,train
3.963346747258388,9.113562058391125,6.574003740633019,8.635297810444065,1,train
7.8129917738938,4.149377657062804,4.899422781342553,1.0239055309370801,1,train
6.110201108236472,6.859756846032916,7.82114688504316,3.64806443338493,1,train
7.4461677373891835,6.822179191757845,7.646187436777689,2.9242315669790644,1,train
1.2426158988722593,5.895932807331175,7.126785082840816,8.251273866423002,0,train
3.8129644782809393,9.812930898609212,8.353613476245183,8.982768886594886,1,train
7.390395180243393,5.0354773663593235,6.825288795226414,7.592638045837718,1,train
7.462869927775577,7.292442950049948,7.993843667042781,5.677529930632274,1,train
5.294252040356134,7.491390944220259,6.028562007602391,6.920607207152681,0,train
3.339557957234142,6.789564598691747,5.064305455559613,8.989514558765567,0,train
5.067042233166235,6.429868258276502,9.066536239553928,8.41402358664423,1,train
4.75571613449646,1.2036301430379535,9.59538839285923,6.161672508135425,0,train
9.701590352031022,9.771997009038529,3.0934819605466517,6.590395461709891,1,train
2.512242525853874,7.2423178019047585,3.329877419151531,9.089333336212853,0,train
1.65448121234328,8.357682945576336,8.132514486204686,9.662005593649079,0,train
2.4259363494713995,8.181972614377365,9.607951055192027,4.534062454394932,1,train
4.270198010802357,3.678561824828821,7.61054194128794,9.924295649948826,0,train
6.879337528868182,7.526785079186485,6.479445589140665,5.617596128844165,1,train
2.1674813010245457,9.990427707593984,4.973515657104469,9.124379397991039,0,train
3.258089966315343,5.025442704059161,5.363761119805402,6.398064237937912,0,train
4.1514132229633045,8.94751440720417,4.1496026483104895,8.091801595654434,1,train
8.71150196213408,9.06737063587627,8.331861991883093,1.7682926189653199,1,train
9.027442882462934,5.842895743011428,6.910798428643518,1.5333227199431674,1,train
4.805368833633226,7.957681513359601,8.554352424875958,5.062736664941464,1,train
1.4015361464047968,8.29075793937167,4.399220789753879,1.1032489256777627,0,train
8.944351111395646,3.6965888442889874,3.1133642196615394,1.241133459740683,0,train
6.746804204044445,3.1613566037497147,3.8436631882408694,4.078690451414599,0,train
5.892494228906203,1.5883231115665688,4.292644205223684,7.216687424798753,0,train
9.20710064392987,3.295053927336011,9.76127138729848,4.8607467470978545,1,train
6.978123500355874,3.540480919189498,2.942545096458577,6.333644400465535,0,train
3.505719910012468,3.670677781429327,9.11661096486908,9.928147421887452,0,train
5.747249625141356,2.0505138232729747,4.480669564316049,1.8582275329761158,0,train
7.6372854749484995,2.472099484242427,7.127439441039287,7.23353349508319,1,train
8.202668840325913,5.869757444045528,5.569029400747131,3.9690240325933637,1,train
5.290831467118349,5.679938509623589,8.9181927179885,6.964032698238219,1,train
2.8050839803903043,6.8890988700261655,8.38084775153471,6.0691152733054885,1,train
6.387496615348788,9.585810294320291,4.544545787534911,6.179260699282936,1,train
8.754593322512605,2.9855360606260968,4.520567610908835,1.5806989162730092,1,train
6.340355066744674,1.69624348515313,8.842269148439089,5.672573768252132,0,train
2.388992463040915,2.64208203153692,6.966648933849897,1.904943002983583,0,train
8.25336870369868,3.0956060642530114,6.179691437607,4.411560991176321,1,train
8.801353581633684,7.006966555298176,2.79918240938099,7.338840580750264,1,train
3.1958020634233937,6.5031364814468695,3.542602138379226,5.712451607627168,0,train
4.990673762672789,4.934832923794692,3.0434547462753536,3.7388040105305427,0,train
6.013326466225881,1.4537827165843746,7.245984030279757,9.55453270822133,0,train
9.912806622960112,9.367573600408543,4.9670965951547545,9.440637014131275,1,train
1.161509912854775,1.9211537345211367,8.311043482170584,8.69090340163931,0,train
1.8902389729664555,8.560791296823462,1.797537652755808,2.6168281648356393,0,train
9.952545232078169,9.837168502417022,8.36846314326488,8.150737296514363,0,train
4.860818692185331,5.132532483803137,6.931330083843455,7.613094852549269,1,train
3.4260640004825786,8.57853928046653,9.653159515065715,3.7274435082929385,1,train
6.3101226051800205,3.3171132283797578,6.500384233428062,9.813039481130279,1,train
6.7475526081853,2.5040434828977283,9.040125781607207,7.789264986325355,1,train
3.6716544806549045,1.6825819846314625,3.9356670874669186,2.9227481582256676,0,train
5.501867932885186,6.468279829391877,2.542137127891481,2.995587050678579,0,train
7.583489868298718,9.515961922597766,3.6095724286752207,2.8797564363047177,1,train
8.879435413168919,4.82667895683361,8.016302365117248,2.4364497850481848,1,train
9.18183739696286,8.593729143430274,6.931237286024154,4.631408476069179,1,train
2.365011392793601,3.4052156328702416,9.324358168009047,5.254629710667885,0,train
1.5793861529746065,6.46542900978722,1.8938140552142615,6.965110111872312,0,train
8.593956330789926,1.9276632746538134,2.45566251257302,1.5059185443547827,0,train
8.827620690106343,9.991991939073818,7.32208348998443,9.119270623228484,1,train
6.205824657349328,2.778004876828824,6.316085827436746,4.317049300613064,0,train
4.452172525908838,9.249127450453182,6.410494339749508,5.7293411373383405,1,train
9.599830650404517,1.8475810953968164,1.502967683832306,7.23615489547324,0,train
8.777311220704629,4.407638907047414,9.825530326957294,5.308653421218645,1,train
7.177759908550343,6.967501198452701,6.974724079386891,7.531860317914187,1,train
4.63585654393264,5.638120478904862,6.844145161267556,6.65143559704498,1,train
4.686808441465169,2.9900073228563215,4.950596010737979,9.266451574443174,0,train
3.222882232105209,9.742656628531115,4.257187421384518,8.998430145545644,1,train
8.411924636554264,9.190910323761884,9.242289131242945,1.714538852017109,1,train
3.463187764736147,1.511463496486031,2.0340380515223964,7.698760436261811,0,train
4.172555016883885,6.26291870801795,7.643883465412596,9.793342986031703,1,train
3.184118450436948,6.198660878381063,1.9348860751713914,6.595939228321974,1,train
6.183235862514475,3.411175048647277,2.707742578165377,2.4709276072618933,0,train
6.569758378303874,3.6703166063853514,6.247439214276883,2.578427513863679,0,train
4.980709926833585,8.83811543418459,8.44042538606229,9.362211682997305,1,train
9.868869224409599,9.657321742510453,7.505293166153169,3.9324591484007034,1,train
2.4267620868188704,4.3269330219893725,2.296771037767848,5.139016150732399,0,train
1.1317080864740467,5.449338356745676,4.669512483129385,8.849737910018925,1,train
7.0269308400355275,6.343706723938659,9.227427594754133,7.68488028668954,1,train
3.7318230958613703,1.7186895805583817,9.175140329850253,4.656826098410697,0,train
3.4865976864066615,3.5621287537402573,4.251947256284557,6.842771997836746,0,train
1.8976581375192658,3.7474884327134244,6.171794328686523,6.540307954728961,0,train
7.412736053786265,8.153379063412203,5.056693421073169,5.9057640541548775,1,train
1.8985318031505471,2.2086829955256544,1.5709731762878052,4.943395021077108,0,train
8.587602743516623,3.666955249410273,2.6396019541629254,6.952178399480905,0,train
3.1350440239243618,1.7228712819360408,2.8013476212459127,3.467853958224259,1,train
1.8431448995082131,3.563976654424331,8.922203388521606,4.636265067756888,1,train
9.85727045866645,4.164781562130555,3.0599562577361983,4.948576021146486,1,train
2.21060430247892,2.8690575369422,7.028011477243813,4.700328269887482,0,train
2.2788530489918406,1.259784593325648,8.224385909444457,6.791744487327815,0,train
1.6380874427439827,2.129949413248383,2.141417308356059,3.91826538326164,0,train
7.229057411792279,1.7570795045410839,2.306175569354614,4.1499527657700055,0,train
6.260379247094554,9.981049736447565,2.8799499792419674,2.942713244322185,1,train
4.3474357016916425,6.574703335328686,6.490107507547932,9.818322183192937,1,train
4.072470630816456,1.4500764948348948,2.5301893553871087,3.755350898239313,0,train
1.3646494063650696,1.7079407501103026,5.460264437697916,1.8955512481096704,0,train
1.0446943234142976,3.098392556900645,3.8535417308383377,3.323242120945883,0,train
2.4564111230653825,8.955297432116234,1.3644136861652232,6.28511807717459,0,train
3.3341246542629537,7.452326277413563,2.8698564301857186,6.139361031935795,0,train
6.57495344085974,2.5708119962997604,7.77101685654126,2.0742672081646485,1,train
2.7565949378343384,3.2370592379405987,3.3153307636436864,1.1498178348690988,0,train
5.3630084008686545,2.608788966301991,8.591657610352373,9.603215160546606,0,train
3.579418669530617,7.890742992012795,4.173983651982407,1.3865714694370026,1,train
3.6145689237310252,6.817573349827748,7.071353500983216,4.335970046841899,0,train
5.619629613875482,5.62339132489269,6.007145337046175,9.845999082151314,1,train
8.044828094874198,5.532136484543467,1.0386206474631823,2.7481406194629683,0,train
2.5863264060495563,4.850440514711563,4.188525390633356,6.349969484546142,0,train
6.9564514424828445,6.950616815030434,5.451317645733062,3.32537391298917,1,train
9.33545847927609,5.574309179320613,5.559249491114798,7.844052246692106,1,train
5.656549765996764,3.417787568722339,4.033581759603187,5.538788482840127,0,train
1.8039345753649627,4.051788982745819,5.047471925058595,6.319755886221538,0,train
9.822644593450928,2.3277767586078397,4.032006990282638,8.095113273593405,0,train
5.718271543943449,8.893984249740448,6.145380108915953,1.3087536104961113,1,train
6.108876041210055,7.039925708937021,2.3355295544663233,9.501900038037322,0,train
1.8116538110607756,8.715349295920193,5.151224902137524,9.881000227038735,0,train
3.628742018632858,7.597241373476714,9.437164275712187,4.338148512353774,1,train
8.366387069521195,4.608785475275295,7.374797698346032,8.776448746669143,1,train
8.408918211348768,8.212593508366576,1.2545799767886234,1.9583417044677214,0,train
1.692582340197244,1.6853255072104778,8.887408710679725,4.008874264450457,0,train
5.478380177160311,2.152779996088647,8.962618680204633,9.860844040382949,0,train
6.42211996532215,9.063047195189624,4.341079567684279,2.9448283602109058,1,train
9.175367642114587,3.4970020125712162,3.087103454104559,3.1752022763823313,0,train
7.978475666426406,9.141797667197954,1.4448135802493753,6.530916698090608,0,train
8.546494463721611,6.650910082973547,4.6477413920415795,2.2629302538549316,1,train
2.619611700198644,9.586895872777893,4.332673175022676,9.505928769393705,0,train
1.8568222151497233,3.460357425177141,5.053008853350975,7.151891744493565,0,train
9.008057895764196,5.780642092915657,1.3895225266572913,2.055923599855639,0,train
7.733946925524074,2.3793177051564403,7.866971255430908,1.931471273650903,1,train
2.5821889834321956,8.014903403215659,4.362143623331229,8.070626929788288,0,train
3.272737430470269,8.421879402051857,1.3321870638878626,3.5928919095836322,0,train
9.406995569421493,7.137714702700761,5.566048888093141,5.504673999886928,1,train
8.341318032014208,8.422372539202629,5.030716905759119,8.485737444023815,1,train
4.297271625565575,5.816800989591267,8.259295901783844,6.6220054225783285,1,train
9.977577750612078,6.128311908285545,7.851005412201991,9.544438002129251,1,train
5.449326421761621,3.736087954755857,7.02120601770336,2.554619710652527,1,train
1.94351475582353,5.251660308025073,8.649428203938252,6.405119692570399,0,train
4.91314667275016,1.299979731635744,2.595458458468505,2.5181320325090737,0,train
1.9709202379607897,7.437627582078787,2.797914750048875,2.4805948470653774,0,train
5.593465242015763,8.10777320720528,3.702205725969788,8.370782483519582,1,train
1.4711500408253073,9.110711850391429,4.442974918053519,4.738574771294244,0,train
6.4376767277492695,1.9462363685009465,1.135273076449566,6.64439680075275,0,train
5.153935890067736,5.921384772717133,1.8245325128302428,1.1227735392843945,0,train
2.8934160855694593,1.1343842202661807,3.9793969320731266,1.5782535903840773,0,train
1.3222735485356862,7.110468306494731,8.557930091832057,7.861108198237564,0,train
3.917081760278359,1.1772401805205526,6.969748371074299,5.75053979839446,0,train
2.9321035545129934,3.992462323288057,6.292494048550067,2.2086389177319274,0,train
7.9997545528567855,4.439657315762949,4.2040471123028365,3.481494520952399,1,train
1.588252264581587,6.346705326774057,7.542465688911445,2.94127339312466,0,train
1.8698167385002666,9.49675349380695,9.077836899389434,8.732008965057602,1,train
3.778715914656815,3.697135648811938,8.01748099712582,6.82770342659625,0,train
5.892819832116943,5.552272891217509,8.592040437743421,3.161586291428883,1,train
3.1547312923306636,8.113586228599441,9.22022298221939,9.124681712372706,1,train
5.928283015713864,4.084177725708386,2.689562310730075,9.995566475802722,0,train
4.349831705481048,5.0210892182708236,3.589357072619546,5.423643466865377,0,train
7.6587379655937395,4.837091712738706,2.705799721008398,5.320671767038269,0,train
2.2154627943139102,5.735011627260168,2.6588632099269724,1.0614163185866117,0,train
3.1860889872883065,9.454385678475917,7.608287823832834,6.7103477215258005,1,train
6.780125842994139,8.902066161583573,4.5760315640048495,6.747018835685156,1,train
2.105636476987936,9.192830019641786,2.377208827331625,9.014287777145341,0,train
7.825498623562978,2.8500909652092115,4.682246237594548,9.406239441916691,0,train
1.2428673546464752,7.396663771187299,7.198135946343651,8.163852120170453,0,train
9.572533684686253,6.273080339380485,1.3392322284524236,8.226953454715844,0,train
6.319917623717974,7.043431950649467,3.2018447992764916,8.793249390977898,1,train
5.293717322844167,8.361418158727965,1.9187710068889472,2.672804703287532,0,train
7.562743658333181,6.2123108539861995,5.469193856451607,6.215940543612415,1,train
6.244437718690447,8.400294765444276,4.228104271307755,3.911325849201799,1,train
5.083470891716918,7.564321656724346,3.4658121160919384,4.131481627755441,1,train
6.008562321898634,4.989776262889624,3.969892089483623,8.288485162702639,0,train
6.665606851869862,8.366552833621729,2.896086259969955,2.7015878030801184,1,train
6.3844960865608105,5.861246399593632,1.9224743433313627,4.831769515594948,0,train
2.636367257310776,6.315420047358884,1.4927391745084795,9.162704881681988,1,train
2.237677582394502,9.745799845671248,6.308235754311202,5.927094319739018,1,train
1.4711479849617959,1.7777820282717869,6.6930932525098426,5.639826417288208,0,train
4.14753354837349,4.781528986085762,5.941187757194358,7.694556889786948,1,train
8.833013453345016,7.093490000259869,4.230716288644723,9.664067731802358,1,train
5.857262035572455,3.498103012420343,7.320461213977052,4.410209437243267,1,train
6.2050273940036975,8.63047836457864,5.543079240130117,8.33059753879533,1,train
6.836758690685576,6.36560261231253,3.7757033717155704,7.651542601626442,1,train
1.8120940560974383,9.042425189063305,7.41113522156782,4.930831700164242,1,train
8.962404400449387,7.746417531831716,8.846245730008617,3.0421727774997214,1,train
1.2049982757381636,1.0675424217139802,6.629833444547035,6.568417195739263,0,train
3.138711075395466,8.25412794432177,3.497707061768399,9.134230885269556,0,train
9.226746070742875,1.4713565355491243,5.874852602482759,9.579571254023433,0,train
5.805579495701284,2.205799007854898,5.362042508642091,4.533007180877734,0,train
8.883035437413149,8.041991829931696,8.775359123285558,2.106483918304889,1,train
2.1308820119672003,7.5932072141910485,7.740362693629266,4.225484728902498,1,train
7.407521801599081,9.805869659685158,5.291523957138085,8.11767864605684,1,train
6.484915634586276,4.589279675889883,2.6886808389114343,5.726317664058721,0,train
1.4332346761506132,5.555705274870659,5.678725613587301,9.727411166067697,0,train
8.289619161210497,4.311627434960047,9.74339136923521,3.709081206831499,1,train
2.9417760205789243,3.54751471508618,6.173450156379459,5.610896989699651,0,train
5.273528350475743,9.343440568675758,4.723758486987435,4.88125980552006,0,train
4.54527298247727,4.025348705674709,4.50211411095729,1.4220826171933685,0,train
2.5944405186953245,6.007062261887923,2.225074348688913,8.746504168847107,0,train
7.42993463806483,4.700205087418622,5.575192281924034,4.143799539206389,1,train
2.3405163879234063,9.747767042914225,8.334150038453092,9.614405482281468,1,train
9.66545678402493,8.857286947453836,6.7571637187664155,2.8684555823590805,1,train
9.43007721521095,7.644007499107644,8.566538270741379,5.0355593499353875,1,train
5.936127286672334,9.812468774094667,2.3265986796835976,3.7631554152407074,1,train
1.5599818642023,1.6478870143481001,4.48382488305099,8.42728639309276,0,train
5.302045074265238,8.429010214720801,2.6060100818576366,3.797247645861552,1,train
2.842417626027629,9.996343216085913,8.831981037957835,4.701385576084774,1,train
5.675605158038179,6.638073375433056,9.828163743674981,3.2324696090454195,1,train
6.609817134863333,3.2214443543491083,8.440498072674663,9.374037353624479,0,train
7.775195607947226,6.811167552020651,4.465668237230518,9.611234386977326,1,train
6.287765075521661,4.035637609967168,6.1569518012773745,6.299493020982098,1,train
6.3298489770193775,6.834280141619886,7.004445742730634,1.9626354646120734,1,train
2.882438482391531,9.208691985144762,4.590641543903782,3.643261139167241,1,train
3.469413448623682,9.026865176503161,9.256336154790372,4.000254293972381,1,train
7.331645618570595,9.169032516327636,3.7401652226468736,3.8526168408154113,1,train
4.7406015856401424,5.780520578658895,1.102447497655501,3.9878776438987726,0,train
7.875765763806536,7.157107032815044,1.3528209697838025,3.4470162620298685,0,train
3.528910857182183,7.858655101844319,3.483448251055924,6.836573525766154,0,train
1.672533552577161,3.209996630516814,7.783604069601346,3.570030656823135,0,train
2.2856113050083553,6.162445974583244,7.453862101937448,1.3804441741510542,0,train
6.7145117430034995,4.423285727637646,6.88881481853613,6.38782184536565,1,train
8.136596134597344,9.12315081556114,5.224229901129915,9.890514494547958,1,train
2.4971222962864266,7.695423220518214,9.426367515588497,5.4538366661405915,1,train
5.325382422989866,8.640057256065434,9.193434880091784,9.420914647951022,1,train
8.436100839491232,4.772262554266726,8.337937706478034,6.260580050345444,1,train
9.268726292396623,5.969010549082322,7.78021024175387,1.6070359759733241,1,train
8.361573262700016,8.034687305934312,5.529125916623098,4.825742190621821,1,train
5.436158882120847,8.410960564691681,6.011924488825177,5.257444962919518,1,train
7.303588603302418,2.1584684412826993,1.8560719145700533,9.173776520709241,0,train
1.3970393662614784,8.724382745484162,4.10181214002249,9.914085547434086,0,train
5.818011733676115,5.103361718062119,8.661890343551658,2.2465849365232415,1,train
3.8746729200599406,6.985066457258748,5.308300901470835,9.44981938631137,1,train
5.873023730866505,4.892329837499567,5.037194092652052,7.41646580933357,1,train
5.510719734275345,1.9596490172639014,3.575245991719409,7.014198610058966,0,train
4.726710161421705,8.817982797556791,6.9888982362231715,5.367725157795809,1,train
6.9981477358292485,7.927656948522055,3.803235546919729,7.208187418027046,1,train
7.199607385927149,6.096391565025023,5.921693376744569,2.1158827179242268,1,train
7.227580376393786,3.7816462626431266,3.915123712387868,9.87563610888379,0,train
9.021718623669612,8.924917696406327,4.30010162555528,8.755698803192052,1,train
3.8020602928941325,1.3941624389029807,9.556694502868812,7.450732199149846,0,train
1.1325339413070745,6.459390727178084,2.2307213727568533,2.237044192074435,0,train
7.187460426828249,4.077148935921667,5.410123572811031,5.498023264222398,1,train
7.224986870205571,4.043374541723673,8.368060026375208,4.2795810803768735,1,train
7.157699971677783,4.3484928364376625,9.54778993852274,3.630424628887764,1,train
1.1838194283176469,9.254722747543909,3.7981496719067565,5.622142201944585,0,train
4.893416132870718,1.2062272477328229,1.1912446147553646,7.009477080621643,0,train
7.660531683656268,1.8564327641620204,8.48053549414653,8.558218859520903,1,train
9.160444451647583,7.020373564439247,1.498277586708661,9.96915309227553,0,train
5.5769992220172595,8.558380236045554,2.79465946861819,3.1100613361586893,1,train
4.25324772924153,8.416466377536457,9.80859402653313,8.839359307894185,1,train
6.729175740195279,2.4180914778267795,6.100579601840041,1.2691599317842668,0,train
1.9725450860365343,6.728805688688808,4.691165957137241,9.57891977761933,0,train
8.160956411814983,4.362229748662466,9.618452707168004,3.0538954685954547,1,train
3.4967937201145762,5.8659237295119615,2.5508969016829095,7.344911732137391,0,train
8.937593441953847,5.723865283655634,6.772380174554846,2.7133574870089103,1,train
8.760492741839041,5.729606373536417,6.604402570551228,6.816734520048472,1,train
6.262669968951089,4.34591777271261,7.932517443006413,8.334330755736614,1,train
1.5985142799450185,9.948245744240474,5.662889642785207,7.505683644150636,0,train
4.7512854569121235,9.31746918786576,3.7651817631954363,5.243474637615215,1,train
6.244118197052838,1.9190516676612277,1.0403479752512608,6.0649617831853035,0,train
4.447387656284281,3.9736493596590434,8.755428741128231,1.0750827382782755,0,train
1.2069481734473748,1.4176806628358758,3.216629532722183,9.943952252233514,0,train
4.520513329012942,3.0249548267282047,1.456764581064879,2.7231878194802204,0,train
5.5889359991000624,6.097906900252749,3.9728916864107857,7.758903676710506,1,train
2.002898678743824,4.179868136890555,1.0022257265280015,8.347004242355998,0,train
3.277996578578061,4.049111628615611,1.7297998566993016,5.451395248124639,0,train
1.0026111642785076,7.319019954966342,8.070313853495804,3.5741738331687536,0,train
9.636655129379289,4.807323619229466,6.141963370649394,9.753442975624212,1,train
9.043883223190381,6.954388733536327,1.8565996529320838,6.689090508373763,0,train
7.534757858047273,5.566674294057781,8.928756989846283,7.622523701261934,0,train
1.8214719982858738,7.379753152811292,7.616631567710477,8.153220771385076,0,train
6.819085172278054,5.952154378537276,4.404462104760079,2.0881807795081624,1,train
6.95165262608554,3.3732688020431216,7.021899254428197,4.3729845176127755,1,train
7.200459485618189,9.278225295383962,7.612850189315655,1.2594943078630285,1,train
6.251652853249817,4.873149558564782,1.6751760036522452,2.941949882273057,0,train
7.232466571439498,4.916353940765874,9.016999939105073,3.7944058380864836,1,train
8.658736113984041,5.077319404642466,9.794052585529489,4.422496641548374,1,train
6.891816635877002,1.3597659889764775,7.296213196226951,6.838761282233874,0,train
7.939997592318164,5.469808185739872,7.089145854847549,9.012006279634697,1,train
9.020322584676583,5.3848194301756624,9.03167056909376,7.876040209975561,1,train
8.856402727042866,2.3025767019286603,7.676231254292621,2.784512498102263,1,train
5.542706860381553,2.994853871596779,9.868404026101475,2.385357954652267,1,train
7.019139893653619,3.59852548648065,6.48276887904985,1.9072059169219644,1,train
3.360441404915352,6.1367488528364085,8.041531433920362,3.298349865349736,1,train
3.961257612660593,2.6079415614808648,4.264101133065204,9.689498522202848,0,train
2.125745251463342,3.2897653006763066,7.546248366657357,3.8967198016914817,0,train
1.9857119864796535,8.27035614549744,3.0401849102091405,6.352595920602555,0,train
4.53403463283278,5.305830044435819,3.24938870471205,9.554492846910971,0,train
8.034434502042025,8.056522228664235,6.638297721183015,3.1509913806269547,1,train
7.190469058320215,4.246637201314654,9.244319449425191,2.584039433476846,1,train
4.551848164245248,9.184558679527942,5.818927518478608,9.712469113235015,1,train
4.38187403323622,5.4873895509331865,4.852837867558401,7.696847044269571,0,train
8.469733461679928,3.176576776868336,2.198720388589882,6.186039579736433,0,train
3.055351296150991,4.934554297829848,6.36461849746469,9.935726363511614,0,train
2.289960545940114,4.193076690828494,5.5319995992476505,7.142704016353167,0,train
1.417559528085786,7.1189845604008015,3.7426146756241527,2.952278380950917,0,train
5.23464692179112,9.343038088863628,3.901479674142001,8.084055635321036,1,train
2.478489639563388,1.6661352910801894,1.9786034315909395,6.861252508910344,0,train
1.1718222998920034,9.703214151910458,3.060268424446786,6.537833278578312,0,train
5.836157566973929,2.0118020918230286,5.309662215845324,8.52787872507129,0,train
6.983433675580443,3.3760556203701526,2.1732405526190988,4.887707550744089,0,train
2.1898292922604403,4.198225237327126,6.219073551922006,1.1039868434773066,0,train
8.726478846534265,4.994361206684357,7.899932217628314,1.4382384574008968,1,train
2.897173045915795,6.569177608587808,1.771772096118252,1.1498993307014482,0,train
9.548742742006501,9.396969457370664,2.1147534767213236,5.770100859114242,1,train
3.470260235028292,9.181262155960239,3.3320077395609617,1.4514263741224795,0,train
1.538049191143557,1.017931735210211,7.675974870994984,2.7913518556110186,0,train
7.9032151937825,1.7635367272966957,6.562667720227689,1.2007965970938816,0,train
5.61572974178135,5.272933787489487,7.579036348099683,8.715292939108732,1,train
4.310367019904552,5.520436476151698,5.844312073971739,1.717525869595725,1,train
3.3288887443632587,6.010011638717904,6.0532969718164935,9.650558982354005,1,train
4.086467174605666,5.068374529458914,3.8912455946097477,7.732879658225695,0,train
7.040280966787862,8.031356872126734,9.478680886874264,9.927002058003515,1,train
7.8145336919519135,7.235590784470942,3.6822768614143477,7.867589920582257,1,train
6.0070335852908014,7.205891857319282,6.551160722070673,7.58923910046121,1,train
2.59486428095729,3.1180864855057466,6.506392392581597,6.2806429750038655,0,train
4.9769424282678925,5.850542592973702,5.894053361651156,6.767676873265088,0,train
2.4466291302157632,8.683791288003583,1.8319900054211664,3.303770718265275,0,train
2.5902144273804293,8.027009785203186,6.663362512248096,8.664271043625472,1,train
8.984703474797302,4.8543470734138365,3.5033952584530343,5.8059707014316375,1,train
4.684562939167959,1.2554873043615447,2.605508773238737,8.218800061309766,0,train
4.8424088598264685,9.88953390387543,6.579913291768167,4.706859179306212,1,train
9.099278697422038,9.885933295995375,4.524274055338559,6.431875346758799,1,train
7.813553590634353,2.248027627599051,3.8124576036606967,5.8785174966240215,0,train
8.14935021656471,4.461613694838573,4.920321886675575,6.055885820730262,1,train
8.353592542154143,7.490674311745721,9.44779075466395,5.244236745607406,1,train
2.8336959505745645,2.1655953686913887,2.286338734826323,4.428762534916967,0,train
1.1737879779493146,5.932111597184978,7.096544884186618,5.6075271565296365,0,train
3.416227816846108,1.1902325132384566,2.126349790299292,1.6665515634351076,0,train
8.67166385671376,9.83807349971184,7.580169350557735,7.2394488142660585,1,train
9.776592038089902,3.4700007448358656,6.204005606033467,7.137166152197213,1,train
3.802624973376601,3.941658804775851,1.5309865246164893,7.341143966190732,1,train
1.4307350673283201,2.815012984627786,5.801366824082673,2.486411728589785,0,train
5.921260058530301,7.243290832079714,1.3351799726501423,8.39841791056034,0,train
5.654135787803589,6.130317952800904,1.410203627939579,4.817066308400783,0,train
1.3963364730825825,4.688827821604181,1.2479104479726544,4.384888321159977,1,train
3.6186287872518053,4.262940102893003,6.4722115374289455,1.8381166667460482,0,train
5.705282253417701,4.677345615960075,3.7686661132791395,8.658351589213988,0,train
1.2545636900616512,8.290578384243464,6.718568452506194,3.214029900522285,0,train
5.42354957978035,6.715032604056221,1.598269701078457,6.1744161558798565,0,train
9.207403317862807,7.4797452483899125,6.6319318658986735,2.6292473426692418,1,train
8.470167314540394,2.0250658668429233,2.5465646057672497,4.145816831169629,0,train
8.7999862051719,5.5382111063582515,2.0237250175475343,1.1613061943748377,0,train
1.8022209729071326,4.1083736914982065,3.5533019284686724,3.533736207987742,0,train
7.232845254586553,8.960643270420768,8.213103325272613,7.982290651060581,1,train
9.421878110744455,5.447528062205613,9.219365575332107,9.171556569219234,1,train
9.946297451841753,3.3036658707562427,6.773972551528897,1.4248895672658433,1,train
5.358157602511393,1.2074553980346945,8.956082313511722,8.93886186428131,0,train
9.69504053430367,8.256962120645635,8.404815426503713,8.245827716461072,1,train
9.155821981230186,6.395400843080072,8.16872417304577,9.133843221927178,1,train
7.489474403577519,8.733500039516844,4.430677548370128,2.2850420590112708,1,train
9.644745735449284,2.0004915504907665,7.241326087378515,4.410434753616796,1,train
1.7992812431234426,1.5739566182497682,5.603984784807098,3.4403993768263827,0,train
1.4033628810655807,7.602724272992219,7.539005158884011,3.160064538636546,0,train
5.64635301047644,1.7141534054057388,4.282311545398262,6.207887325235777,0,train
7.619494031282512,4.223493133369374,5.2058796156404865,7.367171090741294,1,train
3.891744555739539,1.6055792476956616,4.826493108032185,3.1229957390870107,0,train
2.8849936025130827,2.3891419480894647,9.073289659256595,3.140836005155601,0,train
7.584639287308407,6.844869212448199,5.6253168298485114,2.6445485330414176,1,train
9.944605553615595,1.4526371490947738,1.6602578042272753,6.802227790962005,0,train
9.531969610791844,6.6858491874467205,6.748245081980118,8.245495587740107,1,train
5.146261069755093,9.360937857294507,2.4036607559204763,9.61681028823179,0,train
5.409577690716705,7.182773242021025,2.966472121378348,9.46542177488701,0,train
4.309414673716651,3.79084814383599,2.435733390872758,7.8552126296758225,0,train
1.9673270748610252,8.568094514176686,8.815465872601896,9.93458774058281,1,train
5.2564033514942885,7.261853915499918,3.82964450452929,6.595044907487486,1,train
6.510767316025191,1.5619251020075346,2.154727066715108,9.057312306877408,0,train
5.7463993296802975,9.731275056919106,6.8147987686969715,8.419350291604525,1,train
2.0240360523842917,5.578428187490702,9.550645960865603,5.132163609965891,0,train
3.742829080365919,2.159481203643474,2.805323730815502,4.50630435043635,0,train
7.721270371689043,2.7112573263323356,8.344720440324068,8.213041041319784,1,train
6.13255410913826,9.251112400596286,9.813069474694657,9.783260164356173,1,train
8.667330819084803,2.2225877439834303,2.7348379605162596,2.382372525724652,0,train
4.860740672766216,7.523904322690582,9.41191827286409,6.855893983035939,1,train
6.729468469337796,3.941173637690164,9.361353700220352,8.621024409512458,1,train
9.42464266775743,7.883085387603433,5.654883720579734,4.813288210113633,1,train
8.840988825804757,8.097373551022846,5.118136299591854,7.428070396505443,1,train
9.28525729790492,9.811179840580015,4.991187243369274,2.991398361075283,1,train
8.666296048027728,9.261496004671173,6.768760943356354,9.32829146807182,1,train
8.782107022279408,5.888788799945541,5.41627018768514,2.7455624925081823,1,train
2.5564404110902235,5.036599331853747,9.132639791669021,1.489898936281263,0,train
2.6290202948519426,8.381557129054475,6.606659858153878,6.765285136358557,1,train
7.6654182070492185,6.98508017859036,4.47825898610048,9.179918815820338,1,train
5.289628300317295,6.747257807168704,7.937620311729448,9.291782210820807,1,train
6.272855509471695,8.170720042273468,5.131939969646411,7.196053065811067,1,train
4.032250038294613,9.24424056324226,7.0866266207702475,3.9228300614375136,1,train
1.3175661028427952,4.40180904385668,5.513979299567377,5.008588889663927,0,train
3.2007711945944974,2.6980785670917733,6.832812024071844,7.640423658494528,0,train
7.098316822393101,4.716388525450489,4.425467832022507,6.894565368959308,1,train
7.251575833578823,4.853679096173107,2.121177115766454,5.72933888894174,0,train
6.546969016580957,3.800401761733929,8.089112217852605,7.027202496966296,1,train
7.6313502506541635,5.748508383248582,6.710467283981666,4.544254114098232,1,train
7.2914482090313575,1.8535772883350798,7.746292619721203,1.0742445806088838,0,train
6.288633113155337,8.902000265244698,4.44431454154274,5.064803833086971,1,train
9.076232969393995,3.396242794942943,2.986462289659472,4.013248086883264,0,train
5.046366605557404,7.477456223836217,1.1670604698943547,7.4262058682471075,0,train
5.177548477151203,3.162255061252335,2.492393643832978,5.498551531132754,0,train
4.394554429690619,8.247227512985596,6.610901409359361,3.547405033273073,1,train
4.011995975972065,1.335337302844151,7.091017937043938,3.7226782796763165,0,train
6.875761423751806,1.509948532048504,2.507018600608684,2.5695908725577272,0,train
2.2666853424757796,9.794329191824943,6.112120771069954,6.202229546400131,1,train
8.829716977602121,3.5971091701095586,8.470971436780202,4.143497384351626,1,train
8.095758393218055,3.935965665234718,3.577110361792447,5.188795440640245,0,train
6.654117123491024,3.154067547202322,4.114357480560211,8.14157757570382,0,train
2.209145287758239,3.647161332461552,6.284088882205548,2.344324048820396,0,train
7.710586397802374,7.405620669341305,9.321144932364216,8.278955188992542,1,train
2.7215749452416627,3.2041643571683904,2.33426838124135,5.3689313741388185,0,train
2.7947318799640226,9.029728177345696,2.7019328613791913,1.031077827260083,0,train
1.0904608562351499,4.601862070136207,3.3724143783711393,7.795418722007865,0,train
5.65416549726911,5.759630815561975,4.661518878226253,8.29212446895631,1,train
2.7296635720085805,8.173669862479533,4.818552718702901,9.772182422177018,0,train
7.828869763079069,4.378370005752291,8.98006287070521,7.623909900691219,1,train
6.274521643873634,9.564999056163623,5.002762745007832,9.156732428397639,0,train
7.21452715476419,6.27992861321049,6.520449424975878,3.9881927915681734,1,train
2.3660890382319177,6.194377211732429,6.914484338089482,5.302539888619338,0,train
3.55373634164899,7.05232490111762,2.923911447672615,4.164201917360753,0,train
4.9244439355923735,6.077790389215368,6.9376630097118355,5.1457134468930175,1,train
9.703497144743155,5.014779361649884,7.072530600221336,8.584945065077367,1,train
9.98075617164857,3.6641275254314642,3.2577846160033896,2.88450745237059,1,train
8.041992503347661,7.351358926710333,3.157007534600166,3.9357169551933113,1,train
5.344465099548828,4.291512383335791,3.0687245476443956,9.233117889156572,0,train
4.069305854722168,8.871019253392934,6.495788635280151,4.885655440227753,1,train
6.544922144681297,4.231504087363115,5.988082531655663,7.0481492829286125,0,train
4.972683361428128,5.438282160264316,5.239053309415729,4.0955494015666165,1,train
3.4745396067250374,6.491891081541518,8.72743520508592,3.6880628863496505,1,train
5.275162941405473,3.0419513261365063,8.892126679633321,3.2816320170431696,1,train
5.682043231244448,1.0889694134955703,8.287386923933088,6.837631586935367,0,train
7.715493236848832,8.154790390569847,5.757732119238518,7.432192615155264,1,train
3.4631143944197613,8.577325209075688,2.2153747524955505,2.5213244140181326,0,train
3.663755282632832,7.61936697779298,4.808301845995784,6.099411262652054,0,train
4.409566746946112,2.7233092931000953,9.948994887030274,7.061898747221059,1,train
9.196696892391529,6.14163086856854,8.86937813218003,5.414138087233852,1,train
6.785804531300409,1.1482679052712887,5.2191782124408075,6.1389418972734795,0,train
6.901785103867033,9.490900121943776,5.729945042702361,7.636146128097747,1,train
6.364927647858169,8.264098203253525,8.50530501000139,4.970380614268608,1,train
1.7606370947785597,3.0578096195199564,5.201655619401146,1.8259838058554143,0,train
3.4367509848061673,1.0291842736770855,5.049114996020335,1.2250882933270748,0,train
5.8356579224717775,1.6788509706369696,2.808828992658391,1.9650249972263047,0,train
3.987664217849108,5.319724434465578,1.5385112066176745,4.686054711722806,0,train
3.3714248236265023,9.206517521905898,3.4317002626464017,7.057558288773362,0,train
4.208980476822987,4.2082607978988635,4.473783143275654,6.500219187079561,0,train
9.454631777105984,7.693765726335087,8.983244876292375,3.122818972547504,1,train
2.320986841828121,7.3773888498157,6.3064407551609,4.032359500368758,1,train
5.987232778710927,4.603720883395404,3.440794338763964,9.159444064967582,0,train
8.270658612361848,9.813435070953787,8.14649278665286,4.0211530183578335,1,train
1.7909514948613654,1.7443608460125684,6.901250475276683,6.917701414116663,0,train
1.5936963648365003,3.045158575573839,6.707637610141978,1.3430992860673676,0,train
7.855019650628013,4.93293818557215,6.092961695788357,8.879859533252894,1,train
6.949257701900752,5.930420477969459,2.018604317767604,4.177461194864598,0,train
5.071333962195128,3.8752113373279085,6.628942021015591,5.543772656814897,1,train
4.334639739615685,8.829607104999592,9.20737975068285,6.004877034501533,1,train
3.15895300334463,7.194628636574226,9.47939805024655,7.234019011207282,1,train
8.46129459381683,2.273728193224083,3.2392614396563837,4.759659266150477,0,train
7.794854829667928,9.553829006882909,5.6288557800499435,4.771284094530877,1,train
1.48716306624748,2.348237633124584,2.53393927784774,8.164040532385187,0,train
7.6295657286955585,6.295117983554249,7.453065555710162,1.991720276368844,1,train
2.622242386797044,3.426474782589982,2.7735174098637607,2.8931274629801598,0,train
1.888437033959503,7.769754747937469,5.124834053662424,9.20359596099849,0,train
7.918102305939334,4.782562688101686,7.666248609739655,7.020249634185307,1,train
5.017808553162199,2.922089852168502,2.2400642258925254,9.7278552554561,0,train
9.750584339026554,4.191115942978612,8.884118753734025,8.434543964078175,1,train
1.0908470238695185,6.621129909755038,8.99182987412791,4.074882129342651,0,train
1.7538992634130506,7.0929453863307135,8.62146563799884,7.829708632312845,0,train
2.472518436634288,9.80560377869512,5.307551826679345,2.9466639815182503,1,train
4.5082906604171615,8.483561162092109,8.044255092865415,3.881687365318415,1,train
6.607202993203551,1.4136348235214622,7.486345368341051,6.539883654069455,0,train
2.32301169939733,7.030011099259985,5.601500714486555,6.548248306164077,0,train
5.406579534357412,9.259119292347842,7.194887482695492,9.811821685577945,1,train
7.96815648327044,7.599904534114441,7.395404275734649,8.201200521424932,1,train
3.8350390328652093,4.540286801678846,6.93613578878305,4.516349219072122,1,train
5.769929289565764,1.6338900791103024,1.9639644123497848,5.673014951410418,0,train
3.857645701881524,8.929955416861674,3.5599101600347183,7.714941831778963,0,train
5.605051615257134,1.9960692784716225,7.038548029175685,6.028936240127301,0,train
7.496735097202567,8.21018480097764,8.728607405944164,9.402463714528995,1,train
5.134650604659357,3.4629945608083523,1.8476819267397795,9.819207894768269,1,train
1.6527823395323318,2.907066824074744,7.314566394788422,9.14350930885259,0,train
1.8888573195811609,5.387255627108318,3.321633952688359,6.83819021943223,0,train
2.7935494631890014,5.308715755837295,5.597880347721424,1.9664739134376725,0,train
6.608624019850383,1.570178927239437,8.659140489262015,8.241578229620176,0,train
9.7097219035943,2.554102946434895,8.897845428184846,8.872296965386642,1,train
5.370733888675889,8.806729782988116,1.822129362043029,7.247538863991536,0,train
7.795408699821149,1.0024232397135893,8.703575339389998,3.353198856608596,0,train
5.386780701203167,3.9105468157668546,7.294191034252941,1.5238926121750302,1,train
7.587830852789318,7.411513862242409,8.324895457601372,8.039013234578514,1,train
9.199785353807858,1.1053098195917441,5.21263501801894,7.023115856043008,0,train
1.0949396507389593,4.789003723104637,7.33371633544867,5.3665387215829305,0,train
7.393796862096317,1.6422715294540096,5.849306408135849,1.832432117610208,0,train
4.906995027167588,7.486026053926686,5.956086720589907,8.754552101336902,1,train
6.186837193471603,7.758196303678659,6.007603227310313,8.268086393325024,1,train
5.045322388206302,5.881838590779277,2.363040126340578,5.411436458724547,0,train
5.545570936767033,5.958958730370107,3.0831973199662186,1.926270563563493,0,train
7.870340915533502,3.250299889170199,3.8152255958192995,9.562647797581475,0,train
2.0500177090585407,9.733026795924186,9.76106149529216,6.919521581088132,1,train
5.83582388620037,2.193432014639755,4.307031421483898,1.0361334561459703,0,train
1.988184955297684,7.861413616812069,4.720482309172818,4.161327329838182,0,train
1.7664752846771232,5.652039260238872,5.04828287843522,9.79867900423823,0,train
3.9789250028013803,5.054115223927132,3.035216268457316,9.913232389250194,0,train
9.936852515167523,9.96675388003935,3.366560396780451,5.8207473601019295,1,train
7.414476487287491,2.800509889009648,6.873163558705627,8.491501777322208,1,train
3.230788467937637,9.817568473588764,4.103997795653163,2.0454397499114214,1,train
7.885482446155865,9.153286552563014,6.552874067109302,5.736550886727192,1,train
4.320703333390431,7.47776807450324,5.05672491128682,9.02616737518515,1,train
9.555270215040109,9.084764738799409,3.702497441489114,5.326217809544655,1,train
1.8341466894889997,7.740747971560893,5.978295943462423,8.901648016978788,0,train
8.42462625495845,9.922884198946202,2.8465875967860734,8.284910051305442,1,train
6.355105144857989,3.4681739866437256,9.567816694314942,4.61391316680524,1,train
6.467665579695618,3.1141000659754683,5.074774272324872,3.508300107385673,0,train
7.034699946763257,7.9324643196100215,8.17884513902599,9.034620463065199,1,train
1.6018081400486948,2.816434324913031,1.2360187168704138,1.3907779104142537,0,train
8.383775709912811,4.311499844258847,7.821605608966838,1.0130530315471409,1,train
9.158145379793881,8.605271852213004,9.72583609833857,4.746581182727273,1,train
8.778717828944563,9.841530507637117,6.594031067823117,2.4686121164819466,0,train
4.28094914576347,2.054584473228789,4.8325021992989585,3.721067894007572,0,train
8.998186282814455,3.226695024419129,1.3436392322540762,9.704926421584949,0,train
6.022250973149896,3.385374711103587,8.59603092022108,6.521473688645575,1,train
1.9832387496979176,4.01687512114299,5.076961814340522,1.4248952164279864,0,train
7.360176106792775,3.351119121832931,5.525188414765944,7.573073084374605,1,train
2.1372847244612356,3.5810648767112214,1.0793256640791986,9.577493760137672,0,train
5.00262182835166,8.532378258591145,4.510108434041006,8.88066693630109,1,train
7.206273045996095,1.3839319402005064,1.4524825727565844,5.420715552705975,0,train
8.912304576459022,8.889471271067327,2.1599294828232125,9.38035174773552,1,train
7.724503575070582,6.483719114691793,7.4599320987265,7.025520288812938,1,train
9.379458669053966,4.857138223418846,2.8389785728489816,3.42146247115093,1,train
9.35316332039701,3.126781617577549,8.977530047167562,4.729067007999663,1,train
5.588011199009587,6.15112933975284,8.252705368944682,4.1637842130529625,1,train
7.347357641058398,2.8985178327259384,3.640544955516014,5.2023562657125595,0,train
3.450025387797657,9.819092560596022,4.798993899830739,6.558409411664648,1,train
6.85944856696125,1.4495097380082749,6.138595768629241,5.080038228581133,0,train
9.311867983480441,2.5190490532291467,8.441981863909131,5.382835478234711,1,train
4.4504487770764145,1.7279598938979945,6.898156261304686,2.30650963420337,0,train
1.194984028983657,7.390417387481261,7.5870143150301,9.866485145883528,0,train
7.727725153239954,8.584059558227747,2.508140009172406,9.583371112658755,1,train
7.506127560221796,6.14424083259912,2.267390334685356,4.2229864563766695,0,train
9.089749151194699,6.855227523025783,5.786632574081087,9.46011298271942,1,train
3.8263575699181502,6.438114079508159,2.979070664838667,1.7690551808137132,0,train
1.909992853336967,9.66136511947769,2.2186040389689,3.644332313612577,0,train
5.6680589642406884,4.495429972601659,3.7792749594651895,8.53393974840639,0,train
7.988892046839406,4.499423195957313,5.449474977168942,8.33043901577707,1,train
8.243865199666725,9.029958746698352,4.777424022680842,3.684782406589786,1,train
5.872112216548914,8.83659225906116,4.666668783762395,5.7547203515462995,1,train
7.851170883147244,3.8551124207620413,1.4420842506419698,2.1073621304601295,0,train
9.496560002023191,2.9315837062904846,2.9341303237018845,1.3957174313986829,0,train
9.430536926711678,6.187033258423147,4.253056199025291,7.323883613854563,1,train
4.689668491809554,2.5057855609284534,6.663478224197533,5.907457585008504,0,train
9.442976162411973,4.53955610347047,6.097950585332834,2.6112265025174795,1,train
1.2210426084000692,8.245338100982055,9.172120130414715,4.014892733049429,0,train
5.652475415829444,7.738081106531556,8.164182917521467,8.080758246108884,1,train
1.725202843737882,3.892261541223432,1.7110399476463796,3.0541939751696097,0,train
9.30635949215106,8.992683208153077,7.893954903429912,5.31431410624447,1,train
2.1915302401615238,8.705230995559004,7.493578631340844,9.829899960048955,1,train
8.796294486973029,5.52578337336921,9.912578225889698,8.7872060198217,1,train
8.69765405151503,7.819441492226725,6.5424438174667054,2.066891533143836,1,train
3.900518997812773,8.174650074634055,4.501116319220459,9.210205699439374,1,train
4.698152503154431,6.127770395345001,9.191968746554235,9.805553233392299,1,train
9.989726087445987,8.745360237047532,5.7219991349015356,6.025659250268699,1,train
9.034501701538499,1.482801439923348,5.347843407902057,5.731199908487701,0,train
1.1275254829979457,2.675234696250419,8.880143455923658,7.692785195885192,0,train
9.237784900178927,3.8902390543138314,5.43237786346065,8.91880108078099,1,train
5.667277163410692,5.338705627368628,3.0567183467195194,5.552689224642345,0,train
6.755577913029015,1.3876515008563428,3.7182014711797136,2.639430983624947,0,train
9.111008687056252,4.717859774442736,5.7977013659864225,1.7287632337065557,1,train
4.953890963865383,7.222300437435308,3.9590379696616824,6.513951032225367,1,train
1.2210051747848556,3.4355423560963874,6.799059068950872,8.741713431312256,0,train
7.751676717952171,5.939773017658347,6.176342512366591,1.7547545150205748,0,train
9.22733849736821,4.997550694791826,6.075698940592385,9.964881543564555,1,train
9.951497241931486,9.799651456031558,9.40257405639389,3.1825869515502485,1,train
7.466550278634469,2.0095544649704524,2.412423746345739,5.79457633333918,0,train
4.826927001429856,2.045457210700248,2.4535627723810727,5.118745231356726,0,train
2.3082223746781496,9.924619488655427,5.830301997459494,2.9589245672352185,1,train
4.645491859021196,1.5679427669807753,9.644189576296542,4.692124266719432,0,train
9.666824475013588,7.235070005337819,4.576948807075519,4.425479087353302,1,train
9.929172410340017,7.132622705952025,4.667448993705772,5.00519666053474,1,train
7.873578119335324,7.42462415327534,7.2164650428906185,4.987467749434257,1,train
7.183400825644826,8.438146530628021,7.470416096329276,1.8971391987565385,1,train
5.934889623052855,2.042621591059461,8.080194542606165,3.0964317680651483,0,train
2.915098765562835,5.1843723097474115,1.0568144388677239,4.21941466969647,0,train
7.951624194618814,9.673947655574322,6.7721245241729155,5.806074408758779,1,train
3.63451744056197,1.2021337044126619,9.6870112327918,3.7223256519401664,0,train
1.9541681505518533,4.343978825433769,2.588825887068081,4.960506842290559,0,train
4.627481414930115,1.5855931575086228,4.619621210289146,8.699414862474818,0,train
3.0394634343083573,8.61826090301049,4.308961432731339,8.924432075671856,0,train
1.6513212393620733,3.511621191328596,8.110295491404546,6.891665632651998,0,train
2.738145175789123,2.034523656174689,3.513640321811768,6.200660470113355,0,train
9.645251830458456,2.351347298007894,1.1309318829775554,8.534529442304617,0,train
6.667116357752223,7.748374011328991,8.94904053468603,5.257721076313716,1,train
5.324833972047893,4.942877993835825,3.995053580656792,4.264781430799822,0,train
9.676752430556135,1.763350968190031,9.947877411840807,4.894176422288721,1,train
8.921840989936742,4.963899388669535,9.362399500583294,7.121910512064469,1,train
6.7618544780178995,9.00052115628184,1.6611431713210865,2.7469883575493594,1,train
1.4977880820326428,1.7505394009122384,6.447365711259268,4.121995328626003,0,train
3.427770339042407,9.573605391079033,8.479342641514897,8.96922496870893,1,train
6.5261447474583045,9.393163698668983,2.55381790725756,8.433170788846121,1,train
4.733296384496188,6.746223386734296,1.000809500814982,1.0594708647997517,0,train
3.942096889425467,1.1151318805289014,1.1771336982599276,5.564622009443422,0,train
3.006935944617055,7.595129060298712,7.310385384806887,8.700593969255637,1,train
6.33651681067151,3.082485243806101,9.956767496543796,3.8923403332956443,1,train
5.996266341573134,4.324929894829912,4.863934451018807,6.9994041116033765,1,train
5.777497839447896,9.223570876909665,1.1771545383830468,3.953962693904414,0,train
8.056507544461905,1.7782547082783227,3.336116145898339,2.36997629570166,0,train
1.1844204182442943,8.962809755418682,4.894308214937622,3.069402994443825,0,train
9.868836512837593,1.5837070359548568,2.7576134093066176,9.706975133320404,0,train
4.67779449532666,8.501022581202417,7.32953150614067,4.037209351977707,1,train
4.757072193105577,3.684656784973233,6.889516734902361,6.735337951939419,1,train
3.9992815089916034,2.701501776741146,3.8020072566766387,3.022842278088662,0,train
7.276298304603799,7.570212496161799,9.21106605226254,1.8981459797907032,1,train
9.463433454335009,5.544830661087817,8.99488162244568,8.562480541371741,1,train
1.0868748053923825,8.062917255198961,1.5915520066609659,5.203754444365957,0,train
2.075664400307183,9.253941095009145,6.058635028402426,2.7615931678639107,1,train
4.2282701780514405,1.3861090617452905,1.150611374872883,3.6508074514894133,0,train
3.248381832734144,1.0161797569704136,6.783059086163044,2.212284713225463,0,train
6.628663867521303,1.8245126629660926,4.178176783698136,4.929039668248341,0,train
7.690901402242374,9.533323109914877,8.93727097686476,1.760448318256882,1,train
6.654450473320709,2.676135474694592,1.3993769839176087,3.410532056914656,0,train
2.692341435526088,7.265873704124827,7.458814884897766,2.792128670005318,1,train
6.070981135522282,6.049262226200911,6.213413961687123,2.080799309038956,1,train
1.672473425279828,6.743589466439365,4.977993081231631,1.792063393053723,1,train
7.922042053654228,9.015823626447549,3.5019932804093092,1.5325740478520644,1,train
7.912815651518213,5.546973104238947,7.637541382779969,7.09393173113498,1,train
9.45371371449157,6.066596376031341,1.1462186877753797,1.5713951439518088,0,train
5.483041421599142,7.107920329513639,5.189475478459821,1.7727555373465298,1,train
9.659272056210224,5.349001601608717,6.315826009007686,4.664534147095662,1,train
7.81614937983749,7.051938922480253,3.7195218912729198,7.898792326129204,1,train
7.220676668480844,9.683412876867477,2.6709470512708386,7.0463174824387975,1,train
1.709958445933817,7.948366372391917,7.987883545735096,3.4867667567324236,1,train
8.932455269744619,1.0309636067080241,3.4660726680578504,4.984095639764343,0,train
3.3129117187461556,8.11870338698171,7.557125300234736,5.043004112405865,1,train
2.754714625270824,6.5923046582400495,7.213696884840393,6.832063140060065,1,train
9.1027496240168,1.918460814452596,8.049199698860257,1.3205299801238688,1,train
3.82783055301021,4.807274826470682,9.8234603876241,4.427934951586498,1,train
2.2539317084616135,7.209827263048753,4.915521468369015,8.149837463957219,0,train
8.934362453046091,7.6642013962007285,9.138029579941461,1.92374778391244,1,train
6.644533491573948,2.57235042576513,3.0249866467518767,2.277324816211549,0,train
4.386045299092606,1.3754905455327058,5.904501399943986,6.686208715695078,0,train
9.434155121891896,4.4418191504472055,8.063455633017824,5.559896789246255,1,train
4.589692925192129,7.511694111206864,7.159883672954274,7.497483420468388,1,train
4.717080820522259,6.939113494568273,3.894590686787734,9.844898455155018,1,train
4.929014301908831,8.712830197689467,8.51857730010396,6.245991901639314,1,train
4.182361664457572,4.848650383989611,8.924669375180565,6.937166817469693,1,train
8.588755917606528,1.5501050179675901,8.725806923025715,1.9784073362732038,1,train
5.078807833895224,5.834048113106839,2.6444876447080685,7.646017594728257,0,train
6.917821542819266,8.2676078292981,6.717961847908812,9.696485647611993,1,train
5.631478001999776,3.741699252779495,5.12263644916577,6.9031043803199195,0,train
1.0997792158545856,1.0954365292055228,8.53327997696773,7.595867604898324,0,train
3.4591730760409023,5.331698851039756,7.927124107056249,3.5480164211055243,1,train
6.794500768218493,3.404544035794195,8.54809849520477,6.995391783545879,1,train
7.96959908206994,3.6543493466603447,2.3997121375947383,2.259647806779128,1,train
5.562356654397971,7.618512046301723,2.433356032636417,4.220837482449673,0,train
5.174190497725974,1.1433186800586015,6.814867213846926,5.360266019509863,0,train
6.921177032818908,4.149531621962738,3.793194451202706,1.7468077044032517,0,train
2.19234238667047,5.217030688450767,9.029276959346276,1.7146469085217302,0,train
3.8603991839582767,3.2669612328131645,6.1696920424379424,9.421355112406962,0,train
7.4178344292387,8.32607975801637,8.706536495858291,6.2031622063626,1,train
8.208363414306024,5.004199398225506,4.075687494973298,6.814107428845667,1,train
2.2443292561002477,9.783196859484926,6.3739491357738265,8.712840941101359,1,train
8.165859812660244,6.368188850577931,2.9089518132320142,2.3384275070153326,1,train
8.392775614827134,1.2082865107104743,4.330832374648722,2.149632223239558,0,train
8.942215340678203,9.909144671598268,1.1544924519910982,7.540701409937372,0,train
3.8344800576390226,2.2353363866197875,3.1383050753139528,5.592761535249883,0,train
3.4116429177763483,3.1627312689518545,3.452454590916519,7.108791095455471,0,train
4.457250119202065,6.297600558791448,6.807126204612587,2.855041211705146,1,train
3.030576480916444,5.461325829353879,1.2383513670206674,7.6850859420656725,0,train
7.226430570710045,2.494632400609054,3.1754667281725264,4.352885316555076,0,train
7.828977655770498,4.004613843927116,2.0795019509912103,9.791492540256828,0,train
6.769953442100346,5.439877006577901,6.551728825599689,2.2786658602817114,1,train
4.973327553950492,2.9120760027232286,3.783177142320522,9.535266107041812,0,train
8.930163039218524,4.664159215131756,6.022786119447063,6.200027496817697,1,train
9.813285205228151,2.5754844719795233,2.226414679360395,5.907690167069917,0,train
3.7780345105963815,1.3856849959801463,5.188810394891752,2.599529744312406,0,train
6.73109291418619,1.465241017447053,7.349265135266642,8.224939640639338,0,train
3.7689019357221207,2.8272407213567687,4.165645710212042,6.3861941998279095,0,train
1.17433261910837,7.807964339383825,7.596704490840155,7.853063092030562,0,train
2.5810847411691524,3.49323187433497,9.790180946109563,4.004507478551422,0,train
5.389724848882012,3.4339167330703892,9.14648028472822,7.909106481801891,1,train
9.28872268058886,3.424387875103913,1.1965996647692227,6.057789849159506,0,train
7.0404885173714735,8.094171205006774,8.193829824088555,9.93984767171803,1,train
8.890598922372694,7.117055680034454,4.246392233359761,8.211038836139396,1,train
6.670701658896272,7.068983938148747,3.0464403932876767,5.590276664958638,1,train
6.922321506023088,6.005212111106681,4.8072134581441155,8.424130277556982,1,train
4.091710174395066,1.8037291637974913,7.349267157660765,8.876128115291781,0,train
4.234725277848005,8.820214366629672,6.612698035419542,8.999195146553896,1,train
4.173585295273154,4.593263981332457,1.2168100639253305,9.468776453465013,0,train
3.284349906480463,5.383734776424663,7.5335771404055905,2.6147765661393403,1,train
4.713978417908365,5.886116005859019,2.3242230526139416,2.238145529397257,0,train
9.02541541552343,7.3241670874230875,5.29762343137019,3.43622941328466,1,train
2.036663271692271,1.1842462358576682,9.654949415371249,5.042079909039511,0,train
4.327014552182049,7.0028545066099985,9.092626436951237,4.624805650263142,1,train
1.2798874041766797,4.710452457211307,1.052184160473101,3.958221807226269,0,train
3.8887943940343463,5.00227168202613,1.7697987705120766,6.98214315762365,0,train
4.988818350086003,7.9381186644411965,8.056658672030323,5.294327291314525,1,train
7.069925840122342,4.94474609910614,2.8830740171012676,4.686303843852583,0,train
4.8689587692288185,9.663319433709477,2.2670585236096983,3.0406354077323234,0,train
5.841131902457435,8.815026860402051,6.5133082844723225,7.73939016891679,1,train
5.622271665045586,3.3402370733100595,8.01988589783534,9.464282251845711,1,train
9.917650096863648,7.6931265915353055,2.835630189057109,4.1149406527238614,1,train
9.504458505229522,5.086585737256514,3.208316780108977,8.689757193076119,1,train
9.035215208311346,7.008720143801918,3.175141395715848,8.186156304107612,1,train
1.549155720436389,5.422303725253518,8.044404937191256,5.858088251173946,0,train
4.4775070986002925,1.9677107066144686,6.461664046179109,1.4281369222169706,0,train
5.169877257888235,4.357371674467419,2.7525835750301804,4.650529478303814,0,train
2.728273684451707,1.4204705709922831,1.136331611214287,7.741790625265469,0,train
9.860421525538033,6.143543896101947,5.600506083058238,9.069912961053843,1,train
5.209140113852397,3.0413099914345523,4.501020031458227,6.2251348401306705,0,train
1.9401755259042512,4.5766113954785865,9.708483418273516,3.2875592001017626,0,train
2.6026176391006226,7.951905220163623,2.9389491225134403,4.906175768312672,0,train
1.2778582059084553,2.3167296785199403,3.6224220383408747,2.0045425588570236,0,train
5.448647507622486,8.217756980439871,5.276949263426154,4.237058019612003,1,train
8.240869000793442,8.518196359849348,8.815002993226177,7.603192280956009,1,train
1.7389506973447277,5.2677355717352965,2.092362414178866,9.543413953971957,0,train
3.4392106543590315,1.1962185741419389,2.5620502414148327,6.250226436902876,0,train
6.8504235662402095,5.071799440811651,3.888786684317984,5.782780309744622,1,train
4.474202805822253,7.758829355597569,5.412718137310211,3.50064619656031,1,train
5.575830801074781,2.3583604411992503,1.7704937694258183,1.9188069157130152,1,train
1.6466810501468654,4.963039379818359,9.594107734142401,9.06850698087905,0,train
9.778425648062274,8.926416677232595,8.97298276865655,7.662321316505426,1,train
2.6480356450636098,7.5014448890655565,5.325587385029394,1.9733106714580737,0,train
7.762061740670629,3.2775020788847096,6.016445341080175,9.064299198564743,1,train
9.16071868927578,2.8693963288886266,7.7281757399957005,1.7773979929918324,1,train
3.3545667143789473,7.6776614462370825,1.0990007694250177,9.79416862311498,0,train
9.95070601654131,6.488152726284639,4.693079021676481,4.639189458106686,1,train
1.0051006331992736,9.863037426296131,2.2403387965525776,9.918069560999854,0,train
2.9579447015735156,8.337510402641248,9.133642287979223,6.571238155457857,1,train
7.478352828599144,6.544299197708749,3.789777160243843,8.59940629582863,1,train
5.336846070133454,8.600441839095321,2.838995052540062,2.0711489047472034,1,train
4.989480943309445,3.395564354088915,2.2247267676707914,1.9160164863059213,0,train
2.9271696971085963,7.3323360376496565,8.580622897165242,8.308535285683169,1,train
8.090718851444553,1.6374249700564316,8.55855756543311,6.799386028365862,1,train
3.548504558864961,4.7727064449844345,5.782251201433867,2.919405502497643,0,train
4.864028887792401,3.925922894533896,9.280305470891848,7.142413027987674,1,train
5.536209281846618,8.544537089682365,6.736578006184216,7.698177416177718,1,train
8.764456959957874,3.8493235846047584,3.8164482883880027,2.683513453855067,1,train
5.211111719201305,5.365309170916177,9.007077626340799,5.4616418714793955,1,train
6.642552383275823,4.590775643875657,8.60207730010232,5.954463043063573,1,train
5.760612040447211,2.3646986987904706,4.887792382679045,4.198234288737017,0,train
6.234017923162254,1.5875278759356797,2.7529588589266623,7.097566332726457,0,train
8.858416140039052,3.355865850863499,8.656137453871462,2.6840979859452627,1,train
4.312757041324142,9.046116136032385,4.86142589785864,2.6669790056420086,1,train
1.267940284095277,4.418548062868132,5.900294396845622,4.372793889388781,0,train
5.513394538252914,9.115288095601615,5.152180749695521,6.674467650632722,1,train
7.665625901175593,7.9944436638949234,2.769254801859379,9.180269962909017,1,train
9.854061135748086,9.532279678043286,8.124551420365684,2.4021773792564183,1,train
4.813406848221669,1.914760880138075,3.38291230083909,6.022207463951175,0,train
1.9862922854255773,9.631037710110894,3.900055291664122,9.87558296946247,0,train
6.026060876820171,9.470009388579498,6.966211258098989,3.201395714440724,1,train
9.546429564166916,4.236081735052975,1.616853968648694,6.1743092448030374,0,train
3.966355463148973,6.537072751486995,2.8254695039499604,9.423245380772022,0,train
5.5271611182748925,5.3989872327289445,3.827700911825196,4.637326938532777,0,train
1.8928077812429747,5.352092630913335,3.8789710749503077,9.389621209910107,0,train
6.377103843419269,8.508551520399557,2.7785333561353642,6.203166999763228,1,train
8.015231716147722,4.550759622283021,9.31233924964655,1.382435831873055,1,train
1.2436976700476408,3.652499368169172,9.826972836236223,3.1577669054797832,0,train
4.616255329999388,2.54437175392975,7.049315337326645,3.3612850681058397,0,train
8.777304669997514,2.8560800020287656,2.5645642508219995,5.102742309715621,0,train
3.230655892952535,6.648800556002814,9.83524837355097,9.356438495897967,1,train
8.647443343253341,9.760697658336698,9.048596491289285,2.6894942972330167,1,train
7.684338316317786,9.578485233687797,1.3039654665889255,1.1444672713614072,0,train
7.213335360725355,8.529592619908016,8.249159345199903,7.9882819165055645,1,train
8.86873138085221,3.224732443592162,8.411158907163667,9.035475876844384,1,train
9.42273848733438,7.220024042702852,1.6163933443506586,9.672321418083088,0,train
4.86457438585318,4.935976485894841,4.569961165005393,8.07054057026584,0,train
6.902458698999606,5.441675056495108,7.333164334493868,4.795621867101911,1,train
2.902745368727272,1.3737724748737845,8.594680132964386,7.034077141734384,0,train
4.775821974089831,2.8100284012789016,4.102607130459726,8.456441875003689,0,train
2.3495189558572718,1.0869297556513917,3.4426645258744575,2.621808359431968,0,train
6.695921034909588,3.5648514917304954,7.646057841246845,4.847854448654502,1,train
7.381369589961015,9.208709128906067,4.848635876684421,6.02386571050744,1,train
6.794364682592182,2.76873673396674,3.6624473522778715,1.1420960439145704,0,train
1.0947100006322392,7.373584986007872,2.5136646870023514,6.23794792628709,0,train
7.86454848531931,5.848834744015698,3.7836389106975026,3.4451514335455755,1,train
7.001484877520561,3.492235923650724,1.074733631839573,3.6634511907364633,0,train
1.3815811580349067,5.6209176277091295,3.5331419570923277,3.284556993975781,0,train
3.11658800065564,8.029997631050449,9.59402872207396,2.2225034943362827,1,train
7.3804444487788965,5.907401833729817,6.698963725819079,3.5224418594189952,1,train
4.05244583376696,8.065141784757458,3.6103813906802817,4.763846780317746,1,train
8.04511832953199,7.31336201031053,5.130024606138382,8.013111057082975,1,train
4.625969541348521,6.498359979447771,1.3563877907503574,8.916398553246188,0,train
2.2278886729892373,2.907918800651059,7.03383287569438,9.040014922912786,0,train
1.865131635410766,9.797135252025868,2.401624102120927,9.21137300792038,0,train
1.7543393089727044,5.863044834433755,2.2802008102747626,2.632469525958707,0,train
5.973439588813973,8.312968504165298,6.494425917682735,9.909536266123268,1,train
8.017930091478288,8.750773786426233,8.776476993827735,2.2573726528953184,1,train
7.713383774273408,1.8652830634578585,8.04046767791695,5.513711729098294,1,train
4.251217132708865,8.188297189615618,4.54292391830448,5.329663003023616,1,train
5.789172201383261,2.8677129803548356,4.096720498828821,1.441409601097762,0,train
1.2247559445995782,9.104239316763854,2.0230888961821485,4.490814616136868,0,train
1.8468096387904138,1.0198801134735658,6.837583103137054,6.522485852207889,0,train
6.217241954626392,2.7510466002655924,5.471348819847817,2.084857602141331,0,train
2.599812316524926,5.385019835552734,2.327432377078585,6.412680226394005,0,train
7.328336844238443,5.76496343127345,4.15577666644587,8.564356541953757,1,train
6.454970155551142,4.841435961741178,3.885667245420724,4.6284827170362615,1,train
3.929665519869232,5.570455185690523,9.667832899635162,1.065647844627693,1,train
9.841479650158762,9.549867370448526,9.213625673545886,2.7620874667227193,1,train
1.4420186183555932,9.990384086041942,6.92791502234502,8.996777327803558,0,train
4.6046581497394214,1.7310403049161234,6.725307402928,3.77551459401458,1,train
4.951348415534367,8.979786008659193,5.3535016575401455,1.2217448281090375,1,train
4.412108793401362,3.47512944370754,4.727330072334126,3.9599313198116755,0,train
3.3045266620931977,1.8821210780326858,1.525836000520445,6.159047657138105,0,train
9.674438600028076,2.970660325923106,7.708672834796613,3.6878759331703868,1,train
5.392516399634911,7.700792300027578,2.7401571285937445,2.354397229944495,1,train
3.0902570036812147,3.6726084462208495,3.811492022899613,1.22088936546225,0,train
1.0887560884715497,6.548975215630324,9.872736935693702,1.7655502916478512,0,train
6.2901019829733,4.621307870201173,1.8995306960950014,1.4686889233502536,0,train
1.7428164541729614,1.6363164857202188,9.657256827132251,5.9955650808299215,1,train
7.045023410284849,5.46696722384493,8.01821469191287,4.876225218371138,1,train
6.006150992386289,5.071702828305427,6.955200640804393,2.1916562362519927,1,train
2.9482585319215087,7.575279975704814,5.186126361516452,6.917997973680095,0,train
7.674971596808186,3.367214374693369,7.4629211277059095,2.1712680432347984,1,train
1.1251112947885347,6.41393219731743,2.674136839859842,8.44000387048633,0,train
1.1248721594438336,3.1106830145000783,1.8765852378076868,6.77290297364582,0,train
9.679968654033491,4.905730695831233,1.5128954246684392,9.504129556873597,0,train
2.111062389690583,7.84678730320948,3.881258260423325,9.400421034415222,0,train
2.5694385133389055,5.685697920620995,5.913427232559093,9.692977541398458,0,train
7.425470488836656,7.540244950503245,6.988396439758088,2.9538435400409067,1,train
4.3748595634181795,6.935393586602191,9.886873037320493,4.988852521586599,1,train
3.669232439780951,5.220586199095044,3.2859527222506886,2.7778190067455073,0,train
2.008050060264085,9.375843463287127,5.449090980978175,8.754187793685913,0,train
8.872206844542948,3.477503004808162,4.757925755180018,5.992397262098733,1,train
4.483005379114492,4.775144108660205,8.510246045650188,3.4181622255079054,1,train
2.312652710203428,4.988675242974168,9.734601591907408,4.485183674947081,0,train
7.814938210592206,4.299190030874909,2.4740121834334605,8.835062858017697,0,train
7.127594559979772,6.12478759590888,5.016610024027194,5.6580551387354605,1,train
3.885123526735474,2.8429744767555265,7.732912504661887,7.3063342957478365,0,train
6.456830609190718,7.1253234647373285,5.83318447901377,9.544215251954487,1,train
2.3703149607117178,6.788893248675282,4.785201785796005,1.385128511495989,0,train
5.843786142562498,9.688636774764317,9.423300849826099,6.571508518698507,1,train
4.913195550873384,9.568505141899866,6.624008163829165,5.996928773476605,1,train
5.868994395709217,4.916209349476979,9.817910558792407,4.1332943870838985,1,train
9.6953999498572,6.8383100667245165,4.905379031611438,1.216674026547436,1,train
3.7904275264841,5.2516501287694775,9.12189428542529,5.729290078937223,1,train
6.073892635739976,9.868657948609972,8.106524410506129,9.757612534711766,1,train
7.555190120366462,3.405958613216205,6.095029776168712,7.43497073533735,1,train
2.7983075233114003,4.099754294753655,1.1157193109248627,4.68165049262193,0,train
1.2449931575389885,1.6412443957312213,5.384283106310004,7.028447216922127,0,train
9.722594779574209,1.0975882460713775,9.671351998073762,5.228745360216874,0,train
5.761048408924401,9.34549196625651,6.131964093536536,7.3772140317524535,1,train
5.75038513367363,4.565373216242731,2.101118352723546,7.767303402979924,0,train
7.083923898655824,8.492667758482956,9.073113986591842,8.288298053103652,1,train
3.371605859018022,6.77266212632833,4.316338817160727,4.8141606008835645,0,train
8.041860945461542,5.66952020323445,6.004133280095856,5.455476795183271,1,train
6.022643655978333,5.462687116273516,4.883646285189931,9.021590964418584,1,train
7.5262850013767135,6.279090402691664,4.016102791205995,7.159308910645389,1,train
2.3692853594838374,6.486774899082648,1.0632462101356923,5.099475623017141,0,train
9.787555390881655,4.5274747056195315,7.079047136967455,9.947834637308585,1,train
3.8233359053044365,2.227732225469882,2.5352216829376726,1.3493475213881987,0,train
7.4415868922824995,7.942453788889963,2.77547588994829,6.33845544675798,1,train
1.0738033426055102,2.801026162099187,9.84208909735204,5.398893866338079,0,train
8.361743562163705,8.442733282470725,3.904526871816947,2.0498803418600975,1,train
7.254348121504477,6.52485315447829,2.3542277493563115,4.755004527326918,0,train
7.351546820698241,9.759488556113965,3.7879099904457023,9.263530051394985,1,train
6.723731411826268,5.982140820979974,9.328147108310551,6.594654263909766,1,train
4.100380726310032,9.757420009634444,8.025668914786234,2.8757630708989805,1,train
6.716375313983239,7.950904207212291,6.071593609175209,7.475005985716121,1,train
3.273993832191757,3.3624629079010604,2.3805444770157185,9.387651778099023,0,train
9.116656993695342,5.875240750553651,8.791184712653092,4.525257404370439,1,train
7.4409018309011214,6.047912539177168,6.796917021993484,7.021852225860495,1,train
7.75989460289006,3.3350626640748273,3.419773555881895,8.626388900793502,0,train
1.9908380111416832,8.412075856050729,2.111650882630454,7.913073439596243,0,train
4.851081159020642,5.81257747119391,4.176065556544639,4.599636672208563,1,train
8.334898042998768,7.963380089508905,7.788320470781013,4.08038768780599,0,train
4.601263001592163,2.257536756061376,8.247697529993392,2.5065842031504606,0,train
9.428597962454063,3.234760212693168,9.856902710029521,2.2603324196335177,1,train
6.29105241492032,7.670660733593439,5.321442817567108,3.699852178414938,0,train
8.493325529897792,9.100971948597158,5.212615259778042,1.7909162995324812,1,train
6.10261933380784,1.1138477794103283,2.964146505260365,3.741975300509445,0,train
8.782707296412966,5.002756786679436,9.248111058952897,8.310141539475257,1,train
9.732414653273256,1.3288915678105546,2.234793409132525,3.0715497179429265,0,train
9.495356926831855,7.0167652663525555,5.688577797927775,9.913314991146274,1,train
6.167522756029944,6.8578384340271406,4.748395176728884,2.251028040352284,1,train
6.534046086831229,1.61876848100747,6.175734747406892,4.127703414753197,0,train
4.888836738320865,8.13148492991365,5.4664132883848255,5.54964431728152,1,train
8.775643032540895,9.750804804164098,6.981451534694682,9.634211131823418,1,train
8.445902465206888,3.140436050064388,2.828239747299615,2.75910957617263,0,train
2.3516341310093454,6.210717979304867,7.453514571356619,9.448140570350935,0,train
9.265788485430168,4.84056858217046,6.559250421516764,6.657836851973259,1,train
7.001472754280331,1.2970229294053586,2.7186812214297826,3.173329620523583,0,train
5.6224213836787795,3.7252273081091105,9.766369639113186,6.595670675253688,1,train
7.369082748264257,4.955871893815391,3.822421999654459,9.743890942660446,1,train
2.5244646380410543,8.694613531706192,9.564294108561457,7.706735245777812,1,train
9.554207850963133,5.405099731171452,1.43543316299108,1.8128335389671506,0,train
4.081189755024225,3.5210441122918663,6.384927659729312,5.884247870868911,0,train
7.641914362443586,4.44423103274038,5.088788208838489,5.521099255383669,0,train
8.173941458116945,3.290962012172856,9.195704331866141,5.431867822942198,1,train
8.16457240586957,6.197934508522559,5.51422028261715,2.5080657767518573,1,train
2.9017018439717046,1.0113015188028207,1.72499837962049,6.635864949760469,0,train
5.724568901097834,7.707216008666205,5.010450187378803,1.3944837410559545,0,train
3.4979403418416477,1.6491961339159205,9.227927263654731,1.519103202806975,0,train
5.745361474894411,9.652160448646308,3.9269483770466658,6.741474160629219,1,train
9.508939493418247,5.5947338631340715,4.3328083436071685,9.342762651102703,1,train
4.81727763526939,7.192028125979554,3.6721277292202616,3.07434926769468,1,train
9.190729119344052,4.4589746833571,2.2832896032228676,8.978521798021244,0,train
8.401621570794699,4.947910570252899,7.187163831445586,2.904842034781557,1,train
2.272476000821123,1.4842510854193913,5.373827541599471,1.8556649808435257,0,train
1.0828380515174219,6.777957857399949,1.0506215346734322,9.563825400571469,0,train
2.148707798964201,9.669335206974075,4.594752673078412,2.982826906677456,0,train
6.185348258351151,2.7821915943186157,1.2540787870144428,9.068754556409768,0,train
4.253326999900956,6.4059803989476585,4.39686130217601,4.272940245810557,1,train
3.599253695180198,9.980606759277729,3.2300061635382944,2.6822806985538397,1,train
2.2880504033028073,9.720508801940953,2.60577486173601,6.446414598540355,0,train
3.011233306939592,3.6265491492288655,4.38360979885301,3.707019302300715,0,train
6.802867379244973,1.9063228807835229,2.1514729879731793,6.900494879948004,0,train
9.813195811632278,2.6968096326474718,3.782504705831225,5.568207626497952,0,train
6.5735987116246575,4.687138126248388,8.314245016373043,7.472356304244943,1,train
4.162481769634562,2.923911790689168,2.055086601592846,7.3117893170529324,0,train
3.352092193472987,3.791089613867154,8.225764568554009,6.6620412858618065,0,train
1.688317514387462,8.655803707927673,8.682202504209926,8.104286861193062,1,train
3.0324244803099316,6.989145675732953,1.3506249715441103,9.70033651142081,0,train
4.555944839577377,1.2455242084809595,5.201158183393342,3.0451626873889373,0,train
2.769950196114519,4.452713579883948,5.692640534818354,9.131849160759064,0,train
9.694145317694918,8.14794197773632,8.953351381744916,4.737815562739006,1,train
9.236534755439939,5.408466675763763,7.817445582092583,1.2377885011096112,1,train
9.60597418396815,2.6334705248806656,9.169726111100168,5.961540079964624,1,train
1.3169385927494548,7.564076597458726,7.936826132650818,8.129816974067086,0,train
8.130929222746847,1.7946842299275976,1.7175515062182458,3.8896990522368444,0,train
5.697456004682435,5.3648957896286005,9.784749008428221,2.1718083737347516,1,train
1.6749659761535334,8.47769724432495,2.6368639989085474,7.505756963361404,0,train
8.355598455483909,5.546833339591843,7.9902787979050585,2.390621376325581,1,train
9.429342168657843,5.2136046409881995,5.2032332683660645,4.232592325219894,1,train
4.714800613442694,7.060607342608001,2.885773604346359,6.400199110590229,0,train
3.273436074798242,1.5586029203277412,2.8102224619511884,5.509608476051683,0,train
6.5317278270098775,1.26439068553025,9.937007323203852,1.424462835003445,0,train
7.3330973802297805,8.34152805603006,7.507112727737319,2.9663106541198663,1,train
5.619260389956582,3.331217080782284,6.803305580965727,9.744915427883122,1,train
1.6340441224584166,7.539643227349576,3.0960842305689438,8.598951176452914,0,train
2.1330590532240463,8.515534233204415,5.298536687573183,1.2183327716293635,0,train
8.58754683594212,6.080332791638193,1.6520140029420907,6.729158158284199,0,train
5.950310171609971,7.525603431381285,9.448651978307039,5.871982976385703,1,train
6.745102020553059,2.8911668590508848,5.7885796113822465,6.924436902389276,0,train
4.681280048595047,5.45843255424657,3.791076388036477,1.160228519905968,0,train
3.6927919887791694,9.514090836761206,9.521366165764853,3.0325583267015475,1,train
8.8702467788747,2.8257898851310155,6.8157302390553465,4.39276171115104,1,train
9.172654394155208,9.71828091622165,1.7666402708628857,3.887092764774695,1,train
4.561581590941129,7.616356008833032,8.166188423952796,9.835797813003838,1,train
4.127712361509534,8.027806910905882,8.121951928952914,7.118593058282669,1,train
9.142046811224965,1.4570262547072836,7.389046916556468,6.884645482210759,0,train
5.503032783875703,9.174207934425155,1.918479685278753,2.769061158417284,0,train
3.8408944348809486,7.681186695735808,1.0993376541901099,3.8018695611767455,0,train
2.5076919493199723,9.228184732741394,8.58070428140171,3.313596286626652,1,train
1.224088691345969,7.782004299132798,9.31462971583892,6.994042381852918,0,train
3.5334528322835483,9.794630592463715,5.2661501980259695,7.917733369380552,1,train
9.94046376397046,2.7586260992434117,4.320030692168748,9.886150076682073,0,train
3.65542865670756,2.4050948425678103,8.704488473980525,8.427889472101974,0,train
9.627686428917254,4.908966870154584,1.0308662810651823,3.6878752814475364,0,train
1.9177952609292377,1.4358578367522017,9.403638734018385,6.493508078861525,0,train
4.5541294129767165,3.7774992287364206,6.320021015495642,9.741644365417365,0,train
8.731732777147872,6.696035332334537,6.240137696722451,2.304714423320776,1,train
2.160647070286569,6.159916619575827,6.062609258492215,9.673072265643764,0,train
8.578708555911124,4.922988545443252,5.3167084047082165,6.041989206482927,1,train
4.0493502817289215,8.71859656784045,1.5482392505814113,8.881353820582241,0,train
5.346866987722615,8.251625020654016,9.266193411344279,7.442675433774438,1,train
7.072984957833716,1.0273066929286112,6.531388495257792,3.789508896259858,0,train
3.6115922986556996,7.679979377110899,6.318601338316839,4.199458399132204,1,train
7.355176004997956,2.637055381827684,9.3695078835668,3.6275062679561443,1,train
6.006720687259088,4.303360644391283,5.627890771102788,4.5629587629243025,0,train
5.809744684400667,5.377642452299186,7.963777672432993,6.595490197699246,1,train
7.1479880232043005,5.512960309183492,2.4212861898407647,1.865354076495494,1,train
6.219298459151798,4.365769233791946,9.443647641531232,9.75560967655843,1,train
8.91414452855664,6.148236734003264,8.468369543225865,6.134591900236597,1,train
2.0594851128055485,8.155106852304677,9.809455186397141,8.388425581736309,1,train
8.23003872249691,9.489250449516557,3.077077859795023,7.749258607226263,1,train
2.464107722146089,7.622703769076855,6.824853364186394,5.470925626395482,1,train
2.6203527346582676,9.506699356545823,5.0543703402765034,9.379571667742178,1,train
9.489815989401041,6.439074696081794,3.699039666473352,2.7525042948162586,1,train
9.833601435716984,6.5808198127895,1.9194952982432827,5.3967559331174195,1,train
2.2957790932902276,7.836540343993368,4.5663377604708355,5.046831501966013,0,train
2.0871470002836903,1.4399107842856067,8.570777686406508,6.65885486214163,0,train
9.099660428011694,6.62376495068566,8.909037247996324,3.405438605591675,1,train
2.161278170872752,1.1834659509850995,1.9286576902034127,4.036409795882796,0,train
2.6245678180097918,8.722907748986561,1.3576794772603864,7.703272957250463,0,train
2.2963754683446456,4.853553996273197,3.0310636152614885,3.1551077191555565,0,train
2.9954192670670228,5.355358971361639,7.60340660553482,9.866841025557136,1,train
3.2951253732137555,1.6914396164851975,6.918383922612611,7.662509469063658,0,train
3.129915473435822,3.94319253557656,3.0813906237512683,7.906030808881276,0,train
6.5526532621655145,7.887489279531692,7.814480476977639,5.137056559488873,1,train
2.5811296979855722,3.1468994606544998,4.3458195395044115,4.841818844738947,0,train
4.023564751406351,8.110723781095746,2.067447022459052,3.403083543695822,0,train
9.913369778730303,1.479608821800065,1.506419031758698,1.9038785798755862,0,train
9.04445740453029,1.7374641837622407,9.129844372056537,3.3412239505685486,1,train
8.613729888784945,6.774655952419142,6.1569668925706456,7.562212130327143,1,train
5.306665021994853,4.6313710987329735,7.087217337092199,7.113140480206438,1,train
7.02855978435136,2.185000768443833,5.59207439047351,5.410588860098124,0,train
1.9476994579798388,4.230363407453044,1.8955068803285782,3.7205719369602623,0,train
2.2444229417577684,2.9948829701750173,4.470846214956009,9.284477458947743,0,train
2.123316307077899,5.838230664146678,3.7087147015777115,3.465468461407977,0,train
2.620966827986546,8.852735128573674,7.337609590139628,1.0954318161271683,1,train
1.2074340397837244,1.3900289421440384,2.1318339944103664,4.868386296922202,0,train
7.87748229119586,1.3275281759170088,1.3909588521067329,9.340268915792505,0,train
4.334972800156154,8.492461439472965,2.0101177216081996,1.2946026865454376,0,train
3.827148986940758,5.563907598311695,2.9290809064992316,4.630985993501106,1,train
8.225301265932742,6.155914472214485,5.30553337295643,3.5628270037143355,1,train
8.837286955405993,6.050395830746643,6.837208952772014,8.830247028871785,1,train
9.957371546933595,1.5279563838650172,9.362756808498355,8.330445809672668,1,train
2.0582746360266553,1.8924230410651859,3.707265036058801,1.1578442639557505,0,train
8.150646032056738,6.61160877961198,8.277459218931156,2.0716533114933786,1,train
5.589005665413189,1.9247961770091306,5.336474743403383,2.893927455806834,0,train
1.260858083253312,8.60435782161951,5.6206514476194425,8.695007616469255,0,train
7.566366028887177,2.8623264873111367,4.108913061293878,1.8054430167229354,0,train
8.955798737301564,4.437598669332383,3.3023358369808067,8.342075269137958,1,train
2.313835007537473,8.123505083080172,4.4824933364940485,4.794796413717645,0,train
1.8832560438901174,8.473886087263503,6.170705693084246,2.6053159119502496,0,train
7.450628893486491,1.0131859303041741,6.239293945478586,9.187755393145252,0,train
8.135445195189654,3.048339030482964,4.811970670458253,1.664430916714141,1,train
5.94162236517785,9.860008401840963,1.2604733995993558,8.038449595923229,0,train
5.1838192190587975,4.087998311427311,5.475339614395168,1.850372491383331,1,train
8.770608753425442,5.919729618966091,8.806949630684816,7.499899517922243,1,train
6.449371350052309,5.0029467078241705,3.4030569997866227,8.939665929116305,0,train
1.6730929608210714,4.509332821566373,6.181726782267436,9.007208145876918,0,train
2.48908978731561,3.5914877531567346,6.919662445435347,5.310914071543573,0,train
3.7368337150858357,7.404326479235344,4.282642811213088,6.1774097124434695,1,train
6.975069558351981,6.570499803443066,4.224638471999897,8.972994661383952,1,train
3.343835713997895,2.517451544890225,7.175969370419972,9.890639103016232,0,train
2.804321655757413,3.888333177314058,3.3234606493515852,4.379597114485177,0,train
2.5949584368825676,2.2390589571778854,6.813521458273971,5.3150285013232175,0,train
6.43686841041362,6.384133115062788,7.034247629467481,7.807221099952892,1,train
5.185247665475087,7.0676006075343745,3.1623125124897062,2.6660268026549776,1,train
2.1054157827607636,9.927724643407611,6.849108075931222,4.997755325177602,1,train
8.544603165711498,8.400071330261284,1.1785442799640318,4.5485651765938435,0,train
4.0253274907494525,1.4532170465948142,8.323571366265144,7.502807904910696,0,train
8.60011176559519,6.776461476630896,8.361326480455947,5.745307630978148,1,train
4.151803482985349,3.2616411113986685,6.529488835219075,7.116612332479126,0,train
6.865990981999674,4.536439765650397,6.086195380337909,2.1285174280381045,1,train
5.3069508066305335,6.077791967528443,2.801833623194733,7.563728901657247,0,train
8.754739202170365,1.6361070440781453,9.964010231955688,7.389325425157128,1,train
7.875923295615742,3.493888544307236,3.422513243068194,2.8489545522273096,0,train
5.913277155840858,5.635051584412369,5.968675496688769,7.318399815394939,1,train
9.559248976367778,9.593870924092325,3.14844749312983,5.786682736714315,1,train
5.351186059174406,8.974563933117945,7.3792050588593865,5.516712944550618,1,train
5.483031124606217,4.620170972437822,7.316983236095405,4.572588360888309,1,train
2.2267805163609964,4.586922830028421,5.210030792633357,1.618569973399158,0,train
7.692531734546268,1.4626973056281591,1.7825500744539209,1.2538617059575556,0,train
1.628129871377161,7.596009119275546,8.076777255557868,3.1584688944647374,0,train
8.693134068775086,8.360757070823478,4.690025502420049,8.780766442715077,1,train
6.852184265868785,1.4487785333989978,4.7997846679039124,8.37871017576829,0,train
8.216269528637016,3.6903561912718144,1.0895067884887668,6.0999805985217055,0,train
4.874889504268703,2.1458885432662664,7.173768700432967,6.997325769000645,1,train
4.091707083824097,9.211044157966793,3.1777784189047056,5.369407166787805,0,train
4.94994445746185,2.6393548954104054,5.6825844788342295,1.8042680185544264,0,train
9.931029746196073,6.721091728753216,3.7596474947308893,3.0243449291686058,1,train
5.100915865966507,1.0230091695593035,2.025606584788546,2.5056753724618273,1,train
5.145713695284044,1.327885429197779,4.9078344767111215,9.531048028068504,0,train
7.659304921503716,1.4148773399052716,9.286198172743324,3.8597257585902063,0,train
4.138049847329399,8.570353534782473,7.778574863440797,1.7701125028422406,1,train
2.1829391948774255,8.525293977335188,7.481449240087326,6.2312000212589185,1,train
7.726141079961113,4.813879210887386,8.426340127646661,3.013171509499969,1,train
8.378956231254035,5.521868353238645,5.432265394467298,3.606379455393348,1,train
7.090501903586204,1.450021656758273,1.3935604451589092,4.632579343426405,0,train
3.7586780367202586,4.676451910526166,7.967113633559228,8.469743010080009,1,train
9.553230570681228,4.769769135405433,4.3943479916751045,6.373713482638205,1,train
4.03520418657366,7.3741836159717415,8.074220558201624,7.184559744729529,1,train
4.528590041998393,2.078263715601461,2.8724778665485773,6.111735013688736,0,train
5.817855074403012,6.444522364654119,1.5903783265197573,3.879943720660492,0,train
7.498699472812922,2.858002829530459,5.106516391172718,5.594556354763524,0,train
1.704533115852725,7.200085381367708,8.941903096526103,4.020549505239095,0,train
4.033116204981241,1.2329925741683372,1.5354348117007994,4.792913080258101,0,train
8.794684176588715,1.4667252309503829,6.763732895599548,2.5064424546149153,0,train
7.9044799976659466,2.3176562895356345,2.0043384949808876,8.226048536923138,0,train
8.471281311323473,4.610939343259917,8.020216367167004,3.551049793060797,1,train
1.5363908863038112,4.9448189997192555,1.0369243319514547,5.227943839718039,0,train
3.618318380309406,3.7585564745884605,8.546446839243643,9.532857509378722,0,train
1.023488222513558,5.604992537924531,1.0122910921337889,2.1136573622321553,0,train
9.05276441680383,3.871236027426929,6.022204486399347,7.315113964040938,1,train
4.794844869893087,9.949956616938302,1.9229124701204552,5.464789632178592,0,train
9.95630720871513,1.7446984154550504,5.236421642856301,5.2462769911276945,0,train
3.503066048567322,9.407605724727246,6.3374327184107795,5.512715560722409,1,train
8.990529974239863,7.67609356493525,1.174193809475611,7.060528213524785,1,train
3.4886121992038124,9.268744479885132,5.619631678071735,1.3087400953644586,1,train
2.1864296802786733,5.952157916618118,4.018436035200158,6.45733060678271,0,train
6.212810374351644,6.770096427390067,8.115043351930792,7.857904621117653,1,train
8.290206314767618,6.7039303327819795,6.409269159028861,5.680059823273803,1,train
1.8096133122834148,9.857786391751194,6.03559126662302,6.718946851703858,0,train
9.68738404170088,5.059668874764746,3.5972252809691847,2.940964216239937,1,train
6.3421097094460475,6.834754906385829,5.08642685397725,3.4421117305501068,1,train
8.385311674748337,4.066714728942728,7.954716622340781,6.923016546400798,1,train
7.375434312304367,4.032498932259059,5.153142666364734,1.680656750764347,1,train
8.723651063067802,1.0593949982498625,6.303005191422293,4.448939092934722,0,train
7.26843512582513,3.5642260089451154,3.9020905878186634,3.147880451056891,0,train
7.0758493016770245,3.1697876897764705,9.694176536507582,3.9009709872039537,1,train
1.887865001498076,8.55280850850842,6.561864812436015,9.316629643135633,0,train
9.241744918389053,7.744787426228755,5.8755095175693635,4.982399647185616,0,train
6.041115543364979,6.367994766764863,8.774639097427523,4.6823380121743305,1,train
2.63755989515147,2.5518906131301993,6.135476944315981,6.637330254785087,0,train
4.0301896853998995,3.0873505836718995,3.957901035819984,3.9220518481414963,0,train
1.0186013530870075,7.669517747439989,3.9440675307744066,9.751789876284887,0,train
9.120908263694647,3.433438845983637,1.8381218478454937,3.910891758098587,0,train
5.945045181655702,4.950070908207605,8.278088321344448,4.707335266745195,1,train
4.3488285808024685,9.415762028327169,3.34460295032668,3.020892025282207,1,train
1.155796386416605,1.5807098968342643,3.557304228077611,4.703577479586359,0,train
9.391985262809364,6.417571547502765,8.81634916710516,6.277693619532476,1,train
9.73383737159586,3.5734009577754744,9.537957001747989,5.862016122420156,1,train
9.871327549896895,7.211300885568663,8.727183309677098,7.996873441082299,1,train
1.0846702795623675,7.68804168300248,5.782244362347095,6.4319296777597135,0,train
5.699156610360856,1.367646272981108,5.354036515143929,4.937946575492134,0,train
2.065001396065223,9.008652174275406,1.6908886194801553,5.808100898820295,0,train
5.046584429598951,3.6178680016399625,2.1604587021508213,9.398245105553663,0,train
8.021401437729116,5.6982078140608845,2.838539009051271,1.5894336950586765,1,train
1.0852984285118747,1.4842665366749732,2.338247364359968,8.476505773490947,0,train
2.6119010875585125,3.7747966926939878,4.990732857665659,9.67757763823665,0,train
1.4519206242202976,6.365622595172455,9.909655422992948,7.880893926727193,0,train
1.0227271296218587,2.2731570307365354,8.734511485742479,6.853053099390665,0,train
9.01126698388166,6.000112237107722,5.7655401220162705,3.064946449758052,1,train
4.37224626314984,8.464732727294884,9.474900123592528,6.228454561837278,1,train
3.364611828938599,6.586073466615209,1.2637197197026218,1.2046615663848417,0,train
1.314729214965584,7.573861257583217,4.786687703069973,4.137009624285106,0,train
6.9152806073613915,7.0016353961950095,6.082870059820508,6.053605792618984,1,train
8.689444924886908,8.562327065800268,4.228240124322003,4.102214029074993,1,train
3.5837198753125614,5.090860997951929,2.1368029711247525,9.402881961927928,0,train
5.9285214657913246,8.741706549758847,9.62979390805782,6.4848158953011925,1,train
4.083745344546126,8.589806360942646,9.27706544614725,5.650926242173387,1,train
9.505313109868158,1.0076730175542208,2.940525193558689,9.157094014982583,0,train
5.419888987749142,5.517064334879746,5.963432027336256,4.82595474168049,1,train
9.302544096563802,2.596909795771409,3.0123373376763034,4.418176634583635,0,train
3.2136879197730903,8.025736698672766,9.643580973466928,9.609104728850596,1,train
8.128634937481458,8.812228491238336,5.933520042239127,2.729860542459303,0,train
6.367047822325979,5.1170551311034735,2.812374385365869,5.619144252129503,0,train
4.620364807226158,5.179741225937398,6.448593289678331,5.932719806016701,1,train
8.973774787474529,1.7014631516766208,1.190771463121128,4.719684491316027,0,train
5.321252966630503,1.2101399139599178,1.1417853613269,2.062726191797684,0,train
1.3169440750838304,8.562230687510791,3.834969261401379,9.671678630721255,0,train
6.95070207782825,5.239280692571423,3.5235556582854777,4.604299348768282,0,train
2.206307894716854,7.5958540223680195,2.497196440680494,5.866210407141108,0,train
5.9029005870601,5.143763575511576,1.8220334435503585,2.110835231863774,0,train
8.623590345923606,6.970742363518056,9.001371262928318,4.225579561211189,1,train
3.2676697301398456,1.7506120428373586,9.940667022889667,2.028847368782294,0,train
4.766571023495667,1.1405911983597792,5.245043531414033,8.479917456532784,0,train
7.148806446693157,9.22211917322403,3.2802468771413706,1.7464006131564513,1,train
2.145045455051526,7.9607506613723595,5.2979807282217815,7.589577860555735,0,train
4.850566692589623,6.519000645884022,1.6855077571268733,2.3116035027237105,0,train
7.301960137165959,7.207257636920247,1.4874825528917301,3.4259269774920087,0,train
9.275577344167322,4.555785128061867,9.908245428760926,8.789219798062431,1,train
1.8966134632675213,9.905550731098534,4.548255755575481,4.088509295652395,0,train
2.9194688645423152,9.532708751740339,3.639615309827615,3.3861317905215644,0,train
2.167820049620068,3.2059981462696685,1.979801057230597,2.889989035779497,0,train
5.745661392386571,5.0674181852571385,3.932482800812085,2.269562823106941,1,train
9.511731023374836,9.459978001261186,9.790953317100529,3.579155781014896,1,train
1.2408625330231216,2.4826031514597835,1.4081384313661411,2.0097544244372507,0,train
5.037638690607273,4.833082668712722,1.221768116290117,3.231272564039235,0,train
7.239932991777072,4.856206334574046,3.377174856333608,9.069744362340582,0,train
3.077171152031079,8.258660263312887,7.353726905882555,5.163680470388407,1,train
6.398147047908258,5.859089072765294,1.6876855457105666,9.374402962572416,0,train
6.93436906618185,1.8661890394649536,4.682131953298917,9.540871392260096,0,train
5.552128487372917,9.658588377196867,3.6849285264474285,9.675366981028109,1,train
9.414193629581808,6.588609099829809,8.936624630841155,5.2692752200366115,1,train
9.553013620049647,9.74120237932961,3.600675404503253,8.630449104960764,1,train
1.882686915967314,3.2902610299586925,3.3638415000753294,1.2398558359616394,0,train
3.38762531413645,2.832069491262444,8.640592351931094,7.630092821587802,0,train
8.052618749953389,6.850774239461754,6.6627171970751515,2.369361367490547,1,train
8.16854210300918,9.634973655439046,2.295684624446241,8.031077961730116,1,train
4.084813576992028,1.0111242837748318,1.5527357276763492,2.13498819603147,0,train
1.6347068913841467,9.748790082049002,8.126008047407797,7.451580384021322,1,train
9.5473288979227,6.714843187709383,3.8649418324817773,2.343982828033542,1,train
6.438327055522294,7.756917709661473,9.828756536806347,4.866488585204324,1,train
6.511310047856585,8.127721390067025,2.8683927465849157,4.454899922904465,1,train
8.516121648034625,7.0820606474135115,2.905072657110458,9.211218832712333,0,train
4.48376700971323,5.865042533324506,8.474218951923529,2.9598945681473845,1,train
7.213495610014213,9.907541334411441,9.171503403800903,7.481785397104499,1,train
2.226630785219239,6.194909249761372,2.747405480147952,4.407233106239473,1,train
2.856469340735095,4.577255575679687,3.9211687207026973,2.0627247736946863,0,train
9.527722227018396,3.6189190843114827,2.056860601081138,1.4760467359326,0,train
6.120919003506074,5.8599838774782835,9.986558992057978,4.311471955578318,1,train
8.311607302463749,8.653465759328371,6.279997674740477,8.322066538291073,1,train
3.851287078570508,3.6024481341769468,7.395181697155091,2.593503777850269,0,train
4.3898882704137705,1.8272055239855785,2.9725870666559784,8.100633908315086,0,train
4.432858299946949,1.9974109180921857,1.9965543890653121,4.632443003430245,0,train
8.88838686073716,8.898148724439222,3.7895617063817397,2.4256695868258533,1,train
8.19485660746636,9.72930290825953,9.548992886687294,7.140405051452332,1,train
5.403883194725281,8.357579370258549,3.3799753802617434,9.466817841156393,0,train
8.089665712108776,1.1284029105255295,6.7962303012967755,2.37963333511306,0,train
9.832075188578674,7.93086056893121,3.663449196434064,4.194120268623978,1,train
4.68540795469118,4.780356831738812,1.5308641057233747,2.2242869695680634,0,train
9.001770957179552,1.2565228189174125,5.162346237302474,9.049635960607123,0,train
7.498027923142976,2.047881190650914,9.07673173315324,5.094405183901601,1,train
7.340852717213685,5.924403105621721,2.053077662392274,3.51385075511966,1,train
9.072616206627622,1.4455857866482411,2.5441848170808914,7.016924948022305,0,train
6.876948399684774,5.565451153416184,9.26038568083314,7.662726139283794,1,train
6.849450159181433,8.087343201590778,9.379627808151042,1.8478730524350477,1,train
8.30126151350263,9.021824181288943,4.560919124790472,9.707504196802812,1,train
4.064463973763294,5.631792483969436,3.339089509110415,3.320031591251134,0,train
2.6185002795762906,5.971649216334875,7.87014439398307,8.27702509706862,1,train
8.205413725552393,8.110620362135492,9.110475433254376,9.673906242964318,1,train
5.57321351999765,8.526509142625931,5.909683063758435,3.7931552343472417,1,train
7.565628832577763,9.306114473939985,1.7496735526974514,8.974465372992118,1,train
4.714308645566488,4.802847456885445,7.248260075983595,8.270755086385869,1,train
8.897851485073353,8.112260082795451,1.6570895706242512,2.432069784164762,1,train
1.4002915307353159,3.017619909375175,2.6563939598296953,3.432138614513032,0,train
8.20721044139247,1.778710021997971,8.649914981765928,3.772900007303164,1,train
7.494690453593685,5.5935478248997645,1.0935593829313792,3.8378043982771133,0,train
5.4800465975897685,6.1634512945047755,2.060915576062283,2.941186713773987,0,train
7.145576801794965,6.6843099274586795,7.450717826440124,8.81604808020414,1,train
6.330918404596161,1.807466349248643,7.297227158038414,7.2031056470213155,1,train
6.302480446195142,8.902155152392304,1.535128855110935,9.993770473785945,0,train
9.34518813759257,7.916442911561289,3.2714688019029454,4.266844947987022,1,train
5.171391001051484,4.265169519274531,8.839611600763568,2.214189281048879,1,train
9.027698377303675,3.025339486218369,9.523794279917425,5.136216798588945,1,train
3.043565025454766,2.6790413123633336,2.5628251482897753,9.598262389337913,0,train
4.30548531170774,1.660875388462789,9.742081914366109,7.676206621575089,0,train
8.939245862190042,1.3081212754093063,6.778005321343928,7.024515770238815,0,train
9.941611454658151,7.109006567701961,4.134160265580366,2.376396861464126,1,train
6.1018144603841,1.923907260721902,5.599209948368764,5.22496908034123,0,train
2.3725543311973047,8.875884421832197,5.408046217637459,4.57910423832743,0,train
6.966986270071889,3.4241968862871763,7.815436571228631,6.6250750413293025,1,train
9.558581932735857,7.7956448912913165,9.173227502598575,6.883061350516285,1,train
1.2647526075304774,6.960316639328429,1.232823074072404,6.271081826316769,0,train
5.817726325594147,6.053702499882444,4.720906134951831,6.522814578981265,1,train
9.170426574580327,7.081959799677565,7.52351760136251,6.518684736635942,1,train
5.747966787067549,1.0926642418995032,3.232330661887553,2.709699523986258,0,train
4.51122726508555,1.119214243297557,4.817153319764444,7.9452105814125975,0,train
2.3061679048235644,3.8557515134423612,5.031798547599136,5.35003044480841,0,train
5.201403651884558,5.5910831254122,5.993768638931291,8.990137411638116,1,train
1.766868576540043,4.842838798537109,6.297452457606779,4.116685887738021,0,train
7.971630242139902,4.691352200283747,3.9435725143967892,1.6524731932312013,1,train
5.732367856998133,3.5944893860716807,1.3230790985084269,9.830899542961824,0,train
5.405099063336801,6.437052803531425,7.551237601526634,6.771574948080588,1,train
5.296945617353347,6.121602505252009,6.3753163303254965,3.60999573604261,1,train
9.96079956568325,6.890076478029623,4.668967907776789,8.883497917686832,1,train
4.779547882031011,2.7942652577535476,2.0786853486597106,3.0269987431317267,0,train
5.317940691630625,7.1723681214974,9.730362120398086,3.686389258850943,1,train
7.522950218199826,7.927208960409773,6.0345995102040195,2.4983376566842312,1,train
7.946364910770176,5.715084980599449,7.370235542290815,5.919220829101318,1,train
4.486761110041149,9.721738596445213,5.683001631870956,6.198473162113651,1,train
1.430014859129761,5.04867957398899,7.991937482464988,9.125336689721117,0,train
2.8092300480083074,6.234743782306037,4.3889889827148405,4.009764281686143,0,train
5.157189910805421,3.274364941233479,4.7756492616353645,4.608862541998757,0,train
7.2630008094344305,3.0408097873497892,9.288993917213443,6.082190045152942,1,train
3.735952934117986,8.492840132710857,9.536946370190703,5.2461362327964824,1,train
6.813308586076219,6.102826845808198,8.973862161386648,4.587979275471185,1,train
5.0325631097782395,9.821075981440165,7.826779565734958,2.112126062849308,1,train
3.172259632301975,9.171796820944632,6.692072405162367,9.01985033185921,1,train
2.815702921468215,4.966259088898536,7.13160093297373,1.7498073817408635,0,train
6.456033797131294,9.695895143409256,7.4974892536215485,8.795491425771129,1,train
3.8407102537092257,1.6936790305163347,3.9773234361793515,4.029828840950106,0,train
5.223570083875989,8.926966428618531,9.552976378419356,8.541567180467105,1,train
6.895030225205227,3.837496099691145,8.482089775114543,2.3860445020305576,1,train
7.0839272963251805,5.251047315774381,1.782598760622847,4.032582549137082,0,train
2.0194648561010493,7.725236757505977,5.355221281059762,8.56496346050608,0,train
7.166924961310573,4.5062440224949505,1.7612804619978073,5.577290828013195,0,train
8.030658832395755,1.3924520275815646,2.9140783889929507,5.4356354288094195,0,train
4.970187694538501,2.687750377160713,8.505570590858504,1.43940317118683,1,train
6.1054046098971595,5.4145950834277805,3.5205472214366016,4.233237156170915,1,train
7.116014204282717,9.353730049965563,4.586914254490018,8.448101968111246,1,train
4.423362778159088,7.977960489891572,6.811193775265746,8.243876663397062,1,train
8.832744082436996,1.562590052117364,6.478822980894706,7.7983954142409475,0,train
7.19099531642602,8.856905355637572,4.9132318611183825,3.317967114419724,1,train
8.255630214781393,4.78133249256676,9.7639309867443,4.150470569849362,1,train
5.676923769275987,5.819843755988995,2.785650602819004,5.2296586901034745,0,train
1.4381201250356623,5.323043968684277,7.660695793231319,5.109060855724018,0,train
7.099775344803821,5.894867447634849,6.325143050690639,6.2522585750368815,1,train
4.554950241008807,4.443847195394875,7.99785089869658,2.725953640699295,1,train
6.4826352085213585,9.915010246531113,5.663184554452441,8.60857901677718,1,train
4.280786822820328,3.3462526288543804,4.404568691237234,7.964486755726622,0,train
6.220873712932663,3.653770391464908,2.6007646167700655,4.998836618531727,0,train
5.985384472150863,1.5598949859903095,7.097237870606232,8.036538020137522,0,train
8.9549169091539,5.778859410167699,7.798116988367677,2.032128198023823,1,train
4.553986388626057,6.2290814462575606,7.421701967134772,4.3206343480537575,1,train
8.456255381834463,4.462564275820927,6.880154712039527,7.04242204542017,1,train
1.866257535750754,8.460722445811943,5.5771183705454765,8.079125025383433,0,train
2.4965107784038594,5.796563659164925,2.007257241768184,3.5730395998716307,0,train
2.5014988758073815,4.255776672546366,5.087175877878336,8.021473815928532,0,train
9.446361301159003,5.675286672002633,5.138122477181277,6.488040218185047,1,train
8.797458865777166,8.658549984195325,6.117988441937769,2.1679498855121766,1,train
8.4512247719008,8.990645632446721,4.34123345216115,6.250206763957435,1,train
4.686268888317683,8.867006579558268,8.426419589321686,9.056384772024654,1,train
5.167771266431136,4.75347182575358,5.611380825268869,8.560033329242467,1,train
2.9575919266923423,1.7444013718054119,4.2794858925167425,7.951442837052991,0,train
9.27527975375807,6.629373787382253,3.4307435532399424,3.172978289208891,1,train
4.698015815171545,2.021159006687339,2.2029346444163274,8.710641073267933,0,train
3.3570834543519656,8.743738984769507,4.974947160298039,8.010690837437576,1,train
8.25310782105758,3.164899589469223,8.141354954534247,7.768816471333708,1,train
2.609029779730404,9.363589438086965,4.046671747376372,6.566253146603994,0,train
8.19638540843568,2.938081022405849,5.977597781484113,6.4469409673292555,1,train
4.067569203936818,5.398992278028849,9.900778299546621,5.611401285711606,1,train
1.539001935511242,5.539414083274332,4.0066451716706295,5.586627947805432,0,train
4.41811036805986,6.602226258880534,4.0070833485057085,9.061298869751576,0,train
1.3821896052692728,1.0537312488868062,7.016414063535409,6.697290087801132,0,train
3.753678489792536,3.1908961975574597,7.198992331625884,2.6275036070025233,0,train
7.536475353893124,7.556118553686242,7.521341466852164,3.216769643319851,1,train
1.0570308335293734,5.3966972497610035,5.758552308338897,6.324032115130884,0,train
3.3184138339505393,1.4887525921574412,4.185805478597965,7.138744057632726,0,train
2.713921927823419,5.449248660323148,2.622119581010706,3.382989880791123,0,train
8.272144206261926,4.683847694753249,6.028092734441652,8.37832461981225,1,train
4.536499032706518,7.836982794471619,7.824518997048765,6.700999229932995,1,train
4.487143131538025,5.410121178286795,5.070063487569969,5.103086529270371,1,train
6.400204437638003,6.595867752634933,7.718654598347876,1.5126795248302587,0,train
5.572505973066983,8.020994633081981,6.1619085235435,9.570700876630207,1,train
6.711250412627519,6.62815331030671,5.864409068199478,9.954615623572701,0,train
8.524135865177785,7.745612123135283,4.950725516088155,7.120217910742241,1,train
2.3834828660880234,2.1047598464015294,7.721972671936671,5.9088779279475965,0,train
8.980842743372541,3.649623539353965,6.24512966485803,3.4941701967687244,0,train
3.6736228937806605,6.154364339009167,4.248505270670797,7.544753221222379,0,train
2.6226942031135203,1.3181692371138758,7.453097427797068,3.6359157439867387,0,train
7.551650361701845,8.83231628562557,2.1713371410210414,9.634375087364782,0,train
9.096753330713076,5.244930425544229,3.0614574151778826,7.207330880243145,1,train
3.546277483562393,5.0614110201463225,2.304877046774672,7.865368053387484,0,train
6.477843160496396,2.0051997353615523,2.6529811053885775,7.737633127896444,0,train
9.084037674619903,2.9209922070412158,2.9046259630209494,9.146527123533431,0,train
7.465903112545349,2.086652793894793,6.787977590175826,4.245916865567221,0,train
2.782534146435374,5.818407011261345,4.200048675521716,3.3883156132447327,0,train
7.1840034073125825,9.000702511646285,6.400005357412446,2.9957438216259424,0,train
9.50323349446074,7.97314880330645,7.359799044945856,3.483242040065144,1,train
5.790289850260209,8.757117897282583,1.8879254454927414,8.8310535906923,0,train
4.459809768669706,2.1999034858342292,4.391620535822281,9.015287023506263,0,train
2.5375288300469654,8.401833656713276,7.492414072749124,1.372576606449716,1,train
3.518885490163573,9.640669323051897,8.939208941756188,6.848154594070412,1,train
6.089231381338369,9.214209262356311,1.8344783573784764,7.513199964510654,0,train
1.5020031526510895,4.322186273282067,2.0495121383748303,7.377643888755993,0,train
1.830161825136544,1.7652134863468443,5.872394717136394,8.918730654393176,0,train
6.10180662974473,5.606071656883632,8.90295604783065,1.1589684359744872,1,train
1.1761018601789206,9.14361518976637,5.814657717428538,1.0624042006064938,0,train
3.884269910104891,9.313413527423046,4.049065093263385,3.753292706527744,1,train
7.8651894108932385,1.7416103189756762,3.7115276321823,9.344628141502303,0,train
9.957245028079571,7.888492411875153,5.4398662262651705,6.857124017969744,1,train
5.693996554151001,7.454484130100884,7.296802371385117,6.339004026678062,1,train
9.002750766929871,5.959835263933427,2.6560203920395367,4.943782806947475,1,train
7.782700992870732,3.505272492086092,9.879464674992466,7.204238112655554,1,train
4.146129350894916,6.207982173847534,1.354696716775638,7.250007043147691,0,train
7.294293451915815,9.110567490345653,2.81876167807493,7.725165872727303,1,train
1.842339301272245,7.3482466865713585,3.3172176960329116,7.615631654761611,0,train
6.479466803651153,3.4888917186775883,4.318331823396628,9.832032343065435,0,train
1.7033452103741955,1.5538380098074385,1.1585341292808826,6.504426546975281,0,train
1.328573399518322,4.5724990564055155,4.863595427654261,6.307675747253958,0,train
7.378194606685217,8.652104368963448,2.6506125351845484,1.0082495964762868,1,train
7.187704049173229,3.347714383687934,1.6994842365830234,5.7132805823807615,0,train
5.9598534009985915,9.330280331940795,9.49742304188953,4.402428250277206,1,train
3.423137068801806,6.754681217719054,1.2330264205938133,4.991524449190823,0,train
8.300523956744392,4.370947400546864,2.618892676484707,4.994842900949801,0,train
5.278959142232624,5.978140360166812,3.483942804383819,3.387951605715262,0,train
2.5603966466331705,6.066715116828347,8.851213992052266,5.827182040587115,1,train
6.618899281008495,6.136930733308625,8.82679358751632,3.582607608754643,0,train
8.024688598025254,4.148121988011054,8.547853358716907,3.527212689369862,1,train
3.6095153180511645,3.095288443027888,6.278503520381573,2.3903733138949153,0,train
8.25162515339682,1.5160790047649952,1.1558869079224041,7.030738490138185,0,train
5.097857498741369,7.697580541017027,7.84404807296619,3.6305492580602463,0,train
4.197739139620188,5.650755461627207,1.2944240468041373,5.9834237394633,0,train
9.527747654162171,5.15155647792363,3.496120516691676,7.758370884867481,1,train
3.004225526665995,6.092209629533265,4.113311158833598,7.5612014639368725,0,train
7.644307924289043,4.321929935337641,3.3464534203262826,3.367926258546224,0,train
4.068064665631595,8.441374275716528,5.648767891917899,5.357983244265032,1,train
7.330211775574269,1.4541178420815035,9.962345490451533,1.3785431124991463,0,train
9.094666483699802,3.1631633201210585,4.998249821163181,5.982374482432139,1,train
1.1532038711764039,6.276086096821278,6.104982696874138,7.002415918918043,0,train
2.2453727303271673,4.252389097663089,6.858178788758202,5.888054387981318,0,train
2.9523948274736367,7.729732586783568,3.9513397722940002,4.5226627849226135,0,train
1.9716099894612804,2.1513613654270194,3.5641713055216506,6.5464876646988825,0,train
7.963876963666102,6.33992262953976,7.050276622434378,3.737733359256195,1,train
6.624163929361798,8.87332261903162,1.9557017813087456,5.424775675125909,0,train
6.642765434552654,9.685293280344226,8.430790142282333,2.2311815473997942,1,train
8.625300167061829,6.097170489770213,7.8737832919667525,1.0903514374077752,1,train
9.680112561147045,4.54752455614226,8.370468611252466,9.145452137828277,1,train
1.4097090347073356,3.138162757779835,1.3031382949639152,9.936168229488734,0,train
8.392923629764137,9.048585722459702,2.551078446930012,9.003868603362918,1,train
1.0484614154688638,1.0249810297050042,5.134903777972745,6.760073857242661,0,train
2.169617430756401,5.586478681674779,3.405519981674931,7.4795291517014775,0,train
4.931590399917026,4.416714371154782,4.221627878137002,6.175280802105133,0,train
6.950904724471952,5.725135965708312,8.590999909348685,4.659315295253928,1,train
3.3231241852865567,9.15903143740346,3.4776230484105883,2.3604186155381726,0,train
3.9720591988279264,6.285004030731693,8.479101505659923,2.1007431337458007,0,train
9.92801175792938,7.247707899517662,7.295821694202519,9.948866781973182,1,train
1.991134110386009,9.90703865558911,7.099382600104281,3.2976276923909396,1,train
6.579650705904372,6.354786565713348,3.9851632950492504,7.131637230776928,1,train
2.475417567781627,4.309231731186041,5.743922296712619,6.457240630853775,0,train
5.014575598861235,8.487963476241998,8.615943497845105,7.4045962991901755,1,train
9.287066130677744,3.7607117537851846,8.111179352290042,9.796024148763014,1,train
8.756534808817714,8.73958200028689,8.423080443837772,9.194853304838658,1,train
3.0435178534050613,1.5886558698042812,5.144313188486369,3.137351565873763,0,train
1.8290144777459623,4.96186401762145,3.3355750287264545,1.4467409409896121,0,train
9.3449860670148,9.155962433439655,5.2325625179463735,3.833890527218401,1,train
5.329589261099239,6.187750767946949,5.988465727451395,9.5251091438134,1,train
8.496478903127938,9.996305952027676,1.7348033924450075,9.065196214432053,1,train
4.690214208661508,7.050390452922009,2.3042904484176656,9.965825194382935,0,train
1.0056796653073916,4.95018400285702,5.87628231684391,2.3437908501002918,0,train
2.245409841963771,3.8314545535522084,6.585096033963041,5.235908183838533,0,train
4.752531262266452,3.421622594935323,7.672489578784684,6.833263622062742,1,train
2.220302940801157,4.1991431004216215,5.554348744749312,9.168978578427742,0,train
3.4498204768066465,2.734426560490895,9.192208770563212,5.3180417370716455,0,train
2.5206015744297794,9.928611096675498,8.547553218242665,6.342994452538198,0,train
3.0722700263256213,8.073939785799876,8.025393729961795,7.6680009416223855,1,train
9.351790170482062,8.466897598516601,3.3296839838734797,7.074080716797886,1,train
9.176647631966107,5.962213337461414,6.657379929528446,8.853335572111433,1,train
6.775699912952762,5.781053218174664,7.527441207153065,4.416450973505237,1,train
1.847782578782477,1.9078305131930082,4.584639850471277,5.586313576796593,0,train
3.2855051126204367,8.161877325578404,7.699568704676674,6.063663256741332,1,train
5.29222042739358,1.3146190185273217,2.558769350673019,4.910656220882166,0,train
1.098916958187059,6.417505177267895,7.86379874343739,8.613151877281316,0,train
1.7609085419604966,2.44911677149329,6.8428128268667985,5.289619928353937,0,train
8.628284609587254,5.86644425649636,3.1008144705005147,5.063931388357497,1,train
9.013939627027744,4.09182453441374,8.888705370575138,6.951490750736508,1,train
3.6464199678964593,2.137791875849283,7.821126287289571,5.29515274026796,0,train
9.702731072938667,1.1921050931895916,9.421077902925731,3.2222849716467925,0,train
2.2036415060125423,4.507694031068554,8.769716244433157,4.080065594352035,0,train
1.1762096440356964,3.5482245406307618,6.651699472407494,9.661921073776579,0,train
7.146255214720466,8.56355161252828,5.551668987456495,6.179094618017268,1,train
3.5872301038568164,5.700453229437806,8.113755908279984,1.8640921034641313,1,train
7.363402000643818,5.013401034415896,5.046887181251337,5.41709857763996,1,train
4.847251989024713,4.172930787970117,8.465162902388098,8.181349955080613,1,train
7.92197195749976,2.875325623832587,7.134742882995819,8.14995360771346,1,train
9.635267492973608,5.2805072558875565,7.427594460826521,4.180154639179391,1,train
1.2286099913771324,5.253192013342015,1.4388507979362415,8.070693214677942,0,train
1.2906998935717366,7.5641074480613675,6.900511802279118,7.872166554399274,0,train
7.538798470856486,8.88191845848809,6.934529616379267,6.495532655256059,1,train
6.932420078701048,1.6039429548261803,1.9209592510869447,3.4625756307681863,0,train
5.0901640590709025,2.1770797032189018,2.7918528805001297,4.942031504617125,0,train
8.558989166923057,7.326116227547992,6.682925119474185,5.353040644560233,1,train
8.875238268871435,9.539628911227572,4.218540224085539,8.271869237163953,1,train
5.544168899037874,9.7475645264869,3.8874373108464306,7.459848408141509,1,train
6.527855608817713,8.114244136160139,8.55055674212424,8.734688448551497,1,train
5.854528481821695,7.381566571582804,6.79103642877969,4.203751544016143,1,train
5.120205060876693,1.916647590164128,7.8746250101347455,4.964765181491812,0,train
5.087414054067258,4.230337247519861,9.883203752027821,9.345915170396605,1,train
7.212969528828951,3.4619962767024997,5.503427716312493,4.024247631310903,1,train
9.341152882109176,7.209920533947125,6.181006832524272,1.1805881075787903,1,train
9.59581818218823,6.716185897147703,9.258870185569721,4.759634666260743,1,train
3.0467488175040303,7.56899723817248,4.994641882205267,3.3867381715367046,1,train
7.746510491709483,6.408505118506406,3.700005133540495,6.030846600166686,1,train
5.1314452688253445,5.633914409779943,3.478273669734006,3.4116560191033005,0,train
2.1641582283569027,8.439084969161788,8.882921857534422,8.562948754288694,1,train
3.6374198095872656,4.634914380457192,8.577811823656855,1.2625774405709929,1,train
8.62682797220551,4.746380535767015,8.163297840720695,8.525276999823173,1,train
3.7693184127936346,2.34432402483016,5.098341442028489,4.859768615404201,0,train
3.8238268821476797,2.8062044263562447,5.353098855365108,7.481436306227305,0,train
2.8047581124738934,2.8858692610695647,7.82312999574579,7.8102667330193105,0,train
1.6019948293300128,7.28547055375661,3.410124645329277,5.682678165372442,0,train
2.5971656010548054,8.972723272350578,6.570931282926622,8.38790596118267,1,train
6.871660097643399,6.9607787471866995,8.843618141505193,5.6028376727910425,1,train
4.103623066585099,7.3137455094681485,2.1159937498733448,5.236743734083392,0,train
2.524341161171997,8.64863087158671,8.240093276682568,3.6985377994487836,1,train
5.728059242343269,4.356841669738699,6.219351661026653,3.085894216508911,1,train
1.6524974516056914,1.7815303012830777,9.75314471622167,8.505404259994142,0,train
2.7807388854570556,5.69460177297715,5.100124229540443,2.3282732978036247,0,train
3.203920520762913,9.396597051508836,2.8037695193197765,6.207321966475387,0,train
7.968745090367925,2.7952403868033158,9.86663823183829,1.0978869147908346,1,train
7.126064750411435,3.7148443511764846,6.101842716851415,8.729071328477115,1,train
9.231573137430598,4.417626221307943,2.5822108742832466,9.739030479750426,0,train
1.652251371533649,1.0231613884467714,5.7265739816807715,5.232386128875098,0,train
1.740250256850916,2.2925128140947675,5.729639463729071,6.210171127278008,0,train
7.03638010777797,4.0136284572707295,5.5863257961419075,9.47715341018127,1,train
2.2511688184782965,5.009681643355142,3.838199840276288,2.423110553303986,1,train
9.71460947762234,7.161770075708833,9.61794414294247,5.638604663420217,1,train
9.780798620998922,7.486658414503092,5.183413818726778,5.217916130354442,1,train
2.071284188614674,6.408715473698987,5.0893655001983324,4.837359624921236,0,train
1.4651116860134175,9.024290697917941,2.6453659254260944,9.594383223841549,0,train
5.705775012221467,6.082921683510833,2.617669400978156,6.061997304311631,0,train
8.629094973907725,2.430112627026357,3.1472398631639678,2.9207946032820393,0,train
5.71331960844409,6.086939727526163,7.89574927865556,7.816036011041053,1,train
4.085548531838288,6.6852415818695725,9.355689313648346,8.478840375207673,1,train
2.92636259890495,9.266802792278733,7.187893814467108,7.114114488237056,1,train
5.889835612733885,9.567464059524898,2.4989145209332952,2.663644655003644,1,train
1.6565885128468851,6.12194883713151,5.2351277700904,2.8957778309008955,0,train
5.936020966070199,2.771493362710463,1.7136789568603246,3.4391570387653587,0,train
6.129796221725256,8.51349835569211,3.417228135444794,3.5563439480546446,1,train
9.132983043814006,6.765708131110909,2.504522978366424,8.46621348673233,1,train
2.969012721337143,6.4784458292711316,3.0621529000347807,4.453563890372922,0,train
6.293572743179052,1.8582725489630418,3.7314580632234855,9.868766210593142,0,train
1.2931007982130094,4.872608194148457,3.862203958882067,8.923539947406475,0,train
8.26225353127003,1.7849857676169667,5.01497830740603,6.825869639529803,0,train
6.972964902859538,8.876104170833578,4.030799005215735,5.531929144050714,1,train
5.394467812955225,7.84972974466316,8.691710118882996,5.417036331291338,0,train
6.8446356290105195,1.3063547466337697,2.72447599733845,2.998105189373902,0,train
5.130527821276779,7.125293185190843,6.623271278880509,1.2845597139239988,1,train
6.288332030296482,6.609061119032614,1.9635333290155597,5.484593211156794,0,train
3.988634284603162,6.744892168887907,7.193608997320435,2.0401270620246037,0,train
3.776944315615168,5.208914158029814,5.528160280082205,7.882108420956822,0,train
9.607323440745406,9.878121458433224,9.803324924399435,4.02478028009555,1,train
4.892832004260914,2.6325436374744933,5.21088180659032,7.236790312752506,0,train
3.2323345649874042,9.233267651107877,4.648558874518168,7.383081619370238,1,train
1.6184021694752988,7.469353237820074,6.709472143130749,8.807373919386235,0,train
6.791056748911883,5.1098014017744,3.4798218858611083,5.319142878989571,1,train
1.508692870909979,1.1319037429679464,3.6487754469538043,8.08452553584802,0,train
8.981176952403398,9.702481889675221,3.5808865911189702,7.390278544568244,1,train
9.089324791550736,3.452551577680707,8.306258308835934,6.756521710133432,1,train
8.841066620085343,1.1709176116828086,5.329081575898427,5.657718052833942,0,train
7.815631030135378,5.85337674317987,4.159581874197777,7.200402587994624,1,train
7.074716010739214,5.144279942402124,8.71152947665287,7.34107953069412,1,train
9.021400202170863,3.8791492468051905,6.123444879856384,3.215404304995866,1,train
5.663909397017437,9.186448034760078,8.72833446816225,6.051981607726512,1,train
9.07694644568107,1.8655629737049702,4.362165563757582,3.744433295568295,1,train
8.325007376422594,1.9438019629914993,3.6164413237258044,8.083370398865231,0,train
5.702980151498465,8.12631186361662,1.8050170606016085,7.324699810501496,0,train
9.963965611394698,2.505012122202613,5.712336524130224,9.330825620467039,1,train
3.3232270950713714,9.238116437667586,5.647680749040788,5.58773920064237,1,train
7.603000880918701,5.264555238182143,1.9221020236293918,9.043012358888703,0,train
3.0700839550915746,8.315033598893507,7.841255928186201,9.368010054324342,1,train
4.236764496197626,3.6319278087989835,5.2531103522572185,5.340885803233611,0,train
2.7033080377808396,4.521895010142716,1.2426735189763034,1.6802068963676946,0,train
8.240324401592424,8.459375159312653,1.775522882134202,8.25922534632283,1,train
5.820127957416755,7.5166720734390156,8.66742457378587,7.064233524450928,1,train
5.776142361753835,3.3848626790441747,5.937999792723644,4.847423786445392,1,train
4.603250967283534,7.756995198612049,5.587583372377866,9.893740137469257,1,train
9.049225554943803,8.04905435228408,3.2370792273106876,4.460828419941427,1,train
8.487271806080138,7.141556912738218,1.588144468116277,3.203617102693612,0,train
1.6426447438431326,9.602984354510577,9.571052060446508,4.209010827576796,1,train
3.520759973054595,2.8945864876139495,1.7858365431495975,7.133472915085246,0,train
4.246294495464585,5.932085899161317,6.748037696158347,6.785445397907094,1,train
9.919591500536093,3.2538337869326224,2.048437405846753,2.6690082252541445,0,train
8.317544588476858,8.647008410609814,7.8345904233394075,5.794734584716592,1,train
4.281928060121732,8.596331327567533,7.927694712465965,3.26300661904923,0,train
4.0159106395566555,3.6941609729666576,3.3846431665706715,3.572827554856556,0,train
4.73628120062763,8.073001975754561,3.09634199793521,9.121413604209064,0,train
4.477168181107742,7.437642078493399,1.0009725849431867,1.2849987989984712,0,train
8.417975252420797,2.7626101764343405,1.3427207164271575,5.280716982220456,0,train
1.4395778618292288,9.704511661982966,7.786749842131742,4.098893173198132,1,train
9.282308581388449,1.2098667721365426,4.047042413026199,2.022037858770666,0,train
7.306594933821948,4.928689543942911,1.101534706835553,8.678270725811025,0,train
4.364631705570219,7.145037189722487,2.0448482970238424,1.4920146829560748,0,train
2.1131615543599853,8.076661792778388,7.108430737396888,9.258383222577335,1,train
2.3230297436879717,6.039988987987732,2.6547049169460273,6.852446972514933,0,train
4.7832417402196405,4.907111038856966,6.906911692480366,2.334383104801261,1,train
8.759542153669319,8.626733258210567,4.387598435357916,8.905285239408144,1,train
2.340338644835556,3.1056218227899395,5.714032297432138,1.8887835953454866,0,train
2.6724397762818213,3.3229882873618464,5.706662090830994,8.18851617285775,0,train
2.9811768634420353,9.934070103430873,2.4296661169220743,6.7878937540013595,0,train
3.010362629264447,2.951401478734338,1.0911545307714485,1.68712238765446,0,train
3.9152705489806796,3.693035279386475,7.401090672951545,2.6682683600754786,0,train
6.987749707272469,5.4371362379926635,2.0405206118323527,6.7081333303575965,0,train
9.221686550755841,9.74166127418409,4.490870454247185,7.200317006062534,1,train
3.8763437243728567,4.178850372345137,2.987692693729258,4.509801904492737,0,train
2.807616622683975,4.4755866003453235,1.8864769380013375,9.013956599829545,0,train
3.8640542947041134,5.557694372753058,9.15444770100189,7.433671998650127,1,train
6.3101354098303055,7.815986634126334,2.5384472673006497,8.768289397221771,1,train
9.38495141960464,6.383524713883074,7.404083727624991,9.887540177118964,1,train
2.8319582340918705,1.8699197929215323,5.707469967613566,7.546480051478639,0,train
6.9339666689574795,6.436781732413143,8.89528652133547,8.102539434288984,0,train
3.4508144837189927,5.3617140317481535,5.985140911798695,9.929404833927304,0,train
9.784252359753012,9.142749373651391,5.094495242798048,1.7467023730434734,1,train
7.205932619879374,3.0412182847906997,3.6266903680730875,2.468455565368697,0,train
2.645240803620682,8.763776874438593,1.3413412081440368,1.4211384874893025,0,train
3.7512343496089753,1.2605216617077764,2.0002653725018007,6.161474950600919,0,train
3.010718503711896,7.543002512265156,6.518084392679146,6.100521003955952,1,train
5.784146223591311,1.9643917935224064,5.584370564158461,3.2747612486188578,0,train
7.513268237451092,7.0690264683436475,8.48731283709228,8.004175551799232,1,train
5.9784432291324805,3.152452351910461,5.617541034141086,6.464171960499695,0,train
9.010264775803469,6.983336171555205,9.274726151551215,9.26955544380412,1,train
3.3799231958045857,8.8509722741607,5.41771789792229,1.697474216948923,1,train
8.797506504741364,4.698987831945452,1.3358685776096946,7.312987862972639,0,train
1.265327431219772,4.862293713701984,4.500799773438022,7.755410312933637,0,train
3.606462931972672,8.938326166319417,6.295899715566451,3.7239465796073223,1,train
5.652371862816979,8.840014899211738,2.4117972183456886,7.7410784794267675,1,train
3.5338061183334917,5.742895470816663,3.4633253901514958,5.76118087112189,0,train
2.2038417183545764,6.228779778536344,7.8891451046710594,5.4496839565602295,0,train
1.236856751239804,1.3921103567881479,4.391086253229565,7.271349350725472,1,train
7.82520999743227,5.8788581394078925,6.414587326757015,3.7147162165435277,1,train
4.788953460913458,7.609946380279489,9.985001323853341,1.3008851178970608,1,train
1.566421683755316,9.891210940564747,6.946188732067218,7.443556082758533,0,train
3.4661645857430545,8.68975681856201,5.742798875638163,6.299176539707138,1,train
4.128202975959124,9.5021718111755,2.6587487846002844,5.613626715309726,0,train
8.646436142509504,7.807638077867256,7.882811637425559,9.722585964215627,1,train
9.706847453210452,8.024507002400222,8.865945895677825,7.344222510673866,1,train
4.7235939022235796,3.734108538874045,7.117021628094653,3.0189722270863837,1,train
8.165133927694288,6.057100153050298,2.7138340212952006,1.765624518288479,1,train
4.865626712641794,6.870088008600376,1.2986609803928602,1.524284679031155,0,train
2.855780589071424,6.752136150022492,5.349978106827813,9.16131533833941,0,train
6.794424629552347,7.412040748892583,8.851328380531083,6.1441704949649285,1,train
2.8505178920175123,8.67728001508289,2.431847772051694,7.72013618025622,0,train
2.424116497121375,2.611928019220918,5.734553959185896,2.834519613369914,0,train
6.618312805004095,1.3377028757055909,3.724657632794991,3.6950897515717434,0,train
4.481501798526801,7.242823570606235,8.028602674897769,9.617127214476637,1,train
7.202004992834307,5.884722140303426,5.698732116288426,5.7181392943836995,0,train
3.796391977537832,2.0409538304481396,3.9397570398550963,7.630121498731956,0,train
8.483264278556968,6.769795392369439,7.077626571200413,1.185784792666186,0,train
9.998332623267203,1.2468824894232653,2.4784693128127464,5.151459444845836,0,train
7.667960965400382,3.4481629150353212,8.722957263176811,9.330117756469331,1,train
9.564866958193136,3.905568915545485,8.209155366800765,5.870752693377299,1,train
6.842955920993551,3.6441294511063447,6.62154402082804,6.1258670316633275,1,train
6.943093443989109,2.0050778577983706,3.360413845238291,6.520068638890213,0,train
1.7866363501572156,5.304332489268963,4.883457661487877,8.140743382627676,0,train
3.6504826277971345,2.3269471405036612,3.4328628199473896,3.8260531386814467,0,train
6.477570298422817,9.876039969512762,2.9943365297435633,5.293870059871853,1,train
5.0783668443815,2.9365555895412925,5.641033502688045,9.754458256936607,0,train
9.718516510204905,3.372384256807716,3.524311248677085,8.550748138496154,0,train
5.109883742013971,4.046102934761706,6.105081571168685,5.672679788141108,1,train
8.16427961283496,7.637458815804057,1.1970405867638325,9.988604026173684,0,train
8.235400669270767,5.880243636465342,9.939846381257718,6.975216630031662,1,train
5.95833128532569,9.638201023665466,7.206458285175319,5.539162534763955,1,train
5.660210402977218,2.485550758196869,1.6888763691159352,3.2445962206748447,0,train
2.5181451823629395,6.017302222427683,6.821340934510026,4.043713293422031,0,train
1.1990246447261197,9.42435662903008,3.0778882720037406,7.177578576606396,0,train
5.75332465596521,8.379663057064086,8.269339308908947,4.314385768477758,1,train
1.771498121649575,4.714349618556296,7.823469457433135,6.927981524278849,0,train
7.519425923174552,7.565518029514928,2.6467586919061588,3.7888071249176014,1,train
5.829706918032034,7.447021244957723,7.654883241690065,7.073034857323417,1,train
3.1411835412605105,3.5331773906773116,3.8411975901150037,6.409664898404987,0,train
5.2871290972661695,6.893801045184672,2.8411336117046915,3.720606833266814,0,train
1.4274304064447023,1.7721617105362264,5.36389490168388,6.351078806206027,0,train
7.916102079861045,6.064268953293612,9.389085232510258,8.804326071882704,1,train
8.864414113899795,5.026386186771017,5.047732388631568,5.9665850203771,1,train
6.257520418867093,1.2594476685752598,3.202755567554155,3.565160426623302,0,train
3.6788999720338245,9.510613430123323,7.363417861342963,7.373830787389892,1,train
3.428641853948685,3.5509584398193796,9.587368745442031,2.755906433376081,1,train
2.7509610125940327,2.832701075742949,7.234510086889756,4.640881757624964,0,train
3.2643975706725294,9.057904836047818,6.465316650331832,9.549842590641626,1,train
9.82585439147713,4.159738501326327,5.641939263530344,8.060374770238196,1,train
9.830642745501722,6.116452781899477,9.36558448784573,1.6358503970177856,1,train
4.156200326083525,6.955343341875402,9.420081130832887,3.048577761995091,1,train
8.611029553290173,7.599344564340055,6.087138584655559,2.680488447707976,1,train
3.8881681485445814,5.920389669224193,9.031402573180284,2.3612286568202396,1,train
3.375003032285981,7.5161029956024725,5.447622702245145,2.168573025506376,1,train
6.47424190184287,4.117344591433377,8.68818410347613,7.38105361248881,1,train
6.536080983236312,3.7958003939395835,1.3477686292153663,2.2568300678790676,0,train
3.6308944501566183,7.552391692928519,2.384905000040935,9.847168091816584,0,train
6.95430679287294,9.876080903741274,8.28868869075788,8.551138212347322,1,train
8.183983587854815,1.9669353208159015,6.332508372490093,1.3240594228902176,0,train
9.123822711827467,5.07677632680981,5.44389935130323,2.0028179836578337,1,train
4.536372317032894,9.925247050820673,1.9535416278574678,1.6594024070399338,1,train
3.0459518550431692,4.938399314688413,1.5983428993078288,4.069472196464616,0,train
1.9166356480359008,3.1196965005768305,1.8578730557498218,5.029497868093429,0,train
2.9434827020245216,4.736857183429869,6.841054071433337,2.5814536632772374,0,train
3.1665386954683923,7.822693982548022,2.556855996204857,8.541432876240066,0,train
1.9626312942260677,6.542530867917751,3.4125709157214086,8.235147882891201,0,train
8.82740741466592,9.09525469557095,9.171249277905442,5.455954168336336,1,train
3.3833380480161495,3.4372013317766674,8.382388158679886,9.38124343194241,0,train
4.832651819000052,7.821470295349753,9.431247869627738,3.0982098803279277,1,train
5.817234952665532,2.0138389315706022,3.723470413119104,6.614684815805266,0,train
2.407813046276763,3.0160238145563567,4.5199761386190085,1.8331803693752642,0,train
5.121092878584205,9.172230042640788,9.439812873886664,4.186941347577569,1,train
5.009309576387698,1.446213044322055,8.646725614784938,9.05430024779968,0,train
1.2567832325601742,2.088194697464783,1.5362785973632285,1.8094047176148096,0,train
4.354871042945387,5.211485029369021,9.513550110542505,7.904345655047872,1,train
1.4123817577143059,4.372191430800221,5.608971368529895,5.924273942986211,1,train
5.3035251934734085,6.456399973238421,8.547267493765986,6.8874590088177055,1,train
5.027392647309176,3.6480573847901083,5.761193898438371,1.547312525773095,0,train
5.097176028976651,1.3963297371153374,4.547539702065703,7.73288571449012,0,train
2.364438907654076,1.4336762467535917,5.780044010300423,4.854076847802357,0,train
5.238172886751645,2.418851211107495,5.52390655711812,9.297750282271096,0,train
2.922503153181146,4.6112227027750405,3.2028030897251702,5.538298664936933,0,train
1.716088479019941,6.2534290838850115,8.600956578219701,6.014950816785481,0,train
6.1382786400000455,7.5301539360164105,5.265246791181157,7.2433604583700575,1,train
1.3065598635480833,2.364235269147553,2.5948200866715943,1.7771228147399902,0,train
8.163250360150208,1.7336662035619643,4.0011251839230795,6.23598750198673,0,train
7.384823598214666,9.35754114903566,8.62604344840112,6.6107705026569805,1,train
5.741251307764237,9.509407352040547,5.836426247178042,8.581337992320721,1,train
7.04777717110288,1.5469976227662774,1.7827381386288208,6.1239445990413035,0,train
7.159560555050955,3.836920703320284,9.07151391611149,6.9263858999499615,0,train
8.409752574248866,7.2645511758974886,8.208032347955164,7.83156616238528,1,train
9.468295700727698,4.821877229638201,7.40268920490409,2.706363476405696,1,train
7.866554691484321,1.1012598271410827,5.63152197682276,2.7740451037310834,0,train
5.715813017818695,4.4408556684030165,8.099715174293745,1.5324764924593752,1,train
5.485743421243384,5.450856719692038,7.851735567026409,6.860012365664571,1,train
5.855632035669959,2.5387955864590714,5.517536660318079,2.9136356979158706,0,train
7.170557541470933,1.505605084748824,7.22980678086542,6.208158668965185,0,train
6.3059150915218005,8.561772910131086,1.4390268202278869,6.492639256673538,0,train
4.715252997333742,6.3947523608336905,2.052717607593493,9.253501465160335,0,train
3.257746018421327,3.8159251978583733,2.0897553077010405,5.749408246198991,0,train
1.424747303720736,5.355093540361698,7.7509603480167355,6.016376919976959,0,train
7.478393045471098,8.441043737288354,4.559848425199352,6.478879826116399,1,train
5.329441562516635,1.1875036522473819,6.275401704583652,2.1889726826662317,0,train
7.657020781896103,4.6877500357756485,6.186406419663717,5.910224438229518,1,train
5.0585488720270595,9.926024598582696,6.993945910343433,2.2512481190557283,1,train
8.439183153408244,7.966340256926921,2.510795819420901,1.4887505213691132,1,train
3.0869219042190004,8.496035949241666,4.861783503858346,3.4061573347054828,1,train
5.58348833961394,2.0346726115363607,6.370022509707067,9.99024760577154,0,train
6.052235649595282,9.469057229588673,8.706842451628653,1.8050963493424224,1,train
4.985303454511161,2.004416085967019,8.475000842815884,7.461942390727695,0,train
8.99944011855827,6.190755645749885,7.626065305569761,3.365960017602135,1,train
6.8490580491958175,4.203492496784987,6.91335200095283,3.5225837352735136,1,train
3.3579110819521945,1.2915191781509416,7.831328168284063,4.435695989740493,0,train
2.372955399546323,8.042585786194174,3.9376492340747635,9.489353968722337,0,train
5.1316989889736355,7.053022195483466,6.535250877795131,3.9621143641105507,1,train
5.155483898926482,7.930754345358774,9.936866503620443,4.998437296919042,1,train
6.370752465081211,5.197862571550622,7.351370480326556,1.342789822789526,1,train
4.9850456729674315,4.719818081356281,6.281176791367936,3.002336200663028,1,train
5.602661990131722,6.504449123600578,7.511686519600153,7.450084237234551,1,train
7.570936296301285,4.053486528612792,5.0064767449802074,1.9617077801049505,1,train
2.409685007220373,5.6601268656223205,1.8508367677606872,4.980586682424833,0,train
5.697600380208103,7.478641777156403,6.777755932390746,7.4163154330340495,1,train
8.926078704043928,7.5198472301773975,7.338857513926877,5.8488443409502935,1,train
4.9590702536848195,1.6240541020563062,7.401220474055787,8.851355016715779,0,train
2.8741427032089772,2.3088423503893187,3.8712552617308353,1.370239144273525,0,train
9.68146670783577,6.1967821797718425,8.074936854283884,6.345958012662421,1,train
6.797613004815435,4.485597074091738,6.309899884731164,8.55664095684341,1,train
6.910545764094385,4.218286159052002,8.53899628114666,9.039562190529159,1,train
4.617534410438169,6.860217780320456,7.627621848260012,5.4499537919391985,1,train
8.571843551878374,1.9474319081428764,1.9560294906706863,4.88500751826993,0,train
1.7669521199621283,3.5131061175356573,5.282813160045496,2.789181821802152,0,train
4.042190926396293,8.732587335229459,2.0426000472938255,4.67161972872975,0,train
5.843939057122676,6.307289943095467,4.377720060135058,9.480355560787222,1,train
2.17577914180693,7.816949421157548,2.551299770239752,5.297496645091216,0,train
9.87457939233923,7.839373006658392,7.1226490662876945,2.876510402914676,1,train
5.623922058690712,2.170841595737162,7.597920012698365,7.925266146376658,0,train
8.043312635146382,7.455342753218906,8.54806904855888,8.214911712825478,1,train
4.355952837234348,5.07544915477306,4.302210805759761,6.946312276995963,0,train
5.498310053678199,2.1536353092461065,5.2702455632770375,2.3077244526655765,0,train
6.017890367978553,6.609503284871547,4.275252155069362,7.8578336973330245,1,train
4.212479779687368,1.6545527434814375,4.692273058602409,1.4567989311418938,0,train
7.229731584837723,7.5430303663237295,5.40922530007896,2.881636231858335,1,train
6.38054145378522,9.581242678596492,1.1640658887542779,6.061540107653725,0,train
3.3141540983396474,9.087179959343858,7.982198345524339,3.559665144168898,1,train
9.251321075782728,5.428819137289555,7.71511356524457,8.979539224716342,1,train
3.9940817855236763,8.435891518680904,3.9821099826726116,8.69346942597003,1,train
3.88226907623228,9.516964173138595,3.1643511683233188,7.001488788080959,0,train
9.785744799478323,7.386997536106754,5.6984965983420395,1.7586981217033801,1,train
2.5599963746155217,5.930504606152725,1.5654205094088134,6.571160661058182,1,train
8.165672546389027,4.21267245855741,9.724455806722952,3.1242201174796884,1,train
4.863956437428412,5.62429150338248,1.3954739560582399,9.361317897624936,0,train
8.47737427701173,2.226921500554795,3.420652643259474,8.080119553279477,0,train
4.133610963935485,3.158082401777799,1.8695771826145224,2.7354067202620778,0,train
4.6977938949816345,1.2417149986511677,5.367339395139023,1.2275252056422619,0,train
2.512790225427741,4.92726008856209,3.560987888905072,7.245042545406719,0,train
1.712200871908351,1.9291132437870626,7.305160817144001,3.545738704500934,0,train
6.739525454917279,6.248108273957903,5.744824557105341,6.3941438459019935,1,train
5.718527819133673,6.362455960182885,8.025573010454416,2.8776676797478444,1,train
2.320948981276906,1.9559363374544287,6.548168641541105,9.760430075973497,0,train
8.179221552702414,6.090333993828979,9.10380645475431,7.937861409797463,1,train
3.5313990230007324,4.093597758098767,8.517982982366085,7.5398497974565295,1,train
7.319070846892344,8.000743663648908,3.647324607740622,2.4914347613488705,1,train
8.138658195460005,4.059465406880089,4.468993023781204,7.182844226327146,1,train
8.64548453349815,4.253535800352805,2.636631910714817,5.926760869820647,0,train
5.811930286785509,7.706915283434828,2.118268678798012,1.358044346529354,0,train
5.794896520937541,9.669847899902628,1.8634079845372962,6.04308841407579,0,train
6.026608384454266,7.1815016918318015,2.2522340010645507,7.489319701403213,0,train
1.3419922784773601,1.2273897972081136,7.563380563770366,9.738340813624093,0,train
5.931527213329195,5.153607702574366,5.1112924315818455,7.187479208907581,1,train
4.9902911830551435,4.539755918069698,9.710295959587492,5.930585988779033,1,train
6.589411170255935,9.422566150088349,9.653849809067609,5.695834498038122,1,train
1.1932542528306387,1.341222326780993,2.0221923500928263,3.180684105521838,0,train
3.991828700149952,6.2657656350792985,1.9276130927564448,1.083507284988288,0,train
3.266389922758049,6.074071552380328,5.58476356841003,9.44556933084864,0,train
3.1306926313286536,8.427703547907397,9.885105285871974,4.715007537909274,1,train
7.7881596224125,4.488496891537897,5.905128084724643,2.2223952960908444,0,train
3.579262561079791,9.894008817100241,1.6765301982340748,4.403684982013505,0,train
6.300873690051174,2.6059136144224975,4.567208360256199,4.272688510601968,0,train
1.4754786632873889,9.493639075271892,1.7344509276459585,9.63223324531195,0,train
9.493061959926234,2.0448626980806237,2.6043939617208656,3.640137451212193,0,train
1.8462524122306405,8.555329003763312,1.427479567881232,7.0830746369704976,0,train
4.883894323421526,6.015440074411169,8.575093668485344,2.2182795945537492,1,train
8.760652676402326,3.3992560865500745,9.771009615632813,1.6202400391769842,1,train
9.638969404346344,2.4921982888618572,8.210627929042243,8.849954289124993,1,train
1.5013874246267775,6.666999337440693,7.441490919111356,7.98110650040231,0,train
9.357856598385881,6.573549550574183,1.6968776511877914,5.968948191928824,0,train
1.5360994362598663,7.344052074665262,9.744158670926897,6.98164619638578,0,train
8.91293701603185,8.520864476622052,6.492093643907421,7.143880622974168,1,train
6.772862489780121,3.3726235923309664,1.734495033508006,9.998542416897127,0,train
3.920533166940758,9.905646750142095,3.997424851853882,6.695963991503353,1,train
4.509388206846353,6.208801613010071,5.008425657710617,9.12525904106514,0,train
1.1129464554831545,6.785875452390169,2.5132145760400704,3.8134899210537068,0,train
5.2686463900969995,4.721816722827068,9.43655485149152,7.778495872246044,1,train
7.7321540137756095,5.813611193969799,7.08184072983373,6.200218502985776,1,train
2.9657704955324817,9.456939191164333,4.54511106326896,4.285824000659112,1,train
8.509258185850767,6.174761151197135,5.978070601004464,7.887440048023884,1,train
3.949165657650738,2.4477921095643587,1.9884682858228877,8.046927007729888,0,train
2.902833179265449,6.702446152807967,4.298150768986556,4.275513921607,0,train
9.6607005545067,6.769895597458113,5.390101371128342,9.599163483982695,1,train
8.16059419405144,3.66640382149182,8.728773863607458,4.661557727796993,1,train
1.4522693075102149,9.03256773570232,7.969603689578339,9.86838258886196,0,train
1.6277966187519146,6.308955811955093,3.6611295762746807,6.086955354444292,0,train
6.579687121141468,1.6443355933624666,1.8355174239887129,3.8411013023569875,0,train
5.401707442715785,4.61082998255372,8.131791290315418,8.910451310565215,1,train
2.005079698915071,6.580097142745104,3.0520869323101083,9.506776418198443,0,train
2.5913261777128724,5.837769496768248,9.37517160908101,8.909389840450553,1,train
7.079988124727168,7.3793774546918005,3.9497691572286233,5.338243874997352,1,train
1.7562089355177228,1.7923519183983143,4.404997989281799,4.606836955231481,0,train
9.330995651886758,8.023791656822631,4.567879290100571,7.206492527945543,1,train
9.041412310879705,7.022930798023843,1.3931366125692128,7.217103913947411,0,train
4.064738762647792,9.047163776925848,4.723516141211302,2.9091571290618123,1,train
7.337996141481077,5.4716847353248665,5.996987051211491,7.896160565451817,1,train
9.377782887870508,4.145637294148406,4.048498699857262,7.16334306810257,1,train
7.805303420521338,2.7578111199500226,5.8493782560390954,6.343974687817456,1,train
9.206665350787246,1.4032769172367363,7.719800385708007,5.402325040908027,0,train
5.697742012872034,7.660214158185275,7.877695808668092,4.705438721249438,1,train
1.3167167433594043,8.50831712985281,2.1725654564938517,1.5152835034649625,0,train
1.019648876080829,2.679539833702479,1.4242779220926045,4.260867878967161,0,train
5.755439853272066,3.0993492363994974,5.526762163719389,2.140945516228105,0,train
9.029132904173629,4.380542806658557,9.941732222233007,3.4971992670405356,1,train
4.8201769784277815,6.773204404978555,5.644273744010245,2.7056020315654234,1,train
2.844929465096387,7.486884621736168,3.721849336652181,4.448466683192189,0,train
7.302634552191341,2.9585543009586415,9.486800309816086,4.683956271961222,1,train
9.729058458404023,7.4342427487959135,1.3885715270416417,3.9704739810334995,0,train
8.114071180917854,1.898275744415131,6.952834281748217,3.9234657530332875,0,train
7.93399444786516,3.8509793225358973,6.447277508569918,1.8339617858339585,1,train
4.79981944545753,3.878139249445313,9.23782023673388,8.695528418611325,1,train
2.308260242585782,5.91142909901598,8.319944603349645,4.312633976198072,0,train
7.065747506642379,4.2613442754378275,2.1875498389526635,8.40958257758598,0,train
2.1005542127516463,2.498566046798276,8.880876543292079,5.110793493603637,1,train
5.961639215285733,1.5581664789092575,8.613969007308008,5.512352913449536,0,train
9.963164386891394,9.165109456881233,7.162849240768807,8.367595376242217,1,train
7.881341199016546,3.9450412947460722,2.7461493183391097,6.206030044714775,0,train
3.5341742658085575,6.446511458142385,7.809867845673256,8.058884189117624,1,train
9.957165501602187,5.759765786160656,1.917737062038432,9.097591738491221,0,train
4.09856140960664,6.161296223041216,6.364837817366069,7.790309272063555,1,train
6.619061037944596,7.418697678910805,1.2317150769402723,7.916242115787146,0,train
6.083177040159877,9.930166176330092,1.3286791592399245,3.8585732117566867,0,train
4.228968864806058,1.5002456551312582,5.787410486546737,8.616840938189172,0,train
6.20763545116366,6.406806061812422,7.470064194113239,7.360665159038481,1,train
9.242847409772583,2.177418932060591,5.293755711382589,4.507280215150139,0,train
4.9142422761804285,6.854075377056082,5.091839920354698,1.0428306111332248,1,train
6.398452132353304,8.800894027811394,8.749996300019234,1.3520389853120496,1,train
1.235963589299185,1.7842738223447978,4.440750128420357,3.151957331436601,0,train
9.726371823286549,3.4815464042564512,4.8736069308660905,9.556500390026766,1,train
1.7522981629296996,1.4547481604024073,5.46791736870517,7.932422465103395,0,train
4.269710162337535,1.94182421536408,7.14609243464118,9.993501089472954,0,train
2.904991025497446,1.7878348349221471,3.816431976383824,4.088701979563603,0,train
3.3207065308168877,7.645670573826682,3.7661864394726976,1.4486172952438352,0,train
7.522213175769545,9.356065185005258,5.561833925206995,1.7806014227502516,1,train
6.869456415207849,7.902231822946753,8.128108105457382,6.2710137612536405,1,train
2.7545863191745825,1.1352961734468467,9.154199310230432,5.2887341147145115,0,train
6.051644502323547,3.801296152125868,9.361568161698237,2.7167818111997883,1,train
8.596733765515435,2.63980769427424,6.402246225575001,7.844456763382469,1,train
7.013148118713943,6.3358088031529975,5.5402852682796535,9.425702705512949,1,train
3.333892701419981,8.557799741867177,6.596545392564829,6.370437507052367,1,train
5.210820784994964,4.988139483252381,7.6761012805041435,7.228723851708089,1,train
3.1088530323802157,5.303564255899185,3.5706010987776047,3.5912409863732995,0,train
4.58589233629013,4.742067571215534,6.420573097161005,8.469112904063172,1,train
4.179815866677888,9.683380944237618,7.229945169531265,8.135245420582716,1,train
2.2988699950225846,9.161105558178829,2.8932465355658694,4.971502585827983,0,train
4.290161498642758,3.55644421305273,4.891287412053744,8.306988345695228,0,train
3.7778306959725265,2.3336733630038413,2.668978452764322,5.907610951260672,0,train
1.4403214073711155,5.420625716833479,7.57610741984253,4.920744186703204,0,train
6.527487276083821,8.215842511985528,9.407031865648833,9.355088761945918,1,train
3.481209246695457,2.890049271024675,7.53896083869425,9.775449113047223,0,train
6.125906153098915,4.463430641509673,7.547860388351069,5.862344295756144,1,train
9.194859502301561,3.7020898681645815,4.361795901566214,8.963721002150532,1,train
4.018770825877777,4.554255840650187,1.2831623669783758,5.870515222035872,0,train
3.664776004521906,6.080051448014547,9.27104398125728,9.915792454697996,1,train
3.739648558746252,4.651065358519173,4.476368115883794,9.293045085738981,0,train
8.531401644076645,2.1983903307301293,7.841000500833537,7.960995499073194,1,train
9.69781142111823,2.1067237375601175,5.002022437826226,1.0225234732463182,0,train
9.258065512559021,5.060689563681233,5.545803895901408,8.418763944913547,1,train
6.651099118413839,7.988229109542115,2.9134565402792525,5.601608278999936,1,train
7.322964701408229,8.180948696086315,2.2083179589079487,3.9478276874204026,1,train
2.8262377461107184,3.061869289381013,2.3343362321902354,7.759982165233384,0,train
4.852276903572311,6.265539812203192,9.978300829975996,7.732982762199459,0,train
5.986725297723229,2.109064900118309,2.5181020067301634,2.9226009214300506,0,train
6.074276479300379,8.255364280748303,9.762860701515429,3.745868690524723,1,train
8.421573051641147,1.3744952614258712,4.689305782001209,8.996861001053627,0,train
4.7211457354424615,8.272372029753594,7.553118815851216,7.19336760352314,1,train
5.867907543179771,2.5441849043460096,4.477227687406596,3.8422387561236953,0,train
2.5335859365312383,1.060153545499992,3.8472768955856367,3.2108052366213395,0,train
2.7677471938268106,1.7544382587118887,6.175378746349948,2.1327438231856988,0,train
5.236858278502178,7.226709743854713,4.457098319698367,7.199136105281639,1,train
5.476814584295258,3.0348449472357863,8.606035990361143,3.9915168739705944,1,train
4.7095332630886775,5.007269573088637,4.810799411569184,3.1980181809961907,1,train
4.695352189885066,2.6014066125204507,1.935587687342173,4.8839948734567535,0,train
6.7302995314820535,1.753798631253748,5.850825515595502,3.2378231540913225,0,train
8.130761431479268,4.900122319135219,3.874835267469685,2.2761368318074546,1,train
8.147565454091392,5.821406970131193,6.6828938192331915,2.1156700672409716,1,train
5.962457834125537,8.561511805593469,4.140331615692961,8.776926047854477,1,train
9.29602884342996,9.011216970191628,8.829274209523497,8.211379769218205,1,train
4.85676683714261,4.238740351126566,1.6024878434284378,6.660486969772275,0,train
7.739979332060304,7.035690355595518,7.61960689291258,2.931024541181917,1,train
9.195932389116075,6.644308073329508,6.192476924167225,5.005572057358141,1,train
9.98067293393365,7.639426915306794,1.9035958206182877,7.1927052491374495,1,train
8.094540576068624,9.961099683934256,9.38013880635208,6.615088769038109,1,train
4.179262261386205,2.0357155090127366,9.81666070483358,6.914895486073399,0,train
6.931703507487109,7.903289359733619,6.670481560697891,6.912201768043969,1,train
7.961969980863982,5.294052382098288,2.5084165735856447,8.394900064915678,1,train
6.735188994349679,1.8658519220581795,4.027618265600767,1.7876001031365032,0,train
5.071780402325601,8.742706173723331,5.758380826270679,4.707802849919615,1,train
6.798192091216474,9.965275664395374,6.255746111877234,8.213294787215787,1,train
9.705302004582341,8.283663326377386,5.715917660618604,9.19794338764359,1,train
4.422758510467495,3.3847683969781204,9.335974734585768,6.047596381963368,1,train
6.420365184339134,5.650906802222409,6.363861474605654,3.1014553264249263,1,train
7.3783444377690275,1.0967284627383012,2.2323477425055254,9.554742523759924,0,train
4.897655369538427,3.523760719640383,4.079048428327502,7.965650951978031,0,train
7.32057315633113,1.008017762284323,4.877781992549867,9.016917302202167,0,train
9.91150122613529,2.176599798808463,5.809719528873838,8.854736587777262,1,train
2.7421208929935315,5.893331063413466,2.0008726316357666,6.9733766121555165,1,train
1.3872614105077505,2.548709519208553,6.458421035717089,1.987701995068511,1,train
2.688435016980716,4.5429610866112045,2.5833545170994707,1.6916416683899909,0,train
1.286886186815066,3.7369565847079147,8.89494570741783,1.3747963367735103,0,train
6.077614405186672,2.168547724541197,6.511094732684407,1.8674544068592898,0,train
9.722824877906211,3.1988382844963237,8.31871142020701,4.057896330602954,1,train
8.639794553080021,9.07099517294771,4.132536924918206,7.179486555394483,1,train
1.3931099943689857,8.84484212339343,5.384724078333152,9.864085834482161,0,train
7.563735147764589,3.0623516488767577,5.877137395294143,6.966247096085813,1,train
9.555695161170396,8.721743763360951,5.906003083842503,1.7922925824416023,1,train
2.125250735666085,4.691710148270677,9.946567712932097,6.534587016342328,0,train
4.795500039599315,6.301991225786649,7.624314173343696,8.682798328134536,1,train
7.611536336174881,7.168703467428099,5.565654638709502,7.00433828176242,1,train
7.311355918772145,1.750692295034974,8.95277895700058,1.4965947722521753,1,train
6.430990289014053,1.1367603587022597,1.6642628734381906,3.086566646630608,0,train
2.236307967438016,6.785662552840119,1.230883648016162,7.819986089675793,0,train
7.6728675489213165,8.005391987726416,8.918715984769818,6.389937380583868,0,train
1.4089607253982916,9.707145375213594,3.309527483784666,7.31982574543801,0,train
3.7450000388313645,9.46411114505753,9.637221173130099,6.345404240611866,1,train
6.8876884560343505,7.802318682395902,5.90885114059167,2.964990842560252,1,train
9.492264698448091,6.828115891876922,6.672780438702781,6.819285418336653,1,train
1.6412295651117677,3.5847905273403544,7.359331552492421,5.175410010941868,0,train
6.983001275014488,8.43737470289399,9.98742265243292,8.394451137438264,1,train
9.252943905997192,6.3655536315121815,9.745715661266734,8.639922460684122,1,train
5.3043206466074855,2.396360598298709,4.751108015250536,7.627562703659915,0,train
4.9862342486947,2.731091876896716,9.08514384926138,6.0476116122232595,1,train
5.463778258066558,7.206173263440709,4.507377916362967,5.179714906862227,1,train
3.9991896522582655,1.8108838252958974,7.947603946361036,7.504937128349661,0,train
5.7464851415539835,9.041752074217873,2.882629899046303,4.796653983367138,1,train
5.476369080543715,8.546966956062148,2.723605246650124,5.059317525783823,1,train
2.1586215246616556,3.7010933775282195,1.5268214433839784,7.28473875909204,0,train
3.660547929340465,8.69809839921092,1.7884154904465805,4.153547755239509,0,train
3.6370830347134913,1.3417793810480152,4.538552162415714,9.08897703798378,0,train
3.3649834786704607,4.867649976183078,2.1247594408960655,4.182663023177479,0,train
1.3273932992407462,6.541167175066665,9.058808608425013,1.2977940445087333,0,train
9.06933895876661,2.2561275018303784,5.875115006986966,5.133870484461917,1,train
3.8692425942941595,6.034194561887413,5.3126616498964925,7.243826377825068,1,train
8.53673931719376,7.9836543920854774,8.842344940500233,6.825296705271341,1,train
1.14157239605934,1.997149145681322,7.139133224382643,8.997821003200071,0,train
2.5254767134126754,7.3256701566462255,7.736796133547955,4.322755957266695,1,train
2.0448339659313937,7.478486854356654,8.969306505895057,5.864410502834166,1,train
8.569785088701412,9.86632584781003,4.568477915178384,3.3811415000594924,0,train
7.851631880299394,7.397589318810628,3.718312822699129,7.419353117043065,1,train
4.517378545232248,4.270203914937297,3.9650348241874487,5.059375382880952,0,train
3.089078613406465,8.624655482009647,4.920441746432581,8.786450738411066,1,train
8.034866153629554,7.40707769421577,7.27378543853257,9.802427609452591,1,train
7.36843917139335,6.697849924953781,5.923792082011041,9.737204009004257,1,train
8.245999439956663,5.454906746702309,3.424968575186875,2.144063147576964,1,train
4.533155979582265,8.793777565331528,1.0859441024029817,7.73442240674026,0,train
2.094034913014946,7.2818512477860065,5.295729228362885,3.5388861195792094,0,train
2.8220905610081854,7.5308474939403585,8.00215358070768,4.918429322724785,1,train
9.979533471846581,7.068776976201634,5.1396615178589435,3.802286510116427,1,train
6.28355856729862,4.5760778975860115,1.1405766810094824,4.583455238155064,0,train
4.339392685818295,5.045404784378227,1.8712111702223262,4.971767972580381,0,train
7.751730667321527,3.661771951538998,3.546192622642509,9.831235200499062,0,train
8.522186021852269,4.38033776721778,4.267630366440095,5.935845920801904,1,train
8.739484056081839,2.793710721646399,4.9054216917270015,6.944338440721376,1,train
9.246971254957417,3.2059768844484546,8.677684203437838,2.3171882940600685,1,train
8.00708014908261,3.045261998729051,2.748436315952969,8.669193049434096,1,train
5.521204533647908,9.572353619694715,2.29899274152384,9.360879545423145,1,train
4.835287517402663,8.121944581500642,3.341759372209453,5.613997169616311,1,train
5.111560972701843,5.116465730211641,2.193258755063049,2.5806078166077913,0,train
3.6185527525581227,6.6911627339669195,3.1274326734130815,4.697463133600818,0,train
3.847580339183874,6.384750450184253,1.410604547655806,5.413758731945966,0,train
7.557902919528665,9.073984814742495,5.662864854452045,6.1896625849191835,1,train
3.3383080712209043,8.635577843081602,9.006819398785453,3.5019790224473892,1,train
5.394534637853007,6.837295592894997,1.0215014705025056,9.04247329245149,0,train
3.7432150584725226,2.8155795866551037,4.770202601833789,8.77231663421169,0,train
4.494779317590229,3.6405812700329547,4.6608177236922925,4.3663652992970725,0,train
9.89967154671871,6.852974609823592,9.872626163093694,7.943163115483601,1,train
4.14656866581556,3.8285748768911514,7.021367418843,5.159109493477396,0,train
7.725998053122499,1.4133838941752277,2.274856275324926,3.4775090868192056,0,train
7.532164448172278,3.3597541710962098,9.437929453034277,2.2099129676002014,1,train
6.147087218580842,9.158453530249476,3.584585473668621,4.213825946252408,1,train
4.35281466705311,1.2018392010898493,2.5207615926048828,7.623619812716823,0,train
3.7322493763596905,5.681181847381529,2.4668310349983833,6.73951673782041,0,train
6.755153567536281,4.886202134520414,5.947071035594634,7.580617394487904,0,train
9.594945786922217,6.320302759995593,8.6971864230091,7.567447056656753,1,train
2.805183804639419,1.9167007413136816,4.278233785173645,8.013064623500396,0,train
3.1200837612097967,4.152959410935389,7.503208838991853,6.84133714508231,0,train
6.474958290943809,7.207206777948774,1.0600344483983823,5.950163568002019,0,train
7.57072637748933,2.399708044597586,6.804387608194731,2.0735048302248122,1,train
5.268548699726204,5.277836534741064,2.2661544483291904,5.454552535763565,0,train
8.562956259925295,9.155003915696405,9.241598077107362,7.617916177381214,1,train
4.045362445106331,5.627041417716628,6.862522484150696,6.53845929432389,1,train
4.570530061359627,1.5207968863817345,3.5194426768963383,5.321154446585909,0,train
4.69455055431291,2.822513714176196,8.581430145776807,7.279906452968945,0,train
8.190160508694238,9.197306249561125,6.734436861151462,7.281055027427929,1,train
5.3307801409241256,7.088893102572524,2.1877802466171286,7.972503090836097,0,train
8.629941854778172,5.9171415201865045,1.0095399073896223,7.310485661743715,0,train
4.03465296227416,9.09973932231981,7.910174838802878,6.081747735534506,1,train
5.7402293247324705,2.238244214264544,2.9373459233487456,9.56310487407459,0,train
2.030339372379512,6.24809957422233,8.707526450668745,8.022528338995823,0,train
6.381160328371178,6.205670604258877,7.12655939138733,9.617339395938389,1,train
9.514033729998314,5.791832768938507,9.321996619532435,9.672518261112831,1,train
1.4513883488201937,2.4552985476730997,2.1048606608202554,3.1493226359269775,0,train
5.928734715785567,9.357737837366903,9.405692072908911,4.003333298782071,1,train
4.868152709103271,3.095763867010043,4.32784215536717,4.320216089676856,0,train
3.412285133162632,8.15609037420892,7.492649386580375,5.359511156443079,1,train
2.507358869682389,1.8063586145035262,4.47526052153464,4.350012758271092,0,train
7.149288399308664,2.577471430662201,4.258020585225442,1.902727382547635,0,train
4.919011852516865,8.141618756690429,5.261065352597508,1.6947174798308495,1,train
2.174304696216293,2.9516247663195996,3.3972567191339875,2.2047687500176005,0,train
3.339993501917689,7.567242502368771,9.956998898244453,1.592824560157875,1,train
3.8349868941928937,5.063735159874112,6.2923936411548835,1.2749622838738999,1,train
8.655663311818637,2.5279451650062206,5.534583794133975,8.929207554123462,1,train
9.97255671740287,4.091704687815643,5.5529812483156835,8.09238453086993,1,train
7.964787915967881,4.455299156742708,2.026968594050705,4.1690420048080234,0,train
6.221611727478367,6.654973455825428,7.699731253242175,2.515223974198215,1,train
2.1788143811216663,8.014105254049737,9.013787113413294,7.8833391699034845,1,train
8.535388066991905,6.445283109455932,6.718212478536226,1.2909384729505886,1,train
1.2983728468319735,4.371402806083857,4.990305574715839,5.892715585139304,0,train
7.65355795329776,3.7187128519709973,8.941883953401286,2.4593390658177663,1,train
3.3554893230378555,1.9639886190697773,6.149084985146773,5.356409017430319,0,train
5.708216680521759,7.385313909153148,3.4528239163046166,4.110335082146719,1,train
1.820285569068992,9.853811991702079,8.162994357822786,1.1519329998441563,1,train
1.1864480714309709,5.45532528379885,1.3820487861520578,6.46987993943259,0,train
8.289014261537073,8.291411478698908,1.4213377034555168,2.910448073533971,0,train
7.686682561514157,1.66827537051135,6.286832439516327,9.666182638265507,0,train
9.786779055283578,7.001707855486161,6.458749075259032,6.819133428836643,1,train
4.693113242945275,7.369818367981834,6.825198000157807,1.1272855958321992,1,train
5.087017024306203,6.646071127959228,5.137509554949577,5.3983990800196295,1,train
6.926520569341332,9.662391821343297,7.415611756943757,3.1468325679372287,1,train
9.350170014688953,8.466055545260641,8.873884494038396,1.3739851323176109,1,train
8.716837035804854,5.620460380862989,5.345330096273617,7.781625102548055,1,train
4.886289094840276,6.652056773136912,6.441492320213311,7.166595266463455,1,train
3.156215543488903,8.42325701323725,4.848461488494678,3.180265391231536,1,train
6.906988698808924,7.328831649653626,1.206537586231731,6.59957627804146,0,train
3.5848231842529463,4.312618442066312,1.28231249707711,3.769840965291316,0,train
2.7443608191688256,6.506781121776137,6.033603275050602,3.227733095695442,0,train
4.672591480200636,4.207047517846925,4.545905764706183,5.6322647951602125,0,train
3.4385407357640236,5.099776485611114,2.179246820338381,6.385417218544753,0,train
2.573828268721686,1.6670785762417284,5.903145270943053,3.0686558404202176,0,train
5.471419870721311,7.7503039657956645,1.7963864455522285,1.598795955797644,0,train
4.203182791045594,6.973629580155245,9.718402860300712,6.255105674447851,1,train
8.743220975339852,1.8900857607762638,7.113840818466419,4.072393775509708,1,train
4.402745044673295,3.8897377286197616,2.601410809273216,1.89792384733357,0,train
4.912965911830295,1.0112518645471895,8.140232453182541,6.013588771474873,0,train
2.7764250612021693,5.6880257378953445,4.952304186202361,3.6827518969708715,0,train
2.6802863763940246,3.679934226240581,9.533720473887557,3.2445405797497333,0,train
4.7541379398161085,7.421050934988453,8.36646107629526,1.7458762886528827,1,train
5.4109214451312875,5.439242078489008,7.574172058611301,6.6566796116290385,1,train
1.1981527951046278,7.309627685136328,4.016026827607666,5.98195486192944,0,train
3.343062086732326,9.83856632484223,5.735258725283561,6.345201670927677,1,train
7.6741353448567295,1.7484224643166137,1.655888275309601,2.5132478718720668,0,train
6.03098561278076,9.233824668973584,9.867842416430449,3.02720838454643,1,train
7.150476049105542,5.03735729045246,8.29447503176566,7.801965288531459,1,train
4.072984773057184,5.057870228611019,2.940574067310327,6.71007269894037,0,train
6.893939338720403,6.401559039933112,2.8061668265133886,9.512060482579022,1,train
6.904126400036503,3.258090982719075,9.622935232025814,9.233099593306557,1,train
2.476840910694098,4.335301872694025,6.051572230465514,6.137408299159037,0,train
7.441582046391801,9.43046244965478,2.943860647962244,7.288287636941275,1,train
6.3722871153257215,4.844943680809589,5.072493358092276,1.0392570267082917,1,train
6.919958816457464,3.9231780901697637,9.52339582218224,7.294614578421314,1,train
6.935866124389626,7.745772371612536,3.5434219683352777,2.6064574818511663,1,train
9.548550850001966,1.0896493277431105,6.713133548984593,8.755356612061469,0,train
8.213299735141064,1.0430428709080584,5.716541101905336,2.6461451733208277,0,train
9.689858411795756,6.036430061628255,8.631491196151192,2.04439967507415,1,train
1.629600963520873,1.7353392198891182,1.516055560178515,5.416676198689189,0,train
2.9475095985538227,5.923649092788339,4.093346324502077,7.594364520734023,0,train
9.478168007062418,9.542192895649842,1.8571011764191447,5.825567695349285,1,train
3.0292176460562104,3.820952575799498,2.6680678070992747,5.767950809300746,0,train
1.1852798606563262,9.686774567213995,5.436057686889342,2.1547050983168896,0,train
8.842270537500692,2.6102328467334233,8.81391239384494,8.234285053579384,1,train
4.909642269810131,9.653713917643348,2.4678935023544777,8.238336110002049,0,train
8.440106445392846,7.54741663366504,6.631675232571822,1.4366619519213895,1,train
5.861697597161821,8.892193266989336,7.334526698185666,6.3180855337280715,1,train
7.3299230378725815,3.1949823802951482,6.428701609089771,7.722231193862888,1,train
9.65404395564967,1.430222346606361,7.353005095507729,1.654512946513901,0,train
2.9190149772503786,8.325172331627364,1.9385946639233684,3.566558989013939,0,train
6.396010394626679,2.9113213061400893,2.249132776639629,8.771618781240555,0,train
2.6393570498861694,1.2074152241337794,5.68172273766045,6.01569235410313,0,train
2.2477241078464565,7.360262213528469,1.7025585874849822,2.3172084477088015,0,train
3.9854857334705236,6.66689596861007,2.4821411404602327,2.8862106494327304,0,train
8.040969558320903,6.887529604028958,4.336153292950119,6.775182158521497,1,train
8.2107729799516,7.629205631673341,3.7750440465266,1.3489740075037417,1,train
7.355744384500432,3.1334726275487745,8.126156284706846,9.917945021423849,1,train
7.527349200342715,6.607166276738491,4.879662535740317,1.1737252055519813,1,train
7.6911589247456495,8.97888977098195,3.9576900737905527,9.357021671076946,1,train
8.966529640901701,3.682172060437636,8.669924160719464,3.76351251112337,1,train
5.524486043830158,6.418578902537949,6.48356243699031,4.231948006961598,1,train
2.2033044714662475,4.802586572358103,6.907791623501307,5.274655068457741,0,train
7.778737781542515,4.603863355607784,6.433972586679229,9.278033870785942,1,train
7.389639718779198,6.369860596372195,3.105937011919876,4.985536854002302,1,train
2.1363858337354773,1.1444001748520976,7.6234094848791525,9.436497690144082,0,train
6.598417002114644,6.37692434251783,3.4552286828890124,3.8636589651380593,1,train
3.3241424281694316,2.0224244453771867,7.392466502300091,2.988458900281396,0,train
2.4530055498207095,6.74699643569242,9.830334771194496,6.309878543746253,1,train
5.073999291613603,3.8087253719598313,6.567245142411751,7.4286693627857545,1,train
5.586422243178557,1.5248967378892768,6.936638826276989,6.227496475470448,0,train
2.045425403988583,7.321791509163161,7.900482395825397,1.98274119845064,1,train
5.9839842161979995,2.262579620009557,4.579466550689686,2.8619692112102952,0,train
5.983115707465483,6.744511247541052,5.252930333730686,5.514821920111201,1,train
8.969879275516462,1.6350292640543262,8.52767529715873,5.067387415784254,1,train
6.214232478070395,2.649451663214161,6.784404925155776,5.403356030671432,0,train
5.292397443679274,1.05449026648903,4.5480979728071285,4.788213693854324,0,train
3.618372149685954,7.1791525324739665,9.275085364535155,8.418901906895435,1,train
4.578745791328942,9.627412460384654,9.29764049221577,1.7181703965873547,1,train
7.195758998101921,5.571413985986107,7.277456695994962,6.388067179466507,1,train
1.3014020657861043,6.735838492762808,2.411419755469577,7.018864183098719,0,train
9.064192416166982,8.953345819127993,3.6624071364205966,3.111099410561799,1,train
2.4713830883180483,7.0490276581085665,1.9471798682146404,3.679245361929196,0,train
1.147623576635059,8.437335765829495,9.649472463336293,5.37490465776617,0,train
1.3200252532508916,7.431267541385781,9.729076178676364,2.354797753050846,0,train
7.64123912439267,3.9165559745127916,6.687591621831491,4.246218410666584,1,train
3.1646314172659107,4.399804816996657,5.931660848352015,5.993182756193952,0,train
1.553348771191338,4.597143381539639,4.017996769560358,3.126344407575348,0,train
1.2780300019756616,2.926778063170325,2.736259769263672,1.8555435823167756,0,train
3.7210701562761277,1.580848145469838,7.500417281239553,5.437125263659052,0,train
8.474450076760236,3.1359039289287822,4.965967093641027,3.5366513386968417,1,train
6.942100143438035,6.686154039638818,8.331351044436687,7.404618655812333,1,train
2.838146558856212,8.60587780988923,4.302091311531248,4.7139504626751565,0,train
1.4674921829279124,2.0795392942271227,7.150929875675227,5.582563284441216,0,train
1.9466091755747752,2.4645262258665843,7.001288394980802,5.396416069218267,0,train
1.6670646936140079,7.177412967976395,7.304280785044521,2.560883430954372,0,train
7.634653292548722,5.5292517722597685,8.939643848137415,4.081799690106978,1,train
8.880807492444044,3.078138918888289,9.639785771616971,6.459343760838052,1,train
6.148457121035771,6.803572331926227,1.8240932215694134,5.364542432601328,0,train
2.1787685323607846,1.1450042936782736,7.98092584574596,5.774028222444407,0,train
6.569876336496312,8.497754607851542,8.164995762699718,3.952658290064276,1,train
8.215029355580102,1.4524036869271217,3.906555399022381,2.4493902351551853,0,train
3.895006954098379,3.3888917042233553,3.265770719696179,8.854314021999958,0,train
3.871631782046402,4.7887919999094795,4.796156976729128,5.215335659407604,0,train
1.9113110089715333,3.3008081494791437,1.8688011403516325,2.864606143908409,0,train
7.689220091993843,7.777775294130345,9.761181409361582,5.313437345559397,1,train
8.707746343285573,8.532961095898376,4.955618388877648,3.58857444729639,0,train
2.5885377420309945,4.3553425715482685,2.1614720454377423,5.799956906026595,0,train
4.7242369880633985,4.003121656002967,1.456311011044571,9.278383149672942,0,train
1.3961518435040248,1.1265395272623557,3.7121530658194715,7.175166560990507,0,train
7.983958918062823,8.446977637683943,5.112387538097689,4.651785128755779,1,train
3.957187703271878,7.140539861191303,5.818688755882925,9.022368041217902,1,train
9.729082609102184,7.3504902372367855,5.100888037762232,1.6209944233044773,1,train
7.681943924000312,5.003627970964273,8.874671736140721,6.1200180549910685,1,train
6.255865998087469,5.965624795337942,4.5000395991656585,3.0834175259504324,1,train
7.390625942331658,4.821968059692797,4.202873436688555,4.754777380116391,1,train
6.137955111846939,1.344472721192175,5.1361920798259675,9.972824093684226,0,train
4.270510161013642,7.368282085569669,2.391798220217802,9.506045404644434,0,train
8.06301547700804,6.750010155905856,2.6967940285945637,6.395047499395839,1,train
9.819195826784988,5.689068171389087,8.906110671716023,8.59672516776062,1,train
1.732200905029225,1.4646446990752322,6.490409496854079,3.649828871921329,0,train
3.2420183786895196,4.912909700196193,1.7107560233013657,8.764495261278162,0,train
5.388035993993531,9.00433663293323,9.59513969260567,6.5810367317272975,1,train
6.585603998765975,7.866618907564614,7.159247237801393,5.7132075823128785,1,train
2.5504758029646823,1.4088701520851603,8.851526177616343,5.365455874068859,0,train
6.360623862876816,6.599156421530891,8.488048702679343,3.5732579596746157,1,train
5.831306735010546,6.670572363915214,2.9914322615166156,6.469038491582121,0,train
4.725134823214679,6.476748997631074,6.556991365769411,3.439656346607207,1,train
1.481409082974121,4.0550985612181485,5.6355600527397165,4.941911908517839,0,train
9.382208934582517,5.976358109572211,3.9205911089425367,6.459515642690188,1,train
8.695864063174678,9.190236416090713,7.82615144511876,5.221329211977777,1,train
2.937072287093438,7.129628437524571,5.563995924502087,1.9468435976954783,1,train
9.255319311073528,9.263663896401976,1.7299859384669003,7.094734073878853,1,train
6.866191540474775,2.989997381325327,5.692581325736977,1.1403902106822241,1,train
4.298825341106374,8.141450300629836,5.117832615759446,6.492069581054672,1,train
3.2186706281826436,6.470175568418701,6.410073930656267,2.234116745272336,1,train
8.541581848816225,2.428386349597627,5.8390362676187575,9.799206792081131,1,train
8.333742298835475,1.4985974125764168,2.270261380818946,2.710911646919741,0,train
6.627793492764077,9.647707297743445,5.652172492341016,8.907817704357964,1,train
5.496463197192448,3.5349851827993732,2.46844679944001,9.333640233266491,0,train
3.593049710735799,1.6851054568153094,4.72225052147841,7.59680226303178,0,train
5.229977109893251,8.416154172598947,5.568981554606985,1.4606211605741777,1,train
3.775843145278423,7.0171312080734785,2.113456415792021,1.3658865939427995,0,train
8.157456271198694,9.409537629788716,3.2373486745033127,5.156457624310348,1,train
8.59440839052141,4.645923842472614,3.143783126297033,3.3269893498881133,1,train
4.900362653756612,3.2575387516721555,3.4873360228013794,4.406993682197637,0,train
7.42750281641746,6.676784481322149,7.811807636756123,4.507989577862627,1,train
2.6880164766313177,6.969446489587151,9.687050606753914,9.50992890454203,1,train
1.3934844442187377,3.2078510765901047,9.394997720340161,2.012217856084246,0,train
4.772227722015785,8.367369607372641,6.4716307839102205,5.709707491048971,1,train
3.1719167061289153,4.162588849736954,3.6351857736010116,5.017851656373054,0,train
1.8831541786700123,5.106539237591773,4.917878210986389,4.238757227452324,0,train
8.116692324263266,3.36054397519191,2.120604701189168,1.7580971375909566,0,train
9.71098904581864,9.135689309985503,7.018270072149958,2.0663102068360666,1,train
3.683908281490651,6.273610193730596,1.385709959052043,3.195644161218599,0,train
6.054030300312498,4.988444280188693,6.752601616912628,1.706865392528877,1,train
2.971074751311883,5.559469993501613,7.569282828117126,9.603065651699435,1,train
8.568100753942339,4.824441270550981,6.449506725586337,8.247129087260907,1,train
1.401700434280594,8.817385148003744,5.866239943576505,2.5053587657163368,0,train
5.241007400453462,3.066378007128514,3.500727905583097,2.7098040755978197,0,train
3.1866579587022468,1.1403811426058224,1.7789535791674376,1.4784793331100479,0,train
5.0013212290946605,2.4518973855356814,9.067394040347233,7.914014514335738,0,train
4.367848427282892,8.552994819342407,9.403771787905649,9.426016898576266,1,train
6.9529809677352965,2.0309780540223596,7.480321986906527,9.671964225935223,0,train
6.247016630069677,5.9030616677072665,6.613207546754539,9.74843889218299,1,train
1.9931210762608758,5.290993652001629,4.064685719998745,8.167397910597934,0,train
3.700221249147782,1.1248558674760387,2.0828878900435384,8.905389607422691,0,train
2.808388054300841,2.39980722056583,4.23716190326827,4.021883559101559,0,train
2.762214885928423,1.624764477640222,6.4401548653640175,8.19974877257268,0,train
2.844293933326047,1.7664387046456764,1.635502701839065,1.764140788625511,0,train
7.918726586603221,5.237540506321391,8.7403392505711,1.9983521151806183,1,train
2.476516380509949,1.4511001738752738,7.805179942917377,9.952217847671239,0,train
8.98591762513204,8.248150712424973,9.502864637648656,2.8372708471969594,1,train
1.0928406945024922,7.6768810112846,6.196682426745014,6.581246276790215,0,train
8.034439620137782,2.3691930280185627,6.594059586366063,9.28534875108286,1,train
8.488305035475449,6.567473840003778,4.670647063107614,4.792753492817422,1,train
5.606184030671271,5.602334981525249,6.676112745151515,9.332878641903518,1,train
6.342033973075442,8.882209050960462,9.528844068827881,5.65411007839647,1,train
8.976029142267455,2.329033620510606,6.157994286092725,2.6508794935252435,1,train
3.642020428577678,5.603938891569796,5.87879385767823,7.817596988400979,1,train
3.8102896459081395,2.0676207901233674,8.901845836840184,7.360380298128165,0,train
9.660321462804474,6.909317179989964,1.807118717679548,1.4808142843441219,1,train
8.87937965162833,7.33629319596919,8.04816780361251,6.207888715181227,1,train
3.4988413047852944,4.743759423220004,4.636112513620386,3.7421445762831103,0,train
1.5616928388978004,5.714395477293712,7.389873169234615,7.267154625938287,0,train
7.959185226565137,5.999632327360632,2.8205088676294316,2.3103118877826403,1,train
5.05569395108199,8.395659307433746,5.307733906938652,5.055014229201124,1,train
2.995796654113169,8.157786630076185,2.0202034459083955,8.440171792737583,0,train
2.8253983265923397,5.066299872044348,3.122015981847846,2.1831183242182615,0,train
8.94856109830339,5.357390808297074,5.125157228407183,9.692604496133152,1,train
5.280218226653934,4.2158263561932685,7.598416892165742,1.0125217842019323,1,train
9.378663438832161,1.3346066975020556,8.865982641910135,6.149168272006502,0,train
1.0205412257413262,8.114814893290799,9.822143233123667,9.212614892068105,0,train
5.564169574276142,1.4942724828649423,4.420566485942601,6.6076407054859665,0,train
8.879293637880934,5.592006000344753,6.656976409101226,8.16280015886666,1,train
2.29802289465506,3.217218150425152,2.192010518307903,2.104564993621972,0,train
5.990440966768109,8.796998213526033,3.1816530013981947,4.594578770534456,1,train
2.063629864216937,7.608024307007194,9.879997522236977,9.229008705389404,0,train
7.9808436491802865,1.7866715232218993,9.693899548839537,9.34081138349074,1,train
1.4409199581110366,3.517545799581521,1.2783573949583116,9.767919566144645,0,train
6.426393314086136,7.920129210693354,7.434638681100261,2.8325879186312317,1,train
7.054279778977694,8.27507233720145,7.426531783646801,3.4745111765906946,1,train
2.253704171214576,3.1722077636675206,5.768318229415572,6.436723431857053,0,train
2.83586196836455,6.667056311289014,7.556565749643366,7.382377982211639,1,train
1.4700151286245786,2.720720617244964,2.400740170526365,1.4428705616382507,0,train
2.703642125013305,8.933106141170551,9.117599011259657,9.50803647017179,1,train
2.82461133055134,4.195364965869265,6.1122397171211444,1.4018977592788364,0,train
6.555873149058763,1.4723830738264665,5.619326862689395,5.406437263255201,0,train
4.341050659128184,2.8519431724366058,6.281344236874431,7.9464202359089535,0,train
1.6529990454457457,1.5022619262035928,3.203195475547952,5.2360440008439015,0,train
5.82582270012988,6.854362879655822,8.297764719087139,6.349619895892974,1,train
1.3472074785617032,1.1722636932582495,5.8089092692553015,6.872905467141469,1,train
7.858253577051371,7.686358389549448,7.311058262374591,3.470368353612229,1,train
2.7240869845855378,8.94457020744493,2.6881637015577877,6.935805754007717,0,train
1.7768354288893704,2.3258790825065976,2.336238281284225,6.7196056359959835,0,train
9.112476752954505,7.419543796093173,2.3551497756363813,2.615184428712003,1,train
3.0697721675944853,1.792478696977469,6.0404323578913806,7.065838982791692,0,train
3.1204647628580555,5.473217003422201,8.803736073685073,5.521014817439683,1,train
6.868111479845036,7.999879742781507,5.041487241200157,3.108863431652683,1,train
9.29240945804227,2.6417149546396086,6.416579886754095,6.712110000572279,1,train
7.11747301183187,2.864760739021868,4.709216366906214,7.781782380461155,0,train
9.279265964321946,6.34208743671585,7.875892527237074,3.1788153817592595,1,train
1.0075255411822184,5.875483381432181,4.404927380080885,2.590631014696076,0,train
3.1006247055299583,3.155233724751191,1.8161978531825147,3.4747168157491184,0,train
2.521243622310005,9.822170861330292,9.129555840457597,2.041678025185481,1,train
2.948518865086365,9.506506532593729,8.882091686928515,5.134145578903957,1,train
8.065389452006924,8.16175322110571,7.135084436678468,4.41855277120764,1,train
7.235465271955715,5.898202277017097,7.635609585537717,7.467541822426419,1,train
9.995757744029786,5.986818313148666,9.546454160685025,9.414035110920166,1,train
6.105303525436189,8.453925313501493,3.7067420667964255,7.0757789625289815,1,train
4.495657811647706,5.90853714395847,6.423324374815676,2.415059638799538,1,train
3.6430981652599255,5.991270947376497,4.606252300981129,3.5531508379770433,0,train
1.013577088808736,3.8096155119386914,8.280248355441556,3.563893118245386,0,train
9.921840277197669,7.31611589591555,7.826127654051934,3.2121107178555324,1,train
3.6106193183241455,2.6674676867628007,5.138772220133527,9.396713257356465,0,train
3.4440203158584417,4.558881840151238,1.0571185500624614,3.0969614347326453,0,train
2.011997899920162,7.47210351802355,2.495657266345905,8.367983604392695,0,train
8.275770064611383,7.081310874833208,1.4590586336697777,5.759652531888112,0,train
6.5970684774721775,2.788150742727688,1.3071151769817337,7.848234582497399,0,train
2.2852837546466436,5.4519433749668185,8.182833357905832,5.462152477100542,0,train
6.703396761555496,8.132006073801652,8.637660246361074,4.200740219637453,1,train
6.495411875406045,8.136419238965615,3.373881461380429,7.4809730938439705,1,train
7.102298468963606,2.6273112782769807,7.83665238015277,6.703061735020565,1,train
6.241854525706936,2.0725716945701853,1.931158720010354,5.987584220521175,0,train
8.488855813821143,8.217684813995685,6.272223508839369,8.648182428219549,1,train
5.7673438113073345,3.294640658825163,9.49780067351029,9.720708709127363,1,train
4.605973574339269,5.88788401942367,4.1217028333643215,5.933881350802209,0,train
8.470738576036084,7.956400157206601,4.166108582857083,2.895924410164963,1,train
5.911764191375868,6.438303645633228,2.564575801105346,1.9848503583975248,0,train
4.6494804373938905,9.442018399289216,1.1576326372012409,4.990865347476509,0,train
3.670665540381198,8.260336338897336,6.066656743578157,9.870513286678765,1,train
2.6520819647736813,5.118133240977668,6.33123528577886,7.939184338776344,0,train
6.0771047819616015,7.2475692627423856,7.869086717084056,8.62724563736599,1,train
5.388302295162216,8.361221930894583,8.09131413113447,8.729099025346716,1,train
3.320961917849993,9.067186065442277,6.9499163860673905,7.543380751193663,1,train
9.723220710345519,2.0456601867577193,7.697686905368329,3.345992153320624,1,train
5.835445257029764,9.488193264924588,8.172031599131168,9.599856736780584,1,train
6.667589546363475,8.061567920677811,1.5250757817548155,2.251498150923682,0,train
6.879752221984768,7.873267966974494,7.592785262412904,2.864427299954201,1,train
3.2212695312153503,8.60134701470652,4.62505380990434,2.2001573371183105,1,train
2.2177346996944474,7.472136243548815,1.3058475676268295,1.5176273139313603,0,train
6.640885098072996,8.70789032996969,5.33447500577065,9.309026372908887,1,train
6.160871702693996,5.108395025144195,5.681453258690128,6.518552041537154,1,train
7.508328601741248,3.9656045000149205,1.7646293363863192,7.2635711080276595,0,train
2.124764184130271,4.482510530511801,1.493260075541737,8.623121050141389,0,train
3.494821470475242,7.597760583575457,8.5931122512006,5.488064470423838,1,train
4.71789167057851,8.397617836429372,4.850123996697438,4.297082605466611,1,train
6.406848763441117,9.331024280820237,6.60674605550193,8.333525344616849,1,train
3.8805494353574774,7.293742135919321,8.887168705731217,8.753584001069319,1,train
8.546950576980748,9.340338041486492,7.069667639723651,4.489464514035145,1,train
6.117596764799165,6.996788100381058,3.6355856790272365,8.869277678315568,1,train
3.1895397477953455,1.7264526667033642,7.621350691531249,5.729135174537799,0,train
9.666061339139297,7.786425024701768,2.5462579091357873,4.00491496457322,1,train
8.108156470851997,2.024811486138989,8.550779950031666,3.660072331286984,1,train
1.0534102691899925,4.24147620102417,8.316527705491005,1.0169542833439995,1,train
3.3329411576880053,7.569290258237034,9.742584611696333,4.8178476765574025,1,train
1.15351136989995,5.415837947857049,4.060925035413698,3.9856373984490485,0,train
1.810177675434257,2.372793488767928,2.239179536386265,7.380737342059878,0,train
9.1876040425083,4.079026835678167,3.4758576933126677,3.4993163544157833,1,train
2.040067823323452,9.594730926591186,9.036181843512692,1.7140101082580999,1,train
7.0118674323089065,2.3093100866928813,8.000368956252673,7.614724857388561,1,train
1.3018576844600682,4.4700189041736405,6.956381763012218,1.2700404750813559,0,train
4.499126001347408,4.402976711909725,4.608315083061038,1.5478541398544472,0,train
8.061526694637488,3.1398735197082557,5.424004284022176,1.5037805465306429,1,train
6.187081461509877,2.8653294071455053,6.184308126367639,3.876348919544174,0,train
2.922156903894648,7.600840137271998,9.662140892031328,4.896708589186189,1,train
2.73774183034265,3.4679903964067718,4.874368375036376,4.317386164742419,0,train
3.022401362874389,3.6303722768400073,6.708492014317318,7.849280284677629,0,train
1.3155291614287035,8.367385561229439,9.880979351012105,9.311470766687297,0,train
8.070328520020087,9.406464486332029,4.191838868648202,9.850870047783324,1,train
1.808151326055484,5.221076045940893,9.632096661877537,9.595893575451516,0,train
6.748780115387613,4.611887001899282,9.040987855932546,5.703797882394459,1,train
7.9351815253864215,8.039001636619858,9.479904762881603,1.730590331055559,1,train
1.4148658758374966,8.311742945081006,8.736513115160918,8.810729306263271,0,train
3.175866651995972,7.59209607617656,6.705719629701774,8.511305809956871,1,train
6.127648560231225,1.8281117177752055,5.108258927593786,9.724142359261608,0,train
6.8880709410118035,5.762069159269041,3.640010277796092,4.961151813926183,1,train
9.46092589727686,9.981262372390297,7.352110508477936,5.165857589402602,1,train
6.044289823071024,5.7656933480585195,8.749754141518748,2.818079988612988,0,train
3.5909671235121845,4.654037839046324,4.283664574382536,5.624955976645536,0,train
2.0125340778618925,9.49218591811465,9.139913961431434,1.9169611864945486,1,train
1.9555737601715213,7.7476092672608186,4.772672377976425,7.028392590922069,0,train
1.4101875578998433,6.3930574221862155,2.9638688312433037,2.774928137093727,0,train
8.057475596992548,7.268598089923613,5.463729032740403,5.882440727523917,1,train
6.035262085821745,2.980675196628962,7.046873505648251,1.2816601215057362,1,train
9.724325049086467,3.3431076165930986,9.531451572045157,8.181042583364265,1,train
4.43376228534108,1.1081828859697636,5.753638355550375,7.622007883954732,0,train
1.3375920892785576,2.2767941337889974,7.510287004773716,3.3980642885899917,0,train
5.53152591113261,5.457313861291546,3.112821785815616,2.8739259262170322,0,train
3.620878849257991,3.460893093860884,4.697273770359036,6.580511817359288,0,train
8.592616438459736,1.6364644912524269,2.1765253487453164,1.6380220583091694,0,train
8.881601499448948,4.2548138424961754,9.469024447738764,3.4497836975490905,1,train
5.563032534863066,3.2697986259408465,4.790156735030703,8.567746047564299,0,train
1.0076157717945171,1.4480523696544392,4.358779789851205,6.925760779318252,0,train
9.182887105522472,2.551802974004309,5.773151383062439,1.968234873845896,1,train
5.090776483286927,6.933765727671836,1.2748747474105877,5.737226890406698,0,train
3.193802084027623,9.380090388628599,5.849061768024286,9.194042903262295,1,train
8.01270068077314,5.683693430271986,6.839521762393027,5.709805317783608,1,train
4.028031343896924,4.545604013958144,7.287892511471207,1.6459678665449538,1,train
5.143004630111226,7.164629985300428,8.487009393444648,9.57581771006495,1,train
7.427797520283942,3.0754382670656044,4.888671116653085,4.139679607328236,0,train
4.425678343669848,1.7510653915994783,3.9194193561940365,1.0448608133827813,0,train
3.071162742364403,5.329602385789661,5.734606375563927,2.784996161046369,0,train
6.707287328272019,1.949459548699389,3.7632964033828173,9.723897697517017,0,train
5.464763797736641,8.914452405843356,3.0453301933932435,1.9841034426206547,1,train
4.074636175956415,7.689652881390483,3.6189831494152798,8.951992102698615,0,train
6.263934093039473,4.816461739062092,7.503132781605437,4.149800085822388,1,train
1.4284089796675272,9.610731816070562,1.0752203820853026,5.859765006778159,0,train
6.372864555681145,9.251966353324473,2.1748449453238172,6.656982309678983,1,train
8.305747153458228,5.7293684080584155,8.238618771873668,4.711414733889438,1,train
8.625374666359665,4.089623836385195,5.21819719282991,6.241308370260826,1,train
9.069756978312142,9.705329317541905,9.122387580251528,9.109070525676113,1,train
5.9174503839895465,6.874810408778778,2.5158569447260897,7.567357191274303,0,train
8.27942937660296,9.214668221064876,1.6404387836821255,5.3625879649216355,0,train
7.226170041930675,6.268933787922674,5.415583451214056,4.576302355297267,1,train
2.0475394502415574,7.718436599374941,1.080606246862175,3.931281277056433,0,train
6.471231754852629,7.782397582394529,9.09544699093569,3.9985563212507005,1,train
5.035073948385525,9.215619101672164,2.079917147628821,8.205918884801228,0,train
6.491935262969798,7.6919788969022465,7.033641332305143,7.991113002588588,1,train
5.651765413888749,9.80709312933858,8.211706854329282,1.5884455450087174,1,train
8.732164113897444,2.010553996044141,5.723977076072467,3.137065441363772,0,train
8.11089786315042,2.5363549125517624,6.556231800970422,6.88612748228836,1,train
6.313415203482494,6.353484777648241,4.705641546909658,2.6601502937333614,1,train
6.344232872785051,5.985378654299222,9.868641742505947,3.0430456460741784,1,train
3.1371017444771567,7.212915944037683,3.7122362660875146,5.2154380761343875,0,train
8.949045951428825,5.230162581975655,8.828033094895648,3.3531174478493524,0,train
5.6800023566555815,4.958736165436452,2.635207840319294,2.275997723319503,0,train
1.9185039486072972,7.562879001761092,1.898775166439321,8.783058797494215,0,train
1.9796544133623697,6.689071901159324,4.450054007695598,8.843617784035281,0,train
4.098477055269462,1.8767594572091593,3.5924478830666446,8.733525050021441,0,train
5.379751934639715,6.675798716787702,5.3986090527027155,3.9558430953957524,1,train
5.84572335231228,1.7692554561984346,6.983069986183553,1.5723243043770732,0,train
7.097789278021373,9.489920879358811,9.839970396461455,6.002856876548677,1,train
9.39198220662628,3.5650309991253577,4.805894460285508,3.073111712345182,1,train
2.637507827780592,5.972758068139034,6.884151855278798,6.568803734658427,0,train
4.158229336249993,6.83462832794308,3.590798872877292,3.6902077469893744,0,train
5.23759672147123,3.8458474915093763,8.08273673269223,1.1431096371975893,1,train
8.468190660802973,9.509675783288449,8.838633385245789,8.831431212395486,1,train
8.274782514955449,5.810066451844457,6.052349300546245,6.4795787899908115,1,train
9.843556551914475,5.317459827714096,5.381338895694549,4.31630054793126,1,train
5.039107899164981,5.422570462254499,4.284972368858838,1.958228153923311,1,train
8.414101199984593,1.5381881006252183,1.0293069930237961,3.8289665685296743,0,train
6.484781851553111,3.152317804118575,3.0000463676157767,4.032630655694982,0,train
4.6730840900069595,4.637004358364554,2.52432348889129,2.836968515350202,0,train
1.8898314894789743,5.565151771993352,9.801668076195192,5.910808570525226,0,train
9.89309011462204,2.761938063952275,4.480774233397108,9.690876434653802,1,train
5.266436990299262,5.574994045513213,3.0681510068941957,2.104314701721994,1,train
5.769301841399215,1.929403587278194,4.926891535806825,7.23196528472551,0,train
6.3869312950346036,4.2239526752480305,4.679252018303506,9.119295160576257,1,train
8.191844577923069,7.589633576481817,9.7770695459379,4.240463084954505,1,train
3.2508539582445386,6.853846208530042,1.9945178819185894,5.795183385515401,0,train
5.166119809827377,3.0187576598452877,5.212056005659182,2.7997155764848416,0,train
2.0138108434579816,9.238487358528428,9.354096127399298,5.268123384791794,1,train
3.5248731761517247,8.41073044897708,6.947323951673076,8.211479586713812,1,train
4.440409349971761,4.935510647814995,6.480922265180577,5.054840838991815,1,train
3.2517372965649285,3.761914317392296,6.762021271355169,8.635180579213738,0,train
4.446740471144029,8.71251189107404,5.021229123804719,1.2291573495450838,1,train
3.6854280076867894,7.377238259697076,1.3462052787616217,1.8403073166746506,0,train
1.2038026298609283,5.421345616883275,5.8913066492763235,4.006653678042438,0,train
3.599756606009419,2.3590285583820485,7.9914510707864155,7.73374024519549,0,train
3.086997589994788,6.888431107521941,2.541290757131242,9.88876429877224,0,train
7.271601793957936,2.7422354198324257,2.092337046340621,7.493315984226473,1,train
9.556448044460922,6.3666643718393425,6.660829389570314,2.920480668836022,1,train
9.32296324837831,7.332104121618508,2.1920782672760515,8.912723518479893,0,train
6.487542183259894,2.7887362389093378,8.59978916804252,2.2003250049159773,1,train
4.505244523528546,7.33648488625191,8.509034291681859,2.4161120942306895,1,train
6.8389285430085245,6.353789671093675,7.8999575007243,8.964987108078912,1,train
6.213136491480847,5.506310525413421,7.729110913763578,8.02288202165828,1,train
8.629851683384688,9.052849506010158,4.018986199695531,8.752291685817319,1,train
6.521453228561438,4.926808423710867,1.021090753712063,7.7527241336611645,0,train
2.0841295936648856,2.3593728074895224,7.7356589731205885,6.6342150054849816,0,train
9.000716166616252,4.87970692753436,2.8371035863255094,5.947110982566259,1,train
8.76314680526066,4.926123737127961,5.9599707246306926,5.4473852529133735,1,train
9.316264369451684,5.219633099529109,6.452680695626125,9.259003585978865,1,train
3.3280852997965087,1.7737777503649381,7.489735844477565,6.318112754603729,0,train
5.4477788389116295,4.529483414256858,5.690124874432129,1.3685916002104417,1,train
6.383584291302007,6.603276143386854,8.622238551758631,5.591135730717825,1,train
6.682777916756753,5.783009817235746,5.192842668397059,1.643487157015898,1,train
1.5438353249172079,4.087881110358824,6.826520061620428,2.790243638480999,0,train
2.438311865268625,5.5877147309288056,9.710030567255195,6.561056728205113,1,train
8.53998517010401,9.914662165815818,6.094307846808978,1.957770599850221,1,train
1.6374846468801942,9.295248389282317,9.373014739462262,1.8001482164874676,1,train
8.534592154343667,3.512313713978127,6.502342584096023,1.0637572465003169,1,train
9.473175674152692,1.0010967975762841,1.8288866283740162,5.7366321788201065,0,train
3.666703871010865,6.345151807502333,6.717940110297286,6.834831098344917,1,train
4.860560875717003,6.746077850720456,1.5657810581284624,4.26772102274098,0,train
1.213801988024394,5.621243903671248,2.5784374600509308,5.295156238821231,0,train
4.043394627293066,5.692519593246922,1.4106352180024033,8.193048687084683,0,train
5.330276141108507,1.2888833632067622,9.582293303200908,8.704171332146355,0,train
5.596333437581597,6.2372367727465,9.95986150618279,5.65667477569939,1,train
3.6297957260430955,2.3389126323604463,8.024670460599324,9.877099802821055,0,train
4.946299646683077,8.528535982939658,9.300135623906428,3.4927194454509096,1,train
3.1086873967980915,1.0978896018432283,3.1213341257032816,5.012932738009019,0,train
2.3752302623262973,1.2982372991013698,2.8054467737332134,9.894526385088835,0,train
1.9779636295939573,2.2482531931451892,8.42198158907729,9.353504026107503,0,train
3.8710420382376385,9.165799063463545,6.0947527559537695,3.0422191155686704,1,train
5.59824013715495,6.859117756916234,8.168989098291483,7.253594899286248,1,train
5.394328737081806,2.546131284877142,4.355549276826493,7.239193113270944,0,train
6.421207087928469,9.831628077638172,6.130821682503065,6.542765480909467,1,train
3.263869603641396,4.570388120597562,8.59835371317213,1.5367913042324035,1,train
5.126456113330708,3.077254763139487,9.957734253634582,3.7272120850716512,1,train
8.594466945296336,3.806608274857276,8.221452074890843,5.983942835919122,1,train
1.3082901371628843,1.3639749737274993,2.626237918801083,6.876765652320688,0,train
4.2339452400895885,5.234561756441143,8.327540692078756,7.412147129801411,0,train
9.577062658855311,1.1434812394741392,2.9611732843269096,2.8362115858716432,0,train
3.499643406103763,5.706888389053709,7.448718807538382,6.4912902923052425,1,train
5.341315830133246,7.323591622407353,2.2372759718166244,3.9892959495825115,0,train
2.498789256802798,1.166928000819981,8.297421587541834,8.752668647324878,0,train
6.856413800585628,1.877783172732101,3.2985218821850877,5.254955237749942,0,train
3.6347790853722324,3.185911700474476,2.7785166578295133,3.185489563652789,1,train
2.6720030110315953,8.381456239958545,9.431260058416338,4.267027346180583,0,train
4.46736154235529,9.431792307431346,4.886898327376944,9.59704647898415,1,train
3.924746958485143,4.7778744862673435,1.4896501104864923,4.026791053844646,0,train
6.959749731873613,6.31998320354763,5.860609771450236,3.7937075933350046,1,train
9.981383910868516,8.949837877934545,6.2982091691629,7.167557762661866,1,train
5.954213177134786,9.963188698317165,4.02427855487858,1.0388880635984579,1,train
2.333061430094225,7.919163987311973,1.9709973456450935,7.05192400968591,0,train
9.76201519441507,6.414926974216532,6.838481038375327,5.408581588084443,1,train
1.1045496628834988,4.630306216734067,9.521568716745929,6.539002443909544,0,train
9.303876309988755,6.850136900237318,9.156078479740026,9.197370539668613,1,train
7.349631390601416,2.3597906334701766,6.835662722033834,7.1538279863461485,1,train
3.9506037601455364,1.6247486156553532,6.7313705719761,7.9647698352868925,0,train
3.9119275615667863,4.393368900834737,6.047933843881744,8.264141587483978,0,train
2.632756632919342,4.7048588133665845,5.713099889373203,2.10331629755395,0,train
2.029963958507354,7.638344825432852,9.283143390950322,9.39070679155773,1,train
2.8073492943325054,4.889280912446889,8.451952324504763,6.4507988707270805,0,train
1.208045000845237,4.506137343615205,1.1892792871364537,5.538759518575409,0,train
4.642200198619322,6.808854399447062,6.697970905537232,5.5412899228550385,1,train
3.3039555040276882,2.2751330816084647,5.5242075968338895,4.110033621977075,0,train
4.660477495712909,1.6450412907817806,7.596432199029658,6.7426895518055066,0,train
7.562526911943963,9.88443575672234,2.601381865469799,1.6173562094117235,1,train
8.218926634481196,2.8986974486571357,6.100262853004465,9.718480243056293,1,train
4.982728121307879,3.2827193969160997,5.518897114092351,4.191071120349703,1,train
7.040183244987646,8.802654394917672,9.926667904551202,3.2417594659558953,1,train
2.480582212609603,1.4356586360273904,1.9043091331109465,9.151024483991257,0,train
5.26304035639317,8.623038302370865,2.651701583733095,3.520735666847826,1,train
1.960673653081511,8.83190284323539,9.229695549557135,9.114320728331354,1,train
7.179355125757226,2.1518572425563858,2.9134305911326424,2.467559499988454,0,train
9.107326218372497,4.734422685346177,3.5320789325444246,1.2701390292067694,1,train
6.210358909856678,6.767900908168776,9.484229317573105,5.113621725767206,1,train
7.720468889020944,1.0355154492166128,6.414240761163606,3.1682364088413832,0,train
9.305248179849546,8.04817253497405,5.262219182127037,3.8085794937240873,0,train
1.7346528655396543,7.613865759858247,7.3471322375006505,6.399849058091922,0,train
5.6019522380426094,6.071298388768391,6.970585987948971,7.644944759075818,1,train
2.197188659551494,5.790677643021471,5.54259712609803,6.936286504268793,0,train
2.4180751638524463,1.564150685063292,4.010064309468721,3.680003835063306,0,train
6.640664913431406,3.307189236646864,1.0211593134828667,6.802440623539779,0,train
7.288550315838239,1.7241051361883173,9.38159951850464,9.700694396786979,0,train
4.03017088612936,7.790255338635384,3.035583905550838,3.649192989370016,0,train
5.238398912594009,8.295828295903371,6.40287684167715,4.164335798243606,1,train
5.766755458482251,4.63126600254504,4.448845773984107,3.115660814385981,1,train
9.80842491896033,6.662737854223953,3.7792137928078575,7.401690383049651,0,train
4.3469431415558235,9.341962747319663,5.965703748797124,7.1351975469227975,1,train
2.916870472784976,1.58926675675519,1.5289263618951485,7.132063066217404,0,train
4.406114574641702,3.453987725662456,1.7633987229698067,6.338631856426179,0,train
7.762690742242733,2.3537001638482415,9.962622620181865,5.359206693421573,1,train
7.941230690096288,6.428685686481169,3.667786075676158,1.1016332253208558,1,train
4.3957776430732745,9.067986962701607,8.65101365686677,2.9194134330023687,1,train
8.747635615689795,8.074266356288298,5.153726897556866,7.701852286278092,1,train
6.670256705096081,4.325440667846853,7.774047079490408,7.646222437116656,1,train
7.817185250208448,5.230753722044841,4.66181552377262,1.5833089947124472,1,train
7.569317655038761,3.155698304925565,8.675408903363587,7.875115639785226,1,train
3.900256430467416,3.8110955610094965,1.8731071428855843,8.175297928044095,0,train
5.055402434820238,9.907922190328797,9.533771336633665,3.992404867818136,1,train
3.815092263096827,3.916363706839986,3.738873223816698,9.218475306683787,0,train
6.175786387244045,2.4847050158904382,5.075270040075268,9.359403543466327,0,train
5.188837515561888,2.8299093815424605,4.903053360138643,4.297963420253537,0,train
2.424445238985201,6.313597829475484,4.304675941868975,7.478323104547269,0,train
8.724704391381461,8.81999138196886,3.5563989512883714,1.116854281748466,1,train
3.42049497688218,3.081113161369501,2.3319749940312446,3.6887986143245066,0,train
4.656375462450729,3.8181027113080805,4.165810965687265,5.481396061186478,0,train
8.52661086300349,3.3040358305534463,3.6734204345108576,2.348865800969975,0,train
6.1034310332234885,8.477056578569083,4.008898601198565,2.6718791538060755,1,train
5.148892087130033,3.4806187031639775,5.862288662022885,5.854467996028523,0,train
8.412215818046738,2.530604556005426,1.3706311064628163,2.4611853113842197,0,train
9.002073083738127,2.209836475536549,7.410293818987408,1.9055161184084428,1,train
9.783353054446952,6.767566515556249,4.1164425820129,3.0829007992924904,1,train
5.520546477705276,7.170496534600055,7.9256845703275145,7.995737640399768,1,train
5.312189509367963,4.961037353996947,2.576011166595681,7.1580621808475975,0,train
3.552448331042017,4.65611321858113,1.3433258230978529,7.8806445579489655,0,train
1.1411504953427782,8.49912425201962,5.467908822920547,8.47893313115905,0,train
9.590761278673561,9.518266254866676,3.4865670159012607,5.565103727593388,1,train
4.57591673046997,9.6283168193007,8.590101686484582,4.26293830383393,0,train
4.725722242067235,4.93958103176711,6.927610373868447,9.39565898386182,1,train
2.4548139690430775,5.236705436593084,8.24326681787633,8.20309961720331,1,train
6.631416380765241,5.58677117880331,4.056306584857992,5.3006926573536655,1,train
9.539514864639784,5.141640622528685,5.894389226888985,1.7257765096866942,1,train
3.765646884785703,7.813438635755285,2.658354886993268,6.757986190664229,0,train
5.097079166960584,2.748201168896941,1.8815682894306027,7.252742435416368,1,train
4.186956737075374,1.9027342117541781,8.080143206836173,9.420037171298116,0,train
7.8653213468057785,8.706193479586592,6.667939443926388,4.838953579875969,1,train
5.346133626396903,2.6309773837545913,1.8722384621032817,6.568647720359277,0,train
2.8449103319986597,4.759402457745919,3.680837033322984,9.825532714944625,0,train
7.437849788827149,4.888458701929,1.9805180584041335,1.7242949765394182,0,train
4.474227195774906,4.449861132935256,6.6899149922677825,1.5754481435203689,1,train
3.0486926077607905,7.070449054729335,3.860104985133856,6.607534974384472,0,train
6.496578338982985,5.844135193941613,9.154702581793627,1.2990852137119542,1,train
6.626504490517909,7.096358903713824,5.157972794167369,1.0855167483422457,1,train
5.672707593451817,9.993956869597161,1.4396173430312873,7.494206656631195,0,train
7.335243705141685,8.013131812810725,9.144823381950987,5.6953380269640235,1,train
3.51729140830266,4.361256914119876,7.688132293257172,8.440950887979504,0,train
3.0282800283403373,1.3995041689849796,2.790479164123672,8.031105673986525,0,train
1.6064142389469604,8.552990427971903,7.249073571697553,9.27455672582688,0,train
1.454959516962275,8.877398830839807,6.805333651239195,1.322879322387264,0,train
1.0313134555860985,7.449902542264593,2.570680273505737,2.514020779450202,0,train
6.296314581212633,3.966711376708847,3.839582628905001,1.4203854111745167,0,train
5.034304186848373,4.416544190778152,7.810038539623867,4.403244601367444,1,train
4.625175789087473,6.3294088111165,2.244394528766997,2.019015222648088,0,train
1.0711030326169828,4.463961632099364,8.128107781362507,4.005403364047097,0,train
3.6710747875829766,3.4000707801452634,7.732892464983574,5.340534078324203,0,train
2.546923104574142,3.489317378438542,8.509960688345322,3.488426887575936,0,train
4.200740556975027,8.869882699299056,6.003022164222015,7.684958558643352,1,train
6.147345131589056,1.8052894105885242,5.830221665915056,7.815307606130532,0,train
4.999705360170024,5.223209032646392,6.53175835277439,5.536709698479923,1,train
6.992461075295167,1.4223935302778814,9.182765174599389,2.7319593578744317,0,train
1.3125611851171506,1.375522766028982,3.454121856655093,7.401435618277551,0,train
4.557812593638927,4.209457033657037,9.475282690325988,2.911825475975309,1,train
2.3823613576949048,9.062550452843546,8.184562458337444,6.863095082459854,1,train
8.764376626787694,9.679182099283262,1.8653196263352734,3.704596536310559,1,train
4.12519951987302,1.3135775063166233,7.0767177837074104,6.1675775700025195,0,train
9.431592633024747,4.378553591654375,4.133969851921192,4.0886505334182335,1,train
8.644068619054174,6.055269773712742,5.728079821682612,3.9665447357518966,1,train
5.881286551205352,7.428743275613357,5.042673279929639,3.4216652370970353,1,train
8.53548330217441,7.169134900186969,3.0141754236545704,6.19707538444055,1,train
3.433642220854713,1.8723629683985965,6.482384275211739,7.474803000256861,0,train
7.574192703195452,4.903657542001718,1.1042856754929744,6.2163317089410235,0,train
6.098941252435086,5.355888773302702,4.015678147029673,1.1379452230391536,1,train
3.346716087577711,9.865916506886089,8.453105254183182,5.463868090807236,1,train
9.199842098684247,5.25779332557085,7.397334319160387,2.0785759578765814,1,train
6.28083583740696,5.123246894944364,9.1077816397401,5.305251961510153,1,train
5.1469329341262675,7.260745822056418,7.616517658266081,8.704873064865405,1,train
6.152243738795985,6.392565773390672,2.544192159141638,3.696762046412973,0,train
1.8005760993287678,6.690070569025751,5.541458912400208,5.163273981405433,0,train
6.553534188539066,4.658761153765461,8.306650870808005,7.296304101622411,1,train
4.850581126568139,9.846613416952732,6.177664445723307,2.3270030576228025,1,train
6.689700303046893,9.636182619204199,3.153254853349794,9.373917319932895,1,train
4.572140626547494,5.305070829368273,4.101791498479569,7.802638745861321,0,train
2.002947486884719,9.323627099850931,4.593891197094981,5.723095173144478,0,train
9.181887407935436,1.2623770472393683,1.9572315023849454,2.2700915044692453,0,train
1.6715556709577064,1.2687457161699585,7.0604495914692045,8.804316853897388,0,train
7.224350797234489,7.033180736921462,2.558552184771763,3.8379977937086847,1,train
3.8524284011257466,4.8977032753151,5.447402594423868,9.891690193346593,0,train
1.478191181361121,9.31369773231067,2.498780575742701,7.075402236840291,0,train
8.083727319730595,3.388885619862513,8.741834671168725,6.369435259175358,1,train
4.615954662294534,4.736332390313598,5.298031631169178,3.1039767861221508,1,train
7.280717667868748,1.847738458540427,3.5974355488115073,1.1752431519427218,0,train
5.9660796952486965,2.5838684881860545,8.40947312458708,6.180898117537102,1,train
8.140907061879366,1.3292429095162945,6.0791950137867765,5.489522747209615,0,train
4.476020720634408,6.944468829526037,5.320159304809259,6.047185350858409,1,train
5.948053159388668,6.182980304958487,3.290241979363423,9.725172786876822,1,train
7.5320324976321,8.159587753925917,4.330012016220648,6.745030508517702,1,train
3.472609381338086,8.73152257724449,7.721600971617922,7.943744205828377,1,train
1.68571045141645,9.675250485646446,6.423863610698423,3.3221533828011913,0,train
8.945111319985063,8.544924705244572,6.378529652666682,2.585579365115433,1,train
5.930450910611301,6.965428135475363,3.8429289541218794,2.4154233060557493,1,train
4.636852153491718,8.240623031955096,8.787039025326372,7.843984387282684,1,train
8.589427144811456,5.1290957706441,5.9687057567840744,3.573515586353341,1,train
2.851981291766829,3.002729753429281,4.494798425003758,3.9904932245994047,0,train
4.376555726892448,1.8113685914992437,1.3734188351466365,6.264239293556458,0,train
9.858794577409324,3.0362715532920608,3.4583162188164125,6.939926859676328,0,train
8.773857046988322,1.675054798071468,2.8022343463104127,7.402664437223656,0,train
3.1409633849296688,2.092930546565313,1.2180423091451638,2.4976216425630047,0,train
5.11887941681753,3.839599399124787,8.473448272974352,1.3013138381081728,1,train
9.542353275070585,6.639523181567624,7.747135971595087,5.693742628545796,1,train
1.2652331916509696,7.581999409134072,8.777833591497107,1.4890896910567806,0,train
6.075104319903309,5.911883368256677,4.025941600873735,2.4577193051596513,1,train
9.368266202144898,2.154257806835305,7.647949365303687,2.1892117752427955,1,train
2.588251160764034,8.877298216645794,4.455619304368804,4.391161968315894,0,train
4.399754603465176,3.0363121303656597,9.797514167403412,4.953587630520359,1,train
7.583392639529539,9.720831862860296,2.0869900028959862,4.881971983120651,0,train
2.83168217451205,9.866034299210972,9.141806509059391,8.405213231100102,1,train
2.9682344002709953,3.7672782213147014,8.62324395568972,2.7318017397962104,0,train
9.522893082909892,5.670727534398166,1.9190139421074879,3.2461786565754114,0,train
7.24094892702783,7.8966107692189835,8.033945755939076,4.43253199491334,1,train
9.446471589723563,7.1856527806367705,4.051917080310515,1.9213853121114217,1,train
9.047251245900272,1.259361725705341,6.20721677724335,9.387069487562641,0,train
9.50003085725583,7.232628289667059,2.196110427398304,3.283050999498172,1,train
8.838949676989213,8.677041341187845,6.365195554129312,9.205419443224855,1,train
5.077800620191928,4.940227927904877,5.7587027573939915,2.7582517208189694,1,train
3.476399778811398,9.383894092171408,8.9081270970219,5.219757834957063,1,train
2.654429602809964,4.805679342084851,6.504788028772779,3.1178729527860973,0,train
6.126152675324764,7.445389772144548,2.8256968673812306,7.262680410427354,1,train
5.2954857456353155,5.626217850274518,3.7826009772619833,4.786288403248726,0,train
3.6553739173804507,9.027412523388138,3.0267747451521787,9.725899364576117,0,train
1.7687062503995779,2.0298446856894543,8.390159950300323,5.095006609227042,0,train
6.561971699676178,4.0012132946253605,5.815494880880915,8.07343939888724,1,train
2.379263936320148,6.17155910319719,8.01451537580925,1.9399184359640218,1,train
6.097285350366677,9.379886112669412,6.362070062729787,5.691580924905043,1,train
9.018164336738893,5.781749192834738,3.79121264032252,6.713994470056893,1,train
7.557094797783567,4.712344362117784,4.491672840352971,4.875204663939944,1,train
3.0134951112691333,4.599772603209335,2.02207139807873,4.330502516717439,0,train
2.7211927259008517,9.667877532749781,6.798065425146275,5.68972890731269,1,train
9.597386058090143,1.1578024583755957,8.958370188582766,6.524686227720549,0,train
9.513030401930255,1.0215313802327701,8.1746617408694,9.623239135230094,0,train
6.194731691668688,3.500562655685692,3.2560707958297748,8.834275010313654,0,train
6.038469044385859,2.152763922966516,2.9806033936012746,1.0627415251654004,0,train
9.369218376904216,9.831008712675864,2.0349809956909812,2.6012581266038173,1,train
5.357762845090299,5.734769276783518,7.238929730625891,2.1072014726822865,1,train
3.2889223442352242,9.0907804657555,6.400299619010813,2.3696747085409555,1,train
6.070850415888806,3.8302773436796658,9.067202438708982,7.611205990672868,1,train
1.68712698694603,3.873419201651333,7.204140962679091,4.4917458651832165,0,train
3.7480431046359937,7.95470389043307,4.187777454200264,4.293290721394481,1,train
6.461227505091225,5.502450799772427,9.510903095742535,4.603915169983179,1,train
1.3834902816403893,8.512818311803091,7.533265952989595,2.2168988791238675,0,train
3.542697424096459,5.6615230150147635,9.586525889284637,3.3016982391572505,1,train
9.757982615126188,2.6667136268892437,9.55201641396778,3.2795780660524,0,train
6.218912881043264,7.951732371863408,8.91330512363253,4.361424529956524,1,train
4.058741391467803,8.50886306341859,5.484074728960353,5.928539728066844,1,train
5.81763044733111,5.402048667541773,7.157287104400125,2.2295606029973825,1,train
2.65023124934412,4.804964289831909,6.873149090224377,5.397354814330214,1,train
6.336017231243447,7.695810442167408,7.8436275791737815,5.318583754940483,1,train
3.371929052066463,6.687250874452841,5.276564728468172,1.321881690744224,1,train
4.839600828349171,3.1856368765023046,1.055327287760405,7.06157238663434,0,train
5.133640199297502,5.560838883513888,8.20288075541603,7.129568016288279,1,train
8.17557023532676,3.258407538639408,3.447182006409818,6.221797445205842,1,train
8.90663442533555,9.634233565870286,4.432861062692169,8.53424152718653,1,train
2.441634192032581,9.605080023520385,3.007267615589023,4.112757617739744,1,train
4.667866513446739,1.4879512844098957,6.303686636845028,3.4568773223715406,0,train
3.157542463365128,1.9879578223882286,6.022214456630744,9.076445509659795,0,train
4.61314747324986,8.552114001100314,4.456956523531231,1.9742151856439047,1,train
8.350826368436774,6.452776808106661,5.950684371388514,1.1877245656593782,1,train
2.6965236780199837,8.586853496716058,4.611831340480532,5.439233255361208,0,train
4.629849989843817,7.7434039995401625,7.379954265274183,9.320189175326869,1,train
2.266679658355516,6.217624186398545,3.4833025430989073,3.3218630114274377,0,train
9.328618918267832,3.746296450238941,6.359233513148724,7.259563723739669,1,train
8.611895018008703,7.609239118129583,6.166443089271258,8.049130876126895,1,train
4.972454026262977,3.266928254601459,4.340122160398853,4.516320295547782,0,train
5.3685977349055305,2.5288546955412445,6.772769403321103,3.7343954003502917,0,train
8.957211519677362,8.992376383979805,1.11086532773511,2.44484587349816,0,train
8.210599684581373,6.363500655154999,7.450100595210008,7.273680854536493,1,train
8.461868729029723,7.556660691798834,3.343049272612026,4.964938220298378,0,train
6.888000082180666,8.46781814596794,5.893969349166397,6.762017667779664,1,train
3.429793981431792,2.2264287305444324,1.640752683232755,8.98079416005963,0,train
5.367399627076111,9.461497670441798,5.640508663079816,7.857363406549721,1,train
6.705104964122348,8.342614645223165,1.1690762942365893,3.6988873672908786,0,train
8.81356595248409,3.612434642849417,6.672567062653501,9.502500148610114,0,train
6.671096013776859,7.5937400616564315,6.83175598097559,1.3390614729895165,1,train
4.954031511699915,2.993762294465153,3.1160522926651306,2.449169097263338,0,train
4.094932712179984,9.623053926047245,9.935071530978028,6.200173340762775,1,train
2.483667930003972,8.359780213812542,4.4114789575029025,8.363893816535764,0,train
3.6221785063746106,3.0135142747574224,6.403676284965239,4.329173871938766,0,train
7.6391957422484,9.286268842296286,2.146218254279432,2.7594479659707356,1,train
6.747204797394374,2.636014187784031,7.439289021318101,1.2556955863593056,1,train
3.041349634630852,8.66960951700987,6.931557982123258,7.589188666082549,1,train
8.989330905896711,4.888703428369576,4.129070598441841,6.346002929075586,1,train
7.169879378864933,7.308587525514547,8.503842599933824,4.840704499790748,1,train
3.333442718264165,9.665624833759212,4.3913605866997845,2.8529822983684334,1,train
4.149024151976512,2.5131197828154743,5.581361951012189,6.059789149428277,0,train
1.5938814148077096,7.242166608205338,2.0883600465001892,4.4688824394047915,0,train
3.1362554952846455,3.176244784264732,8.181009906818765,3.161902496226279,0,train
8.31929210382431,9.214888220526827,9.773494963243275,7.733648907987556,1,train
8.082372602561122,6.643323138604816,6.989808179160084,6.454073663491505,1,train
9.488580024807385,5.938613837803086,7.2803053471283175,4.4268897973137555,1,train
1.669981820519331,7.11173694180091,2.290214381312732,7.803518899555062,0,train
2.754058919134832,3.9700856368333834,8.18758026822416,5.980971263916835,0,train
4.5838970026875785,5.194217824231367,6.293753720278395,3.9685099949098728,1,train
4.884464845356841,8.162991201500034,6.308275630708244,2.3186083536695836,0,train
8.834380866217696,2.6823196659210446,4.24024920925075,7.6787130830552925,0,train
2.5704514429170175,3.0045832406092687,6.05640157147176,7.874786344718147,0,train
7.12513547710494,9.92505454905657,3.954509523611987,5.070928119514158,1,train
7.732269490959162,4.637978980530382,6.627306659257341,9.03411609756472,1,train
5.819948909815104,4.543141179425522,9.332215290969886,2.939591339718412,1,train
5.8143155875052095,1.3495726601847395,5.270341877666653,4.427267585540842,0,train
3.2923673495925843,1.294119560299913,5.954477737574124,2.4526762367944013,0,train
6.535209227547139,1.2788727577787877,1.2987501164119029,9.64862182178444,0,train
3.349422897412505,8.822678774568704,1.8498366860426194,9.326531707020951,1,train
8.873673832071166,1.903940548458747,9.562206131835255,1.3912560562214367,1,train
7.838528669960778,6.783229459974272,4.461779020835038,3.649766178664522,1,train
5.7615224445682465,9.778441718969853,5.905919532690597,9.777479913472146,1,train
1.2956720129107757,2.8037470041162873,6.351817836382246,2.8189621755022642,0,train
7.313690605021447,9.159449457487852,3.2401666963842346,3.0413427002809907,1,train
9.374091665479684,3.1808655042485796,8.073518575696209,1.284317863368996,1,train
1.0024880188019067,7.500755081833178,9.147665634285143,3.226103288260751,0,train
4.2430566241852805,1.9960592453067219,9.396796801359097,1.8774259204293644,0,train
9.012356751932979,9.014832782832674,1.8478903723828617,5.419873795750703,1,train
9.363633505701031,7.6470786951547725,7.104051348914428,9.052094158962143,1,train
2.976261999225739,5.592154919485078,7.0483681538830565,8.346036452603943,0,train
6.886118713237451,5.146279517416799,5.713946333173582,2.5503041605408283,1,train
5.590899503721867,4.682620504957524,7.609370867415132,5.017292362772613,1,train
6.905588566525804,3.503101319257434,7.820017356976553,4.905766925623892,1,train
1.3658300940915071,1.9528044619186065,2.2009234807321585,6.6585977041584865,0,train
4.4446082854663045,7.510806051794276,9.72807122267523,2.1562200731594583,1,train
8.848927080391384,2.0163380969508564,5.233136423945782,9.120407050731718,0,train
6.259860558327167,6.916990583442626,1.2156848854278024,7.198902555608612,0,train
9.502561070404973,4.70988882151593,4.869478902998407,9.060449699618419,1,train
8.090950000852786,6.9296135525735485,3.9283172025274977,2.0239601085821146,1,train
6.877208705771447,3.59851841101567,6.853417905432446,1.9916108305404518,1,train
8.246966162220936,2.8078555824947307,7.054543317655233,4.847885112188154,1,train
7.242853949844625,7.36769327839509,9.602072567712344,4.822770659198803,1,train
9.07354417208705,4.678324901067159,2.2065488860447275,5.809258074571071,0,train
3.4218528316359755,6.475982796922743,8.527773584810955,9.410077686194187,1,train
3.983082941501091,6.226128586214686,2.8638236023862635,3.0867623801741386,0,train
9.068140328141208,3.2843153502441296,4.036770587754708,2.546071710924114,1,train
2.935951307139069,6.843214461750614,7.908850964951368,8.71523347949712,0,train
5.810272899808266,7.187716034901925,2.247471732735255,7.741787669985053,0,train
5.782443601694519,9.555385589495788,7.39259961034769,6.6834805792913246,1,train
1.4204664537967637,9.157027628109162,7.4890150034747975,3.160516717008525,0,train
3.6661439296698717,6.496419815177314,2.7452078666076067,1.6313080092377361,1,train
5.095806883838795,3.5588333485356047,6.049536585541701,3.9484229538812405,0,train
6.088437810289158,4.488793116042833,3.476083610713969,5.983121969691988,1,train
2.6901485465982664,6.181840265070107,4.212804604405792,9.781657581015152,0,train
2.5205366148655277,2.901850786787878,9.13787027244562,1.895111684925442,1,train
8.403326517832156,5.86512174084797,6.756730828219036,8.245001204576912,1,train
2.725362636796005,1.3262074868684288,5.4086633975133225,2.5910235328753934,0,train
3.2859904702295015,4.330447626784134,9.017896017113632,6.788110107025672,1,train
1.3604034966523186,2.917817537131653,2.687017896431946,1.227062141817524,0,train
1.959436341116804,3.6818756103409056,9.587506654947532,1.9509482530797753,0,train
5.38777393342971,3.77720183568444,5.565440360986585,5.588315732612118,0,train
9.780766193473198,1.1261602672635525,8.713994698916174,2.747484598035003,0,train
1.7890518835601052,2.4773487083589663,9.912025753172726,6.562398013197175,0,train
7.288929298496795,8.203228216386748,7.341153801124001,5.445179893401084,1,train
6.566442528667137,3.9360553573878985,4.579898037495173,1.6536403326072233,1,train
4.625134593955738,2.756755832757447,7.226080962398428,6.488156692198461,0,train
9.061188558844762,4.050911456828207,2.077877961531509,7.9235791460025595,0,train
3.238565019429194,5.237097912415737,5.2148635209717344,8.468884085709059,0,train
3.4994745289962608,3.1921621901606065,4.256560151370379,2.23846556292804,0,train
2.7337934663848698,6.6883511145384995,6.864840918459128,7.585825983058389,1,train
6.484786479014554,5.7392331180744725,7.637944371048197,8.015185849524421,1,train
3.4469420460078455,7.899653178299001,5.726385838860827,4.1278581806711845,1,train
1.0780553567758207,2.6936209599239467,3.122562803404799,1.4029832162027223,0,train
2.282119145274368,4.019265741302938,9.853122022209053,4.2520650971988605,0,train
5.1668419662027905,3.1741508806859637,1.052679275352856,2.057018657799983,0,train
3.998341701234901,6.577883274988617,7.559257258714325,1.7332913166151647,1,train
6.450666659489583,2.64132865207723,1.2390707990950527,8.006487618103915,0,train
1.4477510299977887,9.890671513396875,8.923700035715171,8.37937723999689,1,train
1.7061615766697726,3.119893734281303,6.118696183229126,4.750148217470691,0,train
1.7650937765053438,7.878811865244499,5.929314592135049,3.553804284219477,1,train
4.351183320685426,8.278813607614556,3.0267138145681836,7.846167834869655,0,train
6.120766013770543,9.60735891352376,9.893757820125742,5.419075252368999,1,train
5.160197700816608,2.816941753004631,7.260482205835588,3.775121557313639,0,train
1.4871166394790962,2.6015510494048066,3.1583683966090024,6.687425398351421,0,train
2.064098874306917,3.3152292064901867,4.3488932106053175,6.330546640505258,0,train
2.262555457041096,5.441356925228048,3.695754130500286,4.852948541024412,0,train
8.29970689154321,7.427185750576968,8.336405700940196,7.548043816991235,1,train
8.710303380661358,2.020426044333488,6.516019797836613,2.8841931278529414,1,train
6.525481826386623,1.508199786800561,1.5344536774790183,5.3705626363762695,0,train
4.800204843514251,2.40377834502189,7.306265587432624,1.5166333694444727,0,train
3.2698772073516347,5.846375232664575,9.44485756957477,6.064921893429835,1,train
3.1100218121168988,2.7020761043997044,6.618841145612667,5.018246987997249,0,train
7.494729471541667,1.236650034863179,8.415081603381084,2.01894293530809,0,train
9.022944228357243,9.379591029166571,4.961188638047174,1.5540734833907295,1,train
9.332869391014532,9.56599360235986,5.540566945019063,2.7745905697871205,1,train
1.2668812244350782,4.082325659560623,3.4162647262449464,4.522500954937672,0,train
2.405044333952197,9.2899088899541,9.511842812919198,4.241961841134815,0,train
5.193997976103282,3.0043151797705048,5.943580659143093,6.318107548227359,0,train
6.394760426641898,7.632105272544775,1.5571727491141913,1.7386060773701186,0,train
5.784298247750259,6.164218501678574,5.681635587543568,4.125594801417732,1,train
2.8993248319632965,7.741941253625415,7.242708502286737,1.2624457639320754,1,train
2.1360753757801367,5.36656964376994,8.448967027283313,9.555382968751328,0,train
7.03782891656655,6.7100562735560745,7.755082769896647,7.309270030079307,1,train
1.588162391932826,5.560475069940508,8.500276921711453,1.8632500738881574,0,train
2.856493539627763,5.110592167045217,8.091671137464186,9.11869441879028,0,train
7.133319973980522,5.069826778167784,4.296955281752111,7.661928672502712,1,train
3.5460978855242846,6.352526312961911,6.902801134283481,5.006944208651067,1,train
4.280776689118783,9.78507677985425,1.872305746492443,7.487936639092677,0,train
6.501238904952737,8.760009682444297,5.28160197139422,5.89988631809134,0,train
1.6042259066887428,8.936757012658173,5.149781510463181,2.3803889638325475,0,train
5.606177209529495,7.163298201966112,8.527537322048424,8.330257582429574,1,train
2.936328763708583,8.573135449809257,5.263873198409498,1.751386010196164,1,train
6.001599991427513,1.684074650140217,5.103981571033196,8.312361024368807,0,train
5.193609840459742,4.816619803036925,3.3982427998813707,8.165804655824374,0,train
7.669293509704471,3.429717652286323,1.9568752975783905,8.336260519285032,0,train
3.0071047133307203,1.2200949292156826,4.187799983275253,7.83933340386004,0,train
8.46048774982147,1.0981144087375232,3.2112326747186724,2.244459533308312,0,train
7.788867751174828,5.128103732191869,7.6231489438458375,3.6404439611026227,1,train
6.304799578927201,2.955592188175882,9.631126578759808,4.916479125911408,1,train
3.5612113792100515,7.716411124986489,9.129612200884598,1.5244171487519638,1,train
9.76657786761254,5.190571413510921,3.9427471586025638,9.617713733023923,1,train
3.290953085615765,2.9205763617276945,4.294823857657407,9.042615464826973,0,train
8.067855575660118,5.408983655421225,1.8476583893400753,4.709618773854752,0,train
9.378024898216793,6.826601892841045,5.314423911127056,1.0882878545209804,1,train
7.619411506640221,4.598807232452295,8.839345457520228,2.0774873915183987,1,train
5.631066180613841,7.460133034890835,3.1313727667058946,4.981605551576292,0,train
2.8186999677318223,6.778801257527757,7.177014836079489,6.203616192636998,1,train
7.196160606792099,4.15210557012164,5.149829083639243,4.192476868996204,1,train
5.198789128795291,8.614681049973015,4.113281493099462,7.250922912071241,1,train
2.2338218769055445,5.460435236029182,5.623030802296502,5.652413552909394,0,train
8.49335398728042,8.260880084679151,9.318179468086356,3.908466762845181,1,train
5.737097898482949,8.425155530969391,2.9076236036561136,9.260671641960938,1,train
8.644246283130354,1.0326169488837083,1.293221572828367,1.1808753679863633,0,train
6.733447773672811,3.0448563420668515,5.264434273301986,2.1174370510647216,0,train
5.156304554342213,8.68123409148027,6.095735461852097,9.91138132009703,1,train
6.524395959150868,3.903439255966328,4.526045117815865,5.368816139660705,0,train
8.2347566704827,4.5747006546475415,8.846259917309078,1.5444262242524958,1,train
8.614528779250731,4.031805144622865,1.8487455217022222,8.10503409751539,0,train
7.398825846478521,1.305749137621616,9.447909573021855,9.366854344527402,0,train
6.753115053380525,1.7936859769015823,1.9682318960843457,8.358438138172787,0,train
1.3115238235215139,5.2986992896234355,7.475547839494161,5.1810691561992,0,train
6.298240536795056,8.746286492006394,4.379451308326127,3.6599715146960636,1,train
8.370078539893383,1.45380445529787,7.505157858330276,7.364733989145626,0,train
9.043228499543845,1.3754791628473817,4.411653656414067,2.969695597953359,0,train
2.162209514634603,6.151821967851147,1.575264421882384,5.607064790485616,0,train
3.912823412025381,4.498668715512323,6.062249211634758,2.272729241434709,0,train
6.165713254765539,3.3280067291437057,8.75003740247573,8.400254615782472,1,train
8.68118010546964,1.4174958379566345,6.527622790528633,2.8162686807784154,0,train
9.802985694854417,7.47629720157948,7.9196031566745555,1.2079932753782434,1,train
2.412529428981143,9.31863939982294,5.77554145752369,9.271921794130249,1,train
4.9308653240635145,1.034508639864387,5.516323865782637,9.495918926025439,0,train
3.091164842034388,1.1528132146343306,4.105946390160188,6.347794589261677,0,train
9.895100164924793,2.810140488704967,5.186915756893169,2.9133073075577243,1,train
7.871492428824728,6.929271857903996,9.549505745459907,4.9959549103858105,1,train
9.231114849891146,4.131356749552797,4.9845097201769875,1.6235218650779661,1,train
7.103561168481253,7.059865722560017,1.371715184200509,1.087661337933281,0,train
6.961206845914422,5.857287962056109,8.598263147520674,4.732380261794105,1,train
7.384389903330409,5.974888737489826,9.689702133486783,6.81402758592264,1,train
8.806043501721227,7.81323238724338,3.7552602930201866,9.55912354083821,1,train
1.188359437431783,6.086710935310222,1.405886175718425,4.655229406899495,0,train
7.483119602235029,8.032085377957385,4.820616034011281,1.7929607577362767,0,train
8.684878346262035,5.43553825295079,7.395394828627067,5.862717800421578,1,train
1.9438558927206708,3.9355391909905353,2.1327937948174354,8.397908852327525,0,train
7.687214706563386,7.743908710866562,3.226574555530763,5.275318461680316,1,train
1.7077842610126681,3.051947076834256,4.454415419155868,1.345191623043177,0,train
5.994377467367111,9.65117907628559,8.343687315379702,4.899662678016009,1,train
9.675924997369044,8.322761584304638,5.298973449255706,4.183183840965436,1,train
3.5141464123664146,2.1257205644398716,9.65521556276168,9.405187789228329,0,train
5.903643751899227,8.030121926856705,9.825573836858679,7.864683647246303,1,train
4.163942603876741,7.2961101937459585,9.059240551316215,6.952409010273087,1,train
2.370796225875147,5.28734676362296,4.5454200350562095,9.341297429544063,0,train
2.0269561959872844,7.644907670851559,7.979620036661409,7.520207793550201,1,train
8.536352409377916,5.642171241112383,9.563218642489884,6.523027558749632,1,train
5.988443417579617,8.825686503731779,1.3973792910773737,9.571281588462945,0,train
5.23680045407047,6.170978398383512,7.93464642998396,1.2190922350462254,1,train
8.929620998653302,7.55231925639087,1.9611535963613416,6.978243088631509,1,train
7.269299029264862,2.0540620845864743,2.908068671118974,9.699443501851645,0,train
1.7388122311002545,9.753723440491735,4.061722727943462,9.910602987030563,0,train
4.764479303330302,3.080211540554,5.312614684033315,4.316522728131135,0,train
3.314335541768604,7.390672710396665,6.137641994825742,2.218006302955838,1,train
3.792056521216238,7.656217766656318,5.0973688749686765,8.698988766666215,1,train
8.829687135169072,8.7076744844398,2.46662340556228,6.543250356946531,1,train
5.767119857722251,8.027060510509449,6.526517661844879,9.212233505836561,1,train
1.3502623863888679,2.483377855207559,8.215438758601987,5.584660667547082,0,train
4.664697020001756,4.27112966079346,5.0217499752336865,2.540956211457158,0,train
8.2130291759479,1.3125940324271745,7.548955694633736,3.0659517580164515,0,train
3.0048156456982285,2.3587406993296907,8.328080452747406,9.943416862582145,0,train
5.445205918529276,2.7211419262046044,7.789434784311034,3.984554008741391,1,train
4.547323812503884,9.65191127510232,5.65260678318148,8.295629800134162,1,train
6.168149988412854,1.3035466003460638,1.2765770055020997,6.680775920061102,0,train
4.0637937717247645,7.565348504762731,3.972546225398617,7.80584575670869,1,train
5.062651040644708,8.663904442915966,5.078882241471816,9.443230683109373,1,train
1.2581014674500397,9.707115663292932,7.447294945464193,1.8673293946610696,0,train
8.179499409895701,5.777688107638037,8.601458793115164,7.098016145813361,1,train
7.386378266123989,4.561460218477089,5.376344271855092,7.855082251616935,1,train
7.420734665552852,9.201021154138038,2.3554092522787595,8.583891521606073,1,train
1.1435644824934916,3.504982932877388,7.707721119965872,3.0650606624010446,0,train
8.42404041635486,8.431007423810101,8.373846147267002,4.004443597134012,1,train
6.187610831052288,3.2271944581977423,4.693733446611712,3.2232303889363405,0,train
4.251174527700851,3.02959392650387,3.3342501479224067,5.517226639641905,0,train
6.526842318798141,9.753874473763364,6.8693062635785385,6.204964336355303,1,train
8.499014089517711,5.132898268975244,4.078552487517732,5.118146894772649,1,train
2.6340416513457408,5.2668088773532675,7.199064700692835,9.66617163513447,0,train
5.471894167028868,9.63750303356648,3.0506632091107293,4.086356432145664,1,train
1.0384217544922385,9.868050274026409,2.6105296277492083,2.246967166463728,0,train
1.076094522138003,1.4195544908538706,4.347483888396504,1.88988802092819,0,train
1.8079269485690053,5.85679287872145,7.08257522156353,7.168651846687532,0,train
8.25959019009143,1.2542580274064405,5.588634747119293,4.87447995015374,0,train
9.543385422426061,7.324886158831666,7.3003602915954655,2.7577263877250875,1,train
5.073436771103745,3.9872653427082705,7.790661013776248,3.008731047899642,1,train
2.812030572909861,8.737662358023893,2.7109509391927813,1.2445158839762174,0,train
2.213138627150141,1.0122575801194984,2.8602086080066917,8.61771200699377,0,train
1.3569736230398326,7.357493096201131,9.314352425241026,5.857630556502915,0,train
3.3424636662140434,2.8317549044317714,4.582052800010095,6.788831302204839,0,train
9.207284467109442,3.0542971596627506,2.3333953074095373,8.604380530466432,0,train
4.003450426447885,4.830462861676364,1.92655230958502,8.899932223994892,0,train
7.080371631185497,3.8581598657397844,9.59441477916976,9.399189374169767,1,train
5.389541902959164,6.875651305415562,3.7759707882889786,2.868753189164453,1,train
7.793285223385765,4.423523507300152,6.329460032306279,9.334508365474997,1,train
6.334588978853907,9.383177401934885,2.8099849866257025,6.726129556886445,1,train
7.11131430295063,2.744018073109882,7.463664167429729,5.364504816913523,1,train
7.6283248339950145,1.6770168225313826,9.821374584646222,8.635037728712451,0,train
5.0300787122856505,2.437076997927092,7.436183072621031,7.14580041564837,0,train
9.66869066855491,5.297602373423044,3.297558071375314,9.396478236526306,1,train
6.370854804505876,2.355963755990599,8.477909804494402,4.95022401421536,1,train
1.8004346624154208,1.2367935316356573,9.466929699703163,5.880761153924517,0,train
8.356422134375407,4.59764184265865,8.162160106683949,2.3352506635398678,1,train
4.689645332601694,6.36710211958461,4.654981060005495,4.39043524357267,1,train
8.614047658212705,6.737503450593906,8.993950464515382,3.008759971456473,1,train
1.6833290489979462,5.671422300735512,2.0779086807258773,2.347591005989101,0,train
7.237168517555112,8.302917456007444,1.2023443542232277,8.852756419460158,1,train
9.590265317623865,8.959319768390355,3.7812909736726876,5.943027449614843,1,train
7.252500823754027,4.108532872246169,1.7362164999259515,9.121128413452812,0,train
1.7725508483833807,1.367800783291766,4.706803006667254,5.609181037700336,0,train
9.012262415055899,3.917015961029666,7.319812894871473,6.02780448304944,1,train
1.690185285223418,2.258649174232565,8.031693983701594,1.344729334182798,0,train
9.675793972006208,7.469810190070791,9.142985917069153,4.82747003088289,1,train
9.27367591765835,9.935678710858948,9.875632986150844,6.229312897922774,1,train
6.272640721152577,4.704586634525507,1.5451975768190058,3.997605029722565,0,train
4.260894552278302,3.7179640277089594,3.9240804445302233,4.3165436275529485,0,train
7.789889453375445,4.70263235537581,9.621854253609559,1.0705800581172018,1,train
5.8841742485605595,1.8841966500475467,8.983703954474713,8.20484238169873,0,train
9.031466727263355,9.0433229780726,5.391465360766287,5.724401508803339,1,train
1.7679087110923901,1.5909385090082144,7.612602057366251,4.409076243625146,0,train
4.829014413079091,8.087204540593941,2.5192374822486063,4.484085265017464,0,train
3.906944747627491,8.523806306638253,4.442697419393772,1.1807927125391977,1,train
7.31386884803498,4.768370687978843,7.976738527979334,8.392114211832643,1,train
4.79871783868637,8.583785644023447,2.8836466327922903,9.321542094395326,0,train
1.448317380060447,5.350972788652434,6.391126534047144,9.28944151702773,1,train
5.48745505137072,2.0124037094030385,6.6900199998867755,7.080109252323685,0,train
2.8815201248763556,6.561434299895826,7.480853495990657,2.0533675603878363,1,train
6.552761120070653,5.064071572744874,6.726452982231098,3.0449641085847663,1,train
7.089154672312993,7.16474332537806,8.296131612950463,8.068032191190962,1,train
1.6173166925990294,6.728267454472288,4.137993788513218,7.155781114677111,0,train
3.608553306430984,6.379130858640191,5.033068403978717,7.882803227365889,0,train
8.046886685586156,2.1826157657316996,1.7024478663931184,2.5269967529404513,0,train
1.714276512631772,2.338376558052149,3.888213541759346,6.31516879463426,0,train
7.120049242147986,8.594045727937516,7.8693575936348505,2.896735784017226,1,train
5.482136271497836,1.8305356028302082,1.178163218212003,1.5802347250547046,0,train
1.0647598242100988,5.638637833953276,5.672601908977944,2.64600384294899,0,train
3.1643385395461636,9.25148819570222,3.62857402921325,8.313853592109588,0,train
1.1702576803109115,6.9514511298685715,4.6761004198319185,8.072763378846824,0,train
5.904612535197163,9.32414200212013,6.575068411104503,5.471122325748316,1,train
4.034867426749377,6.874573381268113,3.623652199827645,1.8599695177784437,0,train
9.837562497197133,7.579727675844373,4.535285324788671,3.8412687080243453,0,train
1.187428230322924,5.070329449759487,6.9048164368050955,6.577013793093459,0,train
9.127519413343812,7.195285176455891,4.394837938972533,6.68199965951455,1,train
1.433254284456724,7.995131367486086,8.38793764562189,3.2113225554644464,0,train
9.7397334004634,9.64673145267697,6.07670351069673,4.461547947473182,1,train
4.412246356281425,2.2299231973143714,7.612737447259198,7.666604289361693,0,train
6.404632682132807,5.410546840674113,8.08374026567595,7.016838693668802,1,train
6.780779816767502,6.546121374384775,8.147788544063038,9.388493118523348,1,train
7.076310779094613,1.2185867574080982,9.520713692083785,5.299304873842915,0,train
4.98906805697333,4.366677661987197,1.977220976503663,6.961562905412393,0,train
8.51994598450056,3.7575965655990875,2.3465420679949816,3.5186606179240894,1,train
5.566067937496075,9.13060453324967,9.195531873655977,5.453666506135617,1,train
2.55867375804691,6.845477760212266,3.4812027410750046,3.873273862426712,1,train
6.233556124048347,2.8812008190669864,9.956249411063855,6.414160217565338,1,train
1.7273382513030326,3.8713599084669825,9.832222493904606,9.481473137402554,0,train
2.1116446970210268,1.755752565473022,8.90554265342598,7.666718703146643,0,train
7.1881686469086175,9.723231213266526,5.129704064307048,7.743449428487217,1,train
9.166352520039872,5.730408534116964,2.4708165641616486,6.164488965364322,1,train
3.683661273862338,9.5331175338258,3.15473056150734,2.185749532184129,0,train
2.408672370434786,1.432356553884102,2.022856831275836,5.155651898702317,0,train
7.262414678052347,4.778049737394301,8.07035409363153,4.842438626316424,1,train
5.555703806406845,6.840229644544867,7.0237238368476165,5.7936995585806566,1,train
3.2220725110193875,4.642479642134135,4.39280667908157,7.96571591808717,0,train
2.015206301623508,3.2452361326426264,1.409314224451673,2.6868870596533476,0,train
7.4119897031357,2.419708190171713,1.1454195141542318,2.3156169378309057,0,train
9.49071012634174,9.433429897884748,1.2873758277556302,3.156585214113829,1,train
3.607977251572799,9.793513643169508,1.8620248881227335,3.544945076907999,0,train
2.1681073914177214,4.604269310410226,4.854936740011759,8.45128018614114,0,train
9.736063822270069,8.047632562743392,7.206701927497941,7.184198290353139,1,train
7.76197647728837,9.849967316484703,3.770948921782941,6.3373931086235284,1,train
1.5967414474301052,9.261776305941623,4.504980357234398,9.493663727696548,0,train
1.4649196951679717,5.7028904534905065,6.433559149307146,5.486663615376354,0,train
4.341210816271181,2.602085776299009,8.220010876856339,6.392612238660117,0,train
4.397889521374966,3.4555777029697587,4.11111687654099,7.651270272448805,0,train
7.318160125691947,4.568701644526213,4.995902556916091,2.0139692888741068,1,train
5.163063483839096,6.086723991990212,8.256116967409127,6.3064806029739975,1,train
7.61199071371295,7.863409008050869,9.41482226598382,6.831991726722884,1,train
2.533349023201874,5.786474077288766,7.519378130188148,3.898320381197604,0,train
1.9388369339285147,7.429157138668066,3.6524991585324944,5.338462537841375,0,train
7.1480100950638175,2.2311429981236124,4.478599492364481,1.4534277129487605,0,train
1.4282074791955783,6.342930759752206,1.7845826021707718,6.26531567702541,0,train
8.496305110813225,8.363383964131216,6.160227919663436,2.532991001154972,1,train
6.113429937707493,1.4906155218972161,2.064528824476626,4.591153223547948,0,train
5.475607287167462,3.2909929695523905,5.548316099372918,5.775249805960252,0,train
1.4559218764065385,6.395711168168381,3.513324038123797,2.9338755285879037,0,train
5.206747793166887,7.983830993488551,5.911721845981973,9.022640837680763,1,train
2.6555467924729257,1.609017728637422,2.472014412552907,3.756226869183269,0,train
6.2289551740352405,2.942686137536736,9.87122906782843,5.5106639623309475,1,train
2.8586231919093725,7.332589500385874,4.1537915339162845,5.433846947618869,0,train
1.238601056991011,4.893433840624799,3.705106717687557,2.1596958287344483,0,train
4.469633024278313,3.197794248947104,4.724164284870824,2.2722864095837823,0,train
2.5163838060910635,2.1837274223374536,9.638308084017485,5.91241524053173,0,train
6.6948957859880025,3.4264960353680376,8.351722728821233,8.963889897751418,1,train
3.5055123643366315,7.17128641651632,3.560967706311237,6.117420219718469,0,train
4.701839899802618,5.986901264325491,4.004214361971109,6.643163660694338,0,train
7.779489224682068,6.172049157950839,5.253056224964106,5.251611153808687,1,train
7.149926961303722,4.083647169734897,5.477885138611844,2.567242915655068,1,train
9.510382928879084,4.613597850846619,6.044430939518138,7.940286759530775,1,train
2.158072020246706,1.8975139226345967,7.588364005915332,2.9547870947428128,0,train
8.28189024481192,8.455988250054443,8.554092464141604,3.2580592827409367,1,train
7.19206586516319,1.5160471981453711,2.5248434428365734,2.1056636903016455,0,train
1.6492354851834021,4.155072917635632,9.264390805148132,3.3690619512010613,0,train
7.374058051110151,4.835600449960612,3.265156425226805,7.845695900240302,0,train
4.528451302084573,2.3011809418352858,8.971995241517728,5.664866963388652,0,train
9.188864595290644,2.0351340586602755,6.017035653836578,7.670274878092554,0,train
9.923068756650544,3.058487023692616,3.3671725128746397,7.099207737752331,0,train
6.65319053196025,8.025758522865182,3.1638504802308574,9.292091290740649,1,train
1.7744951732248984,8.755231421732269,1.2229628744380046,2.1733311086380054,0,train
5.478664709213633,7.0857983099848285,7.298163586427977,4.360301339532823,0,train
6.040910387239324,7.958925760831499,4.943198158708526,5.733827858651972,1,train
7.879691269275389,4.2891035938932465,9.222744533826452,4.025274813257649,1,train
4.492826629762467,7.351882967854663,9.855656771574203,8.25921215018528,1,train
7.629569146144942,8.092275392578522,1.6039136549344017,6.314833079630377,0,train
3.3820249460745826,6.85679188262578,5.985162577056957,3.852220976347983,1,train
3.9183567130967925,6.719650404242961,1.5538488795010197,6.026095007706754,0,train
9.285136950725468,2.2644165179680233,3.669586384654555,8.185918501125741,0,train
7.232595060736002,3.2966264853989786,8.66746418257875,8.911611189236313,1,train
5.706218523499967,7.628533370413132,2.8568649915403435,5.126195197463488,1,train
9.921148621046814,8.706799087668768,8.01134451164423,5.148934058325162,1,train
7.816547946489552,9.331466881904795,2.1535210435798384,8.642548750439115,1,train
4.338275253221186,4.657003281176159,9.350054799341686,4.135030977988873,1,train
5.728480570101429,7.79847090614216,3.4687039971042797,6.630030597677317,1,train
5.736113786247988,8.668240754264117,9.334021774733708,7.464130406109814,1,train
1.5146500502482847,6.112373034901806,5.334402723632563,5.653106932106247,0,train
1.162588409546602,3.757427918089132,2.2187951594402637,9.842944817379399,0,train
6.899269227094912,9.872813509944459,5.045348107768531,9.624053097907725,1,train
3.9534180514722457,9.403818334336167,4.407739763198197,7.220207323717214,1,train
8.88935085739563,8.71238280266397,4.7018335971827305,5.838259627706781,1,train
9.005665806443291,3.5858328322985495,2.1899162582840184,4.239755092647849,0,train
2.6955697299047596,3.974381794008403,2.293150204147093,7.435095594876123,0,train
2.0600562462148932,1.3023610291940184,5.742709266756572,2.4782739639189755,0,train
1.9300443793606767,1.3890751055918193,7.909864275356966,3.694329808544536,0,train
6.290122213548454,3.5468848855392725,6.980211490906483,5.502980222364753,1,train
6.727033273885608,6.888428884134115,9.739690738238364,6.902535978449511,1,train
4.727919156049979,7.543540938851897,9.722580959697229,9.659563563839637,0,train
2.7451303558235223,6.371005716328071,8.259861159237712,9.660715874739441,1,train
7.864429419440862,8.323589816013108,1.086533783632166,8.46332049658067,0,train
1.7373034457810417,4.320406478127419,5.1072080804166164,5.6178508526497755,0,train
8.291112647607797,1.028132218026341,2.570040678080791,1.162247161614578,0,train
7.134630988088002,4.250816620418615,8.28887229574401,1.6010507697087935,1,train
8.5546115626095,1.6076774819704123,6.243739108239784,9.096971824604955,0,train
9.179773985653492,4.057816782114963,9.275172325479602,7.993848528338798,1,train
1.5782906316540695,8.057015992219469,3.702471622290032,9.721017903720007,0,train
8.666871435747467,4.870077001872674,6.427933855360475,8.026811243766208,1,train
5.839036313209814,4.14067794361778,5.120703933664387,5.015800900915319,1,train
4.714579083915597,2.5360997774512697,3.277216924859652,5.657730659424157,0,train
4.893817934635616,7.776888357487189,3.5263906920664203,2.8637563960946526,1,train
8.705842819040992,6.343477710443928,4.832405975977878,9.470710711621923,1,train
2.561193737067617,4.652707275452851,5.198077288409229,3.941419599966794,0,train
8.580726119182103,8.693164828355311,2.2575056518438967,4.984276700044466,1,train
1.1311835100962278,4.62029856352259,7.1137814784713775,9.475670933689202,0,train
9.288886815188556,7.39672633485043,7.060454506483539,2.882565386166399,1,train
8.562687574081652,3.3870440614230364,7.214915296786566,2.5804726935860054,1,train
2.1146267005687926,8.846182578684564,9.06339130946833,1.9399532304993508,1,train
6.753577066632722,2.9719373860911316,1.2620681781237333,2.2481447312771583,0,train
4.108396321426942,1.942463533730893,7.03748252315372,8.638827259755223,0,train
4.71278804798741,7.12295673568649,4.858504408130612,1.1427348126335075,1,train
7.155081651202776,4.021478213946153,9.235091048723453,3.771646725156619,1,train
8.535723892723436,3.3110849040838275,4.075250227654064,5.87024729364206,0,train
9.091499258251508,6.233726745957851,9.345992197716868,2.7227806833789967,1,train
1.6955658860557052,6.672857266755725,2.827361703935919,9.59208760280991,0,train
3.6044667613090207,9.024789792494177,1.6085198828296123,5.248842716806431,0,train
7.513955626134955,6.1620117195604625,5.986177207048103,7.061739488606817,1,train
9.205411217859606,1.5497771265563327,6.665041674558356,7.505957858205337,0,train
2.859629080355185,8.749782941863252,8.844674669344151,2.1816773976934773,1,train
5.488388783419917,5.657719702590809,9.36856153590602,2.493386346531983,1,train
6.896078166240842,7.524033748326664,1.0890327843318788,6.632513093441759,0,train
8.684498829811847,6.644233884718767,5.5076124447289985,1.3960852349174084,1,train
6.4699468513537,5.255810238913505,3.3776787882491974,3.8900111390206122,1,train
6.72533309268685,4.541051429568998,2.124660297226659,8.251311409852962,0,train
1.4501255041679695,1.49517010164472,9.144063206038208,5.389555195992015,0,train
3.3715806942249325,1.6555659984434081,1.5560730812000898,5.346951305164652,0,train
9.048104546097278,5.585351495307837,9.366748284332216,3.506772882375277,1,train
5.856282249298577,5.94120954020333,5.67875766598733,2.6049268760741757,1,train
7.493212549265294,6.799616656668028,6.975409934080067,4.317945604616305,1,train
4.9442109173103965,6.321301001302578,8.117290282159223,2.255269178871907,1,train
5.4587915944659695,6.899390532605473,9.106782104637748,9.085058059548869,1,train
9.393059756385936,4.705188926049294,6.595280991775618,3.4462752867029742,1,train
9.457339026778365,4.066102939304565,6.096536209037156,7.61020167939647,1,train
4.651628196385804,4.968181683335888,2.028964915831599,1.130867329052249,0,train
2.126026386643113,5.721837021337066,8.480450875063218,3.9406542525602264,1,train
1.644079103426023,5.257295521890484,6.767279178901958,8.171880007816556,1,train
5.412786718545464,2.6179083482091094,9.287183102186091,1.6465457210622838,1,train
2.1129895140518884,3.984218954108949,6.262845397630567,5.811432976142997,0,train
9.72479823517521,1.633146727540178,6.637500407494147,8.884425247891036,1,train
5.045925380736098,6.071863634212164,1.7038055981232465,1.8865404892930697,0,train
7.77910525978695,2.2995040074865107,7.042023507181439,6.713595561280037,1,train
6.916220880994421,5.9220668536809224,3.87144091350972,2.112393773527129,1,train
9.512383362003995,9.68864727449584,1.3629442923394084,4.641731660947619,1,train
4.409452584448707,8.350683638950377,3.4356177516092044,9.758486115162745,1,train
2.6959047577908244,8.746326728179803,8.006993558863718,6.5605973292122135,1,train
5.1432882657512105,2.237144465489882,5.156454244273415,3.9734496466757285,0,train
1.4361359164309375,5.324711718794087,4.676798806007096,2.966936238071521,0,train
5.054118904725961,6.26134468394633,1.8095449648365456,2.5486861412506907,0,train
4.261000746218101,4.606503447818056,3.7716864965472077,4.4310868450131675,0,train
6.409496025118712,2.9441970434130615,7.612382248857046,8.14214430957232,1,train
6.920026159187383,8.00811698700208,8.086478253533269,6.7766913843555106,1,train
8.08944435587784,8.319046999985975,3.717877786103093,3.972392537081854,1,train
3.1382687187783658,6.625924214486461,8.58051550400449,8.714216605494295,1,train
7.784163919817132,7.908629138431218,9.553949720638574,2.8662094954265216,1,train
2.024696916008688,5.516626030379016,2.6125793264657373,3.740885885363546,0,train
2.148239970315,4.779515124329648,6.3092641326498295,6.834630934147578,0,train
8.379186795663689,3.0273578874431086,4.278391078854592,5.080976518225242,0,train
3.213157696585878,5.057069439362307,4.253272785379982,3.5745498466373005,1,train
7.622726110355435,4.740117488936297,1.6787251770903624,4.989042413889937,0,train
5.619000118185703,1.263847925977596,9.64000308679017,5.081724144513768,0,train
8.086904464788015,2.973668820046675,5.539737610161948,4.130779977412159,1,train
9.488648016098534,7.899628265222584,7.761178054683246,9.209109719097897,1,train
4.6413002419503036,7.348380612212966,3.6418071802449203,6.4234778151663035,1,train
5.971299475777565,3.479337798685667,9.515809739681284,5.737347193375536,1,train
5.539778177728067,3.5185119336675674,9.41285397831451,7.0177006196590535,1,train
7.647244782170395,9.71153568631445,8.747643238042592,2.575385320979792,1,train
6.795768019926948,8.017040175757526,1.1105202312757623,2.6656026392019503,0,train
7.933430671532225,8.394963386340349,5.296268473407095,8.315966194969242,1,train
5.311258491772048,8.74855669042174,5.5053465118561355,5.974613394532417,1,train
1.8471697009605872,2.247700103064774,3.4718665564254234,5.992621654438753,0,train
8.292200474692649,9.370461520802383,2.350313739692688,6.98334734470579,1,train
2.3909409322856683,4.366471046435665,2.335920861839291,4.088479886770495,0,train
2.826199126471247,2.1203791794406603,8.950885073200517,1.737858820959005,0,train
6.455485062792641,2.185969767115641,7.117184449569635,2.2786835854784497,0,train
5.331178453659477,2.7197402531024,9.791637485544085,3.5076750863229123,1,train
4.2992524204688864,2.057620641980367,6.984079533324114,5.587684454238925,0,train
6.584042030333553,9.11359623306485,1.0256187971984316,6.8915813929846,0,train
8.597913718672428,8.275568602586567,1.0169176542415195,9.110224652543828,0,train
1.7053835691722665,5.727470599270694,7.749637890658017,4.898581242052519,0,train
8.632634435660844,4.428893807125614,6.717617743744066,5.042094507109827,1,train
3.447618290025129,5.753760252755785,3.3127362249429853,1.2693720919664182,0,train
3.415450609655216,4.492653622210546,4.471833178844182,7.986989144896153,0,train
8.214659322465057,1.8424304570525551,2.4743244405820093,3.2249823332707583,0,train
2.6494526092917443,6.948423655910239,7.821337137808648,5.830477483439413,1,train
6.295946649076142,1.2021635594828939,8.354412819033618,5.697975806497472,0,train
3.2029831979149357,6.04540111549266,3.6506252405554043,1.545792807251072,0,train
9.688185637521475,1.776938610107448,6.608633126047826,8.410084651174037,0,train
3.132891183436709,3.339172392579317,7.359481454428099,2.8337740378473035,0,train
4.209288805542599,3.1729510236864695,6.129836971499053,9.244823601725546,0,train
6.812589219263265,1.639911103772174,9.969123053689795,7.020249291031045,0,train
8.634783304648087,3.320429068541019,5.024578805724063,5.2624948466804184,1,train
2.4735477025668544,6.957725451413759,2.262892020550519,5.022760916685512,0,train
5.851739396616724,3.243222899326957,6.894404938212111,8.476697036949048,1,train
5.951504193171847,1.7885499639462852,4.2684475495987275,8.90521541788877,0,train
1.3341931989816875,4.76879883389424,7.766565208139905,2.915095397498853,0,train
6.982583784734892,6.708919759919496,8.935450401174055,6.468301125965861,1,train
1.8091690690363342,4.099118636151761,9.81333742834243,8.185630974390262,0,train
8.95835992347693,1.6293134740996549,4.032866145008945,5.93382994599864,0,train
2.7780813724373754,5.210861671237097,3.174857390332787,7.54774485539259,0,train
3.3510826958428677,5.1030051281576005,3.2747264901150386,2.896733376338962,0,train
8.751682253297108,3.675553561669005,5.508393649198659,4.338838075167375,1,train
6.250229851147963,7.116825552155944,9.238987539455106,6.631319942345175,1,train
6.85654904927201,2.4210425779096365,9.785390987794257,2.3698707663216587,1,train
4.552463696066536,4.727918550722249,3.7391562456211425,1.1184033499254644,0,train
1.0618007765464275,4.7163307135207635,7.015179891030471,2.618930613154512,0,train
7.185169259214462,4.875194369687127,8.951030476847494,9.704875935028003,1,train
3.274300097049175,3.8226525909869027,1.9960916249057057,2.337715156684825,0,train
7.898825749328774,2.6344773906955767,9.498945092890652,7.804458161295819,1,train
9.887929982324396,2.6391143439599913,7.743021820846601,7.132358400972557,1,train
8.754246384144832,7.7434552234158,6.93404447429385,6.1908239276014525,1,train
2.997311303575626,5.924296324600489,3.1403170419656252,2.2809880066160577,0,train
9.549542780672176,6.3477388490793025,2.4832515330787497,9.872166606191689,1,train
6.631518638777741,6.289955256719679,1.6034135227779305,3.7865269058581807,0,train
7.775923517383938,8.36001792520414,2.742351047984261,2.6852591219749566,1,train
8.561038595235251,5.02316434771323,7.471068916633691,9.448996471913558,1,train
6.0579134610920535,2.043633026745548,6.261468298060869,2.326349155144219,0,train
1.2821018357701046,7.306530701325168,3.6732404474421374,9.550432895846367,0,train
8.693156358684403,7.346565226447003,3.0789296503035146,7.210429154739968,1,train
1.3517589797619594,3.6928491155672294,2.1717412134103466,3.4605397964544498,0,train
7.50324720683345,1.6263193672553578,2.4987558047209086,2.2546876111462497,0,train
8.174332607222935,1.0463983719138135,3.9242793482283163,6.423290029654394,0,train
3.461137507292582,1.2594745110691323,9.288207267190232,1.4053411250237338,0,train
9.239925967689373,1.7087492488088927,2.3305397516156217,6.921079613569882,0,train
7.6589607677289795,1.703478852068034,6.158803463668314,3.0936730262842893,0,train
2.6088276825736645,6.934288891467271,3.2470734902474248,1.8012939103301173,0,train
2.4954719217570065,9.96805222868032,5.28086914505387,7.163071396552776,1,train
7.064495510586231,5.656254355734463,4.655464659566475,5.182780990323717,1,train
9.581523072760312,8.758566119082563,5.138287172386824,9.884792788502539,0,train
7.708911122883174,6.967501337252594,2.2731769121841734,8.958727047581146,1,train
6.466726742056698,9.081173130799602,7.911157326746063,6.106066732741031,1,train
4.532612627968417,4.153369933781848,9.664484207394379,6.9354220542083,1,train
2.385786108122337,9.59725042236399,8.344185944366949,7.045904622345795,1,train
3.6295627593661264,7.475048165521366,5.001796216440284,2.5891318474618594,1,train
9.047788381286324,3.3031159372111807,3.5406416635360483,9.286560821256284,0,train
3.956662345355718,7.676011354730127,3.5380188073476466,8.789388186124368,0,train
6.618838502348401,6.618358582982341,6.988817254375485,4.10605531703415,0,train
8.79973762285709,5.423973409119377,2.540288758521515,3.2310185708795767,1,train
7.592020956855144,2.319176442445656,3.7069497821590915,7.55659484308482,0,train
6.317141394825782,1.6946172043889756,7.645525642945834,1.0965400954246551,0,train
3.9296723285646684,4.678770741853844,5.126990521287425,4.389358689622762,0,train
3.0535155942371364,6.127563283378011,9.114761890243198,9.244538902512016,1,train
2.4133195771334335,1.9173933120981625,7.751541932742707,2.542731974270443,0,train
7.012237662461358,8.571932258568639,4.9246833094785085,7.443807794475543,1,train
9.72191385130612,8.25999180252323,2.4411816544845015,5.006543733463024,1,train
5.783007714206895,7.756346673843626,3.289447486714449,2.4009086647960434,1,train
2.7886138993369585,2.1355405345321157,2.1284615956647928,1.455868339574089,0,train
3.4779147677360034,2.9357569444292193,4.260065202224869,8.809787540047381,0,train
4.923261031829606,1.8807938324735654,5.035014556081966,1.4662384852273995,0,train
8.928087080665403,2.0192099573691267,6.400718962603512,9.864191938791924,0,train
7.501394444951676,8.333594207487696,1.8318846417279393,7.4359343742282435,0,train
4.985195251017311,5.231100868771323,3.426605286041803,7.026485027169931,0,train
3.531661674433389,1.0802690335584546,8.67312169855098,7.566640393375114,0,train
8.146146934692581,8.275940342063553,6.572720313237583,5.818188754960159,1,train
7.803681979858823,8.89728216976863,6.235224039861405,6.029633015563068,1,train
7.7012628266651015,1.032098364214968,5.423612126888344,9.969908490490331,0,train
5.13880067952293,9.079473376764195,2.795359754525959,5.135585320986112,1,train
2.1548422350780783,2.39018349410355,3.2391070913352173,9.638056103890818,0,train
1.710904660765883,2.7138397524801583,9.878092177951569,4.228929607799951,0,train
5.191119749395574,7.299503509665716,8.380799994737316,9.079120545211197,1,train
1.0998117352595844,4.057753614081701,2.7220507381604016,5.692411249337594,0,train
8.933200941381282,3.6447807432688757,5.469913359253117,5.274809307366976,1,train
4.100464986060825,1.9267515283076855,3.9633892108634132,3.977085246384395,0,train
3.639561781169497,4.945764309447509,1.7042525107882927,8.814940388817773,0,train
8.167991926243927,6.993413217691571,9.151302825637204,7.680409585011661,1,train
6.572319689175443,4.23255406911399,8.16257311427967,1.8923011993037426,1,train
9.729387272394572,9.600580113752486,2.4057845279638257,8.468989451642976,1,train
3.730577295122364,7.462977775786507,9.087284693037297,5.933394419566279,1,train
6.407843581383397,4.89103029948902,7.030596081500414,2.5410058397530766,1,train
7.010729575938124,2.61836290078005,1.3225499898543016,3.4254384743436272,0,train
8.361567587241131,8.232345768543027,6.076985471051605,4.8929431499011615,1,train
8.783567827308957,1.0625121339226025,2.0941383838942986,8.732709662256239,0,train
7.70437873734029,3.5642778639136266,3.8186236405486436,2.656638917682805,0,train
5.72360693511318,7.47822252674324,5.218200370520082,7.7415873516648865,1,train
5.713329643366631,6.862658898982849,4.268371548149268,1.6004172360216824,1,train
9.038657074672702,6.804530655684342,7.890284829382015,1.4146149244222883,1,train
2.8485111227816873,3.8930376656949726,6.037210931902579,5.497067231904383,0,train
5.355741733622031,1.6050621307576753,4.17759133189036,5.811287885055597,0,train
8.133293877073168,7.928090382216029,8.893891388103635,6.3096587577839855,1,train
1.3216009059062905,8.627950097228752,2.607366019762464,8.407881387824567,0,train
3.45111432186276,1.3613351127095639,6.196748481973581,1.9806251099139354,0,train
7.948523602052923,1.626978301211142,4.642935875887601,2.102515017187688,0,train
7.713935656121206,1.146645756210098,5.711999359383604,2.3571528441650917,0,train
2.212257646692922,5.381472493232114,7.693381384338577,2.3169979308488395,0,train
5.498155141872897,8.2300987109134,5.494799589458017,4.7102482327488016,1,train
4.37712511453268,5.430949204245004,9.453674830878803,8.872596323796195,1,train
6.854646884469119,9.911293860687621,1.2740522236073981,9.493561191761861,0,train
7.529367336454349,8.239868420205188,7.847960033189208,6.556602693615661,1,train
5.185127695203937,6.483570717771242,2.5709783220979645,8.628657899420684,0,train
1.2838094766471198,2.4241799256811927,4.503129358177424,6.5116822842184945,0,train
7.032364520568085,1.95644309601259,7.954350732240975,1.6334060317363113,0,train
8.354041966909497,2.7857708813894906,8.462935327167564,7.970015664490955,1,train
9.151736078741651,4.599528413077036,2.557029093851023,2.350087900421388,0,train
8.063756966612416,8.309730318626084,6.039963307132398,6.403927181950811,1,train
4.983073446257783,6.757472262526504,3.0633657456157186,8.99455240194435,0,train
6.222398067010515,6.409956865359745,3.6559887750491873,9.778228473302178,1,train
1.7386274402826318,8.760473180155731,6.580324566909505,1.2643732525849676,0,train
8.938851282309647,1.8514812090553674,1.755465271474539,8.72608268173238,0,train
5.980888532252813,4.473587394112236,5.501195206674745,9.41034580187245,1,train
8.211604157904624,3.2898254293583262,2.615572849666796,7.5557145966015735,0,train
4.408834980305116,8.728610152090269,2.2586201419911687,8.028196000958665,0,train
7.409247799469538,7.8060030792135,2.5408847049111745,1.057786502880503,1,train
1.2910240118647225,9.043421866926442,5.511540648521984,5.815900747514713,0,train
2.8973084414876134,6.330925632731834,6.706899250297859,6.145447040563319,1,train
2.6397780403078017,1.4366254162217826,6.763538019781567,2.4991539949521813,0,train
3.1992027062206794,9.294951434599508,9.940935007585075,4.115671324228266,1,train
1.9802991439951092,7.639360691584938,7.209432977663098,1.4648659185569524,0,train
3.4294026468988905,7.415603436571153,2.712743002516461,7.205194656835667,0,train
9.282772175336863,2.6457673359219243,8.376002527894311,1.1956147055950352,1,train
8.297767887185074,2.78687948935296,5.316072651738855,9.272608143533436,1,train
9.178003211878641,8.220083912279055,5.060218588781213,7.922619981333169,0,train
3.914986330542534,1.6726154842590948,1.0161074633381242,6.850956786176892,0,train
1.0738573898460093,5.6200793884660385,5.018425672200925,8.722942177904393,0,train
9.800490345028209,4.912870611662127,7.831480386406753,2.8120347677248074,0,train
7.550135381092001,3.2222240290725384,3.3965853040395637,8.482119301067149,0,train
1.954415215249219,5.524221666173668,8.637740799766636,1.4754958257731263,0,train
4.658623080752669,1.154764390706463,3.6243025023951723,6.917060471972482,0,train
3.5024594301631025,3.3991916343170527,6.173555063869833,3.4997268561130763,0,train
7.208941137127428,6.69642731848755,6.108449220067396,4.8428630057150555,1,train
4.295144525246942,9.168135877078,7.405373642558066,7.713471760186121,1,train
8.349993133250221,4.312774256751211,2.93500374610503,8.667251617729011,0,train
6.127301286333298,9.91187445924909,2.789542025758008,7.573372807180162,0,train
4.648604052909526,8.418325464622399,4.0841447996302245,4.151744608873193,1,train
8.61218411851918,5.366345251172851,4.192376778078108,7.300560907439193,1,train
9.573373770383407,8.032341685036116,6.290269351799358,3.6427448989526905,1,train
3.4880106756010587,6.556129888461944,4.8143454106071975,3.9454977519845844,0,train
3.3087732514155963,3.2056489131961974,7.464325969789155,7.012818265339673,0,train
5.869047333242593,7.423350430043033,9.57526227794095,2.266610005233609,1,train
9.018320243982448,5.614157691514879,1.823950748453991,6.498093839088423,0,train
3.7803900364553513,4.565431600259261,8.814839410046329,9.556780678133999,1,train
5.6541290287620445,1.4161729342412106,1.242819908464166,4.706142483613949,0,train
1.5512157834489249,5.4380497263150485,1.9222514194138751,5.478570650115575,0,train
9.055958106259316,8.448534869978872,2.8796684491325455,3.1711313490372826,1,train
5.053991030945304,9.71795344748366,9.870008850660616,5.935301061406809,1,train
5.0803701785958735,7.036779960900862,4.409413323136163,8.893116160595044,1,train
7.278131711080905,4.4007555605684825,6.49379839545878,4.039076929653282,0,train
7.853277695311769,4.051331787207731,7.704135532119091,7.9262217454499,1,train
8.149860086140853,6.7087550223420465,5.395921157023807,1.2239328186688256,1,train
7.558595598241564,7.104724335425474,8.458863375658098,3.680790656492807,1,train
1.7900394816367595,3.439793542219679,2.1177169315129367,1.7022770090820352,0,train
3.3002087658492165,1.2515484784243418,6.30648677246453,9.171003616320627,0,train
9.1918064581239,4.038303865360497,9.824994478365833,9.297832829774334,1,train
8.95741373542413,8.384247507787816,7.721241512786467,9.148024581890725,1,train
7.402196237276996,4.107266748632261,4.082391821323087,3.9284316744589898,1,train
8.644652915983865,8.18224813915617,3.985691097966798,9.449331498467272,1,train
6.865846302545866,7.923741019966521,6.124290924711271,3.0878567963842083,1,train
8.889716025175073,2.1758745070791594,7.185639677971423,3.8664089081367368,1,train
5.437446870787225,1.8306047426562606,8.376929800548778,2.210862567200686,1,train
4.6746093409211635,7.630424206872705,2.4474731280913553,8.659905502758,0,train
9.897351086302336,4.474789836801469,4.832301387226762,5.73143675293172,1,train
5.6602276136762875,5.139565433903467,1.06058462216863,8.044686806712551,0,train
6.743813736522561,1.724057499662906,2.6002346332362283,3.742946192594809,0,train
1.4873924701729626,4.897888276467572,6.633477496082996,3.6731889864812817,1,train
6.815819452045001,9.25757783097039,8.639342696500616,5.0985066785496675,1,train
5.345290425626977,5.549757387635047,2.6383162005295775,3.359264196777135,0,train
2.0883381335157956,9.63587343362415,9.013929362906575,2.304507131839352,1,train
7.75839000089226,4.407045422538942,3.3799329340377344,1.1291640205000157,1,train
4.545970192393235,1.9953279373403117,9.155610420049186,5.055290691610981,0,train
9.146407962265572,6.613855248463708,9.586544370362656,4.889041847117392,1,train
4.1328223691359725,4.500280049935527,4.1843096108801685,9.130812825555502,0,train
9.607573376362991,4.069061634975581,1.2275918398961976,9.09286688469173,0,train
5.277258487366758,8.130195835823669,7.035902402777967,5.820297554334595,1,train
6.133823478334651,6.667054950672172,8.811884848255865,3.577741947575296,1,train
9.960343216832712,1.0549179218131126,7.425742624850411,1.3831482149096466,0,train
8.334526961237538,9.047156092210177,6.502740463233112,4.468495643768271,1,train
2.688122361691627,6.06140038983308,6.53246178237696,2.703540120301736,0,train
1.8592604006846303,9.96712216090782,1.639237961754214,8.460257900571381,0,train
3.3193642336698206,5.798017331286943,4.964977613855516,2.6992505634725847,0,train
1.1867303499921655,8.226620914078257,1.417096007970211,8.461307932280612,0,train
1.1751844863590748,7.430152260171017,4.462679257196912,2.177141154854544,0,train
4.739413191199841,8.125110998712625,6.997107991753608,2.3490593101294555,1,train
7.510111014570478,8.337968261062898,8.278368646940697,3.788464308576976,1,train
3.4168688236191853,4.214764491516261,2.722823222926836,8.960761634342118,0,train
2.7107523880544897,1.2495558375647988,8.285964305506884,5.081851595652526,0,train
1.4572141348942527,4.068499185289189,1.1830962173290391,7.4674598692446,0,train
7.818040909428291,9.167061706789204,9.705305126398567,5.042309765247315,1,train
3.2476555288561553,1.0506859320420199,9.650045491250609,3.253564918038188,0,train
1.9013765203754742,3.3028651909427893,5.642065440072809,9.131791352793627,0,train
2.4591823492562805,9.708954953207122,1.0660323960882838,4.66048542716256,0,train
6.2372222886338875,3.7484572245822303,9.24239966905033,9.844408637614393,1,train
7.731908757648968,2.8846141910786205,3.130784187567588,7.39246029987882,0,train
5.552540129683408,5.328166363437513,4.742773841499695,8.219242023403718,1,train
7.248415006322546,1.037522921051141,2.7853401643761853,8.201538013171724,0,train
6.624034856222117,1.6708563260689022,4.081053703404937,1.9915576087667706,0,train
6.624020865014391,8.217084261984962,3.029891759042992,2.4835075116727445,1,train
1.2809881082557601,8.302619948993595,4.9697505944750695,2.152300444231968,0,train
5.3183723878857725,1.8186084724037757,7.2251543369181865,3.4436839834677326,0,train
7.569956141398428,7.866452435455511,8.272406405751955,5.514130548778047,1,train
7.671873268259601,6.140184807022545,8.412839865537638,1.519487116033841,1,train
9.16061339980878,6.016531476631688,3.415332181374552,4.791798543900775,1,train
1.3478253889570522,4.117920707069151,3.1880063201689337,4.83399209592365,0,train
6.028557099772035,2.0599705054896136,2.2765604179876453,9.634847859260988,0,train
4.978874449001221,3.653944887410552,7.63677196957096,5.586622065771242,1,train
1.606244046438288,2.370924031839128,3.472100498302888,8.722570988453722,0,train
7.834116444779464,2.985185718087908,3.1636646255518963,2.868202243819711,0,train
8.312326631558904,8.519623006027679,9.473923881944488,5.971074688083784,1,train
3.8293813757369133,7.249479769238722,6.78924153109607,7.634768199792979,1,train
7.7063801950056,7.940368379641928,9.925246646451578,6.414945389468728,1,train
9.51740975869391,8.1157402500546,3.9380696529054853,6.488382555015285,1,train
6.9556022332869905,4.613548793483443,4.518266524885349,6.866838019792563,1,train
9.361112711259402,6.565120707260745,1.2318239243892115,9.285626052629164,0,train
6.232677785302135,4.9144744532197056,7.890654849369471,9.70129383208465,1,train
5.7109357386469215,9.49405210493212,4.132499959563129,5.387161467608415,1,train
8.114831610571004,6.218687932591207,4.668407611734217,5.633522116573753,1,train
9.63383818163014,3.894227068002765,3.481147029301442,2.1070505723606034,1,train
2.9947649859626413,2.377601111737607,7.902021781558302,6.665850731569248,0,train
1.8490958610756567,5.963577395721909,6.638647113506034,1.6178794935182115,0,train
5.5627501486106405,7.144049644460539,1.1325740461150822,8.596139810087948,0,train
3.6763910279731133,2.990493327907891,6.959105094498001,4.323176591550013,0,train
4.309346827590922,8.779382232091173,6.905792319287431,4.236939806995615,1,train
7.239600560242196,1.806671552150407,6.575312545821658,3.3056279408424265,0,train
6.373126357621363,8.460449856459093,9.59711664834234,9.623152974432301,1,train
7.872591597924993,6.364997842185831,5.420310563244033,9.901385702809856,1,train
4.325083224130634,4.750689441414976,9.485778252308211,6.215806737588123,1,train
2.274882694378489,8.444630745287466,8.776754024516737,8.209029727496816,1,train
7.757458634070419,5.809460756201744,1.7002664119541768,2.9919633461947446,0,train
1.1481696939584745,3.600257440051552,3.880552516674394,3.7756737685822377,0,train
2.132856940474102,9.043211310491012,7.5315377103051055,5.812002848137382,1,train
5.492153108407294,5.269138468960464,3.6359187772650907,5.149550814492574,0,train
7.11237281065771,8.024574342032777,9.224990819640936,1.6773235427084625,1,train
3.767025577635783,1.7153245360977545,4.592584162824059,3.6003282519510322,0,train
9.17073301619322,9.897259356898813,5.767344635415733,5.255447562499826,1,train
5.988723214546521,5.71714383594299,6.944297491930944,7.9743189525816,1,train
8.736666163922209,6.788594233482696,2.056357266381011,2.445497775073806,1,train
9.11087768839273,3.804173015513139,4.64331349675652,7.993759638681564,1,train
3.3737759535299414,5.901602451879462,4.102241962569944,2.8916597611656645,0,train
7.005478411379661,3.6575748421641068,7.4509918004577465,8.105999951497697,1,train
2.3514095516459204,8.869028271061037,2.8920720455305533,9.825722257825538,0,train
3.232594357204311,1.0061455620522919,5.267042156194462,7.920667516606815,0,train
3.4009195778761847,2.2203180283534927,1.2797724500945535,8.178866132655813,0,train
3.4304387394447238,2.101737695538236,2.985799601155576,4.404994254168079,0,train
2.299844493904618,3.0065812892677455,2.619733052326577,7.298995417154321,0,train
2.0838295249313035,5.585946543524611,5.373826124028399,8.742259754711199,0,train
9.628932344014332,8.528581282819882,8.702790400348947,7.226966046092196,1,train
7.684108011899539,3.6190101722053916,8.365618627303212,2.023056991852976,1,train
7.729639361161914,3.6120436563211435,3.141069081965555,9.736155986660748,0,train
5.203048929307045,1.4416830480667968,6.957059859554399,3.89642347904565,0,train
1.6545697968698359,9.961525112081919,6.320627661066341,7.780450173153889,0,train
5.349457106733514,7.090951934481726,1.135226359722793,2.9891312717166207,0,train
2.4657656527400973,3.6040143210317184,9.384444854614161,4.852732188997975,0,train
5.9022518694638215,8.337556692505,3.198047433029477,7.518528801758345,1,train
5.513133114894395,6.26899197488282,7.154274349742873,3.113319806310489,1,train
2.5766958714992874,2.3907377752281955,3.8024616125979844,8.44003114458754,0,train
1.2226235622562196,3.47035520874345,4.327570790784625,7.7353527760759615,0,train
3.8581043792617913,4.791578581942996,8.302334904710547,5.685117498119453,1,train
6.936113990633019,2.750480239772499,9.040242378930326,6.344348381996608,1,train
4.17690556667502,8.533908796989307,9.894776098921222,6.204922209793983,1,train
8.213590857485432,7.206268962194891,5.883592584622236,5.906361579492822,1,train
2.082192134734972,7.293586305338212,7.770841313109659,4.341287108781056,1,train
9.730613255069846,2.734620731915626,7.070722695451984,9.909149768075151,1,train
7.813031425972582,4.254987302320666,3.5553299224065764,5.144842607851469,1,train
6.1715888005706,4.873746805977668,2.9049541074317915,6.241648614631034,0,train
9.723456997978667,5.687848160221879,1.8612676369058525,3.6508267497729805,0,train
4.233840400848777,4.924912615621963,6.375545007570481,7.871154080946695,1,train
9.568745472320622,9.701347660658099,2.2276495182229805,2.9995716383876916,1,train
7.5624175453524085,6.525187130336877,3.910353071793612,8.309865599721476,0,train
2.033032364206999,3.0332250285245603,1.321149743105595,1.8839983645209846,0,train
7.30656986072221,7.7120228315609385,3.234397946222313,1.6733879008273993,0,train
5.757027370887551,3.7865062353761987,1.7347672363549307,2.3834764355536464,0,train
3.613084775309,2.5951362609175197,3.1840062326829788,2.802930193902143,0,train
3.8154685990789785,4.986323517678905,8.792829855939518,3.492131945175684,1,train
3.3238840043171374,3.2896839494348153,9.90588714525168,7.449862770696881,0,train
5.946983833212731,8.726111063957632,5.149615183286168,8.828323321101774,1,train
2.8706778025247512,7.259949968747476,9.362428246131776,7.385347182809187,1,train
3.4987244299900064,2.072137936649556,8.596772251429535,2.7810729673146466,0,train
4.8892832768486185,5.670036137875809,2.068379488108896,9.57133108237363,0,train
7.293685226263569,8.611806087383389,5.831309828914993,5.4016935486307585,1,train
6.133594198249524,6.549929792111388,6.550326644632417,6.360224107388138,1,train
4.591086953171689,4.207641208547246,4.303789368091514,9.39641294848055,0,train
2.5846697971692767,8.966453777634083,3.3333105709664212,7.778866200544545,0,train
5.909205293697972,7.5401918370831815,7.034195584486964,9.186068345638624,1,train
7.715408920601125,7.756188436608235,5.094323891316428,5.09022464249152,0,train
4.639011911180357,9.06488384622177,8.145436864242972,6.091344711958051,1,train
5.393231873904858,7.137438748160282,1.151340789438387,7.217325725871043,0,train
5.477706252668452,4.768743269138126,4.261928763114676,5.2652172406035,0,train
1.654655614098726,8.601391063931901,1.144666780313726,8.23685006081985,0,train
5.645688307253146,6.330690864936926,6.377134961082113,2.473298972185358,1,train
1.4031349534169077,2.314664503060632,2.6096845592935556,8.1507598136259,0,train
4.557078099421879,6.144051980320189,3.4659013576906843,3.47820769014759,0,train
2.3170236070562518,6.981520955096267,2.997732501656811,7.7209096509921595,0,train
7.737886963686409,5.752242995443236,7.089397158865698,1.242608606817702,0,train
4.385850391354907,6.67213298604283,3.794889721839904,6.529676159087187,0,train
8.810596794984637,7.905521358680988,9.102356463811901,1.0042241184460288,1,train
3.6085093371411827,2.4494065781407732,7.876229541654116,8.955817747439642,0,train
1.1726595807398594,6.785486809190145,7.772524892587712,9.507390250894217,0,train
1.1044900394671266,7.46179878336428,8.51547986683029,2.945912888644166,0,train
2.0961962709869777,5.688439176247048,6.557339712098435,5.8347048527038865,0,train
2.045299323097955,7.361838574530336,1.3371032924622899,5.812039162923351,0,train
9.823231240594748,7.592348261661035,5.004405322452125,5.1484053540342245,1,train
7.358912681305037,7.2660296256598205,4.199091482545917,1.6934829263000042,1,train
4.541904681350274,1.650907340709438,3.8887371161357907,8.769993828344031,0,train
9.20696253010367,4.667331870310492,2.6053154324822874,7.40260939762122,0,train
5.244976201241137,4.066631473046815,9.57765255047745,5.071572117892122,1,train
7.9507572399026145,3.0921803240936803,2.175654235692157,5.263995379482634,0,train
6.5590138368747075,2.588643202977476,8.07944872232121,1.9594960501300558,1,train
7.668772116844502,9.019196074129423,5.646612283123028,2.5047352800668254,1,train
8.902960610523394,4.28839288906191,7.437025496630206,9.132109073987495,1,train
1.4602345687758143,2.5961942355217977,7.886208967111353,7.997151631060086,0,train
1.0374637953562589,4.787175022310228,1.6759512368425042,4.677060772608109,0,train
3.547408026149257,2.258311293328934,3.680337715560692,3.0253298903678205,0,train
9.152383236292657,9.423978453766013,8.66350232936956,3.8236297048725367,1,train
6.973158485193876,7.9663508737176745,6.474034178861726,1.950749671502964,0,train
6.88479808635631,8.456584226246967,3.013571677060992,4.973500460085392,0,train
9.464778637542457,8.376767488447825,6.263384186712781,7.018930188096128,1,train
1.2908045988435255,2.371168244179537,4.1656450437663946,5.958931904544851,0,train
9.742165368558924,2.0783064535608067,6.80237800888533,3.949613118900978,1,train
9.025138674607636,8.195054514091229,8.770131488431527,2.76502002300037,1,train
4.916129899933971,2.7532132690674684,9.021923158191843,9.837083152231859,1,train
6.460755062335517,6.392175368345325,3.579549216332373,1.2837549253170426,1,train
3.6590614087902606,4.763908485834993,2.48489274901386,1.1080566395219638,1,train
7.735372906459855,1.9791653396317455,3.8126160663977897,5.778882891329348,0,train
4.38740965486121,1.718951071945657,7.69782685162402,3.873365920195492,0,train
7.400763372818694,8.48466338997299,4.515215176767699,6.529422544219318,1,train
3.239178513156049,6.267276899175613,3.0255641393121446,2.414908148204272,0,train
3.433477815617428,4.488950306473299,6.877440126528044,3.1848119628637503,0,train
8.286838662047305,7.6632303471083,7.888944104214256,8.23934209793602,1,train
5.694716434287747,6.6723004873687906,4.862761520063797,1.3169770369367235,1,train
7.106202064211131,7.742943936411104,5.7805148347224895,7.344766285024643,1,train
7.776532618789164,2.463988097682666,5.288631740801091,4.410450025358545,0,train
7.571461114495184,7.5746274803399185,5.082967474197278,9.994333919159901,1,train
1.046816808705929,6.26598147333898,2.989819014471845,9.52262986419226,0,train
6.3258125548897794,2.7777103898834152,8.519023082670726,2.5705584255303755,1,train
2.5435373993842596,5.386402980881654,9.931668735201175,4.099880838428309,1,train
1.1233627768967422,5.289088617668134,3.658123052819777,4.54544352665173,0,train
6.961477861543743,3.638826801515659,2.3511511354093573,2.217100515277063,1,train
7.34894436110706,5.682090146392625,3.117394073338919,6.154214440077679,1,train
7.017858180838486,8.140199793589861,7.3352495009876515,3.1441177126222524,1,train
2.1908478249959007,1.1553350165446492,6.358564007185339,7.613107081927438,0,train
1.5685695260629422,7.94489990654545,8.279922313102318,5.011583337229219,0,train
8.67751019131152,4.31597462626386,6.353233153706611,2.507189252684756,1,train
4.101190205990034,2.321180604654251,5.387823692706942,8.859377438351654,0,train
4.657726547758101,6.737608192384849,5.48220062482177,1.5402273890827125,1,train
7.419898938311318,9.879933051851927,3.517073557514579,4.987590224437528,1,train
9.25899846673254,9.241786294646744,1.8809648494424147,1.8092274300245963,1,train
5.6422644489567375,5.486755163351954,7.4659787540177,8.16899221664044,1,train
9.135844985907399,7.118226789745024,5.399246610657791,8.446739108727938,1,train
2.6531026343153385,8.419930384826323,5.528175113252865,2.8585402126802197,1,train
3.3938939290411287,7.87668657738532,7.024284619645237,2.880593743937446,1,train
4.9103137703791635,3.9300601406776594,1.2519920208991113,3.0437959022078265,0,train
5.89760221319543,8.586315320790447,3.7027792419240266,6.374737057354148,1,train
9.66822580157747,3.045226628754156,5.644678437059421,6.23847629517811,1,train
8.06487336788177,1.1099292791752369,3.1305220845497477,7.634295444814591,0,train
7.0722970856000975,5.305783729794949,2.3054299164734475,5.3673666845850585,0,train
7.897472056830868,7.455777954215367,2.462487700033974,6.250322905641057,1,train
1.1895445978457118,1.8712504307058042,7.5672834782962966,3.6427819326884707,0,train
7.215259561805742,4.9752267138308905,8.73812320721171,4.003324088439921,1,train
3.8842866504627063,9.002734028110043,9.191527302088764,7.743614231361046,1,train
8.542910561877859,7.020917857055129,8.88228348689568,6.436940460648704,1,train
6.694829233591324,2.687185512364224,6.090958496989462,2.1559966146608414,0,train
1.8314939119072666,9.579728727698498,1.7411126583205516,9.008941395150988,0,train
9.149029367908033,7.170694614190811,1.4880650741253079,2.656017869044065,0,train
9.41213542287249,2.1920574311990686,2.9510816640142705,4.076379068509137,0,train
6.33083504749129,9.376793158967372,8.967050134690552,6.885791175122282,1,train
1.2458485343697707,4.1604222556026595,6.7861706167781115,7.764174410282271,1,train
7.647800394794995,9.265305810855054,3.482645555152624,8.444560941859159,1,train
1.2107989617362143,8.940100052119757,9.69415095398844,5.670386103220418,0,train
7.745920284491403,5.159620296332401,5.8993085694710885,7.383574596586735,1,train
9.109933307420562,4.276753305166016,2.1257473439680186,4.438704631341768,0,train
2.5476583041289604,7.407674249162883,9.130910477928511,6.75286899844057,1,train
7.438964663094589,6.242933602780742,8.706812943616246,9.519802164309176,1,train
6.978227131793774,5.062734673036317,6.0771611162541435,3.782218646430365,1,train
4.806013036225394,6.675332750265544,7.7967563660090065,7.588961214348659,1,train
7.366808406499376,6.0043589550687155,6.80588767155005,2.0323806415928547,1,train
7.271686744809961,8.826444049944477,2.866696726164693,4.405564596006158,1,train
8.535026362569393,1.4724818807322988,9.786695436626815,3.3261769408308126,1,train
1.4646484809104203,6.924026855958151,6.255215923865462,6.091985916273053,0,train
7.983792136748204,8.156269174699702,7.974514461548578,2.616982542298711,1,train
6.39250737944091,8.25581430105126,3.4916781520785607,8.96398322096827,1,train
8.16221877518845,4.697677591983587,5.742392567627615,6.049138498823196,1,train
5.151096625918661,4.190496532275434,2.430898661738217,6.599495811939528,0,train
2.518414850982656,8.976514170727306,4.201243430365992,6.481353341154579,0,train
2.240700585852374,3.288845945469956,4.953376895174595,5.026251841523964,0,train
2.088054332751878,8.223072698514848,9.684909754496708,8.939950705892366,1,train
1.7979392493382869,5.800868174520345,3.6993126156770817,2.643675290462423,0,train
9.036328095296959,1.5544273525503276,8.794020530495144,9.51099360745735,1,train
9.5533413797849,4.528648650296638,2.1840118717429435,9.029998095209104,0,train
7.6403195502831265,4.876250297933273,7.541579353124784,6.732928606076046,1,train
9.062623344279,3.574352544649966,9.233695971813152,1.6650859239551958,1,train
5.787646069563034,3.0268030858915527,8.687497011446808,4.646224836707129,1,train
8.26644857308618,8.296128576337495,1.5147506988116546,8.55395103586043,0,train
5.104794652427399,8.469731943076894,6.690597358383521,5.674184424117112,1,train
7.124035985899453,4.774187168743973,5.274501652320889,4.576487926031567,1,train
1.9855130520256437,8.041255598590404,9.64383430875878,2.3634336563968734,0,train
4.3902923108888885,4.088103903243157,4.030878657400312,8.560347206978983,0,train
6.395343620005671,3.271658211800157,3.669575997593123,1.2834374367892556,0,train
8.702510348585005,2.2621773361589526,5.620418687430673,7.239700723711587,0,train
8.178438907103116,1.331278062400755,4.96903806321137,4.560891316703611,0,train
8.213654856305244,2.345829053339716,6.93302546765584,4.843897919734461,1,train
7.566294117481064,2.8618051754114013,3.0823441518652723,1.969181344168289,0,train
6.217582101910592,5.52246295729072,7.458225959914101,6.248725036094372,1,train
8.173626710631318,3.6621799330908393,1.9942510037404606,8.083814670789065,0,train
5.213362132485421,9.290981651852025,6.884750985038255,2.4988838317675164,1,train
8.560703781719802,4.214694554577549,2.2088560915033724,1.8495946766386526,0,train
3.1881865435658847,3.053461267320194,5.740007066943891,6.224746628987388,0,train
2.575572089384777,5.231461615184977,3.7001118550554146,8.736739128270088,0,train
2.7184059952156034,8.20012259564662,8.40786624842177,7.949845567093776,1,train
5.456211807969096,3.404662146089792,5.715427611391015,2.3111471197057925,0,train
5.401457267190054,2.440618889695238,1.203320682716994,9.514669694189896,0,train
6.733520173142737,5.916665374067222,2.000445268541094,5.3374261494178725,0,train
1.8995024274940493,3.5777245798221404,8.747787158184561,4.334333005216743,0,train
7.201934609996542,1.910260518821356,2.1942623485277415,6.797387488766185,0,train
9.019753872280502,5.890115031389458,2.466214735880265,4.639007403867064,1,train
1.2156421087209388,2.1778636055094918,3.8128797585392,9.410030874738506,0,train
3.6977586347784817,8.162125827584465,8.489471041977247,4.016539994768904,1,train
8.549432967567455,7.099817195628005,5.045743475660501,5.98402491441852,1,train
1.5338089101271248,2.003641564683602,7.298876575646899,1.4491170761521297,0,train
1.1012734319867608,7.5060900624614,5.4726082137304815,2.6576231469718143,0,train
6.611695092521744,6.014081716054656,5.332459619174611,6.18909902439631,1,train
4.8460202621149655,9.299920672898123,8.939673413471604,6.540924412207909,1,train
7.616719826861493,8.329392249736857,9.753424261910972,5.140474268714094,1,train
5.182834576100098,3.814777156974551,2.309538503278784,6.22157257648065,0,train
6.279304876634408,3.7231441938295298,8.194737562903928,2.3080140152102464,1,train
2.4028299788441787,8.404100919207401,2.3606230001836934,8.572544670119568,0,train
9.547759294796666,3.3764757125436904,4.146030517776916,3.8289353411569236,0,train
4.750031434380849,9.829746965951038,2.026475655795349,6.768252796595237,0,train
3.098165783329989,8.659883310180401,4.540796304865939,3.927323981124426,1,train
4.604059397994191,3.243808020323009,8.398052290510524,5.348607817928634,1,train
3.3408766484140253,7.626576297921792,7.364822691205986,9.83338291028487,0,train
6.920584973902055,7.1376982600954975,7.1751473143767805,1.9693554308421586,1,train
5.5579688228564885,5.180833239318437,7.559377671135993,7.711354177715202,1,train
5.451071536870513,7.336356767806662,4.096671886129815,5.931465778911024,1,train
1.5572476954183672,3.550097161255769,2.7958494613839804,3.3211742533827735,0,train
9.699644749767344,4.30880343679593,5.06368865340774,2.789709396120189,1,train
9.110833450887057,2.7447391952818263,9.927160990843669,5.0044197226145055,1,train
5.117953877617329,8.875309910784397,6.521961648228395,4.909272850627466,1,train
4.028661800282946,4.791806974293155,5.244665420838965,8.353036918127568,0,train
5.507242152455619,4.339675427691085,8.655828002126556,3.2811182941069563,1,train
1.245362614618847,8.376923215429038,2.7550892495790698,2.9677375041826495,0,train
8.237462658992118,1.227051443332659,5.364311306634839,9.703730650464166,0,train
8.113039144701577,5.464675211568424,3.76776191053838,1.1709296055639709,1,train
9.04081324971427,2.4968433411304254,2.6422410754975365,4.170125902809115,0,train
3.47379457807549,2.2806902462658956,3.5464281193052907,5.671608513928162,0,train
5.651844867078937,1.093710699794046,2.1202570861441394,1.4857461272047732,0,train
3.8743789744454276,5.75212288264033,7.03673128843655,8.717335877342586,1,train
9.866230534361577,5.032105719258582,8.818299130667736,5.841924172725849,1,train
8.527176042234565,5.849346802234224,9.670391948780113,4.852421395012189,1,train
2.202637826515086,5.993940477024989,3.75406542327654,9.468046954135676,0,train
8.934209117620423,2.008483309208948,5.02819737300214,9.962293664669577,0,train
3.244064834650581,9.294830531176444,3.334011802970335,5.720337256262305,0,train
4.457143679613161,3.7853888735215735,9.476722262425252,2.2439146225741053,1,train
4.9690111182719905,8.852496819317178,2.106589638733135,8.42609070810117,0,train
1.2161702642866468,8.229589054813006,8.776001852959338,9.222063920681022,0,train
6.7561690258396245,8.874144062365733,2.034656290391929,3.8200673242619425,1,train
9.520685162190075,7.735153473942941,2.8970433300738776,6.241863281131884,1,train
8.035432733922693,4.834774891027662,5.9827642335706805,3.819713473069563,1,train
1.2426043164093055,3.278996381352097,7.814646482134563,2.1887102620548538,0,train
9.631814886852245,1.1600836864914186,2.0478676840103893,1.9922586306009364,0,train
7.843639879911045,5.092299098796697,6.106192293566398,4.287288728321037,1,train
3.94651319246746,1.943263864874202,3.993403393457792,2.9873709820538004,0,train
6.257105926467897,9.436419082927182,4.420273951444868,3.323592251609542,1,train
5.764929709626543,6.444074840596319,3.4517034320195252,5.120882890892284,1,train
3.205560631914671,4.34135363096492,9.654316552546305,5.572622422804944,1,train
6.714987032895025,3.3857312912278315,3.8845517584990517,7.855836874050988,0,train
7.176256855525955,3.23391726364758,5.083715230662152,3.000712463885475,1,train
1.6915795082381542,5.555305136682482,8.608154418068702,2.419531660424062,0,train
9.393089892870394,9.985342324436857,5.376268091723569,6.230719952403946,1,train
5.823282747121693,3.956040960042201,2.2916763731515175,5.8272590398603965,0,train
4.3842734262060326,3.5377577621220198,9.482487105658542,2.944059987866539,1,train
4.777931982772923,9.778076540680916,8.084165989869682,7.850410291952258,1,train
5.172861673537338,8.198657557745328,7.487872095381544,1.6021949071542663,0,train
1.0051016468483052,3.3334443124857813,9.241105480964343,8.733298119818134,0,train
3.317652553239055,9.615195585614352,8.925331939535303,5.582292468703667,1,train
9.640975458207471,7.918334002059525,6.990104438287715,1.6162013352849487,1,train
5.7056963967756245,3.4391444613473086,7.617023467367024,6.2404399950850165,1,train
5.821510564178465,8.852325542756521,9.688730497409617,4.051082612449716,1,train
4.107619762687828,6.120453058475641,6.131229855384571,9.627047179677197,1,train
3.7980456727740037,7.310927556915237,5.216459919081786,2.914446684901703,1,train
3.308640428487335,7.735295427583083,8.570399935950585,9.92322172996336,1,train
8.265359821118608,3.7600886391968933,2.027367893460972,2.9049532821473556,0,train
6.735922435305669,3.3748165496677816,3.2810596323482777,9.841838294939942,0,train
7.721240300525334,5.211386834776045,8.073630795415788,6.454728383169854,1,train
8.127330849648466,8.376618383646921,4.672310540915043,4.0882419482435415,1,train
1.8567555305834404,2.489437344643478,2.189003022497627,1.2962808827619001,0,train
3.6192310853061507,9.528253424560237,4.681796554599442,9.051090568350746,1,train
2.6958253545413,9.66378221942271,7.429706997837232,1.6715319664829693,1,train
5.171181825378311,8.410815529575277,2.1865500803804707,8.71238576499468,0,train
6.145774062428064,3.4243936783289337,1.4519979440207957,9.917704659043302,0,train
6.501780072201338,8.750132614532966,2.1817974699517526,2.2948281443112366,0,train
9.368007702496167,9.1117642868435,4.035821737363174,3.743565538148335,1,train
6.47450290563803,9.718347486776091,3.2563972190100676,2.6777029962758254,1,train
3.8977701992610028,7.387824509288369,8.349155368060249,8.094716416447863,1,train
8.969625430312176,7.010374293860944,3.6399381414013745,5.795856156686881,1,train
6.276696621215106,9.649112432928604,2.6636649912759722,6.96272718452406,1,train
5.020471391148342,2.3308292811792026,3.9764508936653575,6.568623394093149,0,train
9.543315777168054,2.0204054157027693,2.501484058679584,7.645932405851544,0,train
1.1107092521929396,1.675255349581523,4.247585434238058,7.965740188564237,0,train
5.626542204856285,2.672059999501189,3.0409284316022336,1.7414999444733912,0,train
3.9009457631317086,6.818195433640218,5.032568535975328,8.663606375776624,1,train
6.213294674827137,5.529587369797343,9.29663695603031,9.28709273652718,1,train
4.768577698613045,4.411826260778051,2.368880937342011,4.203648060572646,0,train
7.223413536025657,5.376454324851048,1.7982857995396504,8.429495287745983,0,train
1.5684805504954085,8.218565336433343,5.645946655825904,7.823595358139586,1,train
2.671322434547376,8.322070884796537,4.260758940754011,3.300617682515961,0,train
5.8215731814422025,5.271756772462858,5.483760332057388,1.9076513360409428,1,train
3.9739349279934606,6.288628421004584,6.675362831585918,3.5680867493726933,1,train
1.498426419620483,2.8634708889261735,7.533471938890436,5.667617941565964,0,train
2.893647868057452,3.41786038005013,7.8096718398528395,3.703379523453695,0,train
6.246387513403485,7.6155484884727205,6.0574690188099085,3.7001512657820057,1,train
7.0540073940384325,7.627656441976029,5.441303848104521,5.01486836175016,1,train
3.5914683321764977,2.1097517440362714,1.7109081566826323,2.512123509335696,0,train
9.133893383404072,5.249787130306106,2.8253957701302728,3.58240001007642,1,train
7.904086381112146,8.940775386678075,9.989223118539071,2.1718789293764384,1,train
2.431262316649314,3.084735462632478,9.243370591671535,6.0535961680589,0,train
6.718699560052764,1.0956310240265954,6.740054704637659,9.803395994295542,0,train
9.116690677446861,1.9129311687787185,7.351600467026239,6.178853120069857,1,train
2.2871524130043865,4.148602055319243,1.2191190688939653,1.5672310892096326,0,train
7.681182715682702,2.37764415112526,3.6740958452426566,5.438835284187517,0,train
5.453143954925845,3.8478555902303295,7.191762105811188,9.321575239782408,1,train
7.142684305794664,5.569609095275901,8.970103786605009,4.856603441407531,1,train
8.59443915837115,3.0629111203395833,7.752379808752598,4.969297003331285,1,train
1.2033873191433988,2.7544002414290123,2.3367275426963308,3.802518831761563,0,train
8.937947314975634,7.498419118187533,6.6812558194744005,6.784021417164354,1,train
3.579703141827128,5.183348585112198,3.7629861913781646,9.200971624580212,0,train
7.590832459497276,9.327835875199838,4.263311862575428,8.224768484853062,1,train
8.749545634134122,4.280078187215139,7.928214570272319,2.123091027307061,1,train
2.5648699535853368,3.222399597581873,8.631588899845694,3.9659226156602183,0,train
1.4711820723843183,5.317535930541612,7.145247379225724,6.678247100883452,0,train
3.9685251776377433,2.5355173976033725,5.266925540787635,1.133152780369219,0,train
8.903390819399702,9.14013214092258,3.862721369772034,6.697519912828986,1,train
1.9315679434561037,4.474247939951042,7.86045938420047,8.074405437306034,0,train
5.24743594872805,5.628511148821522,5.091754934802399,9.310702227199693,1,train
4.485329446210792,3.283267482089614,8.168994859229851,4.748076749697127,1,train
8.459448932272625,8.838873801247205,1.8161676553125639,2.7035066257727904,1,train
7.451461357593626,1.8474950426783265,5.048506645298441,1.0271308038534317,0,train
2.3916011976797984,9.232942154938142,4.123057473403051,5.982609854019735,0,train
3.9405289957473792,9.679713354423729,7.192059381812146,6.989510938031638,1,train
2.620406738045352,3.637962121426532,3.3830176602115203,8.350389899826824,0,train
5.625298508277483,1.8072482103071796,8.613104654733409,1.2190409983305623,0,train
1.686911618776015,8.175947624911778,1.1194706741808194,7.999546456063672,0,train
8.81621722450858,7.973805225557571,3.4797671492335787,9.66035233906772,1,train
5.448445300937589,4.667374428962599,9.664688054336844,6.78400754010724,1,train
3.8455827077248435,7.187666966898579,5.862624601846675,4.731743853378469,1,train
7.902187618993426,1.4967730677809152,7.449069709074494,1.259746786151171,0,train
2.393098280239291,9.517249627730655,2.0900117657005115,4.979173817158004,1,train
8.984909129610045,4.953862366734368,4.385159085049823,7.995925226746813,1,train
9.2731498040352,6.973191548603469,9.827959090291321,4.6505329009717595,1,train
6.696529359520154,9.469688720163088,7.807130339495603,9.912457034041358,1,train
7.916238241130794,6.080853163635612,4.168340567231892,9.60011931064991,1,train
1.2178974439059571,7.443843054842453,4.309383654014878,5.88178200777641,0,train
3.097556585853324,4.547939915927314,6.156354187658829,6.90633043694063,0,train
3.7922123890115187,2.7546613528147845,9.422309243476887,6.787147748563196,0,train
7.249567295310281,9.392318999640043,4.095648112712826,5.735124801833665,1,train
2.5505679250373445,5.542395549153084,9.806569776298938,4.846590199271933,1,train
8.67409454491715,3.202545438832861,8.15538084764265,8.055520406042724,1,train
7.086313068837056,8.360970816908997,8.812479578425048,9.398243996616523,1,train
3.88876338487659,2.5965418487629224,7.230301414098215,7.233139263606319,0,train
1.8515191215351132,8.29625882292813,3.1658270696699824,3.1596128197005093,0,train
6.282656648502804,6.322019525028071,5.214071941331913,6.300454458295707,1,train
6.750362322688119,1.3301319835378695,9.463127655902866,4.0782319622739704,0,train
6.497050976068823,7.38850378561084,8.700493751045645,2.782376239961057,1,train
7.162775411193582,3.7680435883627665,6.684640443971554,8.74005593500862,1,train
9.521863057589671,4.184775484714792,8.35485780862639,2.3089721460207384,1,train
6.712551091177109,8.661298695694034,1.9110461292937557,3.976655546612232,0,train
7.347852247225846,1.600402184104178,5.109748151178495,2.8474663363277304,0,train
9.689303064508977,6.550537901247758,3.763550907607849,6.079156073125518,1,train
8.89786434322324,2.52903062050901,6.204089193965306,6.646193795086699,1,train
5.2001816076270835,5.448716149668289,7.37952819211936,5.338117324439796,1,train
7.807782511752302,6.899168411822213,9.339599610371355,3.613709617656467,1,train
8.968574003999521,8.381155007231971,4.72312356377447,2.2030252777613493,1,train
8.008599482922058,3.5231299703573127,3.8824120638143906,1.2734647606397194,0,train
9.176913203071376,4.717731949569785,7.141829409347803,7.167207895588992,1,train
4.690296143036187,7.408176341382819,2.382551222959751,4.431393531912395,0,train
9.636493518406935,8.730508802113148,4.0929838282142805,2.7209535184642224,1,train
1.9249536467035635,4.941264478560106,6.795018544448995,3.830049345319817,0,train
8.601509950504806,9.587961774725686,1.9418633000148406,6.454269399218166,1,train
7.772766167567151,5.806786308825505,9.623589997973095,4.755556217076426,1,train
9.028532874252836,6.357235091343423,8.594593215142094,4.904156921663395,1,train
8.00407610802225,1.7103283775370084,5.918186377739521,1.5944745280110646,0,train
3.0829962812071323,6.478895435181522,8.480932887916374,3.4715293718121796,1,train
7.516695355000896,9.151298902485566,7.534807579840289,8.312725547514214,1,train
1.5459874351213643,4.963663833430023,6.539857662012943,5.767146170607705,0,train
5.9154238759001245,1.3292448813374989,5.249004522370196,1.879423154241203,0,train
1.2627425804231867,2.2280301531282385,9.44166035657518,9.817333318162557,0,train
4.323206334270953,2.1171475950674243,2.137702272687014,5.368273574660371,0,train
7.40621264020041,4.016986518951399,7.537894016273414,3.2812466825457953,1,train
2.399299390726023,7.858638054634562,5.33143606908426,9.634306925138052,0,train
6.955007408381927,7.788677726396487,4.037988280851225,2.1561648920977854,0,train
3.2257290827104756,3.9906980377064265,7.760470753272104,7.458161983691815,0,train
3.4138347294366884,1.2799062216674923,8.57685747963409,7.823035037565192,0,train
3.0866542467172757,1.6921758880004314,6.2680347710127435,3.49103903267126,0,train
2.828032143133543,5.696100061171951,1.5372246372734484,2.5557009872265204,0,train
1.5366818262927298,4.4934672586846585,3.038813137257307,2.3139078367887973,0,train
4.924236414297984,8.870660651646283,4.626969494067737,9.100369740737522,1,train
2.148400423804704,7.988287864215114,1.3117472970186412,8.351213880105245,0,train
4.892556362047775,8.017513163029694,7.524431695869286,6.072529820063363,0,train
7.351043100194113,8.330117255226689,6.820453596600466,9.178319909052169,1,train
8.976012157275047,1.7354387544843393,1.2886960365073539,5.926871042204006,0,train
4.819146110479372,2.1918214353760384,9.158354913142842,2.4177833214502504,0,train
8.047284512957956,5.47337609696215,6.671372434992281,4.840651351044579,1,train
7.413525328125555,3.1185604070693453,3.613390617864359,3.6698396943809435,0,train
3.593480878745087,4.8835316968160445,9.202271244070332,9.097063386989745,1,train
6.879596931332188,5.489344526674126,9.331580136258443,2.6635312180001076,1,train
5.750454975682176,7.920576450425097,6.648862824365753,6.229373155799558,1,train
7.933527612768442,3.0726043868656188,8.401858250797563,7.819007708321554,1,train
2.55014871368642,9.201411508035758,9.859682756271392,9.673360086540768,1,train
3.892237878861567,7.94689565185285,4.4738135290503,7.569392373484748,1,train
2.4730212711530806,8.157018276694465,2.628331545673394,5.842451711811988,0,train
4.210601104393662,5.8213049148413125,1.6538449843286895,6.677390995058471,0,train
3.7669077858156284,3.2243625339882334,1.6561844883283612,9.737651187287586,0,train
7.551541032965077,4.6106402965738456,8.478563859514868,5.840803934307394,1,train
9.967912766623956,5.238376499216894,3.7070478557028768,1.590523401876589,1,train
4.43479100616579,5.006719226955788,2.2387994854783257,9.616358681961275,0,train
1.666012589207581,7.748894241490404,2.3405530472121607,8.910049313540867,0,train
8.781550586381918,1.7725807979991592,6.4427294108124515,4.330791032906857,0,train
2.598514070565976,4.962634507960974,7.008406124226304,2.5419055462844193,0,train
1.9679608014327297,6.438262371237187,5.843943652131478,8.532062385042845,0,train
6.9364936544246625,5.458325237922849,7.362520481111413,8.580961623590388,1,train
7.408843981234636,6.2499519493612,2.75537562478614,2.491227271606167,1,train
3.3066253523836386,6.0699063637770765,8.655883021458372,1.1160034489857835,1,train
3.104629430368592,3.8925952175535055,3.5621254345571085,4.648061603966497,0,train
8.311449410951337,4.5290307820324305,3.696962508222734,8.286588987821741,1,train
4.4871917630201885,4.276355604259162,3.311463916402462,9.153628793173349,0,train
8.040601367905534,8.692993703445929,7.868868254701316,8.712455245050148,1,train
5.854836967786272,2.490430406329067,5.866533740049239,5.534445304052079,0,train
2.5910149627861814,7.038686966869882,3.0156336948680598,1.259404296885747,0,train
1.6850886681072956,2.7059263598911505,7.15445865463462,2.455336701432218,0,train
5.364884213836186,6.379350090450314,2.916701758829408,7.255043840050783,0,train
8.843613287641464,9.910531125957522,7.622825591775922,5.26126422026994,1,train
8.426217905709771,5.104096877001209,2.2180010837474358,3.2733039734654943,0,train
6.127008175037795,8.788668676947088,2.340481464535055,2.5849890286785975,1,train
2.9335813883451785,4.901306797003558,5.220244174941036,1.2204101543263528,0,train
7.281763849541251,6.936527790374075,1.6431017902255252,6.52717473816471,1,train
6.083370407236292,6.905097450671882,1.5300658520618873,5.230316121875569,0,train
5.541391081301161,2.3946770026918873,8.460970455082,5.713438059714924,0,train
7.269832704393519,1.526339438659259,4.331882169762671,5.881083851763004,0,train
1.1323023320230081,6.106018022633865,1.8320733644532146,9.490546430247141,0,train
7.491991744676828,2.3796991560277387,3.0614393643818287,2.0921843725153915,0,train
9.943415502074851,6.149421378559533,7.76134850741192,1.5724349118077705,1,train
6.965016809250573,6.01686883448227,4.115240824287401,2.3114366692062984,1,train
1.0649325327644998,6.53771594879019,4.045664534748742,2.597701620131485,0,train
7.017140554147007,7.911791899352625,8.686710013945127,5.454252891292639,1,train
2.8576261527291233,6.55476978773807,6.046801698821923,5.465099673214589,0,train
2.63276591671107,1.7189438235193637,8.706546625302245,7.554111183454212,0,train
2.04638663666029,8.001822740426267,8.763141696669088,2.455697724987548,1,train
7.117791427099849,1.6169226627624154,4.8989369208385245,7.456508301665461,0,train
4.103551332334479,4.478750353541183,7.222017158462544,4.806641621719542,1,train
8.08322565596027,4.250789150745027,6.1402467811177,1.134907594956682,1,train
8.71484380904196,4.23384108707561,9.10519465101845,4.834250800067975,1,train
6.9906429405774855,4.770302873073094,2.8075996905565095,9.027796798555524,0,train
4.953595649139945,2.1717646291154225,2.5389293056283417,9.815090259480979,0,train
8.056288420616866,1.3618552066399428,8.405681684532848,3.4765398588353813,0,train
5.473122189916661,8.682480316384998,4.202266829810017,1.8020281327621053,1,train
2.5506357130707373,6.6893595857251915,8.300353475529775,6.189156682521858,1,train
5.38398092779238,2.7847679021406426,4.405255686784535,7.459015474780826,0,train
3.1451880158670797,8.32095745988259,7.563882280586912,7.013534778058163,1,train
7.234791405793077,6.269689985929503,7.182869285866999,4.885946426559546,1,train
3.927440412894186,4.157439806401436,3.495369543582439,5.716958630351722,0,train
3.3341239266598546,8.800895933975365,8.853051765216211,1.2985352839612738,0,train
5.369835462640553,8.520177463097347,4.230719816364687,2.066115050379925,1,train
7.3642172573034355,1.2535573395108934,4.440435000440093,4.031060702721322,0,train
7.1120229280759215,2.776840811797484,1.8172685648782818,2.718818857806368,1,train
9.259388174660046,1.026084508312756,2.006053763275667,6.616960792087191,0,train
7.218668309573921,1.8939193439104083,1.2827005616336322,7.696312259809471,0,train
2.631916201816152,8.765960434704784,4.8076074746531985,9.433867992691878,0,train
5.3809052014035075,2.155352729257297,2.533849369545453,5.699906383056296,1,train
1.0550652256266004,9.329421680984803,6.903622635544247,4.945903285555254,0,train
8.400440706563582,4.067717208566651,9.136960448968965,2.2939464757281014,1,train
1.9609491160524533,7.148886786485874,9.15829384379121,2.203540141054535,1,train
8.68746093246397,4.202407915133852,1.6011588400720806,8.296323777838683,0,train
5.786815595448538,2.1015815728478326,6.330485076709158,5.319764799881327,0,train
1.3420715264150083,3.032165954192541,3.0552766695688893,3.7181120114426167,0,train
1.1530254473109385,3.2268025416771904,5.518178421760233,7.558872509291221,0,train
7.014839729541509,6.097519617829915,4.423626307562916,4.8334917491743195,1,train
6.202801495867282,6.160887286572925,9.61329132439725,7.055276546080285,1,train
6.2195263369463225,4.855102739764907,1.7508327389286586,2.9758456247394527,1,train
1.1541409093345103,5.199895084336193,9.95557712127052,7.115039273334738,0,train
2.473417582984101,7.0231771440453095,4.41796284811488,3.7460321668163523,0,train
5.55240573788041,4.777304031163809,4.123458212567916,6.535788753802189,0,train
4.909798812591124,3.8746138090402584,5.275721592267762,8.415854374219755,0,train
7.589370454734287,5.905284379955321,6.381389178602236,2.084182149445365,1,train
2.8069823105090586,3.789396258835778,6.237954474942425,5.294176470199401,0,train
4.348323810908141,7.37306289686896,5.978522903677504,8.089678721446194,1,train
1.6928315514989989,4.575028699923802,2.0053558729328014,1.9746460700652706,0,train
2.5873426508879454,9.421563364754828,8.918333972395388,4.572863429504702,1,train
1.843658254037496,6.940369476164759,2.7678587691357244,4.782485676183482,0,train
4.362018483594491,2.833276251120616,4.455620239524064,3.903204031507951,0,train
1.138613592500127,6.485513634927253,1.8095710813293109,6.343406621581185,0,train
9.972199033161038,2.3995223476731407,9.80716818693867,8.196613109928734,1,train
4.440596816483299,4.704532624839392,2.321709690173112,3.732652406796823,0,train
6.991387034450602,9.750161749232158,4.759218827930908,5.843604329759989,1,train
2.0758074752723363,7.563798690201164,8.088602257251022,3.0966194714566875,0,train
9.204140444694941,9.941561885558064,7.244743129786827,9.586282629865746,1,train
3.9872889075840066,6.458011892415289,8.298854044894446,6.756471719522859,1,train
2.3820257188003184,2.9484195382210197,5.15200590330597,8.498952119495877,0,train
9.039460948666328,5.328211685414932,5.760544603780623,5.536315949757163,1,train
8.116574974042777,2.639713051315611,6.072588233164193,2.4412760557317505,1,train
7.067825615700947,6.366764306248855,7.688552772631509,5.808211856628301,1,train
8.516320570218056,5.096252470113669,3.00495078780102,9.244115659746335,1,train
1.147315739955147,9.548380699518944,2.0059048257772227,3.24618977474047,0,train
7.8522742987398315,2.121876612045952,3.4397611992613006,5.692726550871771,0,train
6.956337599110142,7.414943259991972,9.160208994941314,1.6271792464690864,1,train
4.525418392388499,6.317999889303673,4.068610216222745,4.711223213074507,1,train
2.1094703849135983,8.384196852814211,9.139654529065158,1.7172906353090562,1,train
6.3790651617293745,7.859594914632989,6.026847204750477,4.79122823377805,1,train
3.4071574526812505,8.370056468999577,1.7411193779272078,8.270564030919836,0,train
2.794984819679565,7.310370248603321,7.4432687052312065,1.7913761987471841,1,train
6.013099914632866,2.435053642998642,5.525291894223756,5.676899815152447,0,train
8.770741070004313,5.270348554675047,5.492617190792434,1.047249416071682,1,train
4.154815634746402,8.082831642358412,9.86419775004421,4.505079017031612,1,train
9.645445722096595,7.278218433256107,7.648079230640897,4.5043069998099545,1,train
2.718307547346541,4.637416941016814,1.0083692161201838,2.756218023414843,0,train
4.129254708445457,2.85973073879002,4.225055588261021,7.852210214734608,0,train
7.871914472642428,8.42403924304188,8.227326209866341,8.640105732683983,1,train
2.1085531629434033,7.099487370794261,2.2859678132369816,9.711270720778128,0,train
6.174363568799508,4.41707790294282,1.5447209036093716,5.713812774970372,0,train
3.4277384196535685,9.77962474112701,1.3942753685213365,1.4020129676128263,1,train
6.847296138861712,7.234224952175065,6.293359017019215,9.959678327255157,1,train
2.7039463345712793,6.309332514520446,2.2861628719415763,9.2253778901988,0,train
4.650223019911675,7.734382821832031,9.507928855902946,1.489397346769893,1,train
8.099502017776103,7.725375375505253,3.2997080332605946,6.648338262054164,1,train
3.0608956220119192,3.2348961324723398,5.173073303872251,1.3541299660772832,0,train
2.4073540473197226,9.41878817219421,2.9805519288199123,4.0517100378626445,0,train
5.664537236811402,5.908088995845315,3.6471486793791534,3.1020413335396957,1,train
1.4340285548335023,4.341833830721424,9.847625076414591,9.578139810689768,0,train
6.249196107995097,1.5046184670785587,3.196652614158544,4.810701886552982,0,train
6.361092098324782,9.756983778527253,7.444447153405937,2.9422395687513383,1,train
7.928941558882592,5.497264354208145,5.602421935600095,6.789794579576681,1,train
2.8626274885487435,6.745738092584877,6.5140542220645195,6.641786546901332,1,train
7.472393280885778,4.950800165463294,3.8142585455723252,8.025672711544424,1,train
6.240867635543086,5.883124101445829,5.480896478366494,7.358956052568214,0,train
4.687467021720765,4.3879410074227785,2.4782215632864673,1.3201496707379445,0,train
1.717037080255404,6.012623202066347,1.5160378267822316,4.423354099451489,0,train
9.056061351998608,4.668692603058209,1.5332512790968207,5.124233245086956,0,train
9.103094041745484,7.041139731575042,8.40627394453507,4.834354460816502,1,train
3.7210141680218936,9.514628147391676,1.2062522924253998,5.43505483812526,0,train
7.890509566575741,3.5643799082702086,7.893043455909222,3.444568049021515,1,train
1.8059170723312326,7.184794835361263,8.4196617217171,9.69555283168605,0,train
9.760411262115717,7.234012685085557,5.695839882385049,7.566542767845675,1,train
3.7443957426530745,7.350622564945489,4.363390849845794,2.264038660804876,1,train
2.902862583105983,4.3734016837381295,8.255661975811076,1.7016355439464101,0,train
5.0123531765572835,8.292004891422724,7.793398958581731,7.281845166864321,1,train
7.8573500308037,5.986191876522505,3.684263547301909,5.51054240974525,1,train
9.574359464914235,4.785788958887867,3.208505303005394,7.477502707196074,1,train
2.712937682229747,1.490478489188523,6.53177132682457,8.023910977426782,1,train
6.2621933252563045,7.676409523351886,4.118020947334927,3.6387897166824206,1,train
1.1613609552355946,1.8563952356774753,4.89777838479357,1.2742275920230421,0,train
9.499713742615285,7.909716523772829,5.015326490967884,7.224881107531537,1,train
2.9894037849017403,4.364856631106474,6.721534543453337,6.362726407103749,0,train
9.017442430667202,3.6200173714851243,6.686751054753576,6.556508724859519,1,train
4.716237169901393,1.001652720842837,1.1050120638944898,2.5586117711507628,0,train
9.494611692894413,4.138131165962593,8.67530738333375,5.700125816900793,1,train
3.341773315095266,5.6249337841689275,1.779703177765323,9.928465613694621,0,train
4.20181283791111,3.2344259170855265,4.431007946841384,3.8198949473658645,0,train
4.796575713968001,1.695323490025792,4.5764968461033435,2.6634294688139413,0,train
3.069525351599592,4.041004481560733,7.628102656216511,1.4686912977753421,0,train
8.697432119564965,8.451495092703006,4.814652164727526,8.74044978533539,1,train
8.657507028907894,8.581166595027616,8.424752586728735,5.548209590091302,1,train
8.729754445747837,9.310117518401084,4.204060678740968,2.722466420272311,1,train
4.40597618946353,7.071251987098777,1.0122990222800596,2.8933097136515213,0,train
5.596647890950551,2.7594644748360295,4.415124329580449,9.679173021248518,0,train
1.592668810225343,6.3269490113629425,7.606772199553689,9.295946936873277,0,train
4.196406418134877,6.493209001226564,5.936927811018513,4.059601009338953,1,train
6.578931434009852,5.558095437072209,6.595803473780787,6.9695668290225425,1,train
2.408637128811316,7.616808076838023,7.362840658474715,9.843331625962268,1,train
1.393660198016855,4.231001124517643,4.93251470035005,8.734221811589283,0,train
8.84296408102342,1.705037668822988,1.7692602028296107,3.0552088328218305,0,train
9.556524433019659,2.3915122242001177,3.347116969352112,4.593975327970793,0,train
8.662455149305732,3.818051599752191,8.023294496164429,9.677178080952276,1,train
7.0617260188146,5.03296159821338,6.953455108261219,9.071400880724882,1,train
2.9432986562703505,2.760433810133841,8.42551035998748,6.606403341915364,0,train
4.660177520369418,4.086251160908404,4.715499567473833,3.578625776247159,0,train
6.360838318552885,6.9831502293409935,6.030721500239087,4.743737016982794,1,train
6.6018934634491355,9.41538627988279,4.042706647134899,9.663984828364292,1,train
1.3217427968470035,5.637010176618222,4.11659115690891,7.193419136905358,0,train
8.010380061540282,1.386997397402264,1.557255770506692,6.941505301577295,0,train
5.008204318503469,6.464722061696258,2.7617425758120464,6.376477205507515,0,train
7.468360527011756,5.657588058788894,5.943750048114228,9.527104462259953,1,train
7.034247188326347,9.107721812963797,2.609011852002164,7.146980850829635,1,train
4.2038581523551475,4.580393137839197,9.729777406632623,7.862636587770352,1,train
6.391394596323091,2.2211205766457103,1.8585643650483048,8.492655837569526,0,train
2.0550948056105813,3.782941725453823,2.866546462674256,4.117085500465921,0,train
2.8387815882473655,8.097497145380768,5.523162922402011,1.6365902232680187,1,train
6.954004526928159,2.5872860479879614,2.039602885993813,2.875752937460203,0,train
8.67610127762925,6.399230291589599,1.0012128472810518,5.716628407367443,0,train
8.390229086342412,2.4139416139290177,4.7743007896235605,8.995163461898185,0,train
2.5250211856679914,4.4608627609745835,7.879230985190642,6.294788762229639,0,train
9.777407710380977,8.67476201399882,5.113595239888711,7.03294661559051,1,train
4.864666372174172,3.06901678354009,9.456314000211108,3.764724468761367,1,train
1.069696998764328,1.4744018531343643,7.400291934875996,9.433960029693223,0,train
1.19948564990342,1.5105343052038576,3.369331534999311,7.701836928964844,0,train
2.045799848793006,1.5734606625165954,3.905174106226892,5.328117122924941,0,train
1.2886792536865386,2.99565840658053,6.025180612034597,5.537100250833051,0,train
8.803345557620334,2.7426375814797264,6.768205729270618,1.2110514734176356,1,train
9.096686911007486,2.0300546270872797,6.119662273725879,7.695550267321299,0,train
8.550212189156422,8.189943137202913,9.76560594788407,1.504370154064632,1,train
9.612193813653189,7.386252956128738,7.742428818271493,5.805999977830388,1,train
1.9263683601777857,5.592424938518048,7.878195435095462,9.774450398554748,0,train
1.2114589843784165,2.918144824499253,3.1637238795889764,8.711140768449996,1,train
3.125243652003071,9.051450282181367,2.9047698177710535,2.3945793613841584,0,train
6.894723441331274,5.4727075433043675,4.1757155940094375,8.049805623665478,1,train
1.1057260411313234,4.980927760677737,4.273332060185361,8.005176974107616,0,train
9.105914091671456,7.368666602920811,6.705760777275061,4.383621942465199,1,train
7.468626377012472,2.6621784063020204,1.9080033377966084,8.502150661571982,0,train
2.15275758557396,8.000092301076105,9.095332764907294,1.155075618545217,1,train
3.875770470015877,5.341622646342221,8.449598101191802,6.988630789293646,1,train
4.604729137265019,4.705008557671915,4.167178950075825,4.244304338453916,0,train
8.499589185088585,3.1324999313568633,3.8379795815120605,4.686663543483567,0,train
1.6532229689161697,6.184265111151445,1.1800165496876835,7.13508355335946,0,train
7.228269127257244,3.2154591958007743,2.2714981124432305,7.571437758694576,0,train
3.9162176594192117,5.909061438836841,4.763582743014219,9.26169190032563,0,train
6.597131531622197,6.699935256159945,2.532281349641154,5.102739569014598,1,train
9.072657463055577,9.540939428451727,6.214851250387887,7.0105559605450445,1,train
2.774036299866455,8.88371481813071,6.570898390197833,7.78178270279599,1,train
6.265113813708289,5.820523421336581,8.190829980137497,8.682959117722534,1,train
2.912576080268919,5.514372357449447,7.961230953820125,5.521908119509469,1,train
6.391984353510145,2.935705301546678,8.4787537486451,2.1409460029327394,1,train
2.9199499345639546,7.182460244590079,1.055377171385956,9.906879343762911,0,train
5.4695692756604535,7.630630782127474,3.5863314695313186,9.97784646103605,1,train
5.642846802696358,5.071358586391482,8.45115881530232,6.227833016645553,1,train
5.413785602226699,8.48512401193081,1.5801968716480936,9.483655556251053,0,train
2.574052387416277,4.30904651765988,1.0446652042242124,1.5631178962564576,0,train
8.248849025228358,2.1009046839652648,7.835695651396509,7.396802644562299,1,train
8.315601118264983,8.616357650866423,6.792370945086831,7.722357635037637,1,train
2.1035092946439486,5.54800182385191,6.856042151565219,5.371684980679238,0,train
9.577155390610509,8.48305370384771,6.994250243077497,5.720979321749574,1,train
7.8147634505805605,6.965199257650922,7.223556807063048,8.125928329633359,1,train
5.3084269019038395,6.466877362791341,1.9478300087102678,9.720448924864218,0,train
9.654353975634537,4.174627253373238,6.607444484619975,4.377955134896608,0,train
4.37486482070779,7.129950456797845,8.318532753557962,2.96805716815965,1,train
4.441506391914827,1.888985828341729,9.326394824410807,1.558142426179077,0,train
1.1781799882334196,3.9070192267226056,2.4273272550091156,7.743770139282791,0,train
3.887528046774018,5.283228452765695,7.640603531519978,1.7523278407375338,1,train
7.042137817528827,6.920244370139147,5.803079630453588,8.154655459648659,1,train
1.5533442046019577,3.9445113808392436,5.294365898503045,9.705733243415434,0,train
2.9584123484186637,9.95471521848343,9.424381151574217,8.734540851262555,1,train
1.012934050701635,5.920213532504501,6.052392014611111,8.980654480822682,0,train
3.6684858767159176,7.528906133945673,3.943075042849794,6.7864658891825345,0,train
4.799271845688652,4.7140677742584085,8.08312806603119,4.319030153739922,1,train
6.44454139567467,2.490810413114122,1.906995458347071,7.261717057669726,0,train
6.970264361116594,5.140863988793244,8.781235686380889,8.250536545888604,1,train
1.3090190452697792,7.176399858325045,2.7131228534950793,6.33434951920686,0,train
8.912041304872924,1.019913831271094,7.674502044645563,9.84123410457502,0,train
1.257493224500261,7.56933523698576,2.0498838944155686,2.4099768103259285,0,train
5.874738594114438,8.412570064008898,2.0644159882402624,4.603439830672471,0,train
5.113289173235097,4.180314905496761,1.8173781451246986,1.761525997784553,0,train
4.066661816621483,1.59688668935657,4.232956037488389,5.318486369322299,0,train
7.52459675753449,5.555917960707337,2.1175842395562934,3.2349918709686825,0,train
9.365262579796731,2.8484801202901053,4.872072331002672,9.960903604706395,1,train
6.627514838582165,5.328317264879902,4.819796201742226,8.804988937727625,1,train
4.440089063103148,1.4202961755441148,5.746232725858575,3.5320355178179828,0,train
9.690940009417442,7.059355740672966,2.0752945728656234,2.717169590877111,1,train
7.5936083748206356,4.444926428834215,5.180879169326973,9.030951774735563,1,train
4.321882904897723,4.644939986248832,2.773920769581758,3.9510989114637685,0,train
4.6488615943482205,6.70634976909016,4.9554713642044685,2.534200928527478,1,train
6.8519303064127115,6.443447255093662,7.886437426375411,3.8211175132901802,1,train
9.83998062371441,2.6692498451125832,4.783686597028826,9.401469986244617,1,train
1.1455108241509304,3.3127655809451078,3.8576240773729413,4.699959051315865,0,train
6.492804018644826,5.787252903081848,7.295061100716927,8.925118342615583,1,train
5.814049581701627,5.565978501030078,3.7119107473900206,6.510333637811219,1,train
7.51083331617573,7.247948926382183,3.2500345376343764,7.442841729689369,1,train
5.860941432639007,4.593875052310082,1.639792798969522,7.440329204051714,0,train
6.582768866075245,5.692094329778748,6.144041677970925,3.972462436030347,1,train
7.825086953159882,3.1630329741059913,6.043365260679044,6.36488589744158,1,train
9.852784249417793,2.6630297374754255,2.576688178496563,5.00297256605178,0,train
3.2640670000235072,4.736973287047945,9.66181201681401,5.399466826957643,1,train
8.107694840675283,3.6676619848145373,1.7875895831681796,7.688007304607655,0,train
6.505221142497177,5.938841296648138,6.25427217972841,4.696603364935127,1,train
5.26288264045526,6.472238990794823,5.3045982180623135,8.045232697016822,1,train
5.679211958324313,3.0988699780791817,9.768951746434595,6.9960947386149135,1,train
3.8694682008197026,5.451562368440919,1.1676726968632112,5.235223933717942,0,train
9.09779420066542,6.139497741563544,7.554869058635896,8.364815942842032,1,train
4.614982226681512,6.164392748008934,6.6428532893227406,8.701818519347196,1,train
9.763547203768157,4.6193048746858425,1.6597416046651223,3.142490373597534,0,train
7.024023603224171,9.615233053616294,3.77468221413306,7.041912071944562,1,train
7.016743082755659,3.060971345624975,8.15687553838017,5.611131121739984,1,train
8.147485829192274,3.86717077840613,5.726105020449141,4.392879231223946,1,train
8.682318344403818,7.753908559537193,7.924679206456056,7.884242790244086,1,train
6.791859434475876,7.16998808188479,1.209197713599161,2.6441072630779203,0,train
5.230024383629699,6.348767871462289,9.454733919840363,6.813304813902983,1,train
1.6927792017839,4.61847756445497,1.442225933042148,2.2010647068764913,0,train
8.985834264796189,4.383541003333367,9.963787049165742,7.692871315435824,1,train
3.339145040272249,2.8909873670406605,7.684744253804243,7.923221500979544,0,train
7.637867810448854,5.248924298844405,1.066390497555799,1.9065609091904836,0,train
4.972901835526304,4.529634384300973,7.679700415112412,9.214866458292887,1,train
8.487514421896037,9.379622700712627,2.975049881785485,4.835331387219754,1,train
2.5040418076794104,2.17419993593197,7.195970860700002,8.928543886943586,0,train
4.9225667718937025,4.063518698930306,8.219563914124567,8.681451725235279,1,train
5.66305997045594,7.846082668076664,5.26399549738126,1.6467160305583848,1,train
8.194099964226776,4.533404939163308,8.723138458144756,2.691303674943739,1,train
5.888500124638129,4.827595260824818,6.959495315087813,9.546788207422521,1,train
5.6136884111030065,7.115267000845533,6.9157626609147815,9.97625120807577,1,train
1.8612829808438327,8.695847634409196,3.586757024102729,8.815264568201725,0,train
3.961226429877922,9.27936606820306,6.845741054983918,2.0768712325122487,1,train
1.335397264214477,4.1445198572862445,1.989494788157737,8.556119502068952,0,train
9.840342224012531,3.428989897113854,8.440636394125551,8.151149626021425,1,train
6.410324520788184,7.447987614516658,8.876074859566756,6.964353111560748,1,train
5.162975334261522,1.7334122423927032,4.061912441796231,9.131307461180837,0,train
9.50059148668347,6.362505998132319,4.161836742381974,8.498355441013533,1,train
4.456121269348833,9.91059996184952,5.107007563733825,3.7435772956194957,1,train
6.486164377178727,1.13946186957142,1.4843905581511492,7.868509498207823,0,train
3.404648986345357,4.768235549926063,2.8472284372156245,3.7298720947656263,0,train
8.016521678210433,7.528429219100992,9.792917688052821,5.626574297690316,1,train
1.5918256841596852,4.144641132656966,9.132030222827739,8.642758468395867,0,train
9.405265405256161,5.401281808016844,7.180250696204126,6.554464059221122,1,train
7.768122049900308,2.6638462972229977,4.2290046182253285,8.704316423027457,0,train
6.715143432330301,6.564421556280223,6.6792248119587,8.985429004458377,1,train
9.77669092758092,1.2585701640431513,6.141188793919247,1.3030936804293454,1,train
2.4971607744285964,9.593351651581248,4.118319926166962,5.018244051028412,0,train
2.2046202403554176,5.211289843051536,2.531419820917399,7.5321913138423175,0,train
7.1913570948406855,4.07024049765012,1.4921594257909845,6.0800017699948965,1,train
9.418056358860895,1.8853486081942281,4.701049422072094,1.0762958966036145,0,train
6.984616127359742,6.903489866687852,9.841189077780307,6.566748920820969,1,train
4.005811344787585,3.2047101865347067,4.6297916994231985,6.851030161198461,0,train
3.526766771960334,4.081484061799053,1.650837708571882,5.937293728998416,0,train
9.21238011361794,3.1284397945607294,1.9308063124309307,7.737383832918785,0,train
5.508731994073081,9.840452541872953,5.853213708965847,3.267397015373974,1,train
4.996357346666796,2.5208109999710873,5.104555284891609,4.430100356750282,0,train
6.780728087163728,9.229239528215682,4.527003388541244,9.226562560417698,1,train
1.6684014842013273,8.879833635563791,5.560029455848036,1.201909755612002,0,train
7.6921891252685874,1.84298259225446,9.985074877627868,9.031679971706547,1,train
7.794989769890358,4.786594533733279,1.9130031022425777,7.520226005464265,0,train
1.4322548231025842,7.327592250346528,8.07379457605007,2.1537759960149714,0,train
6.9245810017930856,4.643953817507541,4.996964842378272,7.689691932158517,1,train
9.806440492533595,7.491586485094901,4.085053519787129,6.857794474877,1,train
9.255956359461338,6.607313068127593,2.309636036641839,1.0930586708085792,1,train
5.29575903942543,8.681335104763457,7.910525777137019,1.723900440106898,0,train
9.028871796904173,4.576654140003056,5.44303607381764,1.8243058549287943,1,train
6.55900723078589,1.3538368911916732,1.165152220979616,5.190679502426013,0,train
2.696798810640068,4.786501864544443,2.810740474900415,7.036526940836038,0,train
7.743551016742892,2.109008913655366,7.69569371774455,8.337134534241446,1,train
4.101783124161929,3.0304132901328575,9.260448196478485,2.5776222072050055,1,train
3.201477666950784,2.5002316457650955,9.538663362610183,3.3704885219179803,0,train
1.0933768074102137,9.649087191424883,9.375944230563048,8.179591584348785,0,train
2.091938406380443,2.8345719170381543,5.888202624797765,3.5262678310717295,0,train
9.154082968524149,7.899599368521285,2.5392467230876217,9.983742397261267,1,train
3.8666201957179585,6.232621678534729,5.592576778067963,7.890303251461459,1,train
8.016351501201816,9.54946876450948,3.653579468927658,6.662555838551288,1,train
2.0913138748917945,3.007958974725431,8.90354092260045,2.289922308560185,0,train
6.929812231649862,9.047999355200005,5.033926897602015,8.558816663219169,1,train
5.242961872446455,7.774676228956935,9.37998502738313,3.1185457744085103,1,train
2.0981381500513816,2.7781180739353393,6.383493931695641,7.101671319037237,0,train
4.484093940697455,2.9785331422014982,8.299381776685255,7.259121095628979,0,train
9.402761409167976,1.3936871501119668,6.783875370967751,4.235128269989067,0,train
7.1212463171922735,2.6758084308172876,1.2592289977596178,6.039634703014334,0,train
5.722766080765307,4.982731259367334,8.666589405058861,4.783490996456699,1,train
4.952498558110308,3.3235307648059407,8.355006727914017,3.3552080195453775,1,train
2.547370554078945,5.780541734391444,1.4478619770195595,1.9973073740957799,0,train
5.22558459670085,3.4891843675688037,5.87747213436094,5.087887192434567,0,train
3.273015661962105,3.5309405773599947,9.510982654218255,9.350055267490463,1,train
8.549178611775922,7.586946975904047,6.202836683127213,2.363721072935285,1,train
1.3644684935404086,2.760335668285867,2.309453299683599,6.1119976041595745,0,train
8.672213039292933,7.047029840272335,5.907537942630233,4.768562005521783,1,train
8.535903152081923,5.431776532219541,7.415087153251012,9.650042743262421,1,train
1.6798936929947668,6.455827784441632,1.6740208580313372,9.925837336678885,0,train
2.189779144447005,7.2863513963054665,9.530372429270011,3.742288274847642,1,train
3.0457550346248907,6.940500593078671,9.872436560080153,6.739996758773508,1,train
2.5857535697158536,9.97491856989129,2.7417986098956284,9.040936273318765,0,train
9.587655636316725,2.678143642456758,3.5526483998782403,2.4265432349220033,0,train
4.189248927522097,8.125248125466278,1.0386809612004568,1.419777130025691,0,train
1.9001152854505967,3.319065611153046,8.68838134871682,2.5584287811920183,0,train
3.1194060080633097,4.54007764485562,7.661690606116577,7.091997959131268,0,train
9.249146167691407,3.681297952299246,1.4142620068506626,6.0827682541393235,0,train
1.9207303851856232,1.6810824343921622,6.085846353054496,7.291682410491888,0,train
6.035128365684859,2.1839219195729758,2.1971111016409592,5.19759987256776,0,train
9.795364145214265,4.997258097617582,8.899903838163553,4.107821324734596,1,train
9.122882776109682,4.46649837976501,2.1857708042720985,6.3721480238607935,0,train
9.637841975495082,8.405046631964417,6.670820524233528,6.8644561803886806,1,train
8.439546722364675,6.373171976488594,6.307973966469522,7.755375073138279,1,train
9.36386259264441,1.255728342553092,3.514075471661723,8.002255311903099,0,train
4.968010833892728,5.62013458259241,7.513348124896856,6.245262526628554,1,train
8.009190097837568,4.330501602470952,7.303178873036276,1.3343105810737241,1,train
5.688421546503776,6.345960223614496,1.5961068304901227,1.6080351640699453,0,train
3.1801188276162997,9.854874498875702,2.997464340968647,7.401430705055141,0,train
1.325593091705719,5.458711531672231,9.844173632854794,3.2798584060478126,0,train
6.319389169158146,1.2666342333048957,1.3663917888857706,8.439555305909844,0,train
3.912161657047017,6.647613431332897,8.660415743566805,2.38750455401184,1,train
5.345126421235307,5.44466572414278,4.662322973953902,8.315833560082726,1,train
4.90222201159123,5.835895341383231,1.8003350809707066,1.517569293635142,0,train
1.236568610531315,3.84874242215501,7.357773139715367,5.3805315110438725,0,train
5.184914070120502,8.576898503530893,5.4327043886373785,5.3338685798028695,1,train
1.317087332237666,8.191348654581986,1.4550009053467559,5.521395676106432,0,train
2.7765205526689423,7.584691380280436,8.13429157837111,6.007268036993698,1,train
2.6275888182459135,4.520192196810947,7.50182323629882,5.876463659436877,0,train
2.9661455679657425,8.548974560855713,8.848219107505205,5.787960119135281,1,train
2.491812957912165,8.97062998121918,4.765906470020249,3.8738432598792665,0,train
8.017452719269798,4.8165476009319725,2.420132759022252,9.229719497443142,0,train
3.8420104392349916,2.176716597520209,8.606606200040098,9.981354210109702,0,train
8.67592972137793,5.471073653531828,8.060352065420796,6.747400222852542,1,train
9.204686685696203,4.20971970836519,3.80699600581734,5.34781713168758,1,train
3.8601143105757036,2.4462970602508505,1.178966129622285,3.5021169998475843,1,train
8.076999042339304,7.788768805930925,2.678640072532323,8.487849517189442,1,train
4.256153431558814,9.324977106123827,3.2591853056015,6.776598918753915,0,train
6.808354219851117,5.791860883011033,8.729653240145746,3.4547820251759025,0,train
9.513720425247453,9.0464679566934,4.171067745457139,9.520804134186358,1,train
8.731786372416655,4.033885019025188,2.567072059992572,9.228809722256647,0,train
8.04118654619133,4.153570892702654,5.15948272193435,2.2116246779975635,1,train
8.838284678309705,3.461305274986345,8.705383594453668,8.359021715920175,1,train
5.143935144097604,4.449936592993416,7.6089463715204,1.358347309347111,1,train
4.4573188369250865,1.2898862889862754,8.289466578542386,8.876325034472753,0,train
4.648481030460106,1.294680765228107,2.1428098378374094,1.4371098283865615,1,train
4.587355538272415,9.220495281679648,8.62271078167155,4.770051623664988,1,train
2.5252078869966668,2.4739782658911693,8.73269353197813,2.9979642873537595,0,train
4.171376878611186,7.853446556496277,4.458250201647372,3.103252816217928,1,train
9.784408318561466,4.051498177943314,8.550829020905695,5.487790998782527,1,train
2.2571167559741703,5.830526918161848,5.123185443429016,4.070726573539125,0,train
3.8929651404616257,3.312033790151691,7.057406754720675,2.0981642279941037,0,train
6.272015642513803,4.048066576187823,7.001348867644476,2.0431899859079463,1,train
3.6332107553856257,6.85591254932501,2.3545870514269516,8.97747924306187,1,train
7.397243134226975,9.635286700541423,5.532616491479909,6.526158294689705,1,train
8.443085509393342,7.351853520425033,4.058335373742474,4.2436653485627485,1,train
3.9549951796785194,7.088000287744707,6.119084067985876,1.817023711698763,1,train
4.314727454559147,2.7264892733300776,6.41751965630607,7.155876311340178,0,train
5.39575610566106,7.557145717076859,7.090700592965595,1.1985770997116796,1,train
3.0519104392092125,4.931250531531192,8.022838177449485,6.906998334590751,1,train
7.581040497235729,2.8685285387143287,7.515068347003845,9.342465439590693,1,train
2.994211457179577,8.735374312262522,1.002512083903929,4.154788307796203,0,train
4.50043995962055,7.683269356275769,6.099730566245035,1.5849481662820277,1,train
1.3615063092018571,4.229508219135698,7.086995767754452,7.048672390651168,0,train
8.421752583958384,9.254520985363289,7.273775786947964,7.960978284965666,0,train
4.883184247908445,3.146746786458144,9.617102028780657,9.160638918577614,1,train
8.381393613663636,3.217976465875015,7.820074372001077,2.673620498794999,1,train
5.495878572641469,2.3709033830548476,2.4645096473527786,9.02902393522263,0,train
5.460463755970267,7.463626498588379,1.2664299097116491,2.6099646278169084,0,train
5.639065381666464,6.559095220384741,1.6942159542060686,3.673195347974247,0,train
4.135689541489752,1.5783349584687723,8.213542135469371,3.929039812991741,0,train
7.0571809196442405,5.900656394817876,7.092616129717878,6.708611650960156,1,train
2.19248497380648,6.156966071219213,5.33513549626036,9.737559361139322,0,train
2.743421262817824,4.359257861226014,1.9881526239484604,6.808637904994611,0,train
7.276546010030938,2.782985519612182,7.025718037897999,7.195960361820298,1,train
9.057833329608119,8.839122258330239,2.8501839265403213,3.9209790443130688,1,train
6.428913259948293,6.918585693183071,7.518763683626861,1.748006463076527,1,train
3.1088833553595228,9.82452546385339,2.438231922403741,1.731941809405816,0,train
6.1341787180445815,1.414462512585557,6.844916303599682,5.8609492941704096,0,train
8.209059409831905,2.522855485823501,3.1227549794566687,8.763813579312712,0,train
7.079199089916958,2.023745890203441,4.409172709245633,5.995067602053083,0,train
5.704298345186872,7.249640281409664,5.16677618896996,1.820655011753111,1,train
4.714135556463213,4.717625206953693,3.386243941100979,8.910255820317264,0,train
1.2834084247026936,1.3197542168786898,5.073085647868002,5.563200038017754,0,train
3.150001931285643,6.353465887260891,5.85683584743381,4.329639779168559,1,train
3.0231153364858625,2.2645752271678528,8.895265436733759,6.1307656755310465,0,train
2.8474915017889613,6.194965943214825,9.78053828046039,5.942057772582775,1,train
4.732791134420003,1.3437074171480372,7.415260049805746,6.085884796537889,0,train
5.318573776087064,2.99971231313902,7.026885582487548,5.162178470057359,0,train
8.144849195766163,1.7480402374146053,5.650231095007586,2.549893070876235,0,train
4.008754356352755,5.961653872755914,8.735439663100616,2.6260523422851,1,train
6.588214801405693,7.95678221098944,6.772396719107789,8.71967742076188,1,train
4.159494127368452,2.9499952746720193,1.8913446033098364,8.565189290013823,0,train
6.5965053055008465,4.81659304739553,3.5225439284772064,1.4444890419758853,1,train
1.9417457073492397,2.704517169076399,2.6211906309834925,2.0793908220226758,0,train
6.582652115207299,8.456424503315038,6.485016610318809,2.282385070363011,1,train
8.077805876737504,5.522130898430111,3.986164656770048,3.709162326474366,1,train
3.2179902277093158,4.595462302551012,3.223649734381519,1.7160270985847057,0,train
5.735334898643673,8.770980460980935,7.925963942706451,5.347944069339722,1,train
4.830751373387355,7.538651678821309,2.6836434463069443,7.608487536344069,0,train
8.230882735323625,7.6988707542405805,3.8884778384281686,5.7999302754881175,1,train
8.579261986128307,7.464975544421845,1.1609498014874708,2.717822078298584,0,train
3.802151251483593,8.753191912893698,3.3305759478487387,2.0517966361164954,0,train
4.834748841580416,7.584386088558793,7.552415422159692,6.111509838930232,1,train
3.1777565102356817,7.963048796309325,5.631612495869429,8.885739051841568,1,train
8.518704210902124,5.298207753819959,3.2108061253584546,5.941617945252257,1,train
7.5269693270531475,5.865244950368981,8.634391117410715,6.223917182275607,1,train
9.307726786788821,6.470306303224127,2.354291124690551,8.520678737318198,0,train
1.3515371425350562,5.165475431645449,9.72681601283476,6.437858866482544,0,train
9.208767398089792,9.33804156133189,8.090434811642698,5.2080032696123855,1,train
1.624206889954968,9.575714012537846,6.6259992822848615,1.366053838479795,0,train
2.878989563015295,2.508309300838686,5.806053275911578,8.913652030506254,0,train
6.322362022811893,5.132170783580729,8.412306630069882,3.0075597287883573,1,train
1.0717805775826523,7.517654786263545,7.832830233454705,9.801312833456652,0,train
1.3447386419692564,5.425945671043973,9.67030631064383,7.246797462316459,0,train
7.395667440754556,2.4788311750323344,2.3583000090763324,9.719658417917717,0,train
4.514792953487467,7.190245541434285,5.943283523769681,9.706769532073526,1,train
6.770518285083832,1.3683135877902517,6.502415383052378,9.802275248102495,0,train
6.016472393620797,7.094912394104467,1.423096562095434,8.380691184751724,0,train
5.8439327450744685,1.0013942901646975,9.822001735375775,4.642736408680053,0,train
8.238307927035592,5.896186758557121,2.2810945008047563,8.296391602214662,0,train
8.462928015064167,5.616680508319019,4.025013449375454,9.383378333179401,1,train
7.5752736234851445,1.6052434439208207,2.5102677323195945,3.1722832160307193,0,train
4.437301981314143,2.2552390730281306,1.719342073006012,3.3264856218240615,0,train
3.085907480604786,1.3488250489267148,4.108905367782203,8.90030777114523,0,train
6.1717677499001375,8.654009219395064,4.580841997520638,2.333727899479663,1,train
4.553413855401416,9.012428332184387,5.049693706183458,9.490529852043315,1,train
1.1949394567431946,6.453622753966,8.89970761720832,8.010507325838775,0,train
8.934135695605436,7.6132044864277395,3.781472931089033,1.8020704099103464,1,train
6.6410858188701605,2.1617326134693755,8.052345383715625,2.575055884097214,1,train
6.247610936382728,9.874986383504819,4.6631768053118,7.627456081483387,1,train
4.124920806780862,9.506028729918766,7.62960417441887,2.1816905911353133,1,train
9.154146981408338,5.812519628070226,1.5337256279392388,3.9644137389733998,0,train
5.946396687404811,3.1150269491770817,2.5861062192691726,8.360227284727767,0,train
1.9473692352132714,9.343338149036779,2.103514565589083,8.46663592479996,0,train
8.864790488693743,9.655187323442227,1.8842593100006968,5.7630393547693775,1,train
2.271443969388592,3.9139094527676526,2.3128373720765225,9.90350802082198,0,train
1.9204866335708997,2.770277255186974,5.891518277701897,3.4225181230865744,0,train
9.591049035911087,8.961924166327972,9.157493201345599,2.1423234680816705,1,train
1.6824506718056516,2.20256783761843,9.315490956797364,2.2891236112522564,0,train
9.037547543819569,6.78932933820206,4.972414220397471,8.402645967145983,1,train
5.9831511318686506,8.874281488020927,6.829526915642023,7.204528637538931,1,train
7.237147774262128,2.9706350100331465,2.4351699739988053,2.5115822614164127,0,train
9.981684980237535,7.572963023381085,1.345661161554447,1.7405881296163588,0,train
8.866065972954004,6.111776597796205,2.7658470649173688,8.652528824224435,1,train
5.436722172904165,1.658738768044778,4.05430462553011,5.862160658754819,0,train
3.3053102383081328,7.004960393836763,2.6094262745488037,2.9746141501683283,0,train
3.3716204167305586,5.758366567452531,8.611951155383249,2.940064208476799,1,train
9.644984431434096,8.116737872606318,6.903402329711254,3.231736035834067,1,train
5.747205218549762,3.55061591428872,7.618085287624905,9.699954537415945,1,train
2.3526945558468446,2.9610817319931857,1.1508631466202555,8.462969292948621,0,train
7.427386810014652,2.587432396576948,1.030023251222663,9.20945119064626,0,train
7.012162935446915,6.630992963922473,6.86816195367259,3.9951062261951664,1,train
5.728429903368832,2.6579776476724146,4.803763736613545,3.3115830197965384,0,train
6.81079771948008,7.614061332153854,7.329134779513419,4.961256980996261,1,train
5.676853988458546,4.05211897238982,5.897251611112394,7.7944969419547885,1,train
5.615304595940749,8.657005410481538,4.922849178860416,3.0106883567618135,1,train
8.316956404256636,6.209026635146101,6.600277163301877,2.2103997398185427,1,train
6.574119429553062,9.758494367129774,8.957245341069452,6.850984678608998,1,train
2.3338010576763137,3.063518147148718,3.036646525755641,5.646586956142024,0,train
6.072887373843673,3.9502448457010946,2.1842322114962984,3.8797786932839777,0,train
7.353122292581567,5.4905944606982775,3.2479596815533878,9.326634862905575,1,train
4.350022049618145,1.091176198846337,2.872221588076296,8.624621028235612,0,train
1.0730447073826554,1.156233699980814,9.116415659073308,7.763874450293467,0,train
1.4066481358668403,7.140471535837047,9.776588766364092,3.937993874074492,0,train
5.509146682014536,1.1531929244088834,5.069963301084641,9.182819210287867,0,train
2.427617441867793,5.516462813097022,2.5993567462315097,1.608531829355305,0,train
9.64032089086577,4.01385653063309,3.8054889242779146,8.556630826617502,1,train
5.113942251907676,1.6629310514536875,3.0581144220059935,3.7610671274168985,0,train
6.974691451649178,9.716568605910146,9.407552582965698,1.411211051210064,1,train
9.764794664874882,9.562652464242008,9.489859018466838,8.658010615235359,1,train
5.474233105859266,9.704356502358,3.95767177238871,6.37428664779942,1,train
3.706468708944939,5.160302625844377,9.888260026645527,3.9932938533948104,1,train
4.623897138827851,8.63342039674339,7.623552891244708,4.264719194914966,1,train
8.60150679748805,8.100420886422649,3.8576492434795626,7.400827999204833,1,train
3.0595343628900507,2.1292131098255607,6.115568553896322,4.033813058725061,0,train
2.3539632022951045,3.0926750291078418,4.3775118505100306,5.744516403802271,0,train
5.919221807663526,4.327873304425365,8.517795424108405,6.127678855430114,1,train
1.4694556489925148,7.929696456637977,1.6678979029175505,9.757093615340748,0,train
5.485197167328693,7.842358784449009,4.715146541746464,2.8893305829411675,1,train
6.89622884721959,2.9939484431212895,8.256811644143347,5.263914320500447,1,train
7.174452748755791,7.879663447335241,1.7846106454819062,1.343521190941047,0,train
6.674683412700121,1.8936261726192636,7.569541046355506,7.804082708766702,0,train
7.43645545819409,1.243317139186701,9.034311496843692,8.93155907591436,0,train
9.690885557900486,1.2581272011572597,5.64057055895681,3.8300892042303394,0,train
9.754786461421501,4.376366311859286,6.693085822871865,8.07941335440347,1,train
8.38037143386054,2.3069750257109307,3.2236606074636946,7.241745883807937,0,train
7.260109272640761,8.654877864444751,4.9910650605261875,5.608432265205498,1,train
6.0764003735215155,8.074609109679347,9.3612345235662,5.9229997743872875,1,train
4.669840491735266,4.654468624498354,7.386020658032225,5.954467596648806,1,train
7.837128410517512,8.773671749776947,8.192285438227108,7.351651729780038,1,train
9.691852258398262,5.612969272621546,4.722576978007449,9.848829473520823,1,train
7.0394277232135565,7.978550421909616,8.814045209897785,5.86869243475833,1,train
2.9360570850957455,4.25103813523636,1.9134006429678045,8.252814321659987,0,train
6.915806978383772,8.924790513375301,6.429350609867095,5.73634033892313,1,train
7.384827692093372,1.9082966593860609,9.85774177714513,4.137621195812505,1,train
6.215838803142799,6.333249804752435,6.975930244470564,7.866710379091909,1,train
7.670328947818874,1.9634892385422582,8.35870131581694,7.245780536158849,1,train
7.717122341942398,6.31165353567796,5.035116771964258,2.960632201589862,1,train
6.718095430605311,9.965480704830025,9.167451372905763,1.1440450875075565,1,train
2.2447085313676043,3.617507635648395,1.780682456443597,8.095514799793719,0,train
7.769804866595825,7.428105634516729,4.8796809192746915,6.4770007363923,1,train
6.3671058290199465,5.487991714797848,1.6742926194126537,3.952268413236446,0,train
8.530275938023806,4.3240733090020145,5.131784291931079,1.6865976024577018,1,train
7.030363174412766,3.8088388744090693,5.304483214358412,4.840731299171576,1,train
9.552971466517867,7.702462920457614,1.0169501435433863,6.781460530330524,0,train
4.660926007447503,5.787766575553606,5.451166998381181,3.292581331427632,1,train
5.534102781788006,1.248488330663834,1.3561565008510557,7.860856193992267,0,train
7.874194570228879,5.838428512835323,6.443665586074617,1.9432685408711448,1,train
1.9914126915569965,5.175089658121107,7.2414082599732446,4.077269670246183,0,train
8.602158356322612,9.043336304900048,1.136791454043996,1.0877395087100385,0,train
9.812573891726924,5.678832886729192,7.68408470456806,3.5417652180106534,1,train
9.488240470756317,9.308878814955998,4.850310611689064,6.631491177889739,1,train
9.123486142962989,6.6488984206643575,5.004967984220301,5.868926153741149,1,train
8.683118597856442,1.023976466999522,7.079655324372959,1.6272960284619364,0,train
2.180451759651209,6.345728189960635,3.229003273745483,1.114833630419299,0,train
7.092594371777196,6.045819589619502,5.645545119586753,9.512060055769146,1,train
9.826352031543818,6.878234545855294,9.249294139227729,8.420403086098569,1,train
5.020816648717417,8.996650943823695,6.440321082020977,8.065101450840398,1,train
6.151745866966017,8.264079999407446,3.5326380663690107,1.9775081094414773,1,train
8.099856217591572,2.8448822300296017,5.51145315172142,9.732999971459405,1,train
9.377925377456556,4.352971463174143,6.49040135673383,8.402154997546015,1,train
8.21757094446809,7.721851585504123,5.019385028880146,7.234788234321492,1,train
5.881661979445096,6.530897360966873,8.904970294055333,4.121512211530298,1,train
5.351806000895063,3.9970492627541834,4.622336379591154,4.134224930908133,0,train
4.043594463725494,8.863182456606367,4.452481357065844,3.537801216304899,1,train
7.24202732061673,1.9578208733098155,4.737071528284239,6.527301877984899,0,train
7.970973401795205,4.322363155272823,1.5353300237166874,6.570008768992455,0,train
7.975543774293198,5.643261649073,7.594461894130532,4.719323031250012,1,train
8.832380917750331,5.645957964966923,1.4567748321579825,3.4040609808599105,0,train
6.3497373391950624,3.5427005945784984,2.8858754036474803,3.8778640907849473,0,train
6.422258530641859,1.6667555293834846,3.723130693949275,8.535916618741094,0,train
7.321766883169858,6.8705606556308325,2.9927957385858504,2.0259065810024994,1,train
9.394172244552637,3.4323144823096237,8.09041096593823,4.867239765032909,1,train
5.692483155255353,8.717128156598383,9.879535675048947,8.343551487773631,1,train
6.929313481906535,3.2540113255794605,4.069539110190432,3.2631100652573517,0,train
4.373327222085622,3.4895577094816637,9.515180018207015,4.882532236237063,1,train
4.713577455051761,3.0460223068915067,3.8269076573909278,8.93773150598954,0,train
2.8114146326275957,4.8891883757936085,4.33593606969294,2.3293070903965574,0,train
4.710389415946141,7.116994685228494,7.252076935800325,1.9210002679115195,1,train
3.752740794077357,3.185458142101095,7.643872883100544,8.026545759579715,0,train
9.159664245657265,4.347866328106063,9.132480191677569,2.903253813562657,1,train
5.157077125891579,6.6012006800182315,6.972709461048347,6.09483531222459,1,train
3.4975989973096455,7.047335900957816,2.0199654412091586,3.478437240989041,0,train
1.5097106346548714,8.639607585182583,7.053385752049912,6.622071567756366,0,train
5.513739409006872,3.8735081012413426,4.17864412520858,2.969057148407289,0,train
8.131536668339649,5.921645297200997,5.644604757478856,1.5726437132514,1,train
8.424308066571044,9.852118053761984,9.212761363407386,8.15582251366486,1,train
5.609419899042713,9.137936797940151,1.6734528455592868,7.176768814334258,0,train
4.076923720167092,4.954966429975119,2.151143398064643,8.57092456145272,0,train
9.647152594029384,6.183633158864524,8.239568976432626,2.112527849204029,1,train
2.950155198173326,4.009700040786851,7.358415155410932,6.876393765064007,0,train
7.45352201866049,8.219999045148722,1.7686170980614428,8.625774919497982,0,train
2.7699610023946297,1.0322186836147884,4.847707740062422,5.03669379660395,0,train
7.212942899889377,3.277268013918124,4.888444454586143,8.019604281422183,0,train
8.997166048580716,1.141631838797321,6.593276628917908,5.054680188850225,0,train
2.1992212854311353,1.7633566825635874,5.256712882242157,7.237561400880667,0,train
5.792828865288368,5.258879874072233,4.377466693846679,3.1492518567692747,1,train
4.7064459184647065,9.995481947360945,9.69873967694057,7.643337635279218,1,train
7.783278137754609,8.000341801850311,1.4818887708305422,7.183933017329817,0,train
7.756878319207681,2.130166614743144,2.661085394041701,2.1999848122481893,0,train
7.476015856605275,5.2936726872800435,5.468486804124528,2.4371763214394586,1,train
3.5301543230539307,2.3913018129075523,4.859618039737985,9.882350952660808,0,train
6.033422069071218,7.842599730843104,6.548285136062462,2.7942036609116623,1,train
1.0262779292734052,6.7931063924251465,6.994988189385298,9.371731915787173,0,train
4.462468280698497,6.375231922977072,5.992309159038944,7.872675647384119,1,train
1.4458215247683874,2.2202550234432987,8.028776530886343,2.352384547479147,0,train
5.854295170542862,7.3920978442055585,9.203071139380375,5.792838360583031,1,train
2.0251284707814134,6.397046767538348,7.243111277338268,3.652987724717256,0,train
7.20198416168333,6.218168951268475,4.075024290176127,5.949754501079783,1,train
3.6549629803268786,2.290764779838149,2.3857182016862875,9.272769407959688,0,train
8.417702450633184,9.271789556789189,3.665247467454929,1.028159361328529,1,train
5.148988112155353,8.822747523971572,4.908443235161094,2.993740364592321,1,train
7.966142576380633,8.481355547439033,4.981918181243573,2.759479153685735,1,train
8.41747864450124,8.390946316363124,9.04696754841365,6.2604022659784,1,train
7.6266328068463825,3.1508593558765345,1.9238655644482074,1.4446460249318815,0,train
5.8531413766151426,1.7728623520615678,5.592493707634366,4.672192388360197,0,train
8.178998401189673,3.9716190718124063,2.4722904370870866,5.848767089224457,0,train
8.878606684995209,6.411829954541457,5.690239204373253,3.8596127035636716,1,train
2.7306094664567,8.429853766562752,4.991699637402604,5.000949647687449,0,train
4.088586709312612,7.531643243014474,2.1637981181990082,6.642880836046306,0,train
1.9082384208145864,1.9789661768010451,4.017195758744625,7.607187959342292,0,train
5.579869893008,2.1433601557874034,9.977068088685375,1.6439605884396822,1,train
9.560467905365748,7.408252870229451,4.618035872865558,4.79477387736693,1,train
5.320986746684571,3.7058012706741046,7.702581107516909,3.7602993986732423,1,train
3.640259708382172,6.171254161142254,6.325386732838369,5.975575000589905,1,train
6.856531710751634,6.29813739062386,7.91727159723966,2.4748860799598553,1,train
5.159765610436788,5.274415925881288,4.973161387920988,9.275681271099973,1,train
4.350204608687585,1.2747525190719435,7.347225316527866,8.838007021242811,0,train
3.930108140213845,2.4417298727872203,7.251084003683525,1.1065582578964912,0,train
3.714539585651774,3.079974528664209,5.561395904857395,6.486058719415651,0,train
1.3718879017952874,9.244660976510328,4.334971433736843,6.281580625704286,0,train
1.4063002987927935,5.830065923158175,5.103792047358228,1.703765691914099,0,train
1.7525703807348867,7.47501481930314,2.301642108017156,4.7246916707849,0,train
4.545174864340832,5.993761396887712,3.9240190277140083,7.591325330797665,0,train
2.7372231429962612,3.3209328344786138,5.741316634374619,1.069781964467824,0,train
8.459567431309797,4.630685472363885,6.821554325044172,4.783976634261629,1,train
6.249731643704408,2.8048664820984714,2.7396255190275887,8.40848751826094,0,train
8.86584041311989,9.679351323798498,9.26470799187524,7.004933007171495,1,train
6.94315644035409,4.803990353972681,5.86024874684242,4.720997678639693,1,train
3.7411912893144974,9.736538979625005,1.4991769954906695,5.329265882285471,0,train
6.527263850412648,3.130571322908379,1.360061158356964,6.993459959654291,0,train
1.924731291718516,6.195566030270358,6.602568294662087,8.287124404046276,0,train
9.709738420655597,6.451207730031794,2.230310577086708,7.077369092466359,1,train
2.800166283013602,3.5764543129312973,6.458847742526893,3.8439510458476365,0,train
8.966452649385799,7.907564334683286,1.3196982437949567,5.849132054039286,0,train
6.045011246697979,3.7457777813944304,1.5280480686484164,8.560459811749482,0,train
4.474961651086875,4.795631650921313,2.047329718374365,5.512836225865999,0,train
5.377490856397075,2.513564178990562,9.10035103767822,1.71572229796872,1,train
1.0497324331825726,8.794140642682411,8.172370863266469,9.170771139162222,0,train
8.803938151498429,7.74639378953664,5.230594058680235,5.337801447327863,1,train
3.749620780819017,1.3120093879190966,3.424681673941207,3.3083682882697314,0,train
5.412547431885904,9.14224243718093,5.643666280994043,3.3772791075103803,1,train
9.269564487233362,4.051045750069009,8.164231395901865,8.512959161747109,1,train
9.401344582400347,9.160791956741171,3.527489731013942,3.7012600942837492,1,train
6.626491452117662,3.663981568791663,3.5211256762124927,4.4310094597837875,0,train
6.6133390519857285,2.463144223428208,6.55504841657652,4.27237228455798,0,train
6.1558771952496585,9.105023312737881,7.767973446283516,8.698925958624248,1,train
9.680541289950874,6.896500799112461,8.683201214459583,8.550037361930231,1,train
9.83537600577357,3.3366213152687387,8.776530272343326,9.170241538539946,1,train
4.96061555182935,6.135629662414283,7.63401729278593,5.32506696683297,1,train
2.048535760149366,9.734640273332385,8.267804510951919,2.4409131592575797,1,train
9.786525808307722,2.292045092672422,1.6008995709167637,8.954703476750968,0,train
2.3234423348424533,2.3844471514555616,3.2916847961110176,9.056679378646683,0,train
8.937193183810944,3.948489128697877,5.969499845855124,7.876406012376977,1,train
5.699119365473943,8.81941890799474,8.131699050605993,8.599578805013596,1,train
6.285898485203091,1.1782053543739706,3.728825046107815,1.211024588254173,0,train
3.720592201414584,4.535078401577609,8.556331929230796,5.949782898753931,1,train
7.428974633737163,8.864949436962878,1.4131660144456175,3.020286230423057,0,train
8.311216799781432,3.442208869626854,2.568745657308293,9.266150388431537,0,train
7.787796418402126,2.525959136624314,6.6093482088230635,3.4161551997705217,1,train
3.0091955083048565,5.903150271703981,5.209609796381412,9.050129531347462,0,train
5.449124975036911,2.222596510405175,9.272868419078018,6.471103180128464,0,train
5.467349102243335,7.328548894407245,4.948279879440107,4.874771296047102,0,train
6.762773567622097,7.740938799175932,1.1572531983418903,4.052152440472599,0,train
7.920856816677181,3.837296004507258,6.829497327303228,8.56200659020617,1,train
2.7253306064732588,6.963169719632363,8.383547488124993,1.3765119911773935,1,train
2.806720374452486,1.3729355480976904,6.358456905773531,8.966277173740608,0,train
6.282783256455867,3.9233492694073644,5.639140072716219,2.099743432178678,1,train
3.6347046327655135,2.3864568117582325,8.845848464059813,4.667348667142178,0,train
5.299571861354648,8.988311234819157,1.0076540011826993,1.0046128924678825,0,train
4.290370677032891,9.406435429607749,1.9080492312331794,5.184796216715775,0,train
4.634567696199152,6.009737514505242,2.7247068164464254,2.4231436496176397,0,train
4.938249859227927,8.486354245531487,2.2145892482555127,2.4096657753350943,0,train
3.785171347231674,8.738660494554365,2.2519213995755636,2.0573705946277676,0,train
8.812546916403601,2.585909469558729,9.779512269557888,5.249671562559337,1,train
6.786610073669532,1.4813427694919006,9.455831857221575,7.6462957746662825,0,train
9.228360103370083,6.925968022315802,3.147935051860463,4.686096213297466,1,train
8.09085119480226,8.736884430549516,4.147490759235465,3.3592410942033704,1,train
9.949805364314061,6.034249888357033,8.577590752743884,5.992707557584639,1,train
1.5296437651135566,3.377879863236489,5.7569836412916615,4.790527564763542,0,train
5.3207089215409775,2.3113292694329397,6.682068453612266,4.070893066790955,0,train
9.92976677073254,6.9990799820238845,6.256570567879484,6.059410342013907,1,train
8.040553902492773,5.7094400708293485,3.4572815877862393,5.49827225784526,1,train
2.9743395284365852,7.930324203805531,8.602175766845576,7.609442875249965,1,train
8.044187623691395,9.73163350531908,3.6004021629283436,2.073349994494863,1,train
5.42024076682467,7.646980308299522,3.039676811280256,9.233587952080045,1,train
9.918728257446983,2.087609942169265,3.072139191857246,9.266146622800926,0,train
5.263689665733679,9.23571728752268,8.036929077004608,1.4604602181762392,1,train
8.93686879188366,9.888805536246489,1.112884228010224,6.947097169962497,0,train
2.7469645650641894,2.5415434470714424,4.781246195615778,7.7660907800383665,0,train
6.887042809510353,9.753166531716031,5.663385449469775,1.1833176164610097,1,train
7.873516035833793,5.565479663436053,1.4728140918418653,4.3432079714356995,0,train
1.7264613140606424,2.6391766156319303,2.8176103065534956,4.4688916271680945,0,train
7.741137404959354,9.983724191698311,2.386064002063242,8.893263471831272,1,train
6.7749313280258905,8.184137569301722,1.4321592059751456,1.0294449274952069,0,train
5.084219756829585,4.3051551285712,4.5413862769905045,2.8403865136690425,0,train
4.929789588691012,4.1601988753671435,7.953728372015126,9.653807978116651,1,train
5.9688884858790185,6.036095464520227,7.7954954585655365,2.2794264355636145,1,train
1.5400377520636948,8.039981367582065,3.4013683033370152,3.234166716951699,0,train
8.312940530564903,4.710009471228941,6.490262932691968,9.633925655417608,1,train
3.637165105585469,9.94410194966595,6.655545169716888,1.452338657210475,1,train
2.417221014566442,5.119774271664781,8.087041697283535,4.414180874304417,0,train
7.063719299489034,2.6150565874653133,2.245280209126164,1.3918391398823409,0,train
3.6862812194446626,1.3072882355081201,3.656839336359489,9.192059632263195,0,train
9.954201183368154,7.096034621121808,6.969862751975355,3.642614678748414,1,train
8.324070265050537,5.877840114327113,8.217186029170794,5.558738022306408,1,train
3.4407260958035426,7.892831124031774,3.898074085108973,2.713618703289457,0,train
1.1152324866632708,8.097094040318696,4.822275293454165,4.9975844773821905,0,train
4.667025560735604,9.787595474358662,4.907191666374174,8.067600325780848,1,train
4.321757919976098,7.136344674828741,5.763063158162802,1.9908599489821006,1,train
1.7415844958283246,5.375269446442242,4.743007697831043,8.632991903071666,0,train
8.655711547640767,1.5092123151769987,6.227430886264353,7.890256327604098,0,train
6.619279982152414,2.4172233789165625,5.785244731636863,3.486230662555696,0,train
7.874159667861402,6.868728764141784,5.681768745319555,7.470800144511248,1,train
9.64764892410084,4.30983824232551,7.865427516235732,1.266316999758534,1,train
6.5145678885385765,1.5037360408367915,6.997656075499616,4.06178949302096,0,train
1.616836830209567,4.562419330610383,9.08422034642214,9.474937212368323,0,train
8.500984950768165,6.913021507035671,7.70119465415579,6.26510953373424,1,train
1.7091714357310726,3.1732490601360213,8.199893798283771,9.386720041736261,0,train
6.7228515892460425,6.826226177987832,2.798995037088725,8.801340342369233,1,train
3.002401156814683,3.254006552179569,8.631029228412824,7.8071984934573235,0,train
5.060288991167639,5.028320850211815,8.038633302715407,1.6064411155715632,1,train
3.0615088672633397,6.835786928073136,9.418317959169416,7.55515876663728,1,train
4.450528945433788,7.426898485008031,5.748409490969436,4.705024465712576,1,train
8.33765544986477,7.712683308444662,1.159661028534957,7.204922815066648,0,train
9.789678737373023,3.700473805416059,1.166113040821108,1.5080615353284625,0,train
3.4617270695000553,4.649177497295341,2.85946216437453,2.6978451825084653,0,train
8.605357286332815,7.009627205345039,4.015779365575943,2.5845744615425885,1,train
4.539630932809809,4.101724913306987,5.619242250103483,8.537322939191432,0,train
4.101082385193635,2.4666437618360435,8.207809809064083,1.5765720731380943,0,train
4.291080826682467,6.866018194940559,8.644216562911552,6.487158161208785,1,train
7.30001994509181,9.928612006555209,1.6605704528953262,9.72720384325393,0,train
2.922159857671141,3.4048366823599885,6.046336283233336,9.031377402762704,0,train
8.165333997125286,6.898158171821205,6.642983679601021,5.592388312509406,1,train
5.7839669056286125,2.1330108336198697,4.777032790277524,6.144566402952734,0,train
4.4876992962199145,6.913206706226389,7.529790298714316,2.5410138602835266,1,train
8.219886965750282,2.6790283548485325,2.1882422915061266,5.676655761511117,0,train
8.82367340107013,8.133426640934847,5.527058318352665,6.190519518217843,1,train
3.9296161318267924,3.3464680269758014,3.042483467444223,2.107755796099533,1,train
1.142890769919246,9.021901965873719,6.608402770031089,8.074053795134752,0,train
5.526739997909409,7.125461066873546,3.65391450567317,8.362015683615867,0,train
1.6087299377965647,6.368726080402503,2.6526215317444426,9.657763381484061,1,train
5.47281750069452,6.913357700049546,1.1655536881239976,7.686927050895996,0,train
4.2294480055968595,1.385034258516149,5.959441622148912,7.96545108624013,0,train
7.328285714749832,2.598972490042113,1.0950821275695608,1.4291591468371263,1,train
5.002767733869686,4.759721510691118,7.224426833515537,6.683311457129222,1,train
4.285589232932575,1.3847766130508425,3.504736500010149,6.454435706948159,0,train
7.558421246179956,4.9318979641603224,1.9590515903845889,1.906819310901697,0,train
1.6067226926382843,9.87416710305099,9.507830169087807,2.5513319727052592,1,train
8.198912192900057,8.61055694703797,4.162313008220553,1.754653718339903,1,train
3.7550121476414127,9.031743819153135,5.931352758529858,5.086349199598126,1,train
1.6429318397414985,4.940173798786017,5.41037312999755,4.612677246508863,0,train
8.692010290369257,5.141061459965372,1.7410411138173698,9.99246047225478,0,train
4.455917763218259,8.945957320510681,6.5419988580084985,6.635453847808463,1,train
1.522275382872534,6.973709160343947,6.229713360946244,4.650190616002859,0,train
8.705421792822532,6.147765979904676,2.4939617789947026,9.010078932758931,1,train
1.3340739430693853,9.255554212796369,6.182347824017009,7.108263939067628,0,train
1.2077858595938304,6.483761728943632,5.167245110999483,2.207014516977481,0,train
2.920884851483745,6.041072995744902,8.684869415023364,3.8185163605013273,1,train
3.584988238719501,2.0855210360616345,3.056983755562211,5.852496687491902,0,train
1.023535589946463,8.019348225714378,7.692994649275198,3.2019808623992043,0,train
2.8936831139133448,4.031499160903301,6.8519233037025655,7.561424057487912,0,train
4.543740221853969,7.517526023338509,8.804408905181447,2.1484040718923896,1,train
8.595805969134492,4.97714121575644,2.117545965868061,7.064814888228171,0,train
8.046750854321854,4.15875975244661,4.29066046205639,7.112057877818528,1,train
8.503168594664663,9.68600938104754,9.423332688020603,2.475884066313964,1,train
1.0703952600482265,4.09826987331755,1.8066250060069176,8.847659020856986,0,train
4.848975905852626,8.012607386088497,3.8528260025550702,9.31829620994895,1,train
9.147201387274468,6.907242067244952,1.4768580425371287,3.008928299775817,1,train
3.9492522589262795,5.827313790393846,2.8852983848816747,3.765503998777684,0,train
5.918787595543667,6.4856000928152024,2.5361107598804677,5.82598315347753,0,train
8.508989671299384,4.732948408218398,3.4904813110884745,9.3333993057719,1,train
8.063766938760118,6.899151669113836,2.3239533242653563,1.8989148964237161,1,train
8.4748261098358,3.8418200777636917,2.362408514990589,8.02386006813251,0,train
1.4615830257694182,4.256974508395744,6.665725595388374,5.269814178993564,0,train
4.624505986126282,9.055649020261047,9.262727021043762,4.267390952057415,1,train
3.6597884644194583,8.738523843995337,4.6915281907526225,8.683584800508193,1,train
6.938946394009018,7.635327179645653,5.928677335017552,2.2175743970828496,1,train
8.419613752678174,9.064285638035685,8.833581039753291,9.676117514450592,1,train
2.46384768655515,9.503385007594606,8.413127614521649,7.838506511122328,1,train
8.629375792066815,9.79482585905965,5.269825962931897,1.7358879302109536,1,train
7.642196750742741,3.714357012804075,4.941299893268467,5.751041130264067,1,train
3.984094023558022,3.1688703696963496,1.6796165537497578,9.860055587077255,0,train
9.728326867155463,8.53043468363324,1.8981075717648415,8.770948857191653,1,train
7.724036370828548,4.084467282459263,9.728150836898552,5.5282033798287324,1,train
6.5257189003358285,3.5861445297395536,9.758617987201541,8.877645907616731,1,train
4.8940726684473255,6.753457909788196,3.4753811954827616,5.586023541202003,0,train
4.899019821789655,8.385256916080573,4.8499353003429535,6.4296011566555125,1,train
4.940866232904161,2.111823223223971,9.030165491750429,3.212174089343463,0,train
1.2194734409616057,1.041554904728251,4.486035629231243,1.2127483633785814,0,train
7.320181340678039,8.524862916249363,6.331074549270024,7.078877114587866,1,train
1.3048913698867022,6.611704215572692,1.8019203655173721,8.531850572933376,0,train
8.8413643661165,7.268628818938766,1.1268554530470967,7.349084158167528,0,train
8.086112380972967,3.4171190647112692,9.336860574005765,4.947812698805743,1,train
7.616396247195966,5.391687539117189,4.513578519726811,1.92119189516578,0,train
4.983130717233327,7.979156299185009,8.875037824204242,6.951944003013726,1,train
1.1464925002163184,1.310699562772383,7.8967765045740625,2.317338874445885,0,train
8.413441425390939,9.734262850125624,6.5206043043776365,6.135250426316177,1,train
8.047469809703582,8.737220203140392,1.417499123663458,2.7435554812412133,0,train
4.270334402980703,4.700924086177958,8.724051752449917,4.883061576918518,1,train
3.9073621351078103,5.514057171553324,6.339866812159077,1.345386646258456,1,train
7.427446091865949,2.8735257984688727,2.5127098093679097,9.113402401866068,0,train
9.376673299364878,4.414353482829442,7.919721447661065,4.128286054608814,1,train
1.9906826882681474,4.433088232915498,6.651743006925452,2.8900781809775964,0,train
9.98095413775925,7.155708352798565,7.486367629569443,4.440546306847702,1,train
3.069807989619087,7.900337460741869,8.693922505663473,8.289535151285277,1,train
5.914440347542288,6.156765669872443,2.0313668323626235,7.9589277215219205,0,train
5.599921046175015,3.4609432317909796,1.7083917867462683,1.2521091079672844,0,train
6.773942480486878,5.440801500557464,7.2826218906253075,8.702546603953836,1,train
2.9801056608618177,9.357824062182367,8.548291893568843,8.381512369302591,1,train
7.599802332597255,9.452492138210474,6.959143070268401,9.895734449728383,1,train
6.48648848216852,9.468343264378062,3.3223997058874555,5.4860521732597185,1,train
5.191316800976538,9.0882339378965,9.819826725178523,7.165644468804736,1,train
6.861943561124079,9.888073157826433,6.643478059238425,6.753748534259674,1,train
7.5321395034449115,3.0665519745961327,1.2668121647605182,9.581191482506103,0,train
1.206319043560543,3.017939032411754,6.190610831328915,4.816629893767098,0,train
2.310010009144748,7.299943049817416,3.774678018254738,7.126488200151442,0,train
2.806053453515139,5.717004718498741,9.65122864203981,7.7063255569600235,1,train
2.5795173628155803,3.795443060474156,6.659154724752543,5.232466506388473,0,train
2.486698727945022,1.2048605907571204,2.6149900490147657,2.5385841348105087,0,train
8.92939854275549,2.2197826744032403,1.1103512983664148,5.006649591355281,0,train
7.067576898820291,7.67457252809608,6.460440492284031,8.0433747504037,1,train
8.184759016584788,4.537689348793059,7.301572583703334,1.5173719220888673,1,train
6.057021230039158,8.794410899369154,9.497122860211897,9.070668426876455,1,train
4.655045102673268,1.2955028703729328,7.790091001443468,5.276576187986094,0,train
2.27102143406288,7.145912314437693,7.007800222752708,6.661646235955837,0,train
4.87253448953043,3.8942668418802393,3.1374120244238672,1.0829011390120131,0,train
9.292305905902435,1.747930496744944,3.6732486351880356,9.96246349404752,0,train
6.799448527243983,7.469792475027559,8.148531558127301,6.755058228987174,1,train
5.776264418223498,3.387504592188607,4.369437951524697,3.3983030503703784,0,train
3.399588899778211,3.316279625491902,1.6728275289915415,3.1727679967540334,0,train
3.062436496136028,9.201106209046626,3.844440072605316,6.015009279913095,0,train
3.409780460121272,3.5644366416176254,7.7405182324170285,6.481410130714794,0,train
5.35163211453084,3.5030331196936464,5.82628670736385,4.198981308195322,0,train
9.8510681471757,3.596274198827799,8.977151796524405,9.656402373454915,0,train
8.571499519575777,1.7903433943540188,7.818990273217247,7.422636574501838,1,train
9.668645477296646,3.3489632394981594,6.716263587390795,3.779707082424413,1,train
4.597174779502659,1.2584457264072308,8.818676219951238,4.235488212741418,0,train
7.27255324181223,3.8591113970005617,4.118972784138387,8.422858223457837,0,train
2.225298206232639,3.6259290438113134,2.4334859715043367,7.7395111436129005,0,train
9.622908087459194,2.76379038061486,8.858498930118994,7.502150565217403,1,train
6.101142311110965,9.59854219642116,9.257854922085578,2.2699227055561444,1,train
3.4900714836978115,9.639806039683284,4.55491866493929,9.122323697035162,1,train
5.40685437806602,1.4338511897331436,6.763828249515195,6.98200681723809,0,train
1.7912386086661987,6.109865018747287,8.652671468237937,8.351157036607134,0,train
4.713855598393599,3.7700803019653204,7.306628833084493,1.8907831871026102,1,train
9.235187148443723,4.975991466401067,1.3911517972949823,2.8198835573659538,0,train
6.411153792279877,4.143835455724329,1.964651529325501,9.774495799640071,0,train
7.072965834236066,3.018313877652038,9.634959798133677,6.0400303477303074,1,train
5.937072862145681,2.3234449407281716,5.460017395581224,5.8604616389899835,0,train
7.027462103469791,4.707497488869189,7.606741180254729,7.0315816017150965,1,train
6.540030122502908,7.2772800282832275,2.129904449511664,1.150177119533656,0,train
8.867028433226599,8.173458330109273,7.2028706582135555,5.050833827505976,1,train
5.202443089928829,8.947722538843175,5.495881509655763,2.649990190312285,1,train
5.112321620617565,7.140139780811441,1.5882135098060375,1.9782011889685451,0,train
8.525447285443137,4.761151673204997,7.8242551219197,2.9057349855653936,1,train
8.702216376343461,7.4184058537025965,5.050997657499301,2.5007774689471356,1,train
5.151466357401764,9.610768667997112,6.635139586917901,1.2675602779383555,1,train
7.126466389606354,8.822736597921068,6.12606651531144,7.99001031137464,1,train
1.9389998762129619,4.007020698509405,4.244775201785716,5.1215362110089915,0,train
8.146613564378413,5.5848926365018565,7.842682636184408,3.0607502967444202,1,train
6.686565088614432,9.964861165097073,8.984459330220686,2.900362353866611,1,train
2.5449283017177815,6.773171222037602,2.4593727511305907,1.552089830510834,0,train
1.554090840550669,6.429333557548301,9.354907753513276,5.576800001193584,0,train
4.77631078846875,4.878483703719482,9.527452733786985,6.451659701570974,1,train
1.807874726356467,2.37582859930068,1.8988164266380219,4.243910867072895,1,train
6.462707660436221,4.283782890335866,9.744708610494683,7.292276332538945,1,train
7.7281364326432245,9.566869127323429,7.024991994544908,8.909676728172325,1,train
9.150425217341203,8.342650593428974,7.789482020308189,7.272138894827999,1,train
6.558425353873412,3.718645698795701,8.589984707555459,9.836976994408646,1,train
8.050919021014721,3.3962047535180577,7.269157551820027,4.346072758665777,1,train
3.6549463648196734,1.7360706885442396,8.575543734520025,8.233085286717726,0,train
7.368271300703271,2.3077226750647637,9.9440684310445,3.2979232359261923,1,train
1.9324179100332797,1.1594243840068568,8.003691241838006,2.0284605040668113,0,train
9.430084725527387,8.502296078365456,2.6143177009497043,9.35605680551591,1,train
3.8797527218330057,2.5659121220899834,5.117322346852197,3.283916339020124,0,train
2.955249668493902,8.656233467442261,6.731610111817345,4.919073551474947,1,train
5.376786049297127,6.424015706621162,7.526188675495958,5.158297583848971,1,train
1.196890349469681,1.1072119437702268,3.9203946088992208,7.270195192408391,0,train
9.516801786855849,8.932484227577064,7.509206089190801,3.5471874042994482,1,train
1.7252086091081802,3.888670199289955,3.00839197428193,3.6228901273023664,0,train
4.594557235151127,8.153429433634699,8.713184068459173,5.009115078991517,1,train
3.918991146007484,6.5582026862499045,8.27869909221575,1.1023999584472641,1,train
4.104976576873817,3.5611637665805826,1.394721739714898,8.039218674368465,0,train
7.515476522773016,4.659327175418805,5.19618157066568,9.514114939067545,1,train
6.7168106626764095,2.922796319474994,6.459151100312017,6.118569793674241,1,train
2.42844718348875,4.9055281006300735,5.815118075646753,8.979371106820947,1,train
5.556247338955323,6.622387249975697,6.6059145626892946,4.070142946610098,1,train
4.238272075236314,9.819067029008266,2.5102927945247977,1.6355510273911462,0,train
1.3134988181231622,7.686819378439992,4.913654923857473,3.44342502827933,0,train
7.198530702544166,1.2519733956961103,6.860639478676424,3.0484670317228626,0,train
4.745587114573937,4.050492374121875,2.248051565627998,7.528592881496674,0,train
3.3122426693670315,6.0526268412127395,8.241451108594777,6.216107352501969,1,train
6.861829983394153,7.352318658450328,8.133029621175561,6.483424209671934,0,train
8.379342122237945,7.768083208593618,5.974687033951779,6.420261134142504,1,train
8.204351970514047,7.816818033262422,4.489745363460522,2.247398866499571,1,train
1.1577287606786757,8.391150658062251,1.2143265113994948,3.2680928285272293,0,train
4.52635355399332,3.089048663982919,6.898017538884502,9.352509377736439,0,train
6.115363592205634,2.3446362334095165,6.631368279214908,9.54839502251674,0,train
8.288422851721272,2.3301257624367455,8.027676724701653,4.323294584070624,1,train
6.790235177540958,3.316498694483455,9.466649371634357,1.571872606994194,1,train
8.985053523897179,5.708693325434818,5.277851920443933,6.017966524083553,1,train
4.392022404831874,5.723432037345121,5.656223107939443,4.611063139230675,1,train
4.748888097535047,3.216091581829297,1.7342294387477413,1.338695660744298,0,train
4.573001834573782,7.61840631828505,1.269260701019302,2.4594717290605894,0,train
8.102150735356485,2.2883641954886453,2.8417126876873757,5.565451330885232,0,train
1.6313375025628591,4.567046375905884,8.570784529701927,2.4337781893027355,0,train
1.227020163372474,3.5330739016144554,9.868039870709962,9.860140643886908,0,train
2.978629928695058,4.498800158733642,3.922798382335358,5.398466431597971,0,train
2.6972701197660083,4.37817147469371,3.1643060232242872,8.334622661632004,1,train
6.93711479246597,8.34200096737441,4.402671021926668,6.90038991189159,1,train
4.354573141366741,9.48552195719319,9.388455183400502,3.9682286712320343,1,train
5.584606483852854,2.450869612730479,6.6733927921236935,9.850228136612815,1,train
3.2282569508021224,4.174339639539408,6.164560475260134,6.479633318013533,0,train
5.380563674536194,9.994471483724952,6.393395466320842,6.947483891347111,1,train
4.354730802337999,8.377728587369008,1.2193326277478733,9.56327018438159,0,train
1.1003254639568056,4.554507112688405,4.089985292259708,4.642287057521619,0,train
3.7853582493580484,9.321630960705026,8.512554976144656,8.723514112862308,1,train
3.4781875925190566,6.042026348999912,6.179691720106391,1.4503217114221565,1,train
9.30358963929821,9.782441979631933,1.7501989680669507,2.6981451532886567,1,train
1.762095287490514,5.780536949739326,8.643084736456593,7.965066664559914,0,train
8.658492362601297,1.860811682137743,5.6353179687330375,9.265282593433293,0,train
2.870154881739367,1.356822605876446,6.034374582215523,6.773373800462225,1,train
2.1798981725823587,6.145125634676331,5.613269642621977,3.1460788434745353,0,train
1.3722936857221404,4.915830820851692,9.664562624816453,7.341078866279272,0,train
6.738519534646645,5.662852467352604,1.2602759200809568,6.235633079853198,0,train
8.407626283661475,2.726888571574605,2.1877461461499426,9.288588176705906,0,train
3.5048199762217545,6.384818070116454,8.535522393500813,1.5771513033382583,1,train
9.337129773441449,5.762497653904148,1.3686040198027625,5.517184547799027,0,train
6.07681009746177,1.1445927736549177,5.438423781164361,7.059145493813813,0,train
9.011830620741392,8.97574223023264,8.469323046373567,9.229890878013446,1,train
2.096905543885592,8.544764932169267,6.977687708316783,1.5765461694059262,1,train
1.814922827477509,7.518870394051278,3.8465901152595494,2.9451978309080036,0,train
3.1852442059954464,3.9348118625346444,9.284310034594423,8.323297181867467,0,train
3.4491310254942293,4.932592993593304,5.274755053726091,4.799491245070982,0,train
6.861006914264013,5.720385591709455,8.02397971464859,1.0449683082255254,1,train
2.8514116368043876,5.897476422910734,5.884948055694578,7.643731666152744,0,train
2.937110421428123,4.260253654137493,5.751908492544334,3.536115255488855,0,train
8.077630885977436,9.78607635779484,9.74295862731146,6.558702704482645,1,train
1.9418370416481268,7.859336381889726,6.752858646641524,8.260432615217606,0,train
4.2282770633242,3.756511454090086,5.742187856190817,2.405093512370236,0,train
3.8692429917912436,5.190692514335272,4.113862973675445,4.662015290904633,0,train
9.695873338143475,1.7795042974842752,4.547327023702874,1.9876414154302435,0,train
1.886789201548798,8.469407595061629,1.7137132595002122,6.370977819844534,0,train
8.882708235175713,5.802092211384619,2.141986976444766,9.929393084785286,0,train
8.655372683759847,4.100950070172534,8.442261047175709,8.262363179315763,1,train
2.135282445974942,7.659576995588063,1.259870238109615,4.9081960050868085,0,train
7.945710526482359,3.848349921745799,1.0550713393281195,1.8014614354662735,0,train
9.206857188519624,7.940525124914867,8.043586908815811,2.458642929525384,1,train
3.246422663200155,7.559728401577176,3.5137656030470925,2.156107286869222,0,train
6.3518757868303135,3.095412466044746,9.801195302462325,7.621840812914797,1,train
1.3210127239944967,7.336386319207736,2.0487105811964477,3.3581957141565715,0,train
3.8529148389025227,3.2201952066278774,4.016056417069107,9.90168398537059,0,train
8.407200302168032,4.262379828068463,1.604300077906849,5.814317589850875,0,train
5.9472800093789235,2.959746115177735,4.361278453509225,7.949312783750916,0,train
5.63105802488426,5.303310363599864,6.5004978021260165,4.0119836843602625,1,train
8.528843904579197,2.8400684491558152,2.2746433835993787,7.710710205404848,0,train
9.371776403448996,2.298560550355734,1.6356292962319536,9.608064444537964,0,train
4.332899713277277,6.523871983028472,8.709190024832928,8.685483588562924,1,train
7.939070834406571,3.70592016232708,8.874241634129373,2.908390575718437,1,train
8.242023287758645,3.654240459023002,1.826280163775154,7.9495596396938835,0,train
1.7821532421892443,5.721285211082361,2.330354157870972,7.984373003057465,0,train
6.8527352863518995,2.979333164023938,5.396342867128281,4.4862895256420385,1,train
3.7086538236926425,6.474771625768013,4.7038177420982565,8.128857244163456,0,train
5.800376950917502,4.739712155523769,4.797775265635695,6.602614231246746,1,train
8.019489869984039,6.642283185227545,7.7022210171916425,9.320431351281405,1,train
8.344624100877658,3.3492286494765375,4.0293295068550545,3.802395404868699,1,train
7.444695968150107,4.576749063300186,2.5296291855284947,9.109075199120301,0,train
2.625120912861842,1.3692160837641931,8.63893103624805,5.4712116421175025,0,train
8.070779699678464,3.1440076533353283,2.93928959427517,5.680105280826329,0,train
7.977281846410276,8.736783595972067,1.1019491060097875,1.432145098309591,0,train
5.378954188927031,8.336164018334827,2.2150800894218623,8.099358295802485,0,train
8.94045915673102,8.008024263718848,3.517799725462767,7.525816291569042,1,train
9.700569205054151,2.559358562936109,5.859934347551807,6.553890322000613,1,train
4.460258255244756,2.548815591803579,8.254105544726649,3.2094569877069334,0,train
4.850148670462425,2.007782202957596,7.984734513714571,5.867133774842864,0,train
3.2690262198517255,3.971673144976099,3.1536827785801176,7.794328541982262,0,train
4.3698045938356405,4.881504577661374,1.453408873656989,9.793782341988958,0,train
1.0949250415469662,3.5328305944076197,6.377560485338004,4.483041013916463,0,train
4.954758811107533,4.194769436485716,8.440124842622101,7.314113814433037,1,train
4.11134580508754,9.624755045048133,7.913920538575058,5.119408162004185,1,train
4.577567608585678,9.634939106172551,8.678383247503024,9.55190040707083,1,train
1.338542257213371,5.860912315533029,8.042557224782712,3.2965304567804994,0,train
9.617886840118796,4.244810753130441,5.4052211335189915,9.588863350195853,1,train
1.622596012982183,4.008039947775639,7.398740920140802,6.277802235999085,0,train
3.638601037130486,6.664122300115363,9.885878750287597,5.614037204909497,1,train
3.897046616330225,5.208895163251908,4.014831699501913,6.871897295788202,0,train
5.2309183229481855,4.462400579845873,8.223056058366097,4.265291688708659,1,train
5.418014620539161,3.4945948045025714,8.540904173781353,5.62613339154789,1,train
7.001051171226013,7.551177054802321,1.4634370221455164,7.774391078037931,0,train
1.9989245335952797,9.616629218592191,9.848943760053738,3.5174290117128164,1,train
5.2985168218880565,6.296267787766371,4.069160345398581,7.064531356510583,1,train
8.39766180600364,7.0443722107729165,2.4418341523557996,6.1836999238872705,1,train
3.150793041408768,9.549337041903977,1.7135329759413187,1.7522647383642842,0,train
7.053334250695203,2.0194472562761367,9.742112090984238,2.7645806921211777,1,train
4.699302733804002,3.105909683868444,7.178798084022348,8.086850114236611,0,train
7.322477951862771,7.230841410022892,3.0660080286649514,8.411399380343447,1,train
8.213488878447627,7.453449334295293,4.875350722242527,7.842706273217819,1,train
5.654422427713554,7.630882755424917,1.5004487905693396,9.772389299180194,0,train
8.153465741302966,6.017947357683396,1.9674497130402502,8.636702401400894,0,train
9.51227876183509,3.2768888859473773,7.5983434115552875,6.097422494636973,1,train
6.7932790930151095,3.549350368837481,7.957836637990577,1.5080963452069711,1,train
8.110713819695329,5.8790312671637786,4.366354057732976,8.665651593180076,1,train
2.0299471013339336,8.442854260696565,6.3848364889261635,8.810094732025764,0,train
8.37555903061641,4.969819211858505,7.519825189502736,9.062036042742474,1,train
1.1460050762974685,4.374398533299021,3.3897947035696814,9.709024304800222,0,train
1.8555113943379542,4.971784089410422,3.3015887708122786,2.5234699415102257,0,train
6.4246737337360935,4.638843888480837,6.900510068926316,5.263088482406392,1,train
3.1742337713552375,1.7585915316638183,6.34399792031658,4.005085357791495,0,train
5.752728169396173,7.994166862697571,1.0396611908213584,6.2290222393081125,0,train
8.61197262988276,5.739797275323217,9.524404046684552,5.631846512459805,1,train
1.4542647655097243,8.998729458224634,2.7120973106360586,9.94966214733675,0,train
3.750888855800535,8.301720472366025,2.731761863416766,9.982081114924926,0,train
5.908849417594736,6.581333482926123,3.7230661919884547,3.5861402171729155,1,train
6.738282720488082,7.678944319782123,2.039311148035081,2.5077087856516274,0,train
1.0635204485705443,3.6441884781862317,9.161536760690199,7.743979868402102,0,train
7.418506834962354,1.7323336655592836,2.420518192616629,6.738063565898444,0,train
4.402111402173031,5.932349916805923,4.632729196361523,5.2060930807333365,1,train
5.371755715885545,5.9092883605824404,3.066797802157513,2.133166913744077,0,train
7.419824138217279,4.21944037370018,4.438690286205399,4.0194048269833855,1,train
6.822770911498439,7.454301797943783,1.455894467949967,2.980442300492553,0,train
8.955032251299711,8.191839752356225,5.734322560088492,6.490500828994828,1,train
9.587598976090833,8.45621014873199,4.4552411658133515,7.133581957680075,1,train
4.88146267597218,8.547141179359716,6.394840938530534,6.084232949020725,1,train
3.419039371336857,9.045069888296041,3.3179562346117963,9.373271681848786,0,train
3.0813747462512735,6.567263872128502,4.209998406293755,3.260756835614593,0,train
5.474407229826266,2.953955204758592,5.075836167991524,4.664146169293188,0,train
4.025770599489589,1.5581010302860365,1.5866652072723588,1.3461640597730054,0,train
1.8629521593089646,2.393222043170457,3.020779108003967,1.8075906064996274,0,train
8.659288947003061,4.9131221705568935,2.3747786783750673,1.7363659390113058,0,train
9.731712790574546,3.335022252122479,9.229482944477063,2.3614512815052793,1,train
3.6037465065755687,9.591759023839773,6.6196949215148075,2.398229681129634,1,train
5.538104331443426,1.0128753331898182,3.8554237738528685,5.926393216139898,0,train
6.504975709076047,2.2042651496721115,1.8400816497038515,7.4687284684354704,0,train
5.200729923210992,6.435723503894161,9.144649560756683,2.7781142609181932,1,train
3.7433629981622873,9.849563696170168,6.284818023270118,4.247371352770147,1,train
7.691751170349443,1.8090339769628534,2.1340520866348043,6.2295562940829825,0,train
5.711204600645407,6.108406787557452,9.412007672893541,8.517395541522541,1,train
9.15700039986817,6.82928343790316,3.7431567273914452,4.541833237281028,1,train
9.460420389364526,9.256121600379617,7.030029232887912,1.977305925151426,1,train
9.518310636983413,4.444671328007367,9.973767107409564,8.972993831929028,1,train
4.502710161010093,3.695757783431434,2.7356435094073692,7.12682318554201,0,train
5.434235015841042,4.334333404828764,3.8143392630445234,3.0998693076616712,0,train
8.350441594619381,8.842908329213738,4.658726600847058,1.2807512893448227,1,train
1.5115393050635824,6.7121433421403385,7.50021175290811,6.837229392596987,0,train
7.117924649538259,2.7677775434971483,5.630605687945532,4.222648741923239,0,train
5.583306819132874,3.1981123304552703,2.145980939926877,6.41773436231996,0,train
6.553118219915593,3.5148852151191843,1.4085905722793588,9.401101597946903,0,train
1.3403773834646344,1.9074742545019545,7.162208573665974,6.630774428007826,0,train
3.7989954428717407,9.47842639678678,6.635071164926308,7.371623703686323,1,train
3.9195000710738475,2.4850858968561482,7.659186024890306,7.6063796733243,0,train
1.7397955177684765,7.177740060495909,8.913313355980787,1.8504225399954626,0,train
1.3355707523278941,5.699371598850931,5.948444507095845,8.235719495340573,0,train
1.5236865495324199,3.199531894992464,7.953275488582551,7.442349050169493,0,train
4.248133124361816,2.953922687609333,2.293926535879611,2.8956560732442553,0,train
7.328672754603731,6.5597420124109025,2.094768700316481,3.0242393609621123,0,train
2.828064070131829,6.23828087160171,7.867831426635719,4.585165393797322,1,train
4.878369747614321,2.8539069964061823,9.441190271679048,1.1581959428103739,1,train
6.685494785731613,3.585799355111578,7.0566407128621655,6.9238978974662615,1,train
4.502037201410548,4.899263115470023,3.678181499004314,5.169225300471924,0,train
2.3499437862787063,2.9567018350592247,9.829913107874546,2.197618832304345,0,train
2.3778866511600496,8.719039144289638,5.907496808488677,1.9333972126457124,1,train
9.63521355440514,2.33974697717973,1.6639300058167001,3.2874721310153996,0,train
4.579350200595386,1.3019777996329962,9.239934257569876,9.503758368212843,0,train
4.788783277171567,6.8585886250775205,3.3089433765592395,1.3960897090156372,0,train
8.067215578747064,2.484272627172483,2.489159214624707,5.602928811191708,0,train
6.370478375648423,9.24650329561275,5.876832561387288,9.834373582423565,1,train
7.243110194240411,9.053755777568098,2.547068015410101,1.998009492519206,1,train
1.8763617712186806,7.28804791439235,2.4209494152404307,1.3467953074892598,0,train
9.944814195477797,6.357421275854382,3.922180404674314,7.8022354235510205,1,train
1.1276385730394982,6.212037982469451,7.677365210775782,5.0590213298219835,0,train
1.0848040613151033,1.521149256445606,4.218082871016334,4.217133514647543,0,train
7.40383513696072,9.849042955685475,6.041513332589358,4.754602581147591,1,train
9.021028663380951,4.395103291023904,4.15551880659414,7.319140316833448,1,train
3.5606237854269382,4.75470060996725,1.2518820291237025,1.5412747387386962,0,train
2.5319963003518526,3.031395854459567,9.343811984651035,6.580095793983153,0,train
1.6667992335661734,8.48230919595968,9.41506878724818,2.0377164249052107,1,train
5.301309110989129,2.361167506304675,1.0598348513729148,6.165256886871973,0,train
4.24751896234069,4.200154100581074,1.9255673844152696,7.30385632948117,0,train
6.06801452791281,1.4768000348553687,7.318400030905666,3.7736268403651154,0,train
5.539116654108263,4.790218009272429,1.6890743794553833,8.734794287039197,0,train
8.644869922451758,5.425995592094077,4.769315530780136,8.392741725729461,1,train
3.001325349994225,8.66875221223088,5.899564995031944,9.217907457057533,1,train
5.583667747432986,2.6826872546832425,7.990515448752263,5.027944974155097,1,train
8.556678674816698,4.2425326463682715,6.919142730118896,9.670554509741446,1,train
2.9513229673573154,1.0578896424843216,8.41819733570981,6.6103663732681985,0,train
9.86385536901377,5.870540094728189,3.2703125171427745,5.340513989346855,1,train
5.582268907119733,4.1620306299554555,1.8178539285102073,5.121731108341977,0,train
3.349623690616241,5.740915929657622,2.1634479158014015,6.526957505650753,0,train
8.40040599741357,1.5512344233082338,4.439941724940218,2.2512890781823955,0,train
5.560259729147132,4.076688438518335,5.828664544288628,8.637351175887982,1,train
3.6638647855198268,9.15925059134542,2.497568901061238,6.84999298176357,0,train
1.4082025465320966,4.023454803576545,3.58170932020718,6.0686241228454,0,train
1.6425047000879633,1.5597286108405024,2.4350238604395438,5.4544889780447114,0,train
7.118280083910001,4.824490053600449,4.893061297163767,1.0345733878133094,1,train
2.386255216932314,7.519711739977722,6.969460946012871,1.5050132040352542,1,train
2.0170780647796134,5.783224607819802,9.699603847156625,2.8213591047449507,0,train
6.114455615435515,1.916727081164578,5.034573183051533,8.379659767769699,0,train
9.175306526202935,3.9650150536136026,5.925377856221568,6.214376526404605,1,train
7.82176475020339,3.84498830277432,2.5881941307332412,9.855471542860865,0,train
7.200616044193769,5.315491984124309,1.465251642524458,1.1524046042337674,0,train
1.1468718631949462,3.291898357666847,9.8048886770979,3.612929541244387,0,train
9.689012962699373,9.850463277234166,1.7121754656107502,8.989332134946174,1,train
7.23402994137151,6.805120429120477,5.0264777721162055,9.21899225848929,0,train
9.926545832264948,7.750925503296029,9.111206670817953,9.971999027236706,1,train
1.7037937964177394,7.254432335535043,5.017347856427635,4.5836823472276285,0,train
8.142196063249084,4.52571123961613,4.863778751894509,4.462498459927745,1,train
8.36921890078768,5.428119505506138,5.352906468090555,2.267108196297024,1,train
4.39669612181671,9.205334682079538,2.574736064128276,1.4330962798756102,0,train
5.341750302993544,9.19413295227365,7.544771592985975,9.278698291500934,1,train
6.889338114017426,6.353451862016506,9.814432301899297,9.410466825990424,1,train
8.862261861644047,1.0163500020275085,8.305116249650592,8.244498684877883,0,train
2.324276980736653,2.8554241031236636,1.7472409441234595,1.7117923971294358,1,train
7.74423046284728,7.923599756115692,8.310734024761693,2.3448135329898867,1,train
1.5481629871095688,9.94303688083874,7.572083201403383,9.135475301418758,0,train
5.980996454296172,3.216448768860362,3.838002557554935,5.62485598851253,0,train
8.373362965442597,3.013326978063836,7.148230123175675,2.152017524207267,1,train
8.53755748458332,2.014673523982842,3.955132001121031,7.194192348304749,0,train
6.4493416110338195,9.131704737354756,5.4278057575738305,6.423833905596918,1,train
8.864942785065745,2.393910751090736,6.3138759047949025,6.776929527225599,1,train
4.108766566820702,5.8810644040309645,5.259405513169428,3.0202703574151033,1,train
2.975065631896883,5.287139025398524,7.511355712013548,4.970446305038747,1,train
3.546387558018934,8.52767263546494,5.771437034151594,2.557505563435922,1,train
5.346250577182048,4.384706283909938,4.785161327182074,3.3497356184709934,0,train
9.02765745165145,7.047190909058015,1.3256145844461704,5.702126979693459,0,train
3.63243210185282,6.11709981622803,3.01311276283432,2.9006683390357555,0,train
1.6883834051682347,4.3015784302712525,7.117726399707863,1.6114837318181257,0,train
1.2339366465489818,8.135581191097291,3.7335621134295867,6.5601877935974,0,train
8.505746032382408,7.216255594201,5.797427810320764,3.129883773845255,1,train
3.732559676838695,3.200284022010597,4.156838033272223,3.653278101186465,0,train
1.8995423534941462,5.514383639892691,4.565954280252404,2.1562270402402497,0,train
6.537548458505736,5.907496317954166,9.854551327641381,6.691949094412847,1,train
5.594346188128576,9.649940106647854,1.9494922232106178,4.374624785645948,0,train
2.85917946189866,3.649154568196768,4.768000559558292,1.3286431858427732,0,train
9.813348000123355,4.401590302050007,4.21807350205674,8.159945681037243,1,train
3.1206062258134644,5.430969896730285,9.975130459729526,7.370274193003196,1,train
2.3062214963605525,5.526580643946986,7.645461624910963,8.932080953758494,0,train
9.089602995662249,7.812071642172409,4.142594004720101,4.30609006196404,1,train
3.96073308939003,4.403973807176737,5.471028317984943,8.15567519349689,0,train
9.480395968238808,3.335145076044403,7.031402245075137,9.886815191650093,1,train
8.64087497033168,2.2481578153214783,9.625948816491924,9.203323313691184,1,train
5.177902291146209,3.8325593141855214,6.052022541882294,4.618797739241501,1,train
2.1864874239737766,9.982436345584448,7.85630343048592,5.560469775251306,1,train
7.973393915576313,8.774950591910745,1.1365084465448594,1.604994567510965,0,train
2.7036000645858422,5.719321733868932,1.1721337400622884,5.180741905800823,0,train
2.3499121859232988,8.487083746424188,1.6799360695357999,8.584624289806824,0,train
9.519953330947422,4.9095760506298465,2.970521705222146,9.097498483371657,1,train
6.941468880849165,1.383993641930466,7.042668567459673,9.39005875668779,0,train
3.3883832328628856,5.523422162276554,6.916597815988721,2.6608388382555854,1,train
8.806274202948961,7.668669502028205,4.844645080822499,2.2976704984312915,1,train
4.084269947267083,8.674681397982553,4.563793250438891,8.607235721787863,1,train
6.265749758726949,8.604041975307215,3.7164474587239607,4.539503506912773,1,train
6.509596392377032,2.3947172012664097,7.865124736249568,3.654013556815981,1,train
8.289035254895893,2.961231563909376,2.482097227164548,9.985644543364277,0,train
2.6025250300613285,1.6505116355412466,1.713242808449913,5.998411778212615,0,train
7.853776408752474,5.78804168454794,7.109740732677301,4.155598715720934,1,train
2.9985821625924984,5.5969305681351535,6.898068465615511,3.1895600557119868,1,train
9.210109566253925,1.435642266494798,6.3832070089353445,8.553962966542965,0,train
5.872504097435819,6.238623186651567,8.263217835154347,7.115291933321247,1,train
3.1496111886442577,2.5132961572279475,3.0894639572858296,5.6386627371043545,0,train
7.230790207611189,9.741377212187995,4.1717800183198435,8.851256854264584,1,train
9.301586141730843,8.367721758765153,6.034078102142588,9.910724221733195,1,train
9.675651262314295,9.817676989050103,5.6739093492265695,1.1157447443197488,1,train
9.12866195038131,6.899527623919253,6.871331454441066,3.3722455993379965,1,train
3.5759107989859524,7.1655231570897815,8.871857534553978,2.2586676214425285,1,train
5.755832006102007,1.5282884589324333,6.4291595796583785,1.5218942196337153,0,train
9.455669876367487,5.661049697694401,4.886615964924706,8.325824225190791,1,train
2.0669426860340745,5.4768865567918406,2.0317411298129198,6.5164928145253045,0,train
9.985266324548917,6.126102922482423,3.0535774346924427,1.0900415248700985,1,train
5.396179212812612,4.057009981954193,2.5473491320669326,7.135573416597038,0,train
6.0300562558525845,9.263599434946391,9.856180575339213,4.931988277250761,1,train
2.615496074313856,8.165301635929229,7.845028982507943,6.21865654166583,1,train
8.130124555023905,3.0114665157837806,5.769888926809165,7.136324238610383,1,train
6.491262261306257,9.652657659509652,9.221637714369288,8.976126021742536,1,train
5.360201317093983,8.210097850893465,7.497680850910481,4.22254544853094,1,train
8.867899141010273,2.6206933511157477,6.786669257501188,9.322859154634733,1,train
2.511526247236751,6.909438332465983,3.745201081986245,6.177596439884542,0,train
6.829521553637282,2.4207925060602644,5.290404643259373,6.399340549917357,0,train
1.1897413737475957,7.586025007418627,8.754109132234639,7.01506598248101,0,train
6.1249345780125335,4.746540667576463,1.1447970885753809,1.2524440648205784,0,train
2.91096472416042,5.693466679925607,3.002509542158977,6.126584427580259,0,train
8.800161060190593,5.8909915324582744,1.7749056273139825,9.715650809139058,0,train
3.8171546786250676,2.649632032511415,9.041343392762789,5.251559536307868,0,train
2.866885099275568,1.8844779030393708,7.459656624239736,6.3279669745492795,0,train
3.4028248567148123,3.1452389422527243,2.5360928809439907,8.523645410522294,0,train
7.308272970699383,6.1302100284073,9.673689137474192,4.636750859257528,0,train
9.239777381113017,2.7795757560970484,4.233974786219017,8.312443471174818,0,train
8.908276709358184,5.043627286120993,6.214512614235183,8.773667409663584,1,train
4.213184055529672,9.364836364124947,6.941299595065717,9.56654705354637,1,train
2.368525445643596,4.900984953685045,4.306628168196455,9.508087748141634,0,train
3.148268914772753,5.895629254682317,4.169316269419304,5.180744005994791,0,train
5.1412719733295456,3.5679640364501006,2.892176359176452,7.403960325039688,0,train
1.4084907567228147,6.679950225996585,8.905340324761918,5.860823464409751,0,train
2.1709712035606668,7.537858345323438,9.341752145320628,8.522732417569166,1,train
2.6330885788166105,2.5410507417707557,3.3554704861519653,5.0964444981007215,0,train
7.545422162518388,7.458291015020036,1.4678285746962811,3.7789780112400226,0,train
2.2149223285219617,8.428846111155115,5.269285479944154,5.167032266824356,0,train
7.477674368080433,4.9518186473952035,1.2326613977450491,1.5350665787781734,0,train
9.592770621031846,2.9450917281201447,6.114805524040565,1.5674768444152312,1,train
7.799908575715628,7.959636352686049,8.89841203708525,5.0800272639841895,1,train
6.379659266761283,9.85811270690547,6.119167163455699,5.4038159102990715,1,train
9.179442331060924,5.82926942152165,6.181269311484759,9.586546348897297,1,train
5.295743762700807,1.0994031033395881,2.390714074961723,6.131464057317308,0,train
4.97076704621639,6.71222276010627,8.426675812802431,4.57871149032955,1,train
4.227243491686786,6.291009650112414,5.5760913504898495,8.250794518649684,1,train
5.041871314315063,3.434182633330418,4.453638659833284,4.754847979520373,1,train
1.5270924871978055,9.045396950562488,5.271801306240844,1.0174980058217142,0,train
3.824151259014716,7.957429661014946,5.670115968583406,8.278959789090539,1,train
6.91630167079523,6.6981166255940785,4.740328410252534,9.179631074603785,1,train
7.009716941632437,6.289828876459762,8.115944176454438,6.506415241217892,1,train
6.739831424663142,6.86112600233502,3.3089595905778784,8.193634631171438,1,train
8.001474433447761,4.605848387439545,8.457327147554734,3.3150442718885444,1,train
5.976045534963835,9.347532416159112,8.22635723195194,6.133587465402366,1,train
1.951160983675835,7.7784661918601605,7.295416563897171,3.569511808147014,0,train
9.255257035194825,3.131917123665666,3.2787103103783113,9.921944293036429,0,train
7.43315761531822,9.326730747192972,5.728092614802552,6.619639597953536,1,train
3.313603653751837,9.17694588726148,4.485901109171928,5.2128855186989185,1,train
1.572415582085294,7.7595624947921245,3.3441072216370302,4.627100254045421,0,train
4.521211363329379,5.320987285825646,3.531553414966928,5.536183920160898,0,train
7.1473209185231426,8.249756188578846,5.5393984486633645,9.21921781851806,1,train
8.398939824599395,8.569446486861885,8.862508670635883,2.4208784775466556,1,train
7.605784420991385,2.2682123665018894,6.720407676446312,2.300033254019956,1,train
4.888019372271768,9.13856741211544,6.230027960777234,9.446664251232734,1,train
2.162537671154425,2.086503485812759,6.326372477883718,2.9304126831640906,0,train
9.649011829758656,2.1769580788429983,8.248286078566958,4.7123192240996765,1,train
2.0088962198643894,5.026136445393451,5.811855123969135,8.609849074207558,0,train
8.904501881830733,7.802853013786699,5.079706895104271,1.6984190902817544,1,train
4.01786944516159,5.03179210575153,6.431953328241167,6.361213855602375,1,train
5.218267116174568,9.987393908172672,9.630186624987482,3.690720913767503,1,train
7.5497122179634,7.3963312229891685,1.6917713900965294,3.601150497159492,0,train
2.8714278393208033,6.0952439075682525,6.6305766261322345,9.424280656735814,1,train
2.2830353151006526,8.097093936892465,7.458875140072945,4.592609253793979,1,train
1.5004285776119346,2.5200558890203117,2.3098805731787664,8.000782840403357,0,train
8.315463219693147,7.617354565720299,6.115959142059709,1.9839319848147987,1,train
9.91121240788287,3.1729294510673602,1.449576523637122,6.1721370658746135,0,train
1.1870162176518364,6.854660656837042,7.9793040274093885,5.383547700990249,0,train
2.061933425741392,3.617805859246072,3.916134759571092,4.8599841839137525,0,train
7.838720094576981,1.7848658573968144,7.571807700897655,9.676882891611902,0,train
5.283148843295671,4.427795368684817,8.726401447941454,9.769598024103846,1,train
7.899920481092349,5.21259860216079,4.99480048866922,8.694978964281338,0,train
7.074928640042879,7.088832047196995,5.095088888446762,7.502191755263628,1,train
6.452049326882988,7.137743037423827,1.24628793846626,7.6345146166758955,0,train
8.979917370602987,1.9887567839117422,2.106847140447842,3.5555172000192568,0,train
3.9325651213820065,4.619811438350119,4.37919477445767,7.777407198155395,0,train
8.952422476195347,8.12182961622865,4.227219023549459,4.644799840899001,1,train
4.183732279050416,6.170259468829205,7.048518874680051,9.449751492034999,1,train
6.773925869949043,4.208502049914886,8.72641176056156,7.060072097250038,1,train
4.5561388261673486,2.198910497495903,9.36185814296416,7.9666111540536075,0,train
7.737051740546961,2.758275535174024,9.093002994222022,3.722569116682613,1,train
4.621693130948307,1.1299648505404662,9.671311974810962,4.465273249683452,0,train
2.9953164368371343,3.5949376934174246,2.1024157222899396,7.458531446995314,1,train
1.759113700847081,7.6557085200748265,4.149687783009963,9.941486157750177,0,train
5.363081440604465,5.423670467952627,1.1887544040471345,9.05400146355855,0,train
5.450377818383721,6.910003967035586,4.787027774556487,3.568698419467096,1,train
1.0325091967680922,8.172346846117478,9.402394898984458,6.6380875847591545,0,train
1.6210407713065904,8.367017059759927,9.699426238541818,7.73583829597709,1,train
9.4683871335443,7.216841974928521,4.177220366463731,7.862547875240317,1,train
9.116189618207047,9.187271293910687,8.755537722384027,2.250496260201193,1,train
9.229417703661722,9.635035619330264,6.380535484285941,9.487885382192568,1,train
8.689162254461486,9.322990253427145,2.353753574754573,7.906938299040982,1,train
5.910488129546847,4.3611462295730385,1.102999143799357,5.979136307250004,0,train
6.40446398346611,5.311376105522878,1.628946652374494,7.446861843097245,0,train
6.133042304781776,1.986477934668481,6.644942257711895,5.242301550134737,0,train
6.478516687404368,6.185082164940383,4.982538303169113,3.258323902889721,1,train
8.047390522743555,4.847286420487127,3.865286219749895,6.9918118052730325,1,train
3.508365363097102,8.520629316969401,9.03090692412726,2.2635848203904962,1,train
7.5357130742592044,9.101840547689529,5.893128189188436,1.8819632725190563,1,train
5.487555737540112,7.091021128001721,9.935820275717923,5.198289980661328,1,train
9.614268028301112,8.239811460992598,4.889252561839017,6.767959697495952,1,train
4.496677254614163,7.4372152472352795,6.624513249357776,1.04120603735004,1,train
5.921101945825607,3.6252863640850435,2.2596018202117647,8.256771464674689,1,train
3.217715934891265,8.34463023854293,6.982401295587934,5.02414201722669,1,train
7.699622155525501,6.266722701910231,6.851840979491897,6.339169332972546,1,train
2.3525906214490004,8.933260136373814,6.548366190850595,3.211731767070945,1,train
4.590486764719582,8.135449916225092,4.74510866410006,3.547464330623877,1,train
4.767355577701363,6.852102227509515,6.7604502095025945,9.22293945418885,1,train
4.5342612917011245,8.872462611809418,9.640315313152398,8.346271292507208,1,train
4.195551634080884,8.200914795378168,4.669761428468561,1.5434380933753489,1,train
7.84865703242915,8.45268985603793,8.103671727347331,2.055807201499377,1,train
9.573149547483139,6.1191721484346004,5.951153772199038,8.934546935329255,1,train
4.349580071248672,8.419285143001051,8.601662080838269,6.607760487039055,1,train
6.681747255889799,9.591010381083493,6.629437168598247,7.671386161692274,1,train
6.613506470085441,2.2160954860587845,5.522429299305321,8.056319830997516,0,train
9.363206562254721,8.429245113557421,7.516751153044563,4.5673627639286085,1,train
7.723020443557374,3.170493609790497,9.264412155305592,7.082547044414489,1,train
3.826979611445452,6.246320463484753,3.8820036157358286,9.620606365107964,0,train
6.825222795262145,8.841672188747737,9.171832509115355,2.7503023382949823,1,train
5.375493582065172,6.071300234400882,6.159885074157502,5.012069679210923,1,train
6.329067045471585,3.2946372523185934,6.957996465305791,1.331549124201839,1,train
8.469612166654123,9.903209749247603,7.083562351940246,3.310548137430894,1,train
2.2196261476696018,4.358114035147935,4.251047110626352,4.010875686623621,0,train
9.447164369994713,8.188688899811051,1.8271571432250258,1.0820913240268712,1,train
4.4539303775745935,2.5493766608165758,9.767127592977772,2.3251177953277145,0,train
4.535085955000629,2.62197758157735,1.6074976384508568,3.7041760754348108,0,train
8.733172442422822,2.524427264053691,7.141483513396842,7.921843127050343,1,train
6.281736838588339,7.558376446423692,4.037591745681031,1.86997065721661,1,train
5.018246191696248,2.395280214928444,6.3012652315168785,6.749994326878929,0,train
8.544808855573661,7.334723509300641,3.3196447932804913,3.7973893473000127,1,train
3.1297500018977726,4.7144281481360375,9.859950938922664,2.9726254428679457,1,train
8.731803230524411,3.9397335893407606,7.160926246126273,7.761634964224145,1,train
9.481494583083157,3.1152887748075413,1.966152353836705,9.281481134555529,0,train
9.7701160286214,4.867926788039551,1.1283462495256724,6.803126404398477,0,train
4.128327749942261,3.9286328479720427,9.107896687664933,7.444989779217361,1,train
2.502652178194359,3.784009255192846,6.690954959586386,8.735278440726464,0,train
8.568099185398424,9.454391009581878,2.7107421210753717,5.10841942944524,1,train
3.403043330759039,8.741505013468712,2.226973418863074,7.547203330113764,0,train
3.1295938803608463,1.4305595191766107,7.826900361885811,9.701329799714863,0,train
8.914249314829076,7.183764027700924,1.355133195921559,9.211880558101946,0,train
8.4795923300903,2.0040756558149195,2.7900395335612505,9.559778912911273,0,train
1.5292755724537306,7.941076239059211,3.180520355455563,9.128642097886104,0,train
3.361381913151126,5.875922146059562,6.010894732539196,7.401187691650051,1,train
6.543408850105707,3.8868892457831627,6.556553915013893,4.769240412687967,1,train
2.848256361215684,2.8990528145757573,9.175249929460424,2.1916950163798905,0,train
6.506519574676558,8.457929308238484,8.565198383048049,6.949018005258715,1,train
6.136394737289345,1.857676294302974,2.424202220852849,1.1841247422356065,0,train
7.660037222209869,9.483528258094944,7.293262637682313,8.441275675741934,1,train
6.1173999005602795,8.165937894244031,3.291787632265982,7.503828228365123,1,train
1.6700075011594095,1.4073622879085095,3.6414701721553158,7.508472245854744,1,train
1.7541972453058952,2.3280050401709973,8.318785498041196,7.317099890633157,0,train
9.608945741799255,4.357508987015462,4.276041145310211,2.521148859049805,1,train
1.1567926603051162,4.357549107143334,4.944996633795142,5.228754262746145,0,train
8.908094580380904,9.042464688416278,9.359365584425701,7.805316136326173,1,train
9.122440688782365,1.7988380499890217,8.798707603342645,5.974340854453953,1,train
9.086264576440966,7.88429937494129,1.0044085708662376,6.246302829106242,0,train
4.098129695273538,3.865757686982087,8.209945782332724,5.246731175623313,1,train
3.2353328928235916,4.395081512423799,1.092458596858902,5.119196572643363,0,train
9.46388848738757,3.424030138976923,7.180625463958281,7.4197825705232985,1,train
5.452871318888019,4.486896215638495,1.893075908224439,7.9658782801029995,0,train
2.724288922278724,6.733519037019484,6.921062348554848,8.088993075020323,1,train
9.81951013198492,3.0578329322643096,8.16682563328225,1.0603579358289448,1,train
2.2735286033209214,1.728689632081478,4.1242738561546135,7.963541199930696,0,train
3.0532638059811354,7.152730839284627,8.4298035616787,7.509022814663868,0,train
2.1072965608218257,9.700118936403177,6.0622124564045095,5.184806714318686,1,train
8.158527573965657,7.221647366702331,8.094345564847613,4.705782306290167,1,train
9.639536397222091,7.250566808413533,8.07779599241574,2.2499151986174386,0,train
4.322193325051162,5.144371173086522,1.7667669029954896,6.295428882062795,0,train
4.655025570931789,3.5857235223131525,3.051471414472165,8.489467927803243,0,train
8.107562304156243,6.771807548878063,8.699716418516491,5.762491534413776,1,train
1.2156097090778104,5.318863619324638,5.274493436223286,1.1783730525286453,0,train
9.907331074038183,3.421530888151392,7.5572405794977,9.247598835883398,1,train
6.621421082770209,1.395521011558686,7.702447473742947,7.406017427130575,0,train
6.0106934726406624,5.238757143331238,8.731221934568952,7.2237745591146725,1,train
9.65005249448801,5.105954752033644,4.14366731635265,1.2430856146939315,0,train
9.052267778107964,3.733377476084066,2.530881571224203,9.945882762257982,0,train
3.5838526710067944,2.8013476599665053,9.032053120166859,5.7104575786653715,0,train
6.77298389597462,8.709446390250122,7.378108708135941,3.737022896902587,1,train
7.283317340355066,2.9866461095031407,6.835665542727279,8.77261338901155,1,train
5.114903376587028,4.035604426153772,4.475011141215873,6.476136230088018,0,train
3.3282454292101233,7.269410997054981,9.38880702206451,3.038494571466147,1,train
8.072706447004984,7.8275807122837175,8.450747445625442,4.526559736797704,1,train
9.629627508375886,4.472881666521451,8.35729199152925,6.4522303060091195,1,train
9.376272682856367,7.533418257411135,3.547937237684792,4.052255547912112,1,train
8.486125447852494,2.546165941418031,4.081519650645145,8.337462050836688,0,train
3.730833824588047,6.3601895578020775,6.371819285773144,1.237572808915138,1,train
4.971845090919697,9.994366882731665,4.042821444419854,5.184344747932923,1,train
8.805833557053127,1.4505386291598814,4.495920053941293,8.060473523589925,0,train
2.854465613470296,4.304645277465133,9.72670418573582,6.651524285054478,1,train
2.5015391318041984,7.484634499309659,7.851132878759929,9.703305445506249,1,train
5.356240336100854,8.678980503667963,2.434461034084076,4.160377675519,0,train
8.175328525294596,6.765408056484319,2.0113897685604285,6.325448858250483,0,train
3.9430532627922004,5.730581222454932,5.480434043994713,9.985391536518334,1,train
8.438438974486491,8.138997020539566,6.145743396098062,3.306581562776788,1,train
7.108199683220888,1.5309942170895199,8.223318752174428,8.2086326978788,0,train
5.3918303607973925,7.8524408525345395,1.8109121471179712,8.114011304095083,0,train
3.237625519703258,8.241527481536249,1.6870238717018875,5.389351370893824,0,train
2.3160593092675192,8.191306679956835,9.68995436972491,9.299337639107438,1,train
3.6851472779560677,5.496879786588521,6.1440019921421065,5.637146461922249,1,train
1.3185400094530109,9.269074709468551,2.37252488970606,4.4704975172672885,0,train
4.174173559648901,6.786783785498357,4.0292716348412645,7.4760318986431935,0,train
8.65921123527232,4.572751837288717,2.1995326564811326,3.355822628267638,0,train
3.7150300374957754,7.684837634140175,7.1882736237357,2.0632474107740206,1,train
5.726263541363687,2.3054224154130702,6.477328502659402,1.6972492757266693,0,train
9.726776804331772,7.792538895441755,5.25417427650101,1.2406574605291423,1,train
4.2571024368224,6.177904195631585,8.905085417709843,8.967459616213077,1,train
5.62977118619926,9.292297731182718,5.054427519302868,5.895488489086197,1,train
3.060755831761031,6.249250802320092,3.472406206848741,1.5090626631556596,0,train
1.7982380429362856,3.5157802658537647,5.320199756397278,5.230858646080418,0,train
3.278315218780077,2.852789299042157,8.228473134905617,5.337633707394243,0,train
6.111286106715917,6.781444826706793,9.080016826921128,3.1065419167829695,1,train
8.681341908562825,8.446944843671282,4.704576965564991,5.5290304241736745,1,train
2.754846861090988,6.741955594301243,6.362448180158564,4.068148699960836,1,train
3.912221380482272,1.3136752721081846,2.286735474791957,9.167009648948648,0,train
2.380652911956794,1.616088480056935,7.712205250454718,4.153529998652875,0,train
8.868286895949169,1.888636976263541,2.9161161349113267,2.9416098991014517,0,train
6.035066911321362,1.3337648930499555,4.277253385483512,7.653386590688927,0,train
9.429722530064524,6.531471009494538,8.903122845867466,8.638734368716186,1,train
9.563447663495815,5.06841961227384,5.992456076377832,4.949044217397421,1,train
3.8257928445229092,6.460202197425183,2.9609097394478967,2.4144512674499627,0,train
3.096691645047764,8.239733404957889,8.449692118728754,3.942193200981559,1,train
7.86144121052223,2.0362701947541133,1.646257188562936,8.420144632657385,0,train
9.141810276553054,7.444586798967218,5.989810326726461,5.1657668251128435,1,train
7.665387120941452,9.378837264352512,6.351650853008511,9.94570227491795,1,train
3.142684564497789,2.0850077330120413,7.943459741922267,3.371286742650497,0,train
8.41821019606759,1.9584865223868668,4.106957895894359,8.769228258195895,0,train
8.439867724511236,2.4702071061380324,3.773929275452932,6.832667528657054,0,train
1.8820635351322292,9.758948770428677,6.921458645453654,8.655061985905128,1,train
5.204355760583721,6.503252886371076,6.9384318692445035,9.766513813945872,1,train
7.985322217176015,2.323347918057328,4.324658293852893,7.730674176527446,0,train
1.1344511356101306,9.028470232767942,9.504468897521745,3.83118748109496,0,train
4.662944170678697,5.299026559481057,8.842989161398087,2.2541433758485705,1,train
5.0974909830571935,3.766379083515515,9.951373499172082,2.5405229050871063,1,train
1.065559003901798,1.9326967687818732,8.428893664095892,7.2637068082263045,0,train
1.4906249904877578,8.278348852643855,6.082987373667577,9.179238544257265,0,train
6.2368258408026644,7.631941306435804,8.491411157583325,7.8024836318027,1,train
3.0185296343726202,6.420676853154663,7.308667077449901,2.449072669294786,1,train
8.861943054081378,7.109983528139799,5.074125446508242,6.2146997147408625,1,train
2.953444357917238,7.9380701738283,5.496100362040698,7.32699406334086,1,train
1.8135225161238981,3.2839066321075823,8.376819181104123,3.261598757606409,0,train
5.238578549743459,6.543903776505327,8.197959454570949,8.776505174816489,1,train
3.7201194996941194,1.455168267635008,5.132229731801407,9.268107331652363,0,train
1.3170972351097094,4.796844732234678,6.047973742828468,7.864021518267206,0,train
5.294707022201725,2.9900126532555746,8.936845340628519,5.379964949942009,1,train
8.256148802856707,6.71216853198349,6.8063163753610345,9.768078566811306,1,train
3.148035142027773,7.230856418254614,1.7240644239904404,9.159213650153147,0,train
9.188809485408889,7.012321760631954,5.133515830530987,5.847005844833369,1,train
4.850098773702774,1.6183153297363841,8.822561049271457,6.980255976322241,0,train
8.682850152118789,6.696407230489549,9.137545287710886,4.348422311801233,1,train
1.0626107674246963,3.173888857305964,9.439990350763802,8.977776625080729,0,train
9.778850634469599,8.971475948432126,5.216885663471678,8.114759421333655,1,train
8.85835352802525,7.30481136131146,9.086099381867104,9.832041467030608,1,train
3.3194789574163073,9.013019936865295,9.15539688545427,8.56806719782692,1,train
7.67465636199247,4.613214932758737,4.543507768715281,1.7593057961547514,1,train
5.485832597808362,6.620729058810312,6.10221751685462,6.13756099448219,1,train
7.7306455585507035,6.949256243336018,3.404642460049444,4.0925831933250505,1,train
7.4002459543183745,5.769261801493428,3.244430453592617,4.664776154566868,1,train
3.665255563626296,5.692677623851511,5.395799481540114,7.89009139002602,0,train
3.2447114861114414,8.676019345061802,9.020341851420678,7.48549664959565,1,train
9.209927164864302,9.866551027316433,8.688771977767273,4.642319651978035,1,train
8.846846500404977,5.959055093788173,8.784693981924208,4.813632753271932,0,train
9.05254985930904,7.192667808328782,9.929870616448113,3.758865923330953,1,train
2.491706752390212,8.648513498654907,3.88181211240258,3.7942303102825248,0,train
6.938008952081974,8.707555867289368,6.7397010206939445,5.36867096595301,1,train
9.792661493333652,6.4794516678050496,5.427920203395465,5.78209377416143,1,train
6.130255163262696,5.1375833479669195,8.79225069997258,9.194999534748357,1,train
8.416383723098459,2.5568406192878235,8.054454029902104,2.4558415531811577,1,train
4.259584827973411,9.689291352949361,3.9995513866235965,5.499352659935925,1,train
1.460263365483133,1.1146182883515516,9.516038673722692,7.717480263576466,1,train
4.871417122540626,2.446057308492963,2.9872036461918143,4.378680869934177,0,train
6.707342690838227,3.3154185228790505,3.7837380581489186,9.418078478548606,0,train
4.314365250670659,4.7856904692138365,7.996980922400333,1.1789822100532459,1,train
1.0491802198864475,8.66141017457698,8.191066376651538,9.274204438702553,0,train
8.846042436590967,3.4824060398906984,3.913914584554573,9.98009319651201,0,train
6.080049733928266,6.735327914386584,8.85163646210897,3.9935937491504885,1,train
6.611109176316894,4.79351775080552,1.6018883254072638,5.348722915952424,0,train
1.8571641377188735,7.685203475100309,6.271690950075356,2.6876354930256703,0,train
2.738977003409632,9.721311392460857,3.1030217718818824,2.001888948464917,0,train
1.7897291290754165,5.430264855174914,8.112916826725705,6.391865775322442,0,train
8.708057059824945,7.331119364922095,8.486866752178518,7.59546363220168,1,train
3.405448037430989,2.726993452699845,6.44045261249104,4.801954687492858,0,train
9.51743143621057,7.853562470812695,7.467002685853654,5.3243145368289,1,train
2.830700622178223,4.158346825484868,6.493311074659115,5.838859619255545,0,train
1.4385786137314436,2.0736599794014356,7.240644117724435,3.9063487947540123,0,train
9.191057361125894,7.743143180386318,1.6291754589792897,1.728666247848606,1,train
6.388303479834126,3.7635501516738046,6.73955620438878,4.070427422596234,1,train
5.928742423206881,1.8816095459634639,2.2072002408238456,9.11587228702986,0,train
9.878090609543246,1.6263935695961096,7.6334054759274625,1.4613806982179813,1,train
4.6471699922000775,2.9460233654576444,5.310953171445212,7.265286236532751,0,train
4.926798058652501,6.767478575391346,9.354773132049313,1.3141499869341253,1,train
1.1384033576633628,2.8429253547529063,9.631513770877683,3.5823019452019333,0,train
9.638586094912002,3.0766761225424863,9.978939182841891,1.5886836034881604,1,train
1.2061444824838616,6.511355811700642,4.148999693978559,1.6607147017446355,0,train
3.6743155248225943,4.238471779721539,2.301266047460137,4.099639100531566,0,train
1.0008664310058903,3.0748700599416785,7.701564486465904,3.5790645413827904,0,train
3.3086299261696555,1.8984384384297655,6.51534027214806,8.007335381771787,0,train
7.9694184398501084,1.6551510604968398,3.0603662400162492,8.966237037261138,0,train
6.274458117416274,4.970495249203768,2.603063843632346,1.7852563781422408,0,train
8.861779613813583,6.4772832872998976,9.678462479107695,6.435085248435482,1,train
8.294457812786817,8.19651180994171,7.513624116086385,1.4683051706102743,1,train
4.1386386754358995,4.286193366390019,6.658637721725621,8.690482868298808,0,train
5.227202051948441,8.212803586035143,8.934807652394383,2.6578195056419958,1,train
3.693546593208377,6.3285895480364545,2.4762357237854005,4.982696195976365,0,train
2.996494540306277,6.578851622453999,1.185526778845867,1.5916426582054877,0,train
5.5313001639376305,2.138244898351951,6.047053927503096,3.700054792083464,0,train
8.136731400188655,4.977225737181256,9.09998771888878,8.128467817673911,1,train
4.127162598379229,6.602372146750643,2.1868003079768314,3.728118129001278,0,train
7.744666431432981,7.184878711985576,7.122254361343949,8.460645812613496,1,train
7.461767978124121,6.911168905357321,2.4656215383430182,6.817493036992205,1,train
9.105776536866376,4.194481911844344,9.72057594789239,8.971524052067153,0,train
1.833810415215404,5.496974671364612,1.5423721749381967,4.430245518784117,0,train
1.8805352410455756,5.836768803727226,3.1855024117726516,3.63687297219309,0,train
3.5277813576485446,2.908426185360573,6.799251701525012,1.889773276333511,0,train
2.461993816246574,7.739976412568695,5.652915500633906,1.0878569598079308,0,train
3.9685751643654275,4.491034253317924,4.697271035534999,8.259381361875057,0,train
7.334224276465663,1.727185427326532,1.795592297434233,9.487009673514528,0,train
1.4833028884931085,3.439882812661165,3.8818536010540448,2.1598493141365576,0,train
7.527646274085291,2.60773436336055,4.343662934778546,1.7491962908267467,0,train
3.97804698611278,7.970068075116887,5.70174706409864,4.242954826157988,1,train
6.015961940843718,1.0099451465548164,1.7827260603623887,5.959047671436095,0,train
7.753658235376621,4.367965407964068,1.9154478553229493,7.2772141178056,0,train
5.951169183621112,1.5566616044325465,1.0337437053247742,5.877401201589001,0,train
1.6073249692699303,2.562922931294973,6.661651527562799,3.0878922762256242,0,train
7.629425753888471,9.660499315284456,3.5029437349651733,9.890674116647743,1,train
5.112642108764014,9.672947736624963,7.01522936711663,1.3637283419400015,1,train
7.839086711118434,2.0632859424890113,1.6134532821127276,6.045625026523196,0,train
1.411872210920556,8.065716136815205,4.40573806474336,6.63873439165287,0,train
6.113839224827704,9.138744092740957,4.044540714423949,9.65608144971422,1,train
2.1348645577555296,5.288441428124022,9.610325423831265,7.615067128391991,0,train
2.7741399485806064,4.259535645115095,4.607678748825394,2.5236344730221845,0,train
4.357760037565969,8.299892056659175,8.046251872689645,8.670151952422742,1,train
7.321760552789256,6.135663713744718,1.92574758046558,7.0866910504769365,0,train
2.0527611709318068,5.746840744932044,2.4969940748111537,3.1373873892085737,0,train
8.158053624312773,4.286239154215059,2.4958594184682377,2.2629582444962324,0,train
9.766866755938718,9.935513116285563,7.13696672904835,9.102877530079848,1,train
2.2277330573012137,4.779768604680468,7.804652913746446,6.794937870443223,0,train
8.1490892446609,7.877936147352731,8.37422658185282,1.130978351999051,1,train
7.001724191731219,5.948814534346623,2.6943255213007844,8.49793977044628,0,train
1.0768209521789254,8.440242716151658,9.998604308670936,5.268398790008865,0,train
2.2625471708000084,6.001474046446818,2.3382949855811104,3.037651429212408,0,train
2.930116951395336,6.315457672586675,2.1883443787340178,1.0654438423560284,0,train
9.78548787132173,7.16642617459408,4.0015277361178345,9.103592439557683,1,train
3.6288541666830536,1.9053950662853694,1.073119477715198,2.085421054911273,0,train
5.872934069324095,4.41775769868617,7.374728010556615,9.956223155037353,1,train
1.8939134428241498,5.286982270004267,4.019774961420497,9.319489388141367,0,train
6.842727164311556,1.5608975692767877,1.9368661099210895,4.415219011885261,0,train
8.998749696721,6.730067862605321,6.404455146985793,7.081342575398514,1,train
6.275084452125322,3.9807149239029243,8.138466576894436,8.344255572361162,1,train
4.009022275671788,7.708649226082939,6.141569565320727,5.868832455116252,1,train
7.320515996373899,2.4184293421944427,7.160863160696479,9.415347876667012,1,train
6.418710801408373,6.220943781180233,8.325733752704275,9.219277554171688,1,train
9.833239386741928,7.340160276130601,2.3901989827826204,3.7248119927015098,1,train
4.3518911654158545,1.5953085516425642,1.0908400600303683,9.758080335216,0,train
3.825954520127036,1.8492714334516835,6.303291788299313,8.798720011315098,0,train
7.755171641767561,4.190080786255983,2.4217255945854994,2.1166075686899757,0,train
2.5313641659606985,8.449922427995633,6.263795772417454,5.80255790197994,1,train
2.6063539131244284,6.40533950830234,9.664429400871686,4.191348552798438,1,train
7.976267343201762,1.0321897518852094,7.158153093846432,7.420895334759715,0,train
1.0636513224033102,3.8041157913024986,6.312429411544639,8.524998770460229,0,train
5.65710502303701,1.8082070743178345,9.017740389628822,6.001860611448328,0,train
5.679826907139952,1.3650055708639623,5.720532373078011,5.439214756138015,1,train
1.7742567451327407,1.5225550625695226,3.787616662534343,1.2867051289922835,0,train
6.00449477234696,7.25665946220976,5.394072490853097,9.086618883749027,1,train
1.7895833289525975,4.8991837412352846,3.302260261640193,7.373983927263033,0,train
5.747799425099778,5.441056759951392,7.151226724186538,7.798098603681829,1,train
8.703925714856044,5.2937338715712094,9.45639640347923,6.353237899532783,0,train
1.079430639269578,2.4080812021684816,9.376502456675633,6.6868135455599695,0,train
6.621305461628315,4.028183101493919,6.576056650973781,2.593813260515659,1,train
4.8888196426996435,4.961828337964559,1.6190621190671446,1.358801877091,0,train
3.114389582359337,6.542869376685336,1.1836163233354142,3.1997215187503567,0,train
1.723800617170762,9.43571675867763,2.1966270198820563,9.894275053559205,0,train
8.495189657475855,3.038490384056275,8.801235006671401,1.4522787677125364,1,train
9.343595174497732,2.2569421907228504,2.2615728402912945,6.546402013270692,0,train
3.1428873596667146,4.504611610867822,9.684358478863803,7.903612277122829,1,train
9.855332582944966,5.732169966745607,6.28803696900352,7.072185325730106,1,train
9.802774338010131,4.011784430988607,7.44295389219294,6.638418558379362,1,train
1.2088958752640817,4.233797766678674,3.1128203557198373,1.831092529705327,0,train
4.0068630813322486,7.01763576055243,8.103262040877588,3.293622202451942,1,train
2.874065857419002,2.813544055449939,9.091851403937977,3.021463348063408,0,train
2.200040502355347,5.23492122429623,1.6762078485113903,1.7134630656786047,0,train
9.430600929466856,1.9396437772028783,7.227344700280172,6.691772440359276,1,train
2.6109939697445377,7.615068027107207,7.889199690750796,5.760101445546342,1,train
6.560710575980952,4.776079707072259,2.1993846249463704,1.3256966065496019,0,train
7.587568708955317,9.037722472232113,9.316272417938803,4.660340904465041,1,train
7.5154055582298565,7.328301995090855,9.945208399508639,9.085574612637236,1,train
2.5815440677394035,4.542115094326045,9.200975521639233,5.92451207864039,0,train
8.024393039925238,8.320235650361518,2.2256926959376524,4.756816335627025,1,train
4.4716298099650755,5.5617767853131035,5.563566834133229,7.979579127302417,1,train
5.241055685408218,5.846964256016033,2.1784365107001795,3.2524052019886494,0,train
3.613701046029163,5.378413763188949,2.19828689289662,3.449949139200868,0,train
7.387213173731686,5.858645898825748,8.239223163970017,5.129774613784693,1,train
9.148900211177795,3.31190207470814,4.009133488856626,8.582306622891604,1,train
2.9764723919630423,7.3089892601574915,6.546298623842099,1.7534557579187426,1,train
7.903609214703559,8.340991252233348,2.706562559109959,6.290496900640445,1,train
3.0965188345886143,2.2197267715870383,5.847309045598158,1.4776120149098255,0,train
8.611872848005367,1.8148912424014485,6.633709713600013,3.8685198535258505,0,train
6.244183736401497,7.547555243453706,4.364653852855315,7.708300348617439,1,train
7.331833195947221,3.332069653756963,1.3936802611041803,3.910102630624946,0,train
7.684511566036345,7.156027095133153,1.7311825961177858,6.968331896408109,0,train
8.422451501452604,8.41243899177141,9.413623100450295,5.733570746996712,1,train
4.19280115524853,3.0799254231629507,6.30126951672398,4.892923564294767,0,train
8.413189034713643,2.0459438708021622,6.826411333299842,8.493865020244659,0,train
1.2261030574793361,9.587698420774588,2.330300067145974,7.129706564011807,0,train
8.79107817333856,2.4483320119862118,4.975626012563877,7.7827245649685395,1,train
8.23573941835214,7.670593633493973,8.773099191436708,1.4993512847681747,1,train
1.121646875235062,4.080470996404759,1.129514620035788,9.93776730056521,0,train
4.104854910487297,6.627915570165406,6.667686163493142,7.853470929283579,1,train
7.2996635712243485,1.1655209313813262,9.495203490466713,6.052440760984608,0,train
2.2783312270667446,4.175381179156961,8.057273836413298,7.681786772460587,0,train
1.3022045407243428,4.925187885341042,8.021293758290296,1.8298987834183997,0,train
1.548356874714265,1.556304718892728,5.607479476386854,6.326898937716663,0,train
4.462074594656347,3.576034800572686,1.9783644931826516,7.10814012984148,0,train
9.02252186920065,4.244516232238512,3.0678670837070396,7.007623610538491,0,train
5.018845113998531,6.465165361142762,5.757281254581269,5.512621560031373,1,train
3.3766169584910934,5.797805512182773,3.318895014769588,7.320388902132964,0,train
1.9355109858757986,4.431237910252694,7.508058643107004,7.7464654676682585,0,train
6.938363461321218,1.4366412699939617,3.54592714147446,5.073104551926327,0,train
2.50805662859175,9.994164838722694,4.068326378895794,3.211429958738386,0,train
9.302694093326124,1.1452852932039805,6.544781191943898,5.040641632797474,0,train
8.954434535682768,7.5085131477161955,4.470896045186274,3.0614251374126,1,train
2.277750507774858,8.519014213237107,9.266796047910137,5.508143060248638,1,train
1.3624342961955416,9.279001169043106,4.918524373397942,8.922121521636193,0,train
5.270765265973352,9.003846869684496,1.3648742873500743,5.440828169871009,0,train
4.466959085777109,8.911048676210548,9.562861590166422,8.385411019643524,1,train
7.496518969029471,3.701732861177002,5.231016384376897,8.9579902791156,1,train
9.398442651748546,5.421012988699361,7.108883041981558,4.4437726958645065,1,train
9.135054048964133,4.850365612646522,4.601958790932294,1.5363817354951674,1,train
4.857072294943476,1.2367311655924227,1.7989343289944761,3.8480672203116626,0,train
2.552535659329534,4.993092487120758,7.627260930646866,1.20935932569502,0,train
2.711331536612117,3.902289152169402,3.792370220147708,8.10101499578193,0,train
2.60386008570046,4.445528545637834,3.409447932178755,8.734429256338226,0,train
2.957711402790685,7.036210324206271,2.519095820437385,3.454589426307335,0,train
8.878392206312032,9.38505226491308,7.7892416105498175,3.1687049431081116,1,train
7.584784079417451,7.5205433149149385,8.550922725270198,4.216273267279986,1,train
7.2386257775806175,1.706479626541262,8.957812135346853,7.742252224062931,1,train
7.429423583333485,1.5405771079039727,5.649527987951515,1.1490191674822254,0,train
4.679619781424757,4.7698738042060835,2.5844035456740113,4.398435780161667,0,train
3.6630294898389875,7.138088387479899,8.079840161890143,3.1805541547340606,1,train
2.1960588355139903,5.240756465541088,7.751765670959332,6.697727181121284,0,train
6.493611421264401,8.876725842487389,1.6684207637641464,8.23114784359906,0,train
7.4533303313226655,2.162907504579642,6.832896899127302,5.583581468729239,0,train
2.1643682171325453,1.8702233455665194,7.4471840325845315,6.468881231232457,0,train
7.367208461656784,7.455017170750708,5.0240334813179865,1.6328448665819826,1,train
1.6205939155832136,6.932468022716796,6.555071710022737,3.970858896837122,0,train
8.847223681224596,1.6714387692798385,5.071708382138414,1.7000231033606412,0,train
7.19042888239678,1.6484055847541272,9.219074313801434,8.992682796098155,0,train
9.140409352150842,3.677068089851357,1.7848525836753595,5.240172662313161,0,train
1.1953657223621161,4.796630064344748,7.52191886368655,8.194320604426,0,train
1.340438383965557,2.3336464628296434,5.065430956475267,4.94385060691104,0,train
3.261086251461979,7.423729288173979,1.8967804939989474,7.767496674356423,0,train
8.994834672926514,8.7266263102772,2.3343876785088993,7.295344397126007,1,train
7.166383043413186,3.7868288818912332,5.536757013476578,5.603295948435114,1,train
5.5162724388554745,8.909376330987648,3.248367873826444,2.017521447991413,1,train
7.230700703741535,8.31208492776154,7.619754863885523,1.4548130665149728,1,train
6.067229422889514,7.696387631417762,2.4756392720866573,4.694949110538534,1,train
3.887746207170327,4.648771220142235,3.5874687928380933,1.2261291066290554,0,train
5.566107218245332,7.957133415091041,5.253147890188083,8.763973316718001,1,train
1.5188705526161477,2.4716539966401996,5.238231523930973,5.829323817845948,0,train
4.119648520497801,4.29800784865942,8.290921926451142,9.196558172660843,0,train
8.953069950405276,4.907807084201698,7.431658027973892,9.146467412744132,1,train
5.206633233535495,1.3064560947593384,9.90288261197463,8.057438729881731,1,train
3.8502275047400887,3.7006260563465387,5.098361466280496,8.50219673964784,0,train
4.353821008993368,5.209491207329197,3.925611469624937,8.984291966174382,0,train
6.625591558965607,4.903200529252807,8.660690000806174,3.775955825284256,1,train
4.716243001484152,9.18849836396664,6.1103191880987815,6.551559911109294,1,train
2.502874124582414,2.4702781144488704,4.901270543303098,8.163751484898835,0,train
8.486532453636265,4.556881561785623,2.554465209304267,2.749636861104338,0,train
8.784844916311375,7.867354691982053,8.706869771416278,2.753624659179674,1,train
6.0284099472394255,2.4034947646221876,9.611267639616624,5.129772800264156,1,train
4.832208697859972,5.270118258921749,4.701759399606722,3.310412202610703,1,train
8.902903984868207,1.962904855565292,5.85163264941452,6.516062962963671,0,train
2.143298359394283,1.420490153703156,9.622772585146816,5.701439172419183,0,train
8.030306272946753,4.149094193715675,3.9438891986106386,6.358285497864247,1,train
1.5051736683601966,3.6828283219013995,6.105484536000721,5.47614769036886,0,train
2.667592124249432,7.669816091120829,2.455526381689108,8.82457163835195,0,train
2.4008361171317816,2.7444290782319545,5.7902633347817725,5.781414178238731,0,train
8.979825107459916,9.817550651865004,3.3808489726791278,5.68183095338976,1,train
2.887059283240221,8.07377944130429,5.065226022680957,3.3633272568994124,1,train
8.494916122021879,9.047824905872867,1.6450990151339737,6.440222578306921,1,train
4.909345912570705,3.9073616476727544,1.9141662258983285,5.559581554309023,0,train
6.2802538614870205,6.407812802229143,4.323483113395875,4.420860422030804,1,train
7.769945345843102,4.157859589630487,7.055917630230941,3.746773456281486,1,train
8.748728643092377,5.783993843250144,1.4359545629934314,5.470971281004901,0,train
1.389504650652098,6.62223074461752,8.383616415944855,3.3849490469654375,0,train
5.130480159711704,5.8844729162881135,2.1678321386757924,2.9412241736222353,0,train
7.969658293527361,1.9177666504346562,8.053589859834082,5.827034622534331,1,train
3.4097673183171,5.44961836820257,1.2247842851282669,7.52223687187316,0,train
6.002276516250782,5.822662723200562,5.6014744039429445,8.406812262574437,1,train
4.468329755299414,6.917238421555675,7.278186336173519,9.83441270898209,1,train
1.8664717231727734,3.835227613238076,5.949250273252944,2.071487942684999,0,train
1.3526678307151805,4.096753089198812,9.216206344534607,7.438481625731446,0,train
7.834250061519999,6.796326276323154,2.227660902729525,5.26523536249453,1,train
4.563103342384428,7.712164561667102,8.7920341158017,3.7727614685792905,1,train
5.737517541143608,1.1190027526073383,8.832541757539566,8.57651152282981,0,train
6.863288997286329,6.264186844089335,3.7569022472903084,7.624933525399626,1,train
3.2627251165183484,4.05578245151646,5.984777843765445,2.1891983430366184,1,train
5.14709149866791,1.2966953941912318,7.376459482099413,3.732016369492154,0,train
1.4835079699704607,2.55814713926884,9.594623878090252,9.26906226945029,0,train
1.537751601481876,8.562196109834925,2.829397410478777,7.557395853404096,0,train
3.0508517287164643,4.4003943854326195,1.7049685514906927,5.060523969951669,0,train
4.232799751786503,7.374264075584302,8.750501930067259,6.112287156327967,1,train
6.826980919725669,6.009919145197016,3.2288362394541275,5.832736856444085,1,train
3.2585937400189398,8.90156493001083,8.849784407018355,8.309412539281402,1,train
6.384849551369221,4.628330099398796,6.267633728935488,4.2973552708546725,1,train
2.820346989407207,3.0692398796702327,2.7927180618963003,9.41845114997751,0,train
8.412676905079536,5.1016445701917394,1.292120910017192,1.7013415594462764,0,train
7.386617044520515,9.370850999260643,3.0532078506140268,4.8974888173341915,1,train
6.346818536722197,6.073733430955571,2.445982565975375,9.390132446598765,0,train
4.0228003325298145,3.807863284687949,9.698881422619099,2.6320548798460908,1,train
6.602912745223485,7.9660421174501295,5.915927711189184,1.1651453993594383,1,train
7.480530815538083,7.311364915183908,5.656722614256613,3.687851420355425,1,train
3.213557861050246,3.687502227046119,6.634197727344645,2.587365774635595,0,train
8.447511219512684,7.134116112445657,1.9167960662489132,9.778275310877147,0,train
4.07451897666475,6.265470575148096,2.6634933589116634,1.939194429573225,0,train
8.066254883029533,5.394231593318691,3.2424839967473837,7.407183529681511,1,train
4.113888909557591,1.2423001380858145,4.273401972072647,9.99574428497169,0,train
4.9693006924252945,2.597397846104946,4.13348139334503,9.843881720155021,0,train
5.763208217674411,9.978403781196588,4.6432535257289285,7.433950014657157,0,train
7.990932215468883,3.5963731994893915,5.178241528257082,3.8722742970297857,1,train
8.436977569951381,6.243321302351836,5.245778347423462,2.8564895637836747,1,train
7.90559220161561,5.741308092802271,2.84868958924366,5.632159864173651,1,train
8.00012909188022,1.3757372608410399,3.7286277833627053,1.685004989819295,0,train
6.950506674552414,1.416855840202065,6.179509311833354,5.843051688191126,0,train
3.6541805144437918,7.084983536858083,2.1686768327386283,6.786271463441547,0,train
3.3258308934709664,3.424206420258579,5.667658663743009,8.69470416563927,0,train
6.148420075567806,5.673445006985876,2.6153644828135914,4.114688718790639,0,train
8.314071306317086,9.908722887429038,5.236494625143784,7.697090738414571,1,train
1.7762230082080568,2.7346866662449645,1.6440331178177845,8.68793248388137,0,train
1.3186753252510854,1.7659398462885403,7.723048942603642,8.510982073168519,0,train
8.939125575786264,8.087632618256613,1.0661590710431734,9.565370188993889,0,train
6.343436268649755,8.060702123189248,3.9796941574000853,2.147189733116506,1,train
4.120199022066208,6.925573744444434,9.677051934681518,8.07138281545608,1,train
4.102669305729248,5.096637013479425,5.429632399319045,2.1848987085803673,1,train
5.127086650107754,2.0779178445603046,7.421563658357614,3.82126441349751,0,train
1.6202088572790685,8.610550199687903,4.32253324332215,6.7077139687822624,0,train
5.417050463819664,5.64568385473434,4.654558115647791,2.30805451632279,1,train
3.28199089437961,8.106174433935974,6.512356694789638,6.998957613511087,1,train
4.881545491268407,3.56912193177505,9.151734546207361,7.013303699984008,1,train
7.798632566393605,3.615344466655503,2.391685230034292,8.69704769772693,0,train
2.9362403394497374,5.412928423819164,4.10513863332059,7.848094922011261,0,train
8.648372117317344,9.586828523123923,4.685061847121883,3.9318623416876783,1,train
4.479934969876659,2.465848954513869,9.527039273988535,2.349802745338728,0,train
1.0860707652316695,1.867215396404418,1.3378335630320954,2.1549620102988967,0,train
8.43873803650029,1.1722347721860076,4.334111667127556,2.5987794514390807,0,train
5.716297667413821,9.235880063279055,3.619270034973489,6.63859454148473,1,train
4.649296767428292,9.431720432015506,3.7391673088248596,9.62416872444998,1,train
1.5518706247302818,6.3102116228387874,2.0326566606886693,5.4242796471425825,0,train
7.457266837715563,5.815891126631891,1.2415418314745925,4.6872834278383,0,train
1.534729596665708,8.921963714480482,8.792741200573804,5.494300496343444,1,train
6.960839511382805,6.7986623071450305,5.081022108301852,9.725754395552924,1,train
4.850767579533482,9.287040099634519,6.570367490904258,4.771922116104385,1,train
8.61205015011027,1.6261414285739133,2.07218688192462,2.2755829413045503,0,train
7.720890541720276,9.507065685930272,7.030702317957487,3.162096211481571,1,train
6.059495328654549,3.82049191447717,5.806431243711731,6.575694175732662,1,train
2.6050086137223394,1.912423850003707,4.947479018605476,3.5362735903947984,0,train
6.785448895301464,9.282424603973302,9.255420194455414,9.561007165020543,1,train
4.21591982025477,6.586685074114154,9.995858802290732,5.0938059006019545,1,train
5.537401351558357,5.597261943532025,5.513463472620826,7.9849677515769395,1,train
5.146928356387797,5.164916115498957,5.17488971112387,4.100586099946627,1,train
1.1306558775151343,4.6166837231163536,2.830280623602277,3.665755042560488,0,train
6.354935639708891,3.403881297914094,5.681126132497406,3.141442267190327,1,train
8.1609692237361,7.306729682424153,6.159951477023819,5.690411690778927,1,train
8.450056717567296,8.495134214668969,1.2850262586551389,4.685079857503186,0,train
2.6049736922293674,5.028986589206213,5.224502340781171,5.0382862255596566,0,train
7.2016819972673645,6.710111161332466,5.820601463062096,1.2196126782718442,1,train
5.372567943950918,6.172056906887477,4.416390435287333,6.156021499265621,1,train
5.001020979098468,5.565798627463732,2.046381314421855,7.01050684598931,0,train
7.433153546050067,1.6629455229134003,4.650339643320153,6.861530768956202,0,train
7.910126830653223,8.171207190669183,5.05690148266053,2.890742753485397,1,train
6.059592859896423,4.381843284421923,3.6166204959928137,9.918230122661003,0,train
3.4177034170963436,5.386661419682381,5.242299177083727,9.78532650002395,0,train
5.6453082137843085,9.623257798954938,5.578637569823361,9.271736547539174,1,train
7.839204661205816,3.7434470294221196,3.923078262536345,8.240170912548706,0,train
5.0098602135723675,2.3803493783577205,7.484098945772459,4.418096253447745,0,train
5.695712882774068,7.890303523460528,2.8021010841436174,1.2936794658935324,1,train
8.305196703552898,5.756290180013039,2.129965735843273,2.049945728762912,0,train
1.5164924278497947,6.461911562088661,8.456483177747032,4.0133247487862125,1,train
6.278777663098863,5.254182116704943,6.788256496787259,2.0960720643848263,1,train
2.7889653025375174,8.978337384523929,5.398050519597582,3.311698549250554,1,train
9.932455211536569,4.353070979484376,4.4428462130246,5.7490606563372495,1,train
6.673782050222873,1.558244195353023,7.854348277964861,5.4861499232185835,0,train
9.815845459035884,2.099283523312645,2.483175747934175,5.461049614646872,0,train
6.124134947355898,8.201832515956557,8.614067452223825,6.297115530535359,1,train
2.648065749434629,6.1514133578304415,5.119528674031375,5.738101719870796,0,train
9.129457833189324,7.156931107231464,4.425048531594204,5.857441541965076,1,train
1.0427008781206513,7.991468099403892,9.778156554321548,5.122004167915568,0,train
9.077164329601466,1.953452668717672,9.654071226860394,7.27653625234025,1,train
5.373122537448571,5.80799842578803,6.629872729974912,7.570549608101542,1,train
8.94462799625992,1.649945058504196,4.94541080950772,7.247943520529838,1,train
7.9892017148621095,6.624124923975996,4.496981620713621,4.192807197307291,1,train
6.001976407404603,8.704799768871066,1.4741854053546029,7.922107619429857,0,train
7.232121516847645,7.151917359478585,9.411359763007296,9.071823254100746,1,train
6.914305136307821,1.8434507350362668,7.570872071693903,4.044423581989537,0,train
9.406320865143565,3.433294834223814,8.8130818580659,5.48281886695708,1,train
6.323369376346961,1.4597452509377717,6.9625690339976405,2.0317396156814485,0,train
7.598492441211769,2.4487987198401138,5.6736235862161,9.311733799432366,0,train
4.6911427032203274,4.986415307225984,9.354587702410164,1.9004049320458412,1,train
7.415104544962707,7.470206144839089,2.7424322061526025,6.80327900321941,1,train
9.217129106638772,5.636936094953621,6.332433877271371,8.35342073691568,1,train
5.6286932446364215,3.481705286511006,3.1145179185213743,7.412990175671087,0,train
1.125497553587933,8.460582548637879,2.9915512028165248,8.46768365647527,0,train
4.486229937411357,9.996101812053503,1.666104586148812,1.6220187681544496,0,train
5.503885394216682,2.0691061656110543,6.454419766240693,1.8219612247737336,0,train
4.865398712218831,9.83183179421556,6.365266930053609,4.851046165718422,1,train
4.604575937521886,8.30075616058109,3.056370671364003,6.606756999024534,0,train
5.403401718090571,6.084711294225597,1.7909454446785218,9.724837390769002,0,train
4.254038279257054,2.459517082261816,1.7178167713395793,5.1321444535024945,0,train
5.522293833169589,6.514083838147732,5.011933514605943,2.3715921953751105,1,train
1.23490782867787,4.074262286103757,7.086670141763658,1.8120637902247902,0,train
9.895628153110644,7.368157065625854,3.4257908421545626,6.384998793169027,1,train
5.113200050212169,5.352831771124306,3.6429536169684003,3.7692057555277145,1,train
9.424650043633555,4.042477529519521,1.0745693410811434,5.037959732769546,0,train
2.6184938975744827,5.324873604669201,1.2269856879504077,2.001935040251921,0,train
4.210357870785868,1.2001816114334711,4.275045108487633,3.2592821983969102,0,train
8.447196783110087,7.040998596102757,6.698922208438036,2.7623904125571745,1,train
9.903769208209425,1.125865842073822,4.079063681856795,2.9049225707137794,0,train
6.840678281306597,8.39731953806007,5.8856131275721255,1.5791791640021304,1,train
6.281300137516132,6.0761867343091716,8.69603042094332,1.4479382014970414,1,train
8.171184886729733,5.769745435696566,7.263816172039773,6.541052362767063,1,train
5.771733839852777,5.667998958489434,8.056029051136962,3.365839164577702,1,train
2.509049578215035,1.718448265594737,9.392380817451757,8.071032180441879,0,train
5.425808237271356,2.138248816914874,9.302739115588734,2.7372271044035736,0,train
5.936394121936894,6.046770005942877,3.9091795883067983,7.380765158099604,0,train
8.897429410058102,7.196014380615837,9.57588973955505,4.622278584598275,1,train
8.810452812280719,6.4027373474973,2.8226533067910973,9.090646907464773,1,train
3.420498370567317,4.897711673474056,4.216602554065075,4.580536957137874,0,train
7.19535652516438,6.137657070521115,2.6098336141283514,4.334845243395864,1,train
7.358389856876525,6.366954363224142,4.218495807297143,6.659243574590329,1,train
7.611878210463168,7.977133458026164,7.058645017056982,5.258215634042454,1,train
3.7524273202346956,1.2861246071360666,4.807443962290165,4.514622600846525,0,train
7.861516201676816,4.172963480934932,1.3004076052439422,6.320688231478924,0,train
1.6948633376844735,5.101923639953826,2.933155343308903,2.634660041028793,0,train
9.011678469287281,2.8607505596958585,7.4038436246045425,3.2783288475686905,1,train
4.483659225265448,5.537696202618465,1.7889167199031604,8.959255505132514,0,train
1.991534023909058,3.8217405244943516,4.583107803086362,8.256257269221347,0,train
9.221672926314183,8.623789953903952,8.600959326584642,4.8597931622617025,1,train
4.433418631701244,4.285128821977461,1.8166640099516362,8.386232913335322,0,train
7.098092971111581,4.864185753912752,4.1975363849733265,8.87199928708775,1,train
2.5487033819053457,6.462590244685058,3.215218397006332,7.54541618184697,0,train
6.113567975983941,3.9098523271095553,9.122452983502281,7.641989546464685,1,train
1.523558062867928,9.353974092796657,6.705254828737397,4.678929363696258,0,train
9.675468525530285,5.568257660906465,4.0854856282614005,4.128446977194669,1,train
3.911176276273093,4.874297218102765,8.831985421765886,2.077001675965062,1,train
3.545792605636012,2.157485348506996,9.38069938324117,2.4455562631398595,0,train
2.095593688446735,4.544791223770856,8.800478077583136,5.793088332969642,0,train
5.720172805626869,4.994020263175786,6.279989973041865,8.250583892307237,1,train
5.054991138026079,5.559773617462305,2.791480702225704,4.3453268549719795,0,train
7.487580371653033,2.5847099977516654,8.647205448704314,1.9142387660305364,1,train
8.800232230682926,3.8636120522730057,6.261636078044868,5.553013340521636,1,train
9.029718597293003,3.943361611658937,8.836647259242545,9.687674105960372,1,train
1.7021354785435014,8.850626558856202,8.61552211924451,2.931730906960224,1,train
5.813500199891078,3.221938630635452,1.712629012809545,5.177010135572961,0,train
9.270060077949426,7.361048749824411,5.726838981023541,7.621850651825528,1,train
7.292103694306458,9.111269910500303,8.340974978772273,7.675463641526767,1,train
2.7366836702831208,2.751117135132538,5.181163353421029,2.9922017918756847,0,train
5.3118461420284175,1.1338090290806764,9.504271371352942,1.2062546844985182,0,train
3.364436271361786,5.9456014180625765,2.4464310105220903,7.385209754841046,0,train
2.2271245568304563,2.84799512872473,4.5248046911343,6.149070296657553,0,train
7.3163970599176045,8.221695563562019,7.227744435131671,8.332363400434208,1,train
5.277922179976037,2.2345214375792626,5.613960384861012,4.436428724713053,0,train
6.4365484242387545,4.452120576355031,1.321519341853223,3.6596836456401007,0,train
6.156259150684006,7.518748329306122,5.5340240292745815,5.510235002217207,1,train
5.9920628407790915,1.825583581407959,1.5411540186967534,9.850953965833154,0,train
9.533142333166982,5.149618672216561,6.521302659047016,2.8556955302628495,1,train
6.838297618129668,5.246871354357637,5.830712157499262,7.519269806009306,1,train
8.91718618714635,8.614120456061839,4.402392882722332,1.571891395486468,1,train
1.9103542366111297,5.185932151455852,4.816761897927328,6.050737988796838,0,train
6.649052637413451,6.868138318299864,9.22898648973248,7.656230948383978,1,train
4.310889142849728,6.15539948445048,3.712562764078298,9.556244103282248,0,train
5.495788412649355,9.994850680521397,1.7498251814508876,8.761491433126317,0,train
3.6001794982068698,2.741666794287037,5.964759566149433,7.419356348748515,0,train
6.5877601761626705,5.796925578614796,1.5808659705500667,9.987490034102903,0,train
1.2964375122486755,1.9360707228228948,7.612916563305084,1.7683220420351713,0,train
9.25800005196844,6.1619449647204405,6.613660743074968,2.4697685832367835,1,train
3.6987225518456306,5.406115602686377,5.483185319159851,7.616689908547754,0,train
6.65226728473437,1.7878445808089736,2.5579333059174494,7.582080936814409,0,train
3.09550417175966,3.441779701614551,8.66053226206648,4.786727419485916,0,train
2.351845967458891,9.170736118273467,3.465420287986168,4.750746194092845,0,train
7.894910714427404,8.395406342292805,7.866289542615357,5.147778069335393,1,train
1.6033108855414087,3.641014233643797,3.92693776172129,4.502722545221541,0,train
8.114182872179951,3.335485605298062,6.02730462452806,5.524712462431372,1,train
4.862054409579548,4.366892457788433,5.81122637854401,6.623954147529373,1,train
5.792820672905221,4.160596885242715,9.117321444618447,1.3781434831463875,1,train
4.886038100019632,2.048130493702207,2.7781132179138712,3.1197254484001826,0,train
9.323065909940986,8.877162616518847,1.505681527188818,7.326128665639414,1,train
2.8548861015393863,1.8706243895876606,9.032562046567934,8.913224803656062,0,train
1.8864983702084346,6.793795185200977,6.474281824034627,5.710356550742996,0,train
3.5805508303893174,3.7407415634744505,9.480297977025717,9.559475933649034,1,train
2.5032349731469363,1.5375935621929901,9.897553074650768,5.468747215650781,0,train
9.511927911335464,3.1831207246224955,2.9256234199760045,6.483151635285109,0,train
7.7704879217881775,9.28275168038478,1.1092808800620126,7.553289309405365,0,train
4.698710797307127,9.724686752669657,4.7990994885063465,9.821944269674148,1,train
4.630318857497229,7.4733253719045605,3.676134030517061,2.6313117086195446,1,train
9.909288362817179,3.9819680689769115,3.803837810527415,6.506419070285737,1,train
7.803153629285648,1.8908723059354056,2.19502016851372,1.397830831450183,0,train
3.995886777724427,6.710979816034008,1.2623612553897543,6.354657349420122,0,train
8.638970450386179,4.5841080689227205,5.7694250632761745,8.840960550230655,1,train
3.758609401550938,6.578092201784625,4.1887206724560535,2.336252731666481,0,train
3.1887737058562244,1.224799796181242,2.5849519594802075,5.520060283498896,0,train
3.2243004011704683,9.78820957210481,3.8335324324063813,3.9495781343294896,1,train
4.15626523566371,2.9691112014113825,5.0766093530290615,3.1969887076039365,0,train
5.198440666914707,5.600143047801372,5.322941100311368,8.859326987770302,1,train
5.413999878026624,5.57746167849743,4.11760694313897,8.917032693830091,1,train
3.331564813658365,4.449348407664409,7.179268778540952,5.580129992684759,0,train
1.82336951385154,3.1735392570255487,1.3129358045763522,5.80831184689848,0,train
5.469790936615922,5.912957913156545,9.901016380973854,9.412119655689695,1,train
5.5668672577235085,5.838619458767171,6.38329726637516,3.982888920313417,1,train
1.5880716695020622,9.158257865039392,7.546836889534638,5.872368362017929,0,train
7.956232075769485,6.903733915574306,5.846996538101485,2.9911134829241726,1,train
2.226656079238552,5.871736051857346,3.410282688692148,6.9692660612492165,0,train
9.695990396496056,4.136673122172216,4.824903660765651,9.033731922127217,1,train
8.402783501627571,8.152139690073554,8.257538309248197,4.174374795936298,1,train
2.9957870777627713,9.009536741755452,2.0341902548643294,1.5097204904820858,0,train
6.777689219333141,2.5678810397195644,6.229528574865779,5.109601249930066,0,train
5.714778473436171,9.102850581714138,5.108189410324526,3.7318549972793624,1,train
8.687590261108053,8.899909425162768,2.1492935562029496,1.9512513958892281,1,train
5.442314611733445,8.020719203803049,8.86883918177557,1.6248292627505632,1,train
8.626946442055257,9.034318121143965,8.594235690908938,4.72502045901659,0,train
7.716158353200634,7.359793962751367,2.5718606169457034,7.754490316179103,1,train
9.284827245424466,3.8619448022952807,1.5954330375946817,9.686605990832891,0,train
1.9465255611324044,3.6580737577086095,6.171110803846424,1.1393153026314413,0,train
2.7245926827736064,2.56615946009084,1.8369090529282341,3.005560271176278,0,train
4.505455296930115,4.39296095475914,9.17993876218481,5.376827012900543,0,train
6.724108335434184,1.776696212583483,7.630615917853877,1.5325432395694862,0,train
4.663729020645679,5.645915356511786,1.3562914534677533,9.002619208517995,0,train
7.474519536339174,6.967522558142765,2.772373033778208,1.9351115628126552,1,train
4.841727195457825,1.6480208855834633,5.848206926715386,1.1182647995294541,0,train
8.131474675433592,8.208599464491513,8.179313688535771,4.382114588240219,1,train
7.327615808594356,8.182125957662617,4.104476386072253,1.474003151689494,1,train
5.308699536667924,2.88844073939198,2.102298371796328,2.098297221642344,0,train
2.759536272198388,8.868126762069094,8.458340961274146,1.706707899368209,1,train
7.940142466695885,1.557918785779298,4.575444311402556,1.8877156808847748,0,train
6.078835090768224,5.697483809086604,5.4275685384908545,3.6831960525964185,1,train
9.353607297259225,4.284766040849212,7.488805194118177,9.961328143174724,0,train
7.272189703227021,2.0240377784085712,4.005075923544259,3.143609438871427,1,train
4.262271260345355,5.7761935501986414,1.5779686246949596,6.662731947767894,0,train
3.195399190792541,9.615738807774576,4.824969663458219,5.76637249531859,1,train
9.383630872311556,6.760854915597108,8.201485664784947,5.038370503490988,1,train
8.133089466339278,5.522910845455643,6.0204781457117456,9.745519824349415,1,train
8.381885882918343,1.4586571259300052,1.2476623415565276,5.7559440868091984,0,train
3.706664219100128,8.127056245547902,1.6229510410260106,7.005334583891255,0,train
8.101481485523514,3.789684747917802,8.662585354424092,6.8500251108962935,1,train
5.6841593476860774,4.871133775543601,6.690600441714543,9.732585265994034,1,train
5.020329964592949,9.420432195853815,4.6255146601082755,9.71481338780127,1,train
2.6006104681994158,5.954281525666446,7.555600709964716,2.900436273503403,1,train
2.1698570944508138,3.8347373679515666,2.6892989425041547,9.649931888202739,0,train
6.383445333696938,6.2496674105075005,2.39075307996061,7.093308279239825,0,train
3.7489211319278084,2.1236954795469387,9.648014245872051,8.718513962719342,0,train
8.41329752162143,9.767760621814913,5.861923143278963,9.349671440860334,1,train
7.812035345640609,2.306668302483064,6.889197761442162,8.126974746691019,1,train
3.579770601332271,6.251947799527251,5.546695614406467,9.600313151127754,1,train
5.042137964651248,3.7778657052618487,4.423325681599418,3.9492805109468474,0,train
1.4224927523602848,8.791658034852976,2.5709232751667703,7.175841365920502,0,train
6.913290060237727,2.090561360590977,2.999521887758758,7.384349823865979,0,train
3.3640339010500586,1.9247134353053519,9.670192595685766,5.3257924454432,0,train
3.6378405038410015,5.664518250712163,4.937911382812657,9.061140628066784,0,train
7.851423315358211,3.3344762661955905,4.5007306758702885,1.9085028058817244,1,train
3.6004134892211157,5.366241897648454,2.313398060599625,5.845547235256605,1,train
2.5254711450802025,5.127711640231903,8.946956236787646,1.2706389068393253,1,train
5.640234913308854,4.971334302050877,9.413040602781576,6.007346320835486,1,train
1.016209076997402,5.680473738728424,2.4682531355855755,3.180735631992664,0,train
3.4094595634826343,2.3017279589268074,2.099882409441835,4.111133986981631,0,train
8.94263253001347,3.8122806686883264,7.388147960734542,9.982737549001683,1,train
8.208332394242122,8.224833224187957,5.432873853354915,9.055761806792775,1,train
1.849413149123621,6.145431824243806,7.840184474954043,5.27923277028753,1,train
7.1181413257800354,5.620237367390625,2.9970473060410194,1.289942579963354,1,train
9.594775317937323,4.299909095770748,7.218281565441338,9.983855704331852,1,train
6.476630070073501,9.784610854094991,6.29461434034786,6.230467333892994,1,train
7.554463385914562,2.625466102322327,8.821879106828195,3.727157686054785,0,train
5.295657597348286,2.252142978785229,5.502677882300279,7.716428421205723,0,train
2.971244577509004,2.7067280599887704,7.689436189736218,5.913472521807321,0,train
5.1852289035568635,6.076157548452973,5.660328700356496,1.5619240436747652,1,train
9.587611855498956,6.3434115508683036,1.080643795828741,5.7725025837910815,0,train
8.782861916732315,6.748471493806554,4.880770145922857,9.367750258104001,1,train
4.248856249344096,9.108650131561363,8.07370699392797,7.687334549795924,1,train
9.338846013735097,8.652296553923417,1.0789147360897098,5.2491620755531265,0,train
7.281275100488693,7.375625279311071,7.087024587544388,3.244022805159774,1,train
1.4228830525115421,1.115880155390778,2.409946398735009,6.064339200387922,0,train
8.462629821413774,7.119305369413919,3.5234288571781724,7.440201096613435,0,train
3.613051858452624,4.43967603129462,9.326994377322434,5.744441188414257,1,train
3.7430491187226225,7.8436169386683465,6.8812510309295805,5.597809405611012,1,train
6.3734003708815905,9.821990315127373,5.652100541766398,3.1402003502810905,1,train
8.292317987752982,7.984506227408415,7.75014531621871,3.650220641459905,0,train
3.936287449212819,7.834189635219192,2.7173463746413136,9.374586818811892,0,train
6.928736591695111,2.4639424448703964,2.1297626029506214,3.70330885210631,0,train
3.4018071607018188,6.925212754636121,4.111116152801575,6.065204583550732,0,train
8.7962559637694,7.630668731958181,2.1485396629312996,2.330619265176164,1,train
8.314129115710003,4.620573762909274,2.046297832798413,4.967036456679377,0,train
8.733881534477412,5.349912633391927,8.766163869449235,6.330502488790363,0,train
7.4098503457334495,8.245067486468319,2.649912552177075,1.3710898979690933,1,train
7.1613039332808,4.884222541267388,5.248709386619123,8.477295641468025,1,train
1.445262858987419,7.348700003272017,9.71189457662286,3.7310932933519245,0,train
9.770466862337152,8.764762297589526,7.220868402430014,1.152202522270916,1,train
5.482052139124816,9.744523508183843,8.708304244244019,6.569449813210585,1,train
6.080147863601212,8.211389077504014,7.342394101401014,3.217208089708483,0,train
3.455922241381991,9.028201943075375,6.106232491429328,2.5442346527255766,1,train
1.2245121231370653,5.181909733252312,3.7295527359416463,3.0342436387717173,0,train
6.567546042343145,4.701305189345744,7.159346609251112,7.253640110373102,1,train
5.041676386398076,8.315488743307702,6.779151726240852,9.855880644492059,1,train
5.915464778985646,8.524529110340422,8.148590452633735,6.207225790972036,1,train
1.5611375330928277,5.549791638490713,9.233002833797956,2.904769514660874,0,train
9.400870462065276,6.6173084372425794,2.829524240800259,9.491557574217591,1,train
3.732971459291049,9.99283423180714,2.2046800933841757,6.45470314968135,0,train
8.4470195280776,7.233375877275809,5.578489551865742,8.869403447474902,1,train
4.449216401934248,1.461718135264813,3.137810038418342,3.9714521201457593,0,train
4.945268318346937,9.841519971298483,8.488554144733003,6.435906569814114,0,train
7.444783269934056,7.262771298033648,7.620747157111319,5.4609738464614095,1,train
5.401453332340443,4.232233234687687,5.440403192901904,8.073278832268546,1,train
4.7364283327378285,8.116720928352796,9.242101268893714,2.5306678254263746,1,train
5.501096348368499,8.707755470111461,6.928661148587625,7.89363282845032,1,train
7.301102371418647,4.682134150116967,9.757085272883213,7.9910928444079445,1,train
6.316905479608469,3.9737850316475862,2.812399874451617,6.074894550545753,0,train
8.575606706975032,5.787671868597501,2.3255431811591727,1.0675272831499838,1,train
3.5099468052131284,2.0665880863253925,1.3461606222129008,9.946277674756248,0,train
1.4932918951508145,2.655407795622405,1.0811101948018904,1.6674773081133287,0,train
9.532084506927367,4.3156149998663045,6.8865694743988835,7.969437481320879,1,train
9.634874584198391,1.5580415688506961,3.1858357977722127,5.738460740171542,0,train
4.399440532346205,3.2536331174582585,1.1585791262909606,5.1504848570900785,0,train
3.0672450097688424,4.649509975753347,8.84130181065828,6.846050547108712,1,train
4.4291262524079755,9.649656600364432,9.955014343772747,1.6101116431845437,1,train
7.421942354679223,9.97556759588735,9.821887225442786,3.1256014870527804,1,train
1.3686642120282602,5.099165879879659,4.984909610760788,9.941604970924573,0,train
8.54278878185265,7.045203819203498,1.6230675094328517,8.191099677340148,0,train
8.482907007098811,3.6404170720307287,8.819990247794859,8.044826628800166,1,train
7.546382644032251,3.1678390801258933,8.442017672619105,8.672329754237456,1,train
9.650114562059073,4.583469837460216,2.817716851511133,7.645018285639915,1,train
2.675069179375803,6.180157007583201,6.738524407516501,9.480898390280693,0,train
7.145945019177184,8.813994555664117,6.861305572422867,7.58130445675678,1,train
7.408891729665019,2.4647306838010663,9.879820868138593,6.558425676677295,1,train
8.886210548342259,3.0691520614804597,2.8649328776609426,5.602040112521268,0,train
3.973660058924713,5.514385761451058,8.486836611602715,1.6118097393424806,1,train
8.875901840943753,4.604993822555947,5.885270409961772,2.767077414861971,1,train
8.293069762631193,1.1312636216844858,6.232466305630923,2.3096719673285597,0,train
1.2393010261597222,1.3003981800141076,4.695128970849357,4.343532434856867,1,train
1.380534488134474,8.210476984491907,6.986187990996066,6.067899817313812,0,train
6.888262516217008,2.160343500299372,1.964596159216545,8.36826268770244,0,train
8.615628858957624,6.615733831247401,7.377614960481247,2.923543858186537,1,train
8.798068220671727,2.809563319302517,1.657929650784737,2.715949252858498,0,train
5.03582864384529,3.227083138699243,5.138017314058248,6.182821684292978,0,train
6.159497718348858,5.143160037844417,9.95768613364788,1.697849855826886,1,train
4.260012151225433,6.448388147130451,6.884934869988141,2.7371698058622727,1,train
1.7430292613200296,4.750150291943092,1.940150696508369,6.982994433085188,0,train
2.5467786343499785,4.221090775099713,1.1635867969934226,1.2531902948515201,1,train
4.275058334028383,1.2039907610488645,2.162443821039604,6.762765018366975,0,train
6.932938396478498,2.5396255750370593,7.765336328345887,6.058099080473657,1,train
6.587318263657538,4.785529953496629,5.095359543571352,6.42091492363442,1,train
6.898691910776211,4.275656030779549,2.7892528271858374,8.492245326784891,0,train
8.558536182459466,5.637565374965745,2.572204366153617,4.279357228061623,1,train
2.0670345430734356,5.501391582120062,4.664719177840304,9.65444395152926,0,train
5.358899415127094,6.717163773649675,3.2771746087688856,7.326508115990475,0,train
1.1129265319566888,1.9397056490464977,7.7977404380786535,5.285047232884718,0,train
2.5229774008242827,5.329765269914768,6.050059839582297,1.8830373327374796,0,train
8.362145817113,9.064246754018784,3.8522272819902463,3.7633468265143115,1,train
8.944861216251901,1.4965577650717552,3.6758629186125877,3.590114633488377,0,train
6.506416188868434,3.558526244830104,3.6386712566735513,7.689597203748116,0,train
1.7344246543997257,8.629731058753308,3.9037640973492644,3.4311619570091034,0,train
3.416928243332773,6.990231537534325,2.54345727359854,6.652282677329776,0,train
1.8398345457734488,4.5931046399928395,1.5627445717349153,7.893089556515783,0,train
6.020111493404341,2.9604581158081023,8.359087206366237,2.859215654774771,1,train
6.599644216901374,5.1044561326159705,7.484941948701559,6.950505232340406,1,train
5.19103691767746,3.961403863966881,5.738438242905424,4.483451919472996,1,train
6.75484077614294,4.1909973142490315,9.925572595067104,7.845414009172558,0,train
1.7751571305113496,5.926501819403303,8.892886006848094,1.001394639280249,0,train
2.9148026316274205,4.67790589953791,9.248324529268833,6.157939503181751,1,train
3.5325592758048328,2.0931136202554033,7.406355831174635,6.359214332623703,0,train
3.2565325364100106,6.941664371225863,4.685785572881501,3.77770840606239,0,train
2.475876617062772,2.703100738848256,8.565244566568008,9.525498482645533,1,train
3.2385723556157666,8.448985458573894,6.789443459270429,2.5340497475859203,1,train
4.904884588911937,4.974679877384736,4.488791847382057,2.7134196686674343,0,train
5.816898900577418,7.922501193639613,9.53985759226746,4.9911957850173785,1,train
7.795042627750005,8.463354395956301,5.703071567681538,4.595541781749235,1,train
5.898225352454597,6.5745665737083385,6.698069425093532,1.0689646356502918,1,train
9.96309035447788,8.3910453314625,8.341822861644527,2.0345980052173442,1,train
3.664231894299529,7.258476313529606,2.4171053994782516,4.831211627547024,0,train
1.9469186550558915,1.3585689485053307,1.0349829577605587,5.705064039621193,0,train
6.846866234821805,7.7130220625244705,5.888952582079181,4.331596162703641,1,train
1.2648884504929092,9.21220446179231,6.871089112505603,9.570921740321012,0,train
6.968483827992397,6.729009728634944,9.250231642650292,1.8466021674110833,1,train
9.627709367117022,1.132722949901925,8.803086778321358,6.032216465158253,0,train
4.4245975177261245,8.991308021239352,3.676604424314221,8.977650243971205,1,train
9.851028752170135,7.8145133311312005,2.14870500467587,9.732669050482816,1,train
4.486111359367188,1.4711785338876218,5.877334213017254,5.2579314978028995,0,train
2.49749804897847,2.407179793346483,2.4034823342719234,7.734128220026227,0,train
9.82475920375726,6.25079147395554,6.078249434552329,3.0973477916449874,1,train
1.5327200738262579,3.537725277870696,1.6980888671047563,3.327549379375986,0,train
9.110222283846232,1.8374972895923747,7.008989122225482,9.827819049598576,0,train
6.237172573268972,4.6750138087398145,4.970072337983441,7.832089275685517,1,train
9.322676689238994,4.402312434078773,1.6557122602359904,2.793928181619222,0,train
3.808573444338503,6.265417245165177,3.0566217527409103,3.1045086335991625,0,train
8.416379040868772,7.445575669168351,9.25504368523819,2.501094574894662,1,train
5.053501214180909,7.302811301789292,2.3828141455139873,7.603283411371421,0,train
1.2542259349521494,4.906638404053165,5.021342145394377,9.952313240545173,0,train
2.0204720462882415,6.935383829406119,4.8259019086385475,1.962473517253466,0,train
6.747337552231566,7.650010992963103,3.4631684365611632,1.6999935737749974,1,train
3.6027097990505705,5.169982147327131,1.7896453459831394,1.1429090003008056,0,train
8.156873992990754,7.016979054469216,5.50634069571705,1.515747250073463,1,train
3.703853627851099,2.7870493382591497,4.076498542961854,5.903432393237403,0,train
8.247596194400913,6.774112479654006,8.696938224513978,9.585788825136733,1,train
5.995515799393419,4.183245734607038,5.8874718379384845,5.390454087339771,1,train
5.830502467993553,6.760267222056191,2.6545307902918447,5.017104195705532,0,train
3.931764201927714,7.009402102284276,3.926888633823485,2.21178532642477,0,train
7.720051923603169,9.023409697381958,7.475028185403504,1.2522700440693062,1,train
7.957848177525934,8.778590666408771,8.74157997050925,3.559730064205944,1,train
7.4633634949295296,6.3466842094477,2.7595460091517485,7.8114348021169775,1,train
9.826309036697989,5.600845153266208,2.865884097418256,5.001421041421761,1,train
9.310649429797618,9.91973510634121,6.596724801766399,2.6071407200726577,1,train
3.6437469319110796,5.076662688444411,2.6600551241011274,9.000042342517723,0,train
9.07057586350896,4.785159932243697,7.145980365500061,2.014822080162444,1,train
7.201020422745399,4.067081295700072,2.214787977477895,3.138239364154522,0,train
4.906803354334915,6.198311381561109,8.833191676288319,2.8634454669321814,1,train
1.2944310447150669,7.597862075941377,9.402344419855277,3.020580599819393,0,train
9.560018750971398,2.098764557665162,6.883514228715566,5.605888672685326,1,train
8.030942261429466,1.5628006217363235,6.084550937564724,7.108108856863048,0,train
1.186238483909269,5.795994792310577,2.8219614529104304,3.596793724315213,0,train
4.098226546168581,4.296763087769336,7.332281062496874,1.800228500705571,1,train
7.5741381861835215,6.199708164252089,1.7953661364204265,1.6103640336004454,1,train
9.032219487340388,7.337604751932058,6.920287611262829,1.5322536389040238,0,train
7.744975567899584,1.1132622661465281,4.283265722923236,4.633872183804191,0,train
3.4345764787639443,7.873428147535607,4.696670238474445,3.8280793037401932,1,train
1.9793202226397215,3.1313052263204844,2.4661167723675903,7.864376353314925,0,train
8.57714893183908,6.623550735090533,3.898030377095049,8.972260969235233,1,train
1.445433890310575,5.872957366653168,6.618278709232198,3.939167306125909,0,train
3.5653277241357104,7.885665976479354,6.428662519895903,1.5597621433270379,0,train
3.7641034961780937,2.166184866317553,6.090954289855752,4.812207285342671,0,train
4.191455866229847,8.654559627164328,1.8185761509324383,4.288419748549135,0,train
1.4778400091344062,8.100355523427758,2.887239554415796,6.216369160779383,0,train
5.28591536158312,4.889790849846782,2.0631593617860426,1.6039874625581494,0,train
5.956928186245922,1.2613368735003823,6.87518233364095,6.353647039735306,0,train
5.572468981471696,2.500667026349359,1.320632924366551,4.817810308839747,0,train
4.876038293079668,1.7210499980906249,4.80206923599959,4.000701088962625,0,train
4.730722209429099,6.1813309600371475,4.662290140246331,6.315714947843109,1,train
9.61049432496724,2.6225438381779007,7.887312532171031,6.367278945401273,1,train
6.022482426410239,7.896923966580659,7.9852477390578205,2.125197767266404,1,train
7.814833850203252,1.1284094714206716,4.6288231449888,7.429316980993011,0,train
4.356018808996237,7.989299682854471,7.389871164252715,4.605879742854305,1,train
5.046619531687027,9.981577268325772,8.7712674617148,6.399135369205081,1,train
8.421632074404002,6.939544016227151,5.634498566522627,6.097001066998869,1,train
7.887296355020267,2.505581854399772,2.228483826459306,6.297372219480579,0,train
3.8953014011457725,7.834103071325103,8.064052078838396,6.241335175598661,1,train
9.07525143965677,1.8497066742006492,4.153772292511772,5.55098799149983,0,train
4.803317814253532,6.793720874610101,3.936642544057151,6.294190456541362,1,train
1.3830138314653353,5.0636788863365325,1.1097427017943748,5.011406856738774,0,train
6.275559631487055,6.439885802942381,1.8109439143766557,4.2738483224669475,0,train
1.3514662889844236,5.796605912355657,8.475354289233518,5.798525915556696,0,train
7.865287833587127,5.043981543856287,5.083265062510063,4.7600733197509175,1,train
2.920909733344193,1.5305794186472028,2.15245119322832,6.482162180123435,0,train
8.833892890957934,1.2578504031231006,7.978806774444918,3.9300214892168963,0,train
5.146062500539199,6.57804567000236,7.843123827989295,9.142349377782033,1,train
6.284072178925911,8.645130732235307,1.553497727002104,5.493974333533571,0,train
5.452511882977194,1.115079995561588,7.244063495618699,5.90114158898423,0,train
3.7215089654452576,8.143432570344796,5.368029383531424,3.133153558269561,1,train
5.129161680328747,3.6564971527871215,6.390178696982886,3.157871608316719,1,train
1.979889662391776,5.0692837375984325,3.8090727284838883,5.9223978023604404,0,train
5.488927502892148,8.149740402212755,5.984289753264442,1.900654737954258,1,train
4.49126213253694,2.5734470936640914,2.715626464683034,5.084810815633914,0,train
1.373012025706669,7.626670170983404,9.43447422209275,9.04934240000727,0,train
1.3328662256144124,9.844019663430723,8.144340094713277,7.6670103548831845,0,train
9.469317297925057,3.8366421420071637,3.2397082443759433,6.5768402614929125,1,train
8.330078913487215,8.668205812564757,1.6459820956076487,8.783752648066155,0,train
4.835857537110517,1.8884534169899152,2.558999451777426,1.821307901602908,0,train
7.404530967023035,2.02734104482009,3.8636860464158813,1.6254966188411233,0,train
9.292186130297962,8.281925389518971,4.339247922831581,4.395594388096344,1,train
2.2204746914635054,1.3801636766320673,1.4315456304395808,6.798371453538166,0,train
1.463980229218674,5.0769357642955395,3.450007570703953,9.38745763398137,0,train
6.458801605719826,7.506092859784216,4.759340640348842,5.226145003860924,1,train
8.75904670986095,2.540725299445388,9.389485602727952,5.886557815044952,1,train
7.117518176470357,1.464124734361342,7.067330392290101,3.062638486492865,0,train
8.718477714677615,3.9931762834156794,6.871476068163205,8.21699316570312,1,train
2.414755821214462,7.719719697017353,3.167860071531564,9.87154094406795,0,train
4.9038344068732345,4.757579807636354,6.604972423082394,2.61618266577668,1,train
5.87259677572423,2.7799598796612894,9.893889030094941,5.279929981472995,1,train
9.674491511561504,9.365737074651554,7.024671077306663,5.63420827748065,1,train
8.59253164878595,9.40414426685332,4.931729574530665,8.395639300823419,1,train
4.238414627856779,4.144436469484153,2.2521047290652687,2.7125218966422224,0,train
3.3765878806858627,2.786248414367598,5.583904868148375,5.750506867173087,0,train
7.975367039096794,4.166330435345063,3.8144686340908462,4.80465204381983,1,train
8.300397760931101,2.888439374884641,2.4045449627177655,4.813354705917646,0,train
9.447371333556237,6.877090480502814,4.1960405523629305,1.388732080807617,1,train
1.1966534728489888,1.9019900762891417,7.811445940351314,1.0357336958823176,0,train
2.061126585895644,6.761400310812622,4.130550698997207,8.871080228292776,0,train
9.60271884538067,2.031020512336704,6.904405181371523,6.348260815006017,1,train
8.867050187904672,3.86492101159416,6.0172872446220165,2.223141951148798,1,train
4.128402755275529,4.263013552645411,6.251863143001221,6.56866763364657,0,train
1.1339638676725814,2.380853074652741,7.763129840728974,6.677583902678942,0,train
9.2612742543207,7.733445272267117,6.092387942710951,3.3664660178931385,1,train
2.9657891186478174,1.9393414498473989,8.62896374541594,6.820040402467468,0,train
5.055901928497339,7.268084472933738,7.1000387067565995,5.083705533965365,1,train
9.588563690936606,1.1318017634619095,3.4105173510545397,5.666489174945875,0,train
4.2401769519092705,3.4988730838233475,3.671412898273478,3.6220521069317493,0,train
7.71141131450529,9.687870625478967,5.7685437961749315,6.214140705958388,1,train
4.199665077923768,9.445687433011171,5.294601277956532,9.722448725805393,1,train
2.277196036932223,5.968609143081094,6.737765260683147,8.553591186355819,0,train
6.10389160638198,6.8536378544112155,6.600399407563749,8.741569642847697,1,train
8.301439236525646,2.9091021886459245,6.26348552077687,5.278550052185391,1,train
3.2438422853812847,8.17185791943302,5.5072529168869995,1.8141889533666133,1,train
6.155964327700195,7.741564003183902,9.240624374407336,2.6640597438233913,1,train
7.580227596772929,4.289844082040807,1.20756999785346,9.510421793514606,0,train
3.8567978420101756,3.616859857652947,4.874628389619029,3.701466075081281,0,train
6.091301259530879,3.512292122191705,7.021993022642118,8.420206890426481,1,train
8.89643324160291,3.971784071856977,5.453742655909188,6.607276238368125,1,train
5.546466113667102,9.814210830736945,2.7736672045211246,4.465967075494351,1,train
4.179410078852014,4.690982552122296,9.615783500334558,4.110165159513465,1,train
7.050117747635446,4.412594801157355,7.051202080036728,4.8165896135463,1,train
2.4782019088367755,6.785134918269358,8.725617827264509,5.669937742296879,1,train
2.430543738991311,7.319574020364125,5.377660450098899,3.860895482927802,0,train
5.588660545058701,8.351393414893396,6.937790180109964,5.873860156256018,1,train
7.138425697182283,6.765062577157566,4.557385765096995,9.827580633884688,1,train
1.3162234080863695,9.748887573821987,7.310413322490182,3.1210331128612774,0,train
4.569532279149369,6.906192425093979,9.073199339287502,2.7562409490376814,1,train
1.781931349465701,3.7393369289438088,7.1965078867060805,6.095770493820343,0,train
5.9316702270204384,5.104927143760515,5.106725519018645,3.515402223431391,1,train
8.606180999155196,1.9959851572919396,9.56489608093304,8.547363347889734,1,train
2.8371159219086883,8.097513953907836,4.3565641280225,1.6717816929245641,1,train
2.074145896247245,6.831279311001115,4.979710403374,9.285455202060227,0,train
3.6868748960977777,3.2628555980040357,5.619273437170136,4.126575674631581,0,train
9.993230651805298,9.692428837367023,5.8307349714354055,2.748809242962875,1,train
1.5699617074445498,5.054850577320339,6.185667460145043,8.184445234537808,0,train
9.457438166374397,7.444112782629317,7.981291722365085,5.300994740422922,1,train
3.7004530029308995,4.6767967640106285,7.455977828406104,9.018306835029266,1,train
7.896646028291881,2.66817405409373,4.5332130696536925,2.7596525994496615,0,train
8.890826199087082,9.966256037556635,9.011600642869839,6.5259811576400315,1,train
6.251483869001809,6.6537446942638585,3.8083468440997765,7.251818561585479,1,train
4.857771939803769,1.0938459607996602,4.430084491940141,1.8949855488021967,0,train
1.8586667141066624,9.467988163301582,5.4485587124732495,8.024137096686825,0,train
9.252665494042907,1.430622605118753,9.002610481561208,9.53886850508878,0,train
1.2082516574226645,3.7024363084025276,2.2164504642703546,1.6437976277724047,0,train
1.4324735394648598,1.4067716934865229,9.686282900620553,4.570209541851279,0,train
2.43470792501092,7.9438254235168655,8.912891969026331,9.649437210229307,1,train
6.297037618982065,6.857094512959458,5.983010255433594,4.250464579841162,1,train
4.7485713650359385,4.812179802256263,7.244446656402304,5.090671399515587,0,train
7.2610815134253714,6.187870258312762,5.365064059897271,8.821487381284586,1,train
2.8911297451021194,3.080513591247631,9.79025848025029,5.454146347999172,0,train
5.196414466263158,2.37277081436888,3.1871652144430422,2.4759547421278523,0,train
1.226585799260993,7.621206465467706,1.7627324040941534,3.0894475083456725,0,train
7.97633441617149,3.9676817139798204,5.458121030641636,4.898775370241601,1,train
6.39316129868648,6.27994935005766,1.7819360277270142,9.903028613616119,0,train
1.3426404041867006,9.328339933285154,8.398772398894511,1.5502196180327767,0,train
4.083049865896667,8.659991239849708,2.6473059393412512,8.507447600129211,0,train
3.489388508676262,3.8769087592592513,6.857033041440122,7.304355634967173,0,train
8.59971496467223,6.24178768047089,5.432805194859037,1.3040961407282485,1,train
3.4798352038573848,9.959532952391495,1.205901021992105,7.719858268675671,0,train
4.494149021012117,9.461504871921171,2.283714809335893,8.179017141038887,0,train
4.284734121439316,8.225043085510416,4.552142537215016,4.052087742745403,1,train
3.284286991194424,7.79873697743967,1.3870504169537752,5.0831675017773,0,train
3.374144982284112,9.94138537506825,2.1333348367929847,3.4522659751879234,0,train
1.953916058911338,3.944399345091033,2.4024003415886193,3.6512770636866034,0,train
8.656002530021329,1.7729896284888862,6.047215658844167,4.2380073147216635,0,train
2.409628344347423,9.67862893107736,5.901015878071344,5.251607741628511,1,train
9.096147521177882,5.914026954046092,7.682780200744519,8.334552577842507,1,train
8.766313963021268,6.150546869718809,4.862662833509608,3.8768900368618087,1,train
1.9218892308861206,9.16334695094599,7.017741992835178,6.988080474906189,1,train
3.3467091774315927,3.937931105111213,5.0802167640383935,5.008979917472899,0,train
9.727786126195017,7.670924538436091,3.565426803039191,1.877944873706033,1,train
2.9448026671842684,9.740443401819078,5.629307031243632,1.2376248118883537,1,train
6.347789365987289,4.270020859907735,3.0961103876082703,6.137824394090065,1,train
5.523709744369249,5.498393524612324,1.508379804366025,6.770127564726157,0,train
3.708254141950313,2.519062425340349,8.082640361441117,7.26592001587922,0,train
7.071223975533515,6.3230456991260215,8.624337329424097,1.9017124593076395,1,train
3.5944313903049743,4.767899875662027,9.733766967169421,1.2873244900923626,1,train
4.26079865214213,4.0854289092657545,9.710797404363634,9.285708049036252,1,train
7.125072753978818,7.255869025584232,9.60897167575003,4.266728486667754,1,train
6.000697268648054,9.039176555731055,1.6673528415358772,2.160206527324214,0,train
9.483046502679596,4.679190870297863,3.49749860041017,8.12081109729224,1,train
4.701960540466057,6.803845073858644,1.4172290886317098,6.048493608451367,0,train
9.83257434318931,4.84433166606993,9.637580159727131,9.317916631746677,1,train
6.170022931214334,4.897678269899428,5.352477344082749,6.234742873183722,1,train
9.845800203284123,3.363174441202265,4.41149621565738,8.266039460353651,1,train
9.171789725464386,2.3460341004388208,9.769709444036518,2.9241858016445663,1,train
8.56185943323388,1.079991379748101,6.905712352005919,6.055126545040659,0,train
1.9795698173627523,8.170777257436868,5.746089522159181,1.3105135512872021,0,train
8.701127112896309,5.431197862232699,4.413612427994032,7.86110641585465,1,train
8.135360715681724,3.9094907568301567,2.147707072935705,9.270342738754195,0,train
1.3981051169789507,1.6692098178710577,9.41567255929229,3.985495622728392,0,train
5.339309816382416,8.122619231421641,1.8052113842877477,2.348320030419675,0,train
9.653499171750534,5.023132078067679,5.152725997475503,7.510970008721148,1,train
3.313025915095169,2.374535971587028,1.1268494653563512,4.417939554394188,0,train
2.2922313116333553,3.2973422465888955,5.433854655493707,9.247581432745275,0,train
2.369420810739216,2.9033826416272133,3.6639375351476606,2.4401596252883375,0,train
9.609838702730348,4.9120782822607065,1.784482418085759,3.631749856009143,0,train
2.298177078241835,5.237239209405296,8.722867057143654,8.464101222131637,0,train
2.075483037274734,9.983721314144487,4.6674806646337315,8.845358451395086,0,train
8.288549797313674,7.366083805612874,4.643730047930275,7.438713959151505,1,train
6.4509918788114575,2.6842550075511356,5.285905594686584,7.658708571295914,0,train
7.02192666522827,5.648046731459607,4.720901468323152,8.588567725499416,1,train
3.2490824148543935,7.4729916411944615,7.096608683513363,2.0746659480209546,1,train
3.194951142653682,2.9379661353873083,1.901559886934502,2.2568778572231047,0,train
1.0550507160844038,3.185207786473339,1.0717944015046375,3.948936780099913,0,train
2.243679230700781,6.336444467491252,2.8424809972035847,5.823831749330695,0,train
1.1823470050065423,8.92531737339956,2.921301309184113,5.479565878160374,0,train
7.74334628914869,6.846107051540452,5.3930167639890225,9.797989921829387,1,train
5.854697884944204,1.5186725015873868,8.098572624415302,2.812486159936688,0,train
3.0778154425305413,3.8509122557150266,7.329842467045446,2.4244470777676623,0,train
3.741411161025161,3.472019934250141,4.913806557597958,5.067184496883486,0,train
3.077568092725918,5.420938459637799,3.2529533056268214,6.473344072015527,0,train
8.460598048560144,2.620978631373985,7.622316563636475,9.862279727039697,1,train
8.294604661692969,2.9429487521416764,9.481215502284241,8.502292547066158,1,train
2.947970256805074,3.1223115586541765,4.871832853228735,1.6383208962519866,0,train
1.7350823480891546,5.922677876625672,3.6282658937082775,9.954200726819234,0,train
2.0606651695551843,6.006545698466722,2.8386543680630862,9.727078889866279,0,train
4.129469612009065,4.19342325580803,9.651750848815801,7.156323020248392,1,train
3.953660386082981,7.228482101047796,5.522554869168469,1.237333929461895,1,train
2.339938784483349,7.27853963444966,6.074943902785462,4.0522215370344465,0,train
5.919344699817439,5.475060739125768,7.382248091144627,4.193562521541887,0,train
3.5182642907631227,3.294432288059318,1.5383111919828467,7.290003048731533,0,train
8.760631393593135,1.1071743695509457,4.712091128805053,9.910101963285058,0,train
7.364794553158539,3.516630847696983,8.720017272227796,3.6122221932727103,1,train
3.628489725821783,9.448645685351233,3.4303290126276074,6.2688592967307155,1,train
6.212590500839425,6.354494832796722,8.803401119453877,1.3517311137747565,1,train
9.792335799846018,2.762157328287646,1.2405698603760538,8.54000975346589,0,train
3.7483619935691603,8.763715029275494,3.85284756580035,7.555985016505874,0,train
5.739853136758653,4.593185471802529,4.033929289768002,2.443111997748012,0,train
4.8758282431180975,8.22820928746274,4.31215590572676,8.649397181347183,1,train
3.5144986997514174,5.948573358702023,5.656910722000469,3.368002786936556,1,train
4.41015567558104,1.7315127284473761,2.3744870609962945,7.854739597897579,0,train
5.419120632448438,9.673282024943314,7.8630692178378,5.160295587196402,1,train
6.2479487318016655,4.138657157395839,5.380639762846305,2.0661832573054477,1,train
4.948313563466006,8.309398674996867,1.4425083407504136,6.817282017544926,0,train
8.959786652381403,9.221388854025303,9.36075155860826,5.692312310607413,1,train
9.086695991930252,5.409275401159017,3.73151861762581,9.771318729938379,1,train
6.061325287281567,6.702273459403888,8.183796961052403,5.634322497869694,1,train
8.579854120157787,4.259079035423669,3.8850645554078587,2.3743860071298974,1,train
1.0844331065955204,3.800282008973034,2.237375767467939,9.125091207610787,0,train
3.698832549613889,4.099135386868747,5.372574334784501,8.110963057716692,0,train
8.00683355730965,7.167743913145758,4.872299918526906,4.943745510540587,1,train
8.807824081210402,2.5322735677662687,8.568953550842789,7.440594757715441,1,train
3.4804354365016597,9.043548145030966,3.40999358155839,3.1989806485287673,0,train
8.295792950279012,6.6240929251520795,9.937980783708896,6.967111214562084,1,train
9.88655383131422,5.005881381434088,9.482987007451449,8.51265239270351,1,train
3.2013287531222447,2.835172183532399,8.003165348555948,4.685880003861327,0,train
7.927982800262979,5.575328497914572,8.547392155468996,2.2165604476844147,0,train
8.259086262569504,1.9865691395292837,1.6380920526919769,7.350225202114981,0,train
1.6259003414705675,7.222594838764377,7.666457377861543,3.327670293298068,0,train
5.232219474329897,3.9330921479225953,8.84626802891122,8.205942364824168,1,train
8.294574469423472,2.6027059656496694,5.967823800118188,5.905672936020632,1,train
6.949940947533907,9.844169943404825,6.508735667459377,6.874381139216303,1,train
8.369389074621267,3.8356046289679644,4.193248187226992,5.2533443283307895,1,train
1.1061663243769342,8.38800627901824,4.626270211675151,5.886850174699158,0,train
2.0741828123225714,2.1053023865572036,2.9671632242879062,6.809787335617543,1,train
4.091987297055972,4.884961753290482,3.9497697414167092,8.61131494730844,0,train
6.807223545463943,9.666332274193811,2.978567295646896,1.1492150289864647,1,train
6.991882533839658,2.096590501392878,6.187397436336893,8.576348424454004,0,train
2.587547164067655,7.083773347590344,2.127753527560197,6.83346385981117,0,train
7.216912971874395,9.733760942323999,1.7277847323512154,5.248884336631565,1,train
8.153652059171696,7.44320627310445,9.95343871568016,5.789808293709956,1,train
6.470050185182291,1.0430416347121878,6.6202753067726325,3.042852581168448,0,train
2.0955433351131427,2.546318581136047,6.6297200096102396,9.137885523753395,0,train
7.748161257077421,7.317518310716931,6.142172558400727,4.439457057704066,1,train
9.649731110075917,4.04683327533435,6.6435590225131715,2.3269495969830682,1,train
2.9766725120515076,9.531774307466588,1.5934340030064762,9.930422655901376,0,train
3.760705125050605,2.3108578732888017,7.907087742306364,4.7171979523795935,0,train
6.423743727382003,8.11617033114858,5.9986952205855,4.3216603298565035,1,train
8.186450126844326,2.777971902053391,5.073160532486459,4.456983018091959,1,train
2.924897403236828,8.602203327310384,6.8296082602673645,5.424762178449868,1,train
2.7721525183630833,1.995450716403616,3.6393768587258193,7.463974252324939,0,train
8.25291327206428,5.466316031617625,6.5505141721266,9.220225744017064,1,train
8.776653001404283,5.127502275492255,3.6874826435617,8.634022369461348,1,train
6.649078553765947,6.419671350656993,4.122777522962288,4.195426968885197,1,train
3.1403850940800773,8.196965616396973,8.939920168454263,6.855931252295621,1,train
4.6014683189453764,7.595567118557245,8.30473844306457,8.081016002437964,1,train
2.7678070828571433,2.1508561308207144,7.3259419732297575,7.867168621332934,1,train
9.629018724817112,7.739563356667573,5.66227536908585,5.930322464491402,1,train
3.3471210484298806,1.1352119833479644,5.34808862388252,7.108147302376373,0,train
8.88337458174522,1.6567914811878954,9.426791013406755,6.700398605577726,1,train
2.983472166115012,2.3350525702318636,2.5225494718737838,1.4442451823543963,0,train
7.0542570964305655,5.513530953267268,9.666187110755343,1.3405433124230106,1,train
6.865427822315954,7.542072211226946,4.010539376684203,8.742984519993486,1,train
8.260935439521495,2.4320385803890545,6.843020807527546,1.3833366650685353,1,train
1.6323459663936841,8.49852946177306,8.462496875982346,6.983794391024082,0,train
4.094654740011351,1.6872128359300145,1.2208153303267286,9.479768928839677,0,train
2.6956142399942578,2.6575575393828506,9.844406468229806,2.1982219175826447,1,train
9.898156599109306,9.233481387857168,9.891909023656604,3.7397549841471998,1,train
9.969338524906618,1.0118441914950627,5.787409263112116,6.33677007667384,0,train
7.082293111234926,1.3015662867904134,2.9837653153449724,4.256180185053472,0,train
5.12232796773618,5.285286012952806,4.978499083715757,5.743462454305674,1,train
2.896156004779305,3.980540957068632,1.506422982101467,7.790054224963863,0,train
6.877048186685807,6.647482897192031,6.946633951303285,1.889605680401194,1,train
6.123721784263405,7.397468282297661,4.024611353860371,8.031341186387856,1,train
1.7449663637467587,3.999302169277993,3.7789034050026435,3.5719440515329417,0,train
6.594166744940189,4.1468151249722585,6.146205424532919,3.10617698762202,1,train
1.8204973219377036,6.376052345619757,3.1956770648065973,9.299170082690335,0,train
6.294674469205425,1.6212526745406692,5.1012885302282385,9.75242689869844,0,train
3.448756529768505,4.219559047737194,3.1260340846822867,1.6472823862785515,0,train
6.169963437164015,4.633607952626724,9.766926867507692,7.503963562600445,1,train
7.635471119079183,3.897209729145427,8.43170596933216,8.258157898752058,1,train
2.116628658577625,8.020963091694052,5.0549993396952635,8.963896625399713,0,train
2.289391285476798,2.9482925474155652,7.108405126896366,7.544891883000257,0,train
3.0279664825197883,7.040715828875385,7.645795932687853,4.965356031551203,0,train
9.071493326603974,3.5114176742392242,3.4137134183262665,4.795513927508731,1,train
2.4056461364355837,2.6923399530280263,6.937848980502661,1.518087786302159,0,train
5.924241535929096,5.003780720912934,7.403963277435858,6.269296246620486,1,train
1.103803114755656,3.7433055568340703,8.035972098425283,7.134585864222459,0,train
3.0621869600617533,3.722322897332136,4.23714244651488,9.44609707018496,0,train
7.142457667207096,4.639492286678823,7.085593841655355,2.970311130365807,1,train
4.338206078247513,1.829730704943065,7.9972857333492,5.642398749673984,0,train
5.223907458620215,4.600379090503699,9.714061187974027,5.379613396387577,1,train
9.12527828481867,6.245706982560692,9.841007012300933,4.724451375607236,1,train
7.1413491336438435,2.6432934344399204,9.588759711659218,5.801457334143526,1,train
2.7683699413866982,7.151499931789155,8.236560530439643,9.666773132769993,1,train
9.320643514587315,2.0730557392057163,2.347359529906268,7.32518728145394,0,train
5.812114545213598,9.591784892758213,3.159976964544261,6.521870658540342,1,train
9.175491708092869,7.485433306179343,1.8177465237775268,3.954319612795836,1,train
8.946808965575386,9.318001576791204,6.187282308262731,8.89205354778635,1,train
8.676442648116764,8.767702890027067,8.587230667728884,2.283234448125984,1,train
1.4902508999464037,4.9117495427297255,2.9821274143865075,6.50479389020065,0,train
4.091209005155856,6.944937921420811,5.021873904662641,3.9096862296296324,1,train
6.721390217140896,1.7164207349719864,6.12638289639591,4.627915890491612,0,train
9.348018103084849,6.862658687143406,4.70701658290661,8.9409197361599,1,train
5.219182354636483,8.29110546002255,9.516594053371385,1.5257484465811224,1,train
8.913962961470169,6.281476009144507,2.234437033246234,7.966796306135693,1,train
4.686806263894657,5.282961973592605,2.198841684589665,1.8359435038899758,0,train
6.17900239270565,8.073779229925094,6.12039630597971,8.59421225460242,1,train
8.363176905335283,9.596940771619586,7.445281785826395,8.757089017866392,1,train
4.175241387342178,3.824106661800733,4.143020730146278,7.440545396612802,0,train
1.6403376029266994,6.1169254456173405,2.8373705164719656,9.456544848289594,0,train
4.002842643861426,3.751211877338089,9.578742706147278,5.054465583706032,1,train
8.37530871582889,5.932524209509136,4.543648572282877,2.6323530670119766,1,train
1.6246683866064018,5.708886604392746,3.4874932575206254,1.6692033807720619,0,train
1.5227108395139246,5.53140409751127,3.007040643155432,2.0669842316782985,0,train
4.62259555505428,7.490583237538471,4.090339834315335,4.759239868088695,1,train
7.085548743710793,6.427655378668705,5.530299059962359,2.540957082388215,1,train
3.4260409111263055,1.267915225129094,9.77415472578055,9.16527811748666,0,train
4.318913250199548,2.145202845718642,1.4302153124527073,7.054411854460431,0,train
6.1692418673770355,4.278131694393977,2.5307436856025913,9.69759763190329,1,train
7.655620052793833,6.55287268722802,5.462244615166076,5.85974398832039,1,train
5.210843147551168,8.472601231553298,2.55573870868299,3.550200751444229,0,train
7.1192469496540545,1.0905197722051865,3.3844152915987595,6.284058969306582,0,train
4.817280264151094,8.903692736963063,8.107928777044584,5.81488524213921,1,train
9.253971709020695,5.7857734640427685,6.174651136921725,6.981683502066001,1,train
2.257357916393646,5.628992836911399,6.718275805476398,1.7878332432151078,0,train
7.979721450601533,9.776030084508866,2.068195626635972,9.73604862508531,1,train
9.488120323384999,7.009298219661606,3.4160249954248942,1.510895503265548,1,train
2.774724750025038,6.873192722609256,2.086208277402648,6.335588779928079,0,train
9.954515243639621,2.656759299423867,9.775377281081777,4.794757090984406,1,train
8.425151353844335,7.07859117374549,6.9480311180937475,9.156153785928135,1,train
1.8447827403442822,6.807542832977027,6.748415776206694,5.625207900050391,0,train
2.7964684961854824,4.729262113740897,3.116493190569696,6.906522380572243,0,train
7.893871323007461,5.659635827079259,8.914468344793328,7.354081054352185,1,train
4.059633636149504,7.196859645132971,7.8392196456528165,9.549273164041326,1,train
8.215263809882213,5.034588974384282,1.4250365830696792,8.001529364257756,0,train
1.7417434206412303,4.742974626487227,2.512536072542133,8.17746159596772,0,train
4.306524817111608,3.7175419979929822,8.940277547123685,4.070304715724549,1,train
9.593345885977042,5.494317720943923,2.0508028912822294,2.882339996619895,0,train
8.139156879711708,4.489349634837008,9.911799681201195,7.256871374516249,1,train
4.014408143495013,6.755266581732168,2.648065553671517,7.596476407892644,0,train
1.7113912983424808,8.73694371917611,9.390765595483817,2.191972832018308,1,train
9.851999555243156,1.8892068054463524,3.097550551510273,6.322434886689464,0,train
8.568175438149076,6.332923000292147,6.313913773140006,9.776444049849292,0,train
5.147288392629635,4.007867206208582,9.479575563889101,7.554083942149802,1,train
7.393832672129928,3.061521252690749,5.571133178811413,7.093043989715261,1,train
1.4922482961614152,1.2760252893842383,1.0798547187870526,5.421129970535187,0,train
5.211094349926122,3.6603296666464584,5.7011805800057305,5.151572709678303,0,train
7.689645152430388,6.9245280008092776,5.638035639623082,8.239869982168521,1,train
9.433926828314096,9.452193808262313,8.559615378559387,1.6010586079604292,1,train
8.851478430048921,7.680079718008237,4.986794098069142,5.893993083664581,1,train
2.468711594439514,1.556862250346586,2.5522897767756296,5.127367702169531,0,train
3.8996745518622165,1.6099463976949548,1.886453538114871,9.953117879744044,0,train
7.234101012159365,5.994497154576691,6.735606964490939,4.927661562073703,1,train
5.74495395881081,4.247183841484068,9.50569711734227,7.309350725392519,1,train
9.645848294928763,6.10823635368692,8.752760523491348,7.093821419326451,1,train
8.95616585504907,4.799834026075661,6.470068006747026,3.2138846030207087,1,train
8.867697267593272,8.042410991459539,5.144006905107134,7.003790943262139,0,train
9.971602498536003,6.7719800400486765,2.4999821498804953,2.8972407080454294,1,train
6.265258198603058,6.1433687840051014,8.758557630119263,2.11199637338692,1,train
4.368865561209581,9.131753970750518,4.678841449401963,1.8536082475000135,1,train
4.379570069676937,3.3292586350402846,8.711924915705314,6.001781475343548,1,train
2.56841623720158,6.174157999457594,2.2460759328645024,3.5036232951754425,0,train
9.390566010455125,3.6243029247848733,1.0770850248305162,4.355184084483787,0,train
1.2789167826604348,9.61027900977362,3.3210010927815596,4.706541674089205,0,train
8.54219796083219,6.360498532961208,5.764043632840517,1.8679003356315977,1,train
9.876457528350652,7.019651627022622,8.052735597078364,7.9214005418650215,1,train
5.740527288697391,6.395452929023564,3.353810780600449,8.46418477324823,0,train
5.555283938917194,9.93732902168989,9.058395677487201,2.5646267121873443,1,train
8.677370302510134,8.791115530006074,5.587706604466442,3.9732786681587178,1,train
4.009920748419841,4.880975146068997,1.5881511660031191,1.2477589616849365,0,train
8.677158719370944,1.6657448593135813,1.9596299142730311,8.183927397390677,0,train
9.532099413546584,2.7733807163158195,9.659798360643306,3.3546542391908023,1,train
2.569553467296112,6.315526263063487,2.0253269373843685,6.217273287810513,0,train
1.2090472802073147,5.886517191140826,2.217764628244303,8.68718278092901,0,train
1.6395292697300206,5.165907799471086,5.917614560777299,1.3381224953441242,0,train
7.491130275058124,5.272375431082594,8.814345797142352,7.370951578655697,1,train
6.862381239689786,2.7145049120988958,5.405506796439744,5.885935332035197,0,train
6.310472652223812,1.0817868773166803,3.955444833584338,9.848758819041072,0,train
1.3307135652473967,9.438956739107882,4.180410801730772,3.99384733967317,0,train
8.20423446253535,3.564087071678539,6.148308041809565,8.215997169719842,1,train
7.384862434710034,7.134620059149011,6.090878853393947,4.7187743111066185,1,train
4.683895361310604,2.618570724659992,2.5332912487346544,6.3664675566992495,0,train
2.8178935404828898,9.926511529659688,6.8709386312264,7.785536972285419,1,train
9.904532117756695,1.8258292641721579,2.9636001007400066,3.9867701857313738,0,train
9.29517163877861,2.0845938882779937,3.001315257088678,3.3193567278865386,0,train
7.799898048981087,1.7135462080223474,8.60453824849743,6.352690439285349,0,train
4.20375848697415,3.9893695448032234,5.550761058090037,8.914662793488354,0,train
5.101541662771904,1.275337735526933,5.375543219097371,9.67856392957781,0,train
2.211934948446963,6.894051891633313,5.154495452358192,1.7674981056566588,0,train
7.081656308742406,7.146244699778492,9.582404557421947,3.566361022622617,1,train
3.915224737748148,4.881947980190445,2.539769484050031,1.9751470097344792,0,train
3.6802081913542093,2.034916967328892,3.9386651637987957,4.939162183588703,0,train
7.777983350872377,1.241098020773706,4.560076307531772,7.181800790703899,0,train
9.090886276432872,7.090015258180098,1.1378030839648998,2.390274108511729,0,train
2.206028524967508,3.9590681851991336,3.4838240356018826,5.185394790482091,0,train
1.0595033575194246,3.408401632025627,7.945674413163792,5.2948105705939925,0,train
9.42278283280706,1.0644541664760738,3.638239202412173,6.212931993475965,0,train
9.257657705425961,8.187412523439411,4.542401036465205,2.292467348022786,1,train
1.6407352885826119,1.985600091855833,4.065402188501377,7.1692172076107585,0,train
1.188037498813391,8.558137498677285,8.204789422987705,2.881117317253857,0,train
5.1740962614292245,8.757624938532256,7.636240680492996,7.133358949166785,1,train
6.493416225972191,4.640527484220582,9.509761494110633,2.4891635841459085,1,train
3.768211818281217,5.7665651425067175,6.493172386305339,9.064901993355019,1,train
3.7763698708788214,8.812302330990644,5.179911133117784,1.836681278536851,1,train
7.39569403328218,7.05713981432238,3.896754232298478,9.255178912258238,1,train
3.5741333270675937,1.0233416825331518,9.740571046805934,3.016438573045543,0,train
5.946031818985001,3.082767931133124,9.293984232532582,1.602621795533428,1,train
8.204106609065786,2.101032042136292,8.419880049078264,7.187045909786493,0,train
1.7286240023010726,8.599691549053677,2.928366012147949,5.048929657117489,0,train
2.798955959378766,3.332010568743558,9.556084618806496,3.1122481131564164,0,train
3.210927894434705,6.1467114201813065,1.2062356047225573,5.156675412572438,0,train
8.005515653062115,1.2976531878258408,3.674971146869013,3.592215231240921,1,train
3.3717814202034235,1.330977068105438,1.7488083462000386,1.5969277846324572,0,train
9.705082823668366,7.6518896514906345,8.850609650710364,9.590225483970544,1,train
1.998995821765063,6.18779321921403,5.264995650514032,1.754798035141253,0,train
5.186929805042302,9.236143983608624,9.625187412444019,5.721535650896862,1,train
3.1693170137428632,9.595992899693131,8.178226326725522,8.791026986795716,1,train
3.0712049757811917,3.25209647978048,5.861402446825577,3.4429757901122318,1,train
8.415944632832153,8.464451853249635,4.4177099580505,4.428736761529707,1,train
4.151772462067704,2.917618853892345,5.937356841840522,6.053015459860064,0,train
7.061194584044769,6.603320033265503,4.178260329007667,2.465517691624429,1,train
5.536680001953535,9.533463432634935,3.039169888939394,6.139452475897228,1,train
7.061940496160645,3.2265472019117962,6.208929456273511,6.4623909441733165,1,train
5.1731862038273,9.88643070937127,9.422363754617965,5.938319455441037,1,train
9.590111531972118,4.9499987526894,6.4601989166651865,8.43005381965655,1,train
5.667834510093181,2.1321131474655948,9.163077927183782,4.2971466126455695,0,train
4.969551204191379,7.771359191316662,2.3334048474582003,8.517367418985495,0,train
5.154435124343606,1.4930288371255818,8.805296712163255,6.64972875078209,0,train
4.756446773362195,4.283562286136426,5.153821534735568,6.927707574862356,0,train
5.27650972461772,9.989110289898207,2.577341632011111,1.9333610701453678,1,train
8.516175810962334,6.209585186048875,8.956469361924666,1.7306837098224779,0,train
2.9568755966987785,2.7745275545017956,8.411810333545528,6.283104054869285,0,train
2.45445940886511,2.8639223322849827,6.483142821896812,6.7772116868509995,0,train
2.3353194544703575,8.840167260074814,4.551256341885474,2.84879133403147,0,train
4.646739314398857,5.209496873520593,9.569134844145013,5.104616304758241,1,train
1.7902239887436013,7.683300529135266,7.036765695012077,6.719847798483918,0,train
4.937481157730711,1.4792128418937402,3.335017037279841,4.398496261919149,0,train
7.164370365924972,5.201773879468042,9.140408035521649,6.723824736896321,1,train
5.843841186168816,7.395157821468317,1.5768397487653898,5.251827760648254,0,train
3.6330668186310575,3.306445457862696,4.262692363613843,1.7677214062076207,0,train
4.655916175747001,5.908545561027344,5.582626171492125,8.421463497445721,1,train
7.395208073919398,4.716197703233782,4.096918518888584,7.508602262860606,1,train
1.7838310564803104,9.370287381476686,3.648049932414806,2.713380623721661,0,train
7.866154123692499,6.795024198586294,3.366630607518541,4.336544097388275,1,train
4.522315862590915,2.074234481596552,7.389661133899409,6.8697751152478865,0,train
8.712667523213483,7.23494986084247,2.6617976795682887,8.190192683818202,1,train
8.158017932933907,6.9966733760834074,2.6145875320341894,8.107986554383057,1,train
5.266462628678392,6.8524670532172385,3.3536713346887423,6.200144435287593,0,train
6.039560995206641,2.029836786461496,5.8388885272322355,6.083722430389766,0,train
9.36857492009873,2.9248217833915384,3.1930527813182765,4.085783859978954,0,train
6.858452596157404,5.2842491080760405,1.7330893514564116,2.8220447265240223,0,train
7.247650585649936,3.0785990779964627,2.940731992734325,3.3382462055733217,0,train
3.36625914141053,9.858096909079196,4.987484271552946,6.211058620993675,1,train
7.429781454397717,1.629200473543208,7.410455422984413,7.4130267763681195,0,train
1.8901410741465619,4.097066332627053,9.774299564449871,6.389848118536195,0,train
6.198428334349758,2.348945203032326,1.1456834577337325,6.851602068000302,0,train
4.057832124147214,8.600680793740821,5.88047636851188,3.606500463893745,1,train
4.1215860884708935,2.3317572503403374,3.8506948523173605,2.5779882358858623,0,train
6.917272950440109,7.753383915710478,3.707936065813549,6.091220939015162,1,train
8.597001431408023,1.3374345144687263,6.773381350804039,1.7823295006001647,0,train
7.220554469007571,4.704152593580177,4.434505145759724,1.1729628912051253,1,train
1.7634495090238538,7.694331859036601,2.1078127310989805,8.444597703506094,0,train
2.2189733705624524,3.269111187208521,5.737628271019042,3.694535294074888,0,train
4.725990830669282,3.2535885938257425,2.309725175871189,9.22128008641961,0,train
9.05843509705764,4.884329052519565,2.8438149067510383,1.049308563783014,1,train
7.761157188668724,6.640956087530362,1.213908234440607,9.23401627735658,0,train
1.6841003070803724,9.150236175990972,8.978813966867566,6.517216416311414,1,train
2.5798227892055516,5.3609889038682095,7.656726618366356,7.279220316665661,0,train
3.0527828536560064,7.334525159770324,3.7068862564383798,4.243082182968374,0,train
1.6295000249587095,8.398005465818276,8.768677174822226,4.743837142242983,1,train
2.9065272258775385,5.26367948860218,7.339142210427843,2.1473396015584956,1,train
2.658333769655952,7.276826778091016,8.846467262989929,5.27976263084019,1,train
7.769938284297551,6.658874328430521,6.486428664422497,8.082122794660421,1,train
1.3146604687753087,7.857092901443037,3.5411746676376596,7.6689494913728895,0,train
2.643041337061143,9.039147141662955,6.295227636125072,7.143688464616255,1,train
8.16467783326429,4.610087376471168,6.870914933134573,5.190590168265727,1,train
3.6884812637262385,2.7143328801086066,3.494951869960886,5.924326988114235,0,train
9.474565638100033,3.1573051541146,3.8580050534540957,3.660131818037901,1,train
5.506191412082432,8.799041965529083,2.523659829943772,3.334790864440612,1,train
9.640112660011138,6.3695160115599725,4.4457805128409,9.25392588567562,1,train
9.160810941964948,4.653455810310154,8.34798743604275,4.747943752386383,1,train
7.584747877303755,9.909579173906183,5.094530737819596,9.902304767185525,1,train
4.966939236477799,8.874774848794752,5.682626083857829,3.810823180396529,1,train
1.5582612721771838,9.460211468197896,8.730827451826467,2.9785415561987083,1,train
6.2937823713012495,6.069270080752194,8.929908745260914,4.017573503602742,1,train
6.005864522955615,8.006791089841618,5.056609375781225,7.446907999318175,1,train
2.941053200508145,3.865762875479167,5.589355804496527,2.1793583340413996,0,train
8.435375011413264,4.081838713270001,4.963928319535549,2.2271101464223966,1,train
7.9400233843480486,9.715626604255167,7.086888607613773,4.283004152365634,1,train
3.59205885300113,3.0524684213728897,6.212662141982779,4.156847108587311,0,train
8.895218893808392,8.53350355220498,3.062396573464068,4.022108095927007,1,train
1.4786919802798566,9.513883199479388,1.9894187746991583,5.388745696700412,0,train
3.8003669865145495,8.821187601632598,3.879764509569207,2.121653516075273,1,train
9.399420168267895,5.639098204210648,4.010927342845061,3.996305431844672,1,train
2.627552914994268,4.1524506262263134,7.20936784567986,5.884387246755372,0,train
5.156378607608271,9.509441634756248,3.5393956383997573,4.5266861715851245,1,train
5.840022737716633,6.862116401132687,6.217463222699612,6.054520960180456,1,train
1.8616246362491018,5.997991365206332,6.1660187514684806,9.061088999693016,0,train
8.109379511046583,3.261023503532016,1.1460051783740428,8.694460317716004,0,train
4.5653660215714496,6.903446301846332,7.790139943654225,5.824079071278623,1,train
5.152304399400893,9.318479186140076,7.571635843195202,7.175533636043213,1,train
6.1581038967315544,3.522878052710939,6.23209441918657,4.148992764715814,1,train
3.816758461278106,3.561357310956253,7.401314737015212,2.7183368008782915,0,train
3.825468020814016,5.6445988497816915,4.608428018288608,1.8446983834921826,0,train
3.967440522535693,3.419019929664198,5.638029623827629,4.498047544724368,0,train
5.368881269189433,8.543264635863691,3.219524539792861,2.5832965875080847,1,train
8.698932565800733,6.21302838934057,3.8041748477554487,9.695358966920054,1,train
5.583422259335547,7.585096199933593,5.86828443107623,8.77973609916678,1,train
3.8540260975935374,9.397542952869301,8.22624451015919,4.8757726566313515,1,train
1.5165942256403437,7.6007447092321625,4.1690095902033235,7.950839590015947,0,train
1.0027147844654327,7.078968635443021,8.533379531212255,1.7181231872896006,0,train
9.0533919591335,8.910077601958303,3.4167434157447234,8.764468936401801,1,train
4.232150333118935,6.763754769143801,1.832351427591619,7.104589265012421,0,train
2.5716583011777674,6.440062613364799,3.40724519552293,1.0749210439616403,0,train
3.1801019606220375,5.10073406554686,3.9990746777878865,7.170573610881623,0,train
1.252001054468097,4.567259573680397,7.056215592236044,3.5995154061272046,0,train
2.4239749547922784,1.5076009823532557,7.559402953755327,2.889438684252484,0,train
3.3972366686110447,1.530796677698937,9.01231024876492,2.5426757276062126,0,train
4.865851143620873,8.14660778871759,8.430334321947461,6.07985302953144,1,train
9.62391555351828,4.967260490953654,1.3912693877826725,3.274725543807965,0,train
9.68177331142132,2.210691446846156,1.3929607723576043,5.6241552251131735,0,train
1.2455556131205663,1.309347398619669,7.294993266312902,4.41387655289887,0,train
4.5594189667216325,1.5067226031829386,2.0146806965070927,6.479757345703945,0,train
3.149290061178214,7.633459145333442,4.090397328629317,4.920336201230979,0,train
8.180985969262963,4.5218606257139635,5.635551319383762,1.950860493171508,1,train
2.7815328351771815,8.404634850822184,6.026550289900515,5.719469918388031,1,train
9.324390987793265,9.567432775468445,1.4713085149828369,6.411515370508761,1,train
1.4959999384203497,4.372987180149593,6.230755637867175,9.450044459312018,0,train
2.441756526720516,2.046625122098182,2.3899440328505634,2.853968127677189,0,train
8.346228458488264,5.380846601820357,8.635995085129345,4.194435748001208,1,train
3.999235269378554,8.171041102974577,2.4808206742662717,1.383471446432591,0,train
9.73843295456419,1.3924967418500716,1.4810517976894424,2.4073485157932217,0,train
2.5056652288664405,4.209332945576163,5.709331265149707,7.608067367160957,0,train
5.589063686956917,1.6342398439710717,1.8119344153650698,5.111447859965871,0,train
3.1939451309876494,9.302665344191023,9.015334836416038,7.981816740169241,1,train
3.3337338234147498,5.682276171991023,9.877138263525136,1.9660353361890943,1,train
3.1315340491115604,1.9338978198812555,8.460005190201695,3.880778336137192,0,train
7.4998477084447455,6.303881392783537,4.368327727226201,7.157685415491067,1,train
3.3139022698229263,7.728916286397405,2.9696932195878913,5.975005872605277,0,train
2.9827479453703503,9.075633076641282,3.619580343328015,2.6153346925436916,0,train
7.0300935154316155,4.793820635391534,6.803188474178837,5.6114643863813,1,train
4.943784322152891,8.233326120615407,7.814315822572447,4.619623523877292,1,train
1.7078954846751693,8.440350522907014,9.086191821813024,2.28045853283085,1,train
6.766264782020394,3.0382664578073535,7.227645461010138,7.750706415506855,1,train
9.457717621928715,1.804041120370623,1.7295866384384175,5.53301322600172,0,train
5.934259731890094,8.811532121062685,1.0880329821260633,3.561719874322747,0,train
3.5620233568216646,9.323475008569085,5.756677889588508,9.144071032939449,1,train
6.489299508064042,8.781111578454475,1.6107142778985575,1.9318443388454236,0,train
6.180686991190012,9.432770843741391,5.621987167157718,6.897090678974697,1,train
3.853874049980832,5.083170773743935,8.467185359909987,4.099982120431703,1,train
6.564001234573892,7.165541314478052,4.5608259308010854,3.038492010582457,1,train
1.8350296163166337,5.951541858995391,2.880943953357325,4.408513102707619,0,train
6.915501846413153,6.254510376986353,4.494431698451101,7.8277359684505186,1,train
9.17575406067815,6.917193987085374,9.98631826942741,4.763106889017402,1,train
3.1431864974338026,5.17960901594698,4.471615788673171,8.809018890610398,0,train
9.1124742440441,8.950039951772247,3.9928181376452208,9.586320017362093,1,train
7.267517842696589,7.625446594082177,9.414367430440661,6.807085529877684,1,train
9.344302176477271,2.186422260815782,6.400211290369808,1.713246079210652,1,train
7.182524010314753,5.451605713085397,2.2256658585442377,2.9481758060353895,1,train
4.390349241883758,9.70326565393418,6.869837165359891,5.601470519724107,1,train
8.828861013403374,9.76608932976854,8.143080315356148,2.9676830628012434,1,train
2.7133410668581224,4.223655333238801,8.391747515545731,9.137045093491405,0,train
4.51256158996401,3.9977828449935497,4.810694232411343,6.352308642417688,0,train
3.252106501813538,3.5687389974913426,5.845471812780587,9.653397855129331,0,train
3.482373338111093,9.357716660503941,1.1424489088168281,4.36332854080067,0,train
7.7995694279253325,6.4178985004442834,4.922825434417719,3.3524941006411257,1,train
4.0048472516228895,8.042580996939051,8.374430714074224,9.388420873411064,1,train
3.4147023675434403,7.539396105824349,2.8926745830280582,3.219136139505039,0,train
6.897469539171458,5.105616203108143,3.686407806176074,8.958133328832904,1,train
7.566409417391197,5.218922863380679,7.507528483867537,1.280997434723763,1,train
9.12811771977121,1.2821384615287335,6.044717257689017,4.763364195951277,1,train
3.596164053694131,2.582290656577366,6.3704808792906435,4.620302523365859,0,train
4.090417355945079,9.914139426585656,9.753437835799497,7.502833098820264,1,train
8.786110770401732,8.685652687672443,1.2979587389479568,2.928130439022614,0,train
4.645034933495584,2.823815040607722,1.203005378196703,1.9655913219012733,0,train
4.631684488888081,2.475517699431922,9.84164841231878,8.47058910934149,0,train
4.207614427008042,6.590231652274967,1.6531691870078848,7.385771358919203,0,train
8.690218032997556,9.787016788503553,5.941199198151518,2.1930015924628314,1,train
5.568962686752004,5.65454782510038,9.301650934180296,7.59838545340531,1,train
7.48720005108916,7.487525399923793,8.866501304907775,5.278601123869481,1,train
5.8193473347319795,2.8426709290238774,5.124336805265018,2.469406149585307,0,train
8.410368729433014,7.429667232119468,5.50998842070578,4.0151670255907295,1,train
9.88549811737978,8.55760003550235,4.457183248274006,3.9294435221751653,1,train
5.469893242639401,6.379232633100184,5.760110063178151,6.7240546804514265,1,train
1.1046340264352623,4.20451596691465,8.279654558057045,8.237323595372779,0,train
9.212491865067946,3.379009084940221,3.8900455710836197,4.956150325827748,1,train
9.726039072299466,3.0499560543601234,7.266080486212311,4.504286261565788,1,train
5.1872131506587635,8.414626053590034,8.443772558670968,8.50463187028927,0,train
1.4583423503223458,3.4406585460863606,1.2377285227759256,7.437848121926887,0,train
2.6723328648304276,9.258478613759474,7.107186680970775,1.874101895194809,1,train
4.255366371769505,4.465817521569475,5.702651804818183,3.3167092638185744,0,train
4.717829069364104,1.3836172969571576,3.9548963467917906,3.57164681167106,0,train
2.878895162795095,3.0320821020170037,5.549627771306226,2.9593259156568097,0,train
1.2472802294420686,6.501678921138487,7.347067600529127,2.8638310125784594,0,train
5.894642571153004,2.9204491546507136,9.850709996546568,9.152248640677106,1,train
9.711510567754313,8.034196038945492,6.4679415887241465,6.715328437919734,1,train
4.176936445750613,7.564007894035979,8.71089894846164,8.818494968427668,1,train
7.6736049899669725,1.4600987740660711,2.902324825795116,9.208132861384053,0,train
3.4168949864291966,6.893498829164072,8.915463083900615,8.98925209563571,1,train
6.781711929717713,7.886404800912336,5.212872491107596,1.7876816212931352,1,train
5.684752263204421,6.319619770020452,4.490232103276357,2.9221496110422733,1,train
9.851117737782236,4.621251048370132,6.273206147535835,4.95182918292296,1,train
3.216270734500991,2.117627845172497,5.731516591335702,8.364890502405867,0,train
4.323628797383753,9.851594043955409,9.996847868233793,1.8765261011251928,1,train
6.232738037017018,4.155835752114735,9.102225205998046,5.424795590890003,1,train
4.442115442478057,3.832057385052406,4.602408038669516,1.9918473501002514,0,train
5.933206587560727,2.2150008098261003,3.424037987591514,9.412252258800155,0,train
9.483572937749212,6.813251466955683,9.92818508875951,2.810331111945564,1,train
6.931653972666315,2.9955826279738513,2.272528574734086,5.703308788963712,0,train
5.5070532054505845,8.899396946941511,8.21361609394452,5.078742766596919,1,train
1.0391847718559104,7.933880142395154,5.710565468911601,2.922117560591308,0,train
6.25621111459819,5.337776404487115,2.4363052751413528,4.8823483409454544,0,train
5.5531037324197365,8.906446297752794,3.21034246708154,8.88518194130114,1,train
2.1138604061215744,6.388680632550326,3.1143149730293147,7.907908903119168,0,train
4.790035165140397,3.831817816410129,2.4310790499643837,6.8255273041804045,1,train
2.9832805625104335,1.2692686660581585,2.3353956899274575,3.0437215521842877,0,train
6.445919327856695,8.296815777030417,4.699401725220559,3.83867421511841,0,train
7.91590507824562,7.9374075653775655,4.517734550964531,2.3641937854217234,1,train
1.0192225106708181,2.9611745474042586,5.671853740596681,8.317379201670143,0,train
4.1504797414037125,4.3337930950493515,5.5184747778471195,3.881373117158465,0,train
9.904594890605138,3.2238631299027753,6.201059827852248,9.745518546203899,1,train
3.0392498540881165,1.5589623996008688,3.644831026619765,8.784112400165423,0,train
9.801271019239675,6.5530695228663545,2.539058970426932,6.541579322573385,1,train
9.248324379382757,6.7373487268343295,9.896929843031657,4.319376390236963,1,train
7.934883610559991,6.126609868287968,3.917050884071017,6.349369925658297,1,train
4.897188617631679,1.772387669152665,3.1135613364905277,3.572342684164723,0,train
4.061746452822955,3.083659203863133,2.096536334418376,6.563482970680232,0,train
8.036092037110063,5.079458480713779,3.8998067522948365,3.644672642074308,1,train
9.39293216446345,2.6693638539719946,4.2513446115882,7.84890230258983,0,train
4.92769260377337,6.026215895195826,3.8345851840558502,7.312599689899578,0,train
6.77660178476764,6.884954959005517,4.437261841243558,2.5749692719823223,1,train
4.57156145828151,7.900014711135291,5.916642959928065,7.524921957102342,1,train
5.930186509257041,8.92670359376823,8.80799988969408,4.07115275130151,1,train
8.948332426589243,5.936087214871527,8.977386766059055,9.107525398037508,0,train
9.716525928771803,6.308580718766576,1.3626519212201877,3.773615400648658,0,train
3.5131431571417044,4.373925566508069,8.967129061937626,2.1268416524316835,1,train
3.126041892886159,3.6098429352533454,5.065289565869404,8.206577352763901,0,train
1.589654035263959,2.6898609808239065,1.5152729682016917,4.3047514357731504,0,train
2.4848361915830584,3.7201779636302357,7.704819253331401,8.963424148188942,0,train
9.079087859436557,3.490497608959886,6.024694364512514,9.871175007077882,1,train
9.369867947559483,4.5143615002602955,8.398774981821557,9.511086538376908,1,train
3.4227417203246455,7.125362594820621,7.257384733831395,5.058480315714246,1,train
2.3341645090190832,1.5519496026653476,9.17615298368847,1.6025636601751008,0,train
9.272935435430291,8.151197733388326,3.104794157503894,1.4584145634876173,1,train
4.462626033894962,9.69418054619334,6.815962754743798,9.122395483501865,1,train
3.0251352476234943,8.667292846100823,8.612293775285858,4.24980915442381,1,train
8.380193790310727,8.700759460255469,2.9418052448312895,8.00404892438168,1,train
8.751614312775104,1.8439124364274488,9.235557062390484,9.156130504938876,1,train
8.603025823892933,7.4476914093542534,7.115598339902408,5.272179375800153,1,train
2.664404763528703,6.543441764293971,8.459895313961056,9.332156192068974,1,train
4.984678056936984,5.79328470081763,1.5110022504544482,4.650441585573798,0,train
2.411852551804068,8.960145456509206,7.390521215606868,4.885435403456559,1,train
9.44747262066767,5.677716958137906,3.341855219058103,1.6744195618909359,1,train
9.69038999091683,6.30634635507866,3.355246186365023,2.165427482084257,1,train
7.668368661088326,5.715900758279428,6.855175199305118,6.226846117301106,1,train
7.218778024378709,4.372481064069112,9.475707224776192,5.689154725363031,1,train
1.3648565007647675,7.994776881377286,8.311355428653883,6.67755025552832,0,train
3.4815216836658975,5.638574414625544,9.229372950475401,2.4230922287468615,1,train
4.974775697747689,9.575583703504176,3.0097648550177425,7.767868429224609,1,train
2.4005740937869873,3.988609145646019,6.172112679455677,8.532427973574656,0,train
5.00312990118273,5.197646895278631,1.915230128906483,4.020843564489017,0,train
7.653879879022399,9.206173200994483,9.249145977246526,1.158397483061274,1,train
1.9018371611831633,2.2483087746158645,2.2278924143164645,8.217753904748921,0,train
9.138915439359813,8.635084506491607,7.234151943820696,5.762331091116539,1,train
8.031929551052222,4.994168850502687,3.5594437501349243,5.075987009364919,1,train
7.841825741757207,4.684081802367606,6.8259362020712615,6.398440569481278,1,train
2.339825919239529,3.964161358806362,1.2548548894791893,4.619656366477564,0,train
7.788140222036894,2.7498381512386105,7.500199838095913,3.2411929324042648,1,train
7.5954159888812445,5.242950239870785,9.89001802617391,2.665214099211802,1,train
7.937258963739636,2.107948788522346,2.8454925706976475,8.483868047764359,0,train
3.4019890715496217,4.0212723729056945,8.030055202589153,6.186127514818328,0,train
9.66231625909576,7.55878569981418,1.305063268971132,3.2112359585957315,0,train
6.341434449123486,1.003525388527847,1.8313953083663734,7.985804335920156,0,train
9.813888592246888,6.609212218456646,4.1427592068996315,2.0985841611522376,1,train
7.964335525457986,1.2522984117757252,1.6731955869071258,1.4086203995532836,0,train
1.7750734884131152,3.8144566273428793,8.092009765927656,3.851041790441591,0,train
1.9840805041468403,1.7107351269734146,2.3642785082198206,9.33370437986594,0,train
6.3583863284425295,6.871583282749347,8.776430097150502,3.0354856104919854,1,train
3.55932599280234,2.082548239279819,2.8117117459680014,9.245574949503906,0,train
9.393983877296478,6.79398899361385,9.190059530822381,1.8281845156998568,1,train
9.300349151726648,4.738000559076691,6.340025542662798,8.942374075095918,1,train
6.4465291877970845,1.5574383586330585,2.6949580081082765,4.99230449302472,0,train
6.36414201288026,2.172221018853463,4.200187624894976,3.6548595124257583,0,train
4.677611140284435,6.508680677818045,2.822366270667292,6.90247756727087,0,train
5.578463107474146,3.393442901242521,9.3080536432889,3.0977183703585736,1,train
6.1682738008368165,4.364036996929369,5.688364534967471,5.5300010595929106,1,train
1.8553474617735022,3.3324557076110444,4.522980880121393,7.818728820121156,0,train
9.373418694788535,2.951113247458967,4.227608075294079,2.416885392678177,1,train
3.3737815125391974,2.9910312686823572,9.242852674088702,2.453287472266275,0,train
6.188225094578864,5.353957998892527,7.267564239109038,8.076371318413642,1,train
9.288009862430789,8.074551238803108,7.7028564960081045,5.169475902562254,1,train
2.500220411714147,2.735820158335113,6.850077865677644,8.470131058831502,0,train
1.9744606926593278,2.1950326035904926,7.378293038309576,5.859089734968716,0,train
6.690022128164398,9.915934835465036,7.492330407562961,5.8020536734727575,1,train
2.396694574872586,9.997613607717089,4.405490912974967,7.977319193851875,0,train
9.173560736458532,2.560520157918389,5.467515511303154,7.81105098486938,1,train
1.0695800535791782,6.474846477316266,5.028326133693193,6.112156361996243,0,train
9.02007256672338,6.120843441809259,2.3428129010122434,6.528161252506199,1,train
7.360006748646861,7.138186839193016,6.006669546168871,7.9352041179285795,1,train
8.766472056125853,9.390125518787656,8.743401241355453,8.47078303033142,1,train
9.394037986034778,2.486512927791999,8.031869379573557,4.877961837759777,1,train
3.801817442939286,1.9197086591351489,6.905045768239137,9.691023380355132,0,train
8.306493446887337,5.333264518234172,7.267322404450874,9.094745401390412,1,train
3.6649045050036295,4.584769024720254,3.2369152875705733,9.643613026298747,0,train
7.1326486412131285,4.881157229095214,1.5398047822806538,3.8326131342870107,0,train
6.955064849029797,3.1128248374831067,4.583597569139805,7.917268717085859,0,train
6.863028024690866,8.472293714146385,7.130339895276498,7.861957970644173,1,train
9.638461421805937,7.69959923463886,3.7324061067811747,6.509523238594719,1,train
7.8086788926556245,2.778461994178665,8.704094356474105,6.920202094659133,1,train
3.6685748329409047,4.808421873516835,5.0574183565545265,3.429449341127194,0,train
1.9575217655367148,5.328899387250772,4.260544456245652,7.043936667800487,0,train
6.414657236578884,3.5427291736080333,1.617974536321725,6.201500051743482,0,train
1.8545024352546013,8.659358404913505,8.59704810715964,6.856632903340447,1,train
2.8196800878156405,7.301030031819343,3.9926135144931543,4.213994894131434,0,train
3.565982676520397,2.8590716896466186,1.238971923221435,2.8074271146770275,0,train
5.680279693365748,5.173957258444313,6.207995085167614,7.110794269645189,1,train
2.0759424516976503,8.594022219584689,4.053823794349624,3.1561111597216622,0,train
3.779503811170654,3.8620149872313227,3.959658613132503,9.160477058069082,0,train
1.8889175961719245,3.007818079043631,2.175486444819896,8.463212323559954,0,train
5.546359390631532,5.220123559169233,5.657366915635276,2.8840713504436866,1,train
8.65877332164816,8.064629429016382,8.705692180105416,5.8654398836739565,1,train
7.7081764067884375,1.016192479170577,2.9293004675894485,4.001867157517184,0,train
8.668703393614138,3.9141200200750927,1.386438811999363,3.242214138748038,0,train
9.448413902761406,7.552961971170202,6.4812525387729885,8.650094779828542,1,train
9.506528896731375,2.8121166497350005,7.525146929765605,7.834293781465389,1,train
5.062403417663753,2.491516777745229,4.6652070733858455,2.700559068261919,0,train
2.4827816196629264,4.407528950152626,7.328428853737601,4.289581818258222,0,train
3.4896940856695773,6.461093327214664,3.7378000216552207,4.209347485121201,0,train
5.270504488253446,9.498012135643185,3.8881158255521115,8.958148574585731,1,train
4.007919737134631,8.978790428569829,6.491848152333917,4.711490593151048,1,train
5.193341876154662,3.7527591011341426,5.293932809320132,2.4127250403049207,0,train
6.61877130965582,6.461972196408957,5.570165119354929,5.813309912135878,1,train
8.448084764447833,4.1201907661876165,6.729311150482924,8.916205104368494,1,train
5.71732978966491,7.604817266869196,5.362457854148793,5.447474963777809,1,train
7.128860918342809,7.277105598438071,6.200366551652899,7.814732543361942,1,train
2.6029720301732353,5.537925425159386,1.7801753454826046,2.611363208628147,0,train
8.207457992059865,2.462682915363427,9.529733876948114,4.807228132887733,1,train
4.737372559500457,2.104980681415261,9.418456078564537,9.945632735605471,0,train
8.94464521156906,2.0235792692935948,3.7475527341390134,8.747642473717619,0,train
8.123703984100388,9.04325799563799,5.241893997233641,6.478365614893595,1,train
8.897510489817154,2.667475881959557,5.308433073368566,3.415392724222636,1,train
5.272187092842433,1.6960485235659546,1.886203514160552,6.973132195830122,0,train
9.927978831633698,6.895600339819667,9.951481555745325,6.54287368141802,1,train
8.532718665793961,5.72638828531392,4.995289323939986,7.912369949685221,1,train
3.919171943232005,6.710226085814069,5.155608001571583,2.7932852358946065,1,train
6.611183882421051,3.8904343682274627,2.441933982167489,9.663155517693236,0,train
6.803707706383018,1.270835074205949,7.993236972532355,7.006046290509509,0,train
6.5404414035108545,7.544746247595295,9.90716444172811,8.543167560696972,1,train
6.8035407309913705,7.600408303802352,2.5427556914043628,9.131177095401634,1,train
3.7761901396613347,6.7620536644790805,1.1413303199592089,4.072409972546291,0,train
4.574855780692351,3.214111415017161,6.6004908159802875,5.3731332107978895,0,train
7.149223657861337,3.5397587647508897,4.633274472849562,4.796817096979031,1,train
7.349020672283935,4.581545184991726,5.3688514608899744,1.0014296668044762,1,train
2.688746961830663,4.644961103736092,5.143083753755821,8.258410791439706,0,train
9.846742479947634,9.86925882216736,9.135674392166473,8.143571562902732,1,train
7.9377458610468725,6.392903354467036,7.939386109478931,6.066304548002544,1,train
7.901810394459311,5.7831702621346155,9.92689512133658,3.1788324225206432,1,train
4.394431647314356,7.228093167749234,5.982529214968913,1.490801669136349,1,train
3.174631694153799,8.526014122146734,1.9857798556438602,6.223183431658234,0,train
4.2319546143930555,5.883006447840241,8.203403714064663,7.306572401816446,1,train
6.446427885053656,1.1336419888625449,5.23466943828747,6.494730266779598,0,train
5.715712136755952,7.160007515652361,9.229582065629298,8.34632015620472,1,train
7.706553506997889,9.621510596614014,6.6604284145065655,5.370568407596478,1,train
6.978643327249432,1.7278705132148529,9.498279053757342,8.204234541205164,0,train
3.8127759834405737,2.105293450566685,5.023191333180552,7.675997226745982,0,train
3.0619576511656232,3.830060463230652,8.626602122458458,5.797167123403969,0,train
2.017610098412495,4.467521795350471,6.464966969427925,9.132189862456617,0,train
8.178131274338245,2.4856761861682255,7.327886626036261,4.164089585304912,1,train
5.870088106179175,7.788282038901787,3.0741844279626327,1.5155142946099855,1,train
5.454948138901068,6.276309585938951,8.280268773784918,1.988356363252426,1,train
7.496701143215786,3.018964700299438,1.6894666224224288,6.691440606433761,0,train
9.339807301457276,3.496819311375576,5.628642805010842,4.181498667806849,1,train
3.489623691755577,8.760007095336757,9.302784971607547,8.765031190040633,1,train
3.743495272230136,2.049581729061027,9.575308385785222,6.902845463876676,0,train
3.9740644100775313,3.1457516073987684,4.018324913207432,6.577759778276971,0,train
5.182016442235434,9.131482863331057,1.3120593963034803,2.5292321189442424,0,train
1.4629818162817316,4.109777800028372,9.363731024417461,5.8670118624430785,0,train
3.557173270292582,3.1871955475352873,8.804232900874219,3.8257206921756657,0,train
1.2981680538967404,3.2971966577564853,8.495707511435544,5.573615517144613,0,train
7.345436504314997,1.1708709680513882,5.539058463155022,4.002430860824882,0,train
7.007489908079095,7.406309902080265,4.020235616373875,5.706464898320409,1,train
3.6515681090098053,4.735531502977726,4.984550832255192,5.020330562320386,0,train
9.18867206399645,9.47644356605635,2.970824569543558,5.184314678514384,1,train
5.003228028817424,1.5453745718082228,7.559753388757649,4.944777556753687,0,train
8.591618253126594,4.933039731134933,1.0078912763931358,5.239108247280341,0,train
8.645007663862453,1.7887272493787876,9.442999563966202,2.7136010061496476,1,train
6.807447238399617,7.636982783805589,5.0658781768798065,9.181086908595036,1,train
7.651416357211288,2.153440753496972,4.379915005025432,7.029230244287598,0,train
5.2394830043351055,2.99827566095917,8.9265722914262,5.285367343640891,1,train
1.815866553513628,9.570694975506967,9.373613080517686,4.8834090910838395,1,train
7.637061427476889,4.418406775908086,6.543775468987617,4.70778549642762,1,train
5.54846284808387,6.878579995920566,6.082458586589276,7.775762812033124,1,train
6.2307242096281,2.8651581109615543,8.79673632067256,7.749836925069395,1,train
5.688586420770713,3.708887744028702,6.068340407585339,9.506385108494477,1,train
9.839486831261375,2.545045679606436,3.210416800123408,5.693415152921161,0,train
6.454324716142781,6.128270400015329,6.670636759069544,3.822989167269975,1,train
5.879448429149184,8.275942155475617,6.0714377425716135,9.442694417612955,1,train
1.6901261477195253,6.282546909203236,1.1788217905676914,5.754051412113207,1,train
7.847999364696425,8.266060360772133,1.925895298691556,6.223905726277405,1,train
4.2974201683493956,3.0305316657594963,7.609784075223976,2.858876764018233,0,train
7.841294392922774,7.3206071211762564,6.590795626097848,4.444059912157905,1,train
7.006232323309846,6.05739342971389,8.212095982606204,3.516140468728218,1,train
7.579454423547779,7.2107051606427275,2.8301807435236483,6.690034695448459,1,train
6.230348623557043,6.824561112418451,2.792018308665608,3.0954014417388676,1,train
5.4669967275395,5.788698461422699,8.732783797291102,3.97986950059138,1,train
9.885524788091377,5.616281780981543,9.929931655393428,7.673841619048487,1,train
5.882398005417251,4.377314407961556,5.358644873282274,1.1100175137176582,1,train
6.6142360079362765,8.221126324155914,6.802089928990484,3.4271100336468736,1,train
7.0760612383822785,2.5149836809902424,7.460512557248823,7.555409523984011,1,train
8.84804517479826,6.366669076298035,3.0538467580640623,7.779779261755265,1,train
2.612047668243859,1.9086154246989082,9.1729248228309,4.8556296362108196,0,train
4.595403366676016,2.1618046728019538,1.7819387069005412,3.309217582174753,0,train
9.16557601098586,5.536259309547076,2.7554826482993455,5.781678829375803,1,train
3.217176814176036,6.504618685397946,1.7201476975378687,9.484692503284402,1,train
9.751541675175476,1.4009911207294063,7.081307578451193,3.636242393169543,0,train
7.363437725062483,6.011796407403322,7.939847987775968,5.846133295696827,1,train
1.751291973128831,7.224134421632467,1.6216526342468345,3.074146086762619,0,train
3.852146598838079,2.205765534477191,8.361351291976806,4.918009760114287,0,train
9.187046790317694,6.2204057294342325,4.958029174990937,6.465159740962089,1,train
3.015588209769416,4.2433442239752015,2.4769470515597285,7.873708931738861,0,train
9.529213529597206,3.663797269163773,3.545052768718259,6.242784554357842,1,train
9.358471412763057,2.9278491272017924,8.796673164311494,6.329355008143329,1,train
4.413287598201277,7.79111828407688,5.850842448316783,4.714259493159577,1,train
7.586383103638527,7.107681346643735,6.384704502684696,5.231771486943332,1,train
4.411521771838485,2.3376687606293753,2.2119168544285817,6.381779470572361,0,train
8.311464091703469,4.056270219263441,4.333303945812887,8.534631514795379,1,train
7.097244573589397,2.6091051441335233,9.162794405223945,9.374401423121185,0,train
7.153805589594527,5.667243362173538,9.690129397723727,2.480852723828403,1,train
4.873443688429726,3.294500805790512,4.231387334539351,3.8334635724325063,0,train
3.4788630002918555,7.359265722180642,8.20542233171143,9.812662121999022,1,train
8.8201205426002,4.951818608167439,9.171058997584868,4.337003843458109,1,train
8.043072457765739,1.7491623105731047,5.070086885844915,8.678739934390272,0,train
7.9041109851831814,3.6490716006142687,1.2810606226888612,5.185585150787404,0,train
2.412421947528554,5.940004119382856,8.459201275697863,1.1025171629647623,1,train
9.595759928125446,6.054244925365256,3.7327347598584755,8.419431408451052,1,train
9.451094826009754,6.3388976411684235,5.483649932717977,4.1275150904193225,1,train
9.277527113520895,2.446293691576424,4.804084953041023,7.37130082097941,0,train
4.799085479832197,1.3579679949928556,6.655422039716005,3.601146495401623,0,train
2.252311350348303,6.705673349656583,2.0387481484520187,8.401201789711777,0,train
8.815289131692845,6.946820569664562,4.890717049246642,4.183816886052611,1,train
5.881777191256095,4.976840654079793,7.917479863758938,2.364177904876647,1,train
1.2622945981974845,5.512199615461929,5.150171868931346,8.738623969664616,0,train
6.26585762054916,3.7871627107323254,8.028621897867776,2.5803345037609415,1,train
1.042015965430463,1.0008141865290856,9.955092524854171,6.458396951703223,0,train
4.709166907090735,5.9031471321850635,4.832314645094742,1.516864204963672,1,train
3.1049569273848165,7.657529098400884,8.886197738831196,4.367784883854779,1,train
5.997915630583399,2.7513631175796323,7.9312842044652765,3.499070015181484,1,train
4.354212537194524,7.877277413395146,5.337796083022876,6.0559679394594905,1,train
8.771450931160842,3.1940215899501485,1.713844354469669,8.012954139907706,0,train
3.683283528478921,2.124146474224024,1.3235918636936042,5.548437298698184,0,train
2.7338072701386515,2.702453919070642,2.259602452490949,9.111108197889948,0,train
4.817488247944123,5.492145114289702,7.1361963056659174,5.564748751271262,1,train
5.6163188306169705,1.7647349025063797,4.146581115365894,3.008162263370822,0,train
4.059194231326922,6.3185928882931455,7.7346625033806475,7.9957370269550445,1,train
4.965073690788808,5.230013258286536,1.33981312238808,5.186037211132287,0,train
4.628617032121064,6.408146375578079,6.538074484314095,2.8390239588682515,1,train
6.950176960969967,6.0924255208077565,9.537053845916475,8.540632211934641,1,train
7.597781662164038,3.2906233990625346,1.8514022160797867,5.901069137971249,0,train
4.771888251864846,8.110282110517435,2.318919612355076,8.629951265299068,0,train
1.7458069580402218,3.028324812937316,3.82370104062721,1.2705551622153721,0,train
3.1362974837178927,1.9771135246056477,9.187820966962615,1.9978353076323438,0,train
8.768668514619742,6.365885510416203,1.3489191655028223,5.719089725675309,0,train
8.13346650638658,7.3365056251410286,8.703877930787339,8.975126103763486,1,train
2.5164244918696044,2.568222423959673,9.146640389538994,5.967171441594658,0,train
8.756135752667495,6.250298275748644,4.375409233720462,8.906432205863656,1,train
6.067525729368063,6.467352680598186,1.2497939582488244,5.613708740625463,0,train
4.811551057280422,4.830092888005264,8.189346670681097,6.594175763383885,1,train
5.650126021631379,2.648633811986418,2.1624325341871815,4.065884410785538,0,train
7.758658019430605,5.469059533994826,6.711054541109997,2.347365149613894,1,train
5.734683952373283,7.2675105636711885,6.887709497787949,1.2861557295237165,0,train
4.488926322228186,5.913013185343078,4.2658449747131,3.3674521593065285,0,train
6.487437196476685,2.924901177872289,8.795858560309028,6.110262510893569,0,train
7.023560334759692,8.204069214673911,6.401065548114254,7.201954014414457,1,train
6.352880251833701,9.59269276344393,5.88444842432895,3.380525857268996,1,train
8.357556824269025,4.284964562398907,3.841940144285094,8.869977428342944,0,train
3.757183284944005,8.53047459853481,4.685339928253127,6.624140912959465,1,train
6.8104049473261705,3.4094630554663556,4.400702777486304,4.061953121186704,0,train
4.354818927003922,7.808320973099529,6.038516223446805,1.111983321526683,1,train
6.957874231680695,2.3059645525573718,9.096176015375523,3.7891089788308223,1,train
9.454139651644999,2.3655445181595915,1.1094728588047627,8.712235829378828,0,train
6.296836641490352,3.6939153089078878,8.368853551313968,8.549226655286354,1,train
8.390389419354175,9.971125589223572,3.956111192796575,5.716756667083254,1,train
7.820287060396218,8.511067086058478,7.947134764274032,9.586577933867732,1,train
4.830631227330288,6.010487829828615,8.131059808918474,4.557436945833686,1,train
1.285776203949129,5.5323590688777635,4.718176494980014,2.154796084415334,0,train
6.9433617426403185,6.477342378480538,8.681700025338916,9.736538792055569,1,train
9.07556339562639,7.543351458112705,2.1897304308772862,9.333988007490735,1,train
4.268822712287928,2.507223448256009,1.2829812719662708,8.367335711933116,0,train
9.29605312375785,1.843927021059486,5.07419117139013,5.934540480053189,0,train
3.4106734083203785,2.751429370412631,9.210688864501986,4.193260206596846,0,train
4.40106730171264,2.8358403792788227,4.705644670891717,1.5313987850603372,0,train
1.6115366622241387,3.3460980858414953,5.759011707566133,7.42954389625107,0,train
5.597204712306022,7.7273026545045225,3.7970706681587103,4.2356586398813025,1,train
7.740640641077942,3.6037287608799358,7.435503587470045,3.1383476620171797,1,train
7.497954564954241,6.234921144678288,8.59516623442921,7.188671254841079,1,train
4.52883034784915,2.8602186452920217,2.704066908154482,9.948762138938793,0,train
1.293451850943983,1.0338759079505917,8.160981598672517,5.835040826448181,0,train
6.03000898407168,6.736781668914435,1.7435902883861392,3.3702272430033093,0,train
4.399020940898876,5.8558701972024485,1.3922035307665195,9.640483613048985,0,train
2.0947975365605567,8.50385906494935,2.7073255177213977,9.079979956032059,0,train
3.565545128730516,3.001384737475158,4.510626158560866,7.594621235967299,0,train
9.170862383531642,1.129673291635683,9.810857228971766,9.794156899403895,0,train
1.467626326157098,6.039535412647111,6.8261397428799055,2.7831106038890705,0,train
1.9408086098772346,8.698355303862991,2.3400838482628945,1.1745563225996132,0,train
6.067289830978332,8.754043944897699,8.378671278188808,9.880686179914338,1,train
8.340960247392267,9.631448463592672,7.411687736289201,3.596549647486148,1,train
9.273488011985718,4.429655380506227,8.444415856294015,9.93373469747355,1,train
2.2836769108105273,6.235239755263412,2.9455042696042097,2.623868477341899,0,train
8.503464418251344,3.7655698408194214,9.208680457448718,5.195510119840802,1,train
4.348563256389195,7.664463817497748,1.8272520468025681,4.829906440674505,0,train
4.732223795528991,5.916882521638294,1.6012224434657536,9.8060933199501,0,train
7.536076821389585,8.541407840209704,4.422445865688318,7.237001457230457,1,train
3.134354526273501,3.646694146927722,8.409400243330257,2.812279904062378,0,train
9.497924797818769,7.474886077816054,6.792493609923174,4.837394957025784,1,train
4.427711583099096,3.9941672970302013,8.719512047379897,3.3539994380912783,1,train
2.041072244690742,5.605601270820513,8.994917231980317,2.280797035803765,0,train
4.577064138904493,9.52843088038689,8.007185214438909,2.781110423443438,1,train
8.784919691323939,4.292663492277577,1.7979306869123577,5.390618697717263,0,train
7.095352647513941,1.9911300650604173,8.137432268178891,3.3546206583053433,1,train
8.204546012162147,3.7603080397911164,1.6746792915091075,5.920615914929122,0,train
6.191747282306902,8.51584687742943,2.5909561119679396,2.6965961863250456,1,train
8.783478005448664,6.540018880612358,4.492999449067003,5.098624719427054,1,train
8.358365476082138,1.5696874899164333,1.135142148466104,2.3802117950439285,0,train
2.2447638082767543,7.263510456542329,5.348508285685702,6.293873773531407,0,train
1.6997442252652823,5.389414330857965,8.860117448174217,8.807574687653977,1,train
9.119433138897664,5.555865671409067,4.6744871094064155,8.192901292125622,1,train
3.319838416674883,6.870820895437681,7.619879106719408,8.301011878712046,1,train
6.19280344702498,2.565478912732599,6.592590381538984,5.196900724979457,0,train
1.210698306577846,3.234528604441076,3.3407257245267292,9.87386329148998,0,train
9.098955647310099,2.5868875390255024,3.588942715106209,2.4034260961150142,0,train
9.780654216435872,9.645442398886772,5.980552429664176,1.5821931162376202,1,train
9.077067247667019,5.477398610686311,3.1080598834466033,1.329724536944365,1,train
2.098719149100153,8.638031811689975,1.6463936504161225,5.137677048229885,0,train
2.285499648660526,8.76901316506697,4.2123287681816866,4.277569433217185,0,train
8.54545398703733,7.497396798844197,8.786453419411128,1.3606015686472914,1,train
5.200903042888958,4.464505556723008,8.806780290549899,8.12620661639071,1,train
3.4173764514066223,7.1288074934300285,7.132846531816258,9.1721335692523,1,train
7.13094316818925,2.4279057884034434,3.062419345728813,1.0289828042831846,0,train
4.888976964055431,5.155110212870402,7.190375247471055,1.9184081016501393,1,train
2.9712695769164403,1.6076375676499606,3.386605288793337,7.5371962237520576,0,train
5.721834936226148,9.102644896764513,7.35041406212779,6.123337258718699,1,train
7.462185569490161,6.661815917375165,6.162666607636134,6.077997927576654,1,train
6.465751942446456,4.944891671627282,2.3783316380364274,4.003486915436206,0,train
7.030171769679898,7.873933757698781,1.2693500794879122,3.3136030260753735,0,train
8.208091465145966,3.865538979127675,2.9017080946542393,2.007008577314573,0,train
5.5797824523092,9.884847479128057,4.47803308175911,8.163347067969891,1,train
7.87783441138602,2.2906474876889567,6.063613749939177,9.138848833202672,0,train
4.9716201001097025,2.654070284922864,4.750058425238388,2.8054141081619255,0,train
6.055169780417954,6.416693417976002,2.040728672739255,9.64572671241952,0,train
8.028939734672154,9.0478644461612,5.515866342866776,4.952482285505577,1,train
7.44778826362995,2.552845402354425,9.50837393641879,1.818564094631189,1,train
7.896167174656459,3.354527484112765,6.900418381283764,6.358524944385971,1,train
4.717980268210542,8.288283989403025,8.815380500635268,1.3067407644524425,1,train
8.668554904273307,8.73831401642018,4.887143065816684,7.743378332020529,1,train
5.973509293839787,5.261021204027841,9.928014124708604,3.5809008966886546,1,train
3.43595313604195,3.2018075494194926,3.2242487280105694,4.612940448904971,0,train
6.799310926610557,2.667140668477213,4.407759219595453,1.8014122760650437,0,train
6.31608248855142,4.75315329126336,6.866456597180088,5.616829552570613,1,train
7.55439115699501,8.782140694963658,9.355459619918012,3.2318720675572856,1,train
3.8184231172066685,5.72156129173854,3.7112981732010226,3.034266672083591,0,train
3.503119959515037,5.308890315694799,5.426810437269362,9.703546365309306,0,train
1.8208199323330256,3.6699045866354325,7.183373251606832,3.625195187075884,0,train
5.191768467742708,2.23981838406576,2.703170630518699,3.7927179499449615,0,train
7.632216756973335,1.6407123284396739,2.9451302159068753,7.450328281190702,0,train
8.069097263804743,4.324628560763577,5.066444458811688,3.424389211417875,1,train
4.0783302346450006,9.60660853586157,7.595361616389925,9.592099022668135,1,train
2.306253450645835,6.368319259162933,9.090435389256168,6.072871370863904,1,train
8.808025163035321,7.363502487316384,2.032246108875534,1.757500898234758,1,train
6.504793502758994,9.682181475948578,4.307715987361826,9.294448939092186,1,train
9.783740339365076,5.208362168772816,8.57281796970135,9.958232343920654,1,train
2.8198391461306733,7.278899220550984,2.867584126018298,2.942779426661326,0,train
4.720045701089219,2.1869909937737666,6.312208038931495,8.477386279813967,0,train
2.5245620349255846,7.093806760910486,2.9790450571995994,7.589840533660695,0,train
9.36591212430571,8.867524266968958,4.525573905921938,6.762644822826563,1,train
2.0862721104968616,5.15444930371016,9.038004537400601,5.157717987510416,1,train
5.754938208368854,9.850918469026412,4.342143425443222,2.3230440131118004,1,train
3.278348794113524,3.787062189151744,9.422993933553702,9.315687050206595,0,train
3.292754941694488,1.395768177896088,2.1931543968621394,8.787314608011304,0,train
4.658106566331908,8.008481573637452,8.592542913925698,9.729455035604435,1,train
9.948567023641143,6.1995505309046965,9.051123815180503,1.6213998290169034,1,train
2.031100042179872,6.142830557563938,2.147091020341983,6.243694568595187,1,train
1.4286544096067142,8.502272535466478,8.21339925924722,3.6489550087551144,0,train
8.922270836698129,8.768926211664372,4.49193335096667,3.1936219439027522,0,train
7.9698186378452025,8.337839796688435,1.7231056086412035,3.7236469727029293,0,train
4.647538534002694,5.354397372105439,8.628804518794567,2.6856499075997413,1,train
9.513274954055323,5.01097134412052,5.281731575008877,7.79893710475836,1,train
3.5958305663332566,7.503789895598573,7.540225250722984,9.574092182627977,1,train
6.330574026950419,2.9842892443385094,9.520981356877833,7.040749475230765,1,train
8.629166179498089,6.0021338468112235,6.786583068777049,8.600912829531968,1,train
4.827197134350012,2.520584856182066,9.408368106365014,5.998263879589834,0,train
9.118515178559361,7.744720179755713,6.394600755142808,3.0527004683618477,1,train
5.218686924449752,5.714052832377601,5.254784558580267,5.344380482621984,1,train
2.762896991622397,3.788332250379625,6.630580251200372,4.754291389240126,0,train
2.6104755587815323,3.0847012844988306,7.80217318312468,2.0299586450615785,0,train
1.7466419713839842,7.5023857563651,4.43419386315988,1.2569149335132632,0,train
3.591681923036747,6.5994550665906475,9.107382229816077,8.04732264398973,1,train
9.73908339145455,4.29023234994621,3.3802913245493995,5.196325460229662,1,train
5.294866480574791,2.515687141194868,4.364863913383165,6.80207639665138,0,train
8.969168586620125,5.211988985510443,4.758407500805684,9.248803048103179,1,train
2.4755463932413426,6.024428555411823,6.598370109949074,4.1388447890719755,0,train
2.0482999837289864,5.091079966228423,7.570632544478984,4.667474305260092,0,train
1.229599496500874,9.806638321138625,9.097166233924295,9.318244925691085,0,train
3.888859908008699,1.353635320435087,7.360929312137862,4.263009004864329,0,train
9.53732603611403,8.731122179097401,6.244329647155827,2.5287628235508883,1,train
7.903475967640917,5.1597053698820385,6.515827812472351,3.7017272633435163,1,train
2.1456356782986075,6.5560785438297655,5.806892570424735,8.551312126726085,0,train
1.8475903802899816,2.365629731230297,7.725982763448288,5.139153683468294,1,train
4.713571087262164,7.378168923231381,6.044187194812133,1.9314750670267453,1,train
6.4892551512662004,7.766133480005186,5.673824518426287,3.5794781615470566,1,train
4.55346222204789,1.4326979710984822,7.243328115248342,8.926940131810506,0,train
6.367911955479064,6.8997453991818904,2.4849031003387725,4.71881599629435,0,train
2.9231727072740723,7.415396756813599,8.025376592489788,1.5915786705174497,1,train
7.017680105829799,5.396832165784922,3.5172218993588253,7.649640420437266,1,train
2.616597765310219,5.198374892708247,6.05904920962861,8.342157797502242,0,train
7.745692609317357,5.68930976583616,2.9234019692703783,6.062706844815183,1,train
4.697995932083877,8.964523441300587,9.150297827509416,4.120933827797547,1,train
7.1139677982465095,3.419432725415591,9.837435845944036,6.306649359466891,1,train
3.5470250104907537,2.1034962897507032,8.44163432308078,5.188819883058225,0,train
7.627490542206489,1.8182992765261523,2.288759417794226,5.107930255428061,0,train
5.4019545802200915,6.299743471899566,8.003785022696349,9.26524195087285,1,train
5.457903544864224,7.999932521241283,7.095574109386431,8.714145194232362,1,train
5.131271910316035,3.781891683328097,3.866782657022315,8.674974603217601,0,train
5.148315318268981,4.202996125898217,7.5890599370591385,1.8797854629684787,1,train
3.0178420060844156,4.7494992282815485,7.06595801714143,5.660713912802573,0,train
9.10639759868254,5.795006095642854,5.178600143211051,9.085722784539817,1,train
5.77421536813107,8.593954413282642,1.7980210915524646,9.616982487806169,0,train
2.6199664320827196,8.269960406865964,1.164632694900741,3.370540024524233,0,train
6.738876440863474,3.0200644618244974,1.1818901110362867,3.3810308897313486,0,train
5.599813524751259,3.6525009538842617,5.327712212610902,8.501526592071567,0,train
2.984635301198979,8.015663674049604,5.526051340789391,7.686240093487468,1,train
6.254718627357419,3.1578445590343796,2.6009506364972665,1.5911436857332353,0,train
5.932444951106533,8.894445812409426,2.408376904822004,3.0546766962201257,1,train
4.652785912406753,7.854410197016908,1.7943844958198438,9.992542341624272,0,train
8.822433367935155,9.943408686100035,4.7892741930426155,4.072508626758686,0,train
5.43673768629647,2.447394574884015,6.5843834209509975,4.220131614594168,0,train
1.4969351303071243,1.0341895446399325,5.008876221771427,6.724862476814039,0,train
9.537165532085998,6.689418200585012,9.210057155625753,9.632551553912997,1,train
5.782997172745968,3.4925628108060573,9.275152581476107,8.845962583221674,1,train
1.6218768562522201,5.776846329108873,5.253623191972629,7.547666219684001,0,train
6.479806018635941,6.04127140333899,5.1815775467281515,3.760462071658307,1,train
1.4834663861425625,8.029875476689284,8.970083639674506,8.377979058705716,0,train
9.928418187757025,1.17430056579201,5.668383374363796,6.467570395359582,0,train
1.0838094035599832,2.4296129172365992,3.304272153727765,7.525457827622642,0,train
8.327449321471812,5.992936207520879,1.3129087687110639,5.054123775993653,0,train
6.9651202503465335,1.9972165332922023,7.201482164487881,8.10866736186254,0,train
5.774514770012988,1.6215999230623224,2.6406544422769422,6.754896323411988,0,train
7.867508331279002,6.097693277299396,5.631336786053902,9.500666220309391,1,train
7.665150352232611,8.426975495593014,8.407338275952913,7.3770640379680605,1,train
5.815604660427946,9.68732801582247,4.817223306124438,8.749824439367263,1,train
5.895406150808633,5.855713590391184,7.312335784846834,2.6184813201837107,1,train
2.316053588322057,2.700552200788211,2.240319714321539,5.727526697279486,0,train
6.150212478820031,2.3096995264667552,2.5762895333080347,3.65866612507783,0,train
4.989206921967329,3.739855014067509,9.330405681296332,8.06115568152173,1,train
4.821679333209891,9.70196088517965,6.86738537911866,6.935870354085528,1,train
8.599927718118103,6.562272994251282,8.916275316234493,1.9782473211753737,1,train
2.418052781099476,8.672653911116917,3.4451190517605124,9.032268644669664,0,train
4.538844488834297,1.0641310084924829,9.877700785252111,8.688958617750489,0,train
1.220342268669388,5.674726084242832,9.509214695851512,4.943856387375824,0,train
3.677644153986896,8.602334291961498,8.220216681735732,3.9663158530646276,1,train
5.906334041066059,6.589818391857866,8.20931982246889,3.4295860434269074,1,train
5.2187753276957345,5.746917314713128,5.645533722266303,2.892362301342087,1,train
1.2134116467129221,3.21712125847716,8.389393227727968,7.062787066586942,0,train
2.079676305767635,8.342197162233294,6.752923164413889,7.331009427705619,0,train
8.569056098828113,6.681649492206695,9.482532990861182,8.964462791128593,1,train
7.8449449865287555,2.3592306804759984,1.873813522092175,3.060912848286255,0,train
2.6785095132038457,1.7306628658780285,3.9116314906636083,5.18321064250652,0,train
5.386212065319368,5.337196049842459,2.0783646514072656,3.7476362370885123,0,train
4.35999728270853,6.773468217959057,4.506781131086166,9.162092292301043,1,train
3.7908360881156096,1.250552395831406,7.35816510533458,9.772577993148944,0,train
5.887847951534612,1.130255569907725,5.270230189508531,6.78392337732504,0,train
3.920955574308318,6.504771580493719,7.226899204345793,4.269019355006835,1,train
1.7338155685318868,5.588699881806028,9.818232616317953,7.038808205151786,0,train
4.683320754826478,2.4318280426797547,7.0343723447182365,7.820816334965514,0,train
6.146967190764849,1.0500533642324839,5.590464659990224,4.706953486650878,0,train
4.63834943904226,4.425817822900066,5.4968725456064345,3.957057013509413,0,train
5.208272338589786,9.10125357614009,2.641518330822969,6.2119597993979685,1,train
7.3592284745332055,8.03355680556994,4.378390581073404,3.508636648303896,1,train
1.0980438092429958,1.6249254725292102,5.529398694321467,4.471396830989903,0,train
7.6611885519054495,2.1501333528969977,7.930752737233134,6.9759012403998035,1,train
2.866989723324971,2.755988966864407,3.197433776601539,9.194556674567842,0,train
5.953508038645156,3.920290582613326,7.462153552829246,6.197600370209466,1,train
8.46743487763013,8.55880515652916,8.150246936444045,5.503489441444858,1,train
7.874007970371377,5.218042384643407,5.991099602228646,9.948897181933074,1,train
8.673167661033592,2.6477737445889344,5.168827546297973,8.03394020258537,0,train
3.965756224654802,2.065612419022512,5.458606712715431,1.1440802251909905,0,train
7.137185207522666,5.826786385362464,6.665677155881327,4.839541861051046,1,train
9.645474907013295,3.607541658630823,5.779005491382338,4.2297582686134385,1,train
8.69086896090942,2.152961996799466,2.0369607525296645,8.369077178148988,1,train
8.255694920166249,3.2904951361751977,2.7332140216157743,5.3114794246236325,0,train
2.1066271647364965,1.6882228867625912,3.5470135897033037,7.1653255616568945,0,train
7.974008005100188,2.507794278958434,1.2341477712415925,4.1679085550296495,0,train
9.541687303151603,7.31192435240206,9.693587911087798,1.3428794246850173,1,train
4.619639453830167,7.06353786694522,5.093093457333053,3.8538916620293033,1,train
6.27002664252735,4.6647979512421625,9.034856206274242,1.3239017656237249,1,train
7.927738403780134,6.499782290985504,9.192803750714248,5.677049824541063,1,train
5.690202452300477,2.1155937447422786,8.759757785986537,6.923067301483581,0,train
2.5593984563336574,8.783555533979884,2.803294684018693,1.7169502997134516,0,train
3.472189014915135,2.6899025666795957,9.719619674194309,8.392136855320988,0,train
7.4585716602344645,2.7600831725344372,1.51768694994469,2.154629839707356,0,train
2.9039666224388645,1.0810368057845623,7.702306736850186,4.989457525311517,0,train
1.4894911798081716,1.1727007555881144,8.905272908711472,9.72345919541851,0,train
7.821659166285042,9.683856004113515,5.033235758036842,3.379554009526581,1,train
4.986667101436909,2.046016783560967,2.140513272838592,7.252392584536354,0,train
5.177956522040973,4.542635751289918,3.260780431067933,8.729985325016393,0,train
5.877632375014041,2.747871703119872,9.53032343142094,4.5009496225468535,1,train
1.7422962874066021,1.786361835706023,2.5310871596369555,8.917162435177914,0,train
9.249687586825903,3.4633116138310753,2.5855122131575006,9.390457870932206,0,train
9.222452900028594,1.346320826659047,2.4172718551806294,9.189667874590693,0,train
6.089525084712847,2.574195284570555,6.641990287499114,7.987508631648597,1,train
6.693886179543339,2.8803250526740225,4.584640617677568,2.1223531271078273,0,train
3.7478755646346653,3.108610894477558,4.193571702493241,8.872447926681408,0,train
8.751619746693107,1.4905743686501092,1.6739880308483812,5.172402052996224,0,train
2.4989455467542028,2.3660938492549204,7.560899141884439,2.9580114158941653,0,train
7.487431063274465,4.961124868209568,1.1616594441541925,2.705761936785009,0,train
2.981173647420584,8.035710111169237,1.3317366418451009,1.8816527164202133,0,train
3.316730096387884,6.712104270345474,7.120962524808934,3.878270860930704,1,train
5.339118408218569,9.71082544931297,6.512480606439036,4.9380372691296195,1,train
5.875672567520466,9.686761136959534,4.365295849060965,6.591351559574548,1,train
1.9297542812131208,3.7723713417934874,6.431511920023779,9.141370412987698,0,train
5.690225110070934,6.28857379718841,5.559905308862101,4.757974375317172,1,train
8.875296102303453,7.4616373744464335,8.647494443984051,5.471637563355599,1,train
3.3711219649150266,3.058934064634684,7.502173903482161,9.63766942095895,0,train
8.699904015505506,6.323425626784272,5.517701640372389,2.2265627257801985,1,train
2.9436513794299866,9.145218060012544,4.155724941938021,9.838661172374335,0,train
3.5312385188450444,2.2572891333933827,2.058593566321086,3.9822956591858403,0,train
9.752765241651028,6.862606508187125,1.4967019247568945,2.7827169075756757,0,train
5.111752525586654,7.154239509931623,3.6561615733970365,4.00883646830833,1,train
4.39532350897003,2.452384813791798,6.124459252514069,9.271419249352364,0,train
1.1877463308927139,2.9809070797204065,8.78840682394776,9.859254270892306,0,train
8.797636159781735,8.335931305678958,1.1839008375036342,2.3571396182224595,0,train
8.555054603345923,9.692529345714574,5.501300965509775,6.6948441914358146,1,train
3.697729524372348,6.409169974933152,9.202892657267371,5.5566271070096285,1,train
9.82597748535435,6.163070808623088,5.566315630490143,9.71102045489003,1,train
4.231688903072827,8.441034100951962,2.0983502760984485,9.332811645309635,0,train
5.4059491876824355,7.20405615249418,2.232356355093774,1.4994806817040631,0,train
3.9845083877699983,5.725647146198846,3.334533985002528,9.237496196260386,0,train
5.553504891628591,2.3348588428304398,9.42086386666359,8.526749599039587,1,train
9.156854479240375,7.478828362054833,5.8499339155964885,7.847444269600023,1,train
3.53095221518069,9.565948844451356,7.137552031127054,9.657050006204914,1,train
3.375795956337349,6.869413810032035,2.7949466342816303,1.12045500661895,0,train
5.755420187116606,2.8654190951026033,1.5716248891680173,3.0646835463595,0,train
8.764061096699002,3.9676011289638016,4.69889028452652,2.0978251183130863,1,train
9.955345038773947,7.707730141075514,4.9304739539938565,4.208654005871556,1,train
2.5183678923133277,7.290176489670995,2.9063243137518744,4.517991051354645,0,train
1.230904407058631,8.500385248693322,5.713142011319502,5.864671490559993,0,train
5.699740293704004,3.3640163245104926,2.7455494917572527,2.7121443007666093,1,train
3.4599454118129302,8.849850347801844,5.250510423898739,7.02329447267586,1,train
3.8166356546446885,2.3099357488949894,4.536016066451682,8.565054769481446,0,train
2.3116107002783637,3.4253570153038555,6.742270911805191,3.7360781380148738,0,train
5.548978346108029,9.262680650913717,3.0811000202721694,9.250396671458823,1,train
4.108642933009361,9.882188769298983,7.3204824313906,8.15469188894803,1,train
9.9391226347491,4.011428095039007,4.400706403050075,2.879630946930489,1,train
5.889865487310043,1.732992245359684,3.831537457947899,7.508984723358333,0,train
6.584805979175385,9.360789714483952,8.700898266706279,7.418175635676857,1,train
8.10983411810132,4.741287661006474,1.4505456750876369,7.463077437800457,0,train
7.766841892124397,6.3432386184182565,5.320012558573816,7.996501291121408,1,train
6.723722231048702,8.6250784008046,9.454591880710959,6.3667870341118,1,train
8.00310048003395,8.710980004032521,6.873421329820204,4.993686063433134,1,train
3.389650110940762,3.587032108090906,3.7447545928009833,9.237891794695228,0,train
1.5143832029612927,4.639783696663459,5.988240993081626,3.158177007403784,0,train
1.7879128650654637,6.891523481106292,4.95876373086804,8.693032878508763,0,train
7.876010939251699,6.504999733429949,6.106719942632145,9.247562354422104,1,train
2.456018506634734,2.8678787472825746,7.68547472693999,5.1891482875794255,0,train
6.50926976603939,9.455294195336643,4.762252575550701,8.920728848636783,1,train
9.491576236687871,2.113879335512925,7.862866594334831,8.251965410304347,1,train
7.233514904234583,4.604130288555167,3.9326537131169617,4.970688944604245,1,train
8.544944432966675,4.32211596317602,2.0135513090014667,5.198673507208954,0,train
3.2118482463605993,6.56659958029457,3.0375786823313162,7.60868623486637,0,train
3.2794011428237515,9.873805430880138,7.122670094542148,5.957211405795201,1,train
8.78217694337113,7.3906574171011785,6.474302766336194,8.138034344209967,1,train
6.151133416474871,9.524161963183055,3.3208768202773546,6.698194586796387,1,train
7.41094069253239,8.107425550614376,1.3724146350064883,2.057277063216322,0,train
6.865227797754111,3.8159840542177585,5.762889719025571,9.766090517936584,1,train
2.191842741552931,2.0136719962822176,6.460145134047549,2.576645809751943,0,train
5.614187981723817,9.238684929143734,3.3714627802649537,5.77486301200789,1,train
6.439383296803525,9.532441935096603,7.619000315299283,9.59395404928147,1,train
3.6257365231889636,1.5716263046392425,3.0683636585020104,5.353287644099888,0,train
5.990253505130772,4.801262526695001,2.7207007706302124,7.410996056032675,0,train
2.508610912875504,3.003418079574156,6.894923660694228,8.4289080659571,0,train
2.0422336716786136,8.359785644464543,1.8326081043065887,5.428500099923691,0,train
4.266951231451229,8.522225519161433,5.351444321669522,3.6684988518615245,1,train
3.9232650659530983,4.0345590238396705,6.1898063811094035,3.9118617212022553,0,train
4.474549299860266,9.879156156732236,8.61580912964377,5.0536245259878925,1,train
8.068922668046087,6.866720047393044,9.691697739620906,8.333539476690316,1,train
7.330639063648874,8.68265245730454,2.7342685357535097,9.526825374661028,1,train
3.3464652220577267,6.762846387376895,1.978860282711638,6.41445808767835,0,train
3.937521649949133,8.416187445686466,4.883716937201683,7.289281585809013,1,train
4.768854051204047,2.9150655346849224,7.688616102032105,8.784543156059609,0,train
9.448914026661202,3.457077144867512,6.487998096486028,1.882629271903085,1,train
8.603734921110682,8.790825680459573,7.75985447679231,6.477335265827959,1,train
7.956284847806958,8.770672112222623,9.005258143938372,3.1724490445671356,1,train
4.7636928542165595,6.599599344971649,4.898428365108903,5.724825361956545,1,train
2.441428839133479,2.4411105890444067,4.034211485178298,1.7780934481878758,0,train
4.700325068103538,1.589771918665758,6.535819565939615,3.105848467747587,0,train
7.503455050505254,2.897766712361726,3.649874016152753,8.69774045762692,0,train
5.03518154828293,8.234510826137711,7.120545355559116,1.6923990139534173,1,train
5.0683374527421154,4.374128855670951,6.532250339875014,3.069528986614514,1,train
2.7307453896173897,8.606704853177362,8.76423239567217,1.5259007771088413,1,train
6.0795914648467075,8.997659726541837,4.4619749722757645,2.323713532229479,1,train
1.0180504934735932,4.692148493995584,8.833440670137673,9.58821283919666,0,train
4.886294590179915,2.8474340049270785,4.991155395116275,1.0083455771550174,0,train
9.598283158895175,9.062898278941132,4.3325198284456246,8.252104904248442,1,train
6.607544088637387,2.1579746697677096,8.740566837518122,3.895219246162143,1,train
7.509738848930951,4.148703466747221,4.127261387333391,5.020515478985925,1,train
9.311356253446874,6.7285548495201235,4.630771513760314,3.817812781132615,1,train
4.781261064456535,3.5305157098770024,3.027045218125315,4.034851353311908,0,train
1.111302644423191,6.539632874350284,5.404704171459652,7.446825573171864,0,train
5.748535526047801,7.052157754516274,5.170877464235319,9.108786788972703,1,train
2.7442784513518443,4.856363208398834,3.865826702299812,4.678234440652844,0,train
8.072086253200073,8.474110413109333,1.262265693368778,4.057351225883324,0,train
4.952732349571754,5.3494641208150835,1.8671952734753172,6.396716097627243,0,train
6.130101179423834,8.321664426936904,2.361924518263587,9.006859000831575,1,train
4.363931911741999,9.74634831312662,3.9575009237697993,7.752497053648595,1,train
3.7504541018970463,9.401570301176202,9.019621033508422,4.600854706160051,0,train
5.937790377859336,9.172255726321199,3.090656926612972,2.7598266184244236,1,train
8.83686396846673,2.5501203899194502,8.415402660852653,4.218737584998237,1,train
5.298896077451044,5.014458285648422,9.913973597810564,8.606471094816705,1,train
1.5827291468792897,8.069967098978605,5.60167587265875,6.694882686002421,0,train
5.604413100830234,8.158943690889668,1.0217577837532597,7.442633004223209,0,train
8.926841006973312,8.41535297877108,6.6398962482091415,4.125547869637916,1,train
9.03371506766336,4.114191321419614,8.637339561337821,3.0998461627341904,1,train
7.9928926206047795,7.136675459230242,8.23104581000442,4.8958726823344545,1,train
8.87009474281451,2.465081697775412,5.43054400978555,3.4374760725743814,1,train
3.9007601592397663,1.6898066878331959,6.604309297680412,1.148232738433193,0,train
4.342064232070589,6.955573599245419,1.1275204784777095,1.0547001444411617,0,train
5.239099031458286,7.223620065006713,9.942862929094309,4.869550060029452,1,train
5.8541471029906855,4.6811217209518485,2.842050858844038,9.380715255711346,0,train
1.751569562809352,6.482026179776354,8.415039252874317,7.27042781941148,0,train
1.7125317405882712,9.31869655732824,2.6675898236815407,2.7538210458548766,1,train
6.027384806985717,2.9375982046365916,1.7254886708987205,4.300671134460745,0,train
5.254192777456476,3.02493642738231,2.769833777062015,8.278826750239544,0,train
5.7203051269179985,1.5281992204096189,8.87746456021018,2.779330890632258,0,train
4.874125373890589,5.65626479492815,5.603065411509262,5.953712014345191,1,train
2.754631809411083,6.556215941979608,6.9566152036561055,4.159115766715694,1,train
3.1329499154638456,2.9557651801100597,4.360027717678458,2.708065474460189,0,train
6.317223762275127,2.8680560444548804,9.055552551752871,4.54458121226141,1,train
2.657168101736154,8.457735294366437,2.6653939104864914,4.904955064779028,0,train
1.0453352269246363,1.7614897629493744,8.366458497669722,8.268623747876351,0,train
9.475755442371183,9.57322091791327,1.8556604623106119,4.983287462679019,1,train
7.147477648666344,4.696767198487558,3.64108726468688,8.816921289386539,1,train
1.327269470203491,3.973995391334293,5.602376654629101,3.794339535281849,0,train
8.821531583467515,3.0783186041008923,6.748180644630875,4.782626470871336,1,train
7.332179568212506,2.351027808317684,2.023056592589528,1.8130778905285274,0,train
5.616133955390306,9.576704601108132,4.565765380797028,2.1760852873448298,1,train
2.5225126617965445,6.659643594470376,4.893034252043311,6.4838794005750255,0,train
6.207337831030891,1.2668382370822369,1.6346508877249994,7.906194838255456,0,train
4.271188492427189,9.566547659335228,5.546875890469818,5.604422784642738,1,train
3.3356550385838295,4.243066785499757,5.033646474966898,2.4059216527302585,0,train
3.876114529457685,9.603712487780752,9.660164677392245,9.611800712138598,1,train
7.38056286248019,1.9780150315434482,3.0178850012400273,7.51853002863131,0,train
4.660098743471723,6.987268539474224,3.1702771256247226,5.503579229061985,0,train
2.35888544430552,1.1046958978116594,8.088387944520594,3.0960802911855776,0,train
9.6962897889975,3.807877629341709,2.26226561155978,5.083199524931281,0,train
4.986859190604768,3.2671129168254613,2.4000502629549914,5.054596703682188,0,train
7.314589381370305,9.666751406977625,1.451121526842822,1.9866224610689573,0,train
8.002803064738657,9.72791038920854,9.842233959550647,6.290315637642738,1,train
2.7096509468604064,4.627433517682606,5.399024737176307,5.088094011490722,0,train
6.86870912261408,3.9948215346046028,5.233472726076037,6.822694286806532,1,train
2.289445585235732,4.323916081520663,4.667385265805912,4.630800045538237,0,train
6.170457706578293,2.030942568378875,5.999524961000375,5.928281386069435,0,train
9.84293484969191,6.264337641885774,5.163848583536791,6.359723795000976,1,train
5.241100960638169,7.2526912201262395,8.967700631805304,5.606837572957433,1,train
8.383467701076963,6.24609848437361,4.7565689998698435,7.434401566094994,1,train
3.43526039717552,3.808543934835995,9.992128276087632,2.6512339905303053,1,train
6.248237861557813,5.585930107241282,5.585260599153287,5.19207938559471,1,train
1.461265100992027,7.042590402940844,3.0355372737561392,6.835800071801276,0,train
3.3629331607209183,8.683802007562747,7.696489131101278,2.1935613586927007,1,train
5.9005980052942775,3.5826985990183076,5.0262979674982695,1.9915848442473905,0,train
9.527560000720058,1.1022655898433777,3.5096091338173685,4.356262928999137,0,train
7.959628066350426,8.247829137843974,9.158946664963574,9.251486605471566,1,train
8.555600952521305,4.965384604469142,2.7779004382980164,6.87948680067218,1,train
8.47851287263095,5.483450822034919,3.3468268979189917,2.4088463603740276,1,train
8.52926288613314,9.068433309945874,6.590745980979948,5.938864797975216,1,train
7.158081650572589,2.6689390970203863,7.555090590558272,3.8190037836791038,1,train
3.3631502131787276,2.4546295481292466,4.953317142252811,3.4943311656621185,0,train
4.312916817367202,8.113525707497525,8.83485267236156,5.825710384965812,1,train
5.494207119644906,4.253499069744498,5.729819137796903,3.2792091808873867,1,train
3.8213958972790603,2.2282746372169058,5.756099382289905,7.224511959491406,0,train
7.397137165508732,3.087681293266815,4.923243415537393,8.100147576692766,0,train
9.142690766683424,5.964514634838552,3.929616502456371,7.021782843255995,1,train
1.9988337260025264,8.006100168397966,3.057620947385886,9.226570529686343,0,train
9.313903682397893,9.673462440619458,6.645113229199575,6.741339145053241,1,train
3.5034465936278845,7.5434796894738785,3.495581347128012,8.218093204311929,0,train
7.738879056808628,6.298185033496348,5.85441011453032,1.6493774836168678,1,train
9.570171517610593,8.67693025871462,3.9928641215472283,4.115938110321158,1,train
8.36886161038936,2.5527877225836924,8.374356351526144,9.44573872458875,1,train
9.330636513714737,4.755327921468613,5.813188944695652,8.44276727675665,1,train
2.515460584907982,5.139784548556333,3.9273702269393196,4.205428558247911,0,train
9.572747765240063,8.667526928476802,7.3784229684461184,2.249432957477022,1,train
5.8247255069623085,9.34648395950485,8.493261887104108,9.170229350253722,1,train
7.2002339462030704,1.9187187772406298,3.496011976818716,1.0597057017028533,0,train
2.7228788334068907,5.89894694388394,9.500898921064941,8.02514513914564,1,train
7.465855330719381,7.8655315235406995,4.620572737675859,2.285343008030536,1,train
4.655949452162408,5.167950652580742,6.262201636058832,5.591890326315797,1,train
8.77812165769797,4.412552677228698,4.7114417345420865,1.6433014462802622,0,train
1.8053230775931413,1.7820353325340677,5.817838287197863,4.6760294888086085,0,train
4.53686805896527,9.702306915267048,2.6390350522026256,3.8585764793597805,0,train
3.4193122601819654,4.38940682361892,6.692673340064387,6.230516699290651,0,train
6.136344125619332,7.395664353276065,2.312933005172686,7.47346153160283,0,train
7.12870724607536,1.117889546762913,9.143726001194072,5.113202927510906,0,train
4.729096190622035,9.321803756098129,1.4942294086431898,8.779604307734813,0,train
2.050781955763223,6.095558892485059,4.679051543618462,4.614481398066946,0,train
2.671761509598894,4.743515847395986,3.7791585224232183,6.486341876219734,0,train
6.640366708675602,6.242023017821187,4.231197787259235,3.870772612905745,1,train
5.716368796765099,4.921974353168244,1.2421357157598298,4.123937980817919,0,train
6.4435466626906965,7.796872537972636,2.78029869142143,7.8392059766863476,1,train
4.780393376696745,2.0974930663229463,8.958903149439621,8.726679432585865,0,train
8.855166693820323,4.1230316346382,6.57827311073059,2.0813591408419594,1,train
1.9780347028937248,8.74670508168448,6.972990489790683,7.191873690077222,1,train
9.390008039353866,8.06082030121549,2.7725421325698205,9.559458321061552,1,train
4.28344211205577,9.663555841081573,2.8844978891551487,8.744510903402858,0,train
7.434684510696588,3.330412519998904,4.765666998769866,3.2279754482826415,1,train
6.792926345411818,5.6955298197457065,5.469515692341771,5.061841710337765,1,train
8.370034759840909,4.410844271127292,4.506278291375475,2.64972499984647,1,train
8.832461222910542,5.312085144646339,8.49340528440332,8.454235898345317,1,train
6.1905258820628415,8.442028963125631,5.035719779845464,6.939822867948373,1,train
4.204883907427478,2.407078188056552,5.3509892489593724,1.1919505570511417,0,train
6.324275747423383,1.966472689026728,7.536334792618922,7.868627363148674,0,train
5.6956571328805055,4.882572659970517,9.613656460675816,7.719376503431335,1,train
9.181293492426578,1.9775886539941947,4.152323196737834,3.418439803182335,0,train
2.0670979817989004,6.805802315998936,5.872262969188421,7.08383486211404,0,train
6.218940986167248,1.7550360539475847,2.213745486638985,4.160707772654658,0,train
6.510305252007243,7.305850851339752,3.324630370237602,2.2320911668890955,1,train
7.684782720760968,3.5942388913173193,5.699094176213357,3.0590131372277414,1,train
7.303488379708337,5.287160490924626,3.964879429736327,3.0895167282927085,1,train
1.8813085387009734,3.0467146881423024,6.932546793219961,9.805975674704044,0,train
5.897905091843078,2.1014152899495695,2.6300191397805683,6.489330861551243,0,train
3.936982988966516,4.187719409278705,9.616652109230179,9.15313537610945,1,train
9.0222835893331,9.473698022306575,7.249608638368704,5.704336550284578,1,train
2.320267324238242,1.7611123327411735,1.3937144930050274,2.2356444536309126,1,train
7.518975430205892,4.2319729574559215,6.6159097525719615,8.172403770471584,1,train
5.771019854790874,8.198431736236802,8.54241737020649,6.247273038189371,1,train
3.7114669206926734,5.280659857505076,5.7087496130078845,1.5439030305797563,0,train
3.2739783539621903,1.0634369336100549,3.819057403847523,5.638231350152019,0,train
9.325476606762196,3.359078380207089,7.659262525505552,1.8815383734183904,1,train
5.563482410507711,5.216111890916178,5.009322628410102,1.4239760962759378,1,train
7.581306349844886,7.354566824864355,4.994609304589856,4.596112111250558,1,train
4.801390219588667,7.42825443509861,2.03217074773113,4.809029050481646,0,train
9.192256513185345,1.3682597041726778,1.1040205871866713,2.0317769191874127,0,train
1.940572717327509,7.4291506147321344,8.546331280264912,6.479873457865952,1,train
4.549016992555713,4.752631899930936,7.545238429050081,4.261602538295522,1,train
7.77530852952579,8.87600442797775,8.73426769044177,6.409939702608887,1,train
4.269188984164733,9.039875702288574,9.393933966527456,1.3093252111633538,1,train
8.442938754334005,6.77655566053841,6.653775234150436,3.553816713364569,1,train
7.129212238977719,9.387562286146299,6.393334788264592,5.676399087515691,1,train
2.717115882914114,4.097149758958123,8.064625727232697,7.623162442353671,0,train
2.986439764441604,8.32018829672419,1.159997898013718,5.981903278154001,0,train
1.9629524207083522,2.211363372831797,3.433442882024213,5.98220722345895,0,train
4.338509299062636,7.501463911582281,9.108189310932213,9.083094904281712,1,train
9.579620942696842,7.136065999558861,8.007469889006991,2.9646513467300135,1,train
4.5037231724149045,9.055158764347542,7.11138874732682,5.608620040149065,1,train
6.1004329870607545,2.4158027554046893,7.090381425172888,6.8019243121937,0,train
5.890649046748363,8.979684878227536,8.097399279922232,5.101507156826098,1,train
5.099817057656333,9.910893443606094,9.887810455613526,6.020776621409278,1,train
7.539981627370036,3.700498083977442,8.658421730517857,4.05811527241755,1,train
4.7752088872727185,3.7785110761836562,6.078555602900922,6.752294110334571,0,train
6.530810611703657,5.094887985990757,6.330960032557487,3.3261543118945145,1,train
8.043922104275032,6.195921449289644,1.7099663730551364,8.417994973345698,0,train
8.026686793430718,5.540601340083647,7.19212858591037,3.4190547494750847,1,train
1.6401825241142598,5.066499339076476,2.2474628050133445,5.890946922014762,0,train
4.643565370620426,1.9809011844408007,3.9000699557286094,6.563536248440329,0,train
2.960770203188077,2.029968115267468,3.467429677167355,9.485532253721509,0,train
1.5288236544342364,5.281474826643304,6.275912359202529,9.002203451025501,0,train
2.4019301755895155,6.93956168538813,7.938894850806996,6.848018413923097,1,train
6.7594531099538635,6.545753286647879,9.614417095446331,6.234737194611025,1,train
7.454422805374142,1.834325055562032,6.9519831770675395,8.795684357740438,0,train
9.285780588157804,9.261320287082256,4.112654613901226,8.164650035317095,1,train
7.845814328821672,4.52502945167045,4.919651446433876,5.617143618910102,1,train
4.157911856503659,6.167428038361137,1.7446617967981277,2.5142369409092873,0,train
9.448297807904163,5.266353851572069,6.975361683130829,4.705049041743445,1,train
3.3410693880316433,1.907291231274582,8.576604399222864,8.388730817978836,0,train
6.955449050444817,9.821663451487074,7.146194189855944,7.173129938455711,1,train
6.089299821869864,6.597364871354393,9.477612192790454,4.637671972584309,1,train
5.845578885894908,8.305888260703329,9.307363955354608,2.777765790742904,1,train
7.119423233852989,6.924717308214817,9.044016690542929,1.5455450111445272,1,train
6.076417124616024,6.40745354100032,1.2261322968240926,1.791539305443786,0,train
3.095133339462851,7.888473224107422,6.07397734974194,6.647400353361759,1,train
5.351126050353642,9.411551601707371,7.545193178074464,8.32139963369564,1,train
5.364469575277409,7.131616557245639,6.260937294279163,4.950962178415585,1,train
6.648352926321049,4.087048544622517,2.3912616517175227,9.064323725535465,0,train
2.763882020832335,2.500870851107079,8.080496096386314,5.402118185589257,0,train
1.7152042593924,3.7842534764380265,2.64091570631125,2.806977950883179,0,train
8.963832817554897,6.912838917133177,7.181868083002268,7.86875037598139,1,train
6.666485068643832,2.2501711123378794,9.284405194832779,1.1647339419086244,1,train
4.627931466943155,7.874209625447072,2.338996337307221,1.2106269062162869,0,train
3.8228274553829835,7.569183540470261,2.1395846275055423,5.032361210224403,0,train
8.664636377259958,2.348590081517158,3.2880901304238925,6.17544240681581,0,train
7.45901654085792,2.5338522800564323,5.433274623205046,9.424223071738233,0,train
3.202569790400496,9.484213891407391,6.240661931504582,1.991336343961227,1,train
6.283754209558555,5.298357070572992,2.53547849314453,7.51493488900034,0,train
8.505757892813964,1.8414132382103396,5.577281737635148,1.476074917277118,0,train
2.6393180691834686,2.6894659499590934,7.064113542029635,3.9669097716612653,0,train
4.117257591378807,5.487445514852711,4.746772387616398,3.6486500945664915,0,train
9.678522411370125,3.9869616069778937,2.211545685337473,8.921732974169533,0,train
6.428287178253062,8.647657480078385,4.513705761054521,7.773751695346928,1,train
6.0369681300524585,3.373175035166596,6.147300619743955,7.258085752708064,1,train
3.594266581518983,3.2470378577548864,4.215608358914684,7.035811422049511,0,train
2.629007152096044,5.7289913520501505,4.811795595624406,3.639721308784348,0,train
8.014556307576072,2.083397298444663,9.638590986739528,5.804766041144262,1,train
4.334252767627144,8.729350519350296,1.7768878692723522,2.0645122222926435,0,train
7.2805109809027355,4.188247427009365,5.641734066582068,1.8105184768755005,1,train
1.1526633045178503,7.89423620243343,9.888209280310402,2.7203869804365834,0,train
5.613115694533533,5.434361340435122,9.770887504540866,1.8003176092715352,1,train
6.115642422871718,3.6421555445563962,7.066101161944246,8.397684532574036,1,train
8.641324925942445,2.28320648011095,4.057659523168693,2.616142468538513,0,train
8.074739800233854,8.96383371151791,7.841225927171925,1.8156968484512461,0,train
2.3781964466741465,1.2814698664696675,5.341169591900209,3.821474306149174,0,train
1.8915846837332748,1.414872972663772,3.1624357131977816,7.247462676138875,0,train
8.020295308069386,1.9829717036921952,6.5807003641428174,3.1386950278224206,0,train
6.601315428600956,6.982396479095479,1.8768953678144582,6.366063641407898,0,train
5.198497722840304,9.389080384666075,3.1492111123285627,8.048366459986585,1,train
3.761634688070646,7.043756292449852,4.599260335193918,7.233821555323036,1,train
8.04584951745781,9.171365352329868,7.442789751585083,4.894360297376499,1,train
6.48693512742149,9.83431393276296,4.231837977061371,2.5125556714035446,1,train
2.6654441818743493,1.6922510877925179,1.7572661006020796,7.788677236424176,0,train
6.6536137870406495,5.053067717661292,7.536271408492297,6.925164846299614,1,train
4.582124188708939,9.038466186753991,2.080443010203706,3.158571760354244,0,train
9.466576946736874,8.76930994992702,7.449711954298654,4.534030594066745,1,train
9.420500890064641,9.549644977081295,6.535162350948356,9.699765593948145,1,train
2.8564608004532133,6.913364589826207,5.561624572410128,2.2881209538896687,0,train
5.5780771054448,4.685121056482254,4.713367240638882,9.711597339255615,1,train
3.660517725888096,1.049534612217092,5.525323376187253,4.33761368478018,0,train
3.131814399171839,2.222398320065329,7.610465894974808,4.770857424803351,0,train
2.825328266769646,1.4158764202968257,3.834198061494699,8.960794686025318,0,train
9.27029806084115,3.426386135241935,1.7713504271903084,8.157136169886158,0,train
7.438868018621498,9.849871573448082,1.4346218652013079,9.428016871386847,0,train
5.873570438953031,1.3461231553454551,1.4285187568237676,6.590303269307356,0,train
7.960371802674442,9.88252552214744,5.646035040724794,8.261589248897055,1,train
9.433963372472498,7.354120181886835,3.536824025850878,5.077833474869629,1,train
9.614976881194364,7.01665582840477,8.246965162907198,4.846531702291981,1,train
9.06583842845572,2.714572540158585,8.81790090449151,3.7246013104739193,1,train
2.3524848581789524,8.593904713376556,2.0029654225043703,8.077251929029835,0,train
8.649978629959861,1.5047636003662874,1.6067593262888145,7.774439725035316,0,train
8.322965474805915,3.733010618087209,3.2488828133308587,5.708344704568677,0,train
6.453528552198464,6.025119786576579,2.7973863788275484,7.6582503208026536,0,train
3.0693804073190134,6.1074533150093435,8.447523004178553,1.1572522515270138,1,train
5.3604747311818555,9.066908461782313,8.693359035069232,7.854504063887802,1,train
7.77005590516774,9.140674761056164,9.073271223504364,8.487735334792571,1,train
9.760393464994355,1.1591296161538904,9.974245358301676,3.1555056702251916,0,train
9.915280972501678,2.3169666646217353,9.860686432583146,2.900335393328241,1,train
5.002091988112538,3.842287402641723,5.350473156573816,8.590700834455461,0,train
7.3234993173372125,3.4558946471774146,4.356470537909223,4.603905481351774,0,train
8.369583756209657,6.460804757221469,2.187263843072927,2.7316546141623506,0,train
6.637091755530972,9.845598897182873,5.834820977865229,8.604554876628267,1,train
7.659441717806506,3.854740004566573,4.4118923018651435,5.158090629797691,1,train
6.9471935953971355,7.54810710707097,8.21239548624016,9.627914197181568,1,train
8.462812128639726,8.13593008100349,5.575557704314356,3.73008887730367,1,train
3.2439031796225724,3.232147178986828,6.082466525764879,5.903893820727779,1,train
5.0919864656369676,5.86200644402207,4.90042317714172,9.561065563715884,1,train
9.74450757982389,1.075809111116756,8.902802941770302,4.9371671493660365,0,train
4.162190325270633,6.808166916077097,5.940190599964933,8.305374216283079,1,train
1.7836400655133207,2.9017921481688598,5.628423414074913,6.140593438473326,0,train
4.915479282311241,9.92568431583157,6.951031798838083,6.273412372222967,1,train
2.2532626190763656,9.339729901525523,1.827755727611477,7.68789012792402,0,train
2.327854348292875,5.748623060554091,8.067960722923118,3.702316621419917,0,train
3.3031181421801294,2.856677540748602,3.5997516917435526,9.534743324678264,0,train
2.4566320397252452,2.374392718410535,3.6079668060870187,5.636035473581909,0,train
2.4067065671790697,7.747589374006738,5.060591166902553,3.787460777186893,0,train
5.462190679186854,7.188157631867638,9.991260494133387,9.127886689948859,1,train
5.447076658591252,1.205334371881543,5.644352195797109,6.037542033147526,0,train
2.93518351313187,7.95664991190298,9.87336760555448,2.2120003719374353,1,train
7.7395107077125616,7.584386200970336,1.5394234138435885,1.2145820984901126,0,train
8.929677284810825,1.048590231855894,8.9933366776587,3.305068064298876,0,train
5.874839596970625,9.160440562876245,3.9193209188095945,6.832022885904882,1,train
8.658636584012296,4.7375816645433995,8.112947726686027,8.82081785363318,1,train
1.7930679883991747,6.501161973771337,6.493067400451058,5.710795970439288,0,train
5.177379779058348,2.9644512386471344,7.57719679263127,1.512285047197166,1,train
1.830474608195689,8.534264753319732,4.21616926845653,7.311781218578945,0,train
8.350361459328877,3.8472212899336204,8.482579241675591,5.876212298856166,1,train
8.215457633000664,9.006469428621791,2.709841539971298,6.364116356880073,1,train
3.203377701347358,3.2366716615053788,3.2727664624201553,4.772104243768428,0,train
1.0407875364524455,3.4334931574388814,6.919605123543714,9.72348324601783,1,train
2.2353088361802658,6.6890476865126205,6.655278047275367,1.219155900533191,0,train
9.393425889029404,6.97636829594545,8.884970363018356,5.246692530426707,1,train
4.3796331697682165,3.251728146671336,8.765652674711461,2.3500473433107487,1,train
4.040244463772454,7.026134512773871,2.8655673925573786,2.706006739009286,0,train
6.494112891527642,1.7121701276036938,9.761677875334769,9.950443380545147,0,train
9.092055698862108,4.456963112768373,5.791125876887613,6.1618955564837075,1,train
5.831680145840777,3.253851507690085,6.481376332402282,6.554459764442925,1,train
4.974916277684908,7.593048260260766,6.54833185469698,3.5277695438098933,1,train
5.7315549254128815,7.233354940906044,8.902605060773501,8.343324538763593,1,train
6.815357116124269,1.1906254865318315,3.560515044624737,8.79664905611465,1,train
6.657770859051251,4.946024376071665,5.690852550795193,2.971600694372323,1,train
7.611028866078338,9.7605192208262,2.4947652298862435,1.4246170945289731,1,train
8.156103553309476,3.585280454924881,1.5098115009923139,4.734050854751663,0,train
9.86248297824442,9.188705812915364,8.812927388313845,7.222389931730668,1,train
7.137305437034799,6.698257335552612,2.892828288269764,8.790811089787745,1,train
3.975604306345695,4.678484907816635,9.773235151887574,7.553227849542836,1,train
7.125378415478197,4.278844603969018,1.0894666704807552,4.300616128882487,0,train
1.77962789956446,3.382881828047093,6.984365452603444,6.023206370238184,1,train
1.7968005130465663,5.160107759488412,1.730845858324928,3.022627910962707,0,train
1.4810707158410306,8.51739787357792,5.228299048107112,4.295437475871733,0,train
8.340752229503778,5.4668166269795995,6.047465430475586,7.774023891206106,1,train
9.331666841158055,8.355484518526051,9.831029755967313,8.412438641771518,1,train
6.996903676896817,4.934661228956813,3.8821328200339758,9.15785850740592,1,train
7.606830877786141,6.557637646176537,7.541636708611829,4.113043078627571,1,train
5.81322215780656,6.0406572333423885,2.3289695865611733,5.5392984228979305,0,train
6.874323705948935,1.2062958656055027,7.141467260440293,7.829207164314355,0,train
8.751077863627795,9.774579443829051,3.0548687071071847,8.682149987521345,1,train
9.32102084982815,5.064068676749083,8.749929252615841,1.5087889451626344,1,train
3.8852610894611175,8.00898851472083,6.468718641822588,8.765389006150619,1,train
6.406720705092798,4.545089098709583,7.480609541848416,6.384478908658527,1,train
5.1705537982579255,6.412642965138309,3.543561536054708,3.7194266046464635,1,train
2.8097297361837468,9.474790835200276,5.100565076041066,1.3031750282140857,1,train
9.126366937039174,7.134248556195338,8.239251189248558,6.477792534419605,1,train
5.581597601734594,5.727742875099569,4.4499018569475925,6.359954804410221,1,train
1.056525314831073,1.0997410108307921,6.263407334507383,3.5753405562809193,0,train
5.230782435793242,4.805542963457094,7.301791281928068,5.300483332945738,1,train
3.2875619652134,2.786007979071112,3.582568674568174,3.3840893537491854,0,train
2.0150404614996207,1.9806230385753398,8.80930680952687,9.552022283298053,1,train
9.307499172446512,3.3055246913015512,9.587588332531876,6.266356870534489,1,train
9.41286487686067,4.4392139081401085,3.0074982372430377,8.292974614044383,1,train
6.813927517477713,8.58963423073738,4.095991124812516,5.635936671386443,1,train
5.546019777438363,8.29681892178936,2.1290531300689235,7.7630463809480865,0,train
5.3418973073960645,4.200714336133942,9.153681681495076,5.221640014504263,1,train
3.238124995017226,2.9999663251929842,5.6234782837266195,8.713623726300455,0,train
2.9873080153668328,7.116103513627715,5.4979169377298245,8.69164701846438,0,train
2.1871257815856033,2.1557662195763085,6.201134153313209,3.692982832639764,0,train
7.391414206516127,9.306015140831429,6.137133674660223,3.685367555592691,1,train
2.0985998302817115,1.6792556515865762,2.482084754223173,6.092649473959638,0,train
5.50494089654427,5.7926465590582525,1.0583922632023035,5.312973754444669,0,train
5.290936692578407,5.928335065187977,9.404432553241959,2.525445310184023,1,train
3.9989338081199968,6.391695444599372,7.187633437149081,4.5177086583719515,1,train
1.63117706056758,3.090823016937609,3.963985719601289,9.87960756237908,0,train
5.188760199001751,1.8975076196601282,3.731741437029431,4.9663597959600425,1,train
2.1657357739771084,7.437706162029973,9.30895985943094,8.05447334462979,1,train
3.7926794951763014,6.404131755919639,9.606386683598549,5.386082206398505,1,train
1.731737699312606,2.6623412872538266,5.881012450263572,2.7816209753379404,0,train
4.6633148971365275,2.154072428397137,4.888687922664668,8.221712782797919,0,train
9.036974248734774,3.7369657110689185,8.285361497361441,1.127528046425227,1,train
5.93086797028236,1.9045679446661696,9.924001137391755,8.130008995036297,0,train
2.9224823283984946,1.6625718633109676,6.28098641302787,1.300157419062805,0,train
8.930305840899036,5.14105743130969,1.1119618821222201,7.003390877658688,0,train
9.190935815309945,6.464229129803046,7.583836006877865,2.98321199249219,1,train
8.942709421509134,1.6846958581450542,9.103963016939916,1.433786235151705,1,train
6.800958744339901,9.647800740376377,5.724924383219523,8.99533550738013,1,train
4.968246985130767,4.7658068495373564,5.199473490538961,3.773979332696456,1,train
5.776219674323904,2.934981222537305,8.635711959678195,4.924503005115561,1,train
3.102493448329406,8.586435987603897,6.648933475777461,8.074196102249791,1,train
2.2044164865116667,4.64306255757862,7.347082992664911,9.042275322875328,0,train
5.432606521333252,3.2103281986341154,8.128746052845516,8.101024057057666,1,train
7.785884098331104,5.930171552892756,7.068870957277674,6.358378219674949,1,train
1.5019117117505072,9.556280973417515,3.9075083074205894,5.710434709101242,0,train
3.5909525147902643,4.8139889377335345,3.082573071361952,5.868586801792219,0,train
5.691899816601841,2.3831153128360576,2.2592673316196605,8.636290796539908,0,train
7.80440557541639,3.902906692288332,6.454125800393302,7.96054062274524,1,train
2.7376150099520986,1.6695120513177502,4.314663176542298,2.3632645429084005,1,train
6.918943653480865,1.9723942569374548,3.4864198566558615,6.047707040423866,0,train
4.045101989625099,3.590942658850797,8.801081258803299,3.023578496121202,1,train
1.0846353715386199,8.399237391554115,4.716409358023945,5.943389456396363,0,train
6.830327992828947,3.599943030825739,3.097384329157248,1.669646291741838,0,train
8.155234733231367,2.673399936054166,3.9508555673870145,5.3174534699679015,0,train
9.246612155839733,3.8408806796532,3.047697062140477,4.997216339362079,0,train
6.967975389355136,1.271090557220882,8.486408279557182,2.5078658061307384,0,train
3.5901896587575,2.007053208969408,9.485843636784633,8.50468017808204,0,train
9.823031659844508,1.8615939121520242,8.230871205572384,6.365011522665467,1,train
4.6991799423277,4.512113950092024,1.6728367324232143,6.6320424348663645,0,train
5.537722214241829,5.063149076488169,7.216501149036411,4.3536963803846,1,train
1.8030231902054896,3.1653542896169764,4.524668148672469,1.2899658341381306,0,train
8.65366283763937,2.8794971904230837,7.333802061829694,6.719979591912097,1,train
3.2184935881197556,1.852508276273426,8.666832676937357,8.102200617710311,0,train
5.42036049635182,3.277221780501269,2.2000003082318798,5.6266764568863,0,train
3.885805618624632,4.171282889872477,8.933552137365876,6.631873075285521,1,train
7.622291416250755,9.313641226573793,9.227298653212275,1.8875110680924474,1,train
6.284785993135835,9.992768072953245,5.200756413080425,4.133365154707213,1,train
6.691628329665112,4.435083131070508,2.6891842863063466,3.6321298100552557,0,train
9.293039762658678,4.209629368763636,7.424200816388178,8.458531369654846,1,train
4.588213089817927,6.615595121231574,5.045525649715268,8.628559582986748,1,train
1.5220744025254263,2.5930971238179854,2.32893458189941,3.515475814273456,0,train
9.002840013662583,3.7479197823798276,7.9454863484234775,8.253044455750533,1,train
3.6247159776202125,1.1672342971910774,3.602771438513949,4.941491469736812,0,train
4.491721990546662,6.346191747235492,9.585890316176648,6.746945538047033,1,train
8.888682399684425,1.023154636601883,7.124736244514638,2.0016401859881072,0,train
2.2801140793304073,5.636371974024932,4.367682333965448,9.342181745041676,0,train
6.418213863763254,3.3855727133263214,6.901202323746556,6.516171220863168,1,train
2.0554534597110297,3.851035375705975,3.371481082583787,5.594796543480823,0,train
7.109927489621319,5.329482256178551,4.602310523126073,2.311796626349232,1,train
2.689974770162709,1.4620545080018312,5.674073462669577,6.745657155534167,0,train
1.3485878876113855,3.721828543954729,3.451731175757353,5.8073351018324955,0,train
2.5996236213258967,8.09365334241539,4.591364930156708,6.861391824101342,0,train
9.904479879630967,9.56593366983193,2.7931922695980003,4.183062640905819,1,train
2.655749464980712,1.936207324910991,5.447534783545076,2.1192513214629036,0,train
8.373662787089152,1.6405110755706271,7.077056791402983,8.973880680386122,0,train
3.4898656192094593,5.707800626646035,7.390592605641763,9.710429895372291,1,train
3.975242617442109,8.816411132290208,5.3628034161161136,3.646642044493562,1,train
6.340276128394378,6.531638257486601,7.433276313379602,1.1882996663543324,1,train
3.1874810046723483,8.402309996105258,2.2076041282883376,8.834124496925053,0,train
1.5254634037604378,8.840142883912161,4.66024489241183,8.681323479615463,0,train
8.896883783409752,9.942912118476581,6.139320230888931,7.563538528468676,0,train
5.730716159664533,7.848925981627435,3.576181496654052,4.951279015058647,1,train
1.3313626706355062,6.810176342987276,2.559170966865726,2.8780703833021035,0,train
2.741097935660659,9.044133349552153,3.9455438011644492,2.0676046263257453,0,train
8.810364633188692,2.071245281297542,6.592923929929935,7.254098458515481,1,train
9.792874689567943,1.5807118266981672,6.633933862501134,3.6260549537217894,0,train
7.440939966485853,7.811318200928238,8.45903289881825,4.954421036307534,1,train
7.513443815093248,9.686577457138405,1.2670445739663236,7.77995377046637,0,train
1.7917142384255564,1.732739324257714,4.240735150592965,8.574969823346262,0,train
9.437394527931675,3.8211216417009135,7.886961224110191,1.3415022351529158,1,train
2.7377469979896674,7.7053921868678135,8.37633233773359,7.042628153131849,1,train
2.2460141030846357,6.923754457994025,3.6584618804763416,4.574525536646849,0,train
9.912009114372687,9.94147360308437,2.9754818247845405,7.437111171678835,1,train
1.6249791576745862,8.811694564009729,1.88092819112362,6.093016936815672,0,train
1.3811001657877333,6.921787924754768,5.104385869491337,3.4941004290833693,0,train
7.171646546536251,1.2848917221572367,1.3582674860726527,5.130886005109961,0,train
1.5405164421327222,9.642743519961176,4.443866581225054,3.3753537649776515,0,train
3.9111707641731615,3.795801380101733,6.740900522329053,4.915083951946406,0,train
3.424579875076419,5.908027767904587,7.65547789846415,6.180406697374181,1,train
9.597937863552517,7.014207178378334,8.458057336366867,5.819896390732856,1,train
4.729565162829239,2.2442814873178847,7.794287763488087,4.3801212840148125,0,train
3.7500780652689265,7.439749833486862,4.766911122295035,1.6590819822253202,1,train
2.273289073540356,8.853761905896818,5.055068138458314,9.227275054737666,0,train
2.479082633225812,5.635097843900396,6.488176254349733,9.1783153831397,0,train
6.249607010370968,1.549051281028654,5.904727636817427,2.3123572090461826,0,train
2.1803830096931867,7.653477393164164,8.931170306739634,8.843089566093468,1,train
8.768249379739979,4.933958661047666,8.38114917687006,6.130542496070542,1,train
4.170978993482029,8.964327533487182,5.950479913373198,1.221052783837263,1,train
4.523476174967646,8.696660809625309,1.483137389317886,4.743545889635413,0,train
7.7682477345385355,6.50655185658856,3.668641554759509,2.128307858425779,1,train
6.611302785920349,9.032299077637601,9.44472509070372,3.979026625256758,1,train
9.621460996155612,8.757945280899321,2.8990388210506928,2.984696382234268,1,train
1.1155435724287863,7.478549383487268,6.525487509123597,7.373098613682551,0,train
5.161864153155754,9.082660211543875,6.80158155417527,6.942297918310917,1,train
1.416263604760917,4.224192262945097,3.3409279159814202,8.131399590287774,0,train
9.34126644481475,7.296810799246282,7.46972789561575,1.219829662629191,1,train
9.210548983414274,3.2424224887615503,3.40417884270506,7.602505465316026,0,train
6.457496881751081,2.1361849226003966,6.4397740027840085,7.160978380898092,0,train
2.3075566389578195,5.448994248173115,2.4759070335277267,3.081244411068538,0,train
8.807764428396183,7.136339030331104,1.1667010059726761,9.76094775571493,1,train
1.4957848465002936,7.064507323716193,6.674477732420954,9.817388099478766,0,train
3.302877054114357,3.0886296381928506,8.024521616183927,5.914722960956226,0,train
8.343723223063527,7.184193010257054,3.814174833725347,8.737665065759803,1,train
3.259366733323801,5.337427836502359,3.0447016231545088,3.999816549708238,0,train
8.953348201050018,3.8830748213230746,2.397648019751799,8.449623959769635,0,train
1.8060866937274462,5.990533181641619,9.634906967904007,2.5773186962100376,0,train
3.648040543720647,4.011955305948884,8.450337633477854,2.2903853836334322,1,train
9.786568085837192,4.721352185617729,4.677138712434779,1.1524602766978802,0,train
8.17922160205428,5.550411921233851,8.844170944385809,9.994264574802314,1,train
2.729877463822477,6.409286796389341,2.655559653591224,9.859400501774058,0,train
2.5352457364378655,1.1477988307090778,8.458520800520759,1.653203171183984,0,train
3.1008784123178734,7.488022660818113,8.151710402909833,2.879831231159783,1,train
9.847257313125024,2.8790103240947316,6.199303215056477,8.76868877178698,1,train
6.885073675037026,7.453720165163819,3.3532448142534648,7.338121831654104,1,train
9.512553297299629,7.099677543901283,8.494975778765465,2.3288780757908407,1,train
4.9738534397573115,4.541398555020914,6.426518562063917,4.288581050512093,1,train
9.436945838305528,8.187758989521583,1.3275325545951668,8.881603523723278,0,train
3.543828110412823,5.289635637679132,9.115325698642915,6.776681694304466,1,train
9.652162645450705,4.616919303577937,4.488903958334151,2.3004699990323516,1,train
4.431398397865375,6.997596468102451,7.695438076038316,8.286083976091085,1,train
6.7135779410995555,3.7213842906858163,9.32703480142314,7.804207773274623,1,train
4.77455956368812,2.403082512165352,7.401009917257783,6.272023239613841,0,train
2.697213885370716,5.816473429057507,9.37739023924165,1.434273413849703,1,train
1.6766104285589756,8.100658002957386,1.087700342311808,3.542004383571821,0,train
1.400115178442885,3.5904259115637145,6.964755145219547,6.833600837326488,0,train
9.466985477501863,8.09009428538145,3.6669948278716293,4.431453360633501,1,train
9.260558986949517,2.1821003834399972,9.552624967490319,4.645670066775974,1,train
6.533776126704033,1.7245111570508365,6.671862777924333,1.6686007402870584,1,train
2.0552903328156242,5.815411239197274,7.771912596475991,9.523469172479565,0,train
3.7512827535356212,5.127907763604614,1.0150576680346959,9.2804337399078,0,train
7.2933450960946455,7.465752534023907,3.0096448384054724,2.4649971161184148,1,train
6.75646413508391,9.964685004950297,7.109640678741627,6.497083799796769,1,train
6.745066422208058,3.1512027403145435,1.3581276336931265,7.674455790648258,0,train
2.084381376059651,6.424708860677376,4.771702287527961,8.954389033756033,0,train
1.4151753965051657,3.1874503755106565,2.9177282831358866,6.02897683085918,0,train
2.850331335757194,8.016218700007514,7.1224230573708,9.103456278547158,1,train
9.044272956975673,1.11077177426258,9.852064772374833,9.450449850030358,0,train
2.5374156202723492,6.774795952448504,9.154896146129,2.0067338656641964,1,train
7.686088381766384,3.31407997528383,5.126008300366353,2.2687144997716517,0,train
3.7440857899178823,9.137657554978395,2.7116198333660595,1.6738880795161364,0,train
5.2444955568120575,5.269003120666139,2.272492326023225,1.5363729242901076,0,train
7.139827511085027,2.5988566965712145,6.321235792445422,5.558579631195549,1,train
6.707867544644827,5.493302658212718,5.381878666991005,3.7931578568215305,1,train
9.241951355252668,3.793434707578601,4.474339537998203,4.4603887058713285,1,train
4.808439404724984,3.928702566312812,4.842284747087706,5.071895025856546,0,train
5.034096302317035,9.03472237192088,9.712161227797566,9.108564968337825,1,train
6.780078690061125,7.357827999817094,6.61030724637842,1.8550194133599285,1,train
6.865632874011483,2.557966132346932,2.810786975083626,7.855626848090366,0,train
4.975183917175748,2.590661204178738,6.8331278450433075,5.350129515167082,0,train
6.59065692796655,4.6162530975521605,6.057776947193793,1.1832648397810375,1,train
4.0472082089862225,7.552518178530655,9.810076184345137,9.09885622230301,1,train
5.720423408183588,3.023152940924483,6.519088860535172,2.503183853085603,0,train
6.581875889914782,1.6250685253858763,2.7109327021400276,9.491414736389212,0,train
7.501072508508406,1.7853894024113788,8.74413982669848,6.2486914257751325,0,train
8.223360726902296,8.448358641914247,4.751946033609765,8.872449404512139,1,train
8.885655746996047,7.56977152398467,6.356488294867934,8.650951320027136,1,train
7.1440795019160275,9.728785379032681,6.394732807628044,2.8317143051213467,1,train
4.5057648161715775,2.2069461298333133,4.210417660892031,9.220374322250931,0,train
7.07761383007241,7.560805196944095,7.190293933382432,8.09685683891916,1,train
1.7231329154096917,7.61995667526156,4.08657053923144,9.888003344282904,0,train
5.972486296185029,4.595779484227325,6.006098986528476,5.942176355652858,1,train
6.3239674812136855,3.156127042095384,8.081380283702016,5.596653414286957,1,train
2.419807576487909,2.4423273570827932,2.802356361878704,6.306138035266031,0,train
5.239306884262358,6.24108547744655,8.072632070159116,8.904588493183178,0,train
6.089553551946662,8.330373973161649,9.229803676454118,2.443896251054073,1,train
3.1197944657717835,7.992977675863734,5.568399189355481,4.935424427266232,1,train
9.68850208330544,1.691897332078031,4.167069224854747,5.60607569339803,0,train
4.501456775795804,3.9361844790140657,2.3255755756731524,8.217361911122008,0,train
4.514424717786824,1.9948353931861642,3.5472294939092937,2.7313323747918163,0,train
4.473412511983677,7.994144010939748,8.690159006263244,1.5419123495497917,1,train
4.861210955536629,8.94199676584488,3.55168143261091,8.677747368374156,1,train
9.35742554596352,2.457747711667705,4.898198102189516,9.298997316342179,0,train
2.1762405950630748,2.931558229123282,4.22406069085938,3.135226632092895,0,train
9.417644944101104,2.389036981906786,2.1968312615395966,7.781609763477905,0,train
4.565628202250519,7.918205573918647,1.8827375560924413,9.949980475123148,0,train
2.8368994593213217,1.445801082200472,3.7754164179199363,9.680000637752038,0,train
3.707267843609348,3.5091097845016455,1.2523974941155198,2.3201150266363726,0,train
9.61723287351651,6.555866553192967,8.351592262318267,8.547775351732032,1,train
3.1441551008487854,1.8703236628204751,9.278769717529624,9.21131923150567,0,train
4.018648054689906,6.366165776005417,4.941007930449751,8.141914323167319,1,train
5.234826425003669,7.19808000218703,4.446697165732317,3.5073301196622673,0,train
5.422808605699895,6.887466809758285,3.3756250819301963,9.345496932530207,1,train
2.807586751582709,8.426833616948716,2.970228886063142,2.963895213934478,0,train
7.439411847112004,4.262400500976579,4.420130462959278,6.638639041328604,0,train
1.7627187653895728,2.359215223057216,9.170294812560115,3.238608481727023,0,train
1.6881271534077906,6.401816898680816,1.922974522566187,9.726436929319796,0,train
1.2430596862086358,3.13656461822887,6.887632966676399,5.718965622431511,0,train
9.529908742410873,8.075040035775478,2.6773945437111752,3.1126362912998644,1,train
3.6078957414553736,6.294525635242801,1.604436260952896,8.867460392058527,1,train
4.921631899930168,8.228453458146967,5.4247881837978325,1.2184748315836007,1,train
9.081792512857314,5.244421696318723,5.445113697739893,3.913989400476189,1,train
1.2427585090184294,8.268571789788567,3.8378295499406114,2.461798912608759,0,train
5.254287162999093,7.599509035695659,3.482627874191548,3.227193752456385,1,train
3.1620902981951953,7.452428675955392,5.619532659140058,9.600919397006248,1,train
6.22344103604105,8.791709423910408,7.277831792217749,8.223179079050759,1,train
9.63167674248384,7.162336806342527,8.258143827886334,4.638231001710343,1,train
5.723105596661021,9.26735345433048,2.1846124591876395,9.590035554714571,0,train
4.52266452645888,5.7008316575018485,3.398463226659852,5.829499432613917,0,train
7.6152656952992865,5.7469786821363265,4.201301803513801,1.9371775402294933,1,train
2.9004663507068367,5.41304051898734,2.820987035561882,5.064769679637256,0,train
1.444817746332519,4.619124846235294,2.604008040517823,3.005050768665893,0,train
3.1567588197371683,2.7770540864488553,3.9414799420365036,8.711225747972907,0,train
2.2516589705908148,9.8805913445897,6.149869171352661,1.8929522143191786,1,train
5.343506323652198,4.342053467040418,1.0490458941715453,8.197477207823479,0,train
8.661274966185795,3.294374631621767,8.42756772149155,6.781053325316828,1,train
8.43273683415357,2.6048727112118915,8.166919712459773,9.772878857876568,1,train
5.465050184135466,5.545214313858571,8.709005285513108,5.615344360321308,1,train
3.249026187265073,5.984157925793687,1.6023416368467454,2.3700866212482237,0,train
2.1764773544915412,3.1695995510625448,1.6388092654472517,3.872805691307483,0,train
3.006141077070342,7.241309355508643,1.313412360991629,8.88483996572964,0,train
1.7957478079015325,5.545406601369052,1.7940851875883153,4.542232507509189,0,train
7.632740263544016,8.874946352579919,6.849308186331928,7.207585582845469,1,train
9.331459208128413,3.1405716865671254,7.303155334687447,9.294558090124097,1,train
2.476702265972183,7.1879911114807,6.894741624919118,7.069430417156456,1,train
9.245106333834022,2.3799535632033857,6.232703160745954,6.225102210473938,1,train
2.181548182591718,7.482495667835263,8.928945005594478,9.337616835439812,1,train
8.993040076260272,8.834362914338215,3.0539134233530194,7.355709955773097,1,train
1.1900384210675883,9.575517589692586,9.506499432122673,5.003478584971826,0,train
7.9892783898298205,1.6924647220755487,2.034817302052739,9.97956463228456,0,train
9.429301765817716,6.162338089518756,8.008525351197157,2.1379284998376793,1,train
6.073427177182634,7.259905516091593,7.487302774825234,1.649831706777415,1,train
1.7346731517376406,5.300742102776744,8.441206331737803,7.515169799032135,0,train
8.644085335565826,4.399356355463061,2.9324629723217557,9.999881666171857,0,train
9.135679757575112,4.315237810335134,9.918141510578302,2.6713064130104036,1,train
5.586549365789852,6.9182632056554025,5.644169408196524,8.24105107913321,0,train
3.3875807147218175,6.392038494881806,1.279879987992524,5.647971629682629,0,train
9.784704041638495,6.38892195804242,7.6521984537279355,9.13933676047331,1,train
6.300471373088028,1.2933895725292697,8.009457146094785,3.675404529177486,0,train
1.5792069776084685,8.589433888260164,6.291864454252011,6.6935447633746605,0,train
2.8356121969819044,9.889706622495254,8.527789350564127,2.0346528819111565,1,train
9.25437886018647,8.733912520711215,5.9555115436868675,5.508960483562439,1,train
1.9289227644634745,9.256654545621542,5.724954082146159,6.9715459271094335,0,train
4.6637662626043905,1.0582496216115862,8.290263253323463,1.3432890553903092,0,train
6.024849069757448,1.3282536529226405,7.594471592677934,4.989800412999822,0,train
6.130077712634721,1.8654995162712367,3.5624765115606762,8.369806472636569,0,train
9.436865413315044,3.37715150273868,2.926106131072781,2.1149861868739084,0,train
3.5864789299346196,6.396555022289173,8.763330828597427,1.747100891253925,1,train
7.085759397383014,4.8571598742188975,6.605004020874734,5.551050724839505,1,train
5.104523258614423,9.11390954775838,9.997460549335393,3.2532514144170186,1,train
4.229806293877296,7.268152036100111,8.37901619375425,5.278116588891055,1,train
4.627940415842284,4.9240364034346875,8.871901880132395,2.737210047103694,1,train
6.797326126229953,2.613732202715944,4.037666667518492,5.575709816157239,0,train
2.8762354686405067,6.936805688906001,8.659724478506654,5.718731241439247,0,train
5.731333693822935,4.136851559192706,4.071663040151984,1.497066180029551,0,train
4.572030682165568,5.911269657205317,8.90155773952002,3.3517135325806717,1,train
9.837372049518207,5.398872480449147,6.275128039891723,5.660298189714371,1,train
9.762242199618296,8.34292139305924,2.3131084152661394,9.673480713920627,1,train
1.5743588156067592,5.9635771067164685,5.961559488715802,7.438785576049302,0,train
8.37221700662563,6.0291833288794585,9.55180936079142,4.68330720358186,1,train
7.539126834077256,4.9858460656688575,1.9823043637597229,8.839635592893249,0,train
3.7775905582195035,4.6990784312017055,4.470776526399046,8.664255011470216,0,train
5.172793192543343,8.57221258369007,3.822031882743045,4.143559376520711,1,train
8.374870947915884,5.683040415095439,1.5688563341627249,9.401220549886965,0,test
4.496966951927133,3.620296758694491,3.124911352459501,8.947972643768878,0,test
5.390232068229066,3.6439497422551455,5.974009484788497,6.853301228094293,0,test
7.046809867854597,1.5394151027866947,5.140037345671013,9.004552352330775,0,test
9.148287831836257,4.609535746758444,8.244085604291763,6.083829541342338,1,test
1.110150963646143,9.52633197457599,4.028950985306503,1.479363994310694,0,test
7.20917793568789,4.965506284008794,7.089207636850035,6.86999149681922,1,test
9.372043216584942,5.225691396128121,5.648116980776642,2.3431390712038045,1,test
6.85371242688056,3.4630133963677525,3.6235631140015987,1.6107761734191635,0,test
5.656893474947924,3.9134840925533214,9.66074100298137,3.567344132013659,1,test
8.889464636509384,7.881469918197096,6.3790874334605485,5.4948102959327185,1,test
2.1729882153991267,1.7191183351909023,5.666823074854047,8.55330267796112,0,test
3.4927956464587604,9.972370472658012,6.895888616139795,4.838056621407725,1,test
8.827175288923229,9.392518508872325,9.86225871174078,6.198200453675339,1,test
9.192801975266402,7.44684188337195,4.645035639141188,5.79913388923327,1,test
6.866957531796139,4.508851128417391,6.976276005767542,9.541015046554115,1,test
7.136251147567513,2.547460505241146,8.885178426700826,5.898832542788357,1,test
6.922069995689329,1.5894253929986861,5.712670911351855,1.8812699269813569,0,test
2.8641113330447205,7.708993872646052,2.325658770443667,8.916464994986818,0,test
2.1307848363246515,1.7595440657508488,4.306666948677976,8.322945895137405,0,test
6.630734506589794,3.4918353048145923,8.493091598336443,3.96138759665987,1,test
7.341761786477355,7.343451824471512,2.367762707842179,7.858947199860356,1,test
4.799782712633403,7.267934381390568,1.6691577629269214,5.838655647927004,0,test
8.642209628816818,3.8567708022164666,4.849228982336823,6.233133735474539,1,test
9.528058050173213,8.888973888771286,6.751966208117947,6.668232334686486,1,test
7.27272964957656,4.003036714263155,4.209645890533225,9.160325209572608,1,test
6.558715525741399,7.173664111889211,8.868690805139533,3.708649567456657,1,test
5.010728570960955,4.966613164879299,3.492322360831834,8.663114036724592,0,test
2.305838205002379,2.043322880676549,9.481250364875324,7.099598706282347,0,test
9.474192097330093,4.384589420288432,6.6518146924436525,2.175375948503552,1,test
2.864025676140412,9.259704848523837,1.03224735616575,1.955842447340713,0,test
1.2843476971074417,8.64724691628259,6.044229983761106,7.244751528951104,0,test
6.75187927494831,1.7215199665074719,1.1164219318683255,9.737649398306784,1,test
8.4766410809557,2.262947070692327,7.753065024597564,4.732403213238783,1,test
6.67392889686924,5.156642833075065,3.3322529475891622,1.291807026485075,1,test
4.742900859172062,7.859180556546558,5.296726217613809,4.798735946561694,1,test
5.494612040818763,2.7879110902053443,5.485716067571238,5.909631947572664,0,test
2.674884116692525,7.3895827369104765,1.8403423095918314,8.094852883572951,0,test
1.8932244157682065,6.034037445597672,7.345440852846095,4.677371823627171,0,test
3.5318137769914224,9.080092347913007,2.5378893400284848,8.306031150602841,0,test
7.187691614521602,1.121421015667636,9.444383971884282,7.297103752747095,0,test
5.307677758174788,5.53451706449016,9.667173515313078,7.347414493634485,1,test
2.1552545988180127,2.7157088391305675,4.555547034182336,4.626706307823075,0,test
4.621750159768214,3.6973292742117145,1.6772533853476326,3.5154143282755212,0,test
9.068096968241251,3.7508677003814452,7.002571174030084,5.745309009594788,1,test
1.3371780766272716,3.251027405087761,7.146596935238413,2.708032853587647,0,test
2.107104933616515,4.432508226777996,9.822848304931528,1.1809848079509928,0,test
9.597832934818408,8.89470463345602,1.7164725474997466,4.46153374380547,1,test
9.314053135330752,4.43456599382073,1.5273434473297731,1.8394886630581568,1,test
5.675644185873534,4.530838637721788,7.0172144151884535,1.6808227300564798,1,test
8.219003874739458,6.679194500164456,6.303494883856714,7.371200095309309,1,test
3.4813437210868883,7.684258874067901,3.9401808434993284,5.506635329559012,0,test
9.681237139908317,8.257543055980651,2.271383951858714,9.669477605785746,1,test
5.185779016833315,6.911501318127883,6.351341533746829,1.3441939157776748,1,test
8.404673072018094,9.024977146144305,2.13524038616155,9.478548254992436,1,test
2.59334272749617,1.11899596989683,3.699175413255274,1.6163048331015628,0,test
8.759978878926791,1.2310303087907708,1.9510815580754484,5.497753054077508,0,test
5.081155707930435,8.372085335773022,8.740556404328444,4.474828260325035,1,test
3.3958896638020333,9.733645323367742,1.1828473345956616,2.527523334884403,0,test
2.131738738477274,5.0180806712744825,3.1557765445767147,8.732965571317251,0,test
2.6564661710033137,1.4763257639233656,8.283232926604809,7.053517870442964,0,test
7.881809878876979,3.4041261220433725,5.867655315760641,3.7007358509815504,1,test
9.385728635502224,7.205345216303574,7.067605942291344,1.7795332520925002,0,test
1.6915829604885717,5.226688036394856,8.574114370106603,3.946998040931863,0,test
8.621819532316461,4.619157076648117,3.5714474922505466,6.388875972905181,1,test
8.529538375359419,3.1431082103333514,2.513403578796377,2.2743865469637905,0,test
7.8448396600031085,9.691419993101794,3.925012624012326,7.167972390546203,1,test
2.2398656881658714,2.3625168096476292,8.685427077939877,1.6585134612218355,0,test
2.586233704840962,2.633453580966652,4.301367433612772,4.62498087736274,0,test
6.255187787167538,5.899732243560379,1.0269386998706516,8.824964506846658,0,test
5.634378277755951,5.152636744486712,4.231735596436404,2.6987047643018456,1,test
6.7151902470814875,9.701827697446268,8.06847409920112,4.270703606200668,1,test
4.202197236199314,2.043345494154667,6.735422861171069,2.125873669877322,0,test
8.099806445831568,8.972143821390567,4.30903888890459,3.348928288305835,1,test
3.6231698136984476,3.611449957505122,4.249739254462256,6.179089463456381,0,test
2.892455870902267,6.778389859443344,4.242290265133417,6.4880764280547405,0,test
6.920167129884196,7.9227654302058665,4.790490042600324,5.359121540114662,1,test
2.7920851240228397,6.060775777308761,1.7600286846991808,4.764233329314006,0,test
7.528834156903342,1.4992086102973752,5.893905835982253,1.8038646496147597,0,test
5.40406059593447,8.163838012305568,1.4473012438841284,6.0257980575614285,0,test
5.849206791955869,3.0976087620883486,8.229766262359934,8.123124073149864,1,test
1.3978406545625126,3.4060548297504276,7.646009490555642,2.376750036578015,0,test
1.382850286388601,6.966344280731867,1.1676137139041411,6.740032580575361,0,test
3.2349582492286975,4.824455449958931,2.7516777471409823,3.5518077790865856,0,test
8.929445598941763,7.027185260589372,8.124785334034279,1.036146837061434,1,test
8.67116259402787,1.4228348521347882,4.158495761172516,3.686280092770436,0,test
3.0222377966023712,3.177628275692874,1.5160077671512564,9.45886855496925,0,test
2.6199560138281286,7.368828977040702,9.46226724981818,5.075579692926641,1,test
5.4362468158872215,2.272506502331004,4.289896586350597,6.2018538381797095,0,test
5.284660863102848,6.442489974086105,4.530889909073387,2.8244103891767174,1,test
7.468644730048701,8.71076995761149,6.366033155535344,8.841899191609741,1,test
4.234422846648362,5.196528575673263,5.206047681811836,5.428907728747863,0,test
2.566949481739646,1.8755579161554536,9.969279733143669,3.3843065235469223,0,test
8.82348657883289,8.763247598905068,1.394635376168088,4.836307248662441,0,test
8.677109333207687,9.207801347939405,6.353222749355179,7.29342890753068,1,test
6.384170765122539,7.993868989988081,5.45841348057174,5.039718620806181,1,test
5.268346650238216,1.8456969010524573,9.56036194955395,3.5503067608914605,0,test
4.250286919541576,1.791785846342726,6.138213638628992,7.926556870055853,0,test
5.632030495399448,9.694380015372111,3.8100677372526164,7.248471653623711,1,test
6.441658001488396,3.392794442154653,5.693382286389036,7.592248567658671,1,test
6.740267052746944,3.3040334716092525,4.592592895485257,3.964960324476399,0,test
9.233711491174759,9.24347293301108,3.203140853895733,4.672964893829687,1,test
9.724684282503777,4.308943482797654,1.2018431143952961,2.980555762749422,0,test
7.3658852363260685,6.427072971954317,3.962000514152145,5.050409845435025,0,test
5.458185705645063,9.76824164692337,4.70450901642033,3.797312923351438,1,test
4.691582567227521,1.3473545326136758,3.8772173166542667,7.374296220588523,0,test
4.57301813401414,2.832544467189475,2.960712150957465,2.040512551380234,0,test
3.8755697626254224,7.72436629319257,2.103600739516917,5.905866685166677,0,test
7.089528621649281,2.081036350545687,5.549824999640068,4.319021725294958,0,test
7.476978095847584,6.348654469925714,7.696628988759061,8.398173570575533,1,test
2.0773207140999483,2.1052173472065605,2.135424726029165,8.358222735018543,0,test
6.480925186236481,5.786041260568189,4.823010506947982,2.7802317963694723,1,test
2.838612486687176,8.25612589267186,9.758737356518536,8.645703948534171,1,test
3.9531004122751936,6.879225694393453,4.187109573997859,3.6615662749667894,0,test
7.139510749935704,1.5147095707857585,9.851371989631591,8.433352974574081,0,test
9.496782200955137,1.543100608238961,6.800191067124837,6.211889011480849,0,test
5.689113438676808,5.047954287322861,5.242857204850612,3.476246281303166,1,test
1.157039594430154,5.326443183957537,5.080859253316813,4.570033961640417,0,test
8.536697039765967,5.274859462393257,1.2611772200535154,2.502744223559497,0,test
1.275167390904833,7.116836098167957,2.8498805941822862,6.169915473972699,0,test
7.087210105542255,2.628115461097046,1.3860299400087799,1.560499293539252,0,test
8.920796468260102,7.997026228044386,9.724517850958955,1.3770761557817006,1,test
6.010581507920345,9.470139379126183,5.713140672654525,3.6392069047550843,1,test
6.980164782025432,6.287153367633224,6.667143144109815,5.193589213316802,1,test
2.983984292526557,8.157561642077649,4.139436268854509,3.2386810755050277,0,test
6.103881241820197,4.203586493271873,1.2082715736504186,3.4199305625078034,0,test
8.089132253420953,5.74390736683474,8.245881389170908,4.1485306126812205,1,test
2.557035803293684,7.443601498151968,5.327023347217125,7.742470632574348,0,test
1.9606691026292058,9.632781148960554,5.632641704172918,7.692846173517066,0,test
2.3283029069041024,9.129404874475815,2.9440300393758085,6.458468739572237,0,test
7.775970461756889,9.586308511144445,9.965854092048916,9.018042382156846,1,test
5.05397531035896,8.509749308998874,9.32808909882308,6.955407122931917,1,test
2.4304274277390854,4.275919805133208,6.585234175616657,9.90704986016974,0,test
2.9062216300554358,9.396926977728413,6.500585871914698,1.7047157991189885,1,test
9.128642876031938,8.941678786313963,7.754333591540276,2.7531423447142283,1,test
6.775558528094195,6.880120489633784,3.9385522527544254,3.576938961450323,1,test
7.715016297152472,6.7393611658347155,9.522662862908017,7.83854058972374,1,test
6.874047237108254,1.156062273538058,6.528852288969336,1.1214657530576726,0,test
4.987099796357953,7.947257063361283,1.784483147499873,4.26804442729898,0,test
4.2140827488267085,8.232031988735823,1.5368227607323433,4.532795183605625,0,test
9.800836193533517,6.824434237242121,7.8069925684433565,3.509081456314984,1,test
4.904608190181426,7.479057458577508,5.011875638725199,6.887062799297203,0,test
4.262505737608225,2.70110672524848,3.6867631396946607,4.851657458522878,0,test
8.801974026728622,1.986275968055545,8.403538019310997,6.878962769130149,1,test
4.0505449033014935,6.7619270830224005,8.338189173151669,2.151522830406523,1,test
1.424267527597456,6.869268233912863,6.891673559214436,7.404577767600104,0,test
4.7330352635985875,1.3352046907111643,2.490771356079385,2.6950877667702784,0,test
9.658269034189889,3.159694320753399,4.300930444894167,9.094706741830901,1,test
4.0082389453569105,8.753099139376111,1.3263383936011186,2.50250611053732,0,test
8.01682367388097,5.509368042019392,3.6997701062584287,7.2390693398256545,1,test
6.619647626098366,1.8546837004459733,4.001574784708206,1.5608491732575567,0,test
1.6353822711203376,9.230983870960749,4.117339220025578,9.600683865508838,0,test
7.48820660947883,1.120079255623546,8.103127775696667,8.94589466882371,0,test
3.2199142283839546,5.611836073331671,8.039083551828185,2.210375098666331,1,test
2.6520293023741384,4.073054535477777,7.983833174674943,9.35591950679501,0,test
3.9129402093040366,3.2854683926896806,5.766537497844029,4.168506126227255,0,test
5.228202959351432,6.152881674866971,1.499983934162364,2.57331486973703,0,test
7.762191968674558,8.013365994632895,4.574785600406774,6.337573045410738,1,test
7.026757886756128,7.23029334361294,9.030021738383986,6.1024535808116465,1,test
8.080740981624874,7.150013169914076,6.879890626867154,1.2717306618653592,1,test
8.62877133831845,4.063977746115912,4.656228964312959,4.002343961954301,1,test
2.603469359023939,9.760791884820813,1.9727199324356066,6.1148167999639,0,test
2.711654700902934,3.6518317574430466,4.860621301417346,5.0960026967732786,0,test
5.687185252630862,9.641406755729351,9.342411718947623,7.744098144880825,1,test
4.246638178668223,2.536956093098303,1.8714896116389066,7.966459311235238,0,test
7.116498464345559,1.2533771893875376,9.51785593060674,2.320886923463434,0,test
9.31047131670556,4.858805520440055,5.775993820983705,9.43972047817988,1,test
4.886452827937362,4.268900301739357,7.885431586182074,7.788077371916043,1,test
5.921163667220208,7.062748922144397,9.290883729550336,5.83826315512349,1,test
4.927790066953049,3.238366533306861,1.984819135929179,8.185377456678356,0,test
7.630981063165823,2.8557774308986517,1.4111730134006428,5.529540822938262,0,test
1.962549537652069,2.531722380930784,7.405637130832241,5.7136633729270345,0,test
6.83380239367071,2.7961280284930634,6.594436542230986,8.97939151052425,1,test
9.344260425740565,7.489542747020112,8.321325271421951,5.667808079125882,1,test
1.359436903457755,4.351366471467708,7.751509220847609,1.3628578509585094,0,test
9.743827930272321,7.2327122370994195,5.225121455655425,1.6018460334733549,1,test
3.9652847481667863,5.808721091455731,5.354328292758259,1.8228752008153835,1,test
1.9657892674273776,3.29064371971794,2.810857521344093,7.213465267299719,0,test
2.5307667541064096,2.2396786218462506,4.287462513047212,9.339196263752825,0,test
5.481986160437437,3.4292636936358942,9.79387641931714,9.645490256492113,1,test
6.463131859670875,3.4899504227442897,4.293474378497281,7.687202262851617,0,test
3.837692229877368,3.6409637040904728,5.219547080322977,4.32465005775903,0,test
2.2168358972058897,1.9744066366621933,4.184055480172091,1.0274487098785303,0,test
6.783102411087655,9.659569507748367,1.0894621080610303,6.959780303766303,0,test
1.8145705376471764,2.0161653002175424,2.3548420842339963,4.481580794434732,0,test
7.658514965454613,6.420880405592469,1.247769657552744,6.952186013752683,0,test
6.829325441439487,6.068047703448659,1.968121357504597,7.804084173046159,0,test
4.259354350913821,3.021947273919111,6.788878434388184,5.656342875194811,0,test
3.660703290451014,8.406060697803602,7.6859012237290125,3.4956448176369888,1,test
5.454025768277031,5.412657556123292,5.317547666913915,2.18079048176367,1,test
6.931667290274397,5.6720477799385565,2.0863773752810504,9.877569862614397,0,test
6.937215697292262,4.407446527832461,3.6168976837692113,3.4099853570924394,0,test
9.968178308666044,6.384585859486918,1.2866671018898987,7.47959027469097,0,test
5.550557997444153,2.24014935924367,4.836158703927016,3.04498254326196,0,test
6.2657339311933224,5.185360979135502,5.439680472164541,8.508401750574656,1,test
3.0481793700486257,7.156246013905573,3.3544184275061766,3.7629962077813315,0,test
3.459352111374498,5.793759331373609,1.9644224835288637,2.004081095182401,0,test
4.436464450916361,3.114210155019241,6.550887610429786,4.389747536809429,0,test
8.43544532333016,2.512239757694765,9.340068344136418,1.8455347791784438,1,test
4.463968924703822,2.735839967017596,6.209073162707749,4.552848344619787,0,test
1.2654291423310355,8.859164129371223,2.1272780255838755,3.7124347176550745,0,test
9.229932670848845,5.930693937461156,4.079852804030843,4.236847525002039,1,test
9.72393983859409,6.614338092571837,4.612499681477054,6.497869179811513,1,test
8.309622238881804,6.212394641789678,5.93123161304505,2.995323760978523,1,test
4.294169528841865,9.080180778842502,5.8455397853124005,6.2177613671417244,1,test
4.6042405151578185,1.812816044377339,3.7881718040725287,1.4521193896289177,0,test
9.890566836904934,4.099159067073954,4.140825289867754,3.929864962703859,0,test
9.1914408128403,4.59669998493124,7.070789830427348,8.093878683325281,1,test
5.032533625207346,4.349233927014666,6.433772570033326,8.09533286374461,1,test
3.6753059048810246,8.993285695723003,8.030693996073715,7.244946632230877,1,test
4.324774974964534,7.0423198526642565,1.0918943804449963,7.978390637491955,0,test
3.3778401499066293,9.44106496156744,9.273921956590844,9.102837381741082,1,test
1.7369754070961956,2.264601933965518,2.146018508321987,3.539619756307164,0,test
8.199666224221351,9.545621395393637,8.023131245956582,7.002776397884136,1,test
8.277083062194993,2.938387325444382,5.539337219562769,4.9899971181615665,1,test
8.508497812180584,5.367275709700949,4.330685889326846,7.295991127767924,1,test
3.786807910163539,1.8090397807073133,5.765846146304855,3.353775351224238,0,test
5.892115059226326,2.2057580241275856,7.663731494992239,2.18874161278095,0,test
2.9694156087065355,1.6814650421916082,4.1511628431686365,2.9239608763378198,0,test
1.5628188968594972,8.478571929068252,6.986092985036534,2.5473577070359923,0,test
5.701041443642191,6.426225125908085,8.745287658860324,8.028001309958949,1,test
3.9500328374199847,9.261716067876735,2.2816297380545354,4.88360479817194,0,test
9.271695173096738,8.370126811932806,7.959817241748075,7.2299045071810735,1,test
9.15294614118296,4.068406910638372,2.2667133470504837,6.7662322583261005,0,test
5.434505062547145,5.001442328556696,3.5738425075883002,2.809078737068011,0,test
2.5531168843669305,8.222187109645425,2.3348206945382186,4.2306016874179475,0,test
2.6729809255033747,4.609823305034427,6.737393091137229,5.392932956244905,0,test
7.9948896042405435,9.09482643331999,4.763455608273409,6.935070184957519,1,test
3.9176718991366073,5.911666714637604,6.296335978805753,7.245740828692551,1,test
1.880512808555791,5.321304411363209,2.547351147448701,4.786578375651571,0,test
8.821076385991198,3.078249826800911,4.0947634666694,1.48794476116429,0,test
3.0301066583629344,6.081036682791508,6.060046293229604,6.6711966643601235,0,test
5.260672356520174,1.5087202086405922,3.3597973354220825,3.972981832828856,0,test
9.47604197487611,8.270665206175373,9.995670459838541,6.65812177832252,1,test
1.2557817148443495,6.344058922474761,5.884885122686606,8.591915247290608,0,test
6.0934475803504835,4.614018460305239,4.151008023483759,2.7841272088970657,1,test
2.2264928212588337,2.5378315197941324,9.346717008444129,8.203801499770714,0,test
5.068776004221962,5.342215444868762,9.658158126045885,8.38047690986113,1,test
7.760375425914857,5.13811895811272,2.2082584670013636,6.593796999743545,0,test
9.518516448138895,1.6007817015313788,4.525132506088003,4.224080975383446,0,test
5.056881534335519,6.00113640854202,7.490786382315104,2.1863266323222534,1,test
1.7297835047419314,4.273306153905167,5.430315020175746,8.462715669534932,0,test
9.911022626241104,8.571707813529096,1.8250533928584605,8.474941472797527,1,test
8.235878728788698,6.574067928328884,4.301566077071952,8.443729997625162,1,test
7.438063141640885,8.95189555840706,3.414106155779674,6.972366579901669,1,test
8.549953923204601,9.772659977439925,5.476548147651406,2.64963916124184,1,test
4.1421039906944035,2.1599070222809584,3.6903434021087156,2.608103859479609,0,test
8.242854183442287,7.711312809056039,5.7749664335185455,9.164619093127996,1,test
4.9211744590015645,3.890422067156318,6.58771330144587,7.928137267752364,1,test
5.983824949502874,8.119913884462417,7.292043385497088,4.295270523235365,1,test
4.342461146383595,3.9861417937143617,9.377500884226496,4.127463677995138,1,test
2.624956448637306,7.464268795407028,4.684093448732119,2.590679694252395,1,test
1.4666273651132926,2.2264867279180462,4.207799426926706,1.2626985084544573,0,test
6.940979303855816,2.568645710797371,4.776523398453808,5.387863684172325,0,test
3.80882275181337,9.776250038395064,2.560183935453714,8.603621076657909,0,test
9.890479329070645,3.144851317778202,5.179146794653314,1.3873817199771146,1,test
5.988478780251413,2.106057614578286,6.568432822700693,4.308585497745122,0,test
9.682469902578887,9.382000672767958,3.4251265945872147,9.341647313093624,1,test
3.995185717532503,2.0905881841807457,9.568491821774494,7.924809110138246,0,test
1.349433699650561,7.024627442052383,7.576445332191646,8.855966872087137,0,test
4.6509979620084625,2.217584402736655,1.1775276549014326,1.986190108668706,0,test
1.1886126483721462,3.113867558570641,8.604649706436724,2.9504300760193876,0,test
3.613957084885196,6.6680276121825095,1.310266590779885,9.6639024986106,0,test
5.222299647950754,2.636200776203678,9.76064879303807,4.270044750282696,1,test
8.025560087809323,2.273321109781409,6.219508112696379,2.496083932489623,1,test
9.906896864101693,5.526998281766593,3.5642321903411105,6.460119924186165,1,test
3.201834873196093,4.7849344322333955,3.860209213077214,1.5333031165285917,0,test
6.026501607952479,9.826174392931716,5.470101926545055,3.0232706365558446,1,test
3.6364752187955465,1.7705935293437656,1.139045665227049,8.41554949804437,0,test
8.066857991015862,9.820022968195413,1.4641718571949411,8.067587486913563,0,test
6.924804534178268,7.789513142172411,8.100899904281105,9.434743821084027,1,test
3.4075883607151622,7.50357915621206,6.963061856947246,5.773467003619894,1,test
8.145351407497436,6.9602176213652855,2.7536155783108898,3.94791326030451,1,test
5.084535694356429,6.502753062034379,3.5002766698209595,4.324696443708944,1,test
4.776794320163605,2.1377248496388868,8.537003894695381,9.280667708295084,0,test
1.5738161441394385,4.08593503428375,5.952807530181828,2.595399241982736,0,test
3.193234119719894,9.941066930158042,9.969064495449933,7.266866971220746,1,test
6.149745568463532,1.3871610013100524,1.7674215535134445,7.491194198329967,0,test
4.916582544985007,3.2299458558216143,8.317396824664478,9.937852559491787,1,test
5.441114940693313,8.608818858549448,6.244767421775735,2.444329300812482,1,test
1.541608410114128,2.938639012627039,8.196556054153069,5.809397740638371,0,test
8.19680981066486,8.718551049527658,2.1762515742138975,7.457064495759122,1,test
8.707413661793433,5.8888719012869215,7.312992727761481,6.075868360064816,1,test
3.001340310491518,5.348484977164787,4.034320109495739,6.464234849980127,0,test
1.9744268840544872,2.24541569775898,6.9559523269764165,1.598095907792076,0,test
6.063474314210793,8.875229984165184,5.6936868537230545,5.7294567849958415,1,test
7.832610923403962,7.0296675213228115,9.493500802583066,4.143517168021592,1,test
7.325203285458581,1.8576988224353956,1.4598851985739993,3.51052859846534,0,test
3.219114966803188,6.349725770085294,5.075914930875968,8.759425053660358,1,test
1.0678441232526041,8.76718564601659,8.214306568300827,5.753045341074379,1,test
1.7583391114304172,1.115614016199614,3.397386662148696,8.665055071924815,0,test
1.6867818435122626,4.457847637697233,1.5507026885483777,1.4834077817093934,0,test
5.683281896630212,4.254940758795419,5.559962005477365,3.6898773864902226,1,test
8.93404124835475,8.099102588030183,9.048447171843804,3.523731650283638,1,test
7.26916815321012,3.9145496702375797,7.251649731591932,7.820540131470406,1,test
8.574910225175845,3.6160201091050537,6.329762009126971,1.770411307979234,1,test
9.662716291242685,1.2015436798904078,2.1822991534653644,3.9666946425892737,0,test
4.565939290767042,6.397898148152035,7.755650380029021,9.771597477930383,1,test
3.784254680580274,3.899982845490391,5.708317110831719,8.712852582611312,0,test
5.97062256603872,7.104145717369825,5.1082428176715196,1.519594494501097,1,test
6.82065880669411,8.131660775007237,5.2397857627994116,5.402442197506071,1,test
7.121665457536181,8.84376422754617,8.003135319221537,6.971036739627283,1,test
5.523567061534416,9.296344868123594,3.771454461913157,6.565453894358239,1,test
1.2070134871276919,6.342427303524796,2.9727466068910866,8.03942208954205,0,test
3.8020986586173717,4.936846167854652,6.019232680967807,3.814906576264395,0,test
1.6023090950644714,3.3343401179642944,7.814012269596532,6.893091064536539,0,test
5.160445219895108,7.206151133367721,9.48847515975977,2.4293876200013167,1,test
6.681682727145076,9.096124393533778,8.189603066862905,1.5276298286098953,1,test
6.161463099058096,9.974187430618837,1.6904761233969556,3.9539123002675858,0,test
9.696916899580028,8.14625744236412,3.8410767627075773,3.924977058422514,1,test
2.17384351718451,2.8123091717781223,3.7635110632842634,8.02732643367978,0,test
7.058445004054922,6.551535622720479,3.4020053164307633,5.880813931355997,1,test
4.400614196558187,7.194279683875036,1.0016310954234287,1.0497338768817626,0,test
9.829806898878712,1.7992217692400096,1.3508591637966119,6.48015555246533,0,test
6.937131376454644,9.35893085472728,4.644016201000887,9.957888414857637,1,test
9.829122363993797,2.0703792511540398,2.4849371162555887,3.3971348516096596,0,test
1.2560339640237008,4.73889164445033,8.062512954820486,4.1144269096887145,0,test
3.5017344824398546,9.6386447763817,5.232576443976887,1.3141490571579433,1,test
7.626331899335576,1.550116256012363,1.9275212448911883,3.2459719130965645,0,test
3.1042703611402174,6.199482856279291,7.372884397263595,7.160808258823353,1,test
3.658234616344839,5.6331875324373595,8.40915926776897,7.523183615652557,1,test
1.9381529653548037,2.4263574254129363,7.496702406397198,7.3695309119363195,0,test
9.073487002079752,2.733949482490546,9.210181063707953,8.390107871697836,1,test
4.554132967120609,8.714621714628763,8.920212501166866,1.9309716057292725,1,test
4.903619408038953,5.316926348735657,4.315358050310859,8.873083941499434,0,test
2.951101501939664,1.5722416910036978,2.6948514339581964,4.54994872784634,0,test
6.37909901920188,6.091611118603229,8.234010721094563,6.6999027830372455,1,test
8.26593415602241,2.605413870700765,2.676072777833856,9.478609750157556,0,test
3.3041359682295544,6.9675376957878505,8.755615516052995,3.416648518617783,1,test
5.8488439929969935,2.6260782717283986,1.1583783916116208,2.010193116432747,0,test
2.120272923121482,9.174313903090232,5.257479149758248,7.96786036283917,0,test
3.7484857623877854,4.656299046223132,9.05174000238584,2.999344722913155,1,test
2.741371673264513,3.327439376360056,5.750378985281762,1.482587808714456,0,test
4.298956110954353,7.293385495130013,8.383218011326486,4.802383257544298,1,test
9.559048743695167,7.93618865340155,5.831909191183311,5.952336021361053,1,test
4.081901061586994,2.0599163947717583,7.809631154300886,9.236777569227135,0,test
3.176500880089054,1.1298558526861942,3.3213031686805325,3.6521105197296118,0,test
7.752245574141598,5.412627043880734,1.2447286874081822,7.136318263749502,0,test
3.736220051245602,2.2298775656658285,7.852077721947662,6.265181408196159,0,test
6.601742810595731,3.64139458758338,6.634498921939899,3.2002325512079404,0,test
7.686762545263237,2.717051702686953,1.0329676109532457,7.772774525988027,0,test
8.197860062053422,5.029890923040693,4.306879904716265,7.817529093408769,1,test
1.6052844213100426,8.377242226477046,6.694189018337003,7.963156189504574,0,test
5.275794738755951,5.733003832223474,1.44677810605812,3.7165173027987213,0,test
5.4382961044138325,5.095033255507395,9.24382332166185,7.589272559925057,0,test
2.160847789507614,1.5057963676198205,6.30674413983191,9.277526628524349,1,test
6.529938661954805,5.828880842693633,9.863099383788073,8.92396278078148,1,test
4.377376822988715,1.98084569505949,4.3780543502909275,5.538601670763937,0,test
7.6960889278186775,6.78640728733597,3.2123390418778484,6.756054681166633,1,test
8.264257414406384,8.161881520122623,3.6146023612718796,5.487057203377614,1,test
3.6571163776308717,2.610651668022891,8.938338424026385,3.650817036114486,0,test
2.841181581392287,4.949964603824023,5.820674357014393,8.218695769553118,0,test
9.15710798886212,7.264619605427473,3.559827862542995,7.5931317327675245,1,test
4.12235705028441,2.1146237389386666,3.3174163840137028,1.8645546289840405,1,test
6.5507611427751735,5.2510424115854235,9.34967185070884,1.6268672185550965,1,test
9.058238964776201,2.816182813188235,5.3895569672872945,5.402179999746606,1,test
5.306726526810855,2.4329187305855933,1.2722700705552887,5.813060690619827,0,test
1.3477014108896759,5.0067048211817395,4.6180042191099275,5.379641227983462,0,test
2.360679339984578,9.563196404553457,8.828087676432656,8.552582068431736,0,test
5.732741285294975,3.0417463443567105,4.028433354137885,8.816580539315074,0,test
9.389413703060512,7.84304549533466,5.316493946709487,7.167668054136406,1,test
9.837676350888145,2.648180433517582,9.455601838521668,1.9560752203847698,1,test
7.32801806816517,1.306058180001129,6.525875079312684,8.644401083504764,0,test
5.900597000399852,3.714911131458595,2.8464462008535136,3.0729184496800697,0,test
4.72024641071015,8.830009215265264,3.2031374354063704,2.9150913002379983,1,test
3.982522983627635,3.3123027678741783,1.324799262125727,2.9631316678307917,0,test
9.265682930720988,3.1149246443344225,9.99613725100405,9.397002561104408,1,test
3.0117004297358236,2.3370321498582656,8.89357055062678,1.3915197053499386,0,test
2.6951295732086,4.468145295239591,5.066813917137714,8.47113739645982,0,test
4.217709884474564,6.365274631020937,2.2829474801241125,7.0104007459477655,0,test
9.436577742739566,9.997563845143663,5.483292094452512,9.64873350565482,1,test
2.957018576648826,3.1550586467551125,2.004971774027485,4.207188294029996,0,test
5.787138026756211,1.3627902560327556,8.573860326442652,4.640192746912289,0,test
7.300866073526718,6.068603156389555,6.055871517971587,4.582778287708985,1,test
9.233502577419841,6.1688628868749165,2.58640767286582,8.858385684604881,1,test
5.430777924096779,9.608549507553134,2.529904924905866,5.048811020736696,1,test
3.1196294401241014,8.864668689366429,3.1985987344629767,4.0460685336749815,0,test
1.7514089307631415,2.7742563500050825,9.880040004369926,5.443480696548695,0,test
2.258803249387577,3.1649904028487,8.647300034246186,8.260062312804006,0,test
7.677177004727182,9.890421106334779,6.159705257037096,6.992989548467084,1,test
3.8728375300509943,3.307962384038278,2.9465637001016316,1.3978016873598929,0,test
5.73056607618349,8.60361298707343,7.323898931116098,1.3118763736884318,1,test
2.727682966240308,7.4027050561829535,9.16012894202052,5.133876614669251,1,test
4.747954230691389,1.4788657002556571,4.678735301777849,3.850853304883935,0,test
7.025782892622342,7.202758408898489,1.0534000743233105,7.754296292585294,0,test
5.351598439576534,7.743808012649066,7.422663692055098,5.432658014817878,1,test
6.064861979161618,7.099649856653196,8.888972994308775,2.7055149773411102,1,test
8.788280149710648,2.0922201258104662,8.492669285190146,2.23951908480135,1,test
4.639498605062498,1.244559892753049,8.258264575005516,3.7776495828904015,0,test
3.0176278365897975,4.996503153399763,3.1912750799013994,7.1199449299619,0,test
1.9846357931226222,5.721295095664413,8.877048138904406,4.796684708717358,0,test
7.96756357748532,4.240162565606527,4.200833011037069,2.994615784133161,1,test
5.594795923556542,4.499027182306934,8.948999225157909,7.549030424627259,1,test
1.7630355224678778,2.4826030267472277,3.6655260704105137,9.352209473915275,0,test
3.545147873305338,8.733851922050835,5.169611340297876,7.374215793954634,1,test
3.364776018770054,2.0249199281578516,9.507350617180059,1.7568056082370278,0,test
6.604169412296408,1.7528117116737376,6.930291456323953,4.538255649757039,0,test
6.474630307994076,5.345842395039515,7.311049739067218,8.841572402622099,1,test
4.466462949048604,9.177544655518174,2.4966509436746733,9.521947825624588,0,test
8.281831770633397,5.826701187382087,1.8279789301070284,7.834469856731912,1,test
4.875911860312838,9.677557343295836,4.680139142636129,8.770547821432313,1,test
8.065800853528199,6.8550178973422655,6.523225426145453,5.615570376821271,1,test
3.6116139704746058,9.327166594256303,7.459868799858693,8.540596561030984,1,test
7.221937977286742,2.7885801581283793,3.9473419221547443,3.108297124237044,0,test
4.534407952374189,9.656358080277043,6.927769147852078,6.801141679839075,1,test
4.518536606843934,6.59914103559446,1.427988452398717,7.301514901701713,0,test
6.470723324354981,3.854951248951276,4.791988223574516,5.55013859274178,1,test
7.6527143974959095,3.856109070640083,2.0190996853912226,8.646319410082539,0,test
5.341896406164087,8.370564093183932,8.348017819300914,4.30128803441943,1,test
3.5382139074996815,4.905390308935274,1.2626213734975607,6.397369909967804,0,test
4.3063626842241725,4.966509765106504,5.444546333232849,4.502017404676552,1,test
5.003000404698403,2.3377422475528604,8.77629943126771,9.012893296547874,0,test
7.712299363961831,5.114331926058991,4.24954813722062,2.3962517696257635,1,test
5.081744483557619,7.351635521418698,4.541922748170116,8.694598201434001,1,test
4.81726462205264,4.20719446832615,1.1746872109788002,7.9947787993148856,0,test
2.6742485060029413,6.723909550687873,2.7776865094419785,9.146436309083157,0,test
6.141481592954321,3.874681047150996,4.3182942646666405,4.357424163718414,0,test
9.401285473956646,9.484585034185365,3.5678352363059536,3.9594921369164373,1,test
6.872794151377963,2.883440043029551,3.642927355775331,4.404949838400587,0,test
9.732076152192528,8.878709158519989,1.3217431981251802,7.981199701734605,0,test
8.413229504896645,2.512089140671838,6.415403502986894,8.624538428578173,1,test
1.3212088891323701,8.805876488537992,6.487613991661079,7.034970899332731,0,test
3.467503532271623,8.632483334479868,2.233942805869849,8.066260622894614,0,test
5.768474944593426,7.8517382225694625,9.667430251543594,6.414337363285085,1,test
1.6353292034475675,3.9239738040030776,6.099826150015207,2.890851094684036,1,test
4.690481367213642,2.2888205601522067,5.870857068813503,4.628845496313836,0,test
6.267330801891689,5.110238173048249,7.3301930053272155,9.414883220442164,1,test
3.8314888373170444,5.007939579449734,6.830214013941663,7.301769928047934,1,test
1.1553054826668587,2.094547711827356,2.3378350689458154,1.0433506295402781,0,test
6.2961992154501525,7.755147223537759,5.056416824699966,1.0152155883762375,1,test
7.72663353586827,5.0447003884737125,1.7316155095496941,7.019143349296248,0,test
4.301931832182603,7.462482243891155,2.3843772602279785,4.386077523908955,0,test
2.5845692594464027,1.3636518734261194,9.435662468720194,5.3954261323347,0,test
9.43263014561245,3.344503126145502,6.850202874000977,7.092666239880081,1,test
6.536946349108542,1.5312372401287067,3.1374018074865493,2.1186197117434373,0,test
7.47179301356584,6.716144161169643,5.384716781677648,1.7278823577003992,1,test
4.087237581574792,4.841211089734737,7.111059506674691,6.60514441037571,1,test
9.98010740943507,6.328962517013286,3.237473945486082,3.033457085680075,1,test
6.398844625113603,5.768665589419543,7.123795886237591,3.748915293945653,1,test
9.637793926793963,9.52919043528441,5.850850800635377,6.7990614087441426,1,test
9.724273085763143,6.984035433089794,8.346093367502842,5.449340879924142,1,test
5.797193938715004,2.5412820730679364,9.304652265193763,1.7876808613737558,1,test
7.4634415886441765,7.31238072378914,5.623888753977714,2.583860158656032,1,test
8.86819559933619,2.669710099856997,1.6637401665536746,2.9913391348122516,0,test
6.972538027228091,9.39073886940589,5.2167601874900855,1.204315990340766,1,test
6.407820130745986,4.13351910073432,4.886920483276057,3.399192786696315,1,test
6.063798845063586,8.683976149266774,8.028794386528462,2.7455734647061245,1,test
1.8318545939757986,5.5866523690157175,4.420877402681677,7.380608272187686,0,test
8.837039637042519,1.8529464702995064,8.815948254378336,1.4220560457959581,1,test
1.7066082683973436,8.778557514137752,2.9977931316909308,7.456247420729817,0,test
8.780493918471041,3.6940113398093715,5.436034862031635,7.909346174061112,1,test
5.2652887041642185,3.011021632646621,3.481932391342178,7.369915911040986,0,test
8.854675122543012,8.805378575378057,2.237020783132893,4.248826990980033,1,test
7.21426694884086,8.46008572658588,9.35884510813238,8.14571804824053,1,test
2.218015962503372,3.5156878181774704,1.8392404816320487,1.41358354123728,0,test
7.371893166307491,5.982552619734695,1.5518124678598544,3.29169443249438,0,test
4.860919197172389,9.724383456252482,6.5943836199630566,3.0956588049820075,1,test
3.529951991283029,4.612294127048324,1.8685358659227171,1.013760392279516,0,test
8.470905548649693,3.2165418623002946,4.109059256576031,2.4131634756516087,0,test
1.102180382369488,5.337336430712585,5.777057041106782,1.841197720703114,1,test
8.535910864198677,5.815107056768461,9.899370203819975,6.266544419452378,1,test
6.80616266240129,6.275908110149623,7.393074387539119,1.9310148597443102,1,test
4.839238573798612,6.677307879078946,6.822494780303108,3.4238515212982943,1,test
8.069144061149995,9.977741871225975,7.936941971903529,7.95514393110936,1,test
3.1976463440333625,7.667625706687154,6.670986733392759,3.2111910486595776,1,test
9.159885275493322,6.8494792023094595,9.30887064079847,3.3448403160958082,1,test
4.118747627355713,8.147660036292098,2.1018415182163857,3.5397717121965764,1,test
8.50492508366466,3.022297049923501,6.6214534540675,4.969500111205783,1,test
9.01747873831518,4.564387251773907,1.6213794467032168,9.931920360483756,1,test
6.1684712348918636,2.4315442826626423,4.880961687577415,3.53813504752882,0,test
3.1559672586264176,8.164691656802358,3.377475303926062,5.281777677357292,0,test
6.257607966206335,1.9792550495140842,1.3740401877670032,8.905341009293602,0,test
3.5128944995724054,5.391092458501038,6.682396424843411,5.5531981051596615,1,test
5.347082744822739,1.0578976077108018,8.288079904620908,6.582173742280763,0,test
2.57372253188227,5.433617367928067,1.5854044473639792,1.1897833156544912,0,test
7.821080435005472,3.9747336367179384,6.502729804309051,3.6572945645445216,1,test
2.694127702507472,4.444570256545269,8.23715868016225,3.6048213633908017,0,test
4.931216847296219,1.3361790519580732,9.278668276040616,9.064751391469871,0,test
9.414420541834083,9.145086532534606,4.374639990372726,7.0146180506477736,1,test
3.8237934616928615,7.442307350878569,2.210983272921082,9.419558575815916,0,test
2.9403954572469972,6.410521876106682,7.348302203887806,9.857090837885659,1,test
8.971107461248668,9.674400370429662,1.0078053342034852,5.545148596971596,0,test
2.6380265743055205,4.940975585465279,5.01752551790387,5.410738882414067,0,test
1.7095260389633742,3.4085519456432722,9.659193913780673,7.064293735377076,0,test
9.187102917793839,4.240577133643603,8.562720899240428,7.99446649355405,1,test
2.1803627597311714,6.002371258273152,2.1917020364558812,2.2491666148078817,0,test
7.013820335227872,3.064212457899363,8.522880386482004,5.9190261677176235,1,test
7.895566961136945,4.98957616603781,4.130473755259324,3.3259592034383676,1,test
3.251627673705381,4.96001715230539,9.655799325428758,4.761291931701191,0,test
4.311479098623266,6.1829860468003925,1.6983894001310333,9.362034995762771,0,test
4.143936007526311,7.46147917557403,8.91190863823032,4.944803540656089,1,test
5.400934122620834,4.538120179472682,5.6850260883977946,2.102082052733498,1,test
7.730235923798832,4.751656172456327,4.155706888731012,4.318618692024037,1,test
3.9379186058505375,1.5333518089591074,2.236297690509103,1.9129289834881558,0,test
9.94987755138548,9.379322781349012,7.097586125948524,5.780789915781754,1,test
1.9041458162706761,9.435181517942242,5.940246428492712,3.4473669354235463,0,test
5.719426669851583,3.7019862987980345,4.765772288821376,8.239691666524966,0,test
9.610271728995574,2.064236803789411,9.210803427614003,3.7524678384773127,1,test
1.04447025946752,7.809657361676311,9.361760864081916,4.283433829655909,0,test
4.469602557054474,7.730404933197237,7.761258343094231,5.6660704819145025,1,test
7.1233707038806555,5.705973350665372,4.448069664176375,5.161917001043794,1,test
2.1378335000471593,3.9738166910952524,7.9782602177550475,1.0697750859163015,0,test
1.258433875687706,8.956970305864946,4.397234194235976,2.2893488521715524,0,test
5.4176194897335,1.672908303128087,7.774481169548968,8.497754140869596,0,test
3.031000378905209,3.772734906084832,3.051745009312497,7.3941246009649255,0,test
8.731928138622884,1.9614255542173447,5.157478928076426,6.0062785668937675,0,test
8.364522817288162,3.037478298967044,6.791510380667988,8.100291598652868,1,test
3.5962041566531875,8.503707999835102,4.546545609252866,7.000181083713494,1,test
2.8744427216965835,4.059500827565707,9.118027195358545,5.914409197521616,0,test
1.596213745715192,4.5481399969462295,7.591819709500761,1.9841162016969034,0,test
9.863163703459954,1.064460813935114,5.932509608054555,8.254172666887495,0,test
3.131892411031708,4.061041773387318,8.821420060016319,1.2941855023410795,1,test
4.1218247284369465,6.08527706927943,8.850033903669312,2.8036185224295656,1,test
3.5098960356808933,9.078314793051199,8.91963598665536,1.6655868247216776,1,test
8.419889584124462,8.12974900459567,7.473757917690101,2.9155317929087325,1,test
1.837337850172312,9.92319447359703,1.5670179494342555,4.716464813087697,0,test
2.2789743929960964,3.9280620682375877,8.059485650250032,9.324233845226487,0,test
3.741354083118133,4.121394382062167,5.741223316672868,4.8095906753502735,0,test
7.7940407940695176,3.4020489812234986,5.107018515961393,7.200916757281467,1,test
7.40946064411439,5.066421755126423,2.2129214713900174,4.4076576258363795,0,test
2.1874036493550952,1.7753546562334472,7.7709298688910895,5.807520891691163,0,test
3.8258082524064463,2.7123135587946665,8.024773342111857,6.439127866582006,0,test
2.2606432239599275,4.691143402360145,9.310365078754186,5.185192198669971,0,test
7.768738406066827,7.0736718979292705,7.485742573678973,6.243276880103646,1,test
2.6393398443814693,9.466676358224195,8.608033182564078,1.8556012359210463,1,test
7.743433985856733,1.7162054317537954,9.394447946628244,4.620743112770505,1,test
7.1149386332704525,4.502370893431635,8.20531906261289,4.301346008581269,1,test
8.55815904753052,5.994916294951842,7.856393481859132,8.95093005903237,1,test
1.3291033047687235,9.523198636002425,6.246372166699332,2.839574668236576,0,test
9.016165863784995,6.725223656263619,6.939099375245948,9.044276962696697,1,test
8.03497765767224,7.992653496458627,2.404996147936359,6.869219665464338,1,test
7.899418023356125,2.1270635766399106,4.860361854947373,5.540031252507994,0,test
4.596677821921353,6.39810509109343,5.4137149873542585,7.4043427459681315,1,test
8.141178589200612,7.733735137111176,2.364393184551273,5.470296909184067,1,test
4.40977215449253,6.449994842736074,2.6395136287918515,7.589797503962954,0,test
4.995724105195626,5.109656484353898,6.2402615217546185,1.1832394510964699,1,test
8.067084024732235,4.1965507980668875,2.901754554303616,1.5948003926879308,0,test
5.0604690264511465,6.484763488031226,4.062270486361225,2.52680094552106,1,test
6.374507973089653,4.804163342534422,6.245163080894652,7.287001049440787,1,test
3.992498539751685,9.908226265934994,5.539220707185776,2.087357941813655,1,test
3.669821967923215,4.496103761232188,4.3462035189359955,4.77755253808596,0,test
1.4537081971211165,2.689285756369954,8.192697610811313,3.8667135786932363,0,test
5.436493381791413,3.371744783480534,6.42393944494608,9.681246514681604,0,test
5.316224499773611,2.016998549793497,9.980944323804602,8.627784810617309,0,test
3.375670151693172,3.3863632302817424,2.9340649796858385,9.471908004684668,0,test
9.940163554953772,2.5375546473714397,8.617483226076828,6.666846336993116,1,test
3.7320034869429417,9.718066381835461,6.167785980327466,7.326033549627671,1,test
4.385682038986973,8.400869881987878,1.8377169916683986,2.8921394594154317,1,test
7.238468422967864,1.405451088070679,9.869427768788922,9.572491759376081,0,test
2.402675243885552,3.976224485376518,5.08392923600842,4.397695667427037,0,test
7.804520673425498,5.018839037909789,2.57871012275381,2.8718137912171358,0,test
5.351236847879617,8.715363865718722,1.1805696812376225,4.1178550841889034,0,test
3.3223925224913273,5.8087178180048396,3.4747599288577375,5.092000190895845,0,test
6.412369332565373,1.253982650166988,9.948134041639802,8.847212682303475,0,test
3.582724745404515,5.8985996763148965,1.0179391854978819,1.056646721733876,0,test
4.485837070505543,4.869499586093134,3.002357645314028,2.714942727781877,0,test
3.737629615589147,7.072425296710066,9.1095646679535,3.047037615265636,1,test
4.01702997922445,3.142495965513635,5.258750989020695,4.5586860039424995,0,test
3.055429233504738,6.541586252338856,2.93574347809546,4.131464987632288,0,test
1.474377011118671,4.511089960382423,1.1967955087279352,9.605391250475966,0,test
6.505712332100569,8.91072768351944,2.477096847390528,8.670084840131786,1,test
1.8782276507427063,9.493945886172794,8.870994309628138,9.172756124550766,0,test
8.785059488168343,6.127192631723642,5.101646998750774,7.662518503665407,1,test
6.952889781474838,4.345463118495699,6.1624603857836115,9.515873099383361,1,test
3.1210820281140466,7.243728446828609,3.2338443027061174,1.4171066388951643,0,test
8.888238770372677,9.477630719860326,4.701106832669929,4.992587984925099,1,test
6.519650281757855,9.395126015840287,5.478242027257011,2.6956942529616197,1,test
9.40471161309842,4.148979465119925,4.497309863890566,3.1065347551846574,1,test
7.504400290056952,2.795920949954366,7.487735736759938,1.5937971549535757,1,test
6.291363875262227,8.676146516988862,4.256423863425784,9.493669408433362,1,test
1.4395540325499958,2.0739423131116137,1.8984624131073136,4.563734205348087,0,test
3.8021610405673294,3.8471036109959043,3.623956796485791,2.3582246182373416,0,test
3.1654180890831416,4.993149011698332,9.949091538753951,4.673348282107424,1,test
5.220935979922082,4.404672236589687,2.2211936370669303,8.259239779071972,0,test
2.975238867258325,1.0263114516775087,1.3144740902271068,7.521622714747395,0,test
2.468751039214059,6.321160549749332,7.65203647062709,1.717439468994753,1,test
4.727442150392263,7.4985008038352445,1.3573119331690844,7.62410313216032,0,test
8.23443912619074,1.9145159531206164,9.997059481824932,3.561901060153373,1,test
4.303435849505274,2.968907579441859,1.0035225447163467,8.292750285250097,0,test
7.905368832352293,8.249642876691729,9.632032198947385,1.591110252185715,1,test
4.568573016415871,3.3302496306235536,7.745668580462477,2.76625710781987,1,test
8.503571004832,9.453256426757502,4.805248086233376,3.28769398651379,1,test
8.430541675811579,4.472875426341913,1.82391723036834,4.459418760214541,0,test
1.4471579304717581,7.857341280829787,3.480302639227588,3.489474851752088,0,test
2.4164891445819747,5.666285605513904,5.2260196414773965,6.937524032578438,0,test
3.0065207938224043,6.157244463355996,7.941832382152607,5.599313831020333,1,test
1.1389562339448893,3.686408466781593,8.893894687531347,3.3685452266567615,0,test
5.526358870458334,7.422598074540538,2.346494287743031,2.3151055679004493,0,test
1.345025142560127,5.206816539287148,9.40342227749228,3.9760914397069134,0,test
9.445056995040513,4.123386315755985,1.374218170728696,7.163745275537533,0,test
3.6881578269553494,5.427733265666457,3.1662166911837946,5.794209421915105,0,test
7.512053042854026,1.1067126397163163,4.8407750311366335,9.132984573873449,0,test
4.482348989977476,8.727589687941975,2.547630578341436,8.156836234986951,0,test
9.297868846493566,9.151362620735103,4.327848937865308,2.659129125620632,1,test
5.21484235637582,2.74873138535006,8.07167983857877,4.232867152478524,1,test
6.665246612623401,2.9844874172094507,9.998195022418951,8.47074057506952,1,test
4.77998071952592,7.870309241344374,5.983494930438986,1.6827837561323329,1,test
6.897195986337391,1.7056940833417535,9.229522191257093,3.283961917855956,0,test
1.0016598728929629,2.2992717169899657,1.6498189113737824,4.639088247143019,0,test
9.291198375919796,3.3789523322850785,7.189915313697159,2.0153235564647445,1,test
7.846089557260007,9.63584408172462,9.905696714405085,3.065035801796871,1,test
5.535779188850216,1.108624468033859,4.7050755426535,8.711364369110463,0,test
7.990586654641781,3.4676900597491747,6.163094063181429,4.9044904096222925,1,test
4.2430711034734445,8.550152151498903,4.668992887407198,4.274410628863981,1,test
1.699908340431867,4.077861531058722,3.737603082567701,3.8900654023731116,0,test
2.206299243443259,3.812598790294396,3.4961241576736732,7.1975206345927045,0,test
3.980383055424526,8.353489472823712,7.841240380163919,9.901069792252123,1,test
4.807323053175823,4.328616009698267,1.995591076614414,5.544721531864777,0,test
9.805185002225102,2.6133872806916556,7.248612447736476,6.409807916605853,1,test
5.8202390911635655,3.846698982183398,2.6833228414314747,2.408894352536256,0,test
5.963756878920078,1.1204304414533595,9.842069468973419,2.8460162896271424,1,test
5.135231116307668,2.8907900803683138,7.9303868973776055,4.214305911993299,1,test
7.242244795671747,1.9709473113284375,1.0837028055207765,2.6417253712164515,0,test
9.78370699819181,4.8589538887034225,9.738807467807801,6.249515301383036,1,test
6.727370342952481,2.929089728485454,1.3085949242764439,9.205613123573528,0,test
6.467839056390512,7.403800837707615,9.428692023956906,3.9452325658292073,1,test
9.254707244937205,4.400710757705535,6.4459251246516285,3.819394369125087,1,test
5.343145610906861,6.4411300484414244,3.9321401163905074,3.295345774151886,0,test
6.963654143659724,7.049761387617771,5.067198398764095,6.99375134959938,1,test
3.6634313159413203,7.91162217466566,5.525624856131323,4.189962252675601,1,test
4.051310599685736,5.5802642045938375,8.305463518202803,3.440799797432667,1,test
4.837207076344956,4.1553043910136624,1.1045018969001212,5.656591016080857,0,test
1.0466675793176474,3.624257379515936,8.467806814952052,1.7123539911758403,0,test
6.058829735201771,6.387232445322363,2.1610104340939227,3.399291413203701,0,test
2.004948589900124,9.506024507966941,9.012873023214821,3.925524559694279,1,test
3.5147612486697404,2.726523107592352,5.459807942164355,9.712763016177005,1,test
6.032035796671609,7.271265150718692,2.1344015490884773,8.419572329114775,0,test
3.8724122633108236,5.350799208712331,5.634183793017469,1.4227453131061778,1,test
5.276674793021438,4.659719945125991,9.2544695568985,6.825183616857124,1,test
4.079522285154628,3.511778930334883,3.810751813656288,3.4825977430032546,0,test
9.422078313609804,1.894217740843704,9.741581065139261,3.708349921993333,1,test
9.95595943125193,6.855237449995878,2.210658216299883,7.047905871575934,1,test
1.2098409767237757,2.4166360254560244,8.21095156917652,8.946211462752899,0,test
2.7073842989884285,1.7059643078594608,4.4611315181686795,7.052460163865193,0,test
8.671730806056706,8.847890307163592,2.8658934357823003,4.829836435318555,1,test
9.679738980964668,9.613632240556909,4.548095565058353,5.826670646562835,1,test
8.976549048389334,7.864667145909913,7.185759142360715,8.845640965907451,1,test
4.311265647564112,9.699529368468811,9.674355427926272,5.940782920611352,1,test
4.031087559697873,4.371584904765552,2.6162932919339195,3.215033708285814,0,test
8.623994208571247,1.886210070437822,8.773840739398397,6.433628421432676,1,test
9.154604749561774,1.3796236535847117,7.462988414324217,7.248519040249728,0,test
7.328200172882358,8.345477115792374,3.7020648554356077,7.172607254616455,1,test
6.002534687942579,8.301765472315452,2.3973484291484657,6.535917396247212,1,test
4.530181642044505,6.742551952660768,8.937010175434871,6.0070263586338335,1,test
8.620733808125422,4.188671679384375,8.017181965684824,2.786921908992647,1,test
4.2802634096848955,6.664143754823309,3.022634883212562,5.428403140930661,0,test
4.204736026231085,5.584089658308809,7.171301455364076,8.781343831021566,1,test
9.83687042493194,7.686520933808871,7.802787840627852,3.7562718901816736,1,test
2.0524514610800084,6.133035847917831,8.45374759343144,8.955570224097395,0,test
1.4611787016322952,4.56160201648955,8.669616146664914,9.398819494968713,0,test
4.3525627014265424,2.3066523132748564,7.666000074568395,5.98377286923594,0,test
4.956061481304008,9.52833376686561,9.273219248324532,7.842613668793465,1,test
4.546069595816251,3.3297394991138822,9.287578906636256,1.6707415475830334,1,test
7.52623795368064,1.7287148903617342,9.716500445639246,2.092726873988108,1,test
7.9942134923539925,2.630731661541282,6.514052127541389,3.071985099763935,1,test
8.949841018513645,3.9377705161055636,6.7730002378524325,9.158180560590761,1,test
7.210249940441331,1.8139984676838479,7.273161995530915,6.515881637970102,0,test
3.263814791771475,9.938377408793713,9.831848297340548,1.2705358207079822,1,test
4.673395534557953,2.1778038655430287,4.415667485735026,6.838033075471949,0,test
4.71107470029547,8.584391264311364,1.6168293239710654,3.94200696861395,0,test
7.633147951815961,4.6770968872232626,1.1759493909526602,4.693772080843848,0,test
3.3164204232766723,8.990816461457293,8.259918408654137,1.1931333559782624,1,test
6.253595557261022,1.7518300781101857,7.828286045826321,7.944951071803016,0,test
5.807994871780101,5.020706825402444,5.58001071535776,4.748462813961558,1,test
1.4465522997335123,5.428834942499644,2.9995806681585417,5.714121804323145,0,test
9.765852984757334,6.710860157921452,5.699525981606393,9.736344363924106,1,test
7.307462201999112,5.734005308163825,2.9346510766599487,1.0010060597021906,1,test
2.9754449344948735,5.347124971834542,2.342860813405146,9.50772993270586,0,test
2.9877524413189818,3.323955791241535,6.814659943512938,4.105061652963428,0,test
2.6854204020512817,6.065123680899125,9.322780675846367,1.187537933416806,1,test
5.025312411854198,1.2886177312499645,1.5031876968027142,6.395729266594819,0,test
5.72639242970978,6.184462894013562,6.2583117929847845,8.685013757303283,1,test
3.279530961638973,6.443587266895992,8.272035267620662,4.240139499166226,1,test
5.958239544636326,2.4801128961044436,2.5816113058920913,9.22597917642975,0,test
6.261233865457339,1.2639417869972678,5.486671580531114,4.138123342866956,0,test
7.5033023982086915,2.7220556753349534,1.1133907126091032,6.622067172189145,0,test
1.447799649990038,5.587104513926682,9.7757529860374,6.51693176314511,0,test
2.053376990399077,6.02601792176139,8.564712889477473,7.259931679688106,0,test
8.859315285153878,5.593038848509343,7.662885348814794,3.932111674608699,1,test
4.92584764327822,6.5563041660375045,9.568779592147017,5.187251827122556,1,test
9.754520531255443,6.059848450702933,8.391136715315948,7.940466328354104,1,test
2.2086086212011873,1.9942665280498364,2.697033213984285,4.26108844016358,0,test
7.749228356466586,6.9116395413276415,7.552240758938998,6.7440801814304825,1,test
8.18619036291932,1.2110498606524422,3.939881695341696,1.5615121631709798,0,test
5.248903312157862,5.332014391896224,8.988369677852518,1.2071233287350007,1,test
8.125907123596374,2.9087105788619736,6.7507798996760835,1.1808435993637507,1,test
7.856622330209246,4.321847092991959,3.6872449589686425,1.0254628454766213,1,test
1.5631404048491384,8.151841309470035,2.711153644189673,2.7812227988022804,0,test
9.841465577272029,9.633257659793227,1.6747811218354747,8.948317240884915,1,test
1.7694754978056058,5.06382800672338,8.531521349100213,7.876476067338689,0,test
3.7216808517977427,7.698446280482081,9.841180261938264,1.0568027770348685,1,test
9.41938868981221,8.989628609353248,3.0774510322837503,7.0139054956317075,1,test
8.99532999900517,5.914370405923545,7.30274167439415,9.195789633794535,1,test
8.071087891153734,7.37040889446665,2.216404820868889,9.111233180781442,1,test
1.7136633741939882,5.500307063192625,2.7572517668127925,7.018636477767336,0,test
3.0954171897189107,9.658617749491691,2.7081850577050313,4.491496920950982,0,test
1.9248510747454903,5.3041255593248495,4.933213074916939,4.645016211768937,0,test
8.970376579007329,4.0159469061730055,6.7888488477212166,6.099185097799263,1,test
1.2032775921075214,3.058558102569222,7.4557571730286964,6.040219176119788,0,test
6.663142367292374,8.376087111651088,6.583190560933928,9.643663778191176,1,test
3.518581012870059,2.8500458449215706,3.426898380575554,2.3085978740717232,0,test
3.4990123861934506,6.978115087752151,8.857837055607781,6.7425935916669015,1,test
9.370320489408522,7.508878044936551,8.170783202047996,8.703676213600236,1,test
2.4122826682313665,9.50880781854543,1.6164205603402308,8.013295530314153,0,test
9.81964440207689,1.1160226154010036,9.616405229277042,3.7621248644715104,0,test
8.118630968987675,1.102480021555618,6.148339194300498,7.228396747511615,0,test
8.537461784174695,5.215709950698506,8.022176604324418,8.413205776117158,1,test
4.933121190045382,4.788391739782822,4.345088095142897,1.186858883175826,0,test
6.354775751274816,5.889379366723924,4.45949800059144,1.2047712817590885,1,test
1.4931262860589274,2.0899361131550993,8.274919709957807,8.019514697179256,0,test
6.935009387557213,5.817836543875642,9.452731550053167,2.5607711414188037,1,test
7.0909183406535226,2.397428298762619,3.4342214850544135,9.295897453605207,1,test
8.074491602056366,6.144854970543289,8.059436718682447,4.282849232628383,1,test
5.5057700523332915,7.887195484590472,3.7323306223804096,9.555860505246901,1,test
4.891601480956608,7.180244618621712,3.9648475070293507,2.136818577273351,1,test
6.045041982949197,5.3784614266180855,7.943864458556439,4.183950942363989,1,test
1.2883372889987559,2.6548510048711345,4.784735064333487,4.781034088623871,0,test
2.0016609850775438,3.3129938726911217,1.3959657455331382,6.891293405396763,0,test
3.3141085729457673,5.872044981117123,5.230587907733627,5.4841210391525586,0,test
5.291985273962219,8.310676702365566,9.999242279533783,4.943504774771665,1,test
6.705313835293539,6.047210873886832,8.624275652479103,3.0042805591016997,1,test
3.225912926813229,3.869909345486266,3.007700965755582,1.6270183467597032,0,test
8.420615241644345,3.187762495543615,8.793478241982285,8.145239994129383,1,test
1.7678778466194158,2.9976512233900388,1.7000786196025528,3.2143443527515134,0,test
6.131580623338214,4.419212544761974,6.4852273787959,1.3288414774959876,1,test
1.47136923230735,6.3113276077923475,9.222998016847574,5.944528018760902,0,test
2.291408788613545,9.18517776762147,7.5728791021328306,2.643363541226992,1,test
3.938774962051304,3.0977804095379557,8.629940794593612,6.573686588839395,0,test
6.244993976990119,3.360246776418849,5.545545572536499,2.9340759766272106,1,test
6.271169030362012,3.773933703473574,7.386408676089663,2.2536925098703016,1,test
4.546877159483839,7.290969660843114,4.689673200223819,3.38025183369493,1,test
3.2575656044014805,5.980090626079469,9.544748720562513,4.769850524262758,1,test
8.722394513459236,5.823717117459317,9.695509751090269,4.879043330387322,1,test
7.100077645577125,3.6165540666904494,6.082723744953071,6.74723168260694,1,test
7.359718657686398,9.731866961354381,9.364332307355513,2.540230978002284,1,test
6.048030192252382,2.381877744012898,3.8141199394586325,7.196909882926583,0,test
1.5177527372197455,8.03501770199204,9.230114928187255,7.320717853115309,0,test
2.9117784098152146,7.096609250400721,3.632425013444299,9.605130403321018,0,test
2.2932087416473617,5.334215042862059,9.004222712158867,5.219687377083768,0,test
9.433025240439346,3.8659008941658595,2.6130876806379186,3.3774213505794477,0,test
7.19462721158597,4.032373163675672,1.0998945269137468,8.610298278023604,0,test
8.022619417459191,8.647977406372604,6.527018762099543,1.9271422957838058,1,test
5.206312993341204,8.916705989445123,5.6401481996191025,8.140434907978504,1,test
6.111041904282283,6.2447786270831855,9.677475740746125,1.0668430021174669,1,test
6.851459612388795,6.623702318599669,5.298754545483336,9.676157304590893,1,test
9.795206873708558,1.215631320378946,8.75037893324195,9.032331398988106,0,test
6.295315286399964,2.1128544834436247,5.442992135830018,4.579384253740302,1,test
6.107777480711792,8.635412595717533,8.697920957319013,9.568817728705799,1,test
5.666328339868316,7.7683411513452585,9.489877702441408,5.332815055424745,1,test
9.155907247595577,9.818129716748496,7.588934754224357,3.3372919244612405,1,test
8.960085167796006,9.5748784577307,3.235252494541276,7.061691826824446,1,test
2.48627992357092,6.540859051431296,1.5208502542419535,8.681389833274693,0,test
6.129049413884632,9.914566136062648,9.936384975420985,1.6070871518331291,1,test
8.585702414340911,5.406859416180612,2.593737989130843,3.006452168419874,1,test
7.429587761118143,6.864263489520095,7.072756379306252,8.997030457548334,1,test
1.4035246934920047,6.589158797985216,7.713440538571149,1.2306211884150144,0,test
3.7343759346204486,8.004459330917713,7.095977650952473,7.211957039703041,1,test
3.985839466595491,7.405748672693603,4.602001156522869,8.816394407095483,1,test
6.507289212702824,9.609245642645952,6.771132183335208,2.992003517227013,1,test
7.205744802260836,2.036864363906886,2.660004814620527,3.385440482026159,0,test
3.8319996356058272,3.6537549746557465,8.438955908630868,1.007566685582721,1,test
2.424136866407144,6.43006457276218,3.567581101162792,9.526584707529862,0,test
6.958598673901827,2.9203204982914137,9.710351096968568,9.265646161001218,1,test
5.370064537237165,8.756625796215085,8.853959405062062,6.382052757622579,1,test
4.482757473059781,9.087271811656437,2.504446968480927,2.332310858675154,0,test
4.276147956152353,5.879460774370101,7.462841412008515,6.145240197164846,1,test
5.758744281847985,7.258233564893404,5.161229744101266,2.5233963340842074,1,test
5.881969719078742,1.662382109215657,1.7681513473808343,5.302191393095558,0,test
8.249000522766956,7.41606952590812,5.0456795303252795,9.778580778562318,1,test
5.655146325714375,6.344547121044748,8.772141125770435,1.0579909924760695,1,test
9.198255718126996,6.5878953407888625,3.2487042312064167,7.744845521441366,1,test
7.450656851182896,6.643807270995688,8.695191801110175,6.4435718693878865,1,test
9.961226912060754,1.7589622945581276,9.55612217892863,5.902946946096945,1,test
7.144371522611442,5.084159392085047,9.196936930703547,9.586799413236967,1,test
2.2469183666856667,8.618678023907343,7.544919665051079,3.1411819345591874,1,test
2.826134476119358,7.7329865376867755,1.0236475287139624,4.335411430655423,0,test
3.9487625178727277,3.7376522690745646,2.8606894450064195,2.7881893116142398,0,test
3.344108666467368,5.5299935031383,8.957357943599376,3.560125535563114,1,test
4.028191174514887,1.6301590420784806,6.198062462750059,2.129459247156488,0,test
3.5214697269674273,8.772726615842213,8.497273611476157,4.119419519851098,1,test
5.580912218826812,1.1172226701396748,4.429630761823471,7.497354364377959,0,test
6.00552212854858,8.834598657269428,5.0070768529216245,8.962177497095052,1,test
6.2715624340351575,9.56229416826996,6.15863784577087,3.546166955056021,1,test
8.546438417946828,9.676779780867038,2.8782198923673206,3.1034904060452,1,test
4.519701775318692,7.200825411860405,2.504921168138787,1.142632406927969,0,test
7.868486240532154,9.171649045018741,1.891254219286056,9.504327010106541,1,test
1.8006904511193245,6.021593460213777,3.2390644920195424,6.809392989821765,0,test
2.569689651485931,7.417772242665162,1.709565328755563,9.959054822634569,0,test
3.669656689152592,2.742411343942764,3.166371917001718,2.266260537014305,0,test
4.471248851371131,3.3835677549092233,2.845187346334093,7.076846002476799,0,test
3.880582756532957,4.599246135428068,7.617540526108139,9.034486412134822,1,test
1.5491716246305127,7.776317548154277,9.141447294134924,5.420554289618364,0,test
5.586852148140468,6.281761187634526,1.7629148079973522,4.2388318287491265,0,test
1.1849098083824925,2.267392111648226,4.738176642762065,2.5562957719266555,1,test
4.071137001225942,6.659805486221899,1.922242824007911,1.9457222871841076,0,test
5.6333135351913874,9.365604924336257,4.158203520373132,6.185135568411555,1,test
5.8057452806530785,5.188268018154654,3.3436708707385105,3.2406486012546134,0,test
1.2798380565675678,6.917237546640961,3.216482200601595,7.302202873855721,0,test
7.326741290832562,3.8278513930109153,8.820152401695424,7.19330812933611,1,test
3.402872493749654,2.0043444865483377,7.317500641712526,5.145893895780173,0,test
8.338164022347886,1.3634032696652723,8.147361203705003,4.998117441255991,0,test
4.502323631818456,2.933956715133745,5.9176103877648485,2.865534470838006,0,test
3.4142622137082146,2.8240187861974135,7.413913732112326,8.613572542481215,0,test
2.8521335387986557,9.050653944456446,6.38098484858993,1.3023561396243613,1,test
9.329883999986135,5.01047581284043,3.379076623043093,5.227790956902184,1,test
5.9682261282993245,5.617106117863046,3.1922560016938473,7.394677478915308,0,test
6.068323616973456,2.5259552599638964,1.1246639364612823,2.9801243206635863,0,test
9.005164025559072,1.537703967946248,6.523315010695342,8.078638137275508,0,test
6.407403734028057,1.6894772566058336,1.4973923049418953,9.81909790562448,0,test
3.0237079179704773,9.149830328774023,1.9776161603064306,9.640904442250813,0,test
9.65159599842105,6.684457544094616,7.113775991939885,9.613461031098822,1,test
6.787976754178913,8.177070617041757,5.273728436104886,9.243320897355218,1,test
7.967164314643933,5.965731394083525,8.155436144387238,5.113971013911009,1,test
6.542871107529892,3.8263746926601203,4.346039474657445,9.24358193070732,0,test
4.824423027875458,3.053451511688278,4.985920170271971,6.774521920780851,0,test
9.91224182951073,7.780445069611632,3.173973469701407,7.639575107792327,1,test
9.597104787117617,5.51199639174261,9.210134384590448,6.49700700541641,1,test
5.072421674107255,5.967589100748382,1.1562110590418655,5.652953539014925,0,test
2.877075988898186,1.4859526620825545,4.498074880873048,1.4167692378604841,0,test
8.019960329276358,4.572146168147734,4.521110370473313,2.613582302115092,1,test
4.208344548801101,9.536573833158842,1.1263081510422013,6.895165287511266,0,test
3.390190043336197,4.897696099966729,8.216066376856585,9.543977333236734,1,test
8.811407676650976,3.042234851501933,4.2475020741502165,9.363154662864337,0,test
7.02928764961069,7.593770039645379,9.845080451476772,1.6909968151430235,1,test
5.126750468336511,2.033696426938299,3.8554960954524726,4.612983605143743,0,test
5.874570480948303,1.1659705596197996,6.406620777677153,3.0321234656221945,0,test
1.9777684877687496,6.61826848436848,9.97026651854557,8.715712084320096,1,test
6.799698041301309,5.437463150834833,4.438267637059673,8.07253924870162,1,test
5.1606770087814775,2.8876109764691256,8.2035150189255,6.31782446745465,1,test
5.794988524682402,2.7650149722272133,4.4304544369125995,3.3228999163166097,0,test
2.145679316314725,5.507384629064174,3.3553594550080184,9.784976158090625,0,test
1.8602839202272592,6.4681577971981445,7.165066025559043,8.278524520065616,0,test
3.434250205570085,6.92041917807611,8.424885200257584,3.947870549257013,1,test
8.016744099297298,8.485922966021636,4.062182373005899,1.0559411620444235,1,test
1.2196196592138426,4.207377299508531,2.7800384894697587,8.218599702147747,0,test
6.061549411502885,8.371314758887515,3.8730494482613365,2.477529733291903,1,test
5.655802881295527,9.997532224697819,1.9158515467951958,4.060174081682369,0,test
6.690897737605095,5.021830781769827,8.561374935784524,7.2161939326580695,1,test
5.0130404456733295,1.6795427241582783,9.246251216857832,4.569069943839363,0,test
8.915596952124378,9.47064633536019,5.966897728586968,6.300109023963903,1,test
5.11080577446028,9.947693539721,2.5499664530498816,3.634595489465406,1,test
3.2454865122924836,1.512281647048669,5.520718057904884,2.4993857890778206,0,test
8.049340179748746,3.4173467927127152,8.187355737261576,9.908197147406481,1,test
3.8511050715559914,4.237195419653055,3.8169094237295265,4.844288726056815,0,test
2.4385474608992563,8.85746916620262,7.9885593158609245,8.354883198423627,1,test
3.724787375488627,1.9142079108223,4.129393275908496,1.9268030865968875,0,test
7.917053124142484,2.158264362159156,1.2504434677280467,6.6123813303983034,0,test
8.854134121058818,7.489070770573547,5.525314514070656,6.66948759621283,1,test
8.581371719491546,2.7715907723298914,8.368614830488609,4.0941431441487754,1,test
5.770713157156694,4.839702899724545,1.0084779811357978,6.652974190703419,0,test
6.517170718119798,3.968868237056151,5.599113758768697,3.817514449872405,1,test
7.866239624443523,6.139296131563368,5.442213641508181,5.449487544901027,1,test
7.943781704535173,1.516858733733876,6.911055469704906,2.1333323683003176,0,test
9.764264480007999,1.4640335327167464,5.44775778344221,3.22205327628377,0,test
9.621913290387388,6.656302688186558,6.154632117830074,8.02973895866429,1,test
9.769877853355995,7.913170771288026,5.710742450862273,1.112965245969756,1,test
7.055835799303938,6.394564301259766,5.746824826571123,3.2915144934468037,1,test
5.6690368568805045,3.792531321683515,5.472218961759157,2.4524870522156696,1,test
2.739663345613441,4.638219337260041,1.5989625543870989,8.75995301525297,0,test
4.718152597965043,8.042125945423292,7.150518305769003,8.091426500280257,1,test
3.136674979302791,2.135471581125273,9.774662724425411,3.959500646496724,0,test
1.3497076940764479,2.4259375344768577,1.4837586685121469,3.769209608969935,0,test
6.377966736172745,3.8636516482804915,7.1140851514577115,1.8070311140257997,1,test
9.480721844194061,3.045832846757669,7.8358622453429225,4.003827452217109,1,test
3.206231526762161,4.311677700170195,7.550909926023119,8.946800985142847,0,test
2.7912643437956195,1.3036099943528487,8.313461867259583,7.971197088272529,0,test
1.9724845603077883,1.7901286270962227,6.782205175232113,5.761930857629184,0,test
6.825382219776312,9.597847996256187,7.030964670004364,2.799720705420923,1,test
8.457017669302378,1.3461356046848447,7.811695366166481,1.8556389781569118,0,test
5.425062356727954,7.9594733104293685,4.2809424776681535,7.117597296033441,1,test
6.241634911012163,1.4994799000089514,8.583482910119077,9.331547054584876,0,test
3.080202486269828,2.4263237643843527,3.8305334860216624,7.977116445467229,0,test
7.019236665123868,2.6408794966840903,9.862276213958348,9.185241670584773,1,test
8.19995968841129,4.487435743303677,5.118616065747985,3.603460519237732,0,test
1.1780453822205694,5.7258231911162545,9.493662743001863,1.1297980491158977,0,test
7.509327658778098,7.570975999070294,3.355518225814776,1.2480959906012816,1,test
4.642744485501643,8.73762857349004,2.998830046939998,1.9909567499929328,1,test
4.435212110351475,3.4074440958198235,1.623230356438263,3.937783884993147,0,test
8.629393648003088,1.7959028622580937,5.468155037574556,1.7300675482292223,0,test
9.740110286782027,4.889056733195352,7.026058199528209,2.1177478130721146,1,test
9.32888307357922,4.66687782163481,8.940517491512757,9.117940328120902,1,test
1.2911933655557233,1.6145380674043448,7.299470845821066,6.662372365745311,0,test
3.6768455920888736,1.7041811966855707,6.422110836734041,5.172924858544447,0,test
9.167716423610145,5.685567450061838,8.621991029162377,5.372801954014994,1,test
3.1095501962330827,5.519472419504134,8.03398099591232,8.94503520768668,1,test
7.617385798439164,1.170900433755562,6.769716106440784,1.3569102349897837,0,test
7.4346389675115745,1.0710029784121153,2.594402950000795,3.4389946677639553,0,test
6.622103913917877,1.5084209303859737,8.94335740645177,6.338906320549695,0,test
4.102700889559227,4.967479128385589,5.228184932072135,7.3473447635353075,0,test
3.0579567135192733,6.62208601971502,1.4618895262393208,9.591036090501602,0,test
3.7070554266894966,4.182429160270447,8.992857051648745,4.399402743529421,1,test
6.502241808608016,8.422288176730099,9.056340266768219,4.5721498133976635,1,test
7.086532347786005,3.447619768849689,7.481086941016879,4.868063170952697,1,test
9.180066856244826,5.285502369112508,8.433970963054541,1.5448197513083308,1,test
4.234688026301542,3.7487618004895173,3.273122301120517,2.741433473001244,0,test
1.9757194711309027,1.2640039711801296,2.6099710330546984,1.9059074811541057,0,test
5.648703205440803,8.005214322195382,8.646149012836311,9.457916104608204,1,test
8.870697463279164,9.433928288400256,2.5341002814910745,3.174900025333213,1,test
7.14128790009123,7.962777599814535,4.759491934862029,7.699994337509196,1,test
3.112978379723918,9.957983667546404,8.631928003087527,6.885159970959901,1,test
5.329288003829907,9.04446511592943,1.4156805603254203,4.677290950991174,0,test
4.563011992001476,1.7613221790872822,2.098403490669811,2.0886855208703277,0,test
6.47556147905279,7.152307129073604,9.253421701544148,3.775417404056352,1,test
5.659629210857596,5.915134515174566,2.905717408116109,5.120539914324306,0,test
8.876297004423485,1.4181622601518034,5.892484245267017,5.842216212360267,0,test
2.336224652226302,5.623567037518053,2.0496940308604006,4.249101357542601,0,test
9.254486343257282,5.147970594069244,5.103003236790537,9.278286922829784,1,test
4.120863313437447,2.892350299729139,1.966340015971338,5.311815496398513,0,test
1.668220012197722,3.723418404539711,8.451432857287898,9.30904156633006,0,test
6.885980177876734,5.79966940356112,7.852811131343106,3.908400225094072,1,test
4.932721919653124,5.690328348266732,6.449514565896867,3.263852183498349,1,test
7.34651640708402,7.249139899588655,4.881822900378776,6.214486897430782,1,test
7.543410103492004,5.799447154835757,6.1800990983033035,4.835047580908918,1,test
5.130465294218959,1.8892581838505715,1.519837004651666,9.346962457284183,0,test
1.6264079199043713,8.70158582126663,3.6091487968798073,4.405627518150631,0,test
2.566326877311513,6.050755672910221,3.951687246784509,2.5076094874918096,0,test
9.978993362573771,5.42630419421906,5.61595242506831,7.475912781901649,1,test
6.3243462373178225,7.77985696204745,7.276737790033825,9.148753087297091,1,test
3.5583260039465143,5.58895704458688,2.4024209773055443,8.32038320745939,0,test
9.286835425075482,5.841949952300188,2.0675386313940836,5.098085777225697,0,test
3.5439759775800725,8.246700312730262,1.2091621656117852,7.413472805212311,0,test
6.4741715225130205,3.907235108943809,6.388910086733202,9.601715636162016,0,test
3.8165764592938363,5.709381504881663,5.67276303434757,1.9517991718970733,1,test
9.805733542147513,8.812484223485674,2.3176994372278044,4.142003605361036,1,test
8.497718869467693,4.276317774820321,7.635895502851898,6.785392102134234,1,test
4.697640719341257,8.480158122278574,1.5923330919848189,2.532295344636081,0,test
7.848564946011096,5.811409915751385,9.922923961454833,1.9009268897449254,1,test
9.075606569395962,7.753072533385756,9.116726056955827,1.887573253486055,1,test
1.0979022592187428,5.201313493033059,4.41086312161009,2.167020021642903,0,test
5.324121170695418,1.995945550998141,5.467599408972256,9.147880488625315,1,test
8.944336494664501,3.6427506561690812,8.32793515134476,3.6697420215614733,1,test
7.8663525585967236,8.55641488319565,1.913496805310914,8.307146048580428,1,test
6.269604705138763,2.87695993623635,9.695414970931765,3.5845748085442604,1,test
7.890795227038943,8.319094439812744,7.391265003163774,2.00158732422521,1,test
6.732354265326031,4.876392488841036,3.306853445121779,2.408485663648169,0,test
5.512361645512302,8.328771717305063,4.405069739234971,6.089229836793474,1,test
1.012897010961189,4.011094804620199,1.606075056566593,8.487469265692875,0,test
6.441535614683777,7.4525136298927706,5.965964577085664,3.211728355509989,1,test
2.6469002111272744,6.3062858971761635,6.664443743084725,5.814897967689631,0,test
3.0788773080459,5.0287418215953865,5.902077680600279,5.484890652254407,0,test
1.662898364352512,8.72693341506737,2.8719444354785186,2.596022264266975,0,test
6.719681905619011,1.0020988324714528,8.882888193055487,7.977900117357491,0,test
6.863133046102574,3.1442147767213298,7.630087287819655,2.815564845851352,1,test
6.111389929395983,7.4845737710171605,9.93279190237573,1.9577818724709428,1,test
5.794788850058984,1.2971330355509139,4.678917441361287,8.481039003277864,0,test
2.8172897735373983,5.861239215738591,6.866707629888236,7.679148510381103,0,test
3.4387787420671767,4.274919113339163,5.155708644228063,2.578872879326313,0,test
8.024440215682084,8.334988470243259,7.263102309006218,4.230357708387052,1,test
3.487308197394719,5.042030171245756,1.6431247402047213,2.3815464440859326,0,test
8.062570133775061,3.6722684585868315,7.045469397445702,7.307870721786933,1,test
6.053282388968897,6.412744511086042,7.147695320407682,9.732476938986744,1,test
6.153241221028171,5.622529318638999,2.900986212621537,8.361906813660356,0,test
4.779078542562608,7.510876311527658,9.977989343365813,8.859944175621044,1,test
7.868529211638197,3.7469779282187217,4.658511507414337,2.1270319809737215,1,test
9.35749893869378,5.409879131355343,6.603907691140071,9.174869035123452,1,test
7.742403166064841,3.112764401427987,5.400582425295795,1.5973358626698628,1,test
7.139730936546732,5.469121439883565,9.534793569396383,5.579595099329705,1,test
6.825232005300389,9.891718539857065,5.1954511849801595,7.097022734339801,1,test
7.455755247427838,9.8345127444585,1.4066041457909144,6.929623532519161,0,test
1.1229058830664778,6.536496318709598,4.963033815111239,5.7063429310476845,0,test
2.2318239042865504,4.6788892033477625,8.071093048946182,4.875772288328415,0,test
2.978263026837715,2.6131388176238364,8.277306357233426,9.970843444862542,1,test
8.300219456184276,2.1979300649724935,5.483577982566909,8.95696833147581,0,test
6.825169341702528,6.930428557773591,3.9242735025369453,5.095872778536118,1,test
3.859306605124308,9.363922385586054,2.6223884816563463,4.249236887634556,0,test
2.061768643289137,9.375846931334042,1.1159594642491726,5.347811585084684,0,test
5.765254378038349,1.7371226569252527,2.542061701750061,2.9786259870988263,0,test
1.465436926332637,3.730540635655342,6.228118120915248,4.75888958591775,0,test
5.417776454559051,8.703585326291638,9.387707383079507,7.921835982015741,1,test
7.187751084750617,3.6017286064580882,6.134251978051743,1.9339792679647971,1,test
5.437307437756425,3.291986263687271,1.8314229845771366,5.624752156225943,0,test
3.614736597461892,5.8876070537459455,2.407569077653923,5.723876911462424,0,test
7.276842296426452,6.206932338017897,7.97190161328165,3.4423422211685892,1,test
3.036774709000187,7.817260106774489,6.4772496135149655,5.001639402612113,1,test
4.393094816195315,5.2448815218188125,3.6075470444214925,1.3864645305518775,0,test
6.897961035843424,9.152727181934026,5.237134095457558,6.200305054933457,1,test
4.014754880109552,2.7637965023540603,7.606785612075311,6.155109284042554,0,test
9.76107020948234,8.10927054662572,2.6049247761129206,6.150587278909814,1,test
8.589064545673796,3.294413825038684,3.1651474767603816,5.6529510466744,0,test
4.399960393712327,7.0284027974399494,2.1698788803926714,2.2242732427494927,0,test
6.85872739032053,3.6513165846098725,3.37907660584022,5.804632671210074,0,test
5.007672419829755,3.9619813997093702,7.027963780792591,7.612989180126124,1,test
4.163596936575953,4.258468332985986,2.4598337292543215,4.564157161325452,0,test
1.506528589650428,2.1006227710991703,8.492676004261781,9.116423269785312,0,test
1.9336915907474945,5.772806868150925,4.089544323729667,7.665042092221933,0,test
1.3868690304837163,3.0195249453444637,7.510694982546757,3.897995697919405,0,test
5.6551793906353645,5.54155027237014,9.503771550171752,1.936935419808238,1,test
6.510549783326395,2.735001215846623,6.845075168958514,5.041917831691347,1,test
1.512613072899283,6.34081964510753,3.521918580585521,3.7959832396805755,0,test
5.953973553204511,3.0705827497820994,3.5852995129831813,4.652196226364916,0,test
3.483982126246403,4.259240360448381,6.28324871686842,1.5715017447514184,0,test
9.185782291475652,3.850549550611773,5.732264223716355,1.8377200601028,1,test
1.831670022443444,4.227149643462597,2.4235315323912263,5.5557390940823295,0,test
1.7140490656358756,2.9315240030196428,5.845639274748079,7.02617871183559,0,test
4.365863861973926,6.260551600800763,4.8101960485899635,5.294504556291247,1,test
6.855441731478617,6.813743791712989,3.8080310015085597,9.50232976654475,1,test
1.3063778972197988,5.907373176817673,3.6783289758336175,6.026812215851311,0,test
7.329624634326157,7.565065772113556,7.0841662274858015,9.804225875186864,1,test
9.393732081345899,6.577689524962231,1.1914067318435526,1.0474749871191449,0,test
4.843976018905439,7.56606794178427,4.084986187933497,1.567565627247442,1,test
1.0957986020185144,8.95600890691938,6.501390005587339,7.556962963956287,0,test
4.940371320860953,3.520792479213769,2.7277067459206785,7.785103065634237,0,test
7.8563185782763,5.798739432958133,5.141949761341109,1.814432415626021,1,test
5.255979170278375,9.979789587153059,2.6843717334357144,6.055459846866135,1,test
3.317898019602818,3.66103033430353,1.6716215790173943,6.955753039695375,0,test
7.857441184820724,5.404169422511905,4.54383609843347,3.766180337151332,1,test
7.57008358003641,5.613901142063396,1.3199246054693674,6.976056774415949,0,test
9.442374812327929,6.303858128647313,7.545843680329981,6.5774076128667005,1,test
1.9463611658015552,5.345896950681259,6.031506777818922,5.808680960544528,0,test
4.606201057517807,7.207766380222566,7.3362694814666956,1.0998218080997475,1,test
6.506086465267165,9.338203874052791,2.093303322966754,2.696648638490241,1,test
2.432214395418894,3.8215107192014885,4.058595809595247,9.128843705666958,0,test
4.8189063417202425,3.769219317833736,3.6766232224137507,8.273930933846476,0,test
3.4523254813643147,8.415328223515864,7.145863888442489,8.937925833599037,1,test
2.4451280420075028,3.3332216185965384,1.067294036723199,2.616097585271497,0,test
8.189425352886712,1.337472006753583,7.060746759371265,6.322187542551401,0,test
4.343332501695528,2.510017374585936,1.4609741879484943,5.230511033835599,0,test
2.025316663681114,4.925142859219358,1.657851820156023,6.79561540073857,0,test
2.0378195784207307,2.680229171633684,9.676343437899199,7.708258559817862,0,test
3.7274510877297287,6.617079933008419,8.366671011883184,6.176570719185736,1,test
7.546369573889088,1.6582678859876099,5.156128083322157,7.81000707421539,0,test
4.423789440151946,3.152933853102531,3.624663843037185,7.242925486434479,0,test
4.545930116674153,8.190606475835938,9.402981661263965,3.1157142683794277,1,test
3.897864753330137,9.625442407108862,7.653377917654564,7.310110522140736,1,test
2.7846304993072604,6.506468780931815,5.1268156007312715,2.9214089123967892,0,test
1.0462687395391086,6.98146289921864,3.7421534656426356,3.890780121029322,0,test
9.869616265484401,5.362570770961351,9.060012477935288,7.12040597998423,1,test
5.4182782608995685,7.594774447882103,2.3727459254660124,5.458428110719701,0,test
9.9570815661325,3.5405352070092078,8.456082575224993,3.7347283073101827,1,test
8.774740002337948,3.9320219839308495,7.689928944557164,7.290002861276361,1,test
5.4831078161945666,1.1762375654618524,7.043642693750623,7.855866707949813,0,test
5.276680682910658,7.038393385299252,8.277972786752274,3.150429986086077,1,test
6.825237056374411,4.529630865134784,1.5194618077600324,7.912808874117896,0,test
1.9902380929336267,7.467051815747473,6.074484673324414,5.705180599246099,0,test
3.8580152518481396,1.8174193002626293,9.80459824735546,7.39341762978112,0,test
8.145038228131739,5.367615262572376,2.3799158785017767,4.30567880303083,0,test
9.57781013502117,3.078415347898774,9.764904029097774,4.653854885881863,1,test
9.812904704357448,8.24576402539163,1.9180279243359084,5.355412598321509,1,test
7.928998924574688,2.2717564241482435,8.54819193478276,3.87291435288194,1,test
3.482818291783506,4.202594379355074,1.0310656712560584,5.43092788584449,0,test
8.10147163694041,1.7534051766157446,2.7912484642985644,3.850908325886471,0,test
1.169116005840169,2.22733931443637,6.3495105888159,9.924628131649875,0,test
2.1559989184538404,1.5119364541307083,7.559119974042232,4.517154534656081,0,test
9.605461435788868,7.245967711450755,1.554606493926236,3.363278348519094,0,test
6.7522425693447605,7.85772405477409,9.201927101372245,6.147985110418363,1,test
6.911273176473459,4.102543740376435,8.645865523321396,5.792187559794712,1,test
2.4545416170526573,7.571390650161446,2.712516898954534,5.344434811780275,0,test
1.9852917045843357,7.487679361439315,5.9376533826833935,6.009972700914053,0,test
4.659177125390911,3.3333267012109453,4.443220349373709,6.645071388397517,0,test
7.247512981989286,8.487723952840884,8.821262601752762,2.0858926588729902,1,test
1.914495335908334,1.5789379638161471,7.842569231962124,8.299993300203113,0,test
6.880702391877619,1.0406561578275575,8.306893408177789,7.700177191898444,0,test
9.028428756663065,4.639399374349668,6.024553041622155,3.256896261671213,1,test
4.151052985313321,5.588606052082494,1.2316052951365646,3.3869586309314377,0,test
2.0165614762859554,3.117097085120575,9.031844156069267,8.76164146685898,0,test
8.971402962060134,9.38033262461265,8.199311364375694,8.222612615460406,1,test
3.31656766097212,2.1375401954327122,3.139602706826748,9.54126726253341,0,test
5.233896984581434,1.8230769645780347,7.354367212827462,2.3808563780294003,0,test
5.690030574088281,5.771841015480136,6.774041660126676,3.6920025108487557,0,test
3.6126114167306733,6.439084723965277,5.688130590709038,3.111425892472606,1,test
2.9510449009187347,5.983412850165942,1.2058038692975486,4.786216113254196,0,test
3.7017361573567262,7.288918824201488,2.9281742979316454,2.370931274850176,0,test
9.867909841244707,9.497864347135154,3.1781651620598956,8.0864582271392,1,test
4.966727678508192,5.643497602189238,2.3577374298616167,7.597601988475654,0,test
5.979991736119143,2.9962059154429133,9.42718559421406,1.898166749223464,1,test
1.829229383270777,4.071776577924297,9.81184030543228,7.388034855459279,0,test
9.297733133092626,4.341544301788797,3.231443522230133,4.514886483968144,1,test
8.62649486046421,2.9590267277314544,6.435757231174955,7.300001640908597,1,test
5.323559471652053,1.2471186697125392,7.182763807644755,8.6996539417588,0,test
1.2702804177283449,4.314447147707219,5.979989283936833,5.403870941621916,0,test
4.695126401803081,7.773247821854876,6.343304800635055,1.5813188523444368,1,test
2.7903747877393155,2.229856677351348,1.354154855175259,9.662021075608623,0,test
7.187731109813598,1.321583430171777,4.24829785365529,6.6835402944837705,0,test
1.87150383747952,9.572497002752655,9.22886488920003,5.822401375710896,1,test
4.331904288748445,7.266991810215388,5.660768696631363,6.429143752875553,1,test
6.32173880742307,5.943573210810976,5.78041128059878,9.076851935901374,1,test
8.948319121127021,1.899124741273186,6.893827879215186,1.0439616467034678,1,test
4.18939344099912,3.8353585507304806,3.608882958793682,9.124416547224648,0,test
9.942249709485358,8.926046939402465,7.664492924284263,1.2445379930199432,1,test
2.802815015705216,9.557149439150635,9.978518898292911,9.675544960372724,1,test
2.5909069636575732,3.3829398651634746,2.8242384628813273,2.1190753079000038,0,test
6.232053334980618,5.180970787302553,8.874107553044801,3.2414767148266446,1,test
3.3694825613227035,8.180377928898187,5.7107256411256655,7.490438875094919,1,test
6.512798834464172,7.206478563494709,7.956212921364564,6.020911206778696,1,test
3.6816675780106123,7.743673486248921,9.178665254097403,7.7828120815124615,1,test
3.5050776390988747,5.862856790893479,8.911804203508611,3.8333914655107537,1,test
2.991532167452298,3.58601076029458,8.633860297124897,3.6635383521002156,0,test
2.2919446310216887,9.077693026294334,2.481322877525092,8.069975228587532,0,test
1.4558941168894615,6.191881216737002,5.717903694888817,6.471802569568962,0,test
3.8234256407368195,9.724532928984733,1.269963921605834,1.3137302501126316,0,test
4.741372734422983,9.890566738630046,1.3342902116664233,1.7540044301298594,0,test
3.115211233140048,5.498983687787787,6.078461625411232,5.569711675472915,0,test
2.0987086621363886,9.52982407504176,6.007577762056402,8.765759483414556,1,test
9.4172105224309,3.868934178080971,1.7053243373537126,5.719574265108912,0,test
9.184696689581463,8.495560664820125,3.9500823321148304,1.5854076260202594,1,test
6.860285173178962,8.79947475554221,8.531348780451784,7.1544679429142315,1,test
7.024207060855938,7.906788317297423,8.55352614424516,3.0788148728297133,1,test
5.185065803567531,4.757491750745569,5.359577972858417,5.506009709676848,1,test
7.460985116370551,9.409343664688532,1.744012050696145,7.318741208114147,1,test
6.658204506979299,8.871471855770285,5.639529870145903,6.233931002742073,1,test
4.556287285851512,6.497041942822516,1.911371046700069,3.834375488760739,0,test
3.20240823778656,9.551754375191713,3.042687904876816,3.21523718969788,0,test
6.494252865401431,6.030171802137257,4.766172803989003,5.393588121221744,1,test
7.967083793462742,3.8849388964692992,1.485075185518417,7.455454899211198,0,test
2.215741804578047,3.207408287838888,6.4340306429010425,5.33559790008405,0,test
1.6885324398978052,7.959654320682857,5.085757664428623,8.923810998792867,0,test
5.013943327193684,9.90599192206828,9.819221145660324,4.36406369811092,1,test
2.14609854103478,3.252841496670817,5.331852880939744,6.215681708444711,0,test
8.828176080965893,5.88742357632372,4.083267534270032,9.481964667051862,1,test
6.480253644553756,4.123171983006213,7.421842729426263,6.869057150809517,1,test
3.75837898911088,9.558916814624217,5.558899983905187,3.295110319350596,1,test
6.166271831073602,5.491738906151638,8.8932455651546,6.502169322673269,1,test
6.472653727619047,4.095002577745314,6.728037736510997,8.69543209041882,1,test
7.8763969730462975,9.922289924481376,2.6855075737761833,4.259260806420832,1,test
8.306984770907752,9.935854188868225,4.747629487202013,3.1142188950916507,1,test
9.520875542581082,8.15095453452794,6.327338799853138,2.5722165445228367,1,test
5.1453055580765445,2.7480256212408207,4.8627885711796495,1.6242640271923285,0,test
6.398911887865716,8.672750481341295,4.501759852221621,9.2518116576176,1,test
1.1044698635379953,2.3944576861556195,7.247166257979237,7.28927373838608,0,test
6.2552338477746074,9.205986667769993,6.9844180353287815,2.4771610762990486,1,test
3.109263367314093,4.74925167420824,8.06434261828581,5.2685417638214815,1,test
9.521585542717226,6.07120223586521,8.789119409155981,3.528415072406729,1,test
3.479095575904708,6.725313767130348,6.8747111440921564,9.605653328772673,1,test
5.018986555946313,5.873238833829564,3.508213660174709,1.442819081502814,0,test
8.175273277524468,1.5488571921084893,8.201963827040183,5.435853359928484,0,test
5.444037366309351,9.8923154614477,3.5808057787271688,4.4072326856062265,1,test
8.109962373054739,4.033587583502399,7.810535778004094,2.348966093673587,1,test
1.5354149447591157,5.795910310845152,2.371573321814616,3.1422866979698414,1,test
6.917593282901107,4.914460907544848,4.925231723564102,3.910525318848566,1,test
1.9971678673345825,6.6788106841986705,9.220881797113428,2.2253782621660685,1,test
9.77653094142438,5.077201637104099,2.194901700426378,5.6771586801392635,0,test
6.170135819742933,9.721605534370438,5.589722560425405,6.141230242605258,1,test
4.353334758286699,1.6376355196111967,9.64941817187993,8.467163237995335,0,test
6.542398324370734,4.700626164586778,1.9939061101443918,1.5490327991552153,0,test
7.45754479167893,1.0613686178816937,9.95256122462957,7.026670132955116,0,test
8.902832116614526,3.465528776745929,7.160682162734376,4.6549385865072415,1,test
3.3590172726168745,9.273090901114614,3.916473343580621,6.865719373148304,1,test
6.9560141444365176,2.8995149157616806,5.8430398552233775,8.726192662889968,0,test
1.0340555831098996,9.683926930887178,3.364047254337783,6.480556700555826,0,test
4.591003368417855,3.225934671524821,8.53873168650003,1.6848039009281983,1,test
7.39523149623121,8.542611855100663,7.684125485675115,1.6462871552528555,1,test
3.2408665561239167,4.4410828904325585,8.678466389162848,3.535183473744028,1,test
4.544846033972519,1.311292694610139,9.82221968742676,7.085582009005447,0,test
7.428402028200858,8.696774375790605,7.746711248656313,1.8687596834570992,1,test
6.766859416835473,3.312848718570951,4.823910372867547,3.339703185913706,0,test
1.9057110046908528,6.232921755842517,6.174963515937541,2.9517169402709214,0,test
2.2426572121312933,8.977014191782438,7.083834979680526,6.582651797841096,1,test
1.9051406324926028,1.8416122077040316,4.149056357718091,5.427360720341856,0,test
8.736535115692725,3.090432414925877,9.241989224963506,9.130074118949581,1,test
6.622762951833507,3.5307595967027234,3.608827555237373,9.299155572628855,0,test
7.987982539151815,1.6850330401902118,8.325882233304142,8.67537685723574,0,test
5.467338216700992,7.645392708540732,6.613192104187848,5.330156127633132,1,test
1.8984123624105766,1.7950831187020286,3.66073001200723,9.504479527771368,0,test
9.833412475186861,2.6294953525053106,8.038165196457552,6.896158164699931,1,test
1.6202260249593559,7.595143715183084,7.8128348933313525,9.406233766249143,0,test
3.5053025852718376,2.073493422910766,5.563870490340679,5.9669983709794865,0,test
4.0655579438010125,5.065251331828535,7.9865442531045465,7.5814935382566535,1,test
7.639372778117047,1.4221044052525462,1.691933410939003,9.36740978464371,0,test
6.7807411772277755,9.988113291438069,5.9029241556443495,3.709202867911436,1,test
5.75672490056445,3.8148555673013864,8.076404851928695,2.221672738980568,1,test
1.3243854428599995,2.041789848782527,9.422937896874728,5.049348349813483,0,test
3.766603571225767,4.390867706303959,6.1274719222169365,2.0123620940838176,0,test
9.804373539510031,7.644334651407849,3.891889155352067,3.9570157710582166,1,test
4.984408152868503,1.623690797284259,7.642066763753617,4.500705175815741,0,test
9.613434921559492,4.722234152160505,1.6105543135295917,4.444045479401745,0,test
1.723510777713927,9.04595300304944,7.764738252504705,1.2029322088737575,1,test
7.744479622488665,1.040133697142548,9.729694623218652,8.58711030479056,0,test
7.888813049102833,1.7959025607269736,9.403298832516246,2.887984046018228,1,test
8.277874354928013,5.169902303998209,8.043837386414653,5.050833313856193,1,test
2.08195093482521,9.77089149473421,1.3198222238632895,1.2100129644586786,0,test
5.63292697760938,9.505949188558574,4.881148498511718,7.989942444413214,1,test
1.214618456445422,2.725468150332617,5.982554491394715,1.5727248700336305,0,test
6.124778332267275,6.439052493914151,5.947680636896548,2.9076355447535644,1,test
8.409495845096094,2.4140454294106912,9.949208306904818,8.40633288351363,1,test
8.608279428400493,8.087984370461562,2.5344437466540484,2.7938329981147896,1,test
6.345777088610932,7.029783256861132,6.519847671261481,5.482964637528738,0,test
1.5699959594909538,1.2015804088424276,7.9211914247293675,3.966734609337674,0,test
1.0205341747225352,7.834891375169093,8.511162921401517,6.560270711071707,0,test
5.538302597049936,7.588896031119573,4.832723551677584,3.287155329811139,1,test
7.847213346872853,1.292498251293776,5.556685277655599,8.97561244069093,0,test
9.323718415931173,2.5044376811194384,9.900651355240662,2.8819571506297654,1,test
5.529463760853461,6.122355067846957,8.430761329846042,7.587686437641406,1,test
3.371199150927971,1.7126415030358582,1.5400107766627795,7.7147120039290815,0,test
5.876076828905219,7.462151222203153,5.857116988892228,4.234723204869282,0,test
2.158711252345873,4.090544793776525,1.8089849762496684,7.387963863753271,1,test
2.334241995696541,8.416632558477211,8.501464186379179,9.686656050596044,1,test
7.353725183164868,7.390098037383112,7.26308503895438,3.2691174274812353,1,test
2.6689404668379266,7.127434858432013,4.830045287362277,4.9697942872900445,0,test
5.097342746871551,4.150586365843287,7.375006452376212,5.197955495689038,1,test
5.159313783334305,4.704469685362375,6.745060816731622,8.772899844473597,1,test
7.054382332215713,6.817721820592904,9.608028496541879,3.1363604558899647,1,test
1.1119061960164156,2.4077085189845375,1.4445602433389857,6.547938178249009,0,test
9.877703389986994,7.515890702653485,4.9456352400910735,1.4380476344644757,1,test
8.233076480175114,2.0165187839361822,8.566488607189477,5.186221997923822,0,test
8.378423668116675,2.3802978371226384,8.529528771232352,8.61655227759189,1,test
1.387180436783341,1.6076713091995778,8.278422005702772,6.601641115117448,0,test
8.430732447320445,1.3079055240363422,3.3653972864818216,1.5672822791958465,0,test
6.721246660540054,9.977508935349528,1.8496986836234293,4.129044802644854,1,test
6.862694460509043,5.531424752891761,7.578439200594464,6.292848649671751,1,test
1.214364956652394,2.9770915471591293,2.894909520594085,1.7421600922442002,0,test
6.980503555378328,3.0744589167670036,3.6327107413766173,5.070777867289509,0,test
7.597775237438034,7.41631367360494,7.242898548138574,2.759397647773084,1,test
1.3602503988072523,2.074369455244907,1.3321458544402733,2.4487054812794695,0,test
8.412154565877042,7.109825100875799,9.845479239323666,1.5219090343795671,1,test
8.837436374765286,9.793055890195896,9.923554370209214,2.9741468034027383,1,test
1.916183844052623,9.471274773119175,7.3371098898623,3.537820339512976,1,test
1.9621213806812463,7.40946761095203,9.409164586822136,4.651231579012377,1,test
1.835400526394885,9.442633652591464,6.513618971635602,8.793887311538978,0,test
8.71143362168609,5.624065083033895,6.910230386837719,3.1174941558157867,1,test
4.763543093396837,7.487846175654192,5.5131262624712,6.063756161328536,1,test
3.8838784572976923,5.2793979099937856,8.230692099332764,7.973312306808716,1,test
3.0433603856497484,7.194259472381105,5.669352778589978,4.551224246274771,1,test
5.773557261380124,9.587571977301591,2.5365741420187025,4.120650617093638,1,test
8.332337860174707,9.6874874174889,9.071596792644101,2.4879906897582584,1,test
3.576328353734299,9.698897140145666,4.843410828753934,7.82671521721615,1,test
9.46662260081931,6.026062103449511,4.039832423505025,3.2986988774210895,1,test
6.73673731740446,3.6582352719407343,3.5513708410740334,2.3747531454921242,0,test
5.914824787685407,5.224216484981753,8.366108242330824,6.974964542005632,1,test
2.2393877293781035,7.870472447326752,4.063205393316207,7.058101107980686,0,test
8.272055793244917,2.3149865358956023,5.507879496951709,3.288636688667955,0,test
2.9303507988795157,9.769015450010787,4.585975039998237,3.300311517792875,1,test
1.3533235416841953,8.375053740536371,9.266029032178563,2.3985378798427557,0,test
7.389093125544131,5.2366981011217035,5.262486336948239,8.619293875650937,1,test
8.787328957172583,1.626152859541652,2.732052800994841,5.489056930844289,0,test
8.339344134682346,8.437676546744754,8.264591715402673,8.263869293095247,1,test
5.9033532361754695,5.739281193541555,6.9916972729735996,2.13959080258652,1,test
9.107595290042205,9.126913897792408,6.049330247269269,9.87429993481112,1,test
6.842845500417358,1.775627244294062,8.1722489596198,9.79242154942464,0,test
9.310894641368465,5.194562684777222,3.3294797601809165,7.308317461128294,0,test
1.014256577177512,4.110021049081368,7.974478008303338,5.769803701177587,0,test
9.723319201252643,4.400332737257411,3.5345288193579534,6.03633082582322,1,test
2.0850412731648524,1.1700209085218596,4.7823650219984675,1.118480091316713,0,test
9.739449984512191,5.56739141654785,6.717304848683653,7.979015082969651,1,test
2.399814110404005,7.5032720078853545,5.163975603965658,7.2169984815744765,0,test
1.5800246595305643,1.2609332464164553,9.668417403336488,6.40520558619408,0,test
5.117599391934078,9.76811780065009,9.456789327009187,3.401228138892809,1,test
7.660776157795039,1.1680261537230576,1.0534384253017057,6.010946503646257,0,test
5.8979347023199695,2.3409024936233713,7.932263483803991,5.33897780525447,0,test
3.3386931772614554,6.693087820708556,2.1913387852152693,6.561971048217389,0,test
6.291306471560051,8.557136350211524,6.210186987858665,8.134208678115382,1,test
1.7042720997159697,1.1275943336879881,4.559247074493135,2.8250310301195443,0,test
1.7586607484911772,8.754698616307891,8.327652717559605,4.34881886903025,1,test
6.176543410582284,2.4423910060971767,5.62819430327069,5.022200205981996,0,test
5.582332582969997,2.9503067901046127,6.0322014265236215,9.150017982851395,0,test
4.9766504600589565,1.2178341356340523,4.174887418669528,5.643892970591792,0,test
5.697089721265833,4.7477650558619136,7.442489263335628,3.4542338112381703,1,test
1.0602651874147777,1.866876451394722,1.6993399690452873,3.3272591948079935,0,test
2.2057634441902305,8.347922142450884,1.795344974264487,7.380669392694849,0,test
4.898086956023006,8.216511767250974,8.357406761690562,4.704527080212968,1,test
8.654626094798386,8.628697810726841,2.0303488616969587,1.4501823422413613,1,test
6.51618129376653,4.550489093916506,6.580363983926193,6.0811601513632185,1,test
8.412781099794863,8.426647137250363,5.922695907428059,8.86701946488182,1,test
5.089796958684726,5.6222899855971455,9.853901385697467,6.596857791421856,1,test
6.386311116166617,6.1051353992216795,7.770354468452761,6.236378790469625,1,test
2.7876262957876725,9.602173630513336,7.52950226044376,8.633829329653238,1,test
4.954065972797039,7.79974310207944,6.551032795833075,6.124823905478368,1,test
8.626850131867078,9.181567886381115,8.419544714137558,2.176132334331034,1,test
7.23114748282586,3.524729044625253,5.319264821644062,6.168732552285356,0,test
9.846559596954386,7.5620453352284445,8.590819493151306,8.927614632495317,1,test
7.672607285654277,5.682645304022052,6.514912844985523,5.155071355704744,1,test
8.159087477549523,1.8686837432837695,2.649270498260922,8.177538739106183,0,test
8.907873784221216,9.957508824613816,3.984425328471409,3.6475875635495254,1,test
5.138786313491427,9.423288378747465,6.618293634453652,5.137192045506934,1,test
5.720517123585316,3.501543094955805,2.5638710747649305,4.463976878531584,0,test
1.722104603855695,3.6055933672895675,7.709996623671913,7.546376508591224,1,test
8.66668063299576,5.665801738283335,2.8516744314598172,7.117447905464389,1,test
7.161272403867378,3.2695967642172725,7.289261528262009,9.093331103113643,1,test
9.600859267854258,8.811829172921405,7.371004961763257,1.310857540270637,1,test
6.580118198871998,1.0887858293762518,2.746031720356548,5.781354410861271,0,test
1.8555680457162995,4.862874858770017,6.599576407462856,1.409998475907205,0,test
1.9183088511624098,1.997133517986054,6.9377980604057505,6.789911097007801,0,test
1.4900838704964465,9.680884841205671,5.8873441120604655,9.114642818110058,0,test
8.4804674447414,7.8138466117578425,7.442261290791233,2.572102474366823,1,test
5.623877077500751,6.409089945599716,9.174146746099565,8.51675498501879,1,test
1.423564416833538,1.293755082158494,9.641151300991512,5.759667425800253,0,test
7.571286222733574,8.090142637227316,5.158287346044378,8.308367629370586,1,test
9.547011656602814,7.142849047207531,6.882033730723352,6.103549545988828,1,test
1.723896295883014,5.063377598564322,5.466501532840439,9.375642695007084,0,test
7.093255473476363,9.40875986951353,3.515113785355878,8.081046086919496,1,test
9.973817964336353,7.864481216882276,3.580864590003008,4.081385396322904,1,test
3.892244287337225,6.426197312684355,8.441755913504043,2.668967589726115,1,test
3.451666804559143,2.9404755511243748,5.980397801599434,3.1799748572276787,0,test
4.279989975412746,3.6542913153726584,5.7551645024859415,9.74971821560082,0,test
9.875174872451533,6.257864617468478,7.479611212874287,5.104760640532303,1,test
1.5428486666094843,8.328576164141463,2.7404342458651882,1.578550560449493,0,test
1.846683271609983,9.611793083810078,7.864477233303555,1.9444234156145623,1,test
3.273324256048908,9.95060865392724,9.075060721379183,9.0027791748549,1,test
8.61745270976795,2.680095442266552,9.45781978175883,9.956533252234157,1,test
5.319193828646888,7.211370788596737,5.574072558974162,4.902158879542044,1,test
6.588476647038836,9.852463729998453,7.660213510632612,6.022087243895089,1,test
3.685465121009147,7.9818055073315275,8.342217334025667,7.849996470304003,1,test
7.5586138574200215,2.0408809802328616,3.7075272567387776,5.4981703132790765,1,test
7.4981669477784605,7.384664680916204,5.286645334055032,5.159656916555629,1,test
8.120175766302308,6.663344592965465,8.77957612486663,7.530186262705046,1,test
2.644324229947514,4.886937844289721,5.743025795624986,4.837788519132312,0,test
7.236075418998428,8.21965465820138,4.367275417080858,7.148162439981362,1,test
8.390841099844693,5.8449067376913835,4.638676776332783,1.6536882956306522,1,test
2.893313250861961,4.920325887716649,8.374866406793213,6.123336692120988,1,test
9.222592346033515,4.403239475389034,9.81259276529586,8.806370341019887,1,test
6.231012363033258,9.02894421695899,4.147581447748307,8.107092851295267,1,test
3.258298975342335,3.409283793629379,5.2367660714104325,1.161684964890169,0,test
5.8478816511759595,8.438935560131675,7.292204291723302,2.2380959137048704,1,test
4.2176385514604,5.467464798237155,8.62097872677887,9.821745197476565,1,test
3.642400595226335,6.836678425813548,4.526570153709803,6.217594765409132,0,test
1.1427757505855538,6.739682896958135,1.3591744086031734,7.8184471364102395,0,test
3.6080512432236556,7.754508832575411,1.252165478527198,8.380401553688612,0,test
8.131885508885356,4.5537817819843385,6.181831596347167,6.247937334582256,1,test
8.879522117646516,9.351046651008218,4.639117075662604,9.009481685686364,1,test
8.598088763741607,2.925281130985739,6.784997695500413,8.131269993897588,1,test
8.706502710924216,4.927728159617297,1.6104828599808967,8.283971300155414,0,test
8.003648231111653,6.715552349599721,1.9195816447609886,4.115494646700451,0,test
4.349515373746332,1.7766485719311809,1.131919224928508,8.433124398684518,0,test
2.443462119853339,3.2160426757868796,2.9634090308522,9.177508248198285,0,test
6.853839483357286,2.8419228394401386,8.207068223192213,4.0762380907913265,1,test
7.42862814303792,7.5401205558761415,4.649854100614608,1.4851674071803291,1,test
5.844510258671028,4.275749442347264,6.498789270656157,7.980485180677575,1,test
6.033527907606902,1.3201706806339693,7.037875937068675,1.7509144430896335,0,test
3.5420066075801913,3.5612848717745655,8.497410171091184,6.491556560824956,0,test
2.2110523856499658,2.657555637653152,9.341588929565296,5.969872057177016,0,test
5.911620377504869,8.700243645643559,6.705885450671612,4.744868702939233,1,test
1.8206752578149552,7.228175000003875,7.23295917610346,5.617882590352604,0,test
3.1187132819529206,9.63092414590189,6.223321713459724,2.679316320663163,1,test
9.612851008313559,6.72725824305611,6.697678204738849,2.187599471665815,1,test
6.162003883885732,6.3726779328595,2.9695241680594626,5.024248867105752,1,test
4.034015865302118,6.578130481440912,3.773218876857839,2.264486311805381,0,test
1.2656202583201728,4.984229424219365,8.122420194402052,1.8846665228081747,0,test
4.971667738452384,7.551704179329783,1.0104385436732142,8.08494703501716,0,test
4.20547402934519,1.7083468112808626,2.3294590811900653,1.6771608558588176,0,test
2.9457507822914986,3.6332664793507967,6.912236646181362,4.889437768250376,0,test
9.114369006198551,3.120711124614266,3.4804038992973894,3.5523767878927575,0,test
8.387643777003195,5.37221003659404,5.977844693342006,1.7042665983978647,1,test
6.6161140201474264,7.382226305846296,3.204278803727809,2.6767212695036444,1,test
8.848724183069121,2.7395108129745647,5.185085541946034,6.819382061576632,1,test
6.299849108734422,6.806107251422475,2.951819302108227,3.6275402208252405,1,test
8.981989923322265,1.5352479122951195,7.263204193650118,5.8655963597625735,0,test
5.719009209677164,2.596358263158722,8.59451648558159,9.905977992109266,1,test
5.473089994740659,4.55343562857068,3.5105503518763244,3.314581246300615,0,test
9.498180481597844,5.951917348705989,3.916462177882327,5.157130034664066,1,test
1.8782840759696562,8.99333163180706,4.37642258708145,3.9267282846681466,0,test
8.07666629426814,5.035769433521468,7.62564844008003,1.0150445546323348,1,test
4.080087719380665,9.018837646580042,3.0254926058137297,4.84647466554423,0,test
3.6159564770705264,3.6420246681639155,5.419798171397174,2.6312576191441677,0,test
6.940135514330001,7.014339885086832,4.962611080623393,6.337920315151945,1,test
5.934159746031829,6.777277118662862,5.15237668744766,2.9202476402055533,1,test
2.0971353064590037,4.423034098927472,7.612630584368424,5.926302351747436,0,test
5.931144424562714,1.6658818527131438,6.372026056465167,1.4909952339551795,0,test
2.941863712339859,9.809636931638781,1.6070114040256076,4.483529963647068,0,test
5.939709613414099,5.192954170102272,3.2766350236996447,5.811239392592739,0,test
6.306730839323513,5.107306520571003,9.310615303272543,8.588971357421311,1,test
6.953467884778981,8.656697616625856,8.008954984571526,4.2866891873602935,1,test
1.9252427209663745,8.730582886621216,5.569528776802898,5.914523962883482,0,test
1.6885786217795817,2.6600774133471212,7.195117019877527,5.5059854834474145,0,test
2.541787749180604,7.70155100417956,2.9243018939983036,7.848819406489601,0,test
6.782757266100585,1.86247659036946,7.42991108599525,1.3172815324465859,0,test
6.1405869713444154,5.088610064635017,3.986839993298881,2.31314575584015,1,test
2.885536036441449,6.076967995149196,2.744912447560064,3.2633644595581712,0,test
5.614077245454611,6.120749851374659,9.176846980109037,2.1927108928256405,1,test
3.724561352961608,6.2316778147810705,3.823133697796509,8.472625832382732,0,test
8.810907688989314,7.040147283515723,2.515110427448798,2.895389531835563,1,test
5.075609890684699,1.9061476420942265,3.728117064868313,3.9490330846552184,0,test
8.931834945906045,2.3351161669008844,1.2334540634027389,8.263677505669428,0,test
5.747908344013089,5.000834715441929,3.971019223986124,3.2718275258452323,1,test
3.3495452410715525,1.2448796816334133,2.631183719922381,5.8080044618017865,0,test
4.574631000729587,5.856546988985237,4.075233729283791,9.875961492192364,0,test
5.80798036441016,7.526767140330711,6.534718374014804,6.869140770257303,1,test
7.177995595616751,3.3347123343089047,2.0324780024665547,6.094151186680858,0,test
3.3841228290716083,3.0268687790530255,3.98216536431805,3.500735101186676,0,test
8.136220402879093,4.943447695986991,2.5395922364457126,3.8617195692282933,0,test
3.8234053355972257,4.577542747861744,9.344097689820098,2.8158686785470888,1,test
6.453114095624716,7.411260312159837,7.819336491982783,6.362807248688629,1,test
9.593142909312071,2.4619309514125236,9.274678757629037,6.6550793216505015,1,test
6.893644576398469,3.576906387985626,5.524777341392586,7.610519073403981,1,test
7.6100046021483765,6.954017120596143,3.089413099044847,2.6501208618284418,1,test
7.067465375143125,3.328029927864491,4.601974383754438,9.430837186485679,0,test
3.680532222840951,7.02012017641197,2.5833848040471046,7.634002218132764,0,test
3.183852244822997,9.204083872264972,7.68776836518501,2.487134192010249,1,test
9.405459698246581,4.31713344085513,4.736918680089763,4.313526513875228,1,test
3.7459180112600676,6.210813312076149,1.337688205520426,2.22547081834446,0,test
8.717474516639736,9.20229631733217,4.3601943914232155,9.116505826791023,1,test
8.63890823407003,2.7592441115968573,1.2633812804743594,8.034813680578067,1,test
5.192494923697272,1.3821509322391545,1.4500334339880956,2.0608791696491835,0,test
5.65562930776667,7.704891133872701,5.830124624496422,9.862413316805736,1,test
4.227502520929874,9.25851083036773,8.024018857635216,6.747359919850697,1,test
8.331833478730193,5.5083348164561245,2.349095657724605,5.432419962527557,0,test
3.018483309003733,4.757651822739852,9.170552466140396,9.4969124678254,1,test
6.164836955482131,7.112998773553502,6.141158642945282,6.638012848646678,1,test
4.071774629326995,8.45671169501816,4.311119633268861,3.148790881760215,1,test
5.5039522180712845,8.351513521934397,6.367413230673394,5.628351665422562,1,test
9.971478314331089,8.126341883270987,7.760645854609062,3.23206639472729,1,test
6.566414307996201,9.077155970986109,6.23787397494384,1.3692393655671506,1,test
1.0153037796373345,8.02734539107556,6.329832428797538,4.581163367765536,0,test
4.373254339532056,2.4695918719587313,5.82714244524978,1.4809348586678341,1,test
1.99089170382713,4.478264748274974,8.804811220652883,7.3792485315411165,0,test
5.582980284563178,2.9646453316259738,3.0574846691612363,8.263112953028887,0,test
1.1022904866033532,5.16955505404682,7.3176190272785835,7.78293233582482,0,test
1.9250029632580556,7.307319415180725,4.676195719297501,7.149068124464801,0,test
4.256177600615292,1.9426334496195163,2.707092588508233,1.7686163303474096,0,test
9.052768141310414,9.983933737280005,8.355386697986013,2.1285092577299425,1,test
2.713113008768643,3.7758255495098654,3.552922321204124,4.947132430486544,0,test
4.539049912266298,4.709129002850486,7.035928345726588,4.121769392641522,1,test
6.729264464330991,8.911381694462102,3.5940523684782053,9.386657567759162,1,test
5.180949354698405,1.4682108633101363,2.250840013513935,9.165630331696326,0,test
2.4349007401131644,5.386536220905273,2.621514409925473,6.409001519927649,0,test
9.473441178319298,8.283693805530561,2.851647818251635,3.384977555256383,1,test
6.828668413351151,4.562847704182229,1.8827976205510892,7.384496770712392,0,test
9.0852455236342,8.358144239368308,3.1793731459741372,2.162973645334585,1,test
6.0535844773953595,5.552171420127047,1.5360557836459208,3.5579559816001223,0,test
7.319532319576174,7.196359445295293,7.355026634721595,6.904294605871136,1,test
2.5018643585680254,8.805517739888957,3.45137954636824,7.31627015734551,0,test
3.9742652550990485,3.000522594453697,5.118428533986899,2.6427955870354762,0,test
6.288501708657783,7.280397191573111,1.623473739254308,6.204750938634304,1,test
7.205992849258008,7.571189453989401,3.9052085492846,2.4996187028143844,1,test
9.464253092090486,5.272941574436505,8.869813597759734,6.890782395394889,1,test
3.6233772017060994,8.170208369000099,2.269438071778435,7.753503708903714,0,test
4.978610198106322,8.820409562324237,2.2968124243419137,6.749399979093315,0,test
2.8023824810864375,8.563838129025946,7.021578273667428,7.024102284608884,1,test
9.874925987421731,5.78113035247522,3.4800209678071825,6.89503645593708,1,test
2.8053557087904633,3.021518381918824,4.78069073588667,8.8127982589894,0,test
1.0244659994560932,1.2675904455306677,7.429360588712239,3.602367555362461,0,test
2.2367669951458744,1.2030924983197315,4.446378654867086,4.820712488362082,0,test
3.6209145950284185,5.917523870481929,8.650860176195597,9.047172908096865,1,test
6.116273699845912,2.327755059632995,8.606878837697156,2.571350007341744,1,test
4.958477173813443,5.757947029894422,1.9806002064643768,6.791151971412197,1,test
4.991895797142163,5.586609427839426,8.153508660307573,8.632673126640107,1,test
3.7138791869644256,4.777688074834416,1.7753493414989787,9.179132297126664,0,test
1.6038553403582116,1.5905869793115268,2.728887176245302,4.914766382624588,0,test
6.648572892950561,7.8084744639186585,1.190040589427223,3.171726287549201,1,test
8.74996008167508,9.473094237296257,7.770495360926514,6.444832084098888,1,test
9.38821535479258,3.483460889282034,7.959049937056602,2.5058816063727,1,test
3.1673541347958487,8.304577127532331,1.2790908220575448,4.859811650663113,0,test
7.819899422452471,9.64539655700508,5.834751755991431,4.8611048251827516,1,test
9.8857416221703,5.652748042100814,9.51481264965921,6.584535637129285,1,test
9.495977623185805,9.474420860259123,8.241637968227472,1.5571005522484396,1,test
3.0605322289112173,2.3703562838743446,2.269240934613758,5.161289769328535,0,test
1.054602717757576,3.0838300326896846,4.205987445402151,4.03161664306467,0,test
1.0829363817648834,4.0936225814733245,5.974870329335172,6.483260722801161,0,test
1.3815715226370773,5.592848361177789,3.0946197370521706,5.215533883869438,0,test
7.339162189701598,2.2597669554777484,6.36252642284936,2.232608082737994,0,test
8.589939458726748,7.8869959410118256,8.681056281215191,3.451114446278392,1,test
7.241767312953724,3.8362420445270056,5.95290003401997,9.973970927994225,1,test
8.65350467558803,8.23736817760327,7.8241946908678335,1.0316068587799863,0,test
6.704944058528726,3.3599069489669136,5.2539175817761725,1.4163670121727603,1,test
1.1896991265385677,2.5694447128749514,6.061255384074737,9.344050469667296,0,test
5.360013554415723,9.098392460556935,8.24589243318826,7.670362634999233,1,test
2.236850439253171,5.09713301864998,3.6216931580859795,1.6371951057949494,0,test
9.93960510189209,1.9961593802363478,6.091050681198555,2.1000609086241155,1,test
2.6536039855938447,5.985319658130664,5.678537835611712,3.1455799380475082,0,test
4.241309666327481,4.507058214943614,4.054667477730087,6.984600794549246,0,test
4.21292250628846,6.289846564386301,5.85763598107435,5.215139665460194,1,test
1.0447778535313927,7.365013188192469,2.4674973024655666,2.718865921521351,0,test
2.0527305238271607,9.865559696041885,2.151263536027132,4.950503692650918,0,test
1.7399309236062868,8.357534249759496,9.337266448486229,1.346108952761875,1,test
7.731804991968797,7.228906211607501,6.965930647683348,1.6590649486255185,1,test
2.125499809601635,6.49255513673013,2.447861866930279,6.408284302363425,0,test
2.3729690868560502,5.021456369232001,8.279542158024064,7.3118779100563405,0,test
3.324268765399322,7.152522371941281,9.773332619061792,9.69747275197096,1,test
5.51141766967583,8.375730499880625,2.4095296681503466,9.732229197594654,0,test
7.110262056936112,2.5845026680709817,6.482137532259778,8.707934960427913,0,test
3.854103237033438,9.981866739040223,5.1488503419629845,5.969095771465606,1,test
4.731202617911577,8.724328372690813,3.3094457794133207,7.756904281118921,1,test
8.547324111351454,4.564202374761524,1.2333265373156446,8.360844047015696,0,test
4.425629970833707,4.905811669527653,8.77381401390073,5.042854281243561,1,test
9.117267062623299,6.180942634093541,5.97061445705979,2.7647977313659213,1,test
1.3236291768684039,5.16840828143997,3.8397962091120106,7.787684508785917,0,test
3.327515403989501,5.371095821099696,2.7916856409480806,4.263047500223511,0,test
5.225818109272538,7.281256175323528,9.854088258703886,8.56332910815874,1,test
7.844275248853203,8.361266558273597,6.422566694247649,9.619232785385936,1,test
3.1575737415104923,9.51291771978358,5.309762945559448,3.2136924718751265,1,test
9.319300980507098,9.499778699881393,6.295440734126647,2.8027198808566824,1,test
7.2150063820360675,4.2161420976502715,4.164502328760408,5.297214232785811,1,test
8.547943393723324,3.499003615864712,3.633995334246328,7.944805295844062,0,test
9.511596119633841,3.663975087705668,8.92167851831612,9.905046762659007,1,test
6.592337919807386,6.462163260686355,4.586104026916168,8.536092946613637,1,test
8.260202777910344,8.103064387809605,6.733014481305392,5.111910651069016,1,test
3.498394165272696,2.786192166409187,1.2092314944646407,5.607643180194507,0,test
8.208315966479535,1.4451274504163163,7.169067309262277,4.78141961569624,0,test
5.694503820717259,5.9844088918810545,1.692507728262846,4.643592198686637,0,test
8.036048200472901,9.100561435359566,3.2959155216899734,2.950857333570942,1,test
3.785726379038067,7.694547806516139,2.0006920672858923,4.624788308572461,0,test
1.4290694430847783,2.915888079750595,9.747503101496957,8.909626465725612,1,test
5.207527859258277,9.453392181091049,9.369499072875453,4.6069368414978555,1,test
8.589540847402022,4.4772288121741255,8.141566996082489,4.676984315217071,1,test
8.346411392621235,7.06739453498737,9.306749862567681,7.4083236181927905,1,test
3.6628260681123033,4.127218823773788,8.81493776625626,6.880672519238578,0,test
2.3482564567121256,5.212613558620161,2.4027805504889876,7.6288598399313425,0,test
7.782572668119967,1.011661214946197,8.388082318354979,3.2304421970509907,0,test
9.746994230371172,2.2532432356802716,6.379907750116083,2.339635100882168,1,test
9.481868819396139,2.559052939584002,1.5799270844604525,3.1698798058490323,0,test
5.71263917504746,3.858668623564766,6.35457759030304,8.426168192840674,1,test
3.4321050857708744,6.04995896232059,2.752666208991962,3.058291122162448,0,test
9.842679195376373,6.259272239133797,9.094242546923331,5.223401263987821,1,test
5.873537921639653,3.696433680971202,1.2268749902350287,2.3839821080936576,0,test
9.31639631465054,2.761538032442853,3.494818283137374,9.772732366782298,0,test
8.614315194506528,9.803409799077016,1.266440372302179,6.318400766585337,0,test
1.8193279881631008,2.9637176597073376,4.643965352124803,3.415149149852985,0,test
8.8036733250385,8.794715983182794,5.180247828443582,1.9101143900466273,1,test
3.424659070446637,8.956018742030253,8.053356043728986,7.1954377930835856,0,test
1.0908025686353338,8.888353819865689,2.8894420684173774,9.409167579013417,0,test
6.171777386185878,5.7838398347533415,5.545628105055472,8.114987325105044,1,test
7.527543332211831,2.696216939167353,1.313048520721134,5.8994474581173755,0,test
3.375638332861152,7.785416436941211,3.4846855085632393,8.425411693660903,0,test
9.501001236930398,3.4432822503043603,3.4032514565572947,6.0651171349152015,0,test
4.014922426872186,3.7243067820599265,7.9898401115974735,5.8029461875286215,1,test
4.228671428229668,9.609884170976937,8.163035395968866,4.390166401658736,0,test
6.03707311982002,8.580311473473055,2.644740400359355,6.254805344545094,1,test
5.604059367172891,6.186530102851529,9.0333008073695,6.847303722965958,1,test
5.725271572093112,8.99780738216859,3.8767584524183114,6.651685295292059,1,test
8.443626162794466,1.744389135848527,5.456713227863586,1.9213004917250351,0,test
7.863950232254659,8.965761881236984,8.71695898808261,2.057379640037192,1,test
1.7812003268939578,2.2445516960493226,1.3043947017218835,5.650344380975427,0,test
3.661638788026854,1.9865185723809962,6.056148717792738,6.966406239273087,0,test
4.457937882198337,9.300650611282357,3.361956847065829,5.589680042324997,1,test
7.41366721480984,6.4268473688980015,8.47833746032649,4.557830209772146,1,test
1.175321659164795,6.520082643643953,9.595998200980885,7.691385923361121,0,test
4.885054964369004,9.59004928064539,8.599683116537177,8.511935155974612,1,test
2.594792508368322,8.227404622992255,5.866883830389993,7.237777817137876,1,test
6.96042434634827,8.972061660817078,3.8113828979666082,3.7922763846054868,0,test
8.579667986487738,4.371283026389525,8.927453564818604,9.83977925572858,1,test
6.566142311214907,4.244788722488468,8.665863480172684,3.1221563705853352,1,test
4.919728995578321,5.765985999713563,6.368265530842037,5.827021718917494,1,test
7.387532696729774,8.29948942504447,6.621073946203057,3.769623669048148,0,test
9.505066731930926,9.45462293011311,4.984500878616616,9.396366464813665,1,test
7.162225202136513,3.2350894666781436,5.60287090519479,1.8268365670016016,1,test
5.094722531080273,4.437150514066852,6.700334876924064,2.6108174298612243,1,test
8.700353201001569,8.43611809708077,2.0788902882103053,6.668704120760525,1,test
1.2531092021484407,7.015699279028052,8.81807812242286,2.6063785019305277,0,test
9.227531393051468,4.213010678194086,7.693176205430283,4.1165518617290235,1,test
2.9225546033995036,8.236674208768697,9.775072178379608,4.069852155482424,1,test
8.5222855695977,3.857110812593492,8.435031911126444,7.80180288649159,1,test
5.696737210444625,9.200258230061195,2.6444797205478148,2.4821480034910794,1,test
1.9615121093125307,1.571779136082894,7.52612937297993,4.860726281707668,0,test
8.310434661457869,3.0815566005904866,6.093076874496633,9.998139692581445,1,test
6.660758431412902,7.381005733851678,9.875043683992256,1.6317441576513572,1,test
3.0327256917137815,6.648453569500841,3.8230495360266024,2.9111958545099217,0,test
3.0736335278389157,1.8638427666724438,9.464494203103405,5.053361035997358,0,test
7.429694132802205,9.233297578267567,8.794456378466208,3.5355159395005504,1,test
5.85788266964856,3.5200345078987905,6.260260139727057,5.477737657660711,0,test
2.8769838409432067,8.683377937665307,6.231990800337174,9.37347192748602,1,test
5.891674082868455,6.697943286896289,5.763599441477674,1.545209979792506,1,test
7.427879472616084,7.251958707263098,2.724233768676093,3.2550471645183636,1,test
6.041819254255968,3.396555814885616,5.225818747110307,4.505680795340315,0,test
2.676441678630856,1.6847529901616087,5.679027773541813,4.013031633152984,0,test
5.965495396500147,4.535920197668526,7.386384620351111,6.336278333086795,1,test
6.2358049874555945,2.0897415359245213,9.091601392089709,4.738262193665966,1,test
6.093592964383029,7.3635304387798275,5.57815801112799,4.320238755382642,1,test
8.256262089324114,4.117908349053021,6.9546516488639485,7.604831178044851,1,test
5.0387974021335475,5.370014285383839,4.242257526280979,2.2610760971757884,1,test
8.39582151636079,1.3814364920492919,6.5502994987041445,4.486371864898979,0,test
2.7716002889833526,7.541597354933233,9.697317655807044,7.818919922908589,1,test
2.573634716882421,9.859773581699647,3.9883570881617505,8.146630216293373,0,test
8.738943988065447,8.14111508068584,4.909753149846795,3.435751907086325,1,test
7.603625301436005,1.3686573600692382,2.580334680150991,2.0844730912717817,0,test
5.559009331818552,5.7952979685326085,3.1875018442202485,3.3826909939333007,0,test
7.849745455414161,6.258238642603958,9.708717399866906,7.333431093417128,1,test
2.234580181514138,3.1619136010828264,1.3481133327083756,5.6723118431767166,0,test
2.9900292627428344,3.2173925089270163,5.291520675000864,3.686700195924341,0,test
4.481801910199518,8.217173078708019,2.897258953449059,8.05658579236386,0,test
8.677910923502596,8.172035663420537,9.87666308862694,6.978247417804849,1,test
4.531633710916429,8.253934784529728,5.186826190984745,9.753984114048043,1,test
8.350208149438979,2.5920702085002203,8.246234314931927,6.083886813198263,1,test
3.5841366237732815,8.004895890313747,7.129234995469988,6.201921197496209,1,test
7.692440550339421,6.038463111938825,9.93621901853621,3.072621999679687,1,test
3.774324598348343,9.239381153958796,7.872978409108185,9.106284243191189,1,test
6.478200984484781,4.405143395711159,8.371631041682495,7.796764482384002,1,test
3.0510228217694717,6.23516625397639,8.385448303572323,7.688355029430266,1,test
5.6799622242018755,1.238250079810915,5.795926636205164,6.454387560723656,0,test
1.9624634574203783,1.7506713799390377,7.398495531534213,6.582653970416524,0,test
3.53483826809485,9.075396822620561,6.261607655571935,3.0729049661808774,1,test
8.91775923412865,4.897338325830432,4.690368825195171,9.260183232619472,1,test
7.70166584037942,8.832494339235431,1.4288472592494272,6.380637543682123,0,test
5.629836823029663,2.2114163505063673,4.5324994929086015,6.530417679557085,0,test
5.931188493743969,7.98210960031955,5.322928891972337,7.475248123119696,1,test
4.65349379613768,3.212471408357933,7.747585860424921,7.287353114726484,0,test
8.997728046002795,3.7791255266215513,6.318869641653131,6.653356094325804,1,test
8.250206923698695,5.807145283835278,8.650315233977484,4.3245427008522626,1,test
6.218835049627044,5.239239640641228,8.574950793066222,7.00321056036132,1,test
8.726471112159292,9.024110621437263,6.393373202744108,1.3830346378658276,1,test
6.915197141992967,6.958092151459575,1.9440932846395054,1.2371157855052315,0,test
5.164496848677812,5.688577766160174,6.18857096353634,5.9496711857912015,1,test
3.054649935652703,7.835301572762878,3.870200669279759,3.6118861035884953,0,test
1.6819781129645315,8.311907565600396,4.888328293595059,2.72150509037966,0,test
3.65276844068449,5.973384716667972,7.9546753151358365,4.205470425628709,1,test
7.821628627480201,5.837772590054426,2.780509670514468,2.467390319095338,1,test
6.297009343995554,6.64713467017964,4.555152458644464,8.6789775304404,1,test
6.026038920024977,6.130508430107359,6.863621600729877,5.644228197028456,1,test
3.2699924902057464,3.0469477693284075,8.5145750200628,9.845477996647157,0,test
7.419498860250769,7.795518048024068,2.3876106525643235,8.785145258493388,1,test
8.202770231754402,7.106152413577069,6.381330414564305,5.456678609775175,1,test
8.74875109189093,7.9664526519051275,5.413941974718866,5.5630194427010595,1,test
6.951853617039855,6.061682343412571,3.917043091432781,1.2355723640357876,1,test
8.080785647198006,5.119323631536832,6.249349837398389,2.6733328094301867,1,test
7.759562494502885,2.549970228204994,7.370178103276706,9.27798304993032,1,test
9.531592375600903,5.141220874603407,3.8168654484390983,1.9081748958728104,1,test
7.164041675837885,1.0121817095688472,8.352283254108928,6.934085339132419,0,test
7.5249527453663765,1.9291626112588072,2.960587657091894,3.32841192994144,1,test
4.130190277690234,3.387726985490664,6.896153788358635,5.05582442710484,0,test
4.88112015849913,9.074248125456148,2.0826088545920247,6.837497441867105,0,test
3.0579179029363077,5.9857771792458445,3.0905802185579097,9.449554781609283,0,test
2.170289931760148,9.820961477998534,2.377415982595168,9.36794759955275,0,test
3.7272678834456614,7.76995310991264,6.010745065142411,8.859890371246081,1,test
4.097988262560501,5.297579907405755,6.705506353671039,2.075064595160862,1,test
3.4326890496868745,7.572462364109415,5.344513669907428,8.971078038882167,1,test
9.49555826598441,2.162909737282387,8.4402807685259,8.79729584786104,1,test
4.392637346861727,4.155661695297164,4.672947064787606,9.092848188165096,0,test
8.764523242855919,3.148004475261869,1.8761136412789554,2.2602415008481733,0,test
8.117886091211403,9.347507902662631,6.984327998214121,8.74019035817048,1,test
1.477760659826489,1.5647774910816898,6.372646980881579,8.421521766841552,0,test
9.906456158778425,5.352585844036322,5.112979505221828,2.9565165492158094,1,test
1.1780669024193635,1.1371502989633673,7.206311925355696,6.891677991387075,0,test
9.11308312141012,2.0976947495905827,5.448643764419028,6.526594520910027,0,test
9.342099263922778,6.317347249076108,7.959339568850745,7.459608156567706,1,test
7.118928054966639,8.545906478855883,2.449374773399802,1.393615680725079,1,test
8.879375620636218,5.236736811617687,7.740955659033,3.8630002937849035,1,test
3.2796820971620706,6.8119903050035076,9.523033608102537,4.324660877346222,1,test
6.488031366140856,6.664141896984724,6.975000269712196,3.4363074645617253,1,test
5.380027970797737,3.123340590535088,5.96437148522535,5.1879943694859705,0,test
7.730942410807044,2.3223389814120576,3.4104839000261524,4.800457681461596,0,test
4.427098249550133,7.963878608127402,5.112780271974663,1.4295286038926993,1,test
7.397670436689889,9.574562729622265,9.055008867490894,7.736209010796447,1,test
8.298788746364927,1.506245895084136,6.809893434774136,4.812264505192553,0,test
9.759086032784795,7.560616536161343,2.0219909099545963,1.1041815886890505,1,test
3.182138226955255,5.221528432101533,7.406226505768027,1.4628618216044091,1,test
6.743789167485735,8.738898677600748,9.288800436544383,5.121449153919814,1,test
1.8507095569364578,2.76488510583121,1.2236614702282784,5.822858448631515,0,test
5.306765098822906,6.4629450290467325,7.485009018288645,5.994433598391684,1,test
6.2028975920694,5.404798534031269,4.047297672175585,2.369383136396053,1,test
8.483999445829237,2.628459346340818,3.024837438134439,6.513304356800495,0,test
5.615876913084855,7.624813453065104,1.7697247029642016,5.5498301102615555,0,test
5.723081364320461,7.250940533599936,1.025139374995038,9.818730260311298,0,test
6.271528252215649,8.859654694249468,1.7362861195784454,1.7691891117581102,0,test
4.563219245139807,2.3501646142044588,6.242765055080038,6.671985936613427,1,test
5.433242299634275,2.790206457641351,3.1943740023479203,3.4450560679857687,0,test
4.5105665401088615,7.334321011280168,3.0783851963091267,3.7630224702060424,0,test
5.102367839919673,7.2045088441101575,3.5809682887860874,1.3188391982685412,1,test
5.807178063682387,8.783973618626908,3.543257261044187,4.77218767799468,1,test
8.168546459517795,3.3628225712827815,6.710751288532856,5.741164033032015,1,test
8.037524959208167,7.892079757051142,6.883224772549546,2.879712169565059,1,test
4.052877098212818,6.307480171595662,9.69365805453507,5.001466437108023,1,test
9.722314648376305,4.156025314379594,1.978345067217481,4.194064341412901,0,test
2.4439459159555295,3.2913145257387706,1.5713577637358203,2.3557880560473663,0,test
6.488815427864431,3.5305483807046656,5.525011225365603,9.508820490883302,1,test
9.712376472630666,5.463707345021713,6.17159940244706,5.252869464844402,1,test
4.3566078126938255,6.481203998320778,8.66943025102861,7.293309739747085,1,test
3.7076559990335927,7.1812093645456905,2.526665453489818,3.0358970173120357,0,test
1.1318576562800025,6.447190192291963,9.018061115737272,9.646960542438215,0,test
2.0239361928795034,4.636039725737154,5.19969735408122,8.078522740319551,0,test
6.996992917215854,9.522771335558625,7.066687338741405,1.7926676004688424,1,test
3.753616663464937,8.92138800452038,5.932324488059923,6.997484633450791,1,test
9.328956031640981,3.4270087893109107,3.421514381496668,5.464023050974727,0,test
5.8732428246546595,2.86413452284621,9.172819608958584,3.218091426194685,1,test
6.350330145765131,2.8422573793562056,9.76846833123436,4.703212023599711,1,test
8.547642914362207,5.953692046670374,6.5488826969049265,9.814245050954018,1,test
2.971547815830191,2.642248137186473,1.642104567812756,5.93218468560106,0,test
5.84273612971359,9.917527903507425,3.880706635350881,9.558499533571636,1,test
8.951823499630702,4.39607019830922,7.491999882950665,5.666208897690321,0,test
5.850295831640266,4.615672799606932,6.077380474466721,4.009304435746989,1,test
7.697772783231154,9.63152669422636,4.196138368619611,9.477607251420022,1,test
4.034126440634711,7.706144814495816,7.865151377325432,4.57372197297942,1,test
6.634420887559901,1.0353959678698734,5.879182801473428,8.354206455596852,0,test
3.6531594606179962,9.431575274690923,8.75704472955433,2.1112037076777144,1,test
9.073128876753081,4.202900807531815,5.703290441712773,4.632080063195311,1,test
2.317730763293827,4.811760183369941,3.925075030349549,2.985539688594109,0,test
8.613780764051848,9.277195490096087,4.096065410168457,9.096290779211145,1,test
8.509555288015974,8.095565135002856,9.25431957803322,4.548322016863667,0,test
5.459342234754219,6.427657625087528,2.9016307934976466,2.759425636395233,0,test
7.26019679527667,6.738339980234917,5.76951456952115,8.833132073207443,1,test
6.5372918274973415,5.942984118359036,7.877794412175843,8.918094313276129,0,test
9.06297267466868,4.014529436506768,7.251722486726793,1.2451073956382108,1,test
9.550289082107891,2.7078928512433182,8.65965664710814,4.031354149104034,1,test
7.350160545549081,9.234016165273175,1.4290389639437222,2.6141840778071193,0,test
5.221432714067684,4.6130556710571655,4.470315019405207,5.963891482383445,0,test
3.89802384957422,7.736159434900497,7.450525029160609,1.3681151467525856,1,test
8.356498493814481,5.475927270834603,4.292816592710241,9.846986398689674,1,test
5.635364658214556,8.945772575833223,5.164265861437175,8.005953628800484,1,test
7.949310730834528,4.039528844979246,1.5384056627387968,2.4369908608891024,0,test
1.4493091194243235,6.217029659364645,5.00080783520197,9.599261982822952,0,test
5.433916149260126,6.561141024230987,5.23799405799063,4.018498661583307,1,test
7.665004615100509,3.4721466214701664,1.5985474753833397,9.280259134846533,0,test
3.462904762652624,1.3130166476516383,2.11320279458346,8.480624134858694,0,test
8.025626148559734,9.412305397298113,1.1228117085706562,4.6900688840921605,0,test
4.848846409007249,6.366397472922933,4.198325535180082,3.8541578426001943,1,test
5.448556957501688,5.236642260837234,7.242461421459433,3.4338979130240386,1,test
5.8470250703552065,1.2089207692710446,8.40786020875213,9.672614691599554,0,test
9.335861355209063,4.71978414494389,8.997050815248478,7.81327716089999,1,test
6.529292932597884,7.914858902380893,9.282078312930953,4.959725839385114,1,test
5.740731040780564,7.880247022007933,5.6188884735888625,6.897670442851989,1,test
5.388513848595356,5.294148675389601,9.943568455454423,7.962792744901279,1,test
4.739272644153991,6.512111558066099,6.237128974372478,4.785100113732823,1,test
1.85009643038508,1.9315958414341194,5.6706320935731,6.257518100234835,0,test
7.982542729655988,1.803379309943916,9.138389820110367,6.377269298243928,1,test
8.776418875198647,4.31328079702389,8.095681305467984,5.6129870542701745,1,test
5.76067318656606,6.13412037884162,7.740324495590399,5.600467612879068,1,test
1.8096640538673743,7.506084936443183,9.369066817626116,1.9084893806383625,1,test
6.734687972882031,1.5499408949741864,2.157187106932743,6.512842356891948,0,test
6.620977735691247,4.7395302623133535,1.3537464756492472,9.647342545085683,0,test
7.486427515413716,6.763752857367267,3.8051710311346536,2.121788014319508,1,test
5.15033588210287,3.9759177318861525,6.195439366077204,3.568866992512877,1,test
2.3541775429372134,5.793451226267553,9.280624005566093,9.085888490234762,1,test
3.6311803132067286,5.7994521701578075,3.756939311945576,7.0742780190656,0,test
4.3398971660574635,3.8871465108338605,4.22262835503493,8.016086830888284,1,test
3.0931615673360016,6.4800310924184,9.153834313560992,4.022805671080815,1,test
4.212410491730342,6.741333024340532,3.9913273159820726,5.711610343644832,0,test
2.5310483285566137,8.360281660445663,8.392224057523116,8.432835903904925,1,test
1.631955105434011,4.800002677382048,4.778438907789841,7.693547527043911,0,test
2.1623129088361557,9.848946426704218,1.9860950152919599,8.4819981965165,0,test
3.146626052541499,6.7211268830470265,2.3385562448221866,2.595346639736076,0,test
8.39029705989938,6.2797362593469295,7.978616673826633,2.7137152934492157,1,test
7.619855442127621,9.640543563244083,3.0017396800331015,5.141334515045952,1,test
9.504170003445168,8.786861839101638,8.72453857622537,3.017975149782831,1,test
7.601673452435078,8.84370783712232,2.502947642898612,5.796664753358179,1,test
1.5537184817405194,6.946187514300421,7.893655124065457,6.344186323258401,0,test
5.1390827299266215,3.4704956183731284,9.25164428088997,4.315350175868401,1,test
4.68519506774961,2.8646829560638305,2.288442899569713,7.618218485374369,0,test
7.546335124391062,4.793153483743889,7.496773863067532,5.110135930681394,1,test
6.887834993455059,1.3258739309041407,8.940589815414274,9.99463708563856,0,test
8.401541512452695,6.779087257849131,5.382210489635474,5.7234750478569225,1,test
4.508472323572757,7.397125095626975,3.2966136831068042,4.975074725097361,0,test
2.9020237622179166,7.646340458150896,5.7683675155875145,2.5429109162796264,1,test
3.7369459286562554,7.411111652273883,7.042535093489541,5.215461861517756,1,test
3.869255756183422,9.610135871127213,3.5095622806193374,8.116544839492182,0,test
4.6349844486512115,9.342294975530459,4.77296319356074,8.08389651261469,1,test
4.455519384899953,4.832250364829093,4.467612260166138,6.392714431999435,0,test
5.646196544787948,3.2440250256650978,8.81776512722971,9.14713356213347,1,test
7.257635068110484,5.890768244128184,8.824521754117637,8.734443763398787,1,test
2.4457307398881794,6.554648206042487,5.496320589528784,5.814223065805459,1,test
2.4911634672978784,5.217431494531301,2.168014458649125,2.3250141096226304,0,test
8.181658037650564,5.38571667567745,9.780296625258828,6.480778740580191,1,test
4.722786993390627,5.0639189681553205,3.2821792379788706,4.849382368155127,0,test
7.396065904865286,3.360044652869269,4.474815593816704,7.475212505073645,0,test
5.7619884456697195,1.4432509334087364,4.666343141152545,3.3090726175416787,0,test
1.511325966429148,7.166125280116329,6.245219207108045,8.727836693497242,0,test
7.875144686020814,6.529707452547371,3.085097071908085,5.170577892617075,1,test
8.543634116287407,3.8170600275041497,2.1305306556264054,5.829385586047255,0,test
8.675281396876915,9.575633510765984,2.9584583660536286,8.020642873625743,1,test
9.74026007426188,5.8281798957609094,7.460176219122271,2.229200254251686,1,test
6.594418311841395,6.863087734741132,4.745162053772033,3.005489475697816,1,test
6.54027637020446,5.935034125297304,7.078438683879298,1.1229472479586873,1,test
2.956278481398183,2.7536520204034134,4.209731088700451,6.887751117181731,0,test
8.265198120668833,7.833500294891372,9.033830621464185,8.30614752908226,1,test
9.519267249090573,8.177838222467503,3.2486842330255055,6.1007653643305435,1,test
3.4804925606657555,2.323935652495763,7.246356832458563,2.897429364829886,0,test
4.843002820569289,4.721688586805518,4.985482273128206,6.105949303187591,0,test
9.692265894411118,9.650249697869924,4.562821123404046,6.646171454245061,1,test
4.142079891715413,8.734031118244713,5.172264592518329,7.600253074777882,1,test
5.258091793771151,7.336846350825787,4.484678318878765,2.6513649367194674,1,test
4.810920874247005,9.090551419416318,2.087407856300025,4.488770803610278,0,test
1.2462924926443737,5.812835189611875,1.9660069193015821,2.5888606817191393,0,test
7.0536702790487515,5.566849716413868,6.163387145665591,7.126182660960803,1,test
2.051753217456559,8.98346467487775,2.1065605916995995,6.4943295047907865,0,test
1.714659363978563,4.71372366324221,8.264289994533087,1.3542562161922076,0,test
3.513732351635709,8.581786152150329,3.0922968460142255,2.020706521940391,0,test
9.020484510223467,4.642231800271774,3.014887937424562,5.059735261946361,1,test
6.0833890265909325,3.4480008453542528,7.730798251628023,2.727254528568297,1,test
2.8736136671584283,1.2444717939103502,8.174668386693003,1.7317483335867232,0,test
7.197936327345441,1.585736452305658,5.422210556473332,9.621494555704865,0,test
1.9614666339477158,7.625512110922372,9.54603243685903,2.8280067987065367,1,test
5.179504950167493,3.773232073466334,2.6354069754029026,8.933539000047798,0,test
8.610596260857552,3.184483631870359,9.092746222178949,3.2219548771558753,1,test
8.302239794790161,3.033012729246434,9.824068171909442,2.2568220218463226,1,test
2.6190964359023807,8.148224309137337,7.4418774238917695,8.59105309352717,1,test
1.6878194117653535,8.026924687220173,2.9796625009689164,9.693162759876152,0,test
5.8281589988940015,8.909985197653462,8.264332571673446,8.708793860884278,1,test
5.213079815769417,6.748354705724664,4.286682892075366,3.0263087718929014,1,test
5.222742386348364,6.3814212719659515,9.149993431221798,1.8019648598700093,1,test
6.563205957906432,8.93631180145753,8.03209886425288,3.063411177680601,1,test
8.648293864879998,5.430424738079139,8.003308968780871,4.6997491478332964,1,test
4.023301279732949,8.225329771902189,3.541076769330786,1.9565869175739574,1,test
4.5316980653811605,1.37477951690141,1.6518861651579722,8.789537620053936,0,test
6.715006607421001,6.937241351165546,3.9075093282037763,8.603242585744951,1,test
2.0651013652755728,2.943601570966337,8.921379700794148,2.522676781729902,0,test
7.234625672558332,2.474009353553433,6.72915256882092,9.706130837258806,0,test
8.563253958916707,3.6970040140645937,4.826496160372826,9.587449395184718,1,test
1.2048993761716034,8.90901631697802,3.5995670332766387,6.073242487142584,0,test
7.107906806434002,2.206619266787049,5.726555286799686,5.239196277100616,0,test
7.209847545117588,2.497691572978754,6.896218822092891,7.444194227553444,1,test
7.438616751254441,7.030601749137635,2.9438461677431826,6.48359587550281,1,test
5.455457622478813,2.8318523201913446,9.976193052610839,7.083515304232944,1,test
9.516479689335227,9.289652291649459,5.572802453455456,2.51587016277867,1,test
4.337051912472126,4.597482198233576,9.113194192375854,7.493701334056826,1,test
4.9448465139597575,7.917476532676295,4.330092032305858,9.213272386333264,1,test
7.9397788729353955,8.729375278773244,5.615562355433175,8.769914575120719,1,test
4.051262848741854,4.7532275461325195,3.0469536137729647,6.151833786557607,0,test
9.43014102340198,4.488337662251958,3.969458957905947,6.074904297270774,1,test
9.155292268774987,2.237965964429076,5.272484185217619,9.607554705501151,0,test
4.014954740551362,3.2514288508997584,3.4987546855469915,4.185484750234659,0,test
2.4532702608447803,2.166951648222233,9.9083715623812,5.043412454879504,0,test
3.3535459632565314,7.36698786729172,9.311669831346538,9.267103561022207,1,test
8.745121338301963,7.231966303861334,8.83315480844363,4.274170755010216,1,test
7.243398936247084,9.299802459321912,9.467025699549158,4.418831082856553,1,test
8.639280437974865,2.61773348224956,6.380681166559181,1.1082526143671385,1,test
9.71058787444369,1.142322383422968,7.354474064319098,8.079488550499715,0,test
2.1406496816097995,1.1034971617138476,7.777272906821942,7.697746142441634,0,test
5.161942129244861,6.473744869469192,7.460407196945999,8.429122803497144,1,test
1.032684201059911,8.778909997811853,6.427757411315207,6.9074639148140635,0,test
8.368996476818037,4.5957911855768225,7.750910200858236,7.487865777613188,1,test
8.869275917983845,3.797024288355363,7.507964444341063,5.375269886653031,1,test
8.984556746443035,5.759539158783356,3.959485635569645,8.281262525841562,1,test
9.396247135815571,3.738600283656589,5.878565640051231,2.3216897027007555,1,test
9.418975525995998,5.068839584391787,8.711854344891915,3.4879095758789647,1,test
4.359244873165464,7.340260361150357,6.346238677375301,6.025235687908184,1,test
8.084902176515662,3.8220652116482254,9.344127672333162,2.461580185885092,1,test
2.2105107260454346,2.438950870009845,2.984415487856926,7.682350334225113,0,test
8.885041687911713,2.8296873028354357,1.4823957867033344,3.895582043881457,0,test
7.405883750150028,2.042318311175179,8.543599341188573,7.466512982813504,1,test
6.162016255702863,2.5911742964520235,5.321540131925196,3.6746675004683236,0,test
8.126713553130166,3.02844660120997,8.154230759705314,9.179438569183743,1,test
4.196971689735885,1.539817713758496,8.193177031650613,6.967844106458878,1,test
4.675127228069634,2.0064024601586574,2.1728874637217164,9.70411546603108,0,test
6.85283197215289,8.349444646645352,8.376326157507197,9.710807798208622,1,test
2.53319600128558,1.2547210540220286,7.667441183791321,4.794893412620735,0,test
7.349997496079602,4.071563564065939,1.6269079308981225,1.5979796085594975,0,test
7.407407338011079,3.0125498355475835,3.6303569218592924,4.548516815633947,0,test
7.6675087995880284,7.921713665153196,4.736694410886212,5.896070474902093,1,test
9.665482893180334,7.594869282382323,2.574729110732732,6.810088105702641,1,test
4.806553935437603,6.055803819159743,7.905956430413578,6.506953395121699,1,test
2.080055919689503,4.866094266219221,2.0797971053703086,1.6337051094824968,0,test
4.799615708990772,2.7645940672156857,8.874899895053314,6.681801797435989,1,test
3.3765882934399984,5.559161515392104,8.447258362794628,5.139080010221035,1,test
2.8837495258888572,1.7916365820709945,2.10320639315853,1.1962530466622172,0,test
6.305612125360801,4.344895369510665,1.2983550991092199,8.519199909579765,0,test
8.062181511443839,6.454484046443633,5.8942400831749575,5.012480740409385,1,test
6.43896486619533,3.1574499869068755,8.095134339952166,6.093228595206138,0,test
2.412740149539972,6.266436781225244,9.931496360058672,8.686114727528736,1,test
1.2256277846804844,7.071154851565547,1.1855893939084807,4.585579371173395,0,test
6.215085336423362,6.298847680027285,1.7356255084744376,1.7836698628875567,0,test
1.098317097060265,3.051162503215824,3.666112379525539,8.557617801618465,0,test
9.474504119438759,2.895127714048598,2.6445617103559735,4.880037454927258,0,test
5.640917930829341,1.7530661717114522,1.4659508108958934,4.82577816091402,0,test
2.8924106745479987,4.08843779508706,3.6875508472645393,2.1140439299422358,0,test
1.913026268357877,2.7452563292734578,4.537336558196677,1.8364511695285741,0,test
4.779377898144602,9.063965745329376,4.712207774765513,1.0546109101138152,1,test
4.300419219279112,1.5046940119294665,9.4551435214527,7.796279421758321,0,test
4.2770061975717955,9.557866215918091,3.330034834949971,9.980507976869323,1,test
4.061640046027825,4.5661838899628195,7.42470972135623,7.546164025778781,1,test
7.937122030764952,1.3496171109777997,9.000629836613708,7.840885665391207,0,test
6.155726390813426,9.852756390922396,1.7868669564091086,3.779726688836372,0,test
4.431286147696843,9.124087075762972,1.5884659676333928,6.823928246578029,0,test
9.460160852791056,4.986394724921005,7.874978164805098,2.696955955610338,1,test
7.19377917016018,6.828070681147835,6.9741318597723,2.610579045799438,1,test
2.1536519872938245,5.51040554227858,9.343148522093795,4.873845649669412,0,test
8.930063960211235,9.853972835839745,7.947570592989094,9.664749111287517,1,test
7.807284503400628,5.853729380134629,1.145505892428516,8.012522488438409,0,test
6.607075951987635,2.312694450661353,9.182021371831427,6.437398601077962,1,test
6.118401533561438,3.114083420093653,3.049111520838223,8.820566314531776,0,test
5.59820109011148,7.931122790440484,9.478838279110564,5.710826227842968,1,test
8.524145260899495,6.675226145205275,2.971006258342699,6.280167655258671,1,test
2.4942016868897134,7.101035515374746,3.1184251918246373,3.5828589377194837,0,test
8.331076178926615,9.85594577414855,1.6963981873028304,9.457768854959305,1,test
3.509739673252167,6.952105480461391,9.66297967582181,4.994092198037262,1,test
1.844133205139713,7.871435980983538,8.259689406365165,9.193884958351106,0,test
2.3636538377870737,5.022870844039474,9.010484732999549,9.805395203589432,0,test
4.284109172096027,2.3652583800405944,6.4570357222284995,2.1216436823469715,0,test
7.218690401570043,1.947072079259665,7.297871038031652,4.443156544208829,0,test
6.666857868032373,2.4563487742282035,1.1585599355107408,1.8873324814084245,0,test
8.657575739395568,1.9524999107292282,2.3854047813559873,1.6533697138966328,0,test
2.0488342376034927,9.75577700853253,2.6575359112956725,1.5697451162629736,0,test
2.3958730976300107,2.611332448483276,9.443523590933717,6.866925164770256,0,test
8.132717792731533,3.5462751379587667,4.2200777697162035,1.7288795022923327,1,test
8.807542671113247,9.905269158786506,7.731460889237932,1.047418222462188,1,test
8.947915342496257,7.220456664528981,2.5020664636654253,4.861417291623949,1,test
2.5029156838925943,3.6687440032693845,4.263206086553035,3.1514624673174083,0,test
3.5361715188480365,8.316877441654691,7.140164936152872,6.761895134916934,1,test
4.293686844147219,9.189256309207007,8.002506625171968,2.018537362849593,1,test
2.161698158467395,4.743007957268312,8.960639926496704,2.1818468251267804,0,test
1.7051848970056405,3.116458622932901,6.086570207375575,7.449803562835956,0,test
7.0173172910658685,3.1523495016200935,7.828659642492871,3.396910610415877,1,test
1.4363930490938435,1.429193704240858,4.639977883586473,4.516691180646818,0,test
6.250286259766646,2.449376210327329,2.8462960140407896,7.9600597161399405,0,test
2.949564806965208,7.508718564436161,2.351534246012306,6.655676559944476,0,test
3.0802989242238783,2.9846390779185468,7.9412368988669435,1.3885663007861613,0,test
8.758403839160081,2.217486682623648,7.262811652086739,5.343669613419362,1,test
6.30696237447934,8.150810013019587,5.66239521343961,3.4373612476987008,1,test
5.6326542864699,2.8933226481628544,7.328961254268273,3.895579802234432,1,test
2.325991003844861,7.193022852085933,1.4400661772262389,8.07780165798412,0,test
1.1566262981039643,5.43493329779919,9.663296705063495,5.690158873610646,0,test
1.0950506251965328,8.982584990106336,3.4770262368168923,3.0010804782098655,0,test
9.575691288117664,2.746002113854633,2.4060990460554996,4.92292472573982,0,test
2.1292857718169422,6.147052422089277,9.066253837224135,1.9003283246947156,1,test
2.8095102034025476,2.703219567040173,3.080934107948485,4.526316145653216,0,test
9.47715249669418,8.841807389422055,8.054545431992867,4.869429998025711,1,test
2.8611161964126612,1.2287901635886247,1.7235308807739584,3.1673064564823656,0,test
2.737084134114391,3.5811348467345088,1.5709096837193823,7.0543122999851,0,test
6.1828263490390025,8.634643791065225,2.782304836008702,1.9224254755411043,1,test
5.649226904966734,6.630573527865551,1.8514552441378234,5.071869656976861,0,test
9.681989678472622,4.305008141126361,9.826583064676342,8.153883133619068,1,test
4.6085764698493,5.880046317091942,8.983708906572938,6.353791310651989,1,test
3.2789060601171585,2.1643721123777127,3.8265827771147305,1.1080435781992803,0,test
8.365618769931686,1.1829468598160955,1.6649942644939428,1.2416591890680528,0,test
2.9290395709718475,9.509773608002288,3.299472544414577,4.570223510794596,0,test
1.431275117385364,5.861271848288832,8.320409653942658,4.353346098429261,0,test
4.4225170018884405,6.980853752754389,4.26655462931129,2.6429848868416124,1,test
2.717060744874479,7.360823595624822,8.855465966306912,3.1838736854662484,1,test
8.191991238130829,5.942619595333621,3.8260842093115692,4.753685018194151,1,test
1.5859415692552723,7.589693264174785,6.1537213535324256,4.887494829653873,0,test
9.62526471766718,9.73453519072689,8.48591780307887,1.2247301102575925,1,test
7.9349044665502575,8.416827339436054,3.3441132054053533,2.1524948022545503,1,test
2.107675033339019,2.1352933989302927,8.73568154514646,3.264106780525149,0,test
7.992380532876503,4.39995111643529,5.3327662336340245,3.6699922770244577,1,test
8.612196481351864,3.485959367943498,4.986447787931708,6.470975021715381,1,test
4.831765164461231,4.794718232961088,4.0752709285687825,1.5212166773309024,0,test
5.339328557587084,3.497489202804553,5.5727165223603565,8.14711965014133,0,test
6.302726661821243,9.941641574922743,4.657619271440383,1.2443753212619861,1,test
5.894890375303241,2.642788553233681,7.734595964033736,7.99554746740341,1,test
2.697244709731277,6.501466292967856,1.9758107154741809,1.8173308697535289,1,test
8.892809850592773,6.904568957825726,5.278183580740295,9.698098151817955,1,test
8.74993040555863,8.818480292811522,5.882818372795797,2.79176914615254,1,test
2.548573857766536,7.8666854852081,9.731186474014976,4.666773653542522,1,test
8.108118958756304,3.284609744461989,7.026640985568475,6.803202705011391,1,test
9.348424979758677,2.778558168401952,3.283209993125172,2.0705575335557764,0,test
6.589833681231749,2.9103205516591504,7.405833890554032,7.358208733962059,1,test
9.73149289625427,9.919866327584796,4.389862669718292,5.223319442439931,1,test
4.634659576564801,9.229437586945693,1.0582406599510987,6.486579077802565,0,test
5.048557928613382,6.944777323941753,6.8628499474311795,1.6709112024105908,1,test
2.492436791553376,9.57305321955442,8.336738972593686,3.8841756906759493,1,test
1.2018958565542692,9.445430644300506,5.3206501059707465,4.979818166693853,0,test
1.327014396068534,5.217608713856755,4.178558198485135,5.469206716939194,0,test
4.160208781876669,4.7149256715406125,1.8178230253204821,9.001288424452872,0,test
7.008612269583864,9.453260298069136,7.70325309899422,6.2239403729120255,1,test
1.3645516664095605,9.8090490235018,7.06375665319879,4.52691718909087,0,test
1.9923040880802303,6.525185492136889,6.070556944718596,4.177461872641051,0,test
7.780655209772213,5.879602710042317,8.152213184734274,7.043325511243713,1,test
4.650006572347509,4.803080891655402,9.312549059642278,9.76194010875637,1,test
9.703166110622053,1.7461308716608923,2.6300018216144654,2.5719882793383735,0,test
7.271503896196701,1.252144672136179,2.233693092536048,6.981381176902742,0,test
8.436223312707366,3.419801205432719,1.255534183651172,9.880125718632923,0,test
4.071713389024136,3.8773359524319964,5.026035293622337,8.723281643901608,0,test
2.5674797210820586,4.03539755686871,2.90429299836583,4.3207836784535,0,test
5.40164247849251,9.998880725560719,9.53141275589608,4.546938631295701,1,test
5.31451828367168,5.657717400213131,9.35324370786858,2.576376729654556,1,test
5.960010558004294,4.676867566915886,6.917051460791127,4.379831081827111,1,test
3.644642709448429,1.7742594294860783,1.0599423945701063,1.840467931170362,1,test
1.42090151698274,8.2619011667849,1.4190594381750379,5.242857920122412,0,test
9.939075549369015,3.528532758130928,8.864216312681148,6.922452343701396,1,test
1.257941431919893,7.93834530968156,1.6459161994842468,8.49457953732654,0,test
5.595685268613855,3.7803581727593505,9.55499848028622,3.1342871105684784,1,test
6.761476597748214,6.845184820566824,3.7891367156116247,6.369756059251602,1,test
4.955471972452168,8.7304568642672,6.619289295009198,2.6715601402471383,1,test
7.643618286724928,7.244315050599089,7.276195303290054,5.091391980110673,1,test
1.5941307965694307,3.5550414624696556,3.3749752770348582,2.4597774225183766,0,test
4.391867371380849,1.9762483814701586,1.713990967135452,1.3720877049565743,0,test
7.995671873819964,5.631421967438531,2.38497891840829,8.689221461055332,0,test
2.160672218029541,2.8883597071665745,8.921835846849868,9.07656806531361,0,test
8.358352160037143,7.529102766266574,7.611526319799789,3.8968904286543724,1,test
7.737750696189876,9.1645338537575,9.479068947585834,4.126582676326857,1,test
2.1031195952043458,6.01838184566656,4.903594146841327,8.645518194384248,0,test
8.350868623648063,6.715589320207426,3.7506642787801128,8.408826960154173,1,test
5.5053442374489885,3.3828505465830947,6.048020058170757,4.094046372845368,0,test
4.400967887762996,1.3912263456915273,3.3846193726666205,4.163194464447759,0,test
4.332356191748499,9.463831030977534,3.464179090561016,1.054718317186696,1,test
9.374155799995973,3.7949299895309063,8.334276469984518,3.5828738622201532,1,test
4.907455193888799,8.418051143895042,7.867959285423705,1.438942974241392,1,test
3.011685360684302,7.845974137472715,2.5818526384240417,5.3013091011683935,0,test
6.990711793320437,7.7745105016660805,1.2108928762768043,8.530933257712345,0,test
7.645243859194537,9.68481810326413,9.49405376810628,8.215579463586362,1,test
7.175473828134317,2.8709274561465796,4.958201418145762,3.221243315681229,0,test
3.0982240491144997,7.14047600996572,5.412665008653017,9.26419536590365,0,test
2.1114093992999754,9.265538732138157,5.889332979825367,5.7748397093314905,0,test
6.532301827072563,6.645142632465728,5.43433921126285,5.246227454598515,1,test
9.108931250722616,2.2492939149109334,9.824409119746644,7.0531110199594025,1,test
2.604983056670276,4.654756612402245,2.676740147409949,8.933773537168562,0,test
4.012724737488572,1.5932630394149485,3.6797058887610783,7.590906267033338,0,test
2.5568697423155817,9.699002468410459,8.34667756878307,5.524992382293765,1,test
5.492081617053624,8.287910688785773,3.726303021423806,7.454097578117688,1,test
2.626333217041777,2.2034530946481024,3.1103494675784926,9.512120525744844,0,test
2.1639494976429896,7.951156818730187,4.081079690300275,1.203393515083122,0,test
7.830763042039914,5.877359506401597,2.9787134256017067,1.6067631994495954,1,test
5.10085613392752,5.535463629166522,4.439069375791053,2.371502016560422,1,test
5.796639662480723,1.6905809042418711,1.3045090376074069,8.392237333623036,0,test
3.001989554268451,8.354560833159113,1.6170416831141097,4.0021615621322795,0,test
9.067015620288418,6.475660968054589,1.1174644523137698,4.333476671021799,0,test
7.150562327006082,1.5982066944883417,1.2150036401679867,5.264317707907398,0,test
9.282148860103263,1.2776494439063972,3.6955565229624763,7.699070575214528,0,test
9.92431543079948,2.8811968752668147,4.3511437295981334,7.13210978270874,1,test
4.470848357157431,3.0010893678039694,6.1972105200250125,9.763922254120653,0,test
8.11350831464376,3.1938475475495283,8.96618262460185,1.8280584228977794,1,test
7.590114125969895,5.552802100730368,4.557604294654046,3.7144137339191796,1,test
9.894389347560162,9.50158840249415,7.882207587744622,6.052974843112774,1,test
7.789194423806758,2.06329230173616,2.0852023584634605,5.322871671941422,0,test
9.656411723561186,9.944286590902944,2.162319141572133,7.809122094965682,1,test
2.3357857864806557,2.2360833447162323,9.018589362592254,5.77911426223001,0,test
6.718105942279082,7.081148154063745,9.066090886966974,5.522680556070113,1,test
9.317259626506965,7.212399630563938,7.897482943045956,3.439076302496684,1,test
1.9347007602548305,2.7265028362402535,9.57519521446227,9.206062855508478,0,test
9.607893068789462,8.394118980924084,5.667979046827933,4.626282146607197,1,test
8.542785750629724,6.684073572483524,7.682424324920897,7.595034611505014,1,test
2.4779826245687677,8.444972556128972,9.93141421230076,9.313212982476909,1,test
1.7030057956784084,5.4754417049550135,4.567640903425177,2.1711649117938006,0,test
9.777706321223434,9.15057816370583,3.0690603842749686,2.8678821831123056,1,test
8.159485126747349,9.216713097748698,6.352326232606595,5.690670531205517,1,test
7.423782213080713,3.282109309146743,1.0837355021816983,1.4661499816155583,0,test
7.822019518833206,3.2072716347810273,4.6130628627670465,3.664005035208853,1,test
5.313413241639995,1.279514240989895,5.283969122422242,6.430239499913512,0,test
7.880008349889411,2.98955703111979,8.454578648556776,2.307352722342798,1,test
5.672040720795828,1.6082614827873858,3.978242553817633,4.408299874308696,0,test
2.594236953307415,7.214582647704914,4.733152640766102,9.912970852719033,0,test
7.674093637305729,2.4042619278837836,3.9247530898319414,8.666650626592656,0,test
9.94311893965529,9.710651889435164,4.975300509135669,3.2471587391066845,1,test
1.9019367823605766,8.351515778757568,6.2926336615729195,3.7169789801808206,0,test
7.090324866274685,8.322696234759505,6.735427443429254,4.33961894131596,1,test
5.847564618303264,5.828865630078057,6.526383505436564,7.779249689229178,1,test
