A,B,C,D,noise_1,noise_2,noise_3,noise_4,noise_5,noise_6,noise_7,noise_8,noise_9,noise_10,noise_11,noise_12,noise_13,noise_14,noise_15,noise_16,noise_17,noise_18,noise_19,noise_20,label,split
6.267729183152346,2.5095839101415973,9.50823130227498,4.378389967906263,0.6279340423585082,-1.0751515394399986,-2.0327748498629195,0.34944256888506775,0.5333251735922709,0.466653094509361,-0.1407118157933552,-0.130786110900793,0.267438374363735,-1.1407003294744837,1.0789424724051964,-0.8198728795699051,-0.18648408498995978,-0.9029739577694574,-0.5735195998837602,-1.518848368957492,0.37738034591752684,0.637585390795487,-0.415593070423599,-0.8975591879027144,0,train
6.471484799390766,1.9259876587801261,9.863826251741937,1.5497985287491889,-1.1779155318219336,-0.4804026010045596,-1.5168058675507863,1.3000579104131307,0.722869889472756,1.544014725455544,0.125129847410706,-0.06124674698424338,-0.05193002717103458,1.1426629812497102,-0.24255743382661876,0.5861119381053871,-0.9832390016361499,1.276868579239752,-1.251992319643275,0.27617073741268156,0.11066787208104094,-2.2356964773907158,0.4307269306522641,-0.5317251997529923,0,train
5.364738666509651,2.308361952836442,4.679208214016749,3.319557077565837,1.7801146881408845,0.5832375014936945,0.5506271675428032,1.6945603013660193,0.2877245070689757,-1.095619853086907,0.44186106985973406,0.1549292524912809,-0.20465836804992454,0.4308713698514833,-1.2186276172744535,0.8021040505479906,-1.3494767743602525,1.981527830655135,1.9567058931060743,-0.09366943579349525,-0.7047239902675683,1.3977619809981416,-0.7909274983489671,0.627527500086869,0,train
2.103103619694072,2.6814460854001743,0.020517154677989202,4.871396958587927,-0.7836204044837403,-0.24777582393592756,0.14467084431944793,0.29061215132916884,0.17685013439089206,-0.07435208336326653,1.6470787794386474,-0.06472574159640115,-1.897919675475155,0.8285888931987284,-0.779472022923256,0.8511605063202382,2.779329072284911,-0.7029097462214337,-0.5776673977531938,-0.5019075730802693,-0.4584699774945476,0.06419735020366829,-0.8057448620749684,-0.857288565806036,0,train
4.077456052910637,7.411971992402089,7.023463032255509,6.408241809618913,-1.017336713919602,-0.48086992124365285,-0.27588791238750915,0.6533027630283627,0.4159331935845947,0.47823961170058177,1.206609590788441,2.1863665516072395,0.6748786469599728,-0.7390114904902404,-0.36767152957488847,0.3545942700800393,0.3238365702207271,-0.015108164248552363,0.6857953577659519,0.26587328155715445,-1.584378310106829,0.29785184478394,-2.2806642706381037,0.667077325426426,1,train
6.772496001777149,9.24276450000291,3.8336767439674735,7.537169662712384,-0.09348178917144492,-0.6111960159214258,-0.9127777073148621,-1.8849950246298515,0.004918168805693845,1.6653324590432608,0.12564900277824506,0.06655614700916405,-0.40460807907855106,-0.4896430255178416,0.6369250072583827,-0.10503670260184021,-0.12183457487138416,0.46724731617157816,0.532811778086667,0.9850047910554153,0.30667603041010577,2.227342286556888,-0.9835064019008614,1.4038532621679216,1,train
0.02100932853819848,2.2339724326175103,7.847522416210255,1.4152885240587654,1.3327541907402214,1.0226057960401032,-1.144512590687641,0.5240966440560646,0.9453570148970245,-0.45093279206644604,-0.6208113432587667,-0.5031195154851614,0.2981496245182385,-1.1133191799050217,0.6338513875338653,0.19758506076678342,1.7763551153370414,1.5963495272804047,-0.060387289111813014,-0.27187840844210875,-1.762392086526142,-1.5621098184562483,1.74058638169556,-0.33645182254820216,0,train
6.914293577411073,3.2111150614026895,2.311350031586347,3.8205827473876997,-1.372494484887059,-0.2217802487634028,1.8600796301537639,0.47347567757273473,1.1354796339245596,0.39577501450469293,-0.11786798233348658,-0.4041238083366792,-0.33876799821408166,-0.9324452220777301,-0.3324105345312468,-0.0968068079865747,0.25728799077856557,-0.616773874242572,-1.5918389262029973,-0.6448041337241797,0.2144124454239362,-0.5813660498913789,-0.036577774640416796,0.5494577925333436,0,train
0.30196729151612756,1.254473913559614,8.812959240250523,6.9711552644614985,-0.3460077852947547,-0.6306335055024931,0.8269967825764762,-0.05655759306247169,0.16641083539531737,-0.6171537228110439,1.9356175728335112,0.444275536111765,-1.241209817072751,0.26234525756267585,0.5952407244928344,-0.7865733576017149,-1.6233170222796367,-0.25869802094208516,1.5793428078958118,-1.02555388734682,1.5356664743134827,1.404266691311698,-0.6305391819055849,-1.298912134588075,0,train
5.5879947429052566,7.6272299748391195,3.101648781626767,1.8318188361170462,0.052849975185072715,-0.89490942119562,-0.41826064171467564,-1.3478385482274158,-1.4954634694869435,-1.7770642016612839,0.6593274404965563,1.6559682432914047,-0.5613094219530411,-1.7612679382203,0.540628591912672,1.8440087717157907,0.1541986634159225,-1.4099353564315098,0.7339176904882327,1.99001505237,-0.06581855219143598,0.07111265176156684,0.8362835000916587,-0.8667087173668064,0,train
3.6585609780307307,8.585855133395462,7.688307045024551,1.3132085642157454,0.10205746080708777,-0.9693599375417975,0.17711117911340069,-2.1020447124172645,0.877733851677958,0.816589210360053,-1.9563863568738153,0.7538729525222116,2.06454957520322,0.32130265662002805,0.3851362083859325,1.1373490519659937,-1.0026567336655587,-0.9856302006732902,0.12806360118702467,-0.055388141713533436,-1.0147044647831274,-0.7324889683614991,-0.049718411239896634,1.176229020976274,0,train
9.02739676561939,4.860159910198433,4.35444107508133,3.2919587749560772,-0.23226182016856875,-0.10451202512006993,0.35182675335771835,0.8747376344996036,0.0004581278227423485,0.8651605716831589,-0.8083508258717091,-1.1177790063722384,0.8368766094239595,0.2890105223517664,-0.3274057364102626,-0.04485023250256808,-1.6603955149451226,-0.6971727748212411,1.4827406884843504,0.5266791613956521,1.0174613771221002,0.7209453424974253,0.620571381479802,0.9305574975669283,0,train
9.834999916248126,1.1109549836030042,2.35259297894854,2.97595808608192,-0.4708868206671496,-0.08911386702370314,0.03283705644708177,0.40758013489178174,-1.311452560357903,-0.658102659322113,0.10582732630854848,0.7273842265181446,-0.2485234026215833,-0.18511248907402375,0.08268988266870554,-0.7387949025618218,1.4353186705269658,1.370507209894719,0.4488489472276343,-0.1613040973922565,0.3842492153987297,0.9517647631367941,-0.7049168210857257,0.16986851080510987,1,train
1.5999197326419656,9.451421432422864,1.7964205675696499,1.9686645721543405,-1.267647700363346,-0.6939168236013502,0.3693122812181943,-1.7406519860664784,1.2159796936056286,0.07629286248787376,0.8902050992300486,1.670961129370923,1.334177703175729,-1.8961160560326957,-0.7063380303467185,0.05519966838329125,0.5741721495715004,0.03151225610229627,0.7417435934241557,0.7917270366987544,0.32986083701213215,-0.8968336921803408,-0.22088338811038039,-1.3867347328272022,0,train
7.95508689625009,4.630143414094018,6.245252173640388,9.1634624464959,-0.8344165275548239,0.3553332144213493,-1.4172700877531312,0.3812241134005677,0.25417302983720946,-1.8259929867064966,-1.0759757782150192,1.1980115696993556,-0.36217236296454436,0.04076304629684195,0.7450199402619352,-1.8411997215452705,0.3160057567947517,1.4022559333769062,0.13889046205414404,-0.93703755131999,2.74854069933092,0.3426739649595255,-0.3992926610057014,-0.6191349989355889,1,train
1.4847701813001757,5.652319642119409,8.503351123177259,3.8309143385448907,-0.35287741630998465,0.48375579507103494,1.904230750302976,-1.6811495392697067,0.7079248197682732,-0.031414063627363126,1.5740288137058285,0.5738025429246828,-1.3754464322971618,-1.7213976167698382,0.11899720690925655,0.23301896575770742,-1.3225824547708844,-0.002903156758855627,0.2825169934159315,-0.14303117089278505,1.1461239168764912,0.06757846240579746,-0.3235906688486553,-0.41768446677623744,0,train
9.395883402485541,0.4509909348100416,4.7696447682404735,8.711309690853108,0.4679349003520396,-2.1181807601086278,0.02177736530790984,0.014351643842737906,0.594848290393634,0.7804429290013208,0.900026387261013,-2.0932812141204105,1.1259487822287646,1.8283829699069862,-0.37058150705940057,1.5039989335962047,0.8601423306185357,-0.5177644349654392,-0.5838582772992643,-1.593942227500359,-0.08429367413631743,-0.17481770406910957,0.5409728342165924,0.27645446954185293,0,train
2.127645046507106,0.7597703700436931,7.788115680377726,2.0317092628150557,1.8310660548777329,0.9932224535732097,0.5187391742337025,2.2994294788886305,0.781097226242205,1.6793300416960006,-1.0613098994424497,1.5637543261496647,0.6666350796483622,-1.060027604454467,1.5632586482967972,0.9758333971128016,1.9531269372228517,0.8822637673051408,-0.2836293557095658,-0.6415780515293594,-0.9487935199742161,1.3259702183791315,-1.958521572103551,-0.9132753242101782,0,train
2.705005675106672,7.258657150783126,6.792257576640708,6.011324045701448,0.04209660280811149,1.0011988753177399,0.7072613071763258,0.7594977963536579,0.8924321521232956,-0.530055892789777,-1.8193580366063797,-1.1784156584848848,-0.9583460271372432,0.36645039539749835,-0.284382509617574,-0.3617907563023483,-1.112082431291851,-1.1635352173408604,-0.9008961335345944,-1.509360913559701,1.220947926992223,-1.3340846930176073,0.21578206741068065,-0.2749144546937151,0,train
1.824940758287521,8.191369089326052,2.9036614797200477,7.114291474675806,-0.5759914064082069,-0.030056024351179725,-0.8414226132878568,-0.11255309333559176,0.1678580307388069,0.8306785103953901,-0.39844148514355454,1.5264628901310178,-1.4647231190605328,-0.4888720696178416,0.019264273756038165,-0.45305899742350614,0.356144648113192,0.5310511784804277,2.7040088862678324,0.4101361432804772,-0.9573912524906611,-0.34176318244557224,-0.5046732690023332,-0.4064384310001216,1,train
3.487125129311013,7.005938418234013,2.3851923180799783,0.7405186637799377,0.8422236673006536,1.103565519443305,0.18960866976761392,1.7656177691125736,-0.45365704855589717,1.8330782354408401,-0.15301480293948663,0.025012268806074406,-0.0876040078030883,0.5550573922571164,-0.20601818779726971,-0.42696752224114953,-1.026312760559853,0.12148923519651585,0.10175107588941182,-0.5016076627805536,-1.1243267614639196,1.4202032049676805,-0.7141478373553342,0.7047595187285077,0,train
4.146097187286878,8.35013480766351,5.312788823704188,5.412479004751254,-0.33528626013590535,2.0367880444359665,-0.9550055532181418,-2.718826227783885,-0.05806072433191148,-0.9075055078619222,1.8645486214728928,-0.10705151171317477,-0.29191344983747897,-0.4430908124328522,-0.3192424306802479,0.37345687149465917,-0.1343273798030957,-0.20466675317614508,-1.2026199383987801,-0.17802600176743238,0.056013445749366716,0.5275249502131014,1.2640899814452573,-0.5937119727960745,1,train
0.5078153228856075,8.377860188669517,6.410418592527758,4.700015119783231,-0.081430880209173,-1.5553166268809755,-0.5708859712993692,1.3282628379059922,-0.07254404072478857,-1.1672586121437716,1.0133706957304747,-0.7429906126948843,0.01154692961174223,0.07294504579095738,0.15088816467015942,0.08443948699113464,1.6174790893527482,-0.690890865309129,0.42774014525340115,-1.0219631156581268,0.5848558611111447,-0.7114308604310075,1.994718905023589,-0.8898960092348212,0,train
0.3086004253686714,7.5112366576399925,7.251813841626796,5.88936500716267,0.9296377901981651,0.21748591694466352,-0.6114373358644906,0.9234509166256692,2.7593079593837793,-0.46844828852322157,0.28112667696056043,2.0064649861547643,-1.9178645302016417,0.056783100931678904,-0.420424259235896,-0.2395022428432805,1.3866734576629984,-1.1960983397891343,-0.9717366835687612,0.028077762433834922,-0.9271734774805346,-0.4471487321745626,-0.9551716414955425,0.04788978716914116,0,train
8.878845180494345,7.672957043574902,3.1023124221211607,0.8787979645246813,1.570925740942202,-0.22188104068300094,-0.5719767592978282,-1.280515550321169,-1.0092511448096695,0.7347310682389577,-0.29501101480672165,0.10197066603101398,2.200760014940406,-0.26380165127479155,-0.7588951878899974,0.9971732315996108,1.062157440009325,-0.35150147583019536,-0.3214170923744309,-0.2984959191298284,1.2540684671528894,0.7035266394682558,-0.08904225297691784,1.272206342240617,0,train
1.8454745895677138,3.932959344918443,0.36684167917441446,8.594240225949463,-0.1434806938653357,-0.12982389362468796,0.5634970347201249,-2.0231098352192487,0.9909244981752313,-0.6032576169947254,-0.08417258463653288,-1.1328655718187408,-1.3502710788275518,-0.40028820743190247,1.5461494065782073,-0.1283383459458544,-0.6851578905076924,0.4210219866959622,-1.457259808536592,1.8648614817535358,-0.6342986371699412,0.701935202104265,0.5013961734540282,0.7569906668447428,0,train
2.3279904405394136,7.09131870843234,2.3508311147668213,9.10504846615898,0.6980906602795417,-1.913970121163432,0.40501736363625956,0.8695758473460344,-2.007263632415309,-0.26483008660882973,1.8926373954832942,-0.009519946288453356,-0.4543922156972795,2.452556064467482,-0.12507517711759797,-1.120036438552017,0.4913083798895855,1.3619913863237096,2.098060729465253,1.9615564512732682,0.4609602692185368,-0.13996691183963333,-0.4310196418552683,-0.4125037861959397,0,train
1.9423750334473855,5.39984496343555,7.4850133599313775,1.013253497616644,-0.7072696577343084,0.8971098064883127,1.5612284439724795,-0.9051100642657179,0.22675800546345246,-1.2515646650703964,1.6398555614443682,-0.0208498775856301,0.7757156669848718,-1.600199918352343,0.1859777636737677,0.4929164888588276,-0.1235446255678257,-0.9856917191533326,-1.8057374021667714,1.3445961519526255,-0.4077376070050436,0.8837566254493727,-0.016277066224069776,0.18897930565089838,0,train
3.789646462439138,8.395527968761469,1.2213019971939432,6.379914971361391,1.4675538539787394,1.0162890364949455,-1.3523258431753136,0.7308814246007519,-0.5679097549953116,1.5276427195726285,1.942113208787556,-0.2610801545146948,1.1296759649375425,-1.4426417072759485,-0.9353723537278761,0.9433757591129964,0.7768369094795942,-1.1793346772799012,0.19087619834218367,0.8664343966036223,-0.7509203592445969,-0.24748009571705748,2.544277818428483,1.6573258341489663,0,train
9.492017016883448,9.662286134420281,9.802932992361308,0.302484722243026,-0.20609892182886816,0.916441064679888,0.7195318505966278,-1.1076969665563692,2.3972375448337906,0.8763399409520447,-0.11871523432473761,-2.0428870432088138,0.2704228449198188,-1.0217283192642375,-0.3229809191307104,-0.45696116891983357,1.8855105690909097,-1.4419461994684502,0.3639724782503854,0.22957861322133163,1.3001244364971254,-1.416041294420318,0.623457064073409,0.26237809965689163,0,train
5.189982490808305,5.702992152965317,6.973218616995171,7.1351523201257026,-0.5104989494305614,-1.6063781770253702,-1.3507020066026534,0.10735919752735915,0.32608476335179964,-0.7546070528749618,-2.2697910314898286,-0.4479874731517875,-0.012957197289335217,1.8415073591721294,-2.2949140522202334,1.2821656683122507,0.009326736885035918,0.6301551312183483,-1.2802038094484287,0.3496952710267704,-0.8687161584993901,-1.0843292691805404,-0.8725231195704735,-1.778508958583018,1,train
0.14358733841947635,9.482720848651272,2.5043694221749693,1.1881198960595374,0.6191932653270622,-0.34598616032047874,-0.297125963110437,0.24560210186982576,-0.9507846880088087,0.46974439110186805,0.9183918376773491,0.08776803522991856,0.18079927638619614,-0.5842345816203706,-1.8777061524307304,-0.012914386398887331,0.19849750259365373,2.9708564267896507,0.5271298265523137,-1.39099599210857,0.04796579573818467,0.24674753896331658,0.8306850350004197,0.5701508173647676,0,train
5.125974645004496,2.307069279741322,0.7548845377210023,8.52169687085655,0.5254208751479834,0.340837347977263,-0.04412839938642014,-0.7131262549376925,1.213357500330702,1.3034569816300436,0.5345584368447721,0.2794391306968636,-1.7487595766044792,0.6284732212983526,-0.08139216123340409,0.8655429084953022,-0.6157468623038805,1.9784105479073388,-0.6098103418779169,0.8317086608410861,-1.112752635501742,-0.8374109898815807,-0.32654145105672727,-0.5596648941384003,0,train
8.711976817756625,0.43167271836056065,5.666152038818529,2.6099356393100512,-0.24511464954217313,-0.4212997641216356,-0.43125384645819,-0.3018553622591636,-0.4111014635697055,-2.6589411308142874,0.6424070163773427,0.31609899917779555,-0.07442475881416555,0.2864100830625702,-0.19444080549717235,0.14610330998260646,0.16106125209616381,-0.036907483500194196,-0.7864015530476359,1.7337368847204493,-0.08866055466706753,0.9739862480566108,1.0699009473862597,0.562357782518683,0,train
7.021284384772702,8.34424790221038,6.559510431206426,0.7282881230409732,0.6073063157675527,-0.10849306651259458,1.2495381162794694,0.3350947341770244,0.3964791559792242,-0.3707465517657825,-0.20313906187084163,0.4075387873041739,0.9349458355561665,0.28433474891632393,-0.7778311332134741,0.019819604599576372,-1.7868999526313074,1.0809929288745974,0.05038958751465894,-2.5750143628732522,0.18997415726683756,1.1945506446570227,-0.03750972688794723,0.5588362955542244,0,train
7.758258509155526,7.577683672632655,1.9649957450104727,7.910380485479048,0.8170187460009075,-0.06476681613841129,-0.27395987613551054,-2.2248316287428502,0.9204256882588194,-0.7408883711072185,0.15558587383739814,-1.8897475719369752,-1.043074734245281,-0.08818109318119807,-2.1254744423638385,-0.8708029254408813,0.8922638809485538,-0.01658276891228238,-2.549181182087784,0.3040304325736722,-0.8517938381541796,0.07610296215581619,-0.24338859329402268,1.0401700188751133,0,train
8.974493054537628,2.62475185799857,1.7134756299980136,7.497869598294221,-0.4411584175551701,-1.7630005282643704,0.037828824629916796,-0.5754298696796656,-0.3557593028081429,-0.3287167342928231,1.1237075113105688,-0.7710068191198933,0.1814862158477215,0.3052499885167068,0.3346745749941188,0.3728356094482341,0.04301636058642699,0.8663238032770375,-1.090657740549895,-1.920678498822452,0.3439809804719246,-0.7922761295763405,-0.6738408080900814,1.740435356837832,0,train
7.259888622758449,3.0122728149355393,1.9744346762293663,0.34712762855775514,1.3888917143130615,0.3812985549756904,-0.021523898842447087,0.7343282034240634,1.7835552715104062,1.7069606774923598,0.31234603365594843,0.14041660142546064,-0.7840695472944841,-1.0111871900731875,2.4541805927417104,-0.21847303892698244,-0.7571154923969298,0.28346803744164395,-0.5304747201818355,-0.8363871967911303,1.0390268181989708,-0.2897753713907324,0.756645335339343,-1.2933565241302687,0,train
9.216572352885306,7.9032419370408675,4.96749476126118,8.890305116360786,1.6191767905101517,1.1239258943951185,-0.885025063292561,-0.8967077037189579,-0.4830768846551698,-0.48698374927499133,1.2888929334202992,0.7971492214275031,-2.4477562340771115,-0.4831559971646019,0.2512226135396448,-1.2868475656438498,0.07460206600641639,0.31725713732545985,1.131991841453449,0.9215841046523261,-0.5930521554534453,0.1706721622053877,0.8449488836925524,-1.0260581099285107,1,train
1.7366682241843279,6.33525774584668,6.112615426632374,0.45815865672040545,-0.9071889690027354,0.14601086671349556,0.03950238102261646,0.42030769345168767,1.1685616215417385,-0.14613366085672244,-0.716283547725214,0.19220625919009796,0.18893777276168913,0.5888108732403223,-2.522934736002442,-1.0950062763141226,-0.01902999236061093,0.5850536881712272,1.1055152159146815,0.7206246241272903,0.880943098246726,-0.1724799021883482,-0.3604614599629806,2.9450677600846205,0,train
7.372498123734099,8.201605979324624,6.471299109975107,0.5400777147357128,0.9368435174386645,-1.5825909342541846,-0.1815725793442001,-0.5496406436885688,-0.8773934123465613,-1.227525997427548,-0.20714096506798085,-1.4460290548226755,0.7691831696032913,-0.49265611112421387,-0.7461584971095796,0.6002989600528791,-1.2033165102323333,-1.21126931067693,2.8714233942356193,-0.4265643630118926,0.7160410879821273,0.2488917427403796,-0.00889558071725823,2.202438994569138,0,train
9.232482360614032,2.0116403755973966,3.048397430808497,1.8576804951820947,-0.710162175146538,0.7420610918774241,2.0262369852156605,-2.022916445328565,-0.5336352303851043,0.010739835999238652,-2.382100777437271,-1.765579202134144,0.5420338817856607,-0.09644107438639501,-0.32853610428622865,0.5625043000367036,0.8302323516555216,0.5757691086626068,0.2524583431547199,-0.978850693124847,0.16042332965557066,0.24176962578911126,1.3198436616272153,1.9934268782020763,0,train
5.613253573163987,0.6065009750687611,7.646911923950491,2.9851260546918503,1.515480335534607,-1.4954218332955576,0.06280373198144121,-0.3119226535445937,-0.12009586718843204,-0.7353760037168009,2.615315950352947,1.0973437414103384,0.5452123250109895,-2.44881713571119,-0.2562111482007543,0.40210111413678307,1.044307116928432,-0.6054070667520453,0.268961268298547,0.956603560506327,-0.970370419424211,1.0906769261143086,-0.834367902346799,-0.11621615695378151,0,train
2.29163271948694,0.5883028991818939,2.9771753070995857,4.151105247510686,0.3602861035509675,0.48946001394216154,-1.6438506992371626,-1.0749680004383035,0.9636422002828474,-2.116134679033649,-0.7508265494026832,1.299129519797961,-0.4691287950694494,1.227811372354955,0.34360093927737934,0.21107134464814542,0.045475946783988336,1.1800917607471177,-0.3301287181580737,-0.3633726722851499,-0.33756951136799224,-0.6999837214278708,1.5805748845818133,-2.3517785515486445,0,train
6.11898781154507,9.297840328101916,2.720597940714835,0.1264215384513756,-0.7593387455902474,-0.16995977848045143,0.06794199969680513,0.4478581688602124,0.3986110134924734,0.1232138758418702,1.214903844941984,-0.42659332949385614,0.3792434594995953,-0.9354840111803332,-0.5900448503980045,-1.6178151832037544,-0.21602550714480942,1.8534786133340957,-0.9991606806772931,-0.2229030323501522,0.9168880993574181,-0.8951859656061409,-0.7226955243061187,-0.216264409895419,0,train
4.42859985538543,4.608780952448863,6.78377352467031,6.34914867579761,-0.7378078940484979,-0.8699969999889955,0.19165391057438355,-0.12572874773062245,-0.4858299611317523,-0.6033109563390812,0.6501182209886234,-0.284866896455674,0.09970050511595088,-1.072776216548983,-0.2268620287357315,-0.008983645318938987,1.050120777556578,1.287443766403325,1.0002217306709296,-0.6938298223562483,0.5833527187179324,-1.4867040630715866,0.4907057935258249,-0.9124030697911247,0,train
0.6027783279246512,1.4833726890411314,1.0378895754470352,5.063542975184655,-1.651536773318513,-0.47981419465636727,0.6503899326203492,-2.103404829256163,-1.5618767952819395,-1.3798601618759132,1.38295675909816,-0.5445739634102642,-0.09164690768279664,1.588711767670014,0.6449119355053237,-0.36607079516573865,0.11605914060224944,-1.2723501006800295,2.3445025996677082,-0.8429633790993108,-0.3082172719051451,0.4186943555551324,0.04333964830674554,-1.0884311933322752,0,train
2.132038012096861,1.1723419230451748,1.233404994976327,5.168038434260879,1.1815993242953613,2.9772226205755765,0.039856167479510485,0.11716211535853954,-0.7642674807883214,-0.019190598676070886,0.7587412899842566,-0.7209031237890876,-0.743714476882075,0.7282645251619844,-0.6426199005318246,-2.651610559258272,0.6152230088634466,1.0636627273422201,0.2130145884615353,0.11453285354867423,1.8737847435046844,0.8425134033565064,0.13936445218182322,-0.545672266232803,0,train
7.7346697546636625,5.826647634098867,4.544589802166588,3.221903495861386,0.21472094252816137,0.9420189876218292,0.8131995515261561,0.9005199550069817,0.6729908016560069,0.018828238479377465,0.538527209578267,-1.4697414843391796,1.1975267264990654,1.9772553903263679,0.7193455628397513,-2.0481628291863916,-1.0990230764616291,-0.6031747418282237,1.5153503139941076,0.8181124077459019,0.4832951766684164,-0.44568737374967915,0.2308378713664273,-1.1051386002712378,0,train
2.984179141872323,4.8524433446846835,9.902667865586238,0.9473022131866127,-0.03897824838721073,-1.2348198925063194,-0.33361754752077677,0.31052215770021474,0.27378341630351977,0.6981136006485056,-0.5401173809607659,-0.27770672053930223,-0.26524567346569783,-0.9811103256162829,-0.4135667518425127,-0.14517190835219815,0.5355672695840743,0.43581263552748273,-0.6365897400651606,-0.1037574555858548,0.16587922533641403,1.2888286697429219,-0.11962927334526399,-1.8537945129505178,0,train
6.087741213260555,5.858643086073558,0.5208642516325757,2.4412706660406878,0.12668849340797048,1.3238819097794565,-0.5878994686254456,0.4307542328177907,1.1670455050526887,-1.3153021156987643,-0.34975357166682547,0.16775565285229485,-0.0453591390704152,0.8038462895672486,-1.624551642739688,0.6291373382773477,-0.44440485147275677,-0.9039227696058,0.8304641689483387,0.9348745406952051,0.5817043151688639,0.1993807182452395,1.0422447130248578,-1.6208297686274484,0,train
7.609601070108269,8.205035193313284,9.697403128781248,4.198122094271098,-0.8395892290784763,0.6168591806350177,0.6460229348856845,-0.22105497934411628,-0.5685212640240298,0.4243245130184326,-1.6537603833197767,-0.4747880209579704,1.32611066746874,-1.479889329854299,1.3205501889029556,-0.22827648545934054,-1.3512757453582265,0.07904476603334126,-0.270974212577886,-0.37707407117407443,0.1237508911024807,0.9627655360478048,1.2937392902983873,-0.5991815284451427,1,train
9.333930987896094,3.4070838696218453,7.5138674417562425,6.228118717397986,-1.30713744118485,-1.2963634463966227,-1.2032183388188264,0.07024169920130253,0.24094940771211407,1.8079590622167285,1.02484313455107,-1.09585502664547,-0.4320715338279688,1.4321671561561324,0.13078926682422493,0.024337218045682486,-0.6283478387448047,2.3052762807225085,0.9569213030705419,-0.800458574623321,-0.2793887775458099,0.3551836417745753,0.5717488202448382,-1.3111304060109035,1,train
1.288656449210488,9.606753537725242,3.1731092137349783,4.49670328975418,-1.7319778164173438,-1.1614819883251795,-0.7045938156136393,-0.8627646815778901,-0.7784401674798006,-2.1542721557400424,-0.034789119511761404,-2.294641535760321,0.2917641029367784,-0.10215722873418258,-0.4284005027561779,1.921457722555978,1.2814096557700467,-0.5225319399872965,-0.19871389727132696,-0.44711625359134666,1.1623090898400017,0.5449409335406196,0.8315005812120299,0.41260769455300306,0,train
2.372603506141453,5.7116029866963025,0.10114389653323896,6.430717180545214,0.2703706216968505,-0.020435858293209687,0.1328928294894985,-1.0016370555504555,-0.5681972585516182,-0.6377433798788776,1.1052421845371287,1.8491400530270115,-0.34455070861775866,1.7536808029017648,0.2850984964049691,-0.974119856692303,0.2571217874574661,2.199512107443359,-0.3237685903845688,1.8927691622116882,0.2590658185989575,-0.6134022876636476,-0.14726568132851026,-1.0076849035170992,0,train
4.596333740808567,9.791259330268392,2.2039132250067697,2.129897241260894,-0.12620415185881256,-0.28039543878818507,1.3261574619125869,0.4375245669448116,0.8553974778238548,-2.9006087201497235,-0.12049185467021103,0.6712501362801571,0.2332880453110839,1.0290306657917365,2.651596416028535,0.4874876436190742,-2.6747794692631137,-0.4617751930577278,1.4004570469075206,-0.2174837153676665,0.370672250225268,-1.2406300981834457,-0.6208410100086705,1.6469298112082729,0,train
4.113099763198679,0.2916066076409207,1.7562531689392846,3.4605971283673522,-0.09687933464187103,1.5555016633669876,1.4637395730941578,0.19479400939624059,0.9062254411893857,-0.18981313407723177,0.38118657429577096,-0.5896885467939753,-0.6419507363841895,1.0411689246978093,-0.92497522119084,-0.019970187177749572,0.05762455378497248,0.523156508977921,0.3796109125459469,0.10445377012477212,-0.5119465163254104,1.2753486042554465,1.5692431403846472,-1.078188606300999,0,train
4.6828276135839575,1.9122749642914683,8.816573138362712,5.733620341598927,-1.1466517034646688,0.11022336798333904,-0.7193079593892062,1.43049284069629,0.42878295333695504,0.9401578778690639,-0.5057199523131077,1.1147271718685052,0.9716547576481925,1.701686177332868,-0.20536297419615193,0.4693706414245241,0.1140318708149167,-0.10562787826941218,0.9594892478277809,0.20158995423908088,-1.5022189499259389,1.3728455793338101,0.5904839873339591,-0.41382336366832917,0,train
1.097959887551151,4.753111162361291,0.8445630391386183,4.590035240678681,-1.1062667462582547,0.9726282650407915,2.0305017460824604,0.5370393593204525,-0.08098646900372741,0.3109044885170973,-0.03334947990109323,1.0424095965471045,0.48284101349126113,1.7009786611809938,-0.8702619092443499,-1.2742036228792404,0.614294292476512,1.0966489277501204,-0.6572048972670317,2.1649657144785945,0.48509734172890806,1.485190248251677,-0.9375866823105198,-0.21138136558051304,0,train
1.247142328773977,5.099897654270138,1.5504564603123527,1.4986610416188173,-0.965544966476007,0.5411959146715127,-0.6637048464262243,-0.5004228767279965,0.12486702280601764,-0.5246340889220902,0.06321858423547629,1.2945915763698754,-1.3912508561359798,0.8764802692158615,-1.1639458319074218,-0.4323256097920301,0.29509030115137314,2.638379639591213,-1.07473965579085,-0.022445963564707662,0.0706347879791417,1.42044538756228,-0.6120821098107141,0.5598429474698746,0,train
5.991216839411548,6.075715957683213,8.444793716006057,2.4130577529374286,-0.22910131100166378,-1.3541080689282117,-0.11226164697966726,1.6212811795392175,0.9080572736405332,-0.3523737979549848,0.11985508365141151,0.1606046967043979,-0.31047490716583653,0.14775437212403805,-0.8472938680310457,-0.9500075099983133,0.32067521814134115,-2.5246513204674037,0.25223069899892325,-0.7443401246044479,0.05847583684081535,-2.479176507160629,-1.685631713006219,-0.16159406316299918,1,train
8.194270188956827,2.8081895890852304,1.2197861113765573,2.932423591164887,0.2884970117092361,1.210572813960062,1.6070790551463168,0.8807222496512517,-0.1118216525374105,0.5358940283072576,-2.479332645663657,-0.15319229549418012,2.049460605816058,-0.21337332771601902,0.6155176240421806,1.0978843700773497,0.33644949033637356,-2.040919814833721,0.990465477643032,-1.321591928008821,-1.232723667024152,-0.6223753156782459,0.8512522369832397,-1.5394779735639192,0,train
1.3424966349389178,6.344938952857722,5.479939740040798,5.264574098953943,-0.45253782300839845,0.5226944682521744,-0.0011254746837672767,0.6784613195927995,-1.099991589379473,1.02354791512194,-1.100617336391469,-1.0840530249759899,0.47816795839744364,0.2474793211274257,1.4483509372016579,0.8692604443840757,-0.6450094056297145,1.7490399307312032,-0.8264901304457681,0.583631765167719,-0.7557888958815238,0.3658074457472214,2.570528860355544,-0.6518585488026224,0,train
8.013077646479104,3.048125876108686,1.4911636475471879,0.17890090261606484,0.8564855523136983,0.8182580249869967,-0.6050843920733003,-0.7665600117864376,-0.17956140533538806,0.09451072305165122,0.9743384751264702,1.5606702746768293,-0.1621384268443164,-0.5445565163079038,0.15666790254022492,1.0883797438033316,-0.5033521816845036,0.08482786569201406,-1.262649804129444,-0.6227175222378928,1.483628866863787,-0.8716736925552706,1.1647908857087355,1.7880374307341163,0,train
0.13199192380440983,3.969938196920636,3.9608202717952414,3.645450628933582,1.80868116566424,-0.05590388469702253,-1.3031159915278234,-0.5265064090523609,1.161549726268843,0.5937798076076343,-1.2878966123139979,-0.41994177119612935,0.9535405315527965,0.7956093379766455,-0.08526799427438754,-1.4768476894631364,0.9486248735019177,-0.9018235682573537,-0.06851586658356673,-1.1879281440205849,0.7575852142108961,0.21360372600450303,0.7886953125864675,-0.2650139634026387,0,train
2.3602988518960997,8.30721495531256,8.801087572367743,6.051834195199017,3.1097838040201498,1.430316171533465,-1.3902563563347143,-0.5514772482450045,-0.0766932360733287,-0.7402075134345917,-1.2600517785044938,0.3788570628157172,-1.2628847383330641,0.6147419793694234,0.4628067390585238,0.9429177788771882,-1.0683598782989348,0.722936799788912,0.7636718122474924,0.4798741187761416,-2.593749520328625,-0.18989093256358022,-0.4126183863607545,-0.8987360149128688,1,train
4.48906483653049,4.83374260263596,3.368815560837163,1.7495887811219546,-1.1657217746741537,-1.5571651798585913,-0.8439185356187568,-1.4715951118395296,2.5332668620309597,-0.10051230146175286,-1.3277205570103823,-0.6930463218010782,-1.162443091601722,0.5473784078041366,-0.23882232447270077,-1.2422522749397824,-0.2898794264420904,0.12599364907268257,-1.7990665572645401,-1.3722304629112625,0.41083381734686036,0.04602532713959259,-0.6526137908727614,0.27920527945446627,0,train
7.161198196672593,1.4388740894656482,5.349563632796204,7.872701959160229,-0.5002379920163812,0.9955782125190127,1.318000592868917,-0.6094238516453447,0.5602360868764215,0.7588245277961523,-0.5229636721721794,-0.5019748764554745,-0.06549727576923665,0.701349538869884,0.4064047661562249,-1.7080819874037287,1.6763261663502442,0.05994302337378097,0.6232944970197254,1.3718223182558484,0.06480496694697656,-0.08772084280145134,0.24466589488150978,-1.1424576591023008,0,train
3.3160533474373057,7.050065345572012,4.986122271726283,5.174723252967421,-1.1002206177713867,-0.31878093864150153,0.9043213663530766,-0.12740325491742563,0.0830173252872894,-0.007561925183032128,-0.03460191376181908,-0.54257310751773,0.2578535577832943,-0.8249524901623406,-2.4223305165699216,-0.41365419855344177,-1.1825614636069375,-0.3702403040647142,0.020920094559759805,0.6431896020359072,-0.3450316913751342,-1.3521335785953559,-0.77282142105892,1.040226110224753,1,train
5.917725641017317,1.75356239485695,1.5386184676474868,1.3733503226063282,-0.004192356398038332,-0.9612952941092615,-1.5456814235736913,0.8801978660183343,0.6766646254536846,1.3340139085276297,0.25140289647913683,-1.5118630186448228,-0.7439344641358322,-2.3108943826781054,0.5865637219383185,0.23647437323444606,-0.37230917385658174,-0.8802306666285415,-0.06088992450027234,0.11619989898512023,1.2356953351002078,-0.2503230911900565,0.02914682301635951,0.42591982911721066,0,train
7.274779654854973,5.402121034626861,2.6893064695158584,4.910271493274033,-0.34598975429243,-0.8764755152367751,-0.6168081181530397,-0.8671970567022699,-0.6873059757887114,0.3218980212623151,-1.4112069540207743,1.0648593550748877,-0.45407449839996694,-0.844212809501241,0.11328215774982686,1.063968071355546,-0.9418045887328107,1.4934290095471678,1.2843694440447175,0.6071536721233884,0.40699478466115196,-0.23763159566338216,0.3605673081639784,-0.29619063839540777,0,train
9.159592604647592,0.33013806221698805,6.469606468514536,2.3455316896717857,-1.551911400127622,-0.06916736270639684,-0.061549476924246026,-0.4596616545475614,0.19884981827542983,-0.7470446901620447,0.6381989478111673,-0.1066705906806743,1.0777898381048616,-2.0324639296718288,-0.24103599701104642,-1.2774264059696132,0.7674723671597059,-0.22184652069805758,-0.025897305136937537,-0.17327290041187154,0.10704874387872139,-2.242792915727525,1.9718362156462839,-1.4659121229425458,0,train
4.982143013417466,7.646993518164704,6.664827162340895,3.7606853936231377,0.19284194344460906,-0.9771475846586125,1.4792967597707605,-0.36088120921372285,0.0585844648687378,-0.9022542826292401,1.5484113294391557,-1.2288016597238027,0.2564401275810894,0.013311870112380672,0.051606307847367236,0.22115493931357752,1.3685959407311419,-1.0094770865167133,-0.5183128889450129,0.3034861797018127,-0.3354791073191167,-0.6124200957125664,-0.23501944393153226,0.24936088922235924,1,train
7.04684141083853,0.079232646535764,4.095830732516332,7.331654128843662,-0.1944993305250702,0.3862914021633525,-0.96400424932282,-2.188805742021037,1.5007723271968085,-1.2636298546107445,-1.1668188009642484,-1.353946807553646,1.5476788503513468,-0.8021774438827699,0.7802170172997254,0.5021746457819759,-0.052548317097604234,-0.860420828678342,-0.6922966722687629,-0.9088422089826628,-0.005772198117995356,0.42248871238475116,-0.311884845691023,1.5234510122540847,0,train
6.451978033599443,3.69212825042438,9.376358305565674,4.606768863413246,0.0363391197496578,2.3966560918786355,-1.0433846390552153,-0.8295850075492364,0.4143053962417837,2.3958526457229663,-1.0924720066421871,-1.500331078341593,0.04764432431485667,-0.6051185052668225,0.35051444635621565,-1.5435646032219656,-0.7770380019017253,-0.03732827662756931,1.3524342904293662,1.2612793103142748,-0.17622653706853217,0.009197282320822687,1.3515702669156717,-0.27893838382945424,1,train
8.62376237163918,6.916804025946091,3.504971075047716,5.360789497864009,-0.1755692230826046,0.01958536045938863,-0.2340257830904515,-0.8185299221405405,0.553418554485905,-0.3106142128629131,1.143877858150045,-1.1805805940507892,-2.4406833448721614,-0.2437419593213764,-0.7590031794944512,0.10101514432537113,-0.35442642831095666,1.4531305020280785,0.15068976610100304,-0.7799192030663105,-0.24685666913948479,-2.03154724791304,1.4077710259931875,0.3817818417760915,1,train
2.109129297227753,0.0874161498282855,3.9659825653600143,4.934112926543095,-0.5583428660187992,0.9373585603626408,-0.1642350235517753,-0.17634557845743296,-0.6023387678820593,-0.9977545989270264,1.4349526883640766,-0.6851906928010212,-0.8841824996532005,-0.4136499085413733,0.2133048240307698,1.7411444030234544,-1.0045490985409866,0.07478787859862662,0.23802253689018732,0.07102729247697356,-1.3483261652737677,1.203872422891555,-1.9005138908729948,-2.0185578112231966,0,train
1.7960831016747747,7.852522721550842,4.758922866022991,2.6739160399302584,-1.7667456429721162,1.0574934421977618,0.205579373157995,-0.5955062142503077,0.8817040874164838,1.6081065744217238,-0.6347816618239657,1.3220860132184875,-2.0957570352194934,0.7687323690153258,-0.1050987588541888,-1.5256128804073865,-0.1345389975165374,-0.25365370283183397,-0.5554582094775684,0.2104591245336352,0.40849796626495666,-0.6543690032141183,-0.5503488303750673,-0.9760888683818135,0,train
7.6142355782793025,9.14288746050186,6.798206521965282,2.46703135080115,0.5333647391954109,0.5380604242664868,0.19161421675046425,1.3810099145190418,-0.6996920799619122,-2.5071999923974886,-0.11125153456888968,1.6881581931078025,0.31425849293594,1.1600348984015099,0.31789467217774564,0.4354490468748973,-0.9013811720980485,-0.1219486430185718,-0.860603627061728,0.48125240361807947,0.9269140031249683,-0.07276127483099204,0.08113705401902914,-0.6194334911852847,0,train
5.401308030164147,3.6233372628307317,7.6430004125103785,7.74438549106073,-0.8135183151348951,0.49177683213138124,0.32006528313553223,0.11738244379901497,-0.6969386699411778,0.865692973320121,0.33291821300579116,2.154074221974565,0.1327743212378014,0.7385586039969033,0.5269361696122217,-1.2037644838563706,1.005090717326515,-0.17765392769496377,0.05942174365415707,-0.8594990312570194,0.15458086044641645,0.2284576577197632,-0.004391431824304565,0.27245647828707775,0,train
7.995798442200366,6.1028977069835815,0.3330544179598516,0.46086536374297604,-0.7482244415950093,1.3399953899365524,0.9181142177067289,-1.46247389518969,0.424046208403916,-0.17310465677851006,-0.8502151862952284,0.6107769422913932,-0.3670055395721551,0.7680562308924388,-0.5265354124637514,2.2639620007419827,0.10328719218836915,1.57073618808342,0.9993579736209166,0.11820926270514573,1.2569884200420895,0.6147041591784854,-0.15496770521976588,0.8141375997020036,0,train
0.44050529898615576,4.146425729102209,6.649506097681032,5.815054315016251,1.3668252831641674,-0.15991449606286123,0.7367433012462881,-0.6543637361825881,1.550075847914019,1.6214766010557657,0.11069786106750998,1.57787685338455,-0.6269853670301995,0.7034429248483496,-0.24053848226129895,-0.942399392404135,1.1199925210840234,-0.9098968203435409,-1.3704146324293778,0.5914759650668355,-0.8570618720994713,0.30313389609135744,1.396093489922044,0.8918361093227428,0,train
9.149923514281351,2.6728917485398753,1.1934900926402547,7.660837761911474,1.1812790672120712,0.27414803295566187,-1.2981599977845952,0.3557771570104326,-0.7494674446415595,0.19068429959458577,-0.07615824447396431,-0.4340163788574295,0.4137129390540852,-0.30303086982784905,0.7372531177216209,1.218485761772711,0.6027087225678005,-0.8700746296466495,-1.205648994770441,0.2117771524643098,0.4134718461065528,1.4064910359526201,0.6510776371499782,-1.7052063816338006,0,train
5.354884575028434,3.4998599689100116,7.479693446622924,8.946381131724086,-0.8822720975863776,-0.9407099573159943,1.866911249946091,0.7774348421506847,-0.5789661411099987,-2.2576760644119145,0.35366257710391064,1.19065151871036,1.9450730741040634,-1.0859820083375067,1.4889926942693983,0.4796986048984881,1.312584173528029,-0.4089593502884805,-0.02346474946953875,1.5630582900745886,-0.14243567716268032,1.0659863320430236,1.118954652839295,0.8384472108173988,0,train
1.5778629485328055,1.3552882081176632,7.952413206510126,6.209077319787485,-0.2207732524995268,-2.132546118943836,0.9105030817207845,-0.9520930847083576,-0.27339675171948935,0.3921073202514357,-1.0888703823601356,0.7020927729942291,-0.8531582864271945,-1.1188209351965086,-1.0426687879686234,0.26554353724987634,-1.291303217294536,0.46664815706959273,0.3454689797229101,0.06664572082260234,0.2899194959784705,-0.3164018191765723,-0.19424045791581318,-0.5622279035857538,0,train
9.233384182409331,5.6129477521132625,1.468052070377529,7.724833472184537,1.652616847105467,-0.34148699823930395,1.4860260129077079,-2.3734384381608513,0.296407737856639,-0.44676443072248945,-1.0739727996798314,0.5527216518236643,-1.6010277371969428,0.4996589600753965,0.8326940589141787,0.023114637797229595,-0.7816859707110388,-0.8417825718863898,-1.0741992884915368,-0.7084613802129589,0.6136848279469004,-0.7644842043214637,-0.27849734398294673,0.015198636246645329,0,train
3.693154019034809,0.35901959200585587,1.203372150279941,5.4356232337045105,-0.3044087281112924,0.8488642761457701,-0.7456262479464287,1.5986291618485666,1.347923666775026,-1.033564616891146,2.7075305188071974,-0.2424051903897681,-0.8656139845231021,2.495310375028717,0.4652225782735883,0.8447633249066803,0.3327306623339552,0.7371311379364756,0.5781113474052506,0.9172010783676778,0.5896238391473229,0.23360357289158096,1.6237230391696982,1.5804934266974147,0,train
6.105778198549787,0.11349584037333105,1.8701713130986364,0.40299412217393304,0.04870257845609265,0.5508577886725353,0.10577492800920207,0.04650212920873992,0.01764429102585274,-1.534223381225252,0.17369878884680617,-0.40085468287699727,-1.1874188303137647,-0.001977927932238772,-0.943682046608687,0.8923404363083741,0.284882368290616,-0.6514294322369684,1.4307998073531887,1.9523463154876801,0.5005223056298181,-0.5272814478621688,-1.3655668992000773,-0.6537156735787983,0,train
9.079553965918219,3.017008360974377,6.8776002829122245,8.506360443086935,-1.2709536072495962,-0.10498399604473485,0.724771846307898,-0.2171049725674492,0.6821486845551988,2.5977091264527172,1.6215390643809102,-0.2206151123359502,-0.8027603832927203,0.04029126357685188,1.2748947401274173,0.30159641256641523,-0.21900951959294643,0.07239017624593842,0.11270974655468012,-0.10423325095111063,-0.6444851864260274,0.31149712442649324,0.0380768167607413,-1.114152227104823,1,train
6.566258478024537,8.91076480578062,9.955754508959116,4.17577136810888,0.23078920573091344,-0.8446377245842979,0.5623348957068904,-1.4904614622803631,-0.46495456872765206,0.10861444846212259,-0.49107313864480373,0.26171727172896947,-0.0921401461256086,-1.4287739974853675,-0.5847498499756242,0.9924242612662325,-0.23160823480306691,-0.2507142401389968,-0.35274501696404803,-1.857461483585053,-0.2621046929091345,0.5289451437224519,0.6345981090033911,-1.1715151347524742,1,train
9.232314952121065,6.119637424764532,3.486449787489022,4.836987497965635,-0.9907556260314393,0.013825521524477151,0.055341386528237876,0.06040338589524785,1.1006029418471044,-0.05737915876999374,-1.0544633226027056,0.8946588963574931,0.6852703797970809,-1.045698824107194,-0.6204112428688975,0.03808183817949041,-2.1872526331896482,0.5707137324423402,0.49951086449628324,-0.4027443076274339,1.4775747768546967,0.3503202081603581,0.20585622465449938,0.45970883064186724,0,train
5.042324569393543,8.926067753731248,9.304478530633244,2.7049087780762013,-0.07859412392409146,0.8005046054543005,-0.235008232265324,-0.10064983169685511,1.428611147068449,0.6662604364885053,0.7438983469746056,0.3539172363172358,-1.1245651214682113,-2.1378614961804456,-0.484085212175899,1.0137942862530687,0.2521201321200913,0.16916744577505108,-1.0939867531940675,-0.4476974732603224,-0.9509825454110887,1.474647569361325,-0.1933216988528424,-0.16539146126320944,1,train
3.578636441338835,0.7252592880798536,4.177665212529174,9.654202316248186,1.751831348727343,-1.1038920564285288,-0.8194779546242428,1.3377880030727818,0.0008964307120176985,-0.22336794816745756,1.971149002346411,0.4180913671810028,0.27649839785123137,-0.47139804867391,-1.6839396946668377,1.172337833452593,-0.4072152737064296,-0.9562234860721014,0.33221566795929697,0.9737686916865985,0.8495863864792332,-0.8428836808203554,0.5358175150445411,-1.5794307636222875,0,train
6.433393071519525,2.9206547729712637,3.7343428389188507,4.644556339678688,1.1137825906597802,0.1344809732240394,-0.15892270295956262,0.24005536216361112,0.26537459761711346,0.8028041937562003,-0.27985195158270315,-0.1508742258303095,-0.18057534482549623,-0.036004460847088644,-1.4788055684814783,-0.7222717064225532,-0.6473619366874153,-0.1919003865127084,0.13633416938358575,-0.19189532230993775,0.46809117118019994,-0.7962013503891229,-0.42362901844688644,-0.41332289060217386,0,train
3.2262508820356075,9.523618864836035,3.6202928292943746,7.858315890444535,0.2363539109331722,0.3175377338722578,1.6299795871432134,-0.980931231609472,1.3270653323029353,-1.3387157566185004,0.8599864252032312,2.2152248259270313,-0.5816184752028112,0.2364624140315934,0.3223428201448076,0.5053458038296422,-2.6285576940859374,0.2880929040186011,0.4001569985603972,1.0024915700812704,-1.6843610254454866,0.1316928354936018,-1.4479920610013457,-1.1661723437154918,1,train
5.214051729415527,4.792499527475298,9.475617802225994,6.676075048343515,-0.11775730053929627,1.9163664672668248,-0.7048290120591446,0.023306452859817146,0.21886273445239515,-0.24696091827409178,-0.9766805076206374,-1.4474353476876762,1.1261956969084357,0.6275930790522242,0.20790920734781235,-0.6348971668559686,-0.9534866674310436,-0.6943204439879597,-0.43212397763982763,-1.0580444976083974,0.557006662446954,1.025345331834799,0.4521597664450159,0.30054266797787077,0,train
7.967405794908975,5.7557236709919835,5.461776165946804,1.502317335737493,-0.6553037616004931,-1.2538456720239612,0.8645330482405101,0.07147179913398126,1.5365109028971786,1.9237076139667,-0.2677721184478387,1.251949285602821,-1.0369000393798669,0.36532236253231753,0.8372925720732052,0.5593410806624536,0.6254945466942917,0.37889773413363276,1.9228897491562116,1.1249417116949072,0.607272203803367,-1.3290127804350724,-0.29895028395448525,-0.6520127958388447,0,train
8.065501616623663,8.324530777602863,2.5511186081448836,1.2515176734193323,1.1266625756484465,0.22537489504968153,2.728653859432822,-0.7406040115834032,0.08704029472812437,0.8778532071891589,0.5885279591256026,0.2781302045828716,0.5609983762992568,-0.1691034146944993,0.10756263194261427,-0.2551969505031947,-0.92180035641752,-0.970814214191375,0.11728717150083892,1.2898713087773215,-0.8108859854113641,0.08948420869559973,-0.2361445202664665,-1.0493739715883428,0,train
7.447220419331838,2.0376753954447393,7.877476897621421,7.129189085203499,0.3809401391229131,-0.025064458112661836,-0.13257271282698144,-0.5870351898983178,-0.2494136097471178,1.5567806743241142,-2.221644518176713,-1.2253697576521223,-1.2468418203390628,0.7611548627813479,1.5578940444445224,-1.3729508028930677,-2.1104585596352736,-1.2501431596027754,-0.6030343180177155,-1.5312629142064853,-0.09852938556847408,0.24968745319095098,0.9593726690366671,0.43308989640493795,0,train
9.813835398177133,2.426886266250916,3.549397595127645,8.30593825937044,1.1342326593136707,-0.5916248756568323,-0.12228940897886444,-0.4612349209127311,-0.9371154167140014,-0.6537930778053465,0.05457172968965189,1.2400622558547176,0.6247465025282015,0.350305291824602,-0.30304104503068224,2.597677725631362,-1.151100685243922,0.8755195961138977,0.5068456611006943,0.41153736715486033,0.5104137255549805,0.7679857254115581,2.127779268891198,-0.2935358749204069,1,train
8.328787906771328,9.218109805759182,1.1009964390475269,6.773817914425696,-0.08477886303867056,-0.1738266474720553,0.9877621151500883,-0.6656544619249163,-0.4493229795485785,-0.6715182190012751,-0.1601827449227629,0.4046041274566253,1.1226016798801108,0.5150152506338207,-1.1814277987014907,-1.323742481524521,-1.6387166494745742,0.331186598335033,0.8634774228203191,-0.41154545778093204,0.16052039810724733,0.6956131566459471,-0.497374029580565,-1.1451368790497998,0,train
4.520039007117521,4.016006947831375,5.002074610967712,6.514641871678272,0.5361316124960452,-0.5835375433508322,0.9496614114596769,0.8702729106951616,0.9228901212675588,-0.6186537762264643,0.6097177212428456,-1.6996108724865533,0.32098638556599446,1.6175159047667764,-1.1474045199880043,-0.9635239060585162,0.10518506496474053,1.3085559191165486,-1.474688685265334,0.026366053872269164,-0.07752164468784788,0.46488750745374136,0.5213961894662389,-0.008892120964258135,0,train
7.541311568696076,4.407466299251096,6.6611899311252305,2.192557493460048,-0.27951054870066344,0.7886406754364657,0.914026736441389,0.12277716116501512,-1.4595590212100262,1.571067897330124,-0.432528771489516,-0.09551202139694391,-0.2041885374619755,0.579130015264136,-0.7361991650555876,-0.5194561992552097,-0.6610856099151009,-0.06518614598251837,0.19965889912026638,0.22599393191602804,0.40733205740183737,0.5858642281616191,-0.6523030896462515,0.49454779490687556,0,train
8.063208192444153,3.951881873792659,0.7191027914838211,0.654137560092346,0.25676415434469124,-1.156514896142685,-0.6143603928923451,-0.7724766226753583,0.34078344094132934,0.5305903010489684,0.3857696111424926,0.0897020535470373,0.34540902016856434,0.1953546131988463,-0.06390928168928339,1.0381174789091998,0.5673945018683645,-0.10115524385623562,0.4793179734121508,0.1569653386940057,0.9595430334940392,-1.2816063258023234,-0.5983856355791815,-0.4127028720499699,0,train
2.6762848992860064,3.102436434047492,5.280050915962664,5.511002509989199,0.21847496762041235,1.181036187600881,-0.42813450146090065,-1.8970792906104172,0.37435114175773865,-0.018367713554546854,2.3237155269772547,-1.312758967025452,-0.7808703508045217,-1.3391201760381404,-3.0792641336126385,-0.847005855041235,-0.2719734121246008,-0.14105249902950248,-1.2080881488215753,-0.583416994458715,1.1942062504980517,0.5497022331716294,2.0184560917115233,-1.1523157325111404,0,train
8.271971972532441,3.3331642986466923,0.9476647000080107,9.91154424015935,0.09475568432331365,0.7781990214637875,0.18412087103970565,-0.30327506957110467,1.7070847582606563,-0.2097357231808045,0.7423260437015375,0.2816584573786998,-0.2833025460970104,1.2502391056631017,0.6618694672568285,-0.13684739567768311,1.922183613628855,-0.8258309213475455,0.0025873289778145826,0.5269710048688303,0.0935321248180501,-0.41199629847807395,0.6100117539108119,0.5949778424253135,0,train
0.16445704162931118,6.413064007721305,9.857640694099148,0.06396292657068425,0.25262576204648374,0.5396049317673847,-1.3540080634216969,0.3364783093155298,-1.1973407279063883,0.744624408986453,-1.6208871793199708,-0.41495222608888715,-0.967657565533249,0.17720837949725352,0.4052691778310561,1.8211259221139633,0.6897482377011979,-0.6256392932065096,0.0005385953006109429,-1.491629763387536,-0.31495668138114563,0.5691163578229824,0.7130725491708015,-1.0135074708419356,0,train
7.649020383556263,9.183981307953806,7.404311285025054,5.227744275565884,-0.1041133366267525,0.8157785864466721,0.39397737102714575,0.11109788982720242,1.8936021277361483,0.15767287745335432,-3.095284187156508,0.18912562676260752,0.782379701171622,-1.543159257610118,1.728856025789105,-1.7941604718424224,-0.570161482931382,0.8711917275573383,-0.982624463727744,-0.18158751129419257,0.9369390831633387,1.1035962317546038,0.1847434251818279,-0.03378430762736876,1,train
1.234194473447885,7.417406365758371,5.4357392363401145,3.9944263277655265,-1.2310649464161973,1.139407378150736,1.805026550175681,1.5461920200786339,-0.8633339492766975,-0.4245996195107915,0.7478636328034545,0.47593418478131994,0.6466821583545587,0.2831327381724759,-0.10389860901801463,-0.8454444590685968,2.0672283148279953,-0.4957274572161373,0.25502432046367407,1.0151742193805717,-0.6736813612340742,1.028383636689423,-0.7536265954141762,1.2059120956338172,0,train
6.124225761280121,2.025918824978883,1.8176370982090195,8.041780938362011,1.6043032107926454,1.0251174028997936,-2.122270463997297,-0.11670670352193445,0.874306472383281,-0.8298774654679547,1.5183410171312202,0.7564423796548497,-2.138982731715766,-0.07598438924210169,0.6700821049195876,-0.33589305257211505,-0.14863585051171407,1.8224117432460356,1.3062551245885803,1.2365611271389376,-0.7500236968702747,-0.7653654782857797,0.26451616094645797,0.6263490813097801,0,train
2.2955878693746534,4.2573468098601985,6.447631343203884,3.14221281843703,-0.6974105169754158,-0.4231698467130049,1.050157511062754,-0.14309060770706755,0.21190858894235257,1.4033710662862506,0.9786178709250518,1.5679799071203482,0.5704273297637664,-0.22263555539289467,-0.8579815082825365,0.20244011165547124,0.19445894999500615,1.0726429609772117,0.9545960978738216,-0.26862879464650324,-0.5898087152459611,0.07332526732555943,-0.8771162127142091,1.9476207348582963,0,train
0.22612296487111938,2.3795473820165847,8.09475237774809,3.868159394722197,-0.187711770121315,-0.35922543886218267,-0.019100314307014244,0.0455969373136488,1.0749062329957373,0.7712143325648195,0.07545403683202574,-1.4545051252622896,0.9301726072802775,-0.4711708399951637,-1.8419801977818824,0.11374513061376168,-0.8845545757095905,-1.1747648093675933,-2.1740877473530644,0.6292864081972692,-0.677825866352356,-0.3860483843081136,-0.7017240090395135,0.4681512089785083,0,train
6.944212488487034,6.726396910854558,1.6322552870890639,5.815810339114803,0.5077865923450101,0.72799288108896,-3.0855862681682837,1.0353879894339004,0.031276193278767156,-0.6626087073351484,0.5920586562778495,0.5956270126683042,-0.03117616145249703,-1.052670253454209,0.7084617291516592,-0.25693849995967394,-1.7457274454870386,0.4287059956051412,1.039437253758444,-0.8056467796815446,-0.07135181818379609,0.39560899346921796,-0.5222482441136257,-0.7407494206236337,0,train
0.31739248193267344,0.7650814235949699,3.6248224832708598,3.1754957357595304,-0.20399814390814483,0.4014947179483107,1.4321196544445893,-1.9518914932770126,0.6576694406129518,-1.3635786992756331,-1.6344318926981027,-0.2742445147358054,-0.016556603721174158,-2.6311592066401537,-0.37543989745599027,0.9465588620559892,-0.15191286240527405,0.2334261974633042,0.6740953387229625,-0.9718465415239581,0.28938155654336845,1.6022183516577622,2.2714362486014408,1.6196491618356155,0,train
7.5663702015686045,8.829686568194173,3.424782957873651,0.1843430393516543,0.5571372577292297,-1.111054227176166,-0.1741784629513494,0.5405482164646764,-1.5839266466042865,0.028527765311860836,1.5516556027314974,-2.5138518756634958,0.7842544148115043,0.5358294981662556,0.8812990067780596,0.4267259087791138,-0.0896302342291685,-0.7733614849002143,2.885139087809823,-0.7319343638004361,0.5218917710226304,1.3311444399211647,1.751066774541396,1.6885577396375782,0,train
4.683443160451888,7.7869968426724325,4.589861175460067,3.6578024891988403,1.2542582664047515,1.1249535816776584,-0.6411916080890556,-0.8610952508976583,-0.4411804824989684,0.889993372598257,-0.7149624479776087,0.5707324557268836,0.5739165058561808,-0.8701049623159742,0.6081010914156604,1.0291985225228697,-0.09633649492671624,-0.5831804611136173,-0.8528631813571499,-0.7978055066379404,-0.43781060821132484,-2.053205882652904,-0.4364778696907801,0.649580785171418,0,train
9.223314015047581,9.534098110454362,9.057519336025775,8.886484775870601,-0.4421096178521248,2.0714680738639557,-0.9074899314278433,2.5322197709983008,-0.962585651396944,0.8966360987370084,-1.3675872165884253,-0.887030522174078,0.3544472660073822,0.4238706703832175,0.7722684075061756,0.149657393806922,-0.7620687473256263,-0.5195644543969444,-0.22795009348646,1.3517261529082931,-1.2324058205483595,0.8532327971893254,-0.7837155473995878,-0.21568210958934447,1,train
0.22667937211890532,2.299403552572014,4.217830196607819,0.25102867599291034,1.2827816342029355,-0.9389135416142976,1.052973750636118,-0.0418200543409974,-1.0970105973482196,-2.1342270917538695,-1.258826362028298,-0.8563517196782852,-0.8824682981265763,1.2523265010097566,0.05246139764859906,0.7585520581298703,-1.1422001858591335,-1.0443839914653903,-0.5794004904124942,0.4658291254400682,0.6353975185176529,0.4921799882639893,-1.7617485788587783,0.44979828793686233,0,train
8.933450046110242,3.6795557304744877,5.45320435068586,1.7140436348829369,-0.0929571636532878,0.7031925484238503,-0.10648550136581898,1.5851470150825726,-1.1190602111475254,-0.834271152592977,2.024844456932387,-2.232834138790609,1.5180297838412307,1.2902384698576699,2.165793443886652,0.2874689189475956,0.11270905261559298,0.8127241760393721,0.4298122645153473,-0.05197763811962403,-0.3262695538634268,-0.004290142702009837,1.6995211120621885,0.4703022368767789,0,train
5.770854413214761,1.5077231803117463,0.2591504989802573,7.422324757265676,1.4167688897323267,0.35583855904437584,-1.915329421693203,-0.9775395520204345,0.9252733106001724,2.075464031352508,0.48817342155832094,0.24520656512114786,1.2588059672401257,0.07378615744573286,0.367533923599183,0.6155125517429676,0.07068989150810791,0.11194502201773178,1.5589605854023476,-0.6568596558422634,-0.14085579952934715,1.4556511765600642,0.25324070578660346,0.6422536828768923,0,train
6.634723061144391,5.974590970235566,6.975262923356599,4.212275829874413,-1.81039144856214,-2.407010324500597,0.20415669469547115,-1.270156692691512,3.420877008237848,1.1691005089836173,-0.05720724174607891,1.7452822284428635,0.3109429878301963,0.2281521245276022,0.09607258764102455,-1.5563010218278335,-0.6632801048625261,-0.4189449503317618,-1.0851691671999044,-1.7526463420227072,0.2794156745904018,-0.7495639897933171,-0.08726940433065751,-1.5129322053586045,1,train
1.6097478457793934,9.914710246404278,1.747978488520191,4.571338063982292,2.3314962180996806,-0.13300473091318718,-0.383239141244183,-1.1674515216537837,1.585520408531835,0.9082237989200505,-0.4098678881788598,-0.5078256191248677,0.01994238442421623,-0.6644571919448062,-0.902777800196718,-0.20623817736340128,-0.09953157975979168,-0.7985039686902194,0.6956370832640815,-0.20945135149294747,-0.4850108422004692,-0.28696994538468995,-0.4040973214508797,-1.301190193165172,0,train
0.13628773699750796,4.097862649020046,5.961606091595887,0.9078745714104408,-2.0625996876030968,0.9583904294032277,0.7371230841702332,0.596003025033583,1.3915763061780304,-0.2495472516299477,-0.38819383219466924,0.41088481267617416,-1.2579092319546532,1.2572871011220428,0.8392542001675296,1.1803648702732206,1.4583653589959864,0.11475626169965945,1.2860179196480952,-2.8541528015863085,0.4733988119517935,0.5608675180589239,-0.5075229119405713,-0.9950582145621235,0,train
3.0957092545431264,8.746259841199958,2.3276207205819235,8.746744884408637,-0.16180304003101817,-1.935052011624437,-0.23447360508699777,-0.9417238630400284,0.8291887935022811,1.1848543216990466,0.592746424532276,-0.5303767658317503,-1.4788497936487195,-1.1160611866622165,-0.6927828771908181,1.189145551494143,0.6865941875168601,0.5933130630634679,-0.13758711995767592,0.890421006575542,-1.5099416417589882,-1.023655418500495,0.03940611170886728,1.4840927683577871,1,train
0.4290036017621912,0.49178355263385654,0.1960753195785947,7.144396459257174,0.013535020868266578,0.06605448962949803,-0.6836339682612772,2.6021792921417033,-2.543468382927597,-0.11036286003114305,1.3274696325372406,-1.0798909830984051,-0.5717532448433639,-0.39713192304092815,0.16084274402394635,1.1671089468457843,1.0725989465458718,0.1756194209673859,0.0658969331655006,1.5366170632060001,-0.39278163339253097,-1.223325968605483,0.040238101322491095,0.45105625767606256,0,train
8.214476776589485,0.2602381122848374,3.9090545527786222,7.511101979609683,-0.05923554246646323,-0.33583789075720893,1.860205111125219,0.5458071373620184,-0.13570379535045055,-1.3488234523426368,-0.9026577992185485,-1.3312314206780425,-1.1012267983038309,-1.1336688454301262,0.11498683023921435,1.0483509014016883,0.3762903855633013,0.8172281206824801,0.43260858038235345,0.16349669383000862,-0.7617198335407447,-1.811224877216417,-1.1640098841934978,-0.661091828172392,0,train
4.283248703661683,7.869031085009675,7.062343056896245,8.705630921747574,-0.02504962839395324,1.777072985178775,0.1943031992025101,2.514119748293796,2.2606539203031746,-0.3529618719030914,0.3509626939568474,-0.2804373427757877,0.5516064764344667,0.333295013657476,1.5314055146709502,1.690040678996067,-1.1346932774702805,-1.072377298085462,-0.15715385524304046,-0.2883209141415507,-2.4157897419771173,-0.1611950838438348,-1.3511285961731616,-0.43903877643525013,1,train
8.323780751821575,8.30636129088593,2.4796839119732095,8.478843620481465,-1.7159193219158886,0.7590449318143596,-1.8900793366018338,-0.9313415695757423,1.055384036913085,0.06613178779295059,0.6749852906302232,2.094738384295156,-0.501541842490419,0.9389563352110372,0.14205192662635227,-0.47897655014288465,-1.1619694052786012,0.024740345090883104,-0.7955949385306337,1.1392927708059422,0.5369923494575921,-1.611384206678013,-1.6400953076299993,0.6286514965064133,1,train
5.191672947808078,3.578821437192301,0.2987247854428199,0.18995747313290123,-2.7743292016067085,-1.5478407853702547,1.098995808467808,-0.29030888756648066,0.7289715479384574,-1.4731582534081424,0.7392994977726144,1.3599063069910162,1.06326673380768,0.7774391494523587,0.877873372079893,1.5283440297995206,0.03905001647021424,-0.07890853600616159,-1.1415734189696625,-0.38185716577279283,-0.586893383242235,0.28536164604286296,0.01174812994175462,-0.4069956670251758,0,train
8.303943742325108,5.4723829842567175,4.789869911306491,4.798467255846939,0.4372903141152971,-0.30820128287358145,1.3362008006269164,0.4753187345018776,-1.1558330073849348,-0.8571073559375725,-0.7700824597746564,0.05935238442556257,0.4050294105694099,-0.6067168988383054,0.7049912566950156,0.16433875993909305,0.47953870509480817,0.11397708974078105,1.2905192980937548,-0.2776039581897158,-0.06291547364912331,0.7732171694480896,1.6391532839593634,0.6261280783711781,1,train
3.37783606079914,5.816903829469281,3.335929227690807,5.371152872529841,-1.188565961877065,-1.2631019587191434,0.41338657474884155,0.04641889058033253,-1.408236509880786,-1.1415712028134148,-0.8569306589868687,-1.4266826242753081,0.8513277346111099,-0.06150504685240105,-0.324765044059651,1.437001017417591,1.1107436958449883,0.6135216931441169,-0.2617177787838196,-0.4320216767155158,-0.2780098508016502,0.021663098124276334,2.4631335921568582,-0.17684078713465884,0,train
2.118917464404919,0.5373292767300109,4.710812193720929,2.6157409574685566,-2.3688962635610493,0.34697362388508884,-0.47080494510963256,-0.20908203778048298,-2.0759489060368495,0.6971974501255365,1.7230498871774285,0.5502451159187859,-0.5189475847444323,2.178720505348268,-0.551799407728834,0.5225075961931687,-0.6099437180481292,-0.9933406011075978,-1.6667386166196925,-0.40145428697334673,2.267806419481815,-0.80870877081847,1.0985647696984726,-0.70890428913139,0,train
0.7595525216274501,2.342699595311667,9.322572821491303,4.393771059552984,0.12246226803870489,0.7375084335560828,0.3813505786921156,1.354548112109478,-0.8802083617842918,0.4272403427071409,-0.7809024308149021,-0.2589866128452916,0.36390680621708993,1.8950560272798855,-0.028288500718107,1.1206467218516476,-1.0365001564735463,0.5805814653111153,1.1205080658984354,1.1323039326436393,1.1436696498342873,0.1145987285460338,0.6197082559185855,-0.09111739826223916,0,train
6.998961850978089,7.205537368992349,6.067694753294422,0.4102944271601894,0.2898235934499982,-0.9848474621479801,0.8492574429497624,-2.1558116892207244,-0.12167847383016109,-0.06088893488179389,0.7578760221556361,1.5345359992639414,0.07087798056160743,-1.102426824606929,-1.216548077149739,1.35129597525678,1.5477135560644952,0.5370606920824624,-0.1103283202437067,0.6437731936548893,-0.6120424000542278,-0.21698244758072732,0.3286781354192472,1.4084025450003876,0,train
9.267411525577966,2.722031203551013,6.157710736656918,6.235823964599487,0.8174486274641272,0.03927368843033724,1.8769264542720914,0.35020039153542154,1.0571752976588307,1.337923440894629,-1.2577229247701145,0.6734826915592573,0.7860790230439296,-1.3594368268027344,0.7714597638636643,-1.8442600796283353,0.20629678107715074,1.909244088653999,-0.2124694658431859,2.0229358886322353,-0.8744963256104059,0.34040471118721977,1.266306944487632,0.7239503801436955,1,train
7.873255770281256,1.5156556432000745,3.748331591785118,5.762861062001253,0.03379658866213116,-2.011333438849581,-0.9983178247076631,-0.516258590730647,0.3269319829183802,0.4460012550463461,0.0928317680577757,0.5748069343858605,-1.307798507988825,-0.8100616680893942,0.46098014253349767,-0.4050905131565965,0.656669677662956,0.3351712009064883,0.6937930841952172,0.342403137743396,-0.24672619952993793,-0.15692660875693953,0.8348698178813125,0.13740838259736368,0,train
1.0938154079939688,1.7008983320222748,1.2258641535271486,4.713534894839926,-0.21898316983301577,-0.9413205438291494,-0.9626447515792096,1.595704856258013,-0.008355315396460467,-1.64970096513797,-0.4952735023927287,-0.502969302517081,-0.022036405048435428,-2.343595317160055,0.7113700914385548,1.3771967406232608,-1.350573744914041,0.4095607305612174,-0.614137790433185,-0.2563925118172401,1.1661473858669167,0.4002000311002018,-1.5602931526970543,-0.41689348670284954,0,train
2.664666745402877,2.874334157194951,6.651102738440528,6.147109109164929,-1.050038004638917,-0.13134441617349188,0.5146843310332858,0.23661711943730074,0.3166920510292842,0.7349250080544772,-0.7613647267761254,-0.8576826542866459,1.8801165967441704,-0.22684628978080495,0.1649397759052768,-0.31492130589694023,0.3587655135929793,1.41477858671701,-0.3767674661828471,0.40078033709648714,1.5781337282712062,-0.4828244618034786,-1.8152025030575085,-0.36190529818199413,0,train
1.2145475382229542,0.2076131904839218,9.020169313691085,7.677878957995238,0.22739381824051844,-0.13544837671340448,0.053476985066359825,-1.4361850029194667,1.056985891556756,-0.5438321617624626,0.09878375859613608,-0.07853623729706022,0.3107989245467554,1.1202304426107703,-0.32453719522768937,-1.3210007653958311,-1.1009942591762827,0.7128923237772163,0.727162571191952,-0.7233744338680683,0.6829769597506741,0.2668483401829497,0.21722600851696683,1.5796515461264478,0,train
3.691535146463547,0.6556840590817048,1.1137453252422802,7.1072298181903735,-0.8748785261671954,-1.6374361509213016,-0.5690188524224217,-0.6910120730478313,-0.3305197248110951,-0.7834332457914779,-1.381702689761288,1.3453226081873904,1.602965182561881,0.8723907134257121,-0.5054214528430108,0.39853656279966093,1.4956192263546066,0.06813336019638956,1.2051147326173788,-0.35725219918432904,-1.047517167168902,0.6267746453053202,-0.9500910958521648,-0.09420583877782987,0,train
5.711090182563526,8.861178780548162,7.329692375996539,6.294696730849524,1.515488100844415,1.4952140070359774,-0.5814823337894582,0.8526180406600157,-0.14727772444264334,-1.2930328973325749,-0.9379107112359109,0.19106379830350614,-0.8732961918055839,-1.5045622980730509,-0.16306353525813636,1.4752004654802437,-0.4325480342722903,0.7770373663372752,0.1386279025750833,0.3265591407206601,-1.0559620326889836,0.29983912982458366,-0.5254307822426237,-0.13497386608833822,1,train
3.782726328761117,3.023275309441961,2.0221272855060435,6.415023696814769,-1.3384802533947568,-0.07052291518824073,0.3149091885232463,0.018824690890727473,-2.3222128326108646,0.05240277113102148,-1.0241115541961432,1.056554115077198,-1.5175950222906707,-1.1259753215458537,-1.8502443786805747,-0.46503580262229305,-0.7323515942250107,0.41545194323405904,-0.16762778882050836,0.26744835857152316,-0.7742979471735392,-1.0203721023885481,-0.7629514368949987,-0.18159622435561307,0,train
5.553043694120161,3.265494544617964,4.30643279426353,6.430078364052237,-0.520996120386632,-1.7090883906759575,-0.6906725541755725,0.25794421648505134,-0.6276251888793353,0.46035934806461437,-1.0608822736927683,2.679508526881803,-1.1287147252013305,0.5189477324576058,-0.2740751545590129,1.2057122829089477,0.6483142252877359,-0.3848852529282098,0.11288022028367276,-2.266187540164991,-0.9639468389747584,1.245103529248224,-1.129912905374744,-1.1307053089416237,0,train
2.8003257019944083,9.124219351324731,2.0587328759390555,8.970594240010056,-0.3096115552572974,2.165170915081153,-1.0535511832668334,-1.8431541592746543,1.4352690563410977,0.013739341251142392,-0.4931717143866957,-0.7102997965232137,-0.07699200833396318,-0.9280856722847517,-1.7531954628913888,1.2583467435114823,0.39078633109699334,1.138156145599244,-0.39161686123862144,-0.09216897177095879,-0.513346513826556,0.3941334935996696,-2.764909592205812,-0.7578293532036909,0,train
7.629702947490712,7.101160695782766,7.5252646412081114,5.963773661179621,0.9074128806655767,0.5736705236051949,2.1685079803962406,-1.6644136357954908,0.3320090504756779,2.2798450976690083,0.5398455533616358,-0.2371628684840754,-1.0669020456848375,0.4899333488051365,-1.76345274894073,-1.255125690530405,-1.236934517391333,0.03149483958011881,1.085016252721245,-0.08277907730038585,0.8319161647777739,-0.057081644418935734,0.5561395906164944,-0.6252893932459256,1,train
4.648011627511369,7.740223677125266,6.322500549607767,6.992243963049822,-0.24659060047290474,-0.2804522262987342,-0.5172536152984906,-0.7734361500799807,-0.13884767009821683,1.135380401674194,0.9036849123604788,-0.4995304846140192,0.9328811757108311,0.817439045335463,0.16248517776784197,1.1101618787525607,-0.5437325026788224,0.3954661846447765,-0.8881020131076319,-0.727428999575354,0.32638225848517427,-1.2196686406165864,-1.5494989965028438,1.1682383072485605,1,train
2.8451273274990783,6.99754557328928,2.26917513655855,3.1627751540800553,-0.3055590062517871,-0.3360707403519972,-1.40851537824268,-0.8123595069879673,-0.41085420736197553,0.033049816520872445,3.3500721565187264,1.4558846458740502,-2.074224944261434,0.5420750318353081,0.5293338533340257,1.5215124494062673,-0.9158820193725379,-1.5803535005041498,0.24633796087663892,-1.8857650770891228,0.334428369095046,-0.26195110505829367,-0.13121506723543783,0.3462892437951392,0,train
3.5298824417224193,9.680178460106223,0.8384481534675536,4.388152461877012,-1.0463461783807995,-2.1692469284017473,-0.6571927074316152,0.17468694271132068,1.1602514191636766,-1.1074491470931225,0.7656844318837469,-0.5343840377990816,0.17667271857891848,1.1326417903547832,1.3524959935452292,-1.432604449312026,0.8113954617099999,0.30176286362367766,-1.7079383654566846,1.060532153949545,-0.7237634302576423,0.1887531555855749,1.0888866964415251,0.18523853277048505,0,train
0.14690045075747893,3.0031412664745085,6.553369180399638,4.0960334873930115,0.037660995899800556,-0.038581566261804,0.6700879538806329,2.5086936904061736,-0.1107079741700138,-0.546699213916962,-0.6636925449759669,-0.1667207022029415,-0.27122280755850786,1.2906514612371,-0.2942080301922498,-0.6149396844357731,2.1291765929043036,0.11622001533659093,-1.3278001103565757,-0.4079959861117646,-0.6494984584176814,-1.0704511938571175,0.8819927634051072,1.8241773916256816,0,train
6.301645676505572,4.494392617171442,0.0177741301431511,0.17491620705978206,0.7212944352042099,-2.066627327772058,0.22859652786277904,1.0291163187013816,-0.3207216175798432,-0.7755316789411487,-2.224998756600416,-0.33399557744955616,-0.2418012070091324,-1.2758369606317956,0.5512819330143567,0.09266774043134345,-1.1972508357273413,-0.7811267430683589,0.07903609681272618,-0.33058030891944573,0.2592109414075543,0.11031581099384344,0.9896288812390281,2.404975863897442,0,train
1.7313573073530364,0.9645270644165727,4.577665600661259,4.120632152691387,-1.346280797839893,-1.6023602578175624,-0.001824927404281253,1.2466973502988237,-1.1838146398537968,-0.005343102616883994,0.6230816806465407,0.8233262544899713,-0.9354670090188072,-1.516619198743633,0.5642114431535737,-2.544025879503915,1.7202459156345575,1.3413315518875166,1.5988926504059433,0.36217600891306917,-0.9964641652414415,0.6642628597492016,-0.4327675667797247,0.4322754939965046,0,train
8.758300647861196,0.04877843684815031,9.574406904899144,5.949412852279938,-0.695264323908214,-0.8881103608326383,0.681049880130627,-0.286835286847047,1.7649773765478263,0.6404110177454446,1.2499688048130253,1.1483267323627764,0.09183561807723752,1.7346603393508475,0.07916815698856872,-0.8102113452773863,1.0116943563996612,-1.6899002529092353,0.3729879013133401,-0.6139566205723033,0.7756477897385393,-1.0522717400477037,0.42464397801939774,0.6550864597608552,0,train
5.726910952175345,2.075356794420581,9.35927281110493,7.469148499972011,-0.7040091136339667,-0.3543221364699688,0.4742024135583234,-0.3450743922678666,0.04637259211142354,-1.067394322222803,0.36139099838159505,-1.4012006312862264,-3.3759876213616873,0.8139189603217366,-0.5374569085772618,-0.450169429649669,0.7136873641715429,-0.2506561178014206,-1.2573039625038251,-0.22528201371575268,-1.249570578521367,0.6931088340851184,2.637048383720397,0.4429486231555832,0,train
1.5195251825592293,2.54276456222738,0.8303837463902874,2.0981560012434897,0.4492230603909685,-0.14442695521074794,-0.01858820285847197,0.04407862609828908,-0.5172365790118842,0.7139084734870513,0.7720951143813002,0.24957067030006863,1.888496666934008,-0.3210922905381453,0.9751163050583482,-0.9735915306206046,-1.5299140171135086,-0.9435664073248929,1.5909634254222285,-0.45134861674688725,0.21569812403992072,0.8247438124727093,-0.823694461430693,-0.38267427028325124,0,train
5.572138939204397,0.6047036394045524,7.93725584409006,2.4806916628476583,-2.0561600945919345,-0.23838987000401468,1.150750461903649,1.8606395378014284,0.4941432118879912,1.9418663871320767,1.1980365239012982,-1.4283980730604595,0.3913020741090146,0.23791576604822992,0.6886548375741336,0.7894943275717486,-0.2000987243956179,-0.8471382811474003,2.2804298584695557,0.9175872254987796,-0.6156001430829193,0.776991798529195,-1.0400744374163837,-0.3629418539982592,0,train
9.322229860279988,1.8132086896744504,4.348783688029335,9.984044123424825,0.0934869022731939,-1.6896981683447323,0.3313584017814186,0.7508665169348627,-1.0799990339714793,-0.7660525843838009,-1.1460302816770742,-1.4413060362103192,3.456662187432414,0.5084118013451684,-0.2825057404933724,-1.0992109918264437,-0.4890462285138012,0.16397914385846787,-0.9711852440021157,-0.542217399503967,0.7772362844048158,1.544377052091713,-0.25323330418531614,1.4213659994874714,1,train
6.280364852589639,0.7618024165460946,6.5157144904807,0.8110028948479786,0.7103415357862586,1.5951038161541797,1.694533165816582,-0.1498189925118091,-0.07258713556483902,0.2869052747245895,-1.2833206845736134,0.6332502553686488,0.0025452344285401426,-0.7055581766456419,0.30783208694881137,-1.3137163243436316,0.15729676734048864,-0.7638661823741346,-0.4004908281470522,-1.9811865312197925,0.40166610076537285,-0.45108150834888017,-0.004388627063911029,0.9907717988238007,0,train
7.4329352990377116,9.78684352807654,8.049586259503853,7.410120886159567,0.4834840119475206,-0.33734908062058533,0.0013142716782873383,-0.3994967460715976,0.24013119691825632,0.7598378716782258,0.552200481992802,1.9941436067693563,0.8119603397051763,-1.2499817869582763,0.23280222236738574,-0.5291651931239745,0.49805106952554473,0.600070903187333,-1.2134187390631912,-0.7334405831088625,-0.2825481746559351,-1.259013676356282,-0.031099108537234802,-1.0944196036130591,1,train
2.8859534374074025,3.5020763064472527,2.659903843993315,0.17456579392406968,-0.7836822883455172,0.17559777859175799,-0.18832118891592806,0.3498838687648126,0.5910699675824649,0.06147031589089579,0.12551450893919597,-0.08208599177522516,-0.2717198953154482,0.6515579306041392,1.2928759400343453,0.8935051159655074,-1.0086009710684236,0.0015795197041272606,-0.5026366467036194,-1.9736761520923327,1.5901688723542864,-1.1035833467187877,-1.5487015647293665,1.8468548698250051,0,train
5.712523810949575,7.605612414906688,9.15098510121793,4.356479648877296,0.10220331958214991,1.114422920840377,-0.6427305064972764,-0.19395106157148126,0.9323522755301926,-0.6452765178033701,0.30598185766998265,0.32907228487287965,-1.0673258419920826,1.9604521232665961,0.7370772009556955,-0.31651800425198046,-1.196501660724752,-0.26461485159907217,-0.4273766250532672,0.678471354340648,0.8156946517731987,-2.4115016569882903,-1.2336929173779632,0.5977867248348672,1,train
8.73875754669529,0.944370756509938,4.483389545152525,9.186641061798262,1.27154556530128,-1.665409378095258,-1.4215549948821602,-0.7501082378652689,0.1119443274905078,1.7106636521606167,1.0857393606065249,0.29481359889851577,1.42596833372545,-0.13367958228120186,-0.9513919815081906,-0.04788504605886022,-1.0499268099622203,0.35735575005346776,-2.0060592519730744,0.01900681017538762,-0.4892903415111077,-0.49971121702415816,-0.7054599932400554,1.2608259853898278,0,train
7.050740438144852,9.3460010696791,9.437866679048785,6.969345189731637,-0.5934771067348364,-0.8234364392552677,-0.576890177325126,0.6145293785887853,0.08521065948067258,-0.5769820069528921,-0.4547147156555157,2.3521407131787364,-0.5606596223242781,1.0036202072908496,-0.4575020615655876,0.4879011633756879,0.34608328293606005,1.5632761087802487,0.332281716412848,1.216047656031282,-0.8807191995115983,-0.026507290872499752,-1.3984741053125678,1.6255894508095883,1,train
6.825843613193214,8.83473575487875,8.235833995701473,8.1328582229229,-0.7864083058115195,2.369116172365757,0.8797344110822657,-0.5516638038224955,0.6884177875781475,0.13737830576101456,-0.42497680202773347,-1.2186224539738422,0.13825656129194253,0.49498425587497574,0.06938009610496056,-0.19000789175553456,0.549284607904259,-0.9123159894494367,-1.358161708228074,-1.184811438920516,0.13968502861706197,0.952145162680576,-0.5594467210222437,-0.7188409143674056,1,train
6.141298608350435,7.873932983561707,3.880950852619213,9.352440789738033,-0.1899674200236976,0.7439394807372376,0.191156451588213,-0.3267261060331535,-1.4297937512824488,-0.7945450770845572,0.8439806289401265,0.3229235881825532,-1.0022396138847496,1.4720100321439304,-2.443413262533251,-0.08996674668732788,0.2811975622226556,0.47249536909183654,-1.0386311479266346,-0.49123407538955216,-1.8631665690879988,-0.946179753389666,-0.8340882884205476,-1.0493849675205487,1,train
7.01478523158248,3.0490997195762324,0.4906545230215398,4.815173140096931,-1.553452544135074,-0.19884517879673455,0.35418465752422357,0.5163907444737056,0.3486557711486255,1.1544232214156191,1.2338672525866663,-0.421131068824302,-0.6900568294247403,0.23585214262849055,0.004871070534971451,-0.08808833760898689,-0.7063114949691228,-0.10388769734509977,0.7849723028920139,-1.1010025910049286,-0.6880905028147005,0.9755087848366966,1.542115480574876,1.6951717967516287,0,train
2.7198955588649154,3.019221599459021,3.49186598802951,3.33241916072443,-0.2813689950646374,-0.10189848139798653,-1.499704663766818,-0.6024605506372614,0.07519793462278967,-2.2396634995842812,-1.771791440817199,-0.17485374232587553,-1.3739458291098567,2.741271126925165,0.8001884372647246,0.20492880431817873,-0.2206972104783609,0.34800694800577947,1.3864034072448237,0.07187132018051057,1.5141584095192482,0.041810160641346884,-1.0737366256431657,-1.9780663237652534,0,train
0.33715390459872707,9.570493169322095,2.5474317166368854,0.05653562381741972,-0.005127299297183682,-0.816323917171666,-0.30200724110879756,-0.6881253383590396,1.1179179640060306,-0.10587983586795875,0.2043227382998998,-0.73647608448327,0.6608211127840331,-0.15200427969001656,0.09631433653550577,0.40626486414554475,-0.7101666467743359,-2.0415636867865317,-1.6678978072734512,0.2740723158235703,-0.8011112321200694,-0.49871449813044566,1.2194442279211444,1.2063062936731954,0,train
1.1903137306230194,7.739456100508777,1.6804625753443736,6.530048036416773,-0.5994164705825704,1.6580226839643855,-1.495640214612537,0.39102167084583583,0.6956416920662145,0.7563731460188261,-0.9570692062767665,-0.6279975084843828,-1.014875959341925,-0.16139843899345643,1.5954682837847416,-0.16038663654552202,-0.07555200848205834,-1.3685053985538935,0.6675594136858714,-0.7105964270656463,-0.4710198081389836,-1.8005681139077494,-1.3485147351171478,-2.035561142273002,0,train
5.499386348418095,3.6870323731928414,7.533044658486694,3.86873460946466,-0.7818620659740088,0.5151501481161914,0.6904503727925172,0.3333447247930245,1.6170640745232097,-1.2492912738848303,0.8869410619941726,1.5841471413161536,-0.124727083027029,0.15645823891028707,-0.23626110974511533,0.5853360961290849,-0.550809736904842,-0.46362568133801774,0.5694929088258245,0.7905619827228042,0.6474427076419208,2.7304237706390997,-0.45190757236282963,-1.537918165568675,0,train
4.714423133539153,4.147683702517232,9.17840743732668,0.8733316038439143,0.17095261984948812,-0.44992929907763857,1.0807424746725933,-0.3554096514953221,1.2937640548612004,-0.5603008849868251,0.4102619239981467,-0.8297946686959012,-1.4187554806034282,0.6749925899412039,-0.5075267005042507,0.1745635735863486,-1.1704799085662707,-0.4964151275183,0.06459352278560086,0.9802651024342253,-0.2702297846163408,-0.17774801835784393,-0.5590482851732288,-1.2205977263110936,0,train
6.847420517232974,0.07930655337160863,8.538499093404827,3.879943868272151,1.7282312723194133,-0.045837708493742704,-0.8768337114685936,-0.6980554555346365,1.4459324675531862,1.6017156742540184,0.7642305191065064,-2.5803611158518205,-1.2190550003743008,-1.1395359818992583,-0.3910428199153411,1.892581807061836,1.5330786241413958,0.7963353296351827,-0.9219233599578623,-1.1587789223215825,-0.43896121484418815,0.8096892580045947,0.12304835665335133,-0.6714710675397759,0,train
3.72719912774643,9.509436121747308,7.167092378384465,0.8917406282392248,-1.3596897347781574,-0.222714613325454,0.10485577257844776,2.48490309895279,-0.756099817854325,0.35565538612144687,-1.463234829276791,-0.3584752443790716,0.05082460710756477,0.41361392511209305,1.0299784690761145,-0.41577598237827496,-0.5652268334228273,0.4807228399856405,1.3934497034170368,0.7722223056621172,0.047597740898210346,-1.3636042434513034,0.5830358313383581,-0.6684149342279093,0,train
8.417234757595292,1.5315917816863611,3.1569344550249823,3.396677615793575,1.304213043780845,-1.8720547336409283,-0.14426556995801998,1.1453261992072377,2.0839410950731683,0.17768424330516366,0.2272497262721427,-0.6075175284131679,-0.9248852024143673,0.0917552714081488,-0.45341066036316263,0.16233532381085175,-1.7280104691078695,-0.23119324861445303,1.5033881035271752,-0.8947564943909097,0.45234675945925995,-0.5339775668182232,0.5118411321534504,-0.36848525417870726,0,train
1.5522909532174223,4.764601222901205,9.854561284679836,7.381886796811811,0.8728960440801985,1.3950151454522075,1.2103921626315644,-1.7728504648288692,-0.18235910121430782,-1.3522833381454218,-0.00888407066941184,-1.4884073919914316,-1.8778438434585634,-0.3333229264885651,-0.01514023248168747,-0.44460580441299435,1.5578206048200693,0.4855583800466684,-0.43365499717345085,0.5904456404421534,0.5714901145805605,1.947144534720819,0.6833039220280429,-0.015817664992484236,0,train
6.684023526278985,1.8200929242500152,2.967336780947339,8.1942640859636,0.4433242787648611,0.6985003093757007,0.7141114135091574,-1.2687620346878976,1.2627338543204358,-2.124445010414354,1.6092387172445906,-1.7861576885576955,1.1591198708627366,0.08284696068615459,-1.173541079828541,0.5637490517030066,0.5239614406573955,0.5139813982251342,-0.5897769675761343,-0.7862616445740617,-1.4667563749161938,0.21011741573352455,0.0829825541798988,-2.0745581933166117,0,train
4.179833994717532,2.6005662311055024,2.17560966419607,4.843935306269181,-1.1300973458249097,2.5603195242008425,-0.44375533889855634,0.3742440696824381,-0.785174583908821,0.3648703942097275,0.5319822011288976,-0.9184245880942915,-1.0830357284352767,1.0530619616138013,-0.3851312486088063,0.8069061367410224,0.776266287626468,0.9600928395611813,1.5992274146213592,0.4220136551866603,0.5282412623217039,-1.217788347757888,0.8494630150351042,1.0658392772609506,0,train
6.903243733249374,3.8599643413954157,9.687451328047565,5.668729810606381,-1.3309412433870391,1.4657920748504891,1.9384414790281557,0.46901453152236505,-0.8499471030488372,0.10514382509229095,0.06491610827180656,-0.9346442014923173,-0.7451844993085711,1.1161859688397118,1.5420465676221027,-0.3792239629568205,-0.6217088625964474,0.357845012491037,-0.10256885200744127,-0.8832274377717846,0.9202797578379904,0.22190575202912685,0.26806953167017383,-1.2667809333011788,1,train
9.134314052348817,9.062392059092367,7.464885093359603,5.213238178038201,-0.936070522142965,-0.13853894337991138,-0.25566255188064335,0.18816819269548726,-0.10945752791501898,0.8844980675264402,-1.2201534816711286,0.7536288417722945,-0.26384488147604795,0.5398867846160713,-1.4666986237925796,2.3115810357062943,0.4844836748113134,-0.05286096116575128,-1.0020709408887456,-0.5022110946381185,-1.1271362049448772,1.1523505010322599,1.045468987690366,1.218111462745348,1,train
3.393138519752065,2.5428359012791377,5.2676603832009885,4.031502661931835,1.1232043084260692,1.491530066301137,0.04871633946576763,-0.2948937419552956,1.0477499817197338,-0.1592715560951932,-2.925356329304388,-2.645263458028366,-0.5289415327990958,0.706908062611939,-0.9670544873067374,1.2287215968370833,0.1014925775991598,1.3055791551162692,-0.7580087127455241,1.4126245884031818,0.7034885255806638,0.039377108746513574,-2.0388249195231203,1.9143604747267176,0,train
8.109654892342707,1.1431577055632647,1.7899049579181137,3.3196261347975966,-0.6191241409182698,-0.03088849975281027,-0.07764674501344129,0.08568251932216857,-1.8111822954183618,-0.6932715679942884,0.25696914140117316,-0.8189485396495196,-0.2506850373764466,0.5059533950212344,-0.1648030279680201,0.15601277740907726,-1.2382719913683566,0.5324921361286423,-0.46069887889708777,-0.044899373514568824,-0.8813227842018926,-0.4636847454504832,-1.2895424826517672,0.39081085416135997,0,train
2.2524273925180003,5.437069182606895,7.242652528159238,8.8521816930502,0.481786313115586,0.4647842724248339,0.8176281343787294,-0.892232922919931,-1.2010817949698958,-1.2107981993031813,0.09967801952555894,1.527954412755769,-1.1841812500258704,-0.15825349747362985,0.24183237390582552,0.8992053067202572,-1.2747152524812753,-0.025223008329649632,-0.16516345863419735,-0.7298503801789511,-0.7139463890044163,0.43835828108335323,-1.326693532635023,-1.668549229808235,0,train
6.334026413378101,5.562234940979546,2.5792703410613136,4.000282908594649,0.7560779814479934,-1.2513163867177743,-0.010368356900401554,1.1238060073977252,0.5795947383426124,-0.6827470967786774,-0.054067401113092314,-0.5599491879510818,1.5561944045728227,0.3068517151900162,-1.8678011783384594,-0.2891243603930699,-0.9478343593433577,-0.02187132516542946,0.33457893509247555,0.13152076665084295,0.09005483579021314,1.2990357837275093,-0.7275169485988866,0.46979698263277103,0,train
8.265567741526814,5.594312258614136,1.9205052645921905,7.706238037373355,1.5169376499349325,-0.09240609575933137,-1.9747683309315778,-0.44034853537843116,1.0337139043172021,-1.4859057835250231,-0.17505079819490849,0.5766839240128027,-0.8690903489278857,0.7584747086042303,0.38583578001843316,-1.9610348040672807,2.233515844134956,-0.2313774370079562,-1.9466956088618406,0.8435557416241608,-0.19044071380988042,-1.3943521285519225,0.39068901754073354,0.5186713639492578,0,train
8.393851674501049,7.585652700350391,6.206612104462139,7.105810034698399,0.8182571345722387,-0.9733358418827612,-0.6412815594914061,-0.16657046083751323,0.4047033066244382,1.408077981812133,0.6787301232485781,-0.6266704091988899,-0.049243457541806236,-0.938621719858684,-0.6348079731601033,0.07436439987139368,-0.2391194676364889,0.1593061874778484,1.3252774511314522,1.1704944046401244,0.8569440021232648,-1.080737800386214,0.5606493619592838,1.011890101883358,1,train
7.326422980888935,2.191161413400382,5.0950023027985,4.712052413480531,-1.1108252328490424,-0.32885048500286496,0.5836722637085429,-0.09276975244907257,0.3384783938085901,0.6732822045200257,-0.641432059446328,-0.050982611507862624,-1.1439961454186245,-1.19884199695417,-0.12048109517047031,-1.166001147981487,-0.54676893935576,0.31421281661412515,-2.362523394305376,-1.065794378460276,-0.02093210347722323,1.07367025467696,0.5147501123569539,0.014209325180395506,0,train
6.158929274340801,0.5391409780412659,9.445378394665337,2.787016653795199,-0.5825348282363945,-0.5893725682747512,1.4246251036264017,-1.007498197695883,-0.8460028356957747,-0.701147485463462,-0.1838907825428671,-0.7739591594541934,0.6636064196526423,0.033568999463218306,0.7077031212407122,1.3426997633886562,-0.24832397972852097,-1.6513913365238035,-0.027711109756221118,0.5669902243289123,0.34712882893644925,-0.0845803105201921,0.57675202032968,-0.01852575537637983,0,train
2.199669111390181,7.2711385117112695,0.0029819863579338968,2.5389727334775323,-0.5486914951931291,0.10158769626557278,0.9411673317221719,-0.13753108412810544,-0.3244534383679125,-0.5363313908998052,-1.1785630901790438,0.8718053289119959,-0.33630737322949866,0.7785357949339392,-0.27249743216681127,0.3888914714481489,0.38389477358713175,1.6925607507701865,-0.9710016671365811,-0.5192277660208853,0.38158580321064445,-0.6894570332983284,0.3389775286316505,2.0949637319538814,0,train
1.2831899695738047,7.9989321846379005,1.662079716918079,9.770537491204344,2.56337024179084,-1.129856383217316,-0.9012636935278627,0.6607500513022309,-2.59602701138533,0.7489338782847055,-0.5405485311274456,0.42964710159797137,-0.9619104547272578,0.47299701728714155,-0.6250665092587381,0.6911630778378269,-0.3191931865615809,-1.9414979988444927,-0.42472619977900045,-0.9083632001195207,0.6459402239083467,-0.13609038439187254,0.4549493217794978,1.3099683488479228,0,train
9.180910061212774,8.719080155633774,2.9212844090239267,5.824078845667428,-0.2167700039192551,-0.8386944589631973,0.503902727989624,2.055570932867711,-1.1118004312862908,0.46261856251570443,1.4650715527022293,1.744407448439052,-0.6348338257948829,1.0856358637462065,1.6864626462619547,-0.7712408681842801,-0.5440742728164909,-1.1110055059120187,-0.6351466823645435,-2.147266471186566,-1.2350987334134138,-0.4260322607336816,1.570056351722987,-0.7005667836752946,0,train
7.2604277715412575,1.9198135113277082,1.5958052533336453,3.789787543385832,-0.2034342907001159,0.9535331989486512,-0.506907930296021,-1.8182295453452582,0.4374238274336698,-0.07485326559335548,-0.4358071086457141,-0.47725187526424906,2.6034654195353375,-0.29609143231535356,-1.076061565504204,-0.4962025068069561,-0.33843572942214223,-0.0696704718906975,1.732823516099648,-0.7661934089077068,-1.737132523240317,1.5293951039268454,0.8443439047160484,0.010032157973782489,0,train
9.135825276757194,5.518976133773652,4.867960215647754,8.141469636758439,-0.702212636843489,0.3765136074246332,0.1292782876142158,-1.2211033199235524,-0.588215396203812,0.27529199809305593,2.786518594733484,-0.31366764810468944,1.0873120605274595,1.4940774730105362,0.28232600527726565,0.32030137888412286,-0.6840517788705349,-1.2632351621622866,0.8821612407751657,-1.728120009069888,1.0818901053238816,-0.019604416052390407,-0.6810857964898578,0.6155822783336982,1,train
0.48507071667055923,4.042992180226359,3.345378453945098,1.0203687569523523,-0.24442746694912584,0.23272126547103242,0.41367571375208056,-0.29801818180135703,-0.36034023316444763,-0.6029271028098048,0.4123723794217865,1.3993259798257702,-0.3873550473295721,0.5885454724744436,-1.7911169764397157,1.219909222657264,-0.2213548100290911,1.5257330758182963,0.48071818693440793,-0.13132661885440738,-0.33343167136731566,1.7994710056670753,0.04507474615613265,-1.3706671241763322,0,train
2.8511527436813813,7.618375443070154,8.580707089494311,4.651689022707803,0.1836498204463255,-0.22470505218270934,0.028134740148119158,0.9748396921240697,0.608250564559487,1.7551741104158172,0.22111001079170764,-1.1354594487113074,0.5171829707856039,1.8462713678525864,-0.33263125146337236,-0.5039375918534768,-0.669639005617492,0.5010289621709062,1.2604992957746937,-0.0323796387049341,-0.8256467366889741,1.837342155946783,1.3160708698851737,0.34204999911708556,1,train
8.041727460667218,7.278124520911744,4.699955976774177,7.47094755801466,-1.1641961805977818,0.3182429741878886,-1.2294065256571935,-0.0262233964026267,0.416991640546857,-0.9009453868662649,-0.19804795969824115,1.022531062021537,-0.031367469707350874,0.2222326919962036,2.242712022888791,0.9734411072788112,-0.1029435794372471,-0.11011901352881832,0.07412768733778771,-2.2287022365088553,0.2787478256788087,-1.4228480529854015,-0.0685227506880479,-0.0310090905628096,1,train
7.876621876183539,1.0729027521390777,1.347251801608823,5.619095060924214,0.20474396933403066,0.305325381257243,-0.8448586045073277,-0.05550070549857342,1.4326087149696705,0.9846063720983806,1.7349866757359276,-0.8726988842084081,0.4716838249617258,-0.7954206145569312,0.38771439756461956,-0.050075354177759414,0.10013106853254157,1.6461500815645123,0.6741481356099206,1.185535495924466,-0.07416241254136618,-0.12912572001661116,-1.1463596636166506,1.6797023573505323,0,train
0.6826856078679933,3.3081376048530773,0.7415706907620856,2.765531056045404,-1.7396552596653432,0.13369431139882207,-1.1251396319651827,0.4110245608405221,1.0955849588978557,-1.1213645166124124,0.594215101864906,-0.3361153999368824,2.1009196276248425,0.5395774125636921,1.4077000572272425,0.36304717042318313,1.061560809800103,0.9033092914900824,0.6726689566118518,-0.6494643423710857,-0.7200907842856038,-0.8621242459019935,0.24324505599374877,-0.03247051082019334,0,train
1.688764679932302,4.761154068001488,0.41487069952327427,8.364958628625395,0.8318774513133309,1.8326473902194573,0.5160621881396467,-0.5200113776951883,0.02060360665485834,0.6089381052447981,0.21110246983761424,0.4127316221905471,0.44276729810354004,0.7974777813033598,-1.0317492008584415,1.091803591452959,0.2718085780582481,-0.22402156101082635,-0.3280622895278486,-2.4663892564388497,0.3461269254490947,-1.0443361576787855,-0.3986100736540562,1.0105312513410574,0,train
2.382378620246677,5.938092655805107,2.661731227758808,9.113115399655424,-2.11527817904993,1.9963220045630325,-0.22044550364519444,-0.9563076724217834,-0.4703891119550325,-0.6662178186995483,0.9368201253716825,1.3377884191147824,-0.9519053171349192,0.19497333407469714,0.34876374050544445,0.6548701126342995,-0.19830651240813837,1.5433947762253677,-1.282643660610448,0.6644999874413444,0.3250433918195312,-0.43649264952973643,-1.6076953113390153,0.32364249471671047,0,train
5.231091260938264,4.661537131150632,7.698463287583972,9.152625588062884,-2.4391527337077723,0.6833706404514903,0.2853389525052387,-0.5339756577919998,1.4619170193059206,-0.6466051931510912,-1.0417955990820573,-1.7393768868623891,-0.33838033669815726,0.6422685424451483,1.866354116446356,0.49919049446875025,0.48925319993481736,0.6137130261006557,0.9096669064680083,3.2316501320617963,0.10121900285310183,0.8370362780998005,1.2831232695141002,-1.3574161400543538,0,train
6.20085854651461,9.671704102400573,0.18236634777198057,4.839095144395003,0.4761364636315083,0.997663511569059,-1.5318832889435592,0.7946117358825612,1.3101018124862098,1.4053332397212988,-0.21615436371456612,-1.6576971043269066,-0.3926209821824053,0.7911805499469741,-1.358068279720868,1.3414523293735483,1.1867219289833644,0.3887791536894505,0.2927239826286371,0.22977798776107694,2.2624269931607133,-0.4699098705485676,0.3386856076503213,-0.2616446898742259,0,train
7.749683948158054,2.811899824470311,1.7840007583684536,1.1736364146448452,-0.24820975071917817,-1.3613796740839663,0.09024476067126805,0.8103740956978938,0.8666996911056404,0.284856081686871,0.1556661335868759,0.16030416494548214,-0.9376610612090254,-0.002771904849152467,-0.9140103872512979,0.14476423525782853,0.5622631614526923,0.8320606654247819,1.4113732955457896,0.4276929769571042,0.04709285602063486,0.38414035309376426,1.4196983917567148,0.310612443722639,0,train
2.4696421111573583,9.332108714339473,9.418460574208117,8.88954364487947,-0.956657886769088,1.7139924292812865,0.7181418872728513,-0.8378955362921563,-0.7749780173975603,-1.4532129807478447,-0.3395560645097142,0.3915266025312739,-0.8744580855358972,-1.127161503978487,0.11374965653569642,0.8536762412572619,-0.9149131332749733,0.13417254688929955,-0.03468918979970651,-1.2460018291279935,0.2763060431515544,-0.6274152768232811,0.015422300723817886,-1.1917622408910284,1,train
4.438674573593049,5.644949971816576,2.5117886428851754,1.689741102859298,-0.22617813375086754,-1.0975118604521326,-1.4535918330367117,0.4851405605541096,-0.4538787304330119,2.610350085703453,-0.447060238235962,0.0933145912877419,0.7106056622636828,0.4915522316851545,1.3150154441774744,-1.7632589330491453,0.047682483847019674,0.47418584124063623,-0.6710726372519187,-0.666854778365496,-1.352045428934443,-0.1360621664935564,0.9934765765520627,-0.9216409561194759,0,train
6.7844772084120395,1.3487249768116116,8.847883566919535,0.9252976918335065,0.31745755619760535,1.7624679724259782,0.5081964532867156,0.6199087918926134,-1.1441638633915168,0.061575186168424494,0.6074267162554692,0.7507541288954404,-1.0581291655122924,-0.012979104971673908,-0.03778677960326218,-0.23653656842324283,-0.7681537822460671,0.09187313326795297,-0.40510267012363815,-0.10824600847465451,-0.7888728155854536,-0.7788037005080455,-0.9997525880254513,-2.501707787708081,0,train
4.185406046332764,1.2128786128043278,5.859262939275055,5.187917813472616,-0.17831281077234049,-1.381483418450784,1.3948698746507917,-0.47845537072036837,0.3903416601519354,-1.7124768784050988,1.6226499519874507,2.102679475558594,-1.018799628098093,0.6698315573747126,-0.8472997913040764,-0.2693697077873609,0.003242855720769175,0.22459219659615592,-0.19780590720769942,-0.19669031746931434,-0.2936858936960553,1.2054980851729749,-1.2609970983301553,0.1263972809399277,0,train
8.298349674717878,9.773862752774644,3.006533242554763,7.328302336785252,1.2667132613971448,-0.6778147229535243,0.2847894264195847,0.8235385042492248,-0.022105151506225294,-0.8305560825981192,-0.13820058585815967,0.4843365983271762,0.4939343788631857,-0.3594273220427338,-0.04614158165428393,-0.05922614477833381,0.5123077497843946,-0.42070611688926896,-2.3123762236554755,0.2818252117999986,-0.6768478374182899,0.9571369950519151,0.7948988784404382,-0.5053304266790403,1,train
0.4174653479667767,3.755231196183612,7.228043044395603,7.967148621448803,1.1260703635224418,-0.4450416759905421,-0.05216476493011779,0.9873708498610398,0.3344258089470095,0.6889632151292192,1.221794566936327,-1.1478869221241241,-1.1554701911036787,0.7229444976547513,0.4279086902052539,0.13514976331515766,2.3400008446823435,1.058285721978336,1.2905189608781764,-0.9122929819858153,-0.5588984272596635,-1.3636842127258038,-0.5504280008149338,-1.2098198892093397,0,train
7.0764830925645,7.5636791584070355,0.6626722085081449,0.8975898696517448,-0.04432249482376099,-0.44196803793433004,0.039191615904622154,-0.789625822472171,-0.6960746943012426,0.5749705354298308,-0.7352616647001796,1.5524387177811083,1.7082752431716801,-0.6339490013356824,-0.1872770991986263,0.16470298638108918,0.2535030789026166,-0.19674376831687057,0.9047732597298586,-0.1733112226815979,-0.2853320178343363,1.3324986470412714,-0.4230640746836333,-0.27950981543284975,0,train
9.578178239723181,6.458003283821582,7.960454927927706,5.5150940611457875,-0.048455572200572866,0.436060028215609,1.013806867408837,-0.36502366384649926,0.14248099317045218,0.41789482746402723,0.5044294504530694,-1.7266128823650493,1.9908616451652903,1.686164236511196,-0.46749474756405096,-0.20997416781990047,-0.34959410137628494,-1.7346137816648575,-0.649659213890742,0.2231949587739727,-0.8853410447235902,-0.7818245425726427,-1.0332308468723557,-0.35843074435765354,1,train
4.832797640968827,6.763624116217223,4.143242826959533,6.056236756068193,1.4815928373255338,1.368954767160237,-0.46174460901118036,-0.16435685248264015,-0.9477591317007086,-1.4377668669586816,0.8672503108696304,-0.26557681552574425,1.0111669418046818,-1.5655842536589848,0.6536214834582379,0.8211357978434936,-0.3158458717237763,-0.5197450876364951,0.24620206174206982,-1.250145183577385,-1.0012360314818485,1.354108354801532,0.1303086828804373,-0.21302194907868574,1,train
2.905544709519118,2.67478476299422,0.08754802726358313,7.563798294502643,-0.05477680566779653,-0.6197206502459195,-0.424583243613722,1.029658575817449,0.679466593355138,-0.2513054502575273,-0.3759563179075606,0.319919969372116,-0.7198019534026426,-0.04123212595115418,-0.5271760604585051,-1.7719000664343625,-0.6936435017667109,-0.3299783070524339,-0.9307760637167478,0.4229238458441031,0.7937133772475978,-1.084101465548032,-1.2173352369158483,-1.3715747623821863,0,train
2.907608286154174,4.6166255206582205,3.672359179704272,1.6392659656201525,-0.2079059131479283,1.1204519377191346,-1.2613143205200474,0.2846952401755583,0.5573706853309658,-1.2906880847499087,0.14861414216283184,1.7504553597214592,-1.7023352535164307,-0.8999858661750147,1.2919593920285686,-0.18718237123118095,0.32306032864157186,0.6368472188128896,-0.04837697266569804,0.8681614984483237,-0.1168800208107328,-0.1482113566985524,-0.60700650507224,-0.21454380252398236,0,train
3.7880626716123866,9.026903285025796,7.669007268586283,4.890302750874552,-2.108808485892373,1.0314721790638388,0.35206867879719567,-0.6963182624225054,-1.8625663651094384,-0.04887891618291534,-1.1082564452121424,-0.3144905497437834,0.1629418108247077,0.7909248079194998,0.6601947524671105,1.1994378392154195,0.34196522273602625,-0.7775272202529868,-0.371739789723706,-2.1230935751159667,-0.4397756439358314,-0.34719042716392184,0.4460843055068296,0.7674103872536302,1,train
5.360501454153472,3.4403932814947025,7.284859276822982,7.66419157109707,0.12210898745094471,1.3547144018496198,-0.399106776557917,0.7618747838769121,0.33605178848086603,-1.2464462717461313,-1.275854958021373,-0.03298026325783461,1.0250041382544042,-1.3302958203337927,0.3612654382097973,0.4832046796608965,0.9055480280184081,1.7642249227792537,-0.1447076349575481,-1.6185571954135736,1.1099670229253675,-0.3681994430622456,1.8070725602402467,1.0686023645214813,0,train
9.575440781369423,0.6258150007636065,0.8925582444986135,7.488000473514962,-0.6351327747504326,-0.08314842964212862,-0.22941995836353415,0.7867524342909509,-0.9835321302114882,1.9659045711874017,-0.25483305828918684,-0.6876814238851467,-0.005770826614248193,1.190384850093831,-0.3686218834710722,-0.17024153957797752,0.7409108086697791,-0.4500305720090574,0.7081068427565059,-0.17600058396928178,-2.11837750006345,0.3613790420317487,-0.3201403270856903,-0.188061844034035,0,train
8.16524511205878,7.075032638340584,9.60348102498812,3.6168466814810865,0.6245552040602907,0.46266934538055204,-1.209144988056305,0.3610262551491436,-0.2821824046028996,1.2254977369773536,1.8478692252542557,2.1202130683495435,-2.546492632832685,-0.14897616125048152,0.6833853999065855,-0.7249833544235487,0.8065758232554575,-0.5447653707486539,-1.1228032587419716,-0.33050992737047025,0.6710129737271182,1.2573004305553088,1.1772456141362582,-0.8941172473984281,1,train
8.99798276306711,3.4632580443534766,9.900301255748932,7.0025885268548915,1.4295099945069951,-0.07833875433259442,-0.47514220950349,-0.7544996716852544,0.7513195889962165,2.068498928339679,-0.27194480524407927,-0.08790898240561244,1.557179021732158,-0.3498442651041773,0.023234912794602585,0.3232654107562269,0.2254908272252261,-0.1879476436189004,-0.48952687344001244,-0.36040885675340784,-0.744534028389529,-0.3134707644184742,-1.0846145649741876,-0.47162261081997137,1,train
1.925085709379698,8.886119298893284,2.319746873652513,0.10646339524971737,0.4618391620505072,0.6408676311163053,0.5285567847604473,-0.11672559587560763,-1.4007170247359515,-0.7153986355169283,1.0981684058091168,-0.528125385952707,1.1047635208650737,-1.0302915562628494,0.41198465768006687,-0.2867738988801161,-0.0883470880702471,0.07792419727901174,-0.1368529314001154,-0.6278978480971329,-0.5644823425877199,-1.400180557239895,-0.29208999817832004,0.312655505778378,0,train
1.3033924327951152,3.032657577076574,2.1116104682477688,7.249747467324729,0.0987056753504605,1.2664476061734455,0.7321266112677249,1.275636371116344,1.3755933817102022,-0.7875602292379298,-1.3904375755674343,-1.388651481140482,-1.0181902305950599,-0.7206999355042337,-0.0037142484071490487,-0.005959382812465207,-2.613698184200624,-0.9148768201057988,-1.4530142735218594,-0.8650267504336743,0.4158138760091205,-0.2552081562847324,1.6176144877694711,0.11079888820241778,0,train
2.9683613899013817,6.332793037607823,9.227513960014168,3.2989740627789566,1.2347143365850874,-1.16970047369915,0.8150287280985444,0.359295693567728,-0.8571710262041065,0.7161473981703013,0.03635298213698883,0.5548009756338348,1.2907965881586518,0.055061037526088805,-1.086887381176095,0.9491647479627816,0.1712733870000229,-0.22405582260031173,0.25303479513487454,0.8683899259445916,-0.3700904345805067,-1.174031419197724,0.3265666333575139,-0.1508133811372256,0,train
9.899046281928713,5.568662995909061,9.347259979593085,3.9165189385402597,0.8471462757718772,-1.6860316228219348,1.0112776002430806,0.7668007710936678,-0.06610055594576605,0.7334393686193516,0.5782270917412454,0.641580559987205,1.1026352391396534,0.4703504382292591,-0.3714180626657492,0.31806962437968983,-0.04823614855488594,-0.6058014172525817,1.4659713264206844,-0.3530553344628392,-0.5176448452552959,2.0356954440527413,-0.768661910201544,-1.2137257266108346,1,train
5.88267093899805,1.769235002431171,2.198666967725834,1.009780580599322,1.0979470723623854,1.4610754642130226,-1.1650067315577486,-0.47575070623188803,0.3365012779448434,0.6616813477483936,-0.027806719140918226,0.03068421870335211,-0.7099911541112899,0.7156294834529223,-1.3281292504821745,0.24902891186828496,-0.027027709407788415,1.2090485714553134,-1.085819001197882,-0.1521539707866418,-0.7172650859300392,-0.3083447052810035,-1.473872992667642,1.2931961496283222,0,train
0.4434135227596592,4.31396789918265,5.682699767501767,5.16856029745798,1.365203918203969,0.8058842804813062,-1.3080769705223403,-0.6158126902999026,1.2461349368588286,-0.6665670216779931,-1.523785240548762,-0.18121740917900753,-0.5310058306717415,0.7078126849257014,-0.6603801337608621,-0.592827797858812,-0.7230018660998033,1.995674289898986,-0.281861167900726,-0.15591081975150237,1.4419552879183226,-0.19332816937070232,1.329094639414389,-0.3633065151984697,0,train
3.1843178894987876,6.0051354695515915,4.5923605328787485,6.371604979577419,-0.7078573715359208,1.127520107293137,-0.6712814017777299,0.3316453453754515,0.7956215543703206,1.9280402135092205,-0.0959568941217788,-0.15976581801774736,1.9106119264111374,1.1920666449103001,-0.6182421118492387,1.0586397283349833,-0.4495120119219918,1.0511886918517084,-0.32580639581811777,-0.39621181986764054,0.5917746394599753,-0.7223972229201925,-0.2333459722337486,-0.08169621843214193,0,train
4.9113759835249615,9.668135166970103,3.1098757341057324,5.129043136924407,0.7522003366128914,1.4054515988501504,0.8563216772598287,-0.7514821136064985,0.8048325667908772,-0.2085296411404025,-0.5169945221418247,0.3769336754778263,0.0023617792542091646,-0.09895948859143747,-1.5715479436946225,1.2305963273547114,0.6670882577767102,-0.8238867405106752,1.2487310781312404,-0.8637812074452111,-2.307155031905467,0.6792975994143573,1.3682830954744356,-0.6834187283396742,0,train
5.7582878445824,9.20686622522913,5.733522758186057,7.135128029379852,0.9972347138412653,-0.8744937315245896,-0.5666914006745967,-1.2755666902100442,-0.7420334880438856,-0.006821222278349808,0.6705117994666661,1.361787514003311,-0.7210350914564232,1.234823610646091,0.9219127183519092,-2.5433746619149344,0.44698748484418804,-0.5288622853630616,-1.598294595712962,1.6490412065429632,-1.4822332520172197,-0.7892911446675306,0.2651987220833595,0.47468472725362115,1,train
4.028884767545256,9.216833587096355,1.2796440754916938,6.00613880432083,0.22121201013846772,1.637445606255505,1.3246416171257187,0.9601753700821279,0.5282490607430501,-1.6358909702789877,0.18827116079776335,-1.3614856879029014,0.28961024649772965,0.4592769469630886,-0.22956841450576265,-0.6772580416585077,1.0588945622232553,-0.7814427566614458,1.9383598767678332,-0.8452324603345714,0.07152473420362199,0.08325346566244027,-0.5807339746456955,0.8940650235261314,0,train
8.241687034365029,7.851723948466183,4.737038461539733,8.306332364304277,-0.9280544761767706,-1.238913284870712,0.9256588762777264,0.5095404856998287,1.1193867472877208,-2.105615279823937,-0.30126203074017643,-1.249112319094705,-0.4169962744314396,-0.9070284646756044,0.46798661506189165,0.7158106085887267,-0.7242703924961162,-0.7572244483595483,0.023797708705025657,-0.2625261330881592,-0.31935515154940414,0.693037013750464,-1.0763073823164873,0.1770477290451202,1,train
5.058061705115266,4.412612197506608,3.8858100491974734,4.583969914767191,0.32561069251641783,1.0359330629736723,-0.7468527608890827,1.4234226405011607,-1.051771227420831,-0.598899149930258,0.09326496625990821,-0.5858966200666,0.27725839135652586,1.724117336042476,-1.1365478457263798,-0.5526341008743784,-1.0762959626907909,1.264498243738092,-0.7413109525338398,1.5273444185191758,1.0804079854978397,-1.1129531488222675,-1.7228290871875884,-0.5826469704622312,0,train
9.026655483405023,7.270045097807438,8.442978166005252,9.66093265639691,-0.2947714116553265,1.1307939970008614,0.19741205047074115,-0.7190516197314055,-1.4296541694231584,-0.2151042826471071,-0.13859576920152553,0.8664335267603402,-1.154125095178181,-0.8096991431557208,0.2757935702956967,-0.6332847546291447,0.3272528457662166,-0.6612179653566691,1.4543659045352801,0.45452380973877077,-0.7875930484235528,0.435627150627473,-1.7513957689476634,-0.9537112358792836,1,train
5.821893317280761,0.20410830942977132,9.505963562642588,3.9284144702050416,-0.4875566234536111,0.0733271773508061,-0.3244075182502708,-0.46787754425425354,1.3136439959525237,-1.321657586485038,-0.010169023723763078,0.15340772878118217,0.5783035417539946,-0.9957581008442564,-0.7155252397436181,0.15964376886654794,-0.17014361513355072,-1.3700744282602553,-2.4275964704763924,-1.1112455655623263,1.2001183727642075,-1.1328378144294187,-1.451688597542223,-0.20017312648974903,0,train
8.027372655100095,9.898028795656904,8.184148543477612,0.07797620916241921,1.018307526991249,1.4981037803863142,1.6596741933755603,-0.20833490213918265,-0.3617102113290994,1.6359221450153731,-0.7100847980323067,-1.7647252800603543,-0.42156899396489544,2.2136442076971914,-1.558647651590742,-0.3954655441293554,-1.7337933214472296,-0.9974164307388855,1.4583549956554298,-1.4278696557327923,-0.04474310976626253,-0.31554798366106224,0.6450883547233572,0.37401444059942357,0,train
5.639196250012313,6.559610839448276,3.214113377598038,6.4839277065293865,-0.42790406462102953,-0.2002764643450376,0.855444919639341,-0.37122458490456317,-0.5409428853949081,0.4706484263969559,0.9225860191922289,0.55428023522592,0.0075453813214990334,-1.421766336019054,1.1540416175838297,0.977072324269803,0.6115833195926149,0.10822794607541603,-2.4495362815504493,-1.2318375572063869,-0.468019190949064,-1.9158106685467915,0.22654605018012564,-1.4112971115730717,1,train
6.937297712698563,5.158817977999506,4.98505457405018,9.377853650414053,-0.6561641581777602,1.1468403656072057,-0.46273556806991434,-0.7644369070530531,-0.21833808727225137,-1.8496351759479897,-1.185415736602274,-0.6153436911773861,1.7973134356013398,1.8165783856369504,0.757451261027576,0.7029892548601357,0.6027619770571723,0.7319007802982954,1.3409523537279042,-1.9492512803464155,0.4237286929776716,-0.26341129326262497,0.15607444199778164,2.7725540121685928,1,train
3.385587919079044,1.3172310780298546,7.035524344873018,6.677748072490907,1.667603492256429,0.1376811599720083,0.5235166915128014,1.3798197489416633,-1.0848246956615117,1.0492320493432865,-1.202453983549662,0.30169618229804346,0.31401567108640605,0.7428172457345359,0.29282089713309534,-0.782673254572827,-1.4801066040505089,1.1885692144260978,-0.4999788617647709,-0.10105504044558196,-0.46819142633462574,0.5083943148237864,1.6772505158871396,0.5162223943346664,0,train
4.357023858605828,9.081699464776152,6.981788806262688,5.3596902839980585,0.6923252676709956,-0.20262224766958403,0.16720385909066982,0.29107351344125526,1.8585446882491599,1.2248360013241035,1.909711620714185,0.839122593527936,-0.1781913367240451,0.5759710253230104,0.6705866723837988,1.3758699388692195,0.7011101611283203,0.025349297737193167,1.398231247359645,-0.5115263019533917,1.3016161787573308,-0.7285380511562,-0.17869837809229122,0.20050860160100611,1,train
3.992893131195898,1.997668504300255,4.851497852976672,5.543726316661734,0.5255259699445055,1.7700732354387125,-0.011977263606137115,-0.8139945175203558,0.313113731505774,-0.9412051423281741,1.196511516430721,0.5305288471471229,-0.2600096448646481,-1.6215669868885678,0.17608552266956504,-0.3358492560131139,1.5424704474657975,-1.2544233416248274,0.3970631440767577,-2.1507672016564623,1.1732770520307354,-0.7724183881938613,-0.13186557092763157,1.61469514108466,0,train
5.9695326770926265,8.987467760362748,3.737710914522326,3.4068803911845045,-1.6609597665645224,1.0390533331400462,-0.9236182244839056,0.3225443684141434,-0.5505786358557357,0.7294076228887119,0.13981607329898774,1.4417151143777798,-0.31477851964581893,-0.846299728112091,1.3370500164143397,-0.1150977682824729,1.2558236701587076,1.304034322581699,0.4050881660062752,0.02540529012449866,0.5999061137324304,-0.006655085130325605,0.24503009025993708,-1.1934117556063504,0,train
8.179318529338703,0.7976852497267428,8.321611772733661,3.9604457893444978,0.2589334271787978,-0.33759901752411375,0.25780632590571667,-0.7695876090338406,-0.4391393959131535,-2.4955527693365585,0.36364224546792573,-0.44111342266249187,-0.6274231590624058,1.0790333471153888,-0.02935545767686301,-0.8597922957695961,-0.4733680217634787,-0.06773902515700923,0.07000567642855778,1.457294119709693,-0.0228748149462343,-0.23875819867108128,0.5613252556134598,-1.1067799424086906,0,train
4.170581199382941,8.747869165303003,2.2595221489613095,0.9891488423061012,1.4407953589860258,-0.811881862216995,0.6164272449026161,-0.7264134065032742,-0.12337345032823084,0.46366334248434377,1.0277800863677249,0.06810392061317347,0.2688238531113272,-1.6270985527725603,-0.1792659076068566,1.0042980237630845,-0.18336865096514054,-0.6573346766599958,-0.07124079462099514,1.9607274842071212,1.1573674413142725,-0.1744656698479863,0.5394301652926073,0.3439415938501618,0,train
1.3639187246476236,9.482801358806844,9.172000171657563,2.710799762962197,0.007873699147802154,-0.5911942942558407,0.0031340489558057435,2.3056896146220636,-0.4026750227513515,1.0307834476728124,0.7142248311293925,0.686468423321588,-0.5758934359641594,-0.42368059203619374,-0.8004844533151505,0.6141201765487079,1.3384409510731492,0.12325982188902013,-1.2241880558335267,0.31915972815943827,1.4464738518003255,2.103222720205764,2.332664566407424,0.5370468344725109,1,train
0.9970341498912927,1.8250127108646508,9.240746882129503,1.793313014748068,0.09461239246594876,-0.421205346918117,1.2890015492082278,1.4508944269959245,1.4818016732332957,0.5638943270974516,1.0034995661930857,-0.3408164317305412,-0.7427265014980461,-0.38359492713682797,-0.7018016581203326,0.005123751099996415,1.014393247413383,0.04733434858022239,-0.08106666653571361,-0.08985799276209447,-0.286661445047538,-0.29667948988523823,-1.5730833232393853,-0.5614660067847814,0,train
9.784379020029673,8.783248503692505,2.2678178295015528,0.7294769779685473,-0.21043713061401662,1.1627871643889207,-1.0470359325882705,-1.7811331233830816,0.9317761803644862,0.9502084180859891,0.9127245712610709,-0.35854978105831037,-0.313360639406624,3.420828509988793,1.2472924480393903,-0.43304252219217193,-1.1749207899874636,-0.983184916544847,-1.5175790662211956,-0.5131049727380553,-0.5399116360301067,-0.7512853918679214,-0.17522224089739694,-2.116055870037387,0,train
2.9599868436264476,6.455830221387037,5.276361311526273,1.3746734639697145,-0.24480093272067402,2.603677166512797,-1.3029621166231968,0.7833277159934797,-0.7263767905905385,-0.22442063732071074,-1.1511234263670571,2.8364127748963304,0.7251707565314155,-0.4339654213115386,-1.5036671337154182,0.05157141606533838,0.08745003210104389,0.4218898440722154,-0.622886447514829,-0.46787538832184794,0.09911837246317885,0.32564433321551917,0.23099345481558975,0.6241906817762886,0,train
4.1612619696616875,9.443119387736274,1.793286759967363,9.242983684201427,-0.06358494964100476,1.621686244716763,-0.9854481334023055,-0.10522268904667513,-0.2087242819259361,0.5215580555282714,-0.3301896700149763,-0.6488784549277147,-3.317473438940171,-1.1572401236954748,0.60371168234488,0.596042629672237,0.03167469652275194,-0.08799233374673185,0.035299649136056356,-0.1231082337394279,0.5042916484120463,0.17717494725219507,-0.7281651626433148,-0.3536820181404286,0,train
0.24006834725383008,2.454499206074173,1.359045864739421,6.585669695029274,1.2807297858802291,-1.2359534188112065,0.5555128299421798,0.5973472103572344,-0.1777236515362936,1.0616586353015702,0.5168771361404582,-1.0676174048628657,0.22445329334903555,-0.7083294109155015,1.0785541421567935,-1.549921570984391,-0.05770878695546094,0.13759053981747957,0.25952152125896655,-0.05705862876819758,0.9076528537304419,1.5508062711512436,-1.1496220581947392,-0.15232219602608424,0,train
0.05658820896594752,2.9553125178970796,3.6157194905597234,1.7051230671661433,0.648338173793525,0.9770060001966596,0.15923983850530035,-0.09256103299894225,-0.3668208184859289,-1.0358848839650323,-0.5358203548196075,0.9891871964051845,0.8296376226977505,0.35787203321067923,-0.11290347516228882,1.0110001497265644,-0.24556626399025744,-0.8671474261923832,1.421598629650545,-3.251598122615529,1.0482827086280098,0.30725638651367926,-0.7256684380210409,-1.0944249998862068,0,train
8.695333809866982,6.161776266945039,4.691911957640912,7.348410843578781,0.7899140752141417,0.567539346370299,-1.6421352818553432,-0.4200524564124152,0.49748913739859607,2.0809852702675333,-0.4493089268627968,-1.402168156208736,-0.8624076906708217,-0.031954809372809534,-0.13081511462940404,0.08082749552326521,-0.14010348718086024,0.17090499680088603,-0.29393008282859384,-0.18858609578854782,0.2028742029818719,0.8364792676053318,-1.324935113972433,1.42793439632449,1,train
5.439896803929027,5.376792041780165,8.902439738354373,1.4795149124075901,0.8521688273611244,-0.22446470596053913,0.6572579810656907,-1.3035338339211893,-0.11276065554118846,-0.40404712643111285,-2.611413628402578,1.0722323464217012,-0.33884393974791094,0.6347362237644675,-0.585839563912616,0.7949171086978047,1.4721508175333737,-0.8704956620904689,0.41079077242712253,1.1975706426723922,0.19263485719895218,-0.7143749888472423,-0.4585083794219457,1.1473851256519823,0,train
9.557959737934695,5.33376817211479,3.567269738467095,6.664636548743621,-0.053550515068547556,0.3362866483979029,-0.8060953005008862,-1.5354291586795028,-0.4446164105165643,-0.9914084327875052,0.3243458704096539,1.3934019841873877,1.5447063312264468,-0.12684796689511899,-0.461517736101366,1.5244911204302067,-0.10677165407931241,1.022430862167329,1.3823251375108647,-0.7744125360143229,0.06229802785639482,-0.19438030418117744,0.25507531936420214,-1.0589090184733099,1,train
8.61384283557962,6.846796630217119,1.6682963293179853,9.097595974208541,-0.6126694392823583,-1.9198701562054954,-0.4845816591680995,-0.031551326704560435,-0.5637570508220309,-0.6118542936912331,0.9543212752817414,0.47255458223846675,-0.01908930015242345,1.661836898938276,1.328053324235634,0.4166151341304985,-0.9185748901809823,-0.26152685120380986,-1.7889409887362344,0.1432706778864969,1.3140295818876453,-1.257203383455557,0.34189698320794154,0.2856241767302826,0,train
7.237771514371003,9.074742668286333,8.842178579568397,5.273412247379414,0.0996997723667603,0.1092572205413523,1.8460130183079377,0.6326893341413523,0.171535558908142,0.07400297417132269,0.8546127081040598,-0.10298191763932357,-0.8803143970970028,1.062537904715443,0.4878730109880428,-1.1128502375144995,0.3123082008080628,-0.6037098248625687,0.9015209639835474,-0.30656178965778735,-0.9131982330878908,-0.6415971791400583,-1.3045687616231456,2.455809950813218,1,train
7.094025333819732,5.369089995964247,2.783260089449314,6.500404738221963,0.14689722725714083,-0.5746357027115926,0.2261422392582911,0.08926667140399133,1.0406486698322555,-0.7738888588073554,-0.017215735596517536,-0.625185147953658,-0.4529604187718229,-0.41987090409325073,0.5544976387876632,1.1384705997547877,-0.8410742281423594,-1.0551337509141652,-0.6167915929772433,0.382294220807009,1.3540929979054797,-0.763836100739581,0.0006825654293689921,0.03363244238547414,0,train
2.599580790968293,5.204874271576173,7.277277350155227,9.998952242901568,2.273247341559789,-0.007745376865589487,0.1509716418324164,-1.263126395571813,0.7228312278077778,-0.21750346412043464,0.2881239191617276,0.9860578619717038,0.6739833934851178,0.9347466230172603,0.3315469719267731,-0.3662818300806085,-1.8245320860355565,1.126781800312544,0.2797091742206404,1.1547518441578255,-0.04116093983339336,1.4488590003453252,-1.2632707588541798,-0.7034756181114247,0,train
7.590400418282265,5.486382678761792,9.529767527361217,7.42727926688808,0.39383252184533624,-0.18033065104718773,-1.7889709042448794,-0.7869244031528386,-0.8416917693483968,0.6202876677899216,0.7336065399994488,0.48930581341077406,-0.6318626214629969,-0.5981802466288096,0.07394616809469957,0.352583478268134,0.2590259801658745,-0.36580488558959234,-0.026257996069318397,-0.5096627682026028,0.5259422530810348,1.0191831067416426,-0.7280847433356046,-1.2563887893229024,1,train
8.699830107443336,1.6734569496494234,8.421969894775588,7.384373693359343,-1.2338706672507311,0.30430354819986083,-1.0882999409977472,0.7752371219678598,-0.6379746353860889,0.8557811981431953,0.36344254618891864,1.8975798604870886,-0.8356155178569816,-0.7718203885527528,0.9865385536468934,0.8242005323119135,1.255411703254337,0.7045709662814741,1.287403892213137,0.7187149326202155,0.10835263648992574,0.35219192903252233,0.45171687620859796,-2.3941079746512064,1,train
3.3951694028339263,9.054875699683775,9.429351676670185,0.8102918332454256,-1.2483892979680928,0.35745730131647563,1.7560562345436492,-0.8258472129817068,0.5449619974684635,-1.4165493998550034,-0.5118633779366434,-0.9778414644005275,-0.07575349253576322,-0.12330069301245908,-1.2501415043660884,-0.47270152345717614,0.7942931305224307,-1.9020304851486078,-0.21205535112118198,0.183099763753603,-0.5781005686686601,-1.634704954812146,-0.39905200357088627,0.19047070778707872,0,train
7.422982748863967,4.4733223185133655,1.4046281966982266,2.1928989946751667,0.7351298347646613,-0.24879393536941963,-0.25541301599318084,-2.244437088320426,0.9428341435456883,-0.8060274697682219,-0.08491369149646015,-0.007403043949348487,-0.17061575749144267,0.8832870420271147,0.7214674387344331,1.3058806458189942,0.8267421603387068,0.6240823453676714,-0.3024561955760411,0.8328734786178423,-1.1829349855688116,-0.1971841679592937,0.7304459804366898,1.7071509216516705,0,train
3.0988918190636383,6.3801900438721315,4.928012327454603,6.271756225698692,0.24361629740843424,0.775666453161936,-0.4574572433962179,-0.18059514010703753,-1.4493191960547924,-1.597298314957729,-0.2719699601542671,0.06988840495589571,1.249895981594383,0.9036390842416725,0.1924545903101402,0.8913834170453968,-2.0499955044579528,-0.6029942955093911,0.0896403406834946,-1.0459525444541093,1.5401671723432968,0.6952436139664353,-0.5349807808400219,1.8788960690511145,0,train
6.434121611340964,8.083668027286636,1.6615371878761886,9.622367166864151,-2.4380474279678066,-0.7593964414104213,-0.7872045448335245,0.3676974048917323,1.2847628810299931,-1.3558923705524988,1.4134629708905913,-1.4740675463972193,1.4155037287181336,2.2527328741008987,0.7365459685777339,1.8622826518717794,0.7729921988337104,-0.5080058338452057,-0.769409854526883,0.4832213652111975,1.3839380418680167,-0.6233211981792213,1.7510071486533454,1.4991307050109564,0,train
0.6334647080579869,5.661444709244266,1.2965819545357227,0.9633245659833711,1.044425633324066,0.47487920353832075,0.3211163632011627,-1.7266184659436485,-0.6120959981127859,-0.36457490030533224,0.20040692354244394,0.011497635463462495,0.2614582282220745,0.19237372023907068,0.2825054982452286,1.3529858152676892,0.4942673322241091,0.3225621983472461,-1.5536938999551553,-0.1598266753626751,-0.757596841915263,-0.9948692143452886,-2.7604986505682843,1.1854206890381902,0,train
2.8349329310557634,8.93486314646119,5.0114340858304,7.511814507815862,-1.3269748185786658,0.6159889247839142,0.3231050305677445,-0.8506471942204921,-0.6228131844991001,0.3754805632810462,-0.31624614406148854,1.6231125419009074,-1.4592078186885806,0.45541164439096116,-2.3916681760366165,-1.008775433085115,0.8334845676186036,-0.8669081338718533,1.6918297882171731,-0.1667643588120764,-0.7080867908969637,0.6953066416371131,0.5716221569719043,0.04782173935334111,1,train
9.848973808664352,9.23948611972779,3.4263962835092276,4.138475466856974,-0.29094227656299476,0.8947847878833908,-0.8441970516524835,-0.32404863200844075,-0.24313504731167457,-0.4544384522572049,-0.4111246146274528,-0.26572620020041426,-0.28424945979030913,1.5633703908399819,-0.22705372733535034,1.140455954313319,-0.5995647583003414,0.45843081786659073,1.445702472738736,0.9754101945669066,0.009828904997273794,-0.9366876972023429,0.727396857745197,-0.9432089239341519,0,train
0.6067112321190982,6.081888754830772,9.241243195236216,7.402161484095926,-1.9906060530505914,0.9913372421976149,-2.007690971058077,1.2856628767131382,0.9228211141744612,1.5827462027649815,0.3658829018898301,0.33384653420244176,-0.019851758644751267,-0.6508017016132017,-0.726305403985055,-0.5799312515238052,-1.210202696404871,-0.3765721839009078,-0.6823586048264569,-0.23218574692798397,0.9480021562485327,-0.1800519379613847,-0.13197196316216955,-1.0541587919973956,0,train
9.551973040312893,4.507141431888155,6.342188824010833,8.962499441183063,-0.3124634438887887,0.7543026442156276,0.40112498532621454,0.44839864517398836,1.6339834705097571,-1.024976689873878,-0.738277100669531,-0.2260952573105832,0.24554660998774108,1.8734429236623718,1.524385002522605,-0.5398543143123491,-0.8678694311113025,0.21399063527474024,1.557332573605181,-0.35992232946760117,0.4080545960518165,-0.2729975007463729,-0.11087420099501384,-1.235526467113712,1,train
8.122199723774294,1.5064579942687706,7.843128673012931,1.367620012712104,-0.5315768525763572,-0.5697088685016538,-0.21814697405182362,0.19088073527314203,-2.0878608623177812,0.007785252365543707,-1.9478973640902177,1.1021461301832804,-0.8101373426218881,0.922538662652712,1.436076343251627,0.2968883345698676,0.997304228905502,-1.5330024739139607,-0.2934926348056,-1.5556147460383767,-0.14803991807770236,1.2827222695927964,0.5940362955669066,1.1735651426947957,0,train
3.1095247440592533,6.20849959486935,6.787025901493612,2.830858398870949,0.5352783641159237,0.3379825014418409,-0.8597254830924131,0.3063023474681646,0.4327175915728304,-1.9877964717967405,-1.7981740003384412,-1.5452372340626643,-0.4837941153415287,-0.8569026367064411,-1.5660402053585643,0.824952752346063,0.4213501974173848,-0.16752736725238945,-0.4833569313572705,-0.7794672453623464,0.161332252266745,-2.415166641633977,-0.17506286347499847,-0.3931161037875979,0,train
3.596026115960016,4.987113062267744,5.6517492797758795,9.669093781400878,-1.642881245289955,-0.8273113730756672,-1.5187070021825737,1.9378624781935696,2.2234476601970465,-0.7174884830030839,-1.2288718079719911,-2.520505655648746,0.18901602605588294,-0.4666294265453295,0.8625167183952274,1.1015526137512928,-0.0421510820999612,-0.0030916115587197937,0.3848403685966787,-0.23525280247988933,-0.1330304973575561,-0.11517672262782705,0.4956410039751233,1.1727354361439855,0,train
2.357240971943233,7.065682616073765,2.642446809294854,1.5317914532671961,0.6799609668433044,0.5900851348593412,0.27366805278584216,0.7205354619207834,-1.4433368721918163,-1.5764062812497985,0.3013450084966197,0.32349430231730775,0.4472233238044388,0.5107221681548384,-0.7163594866722117,0.5559053430897924,-0.08463969989261141,-0.8405277737605331,-1.0060719333481152,-0.2356334731546474,1.2683613403598817,-0.10625307245888357,0.8132223426342502,0.372335556242427,0,train
3.281774127743243,1.513557641823411,1.1897786051887405,0.8808393604946374,0.2169417772428069,-2.341950003443543,0.8268012171822117,-0.6846733370819547,1.4766703410385145,0.18682849761732317,0.1632436199794669,1.755878852293459,0.676124666350019,-0.781458078153419,-0.11321524294987467,-0.15299784800264557,0.97876251876333,0.5280119710975,-0.5031072019534459,0.7190210501280567,2.3216192441964654,0.56403582607592,1.6344935536700795,0.478816435751905,0,train
3.2250030988766873,8.546018254872646,2.8153372907678276,6.877284414974435,1.9237720167823373,-1.0577133156966607,0.5730813821446515,0.010539915875011182,0.5114186445674226,0.5294791556158074,-0.1983896149021262,-0.7022674925926308,0.36640040465071727,0.6776981447520827,0.3237397175269792,-0.8052711475348994,-2.2445529828997013,0.24888166256072608,0.22142928165612527,-1.846301009752584,0.857418653261058,-0.3752849722198169,-0.3375415075654813,0.23834336646552096,1,train
9.704075820654074,9.737195707689883,0.9356125389042758,1.100715817134813,-1.5459386040062524,0.4293900180050239,1.462873919303164,0.29222275956060517,-1.2562915156013164,-0.2713125786461903,0.30823216755611876,1.3896173982431992,0.5803183021560595,0.3245885043453218,-1.0398487505205118,-0.5721429149505598,-0.9122178555698517,0.4912315276960961,0.7125908725640394,-0.8667989770583638,0.6789599942397251,-2.411523020598218,0.6677819564635151,0.15477371017859282,0,train
9.450855249667004,6.565967779945688,3.1451908967597717,4.735298986215325,-1.012878271892719,1.3012601217766215,-0.8005270876085969,-0.6163750030264499,0.4988750684891647,-0.34802584703373257,-0.35739550273345266,-0.29768151780263513,1.4898153095115148,-0.2717509163718315,0.6962822098424697,-0.040752847956520025,1.5389758594644152,-0.13453171355165625,-1.7773909939667665,0.25456382463543037,-0.5447905987914023,0.5417631066963888,-1.209569389287494,0.08860391798937524,0,train
5.412551275329982,6.826142617791958,8.223464406241662,7.610050323248955,1.4269324015902807,-0.5496987571752144,0.02990689451766981,-0.9491239654723103,-0.4829014410755788,1.0368377122472159,0.36979580332419903,-1.6565093548533696,-0.0791462867386641,0.8401194504041877,0.57378338847522,-0.17443609583012692,-0.7803684689745026,-0.33859217020000876,-1.643348441658582,-0.5634380771749893,-1.0073188979727903,-0.6178023852795572,1.0398306469146938,-0.9513522137218785,1,train
1.6601847132831749,0.4899247334228729,6.748869386901973,4.072156032182457,0.03437840417860793,0.04581219738603263,-0.0695268969501011,0.9551174362246136,-0.05439593067031695,-0.8650098681683077,1.1536194857101203,1.5038221584265203,-0.7027823581969402,-0.5666347226461611,1.619271188795434,1.5158084301117187,-0.038355638112999,-0.038067479254690985,1.4106215828325128,1.3587870856843318,-2.0730648323961725,0.7316910084280687,-0.4558022333761526,-0.738262869424828,0,train
2.00488092664087,1.5127401214790348,5.4354082992820825,9.361163931394758,0.9482204177808352,-0.5465995756596963,1.8155183985345984,-0.45023583694362174,-0.11598884415202819,-1.786804538648403,-1.1088676546326188,-0.2747363601459545,-0.851550401570733,0.4769752704401563,-1.447947177392935,-1.1988299967551008,0.6415496118248849,-0.6863011528781229,-1.4990170012051054,-1.0801392075309502,0.9980342521237203,0.5545309192335425,-0.9609925952023506,1.0367511087730596,0,train
8.511693973268361,5.034131874580666,6.266845438709543,9.646539195629625,-0.05873993713216434,-1.5122414925181185,-0.3081158325355168,1.231295358570844,0.5238998934337787,0.3364584094901968,0.07579685429610519,-3.57671396381874,-0.6845100183639191,1.2595823190231357,1.0076275095847285,-0.8216605916852835,0.06276374739635335,-0.9327518650992681,-1.327374263450293,-1.5079069716752334,-0.03145963330731525,0.9305934612949603,1.4985620141911449,0.07954500074957732,1,train
0.9955001105972106,1.2995043176915089,2.9411914413750795,5.094762755929324,-1.8256562070060949,2.2629895974781924,-2.237949067813267,-1.5140841588519536,0.8350381868701039,0.2122624155160067,1.167933287800852,-0.2964992341481077,-0.6635069811409338,0.009011941792246392,-2.8565862223063307,-2.494362897143675,-0.14721983250577964,0.17171722155205446,-0.7958540413069449,0.32490822876698267,-0.5790753676116719,1.6922336049855098,-0.5325048658124208,-1.6575830754957828,0,train
1.6822577477716938,1.051921052214313,8.790759342549956,8.517394968543277,-1.100037572518597,0.6373382866133064,0.0904666032744873,0.24432778307221661,-1.227298232494056,0.2996232853489246,-0.1563225993272085,0.3248389360954272,0.6765555082723742,0.46155833810208724,0.7981367798007528,-1.6906589496059894,-0.2932868284798616,0.7012034047005109,0.5531166535058459,0.5473553018970777,-0.7120034802458586,0.2012619606238791,-1.7870522739710024,-0.9526758853236955,0,train
5.970132537457968,9.311703328543228,7.043065134220048,2.6963572497465647,0.46065368220411446,-0.6170403567732128,0.14331197499704365,-1.061600150116063,1.094734528862885,-0.12714419338032754,-1.0628985694382602,-0.8908509038580795,-0.07736209581178831,-0.8109985867103676,-1.0675826763484753,0.17056905593032354,0.46695179781870244,0.956618766461247,1.3018268038832055,-0.21086097472241197,1.4670169245405176,-0.24078636957494354,-1.3575426816814669,1.2863688240676685,1,train
8.296932517851737,8.616363351812097,2.512547788467556,0.5634601090271596,0.7151097440947319,-0.4338595712791313,-0.08324220947968398,-1.1673352945815119,1.337089065148449,0.06883984794033246,0.4102873964536214,-0.7668561261590469,-1.7041749592694106,-0.38346288023241615,-0.8588012337528078,-1.3299783266666925,0.9694071648757544,0.41551571765910217,-1.3759237737402366,-0.38196543788901455,0.5972376361637581,1.5120115863645855,0.2168860014323083,1.2985617226673365,0,train
5.950082254528368,7.484586844502291,7.878004222881318,2.8363961730183562,-0.30710729371626927,0.8054581778252314,0.12143784402800416,0.08700293765997999,-1.0170663282070924,-0.07245204569479596,0.9459857218952213,1.7100456876710814,1.9053201551346362,-1.444431544177488,-0.14089125997744675,-0.17759744053380658,0.7689316050768074,-2.2986457579637225,1.0161523782062136,-1.7052585337744448,-1.2149357049725855,1.223880676228671,1.334235797854308,2.2251229008207782,1,train
0.6969517894100707,6.430056872046621,6.951701036731955,3.0082132169200837,-0.7302582002097461,1.67490602535615,0.6133785319708505,0.09697502885275143,2.3225310493329334,-0.842495493369278,1.5293560830487782,-0.20340028525312712,1.16665352283791,-0.24072119700083516,-0.6640856723565364,0.5153063851880292,0.6031294723373756,-0.21279069767736383,0.12017764569598287,-0.108932428186225,-1.2335071650269824,-0.161072884581217,-1.3646688897369241,-1.2492239368347946,0,train
7.345196045687366,9.35962052882829,2.7095731173062454,9.416611322557541,-0.5311841095155602,-0.5790567786090864,-1.406389417204026,0.37496309846572684,-1.5454071707484367,1.074218327334814,0.6862802418586437,0.5286773697457712,1.358687484404782,0.43131708076781505,0.891054560296615,1.533128981708029,0.6870574044814183,0.6040372150088806,0.7430242790199666,-1.424624501335567,0.21604031871869106,-0.38123418534354697,-0.07361168932847244,-0.25868355929518777,1,train
2.1042128177221544,4.651806603957659,6.18169341338046,5.50788556909527,-0.29074295761941205,0.5699249258960953,-1.6431174395754395,-0.21180901634347502,1.115096853350036,-1.3434137356449916,0.690084651235371,-0.26969351618398146,0.0303874653550659,1.767185372868256,-0.12339478755821237,0.1339907785119998,-0.8264539074019466,0.40862295691479233,-0.6834753290598851,-0.5560729394462965,0.02962215673739767,-0.005199416381084767,1.4385349477466844,-0.258035595335043,0,train
6.956922659194532,0.3000481603838101,2.603789426894094,1.6457262334326306,-2.600865269679587,0.7741823296966243,-0.4004889057068568,0.9442122836054866,-0.2779709190436766,2.378992509149371,-0.37225452888916205,1.113378739446114,0.05190345045967765,-0.05211558523050642,-2.1085610076090036,0.28397253944602213,-0.252731692544842,0.523505325373731,1.3732700387617742,0.025229351597566382,0.16085183240790196,1.0762711874206268,-0.37949136363325814,2.668759812532008,0,train
7.346304366354537,9.671598625938056,0.2647436692299765,0.1136298740380437,0.6203195752870114,-0.2053556560771252,-1.1760102360131817,-0.010003003514659057,0.5118900370480475,0.6658868638783618,1.2943788110289196,-1.6600327448505,0.620727382644053,0.7407844695312991,0.004840360189603493,0.2581571890248237,0.7057620918549783,-0.800898672416333,-0.9290156201536574,1.6806363682796022,-1.2477601184670162,0.2587960806380774,0.6888860155203967,-1.052788838063405,0,train
5.486515413363605,9.268915638284275,1.8778169661620836,4.114512785144174,-0.20591053543438131,2.5059495728591124,-0.7361721803259886,1.543812562494808,0.006355359904975708,0.28449981142830333,-1.887994015684998,0.8057698760229565,0.36542297551622455,-1.4492458042333867,-1.309180850685043,0.017214700501435098,-0.140199833378356,-1.3036561202308576,-0.8373638202576835,1.3669897445374262,0.157811361142992,0.5813114786382988,1.4036445923373118,1.5103097727547947,0,train
6.1981417882810455,6.951472950360342,2.808330636765437,8.945283089508939,0.3449170102722848,0.34287242639248716,-1.3208972293796228,-0.1540914489008939,1.053661318330452,0.8488472567166886,-1.6782029747427143,-0.07571372031261554,-0.6285352032036556,1.1444700324886747,-1.0691420979517698,-0.08532278126003391,-0.57871682133946,0.2060775258397342,1.2333188717859684,-2.0526314378619057,-0.8089738818664811,-0.11331876351040017,0.16077491351351872,0.20506136847653256,1,train
3.823669405858805,8.164914045710246,3.117331608441151,6.906143862066793,-0.3758115023779356,0.13789841572682435,-1.0295703853641163,-0.4870027206783663,1.090684785215263,0.05438182205552449,-0.18566678555765356,0.06563316817876319,0.9122608794221738,-0.2856559676950111,-1.870354711486007,0.8189560920474533,0.0247047536077919,-0.3910305224702056,0.293364578155859,0.8015252481415703,-0.6064763750464454,-0.6130418630855691,-1.25643545952737,-0.6158877210043651,1,train
7.173908259950636,1.1197044939019551,2.431278164565681,8.366157473104437,0.18453413487881298,-1.6108002906437773,-0.003567097470444195,0.5275905456391229,-1.4465075334781103,-1.581994586519188,-2.2227206104532646,0.6667925968932745,0.07229282826130358,0.23421970714110002,-0.6294922641747996,-0.4442194429555305,-0.22504706689541124,-0.16360263865466218,-0.29136793229849584,1.9941659526867552,-0.03086847268681732,1.2675060903398097,-0.3491547793590932,0.28127413566278475,0,train
8.576966469075366,5.392799058249683,1.1599743242633465,3.779497062910991,-1.1983178278511737,-0.6878032860341788,0.5036296318679535,-0.2994258881000323,-0.915978082952911,0.3204521766628005,1.9834268053087234,0.7502550431726228,-0.628010932884917,-0.12179286117826774,0.31271408172030707,0.042655855194522925,-1.1451136921222156,-0.8643350299679118,-0.369099369393551,0.5167989297594018,-1.7652967958567787,-0.48742580731496477,-1.171971127780752,0.26597619069804057,0,train
1.593660876856382,0.8676559387610339,3.4270523841782428,8.765079058528007,-0.9218477227110445,3.223110610062575,1.86442770775597,0.5531160790456029,0.9254166593329485,0.16365897224193765,0.45470791006194794,-0.46895531492156056,-1.1089119989971248,-0.7534335617940742,1.7626786920306001,-0.25902492490733886,-0.5739257329096742,-0.3244329510625806,0.8226306743413694,-1.2149450845686538,-1.6375287504878568,1.948760164275741,-0.18718578814971631,-0.9744147668002265,0,train
8.416605623066015,5.822733664143723,2.000633172081222,8.765245490105988,1.3880780483509436,-1.2865816456269463,-0.540673167217504,0.4510217887323167,-1.6569957524123695,1.5534178510590448,-0.6312958385610723,-0.3123495445054352,0.27874007198051476,-1.2926732095918834,-0.16130174288832544,0.14961072676289702,1.015093891465996,1.1687589294308762,-0.275612910112668,-1.8305889850844184,0.7285036049596086,0.12431455124621392,-0.23483715300310315,-0.03662442883489423,0,train
8.781166878673405,9.308027622701312,7.183674046845434,3.9087856695515875,0.8012713013521492,0.9783754237338077,0.9605093121711687,-0.17868310575399468,-0.8628940700919968,1.5055667610899766,-0.06850536090066202,-0.18972496580155349,0.04944348531809102,1.1651436555500116,-0.15793366900984704,0.5560451244439043,-1.051112889544543,-0.2982797700586193,-0.17040990519028587,1.0144523940223535,-1.1020159678240449,-0.5402644713552455,0.055508293808303404,-1.3642210073441376,1,train
5.265885543414431,0.27514735845337257,7.471035918626194,2.9541576877196487,-2.122972773992572,-0.7865084105405933,1.3699322173996142,-2.517515189105148,-0.22427083389797867,0.11809091022698229,0.1905567061653014,-0.6794790991401043,1.270877712689136,2.313704921040342,2.4066401184116404,-0.12398768237753216,-1.1400987255006219,-0.143741443863039,-1.9576959755157668,0.7532577944912001,-0.5442605481168682,-2.1214377745505044,-0.9171027008054307,1.4124518429395991,0,train
9.6162643741784,5.925061715939398,6.9744790268844925,7.222180652798359,-1.190061047736453,1.7302491928126529,-0.8575616673669867,0.4257842746134479,-1.5354298299711664,-0.670495999760459,0.24686263835120553,0.1543789737640637,1.6886527324293372,1.4099504687258022,0.7697556725190092,0.9105680491963453,-0.6348951456361022,-1.2838095371568956,1.1101589384550326,-1.104141770276418,-0.7220809935231493,-1.1816662976769405,-0.3697456004040323,-0.19645018906811768,1,train
9.130174961049818,2.1907289292256693,3.623331777810309,5.012334923341703,0.38096640279896066,-0.4601266937142996,-1.114212265170187,0.19704814031047482,-0.8473597618746123,0.20927766906147,0.431791532701964,-1.6782434655004452,0.21684878232776136,1.4195767804467077,-1.932076930922621,0.08676022813066649,2.892768981378029,-0.4910123500814006,-0.23656009399016478,-0.2040839798491989,0.43869914501732604,0.508921322591863,-0.12082769769758361,0.37337640231524283,0,train
2.581093986274862,2.6227717515015536,0.39656335023446343,2.260038510006277,0.09387604354773753,0.2560693988682964,0.4614060206780301,-0.2900283289697645,-0.6959728148302201,0.6057132840810847,0.19375378690179046,-0.19969966440768952,-0.23609349245946043,0.22420554361547287,-0.13000293174951383,-0.5776192110010165,1.0758005757248221,-0.8171395454699747,-0.15196399817608564,0.8822055400947255,1.1620563090459306,1.202285741114498,-0.8006796762260492,2.5981080591413646,0,train
3.446959038107036,8.066021283128812,7.408112407356278,7.920200414193047,1.1521178064059783,-0.8853301126199622,-1.1661798140224915,0.19136997660266233,-1.0246480723026725,0.3442019554278907,-2.2227493467743025,1.064906647018234,-0.3786160744247641,0.0816242305176398,1.1798272999737793,-0.11623349800628266,-0.616671388147266,-0.926295562457467,1.3102593295254863,1.3897958344234038,1.1882976075965535,-0.5615507993213362,-0.7638761177494471,0.17751183714137742,1,train
7.054372200653392,8.963320280918381,7.433207504185278,3.3512316660774353,-1.0433882309903453,0.124793462162514,1.5130724466167529,0.8020526025516412,-0.1287912432411975,-1.3980104597388125,0.07674994691446742,-1.0842861702494362,-1.2322232124085744,0.17762950593970722,0.16051240629774868,-0.2453743309305024,-0.3515848383131682,0.11199386213833662,-2.4296278025957285,-1.1871701781410096,0.21138995356317533,-0.8005864561710532,-0.20127507799664093,1.4187980148870118,1,train
0.1810712427832628,0.0690943716191883,8.145081004882664,4.177712782339357,-0.3674825834185853,1.3628719560849816,1.2905051312013018,0.07359703120893202,-0.8128607098061202,-0.4426604341242916,-1.074334180778025,0.3573504181378622,-0.0049777473227951485,0.19666980032984765,0.6920080358215485,1.0340899012637832,0.27747532530768926,1.2609843045250655,-0.5541519582241025,-0.6129691503116507,-0.9544986811823908,0.36119302381219853,-0.15277585841681046,0.6708297353879232,0,train
1.0537223059101597,7.5645431255255176,7.324723128188545,4.669508627678555,0.5624385105813364,-0.2245458305812938,-0.0859113736693498,-0.17752694848702708,0.718227383153105,0.008879371459615391,-1.4543814949658151,0.020338176202393893,0.4951704082708182,0.19484951069319692,0.5735073847246779,-0.26962410588010527,0.2870495888226407,1.3784691244892422,-0.6848832311069205,-0.7546000770120935,-0.04116409344162809,-0.6396048592127951,1.3702484344285344,2.0931274774355897,0,train
4.72237247930587,2.8043606320195757,3.945761696999334,3.510658968251205,0.8024705666218634,-1.3961999447996245,-0.8979304209528063,1.1783704194017046,0.8986400848809111,-1.5143136951234373,0.2231150278364525,1.0589796346017815,1.603189633861756,-1.4326395691197318,0.21577600586302462,0.6991277066704004,-0.9096953481723025,-1.5646414753809408,-0.3939694053489114,-0.8733009888444082,-0.892206183148485,0.44981554542545554,-2.0311673855294803,0.45545919468525975,0,train
1.0438097667547863,2.852411811493246,1.7841974665904048,0.1419549086820382,0.7301427954724713,-0.04317988621805868,0.9044412830108128,-0.4966759873972409,0.9259861521434075,1.565653910232374,-1.7619757606049062,-1.205176841083852,0.16499740832708967,-0.3101120231187271,0.3607864310088421,-0.31282464144612615,1.4156895350240515,0.5340318403971084,-0.21306799340513768,-0.3501530616954275,1.4591316505463103,-0.626027527535575,-0.5170316584395223,-1.0294964126854467,0,train
4.285127601339688,0.5521733045221999,0.8243856789392889,5.360687682536595,-1.057999747939629,0.8926767354772857,-0.8979672157436513,1.0835385284092132,-1.5165989574360244,-0.6276719182953596,0.41538628876262096,-0.5837235928852134,0.9110762478508648,-1.0628532038976322,0.9778480500208354,-0.02034637355421469,0.20168597100478394,-0.5002365251507968,-1.3659648956380364,-0.16966246037870428,0.3120007418430314,-2.457211789103512,0.5748785585527533,-0.8675304606555101,0,train
8.609249560543628,0.6016085595092957,8.716054559826437,1.8088926054692345,0.17653988423812741,1.1715596186983719,-0.09494099142797727,0.9276673980771456,-1.0418438347557093,1.4708533739004712,-0.9483718389087004,1.1242955038953317,-0.5530599386740297,0.7211728303901108,-1.1164430706123367,1.1447570357929815,-1.0719124346965347,1.0621209166183865,0.20070104488430343,-0.29005556865490134,-0.06328953195584514,1.163526870876508,-0.29777133536799605,0.466840618709351,0,train
3.7111811560776053,6.4695242080032855,0.40897934841627626,1.6033908049150891,0.061431232614141025,-1.0084023803712845,1.3280951181755205,0.8330558599661286,0.5987774340261571,-0.8932514020444637,0.5344486686463482,-1.5581497573697285,2.28677842651544,-0.1809622546794445,-1.4691160127449001,-1.7144927566444292,0.19578127799776365,1.7570993631011302,1.4672489287135149,0.46205984787219495,1.6838502166113642,0.40795673985355313,1.521465413012098,1.2488848173617286,0,train
0.6703241915856506,1.5275027562103827,9.172222370010214,4.127922408274326,-0.9118338558779248,-2.211322176805089,0.6367420237464446,0.8731563358067488,0.3404954975901311,-0.1488793748137328,-0.6501096182608904,-0.8038645896223671,-0.7022786334374215,0.3122113234208919,0.45438777534324104,-0.5981703464049908,-1.446111987589513,0.774170914739665,0.3137241585717932,0.7376574017202407,-0.33549961598223565,-0.8736280127868798,1.0412034054125203,0.8106666848508738,0,train
1.9202864060329483,3.727397505247926,2.7645630636974348,9.18439345800077,-0.25986214808579594,0.08604188509181857,0.7901553625055978,-0.23177975033386414,-1.4869993717848466,0.14427201567465175,-0.8127936772886925,-0.7670998369350436,-0.5252653839487347,-1.1064844082971135,0.829859482559331,-0.9490754724101916,-0.40129374716412036,1.1835305134769603,0.6602654410154957,-0.2582945768887192,0.40417339360802096,-0.8720383927047972,-2.1568604785171375,-1.446999204477174,0,train
3.2636538626881118,0.6413320466329675,6.8255630180084825,6.149270777430288,-1.0514962458891814,1.2678895552353016,-2.70753994872358,-0.7955773194086858,0.1013738741429318,0.7822918206036434,-2.07920802198075,1.0286685294156581,-0.12371615660914809,-2.4290693660803826,-1.5870399194649552,1.5033788630727676,-1.203538662567314,1.013301058443724,0.07012064493194083,-1.036272071198145,-1.3065611354602127,1.044255020701058,0.21284325068939394,-1.0292994412790344,0,train
2.989784043973769,6.481385476991398,3.1234568914957386,0.7662194973581815,-0.41954309234847675,0.06018984791577002,-0.27540940690005034,1.2260434320276952,1.2175291049270855,-0.6673852456879257,0.43651810472909036,-0.33637948437937065,0.27485703304656245,-0.09704810530048481,-1.356393123648357,0.4526557008531106,-1.8546309257001168,-0.03260181815648073,-0.057784820581076084,0.9759011124560538,1.1808840765557218,-0.16621355026387657,0.15485615641134537,-1.4312940571430999,0,train
9.939094741384379,1.3485497392065438,2.825229605696311,8.838372494512097,1.4874206835977029,1.3395716292026008,-1.3663241783205349,-0.5876020877681797,-0.4766251840337502,0.3501738709495871,-0.2524145258196891,-1.371885819934369,-0.3197982565785788,1.7969884097565414,-1.5936441105742898,2.1014774868550914,0.8062232651049721,1.3186792821303432,-1.4439299314854912,-0.5528906274221737,-0.41457874070560535,-0.679765654481343,2.299100717173393,1.8965183449429646,1,train
3.786739267019994,4.269150356877885,4.580318615215308,2.590097676799311,-0.6890811132175754,0.12463465221764469,-0.4090467394183219,0.4230192106943209,1.8488041118731118,0.3280908631677441,0.2827862519212298,0.026687365267934835,1.1193361186990798,-0.6395157428921177,-0.34231741963734347,-1.6666493065496115,-0.5848784880044167,-1.8272481914453182,-1.436908833092482,-1.5447407595074236,-0.703123298224834,-1.2078183188796363,0.30441124778935236,-0.09402671375226893,0,train
5.019716692684807,7.171059879676872,7.29192208231273,5.979646374402953,1.942963653205282,-1.1160044896324923,-1.8047532890452354,0.3669183444030974,-0.5785258871219446,0.494467825542813,0.46558068938325076,0.20517787989252428,-0.07631975432479884,1.1243793832728624,-0.8566154837316976,0.37532132213580083,0.254586198089801,-1.029384239029651,-1.507421733051139,-0.5689473921674016,-0.18031327013300727,0.6347056744930734,0.3655465871128276,-0.39757871511228365,1,train
4.951941371618259,0.7219580934028358,0.46076493442714583,7.362666722303159,0.38415091418005376,1.2727024008906356,1.289953918468727,-1.485616923858386,-1.9924708125810575,-1.4347708337012492,0.7765629711668669,-0.7696084532263968,0.12077017811428621,0.21900128689210774,1.355805710769926,1.532865517164115,-0.9027829202894316,-1.7036336007533632,0.6750978989501636,0.04820163875322421,0.21172644077618868,-0.15520645143633258,0.36837372677968167,0.7323517461949103,0,train
2.873331025472835,1.1174501904338952,6.287470160176848,2.4845372855358585,0.75656347864675,0.4740215949261079,0.17780930364988273,0.23542761379951596,-0.9868826658767467,0.6279197851111203,-0.9488270257924988,-0.4974674355008014,-0.4485282742986205,-1.585989040024737,1.2005890190711634,-0.16960732855550698,-1.9082182213079635,-0.1994784854545367,-0.3243733644485012,0.06032498477682545,0.3694988020495985,-0.18577577307726995,0.0795844892706895,1.3638572289592064,0,train
1.8254840984088694,7.686948272370526,0.1546912685179147,2.2709521477091,-0.8454979246110312,0.7716839349755048,0.03734760175528094,0.5628640271475747,0.49003816853957316,-1.299548930874341,-0.230493353177165,0.914357559586849,0.5395525283264444,-1.1281488943556028,1.4362260720361493,1.2253116600586864,-0.6586573008095545,0.36721522798711165,-1.0808464294533586,-0.7465249980247216,-0.5796849530444884,1.5614152485272461,2.1237944035051624,-0.7027701789350869,0,train
4.62117932783816,1.1628076537080378,2.6117836654209867,5.061019442932847,-0.6017964590358974,0.4245280331774197,0.896650622452438,-2.262133505577919,-1.4770387923145765,-1.111819147200994,-0.6543329345221104,2.489554865870078,1.4796734505321092,1.6343947002954475,-0.25840895762419064,0.7723258951253005,1.219839627943529,0.23257859934125016,0.5905614166136145,-0.031604175195967185,0.8009221925561324,-1.1649759137559732,-1.0995979146397483,0.9844229015192882,0,train
9.944850163505537,7.718294824341772,4.567915646586847,7.877539867327422,-1.1029743150578641,0.41687603310764537,1.174386036295565,-0.698974350755314,1.503519713698946,0.916444106034063,0.46913292054807243,0.09431778203333578,-0.2631384005684129,0.4194227620041553,-0.7158087399630342,2.528832286153098,-1.189062740297898,-1.0125973508888761,0.031790414169744076,-0.3811065935608373,-0.365308093975597,-2.0753750857889046,-0.27708259072270597,1.82854594894342,1,train
0.7935318646667822,8.871013241034554,3.393135252107864,4.27188090709604,-1.1391147288234584,0.29891449851192464,-0.3989545380718146,-1.1865701102126873,-0.6022895291080209,0.3240550278183485,-0.3249885173690167,1.772825439019124,1.5124892876254818,0.14945206476605205,0.08736484754939851,0.873537120376973,0.4750823673069481,-0.02122025003052283,1.4062764960148482,-1.276736432310461,-0.6779577302263674,-0.05659998585222272,-1.7890340023950317,-0.20472684812338637,0,train
4.1776015493213325,5.457114217078739,1.90414720685392,3.5729378874138416,0.01969353215273186,-1.6200033201293456,-0.6181676292760949,0.9878470739463425,-0.17780406437281981,1.4877769327695085,0.8457434656077201,1.7883608111695897,1.3360013396402646,-1.5451505247598827,0.5801131245091004,-1.6578285628649871,0.3625417541191065,-0.9942857694948882,0.3108463601044273,-0.30575392920832184,2.0836124869945025,0.22126452828514984,-0.6469195933939059,0.7348772582559846,0,train
0.9426454568399467,3.406060887642157,1.9732500259007912,7.541596451627315,1.3476312364739111,0.6178959171414788,-0.38381989186641524,-1.3311539994242516,-2.0538075424146154,-0.10020139250827353,0.38011062335243345,0.5483982406940252,-1.1861620038883713,-0.3673951930897412,0.8040975359978411,1.2042137604886392,1.5499848709055957,0.54198439077811,0.6267135008946451,0.12049254916782984,0.05000431437211367,1.7892825736554645,-0.20809717891166254,0.5611312865306118,0,train
7.945471835313502,6.178917093985659,2.0813499376423583,3.661478248338641,-0.6046768965949957,-1.4712088544815158,-1.0177756805829543,0.3684190989114636,-0.3213745317589829,0.10769204625896968,0.24336838288555945,0.2566949014551752,0.3345345480536102,0.6132024952275942,-0.5803447345534914,0.1638897396419308,0.3296393746179725,2.27315088538522,-0.3689214485625982,0.10133300710294658,0.15320508872695449,0.17572927676865926,0.821589579523725,1.211865159606243,0,train
5.8612060676720095,5.389170653462461,5.768472152742872,3.174670492133227,-1.0263175141292833,1.729707060936238,0.15380740772926857,-1.216056140990022,1.3686445029656698,-0.31724013435248893,-0.3848095368582958,-0.09965491501391083,2.154959900004194,-0.731968700583444,0.8931698808814065,-0.22153040457559753,0.6097606738912218,-0.3969175797586291,-0.5542114855282162,-0.7149710800615681,-0.0033871587099623987,-0.5136297190725521,0.9115117582824082,-0.1435641045752431,0,train
0.28712315238124675,3.1683413883991927,0.04032848690124102,6.1777001258606425,-1.0928392626171994,-0.2875141234608618,0.7970287798559571,0.5782382482028864,-0.9792780072474583,-1.5549501260390146,-0.04814291426213976,0.4188030444659567,0.4063386290853131,1.8516123316519757,-0.7282962442254516,-0.5448352085735084,0.5278762892817274,-0.7416031064504989,-1.5983207105908408,-0.6036853442065969,-0.18290512960427677,0.8113950339519018,1.0221946005136529,0.20727641474963715,0,train
5.042011987035146,5.349907553573433,7.9605819637022215,9.869347778648649,-0.33863070529056194,0.11790145799560485,-0.0012720454197297957,0.6430416143405997,2.7057987234307856,-1.414960321206582,-0.50179900675492,-0.4165480011085256,-1.4479365162270226,-0.8575537210092123,1.8536111432784135,0.08934137788701119,-0.4697591603823233,0.07641451642314652,-0.36951601337759593,-0.30926023655405804,2.3296909773277172,-0.3452275719957755,1.189538175490341,-1.358295740413764,1,train
6.679476938683683,7.64896476256987,3.257237716628365,8.06797973246391,0.6548014257792806,-1.5895022988586287,1.8353346125962213,0.47474185655569984,-0.6943421462033406,-1.1453683422990504,0.6187893088955887,0.7465073487462408,-0.07568210036802818,0.9197211745722087,0.024235403469644815,-0.6333446615626631,0.8978035255637135,0.18890919880411838,-0.8242742512095268,-0.44917781482323793,-0.38423220429767896,-0.6313430261083539,-0.5112368896002053,-1.7847039162854752,1,train
4.754918915546236,6.026531426146093,4.712344950704851,2.0553013826037905,-0.28015403070904354,-0.9436704148724291,-0.333482925921063,-1.1076211033653827,-1.6754356959847183,0.3401515527447629,0.8323981744571416,-1.1732752082447269,0.9496766001279303,-0.867577323641696,-1.1902442015245815,-0.5964155951623241,0.31788274127202115,-0.6199459881501784,1.354166183088369,0.4140925917662504,0.4531812064242919,1.6414562683157483,0.5543549493277109,0.12806046334622254,0,train
0.19581379675678523,6.545165242647589,2.646250223648593,7.584114515293051,-0.3249672837560791,-0.11171255342486394,-0.09956435395075626,-0.5652792571079727,0.0030789216766153402,0.9543003761015161,0.9181780370592705,0.8404814459528701,0.6981610752965337,0.06655204044032627,0.31059395940588563,0.6746334344991209,0.7739038377992763,-0.9168808761786239,-0.14994233450249472,0.523570216864621,0.32714022251824565,-1.3735015894627742,-0.4849606830570968,0.6015780645501713,0,train
5.482295788094765,2.7667637688216438,2.7737394499043555,7.57073931377208,-0.7737409304377542,-1.3921022821907876,2.1307377638518576,-0.4098988862910556,1.4618642568090818,0.403841423356752,-0.6287711992341684,-1.6516491484421334,0.6595309588591206,0.33551372472972385,-0.30901501476941096,-0.3663692559045941,-0.21214127072247585,-0.06823934445218849,1.609111254988024,1.6123651343483592,-0.27761051511146645,-1.1786190940762455,0.7398586725829341,-0.6622237828700187,0,train
7.5070040377808045,7.855120910174466,6.194660177799504,4.339686422314499,-0.5852053158429492,0.3423637413444791,-0.5255552830929544,-0.4711636596189132,1.8749466904397767,-0.6955071653969999,-0.2242117954495511,0.3156432943252907,-0.4694893548685292,0.36076341775115156,0.4687907184679037,-0.2880605199658963,0.09020316456855683,1.13560131671032,-0.3202321181972594,0.3365500856223962,-1.625328555181046,0.19052517370107144,0.05327532653876302,0.0331106555483581,1,train
0.7926866637725782,3.2849905216937927,8.620339935468289,2.311325807757092,-0.43760300896217924,0.7178111219817241,0.782761792187999,0.14669252801278304,-0.5064268990314374,1.0338972624241771,-0.9506073421095875,-0.8121097414734821,0.642371488675743,-0.957908257846488,-0.6775008069888501,1.2018743748149974,0.1255897328417233,-0.8482901635142922,1.287402241871371,-0.8406329634576291,0.47464061397748847,-0.6217395387224527,1.7042210821282153,-0.3190231967969179,0,train
5.790436965842521,6.45450827052133,8.760098678903915,2.1433308549077967,-0.7404362196376155,2.2486153806724754,-1.3796086340103526,-2.2720534640895567,-1.0929921116415138,2.362901174285265,-0.8297680445425674,1.7500104986243814,1.4914543321308569,-0.5144287524604527,0.16637352383960569,1.2839784634821214,0.5116820574929071,0.2630629869469191,0.8551502807006779,2.9410089691996784,0.5352584699864742,0.23951884772795146,0.11305344255275233,1.7434311729381955,1,train
2.861474504729875,2.7288795458685766,6.3057776592574974,7.300659560578367,0.5319949808500143,-0.6195207777628783,0.6698952619218823,-1.7048208614161502,-0.2330746144580924,-0.8236649000104787,1.162523249004911,0.09691438621180991,-0.3297271271253186,0.9232315977790999,1.2014792307954245,0.46925041975112786,-0.7198859477534366,0.2006773394882984,-1.180961346510264,-0.8527637720569042,0.9641270598381471,1.0479668712174677,0.3672484650425908,-1.4573248880710306,0,train
4.12795742177929,5.03728517494359,7.975500808749098,1.289829591603051,1.2011484190038086,0.6221613682671739,-0.4612905597085838,0.34796701727172186,-1.059725039984318,-0.16417795151069117,-0.3055870829473523,0.47074845508706636,-0.03732456653451676,0.4017149474536549,0.8429686444942278,-0.9942019787355719,-0.3786377230355875,0.687075203374351,-0.04431539721164066,-0.5227306890706448,-1.9284260240094535,-1.381966760484886,0.05216317162716881,0.9359637406533677,0,train
8.51906782197969,2.6269789788394213,0.7865873038287041,6.080672099613561,0.3446061665240773,0.3729273973609661,-1.1542291523504995,0.6127837979155271,1.7090156311386655,0.340961501873152,-0.39344708325277206,-0.17184244587928185,1.3246945910873005,-1.2697254410578893,0.04474055433305874,-0.4165534171266331,1.567976008912875,0.29518935756411685,0.2782894978190782,0.3210435599534628,1.1749244817754743,-0.17511782738126203,0.011138702471102437,-1.7661742813079924,0,train
3.0346025920422823,8.368858962763264,4.154902688864858,1.5574859778199668,1.2205357952848679,0.26288517277079776,0.3623196657005449,-0.6751506144643833,-0.8740113012704392,-0.6180846250867512,0.7558852117615112,-2.70303686948182,0.9826799973509078,-0.2165206379189657,-1.0883529726978556,0.75502777914537,-0.9666819257730559,-2.0099425446358166,0.4206212632711664,-0.6215639049951592,-1.132835733470294,1.3216557093356405,0.0683352225965265,1.537384294255827,0,train
2.1838469038525243,1.0588604970636162,6.7144982126296595,9.100842149345414,0.5953944413406262,-0.5700275141473773,0.07251484850639593,-0.9799726619628907,-2.0418714176876476,-1.0140308453912095,0.9298180442358622,-0.2174165075134281,0.1422242640409757,0.4753637152553989,0.2911273959386761,-1.4058631179340015,-0.3341775305141237,0.7278705383115422,-0.7041108127351099,-1.238435163950405,1.069486089064496,0.3306747072204952,0.20945456338689344,0.29161210794803694,0,train
8.119406743205843,9.310085894364107,7.995579630339335,4.1982791831231125,0.03305605065275868,0.4048229560258394,-0.03597336504759916,0.6114097971327731,2.2953524261777765,-1.116261981867655,1.2871750690204822,-0.21939075459840696,0.020998483538125553,-0.6459556139510093,-0.6904269986801767,-0.709116322646986,0.05405077912619961,-1.6382478514505674,-0.9344333165760838,0.611658093405558,0.4945554217614638,-0.7183784388302442,-0.6933439618608327,0.4763701541827635,1,train
2.8493971885237803,6.079188022736503,9.890814626809796,6.278471154194751,-0.062193324785689945,-0.1898772099480447,0.44527351873139903,-0.9532900830686025,-0.0307279917259521,-1.8544819513036972,1.2275251984638231,-0.709741182646992,0.2660629614142087,1.1163267851746328,-1.9371180091679217,0.44437907985992414,1.6856363039170001,-1.764652743319423,-0.04066238959011312,-0.3175570335532392,0.13114724048152998,-0.7160501419630778,1.0138535243319295,0.3453517017166809,0,train
2.603942430555173,5.603634367272154,3.585897771866844,2.5991361158770254,-0.4421715679095465,0.9980001257752029,0.5835336942010081,-0.02835427423166199,0.08240018613926894,0.15253121602716027,-0.32194269586166396,-0.6627333451344121,0.15278299994555283,-0.012277406516960136,1.0865357999967253,0.1386612928756533,-0.689345935540113,0.8826226445923072,-0.22010457442025141,-1.0248526923754404,-1.7583356746485967,-2.190969808776872,-0.8462345938311093,0.5134413600687971,0,train
3.402827028293763,5.86952180221603,5.750551104307268,4.505794082829499,0.5844608273051718,1.0259398540853248,-1.4437694076897296,0.5817967222694526,-0.28429612386231334,0.07408506479522427,-1.0685697260449707,-1.3650102905607466,0.6728481106072717,-1.8354169918787426,0.6877202954710712,-0.0013034279616145944,-0.0666253920792822,-0.1850982120332097,-0.6688137768608932,0.91704282350419,-0.6845797021493234,0.5429462596464176,0.5677942229135432,-1.1820148678202043,0,train
6.200103683803491,2.4340862588231693,7.294433874280196,4.921698578316361,-0.6515091388975637,3.0348946903958574,-0.9157783335627135,0.6246629878330021,0.33944924220168593,-0.8327976080730113,0.41775028966651157,1.5203975703613382,-0.3504215914008864,0.4917606253483058,0.1434628623815952,0.43311991487835666,1.1981145756196345,1.8314348797902293,0.5543638892099527,0.40349460621624833,-2.4638990312205276,0.9880267021590088,0.24418202918997406,0.7399614034727268,0,train
3.5137229321772634,5.093701000980299,1.8425303181319508,1.3862276664766882,-0.13903260550338015,-0.8170507470610727,0.17996033031795178,-0.7792272032080813,-1.0147880288193836,2.1762226423179007,1.5123524305367557,-0.8586899704069609,-0.6933764825871822,0.18931617362572306,-1.4893219465082947,-0.9144148995080286,-1.3708501603031622,0.48822233453475766,0.1004477225768622,0.4861114113377124,1.1400053465144557,-1.2952922171596204,1.378711507837844,0.9256346783581827,0,train
6.630309621918528,9.4832702422278,0.5375012247444066,5.001540194863649,-1.4682980677485256,0.7088912865041237,-0.2134990664103234,-0.4811357767121424,0.7679147976103868,-1.0838177193878,0.31731994545598957,0.558374698359721,0.16524037092480004,-0.041437336690226444,0.06764277928417509,-0.05800138700797761,-1.0152220410669528,0.5926201394231831,1.377325290218719,-0.8206864312596389,-0.638938654587989,2.566245415899499,0.4879355424354248,-0.6956087223852925,0,train
9.169866376383187,9.325199188648025,4.5039300917426655,4.384786734719809,-0.47946266751077865,1.1453061306712264,0.8551743936449412,-1.282708665314594,-2.2554118158514926,-0.03338935159886595,-1.131340010335679,1.0936939600242503,-0.4992138176259092,0.22966195852270027,-0.8787620529126924,-1.0789787459338096,-0.07652969302963947,-0.050674849386376807,0.8823638986280972,-0.6187023487177667,-1.9562251706611893,0.2575046705438986,-0.7174742213361232,-0.20694206872888715,1,train
5.605538931345696,1.40070996973645,6.464167598743243,2.5068620546037055,1.1601591073062574,0.6745636201565768,-0.06952403993328,0.24396345059435826,-1.0211003941292438,-0.27803974555724564,-1.3537964860850455,-0.0794819464603472,-1.3767885783738232,-0.8477995859268288,-0.7177778321841478,-0.3205020600624368,0.6339146069348925,0.8555214506208564,1.1651325222356892,0.9671256953540701,0.15901768557085186,-1.8485637936779424,-0.2001905502787302,-0.579755564839815,0,train
5.754566286364571,5.34024857367271,6.917075434022228,2.5290823202615575,0.4931562084104358,-0.779771236986674,-1.1948405011412562,0.061785735538917565,0.6859103413788081,1.1999390178831317,0.9597859252856232,0.22474730136016371,0.35724499277423244,-0.38151372741169,0.957983048238651,0.08655285457528522,-0.019656944844056713,-1.3478953637126492,-1.2692887998360454,-1.579936965151202,-0.589185753670264,0.5027585499878116,0.41388491518096043,0.34663547343223355,0,train
9.48883946769249,6.8777749898621865,2.0565916245908786,5.858238181893581,-0.524678224824218,1.6805260297641493,-0.2829995904874216,0.17442681835306043,1.0948190497476353,-1.131565617786482,1.0278596886147657,-0.9553190037764195,0.20991928354837755,-0.5652327074971949,-0.386367449685589,0.1925838929826581,1.6436698242347507,2.1695240163629044,0.24379461641075578,-0.8059089789708377,1.1909693993271904,2.6663348880977935,1.12415499795336,0.6064084724047988,0,train
2.097814144364566,0.6734009121094464,8.157594148638585,4.111120042804679,-1.0570280073719955,0.6075700028997723,-1.4972118209662977,0.7021011563192395,-0.496348900238023,-0.12358962061474789,0.72402984906631,-0.18432305184822928,-0.9610896699673243,0.9828948286369241,1.4943819062403536,-1.2269513802024896,-0.13154419733090428,-0.7953085053463839,0.7553407970234269,-1.2527450246529022,0.13865578140921372,1.7879642295997729,-1.5950760210445916,2.3370392573897494,0,train
2.921134464328224,1.5646533305536547,9.692554500369592,4.6313408786634795,-0.5583788434245774,-2.1012191678172747,-0.6882745324199543,0.09668482558578019,-0.29796375738485575,-1.3629286041417445,1.285154963808712,-1.4351281240671667,-1.1490500463148747,-0.40577158179746015,-0.9115405513298629,0.37519608827352646,-0.16390003797986794,2.0183679804676644,0.4230981846643443,0.020829280207170345,-1.367192106546472,0.46226292189640267,-0.25396468851982884,-1.0862800169948101,0,train
6.185907140488194,3.8255044032455254,1.8862613907729908,7.103925815072513,-0.9195730076727852,-1.2314367404715667,-0.2241509198023958,-0.33213054236682804,0.3722578862033453,-0.3402579467720427,0.7612980575851366,-1.4415950005828255,2.334144122705025,0.8437258961309011,-1.8077989561135623,-0.7178016052561607,-0.927573047927943,1.2608413227205946,1.2381166649206798,-2.0707796484849035,1.2008435682661678,-1.1968339561741752,-0.1718546109154986,-0.6156850574243274,0,train
2.6323885039866135,8.778302577992779,0.4724058351956173,3.08907085718415,0.7586463358941761,-0.9016616467434487,-1.2846438635218758,-0.624769253277665,-1.9562968894797397,0.02022540994231504,0.071640862579684,-0.6035619309609619,-1.3959434222497726,0.322922771791506,0.08963494198818649,0.5989630815519613,-0.005681856681000161,-1.3965966857556422,-0.8227568233503808,-0.15041975518277872,-0.5251506137184145,0.7396561616241827,-1.1793053508629494,1.1231721233922505,0,train
5.135830876519094,1.2344982982973052,9.640105418694754,0.4190155585807043,0.9804850103376296,1.4951716001232735,0.09324370653335681,-0.02745319109364164,1.2119077487700012,0.9833173689312598,-3.0503790833214106,0.6702828809289745,-0.29121327598291724,-0.3944919804479977,2.2217593306382484,0.03350419666821787,0.609310517525603,0.038545992639813745,0.5731435276945376,0.5126286830818781,0.28130586505584604,-1.0700159671201717,1.6232306486453818,-0.18929490083742284,0,train
3.8558257916262004,8.261185251065708,6.2273461625201225,5.134644662195839,0.416342188929363,1.8283838588211803,-0.6612877327585935,0.9614388332367386,-0.07720275700791132,-0.32123114563283434,-2.8306863213453863,1.1358173495116215,-0.20540887353550877,-0.018199924110136535,-0.5575766265259113,0.7280569710804529,0.028607206060756396,-0.9513997887000174,-1.2022827655485584,0.5422746791524762,-2.0688696298097073,0.22999711985124732,-0.8029746700111936,0.4315977259047014,1,train
7.671851903773393,7.078190152226824,1.7723520183384966,9.64744107698035,0.1268451206921009,2.174878956699908,3.5918724370668365,-1.8970216703006864,-1.1207452992828137,-1.1365038718019527,-0.8250018319360909,1.3481386168983314,-0.4950531242147527,0.9981463385518186,0.3385618285002519,-0.9500449205028776,-0.6706989932640707,-0.10193938180099085,0.7062884184674949,-0.7767392352211,-1.409697507070671,-0.6785449281020279,0.2148388510500838,0.17438185544948862,0,train
3.9237524726366235,7.2585143501132245,5.2721755004263295,4.715031846306035,1.3191494367738852,0.5229097918155066,0.33729899434927274,-0.19773053544272692,0.2508503674553732,0.8464007728796051,0.2588789392796492,0.8729861995590985,-1.143958474828545,0.17362442319003696,0.5038551451577991,3.100577072549706,-0.41003657734806626,1.666420906417294,0.9961706070577343,-1.647137117314616,1.0821564566030666,0.16326645650810126,0.2975126305273727,-0.9579176929800749,1,train
7.123833372749296,3.803096159455058,0.2810035147379242,2.9153815763612956,-0.29946714725333995,0.20968044592446336,-0.7305394151440816,-0.7420475999951889,0.20456429440215407,0.9498203197079748,0.2740129559780246,-0.7623514906827342,-0.09369887952827048,1.603572166079211,0.15372650361518478,-0.26660407529580726,0.010706114914719447,1.7184471595668878,-0.7166828947587929,0.3019823362823247,1.3768738947326498,-1.4688696047264496,0.767868754799307,-0.5895771371197874,1,train
0.5372231727921584,0.004807579986677579,0.5166915993477106,7.4288456231475575,-0.40650781174948103,-0.2841800037399653,-1.7576605975198847,0.6449304075872745,0.16786976283372126,1.017098900274886,-0.9293339304536621,0.7674038463182529,-0.7108917930081825,-1.0029123834771987,-1.4809480839779634,1.0844489937547361,1.2449301033262339,-1.1484599051630648,0.10608703191737798,-1.7707533692650046,-1.2113965019461543,-0.4118095034401022,0.41366537597772707,0.7550845010677166,0,train
8.173498677665503,2.5812429559673977,0.7836285956444011,0.0924651794669773,0.6217063008740458,-2.2630238820694775,-0.5702461224413052,0.18411967934160944,0.7425170572586579,-1.800403009109789,-1.5190821043397509,0.6378422961156927,-0.7906885048686948,0.5215944460700458,0.998846042879728,1.5622895321091106,-0.25905276538296274,0.3577588414772281,-0.004324450090403855,2.666802082812137,-0.29279866853329695,-1.3628243425616817,1.5524824142877198,-0.4528569627537781,0,train
9.413295994287658,4.999413106319793,5.316416887974072,1.2453386948860112,-0.259926571745257,0.20578617803755353,-0.5280394023256817,-1.3564415622639467,0.7891680890298568,0.9845197795302122,-2.5162875360900334,0.17328237046196607,-0.032396258295653825,-0.1418005623837602,1.2576330368995674,1.9271599612839085,0.03953779090140695,-0.27132585896456624,0.7679069981356902,0.7838093965184405,-0.49610591267188847,-1.1246890729723917,-0.5215246489359167,0.10079830647685616,0,train
5.552379371696018,6.470456397105596,0.4142513988931218,9.684941730838487,1.4990098774540788,1.5593254977888473,0.774015543673752,0.6140853983292925,0.290261466436518,1.3956682889189924,-0.29277362872576507,-1.0772629869500985,-1.490821309992224,-0.8165033516825783,-1.4494213641634193,-0.11226189845037471,-0.6636974804904143,-0.2102226508775705,-0.6271187004583535,0.5652994449312524,-0.008542465100831901,0.6231280965981782,-0.6270019736542145,1.4924935275596474,0,train
7.677921230309824,8.983075898356995,1.6819381828680302,5.9725781337016475,0.6276958936805984,-0.18581224784107175,-0.10151155963898044,-0.8692060768217251,0.1725912426310226,0.1541395891551369,-0.03767991266097927,0.8973581579517209,-0.8128056674832022,1.3236607012333246,-0.9416913622752918,1.7466654549247096,0.44189214678678723,0.779667381916251,-1.001636012137528,-1.3484084816433841,-1.8565570009013934,0.5547008360652407,-0.012101055569615892,-0.8796101254608328,0,train
0.6720974270596158,3.4884844255757574,1.2684443891275332,6.89384272410077,1.066147520849961,-0.5800930383651068,-2.9083975490858776,0.010750419102666164,-0.7921083910480173,-0.07397963058859358,-0.8787032781956646,-0.1865000549037998,-0.44618138018525,0.8598101129281981,-1.104283663227777,0.8709520190346838,-0.5902075062889968,1.294341429571227,0.5759198055534857,1.265218087579035,-1.613542055512448,1.2314775399143656,1.2779524605399208,-2.294687323798231,0,train
9.535561452851038,0.9631173101432222,5.909503655532492,0.3563631127405176,-2.4645994269254934,-0.4073946376636954,-0.10956414115559258,-0.5441453245856899,2.160186446665326,-0.37615835774943324,-1.0981099390871212,1.248524637501659,-1.41743255801557,-0.06195867263643215,-1.2334856242235523,-0.25531793065731845,-0.16188443709920353,-0.8127622635100915,-0.9816897155410259,-1.0280258879529955,0.29575925631139355,-0.3905858852384714,-1.2726477468727213,0.7741334183637484,0,train
8.359114275473507,0.5247776956957373,6.409488193450955,0.6404263114123043,-0.04597565355966056,-0.6836862920458326,0.8361671255971082,-0.049675519226151786,-0.32456283216857407,0.30424694014356035,-1.8456717197544235,-1.3308033244349087,0.24243324806844058,0.01624148737673208,1.6724887673347204,0.5934865057208882,-0.7269881128383003,-0.766306382616179,0.9695305398542369,-0.8383516651499561,1.276505268474433,0.7737073449338722,-0.6267320590867396,-0.07226572088245238,0,train
1.4414957512265936,0.7696607878001938,0.11183887859287256,3.5017520372542252,-0.4726356483080557,0.5231190798271247,0.7911132546431532,0.10958609889467712,1.7870302466756172,0.076559362317335,0.6862814511788317,1.169899610453929,-0.20422850429147388,0.03421729202637096,0.07651035698204234,0.36200961190785763,0.06423313375421455,0.28213054170935276,-1.6453550508143338,-0.7969392879865689,-1.6001661227982136,0.13700686198443,0.9307076097366637,-0.6495955280633594,0,train
2.12739026276013,1.8964296361052047,2.820661616696405,3.4981816684884484,2.2185584670700296,0.3481007185049185,2.2369334483262646,-0.08104944247839746,-0.34885949356602797,0.7492340888003248,-0.5111562502829381,0.5764159762369838,-0.05206276296893654,0.2632299804698208,-0.0298947442108456,0.7520699944925245,0.12552770274402686,-1.1549449392355715,-0.10847625513844901,0.5985681778715066,-0.23271689297001552,-0.9484222816142721,0.48284075269424176,1.3130138021136861,0,train
3.3944754643681376,6.743222878769074,2.6914462835526254,8.404429766389205,-1.123927866830254,-0.22157238099936208,-0.26514622379745695,-1.068374348816463,0.5635290600154146,-0.9841231455260671,0.9197462140723242,-0.48693305440203827,-0.70450814124598,-0.5665191022303985,-0.4706026315160913,0.02001901305434127,-0.5715774923885337,-1.1971305687275273,-0.16249854676259354,-1.767703090886889,0.9116756874749377,-1.0858725849853366,0.07563046373019519,-1.3475167643897894,1,train
7.486638402592104,4.090273727060591,9.299157896615048,3.318786854979084,-1.0522178876982584,-1.6815005601124957,0.1590907817269806,1.1261216080555183,-1.6529316177866793,-0.23598744949228903,-1.8123102752316445,0.8811083644237293,-0.4961611820843854,-1.6075564505363513,-0.6952026959523724,1.737166332467774,0.20292184894894597,-0.3161354131953706,0.30032908866980207,0.8849481829033433,-0.9036386347303809,1.2564864627825656,1.8763498051366871,-1.0419717668883632,1,train
1.690326311345427,7.680173045374493,1.1638409181140907,4.324923776434627,-0.9904234800467808,-0.30650799285232455,-0.030500373838159057,0.043047621259540876,-0.17060412492754645,-1.0267763616730312,-1.4737482415624223,-0.8600134831480958,-0.9623984394758759,-1.7882290626281174,-0.3265769644523792,0.15701251204323605,-1.795270507180935,-1.649005288540601,0.7613437821103937,-0.005684551219516929,-1.2327715996935076,0.3263693587190952,1.429617647541455,1.3582699330859218,0,train
2.7223030783820956,1.533822456323778,1.1457601644541027,7.9885201618192525,-1.0320903715114813,0.29610411874845227,1.8750365649282204,-0.1725693121674341,-0.1825040902379299,-1.3430441713086871,-1.4263910098586645,-0.49530644586573735,0.5117139117755208,0.6054158501569519,-1.9535770513685518,0.07212313028234386,-1.1786183969070947,0.08764309220231005,-0.7994185339719566,1.2496737188902676,1.7088772998905297,-1.0172159961690312,-0.5849583299887318,-0.2518004443619938,0,train
5.792852230155205,6.5141478544167875,6.369643618742403,7.277687483140802,-1.068061290159317,-0.1416844935596296,-0.09179010549576397,-1.6416395857163641,0.05652482297496552,-0.8365097168234515,-0.8493207055960793,1.136317069209042,1.0696557891311893,1.0657648213641178,0.4039132626558182,0.01511076124596566,-1.3385693784589836,0.5255670148482985,-0.2469194042631998,-0.48734240107135557,-1.30354896866128,0.13351846952464266,0.7484947917294753,0.23163393114908246,1,train
8.390283348222829,6.12526881196104,0.4038381064054841,7.463517741203023,-0.9811283002150866,0.3431474698994825,0.4821808767187931,1.9359887442575827,1.4414113489028042,-1.7741866719347092,0.248359984501645,0.3862678406735654,-1.298644606584573,2.0185311453053294,-1.1203890600722741,1.5172121525915874,-0.2870902942900084,-2.2431296867890054,-0.49214915103104195,0.8922549824358609,-0.33145390101478955,-0.3135907757982878,0.1132727293238582,-0.5026704684214726,0,train
3.9738974946862573,7.980073939016794,1.8003980830810606,0.1425661188328553,0.6277161703462256,-2.2289393472717824,1.8563606797184586,2.1476241998095804,0.9283302390863937,-1.743430556136501,-0.4778414105547863,-0.47730111884625953,1.0849406483210111,-0.025397881465701124,0.4739557118459213,-1.0684254343705362,0.15677609419177044,1.1254137870841037,-2.2246631639719476,-1.4639690982543214,-2.2862273826633204,0.35357568761846303,-0.3656744366814471,3.1640390712278594,0,train
9.889448744697573,7.999413111213931,7.4682341814541875,4.751181747447719,0.6517740560203173,1.1922843588073462,1.2557528476226265,-0.4202280242840347,0.2945937592735428,-0.07910198190517118,0.47113538238396935,-0.16515197667945045,-3.8019787391905813,-0.6099641030966576,0.41174608549657704,1.3940962283855007,1.0300494179994801,0.45156651089582955,-0.5151199838720751,-0.10382390484467341,0.8773854295743263,0.26957908456650603,-1.2143302847227726,-0.41295792208439597,1,train
7.089483968105373,4.904476021430181,8.409728360910114,2.8709506990748466,0.45264765769377135,1.0804685442215667,0.06613427938676328,1.552372312994399,-0.22974225100718884,-0.08319068447333693,-1.576090661415541,-2.204443567188154,0.13570206859745734,0.7149232902527858,-0.3332639132642393,0.6987902439101462,-0.13836008386068704,-0.9381024204173933,-0.5863983590546729,1.052667376634295,0.8834185335728337,0.6260754594170495,-2.285896409229927,-0.5975932775324247,1,train
0.6827281295907717,2.725074524309096,2.686730094663803,1.6490218467719508,0.8012599375613997,-1.6559280576629554,1.9177997638736266,-1.0108357908955254,-1.6472920506096407,1.1142022435737005,0.7086658524321329,1.1996784601390835,-0.7482148284126782,0.6930564645792462,-1.7563570080282773,0.3759499718930098,0.20875168888698098,0.4938143675977019,1.544105430145671,1.945778676534587,-1.2278564739363524,-0.9572903715791821,0.22715458895252846,-0.7156148238749995,0,train
1.275270143667404,4.1484481034212966,5.236251642283966,7.085446174733065,-1.5863523101506767,-0.2968105214065078,0.31416891235815575,-0.5395481455899366,1.7376155195470848,-0.4378460980544627,-0.2759754014602522,1.5365036584142684,-0.408333700096786,-0.310004185742589,-1.4147296992197516,0.36181275944781993,1.1589627640033984,-1.011299018246528,0.1364858614953828,-0.35064098617659184,-0.972004854530054,-0.27738354608841187,1.02236991286539,1.0186432507382788,0,train
1.555525126027154,3.262655222291203,8.924584102479187,7.62387312644604,-1.9224056142275812,-0.5664451053504697,0.36019677684586887,-2.3771372877125287,-1.0722132087856489,-0.46518703734992173,0.3514852299639343,0.059934661609749196,-0.9908232556794176,-1.557523584547585,-0.5238278922032442,-1.3962702498502204,1.2389736071506354,-0.803085115552908,-0.43223184114621876,1.0398225721294776,1.280109033555807,-0.5819976594607613,0.0836096063590077,-0.8442574741519396,0,train
2.5325524850491754,1.7356946127095019,0.5597865429806637,6.1688528518978245,-0.05206632028555824,-1.693229863831341,-0.677769009997261,2.176775388022775,-0.7134808217105837,1.3793013534931637,-0.41246998215553693,-2.441750365594779,-0.7971129698227751,-1.1819373153585488,0.9242214325531682,-0.6357891842463295,-0.9721168795807238,0.1609181006298105,1.0003113736276719,0.7334075193419999,-0.7688111399391725,-1.2194828092284697,-1.5659967500215155,0.6550884395520663,0,train
3.134906461944608,0.009227981938456642,7.777102613269758,8.1788078886791,0.04090842049052156,-1.7831906656006418,0.6537848769890876,-0.059967042146857955,-1.9565037216790218,0.14479539871236943,-0.20119982544389348,0.15748119439673966,0.4919938763035137,0.4774604822269047,1.0161640251197042,-1.8924599509874236,0.4917036849686629,0.5289070662759427,-0.013695257675773169,-1.3297505502902183,-0.504578719197691,-0.25718195374005687,-0.1279663600447425,-0.40720171989908793,0,train
6.4177300558729495,1.4707047967972098,8.133713653264248,1.7750549531745863,0.17815072770490142,0.54441825282064,0.2885228164684231,0.26531447488549786,-0.671009925356594,0.8736826880114641,-0.21987652938973437,1.643503244595228,0.4658891306854865,1.0002880288447413,-1.0738966074365586,-0.18546428904239926,-0.3465700910425182,-1.251105726508734,0.2090971019238425,-0.06374909941126987,-1.082679571860366,-1.7313706375930296,0.24767178431084774,-3.09308571157777,0,train
7.844316802574927,7.353709311627693,5.19035652811875,2.856069159387755,0.22077267915016507,-0.46264381598583265,-0.6341226542972394,1.8878271410687055,-0.6887815688004523,-0.4123791498321543,0.9139706080338796,-0.27247995031784805,0.430288714098473,-2.0859053918312886,-0.10386897539204609,0.06736361374843297,0.39066255572065417,-0.17517063977201738,1.3302616615620233,0.1849020415330587,0.7501859307585494,0.21880955960540716,2.6250928192291054,-0.5041558276003082,0,train
5.508982309469518,2.215584900313421,0.42523604125335623,5.312746556905826,1.0796684018504044,-0.6883912222387417,-0.8263630741902854,0.4758000476875062,1.1458628515208653,1.3519393480984068,-0.2967712498791512,1.3858392908628834,-0.33727600465573954,1.363275058378724,0.6505199080632245,-0.10611391068159541,-1.0544144000837206,1.4823244190888156,-0.8188171795153573,0.07921547940023398,-0.7634179246372995,2.364159566862088,0.7661890880480285,0.6400795530127154,0,train
9.679675732033756,3.4785937341618944,2.7348944477139394,8.322391524303319,-0.8960966760686666,-0.8529140593777078,-0.1953854320671692,0.13290464896500515,-0.0405920992373587,-0.9992783500854269,0.6692295032072358,1.4863877745155991,-0.9099926470018936,0.8152606259376283,-0.21515103561915452,0.20897846041916673,-2.5373731954412055,-0.78110536671141,0.5555279570241994,-1.74555512319356,1.0598740963339859,-1.3372756676356377,1.6846801055425045,0.32181619511811177,1,train
7.804178159425418,9.362385183715308,6.104824614744042,0.12774610301994893,-0.5548366997032187,-0.05640184596500936,-1.4042601504500363,0.7350566966986151,0.3542091351131078,-0.23658275733300768,0.39544952583076953,-0.8435112582720844,0.04149885074427655,0.20490041269857875,-1.559142087657163,-0.24786604792859696,0.8510105589144589,0.7865202998070404,0.31412339318262555,0.3367264192954149,-0.07606051111573443,-0.3674512731738329,0.5849956022716231,-0.46029132437814246,0,train
7.769142763864724,3.0792404099307715,9.313803744489386,8.486276341780485,0.7555146095142303,1.286286671589162,0.24600439409120284,1.091930840373794,-1.6753936246902759,1.3376671743371198,-0.1356294278540304,-0.1982602185497253,-0.7047958048412306,1.9887301867793052,-1.8590956364822158,0.29941521871774307,2.446442958471492,1.6364934271443436,0.06778024146891787,0.012385821179059864,-1.1977558716683654,-0.45470164037809496,2.3168251000056785,0.624325968574026,1,train
7.6303056529641955,8.85700492503461,0.708291059068672,2.3876525416200134,-0.3538868257856756,0.1785218088419201,-2.5089622410203507,-2.62125941241213,-1.550870797776645,-0.4896619795564325,0.6921967719684079,0.7992935678347541,1.1861563596874074,-0.5877195024289633,0.3679585269528587,0.4277787661573165,0.7562288354761783,0.713131341437009,0.33215597854539763,-2.0535915621311363,1.452558825598151,-0.6046556495290019,-0.43285231389095424,-1.5341302956139717,0,train
0.39835568866073534,5.745269999808742,3.041630150769011,9.208789345062364,2.1790015471646362,1.4348670081561596,0.8127648232844766,0.36351534227134596,-0.1924459774943878,-0.6198716730116257,-0.8465730390364993,-0.10076573348684585,-0.4457295269145737,0.03821676312304745,0.47338994862306816,0.34135823672156596,-1.43476398685839,-0.30079011362711316,0.9920725018945391,-0.7978145304642487,0.6733512179538745,-0.15082041113006386,0.8652494083447857,0.7877687462599601,0,train
7.235918000808473,0.68117779019642,4.293419009436068,7.608939826381032,-0.9733222990712204,-0.49136543775979524,0.326319702252064,-1.054476540758551,-0.8327359728578894,2.125338472988238,0.12578698741929498,0.02855763816926251,-1.736335395928949,0.7011905146189911,-0.5016134367940658,0.6186904414138732,-0.8154548945244448,0.19868261397458836,0.9799985429426368,0.4232861814014362,-1.2163586811716673,1.5149332878373474,0.49373061361014076,0.850964921633346,0,train
8.506634196902805,1.7268093441727461,0.9999518000127372,0.8966721027847147,-0.11961250376169033,-0.6360757419849286,1.312960105019696,-0.02857853360706577,-0.41366752698317427,1.4072134092522381,-0.204923531813849,1.174206628770865,0.8913894888748385,1.4295343372180267,0.5039321985355792,-1.0420054125362839,1.9176536553266803,1.2599255661320727,-0.7654948561872792,-0.008208936005424364,0.6370354760366731,2.2107850761382424,0.17920414106629529,0.7298040223205025,0,train
4.6339675640086355,5.7041073814695284,3.747548547187378,0.561680397129114,-0.49064874418941334,1.050709666708226,0.6697379288506887,-0.6025491865894936,0.26449594762347767,-2.297153131844237,-0.9983879475303903,-0.7290994157678604,0.6880817162068781,-0.09248861437973241,0.3814376556488401,0.8044893813970314,-0.42625765240394287,-0.18775805532793027,-0.09103384776097957,-1.0434816454510885,-0.4020190737801022,-0.9543798154302647,-0.6945605770765273,-0.3137692560843789,0,train
5.036581806213219,6.482835362848213,8.479779323200665,5.810930283011023,-0.6535278968921461,-0.7138490318959577,1.0185923588715535,1.085477997837592,1.9265656863833982,-2.1273334929269168,0.28384476875338455,0.5377687717095976,-0.9655820756126997,-1.1669977189263612,-0.4273373680371724,1.146574270896378,0.35886006927174985,1.1005074062509368,-0.09944975850964183,-0.7663655347549696,-1.5329722652109905,0.07712692048046975,0.9435357497989596,0.6356845059855372,1,train
8.181703544496083,3.994025759853624,4.801001599884409,9.314722728741216,-1.2878450798036678,0.01896752932279506,0.15510619686368848,-1.2330842166394942,-1.747416238120301,-1.9853632327423756,0.7982942619171735,-0.5466427200723382,-1.155993288294793,1.3118312022493348,-0.4272481112063921,1.294526798312809,-0.21602997508134184,0.36182436950541114,0.07058490164899361,0.7209745854738784,0.06562603198473276,-0.6062494655398243,-1.2131719179080287,1.287831398170809,1,train
6.484675181699268,2.3375681894484712,3.999097968853077,9.508789221263317,0.46989570725066243,0.40040662273317523,0.8141683425761379,-0.9735493082036591,-1.1016195647131228,-0.1040072266413555,0.28382122966158313,0.045653334711874764,-2.10006700676691,0.6997827924104264,1.1669765551090994,-0.5069628590466376,0.18784769280760838,-0.4365644836692078,0.47543799143329546,-1.2077220361062484,-1.400255170182948,0.14878071614772964,-0.14244870508047008,1.269253160425468,0,train
6.7764458293504735,2.1645808840466274,5.103119286366205,6.48427024878766,0.023674210955263265,0.9102127695537754,-0.9878719371352818,0.5294692941411675,1.5369438479467818,2.125132144337831,-1.1644678762003267,1.210933088724904,0.568059667828411,-0.01817471270480889,0.5232315393523097,0.7004606537360116,1.2916317210874644,-1.5179756017391373,1.17256708043173,0.4025678014115617,-0.9915820097249762,0.7185145930537999,0.33982550371796927,-0.8309651893825494,0,train
3.8456931728037014,2.6639386465573334,2.1208777295140435,2.9026514774064527,0.06178462777946729,0.6736989340591306,-0.609248023515693,0.024073417104407385,1.7193408912551154,-0.31300974564634043,-1.6532923022533783,-0.7536229538976497,0.024398375913984104,-0.22552086883283534,-0.6308693441049005,1.0195401608650776,0.39681462774328446,-1.0236853586315755,0.23287565763931797,1.487105814753345,-1.3382013732949676,0.5496013159979761,0.2331006894538331,0.6920363147004726,1,train
2.854964368536251,9.626609073897317,3.4745058078835545,0.5396056526785109,-0.050220190563858506,1.0872667948740176,-0.800205310032529,-0.3947826653406098,-0.6962138076875173,0.8846387519586345,0.8548813633800066,0.36876560763224653,1.983474564906554,0.5465646787958648,0.43520554603239736,-0.20408696815859684,-0.032250119496919624,-0.908778856797981,-0.2890737299463354,0.2532713381942511,1.3289060611659511,1.3029635522383327,-0.18184596820966653,-0.7152723683578652,0,train
5.166686819746841,9.295062501542164,2.1294837174928016,6.814831788551093,1.2403696363070849,0.050866415726378525,-0.5134580241261597,-0.01771228726261292,-1.0534732139721394,0.22785109438033208,1.4765352477984348,-0.028148211685560247,-0.5995959519029799,-0.12101386353574521,-1.1009580312899834,-0.5816922438463002,-0.5445206674723414,1.5353890615000714,-0.4364561845512744,-1.9841009756951593,-0.9672300617674304,0.5974619957658307,-1.219084764027923,-0.8955648366656657,0,train
5.266756688644758,7.642646573766381,8.588258128469711,9.46790735691633,-0.1744434872278556,-1.2622751269441699,-0.6188612530804797,0.19390641735399675,-0.4839599627728663,0.9136015767404126,0.34818721091040805,1.6501622852336972,-0.5475418988193436,-0.3301973794334264,-0.40275782198515203,-1.038342600867117,-0.3451204975706951,1.0621435377855333,-0.37461587253463996,0.17337803111689218,-0.1693603720482607,-0.2151818189287885,0.7932314229121659,-0.2884144636011526,1,train
2.833692061089539,7.044942675384387,1.6631531992779802,2.9157385840703185,-0.4833011631878103,-0.24008975292827767,0.010162413417495682,-0.17027589569871784,0.5831487208656653,-0.1483240384978351,0.9705924627304936,1.7201905997431362,0.3793573472514777,-1.0465765928052801,0.1330138655327951,-0.2883707419890185,0.6234516225723445,-0.11496819053401815,0.12299201334058071,1.8216764275244774,1.2799076931081026,-0.3862071679153013,0.5420593397812059,-0.9800029583144679,0,train
8.274557989102282,3.8075463210318294,2.2486250673201527,0.7569827247292604,2.0020443693767676,-0.09071658612073553,0.4479512293495954,-0.9955188770657536,-2.289284050813156,-0.48334834650929404,-0.11237427998740238,-0.45586421172449826,0.03536482893072674,-1.4753085952066016,-0.7321481041075297,-0.5424352466172031,0.5153315294102,0.6164723625405194,-0.442788417002765,0.12445842906115777,-0.5317391144007567,0.8071848465890876,-0.9612386577984837,0.9069441194038286,0,train
5.16657806471199,1.9589697475541812,8.593678193229943,1.24353138505221,1.008036164867565,-0.9170008057431538,-0.09470784316117564,2.158388499718304,0.344617982325672,-0.4200202289743147,0.35226315928697316,-0.6489174163582317,-1.5783585285559838,1.6630302787314197,-0.7471807849651054,0.8951801590764876,0.15887802081045388,0.5809413049242044,-1.1639645225498767,1.8248482406654354,-0.5122915115346939,-1.5692836733406448,0.04230760290137531,-0.8716405759135394,0,train
3.472306128708448,6.041180838730894,2.750287170941413,3.9835154582690224,0.1341062010989133,-1.2404898350993894,0.24615381567257172,0.024409348211125732,1.1412645453797026,-0.7898158670112606,-1.6426326728717404,1.3391008612541813,1.0051446199626155,-2.4902505092956826,1.391112345483757,-0.5743253903881269,-2.6179689792871765,0.2758657367625062,1.3830688566350282,-0.2346850767268504,-0.7253025418451114,-1.222112852036335,-0.4425515718267116,-0.24172206928242795,0,train
3.1140636526895205,1.6965756748762117,5.705226340478861,2.330032088944564,0.7067436762123992,-0.938092453214167,1.2808650699615476,0.23920994444827864,-0.6678818980604142,-2.1650440899547574,-1.3708767268840114,-0.4418564330346588,1.020611056574619,-2.2049822141099535,0.2828672710492102,-1.3323859832262417,1.0721632480021592,-2.8337909561402954,-0.8725044401127758,0.18937929320023433,-0.37939541381889935,0.1596192655338918,0.655287941073053,0.7415593934075456,0,train
6.017216131912977,8.473444985163095,8.053532299123688,4.830455143943291,-1.0049615993854055,-1.0337465726779367,-1.9516131456114685,0.1099734567865878,-0.4773997198443928,0.2697294291481301,-0.14301494496654454,-0.18022514258965014,0.43729283920831463,0.045502981138056856,0.3123377423656497,0.960464393212431,-1.1555658415429588,0.23479073773009473,-0.24528170178209052,-0.6530592883072611,-0.5192070795840897,-0.9437420136775607,0.5289681488032121,-0.618914739902171,1,train
5.4378590563137745,9.338081114686155,4.829549780743671,3.382771387794187,-0.9216306658348348,1.362843657833308,-0.4034053272104739,0.6273675716078364,0.7448779170423777,-0.46025803255423037,0.12765943093276602,1.4264594041892757,2.355487046219251,1.0579956083253828,-3.2171808037694847,1.082208022796204,-2.143345876110525,-0.1530043985424232,-0.20751213821404776,0.971383968083317,1.6379236555435424,-0.1779513663523907,1.8121224725294622,1.0546277020075798,0,train
2.433622156097359,8.98079691904987,7.30798508536139,8.964267576793173,-1.150594240786203,-2.0054801628132246,-0.8597367678777385,-1.106840702640903,0.9299036731604391,0.4379410103340295,0.4471357089900381,-0.7312055119341756,-0.3239622798290611,1.2668003175322562,-0.9167520492694236,-0.04711108569626105,-0.7708129912709377,0.9737726238435175,-0.7132562186591823,-0.04844453413493689,-1.6290401246714652,-0.8755477457353507,-1.8152976003194545,0.9588410385241092,0,train
2.774123874934639,1.2646199128702629,0.1754231946016671,4.098297997510842,0.19063106147981634,0.8120231405545743,0.12484312236822202,0.6345415266269239,-0.07346557446428059,0.9179113697045798,0.4822477991984187,0.063807151903703,1.3750604534437947,0.8868962279367071,0.10123205242459779,-0.4021238128029621,-0.9118276080078547,0.41730129710648173,0.8754552458674948,1.252688604262225,0.47529563529962227,-0.5045676910595545,-1.3833029239094718,0.4929897786449189,0,train
7.020193296758638,3.215431294935386,5.985697756486616,0.43256478362202033,-0.8555984817889125,-1.3404236270054226,-0.3404861108643816,-1.1065415321002965,0.14565628751913118,0.6090488154025702,1.510579290660046,-0.10552940735117923,1.231624805521215,1.222253068027325,-0.9880264416830135,1.2168726206868892,-0.5172980314554815,0.23187307960518436,1.3580724194390295,-0.6340135256445159,-0.2535490088434653,-0.43344938128290167,1.1533417421046972,-1.7396430047730933,0,train
3.771594693256062,4.161881365627308,3.2769623929689953,4.456462805548263,1.3801219298916745,0.24368152847743502,-0.07432613861363198,-0.6578700752323443,0.7645150016225998,0.9262921694148595,-1.4723162503735814,1.3798070987541933,0.572181679081061,0.3175968111274673,-0.40653530027500356,-0.13839633007706686,0.23256242646429026,0.26193398037818205,-1.4655672832299431,0.6945943743873582,-0.270634181805485,-0.2134262771303684,0.7055337386831457,-1.107690555409397,0,train
5.581562629701036,4.757044952792622,9.780734320895002,4.718942246001872,1.1973195473509919,-0.3924285025211082,-0.8729750960507049,0.06549497440028429,0.23960344340173986,0.16870232287209938,-1.2820772932036673,-1.9487849788842622,1.0275896586745246,0.47899762617634145,-0.5778440701978873,1.3655490186192165,0.6062338431221993,0.23676732249000373,-0.4976705617963219,0.9914862632496938,1.5449860658639192,-0.1705658052427568,-1.3732037176107197,0.8215832466831396,1,train
2.1201507866708114,6.46916624926927,2.0227296737986764,7.204453513029392,1.1479241928741684,-0.7800934753133955,0.14460096462632888,1.161467650650116,-0.9728732666286304,0.26742801528882665,-0.0494319674307989,1.140131318746423,1.7352707665092573,0.4329478328570156,0.8869405839084628,-0.5889227277563245,0.5073184816317703,-0.2645993977114148,1.7821158678535238,0.6414723638597337,-0.3432283766580558,0.8441723709988064,1.1192288802897328,0.2398245078832208,0,train
6.105528782323382,9.401473495878573,2.7381231439869067,3.5266309273979513,0.6470043634851509,1.6781317295730398,-0.06589426142554758,0.38751135320980595,2.029543044732317,2.446351735393245,-0.39164567782361265,-0.7071450907102511,0.903101569949244,-1.3631209254046455,1.5373236340000034,0.26852659024323117,-0.7229664011157945,2.5102371896856583,-0.15147466881240393,-0.3412454875151844,-0.1501323226345095,0.7975415511677642,1.2043809578375875,-0.07944906821685464,0,train
8.149531217706567,1.9337275508517926,5.047980981899513,9.538412709117,0.960757365347651,0.10097158282103948,-2.1612586327409393,0.3308248744568936,-1.577451557123455,-1.508731806408168,-0.27485628486200037,-0.3943856413045349,0.5701725054202296,1.0427941322171543,1.5692649280850886,0.2757909191923401,-0.8977410353216568,1.4957153451687388,-0.7545924239605347,1.9594696157841256,0.03429780675227376,0.12189438027659893,-1.1437969035668252,-0.48439872025578284,1,train
8.060415737703735,3.4053727396428246,4.449820044862221,5.26876936960046,-0.26748079905203753,-1.0445752254262606,2.154170516623363,-0.1376370154457191,1.4005664072059196,-0.4307468297204446,-2.509065916246165,-0.09799357393011346,0.10747441461420777,0.3760925668297117,0.14087715987052996,-0.16240538910914104,-1.2534639912746035,0.0061449238185815646,0.87070152896648,0.7627146313041269,1.5209001848651171,0.6117373354283449,-1.253201505433759,0.7616179230676549,1,train
5.002590954276686,8.152122059151832,5.546340415820832,2.667709385466047,0.2345472852255997,0.047241624259592586,2.156676590252608,0.8428033711206547,2.663202616735838,0.9235059831676599,-1.051446197414796,-0.319999095799417,0.8430785581638343,0.023462964226932056,-0.231072396018129,0.7324057424514318,-0.14883324102978301,-0.8506085851655868,-0.6731429983415568,1.0386946671743638,-1.5693002355414267,-1.9168766278217446,1.6338569560355432,-0.09844818702495885,0,train
7.553397911465751,6.896281865575066,5.722213438171703,0.8017525355310706,0.29063058195895947,-0.7097117015786234,-0.7382009730744185,0.5566644697158831,0.10133719098937419,-1.4983987460178367,-0.594549844519919,-0.756263834030212,-0.03250789363168729,-0.3286762298844283,0.7417145896425245,-0.17991143285892502,-0.5427427295653591,0.589735101880019,-0.3564263195535563,0.09963701210589268,-0.6540604734893056,-0.9780285151110613,0.3967772262539366,1.851210281319621,0,train
8.912345995038383,1.8927285070816335,4.46470499083094,7.640840728423641,0.36255576912448734,-1.7331174735111405,1.885813427945643,-1.0848162935550991,0.7358001879407164,-0.739310391764745,-2.490736557618657,-1.290256879282136,0.4908220308372435,-2.5816480108889492,-0.2616535111937233,-0.9838147683812386,0.18587874266491597,-0.44215728094484047,-0.5826797026324493,-1.5773400606465424,-0.5248545608123543,-0.040585428170517926,2.960258312076575,0.4685926507753546,0,train
6.748009488597831,1.6463384473017628,4.889460586187495,7.590754107033564,2.8799010941989747,-1.3909836171410708,1.0238815738297582,-1.1544842600033973,-1.3615147457267476,2.1610604675015326,0.3125680021054273,0.2646138701657233,-0.14177577882269285,0.540063330266718,0.6739097865422652,0.3752540990820732,0.776169753282004,0.3592059404493999,-0.15419136545981862,-1.0250010715281672,2.038606465872692,-1.6999602963202136,2.7000233184483955,-0.02219069648969244,0,train
4.878231253877435,6.229849865571283,0.8293083201450446,2.1264298968258855,-0.34822898757436777,-1.2087354546458766,0.19481087684837028,0.10263947518411952,2.1693634154968686,-0.3607351396168332,-0.31740956293317024,0.5250767223273992,0.9842324249603771,-0.4370653399001441,0.12101593010450441,1.1636504331125075,1.042460609118713,-0.9281740034539768,-1.9134183380513228,2.86924463197575,0.3295689957740237,0.45895716702534567,-0.4246988840626325,0.9037750478315362,0,train
5.028286592251647,3.873540451488855,1.575827028483714,2.6179989085790814,0.5689478223788235,-0.26129048355662776,-0.44600178227610665,-0.616089879416256,0.10417708925373344,-1.2387212695016045,-1.828292488497855,0.9764766721434907,-0.6214090510176958,-1.0524432690002106,-0.19354204420266108,-0.42440736000340895,-0.8571800499751516,0.5617455606510622,-0.7792228316996872,0.07256196473522772,0.20494364242251786,-0.744468559951116,0.039239986948949805,1.84169749466982,0,train
9.249410573575336,3.621775995024344,8.513222471904466,2.9324952491381353,0.9651585578969936,0.3587600924090841,0.305657721402095,1.0789556593648002,0.4481053929543982,0.1265347797583598,1.950428484620882,0.3460063319629004,1.1742448276047373,-0.6256301142343794,-0.4460428175037499,-0.7494866583307881,-0.5229565332289197,0.27576085973700437,-0.7006334849659157,0.8943956003839373,1.18230594640455,1.066628998672595,0.6053016205270126,0.6966472188651823,1,train
1.4006674195816238,1.7247262735841051,4.916915475933309,3.1103525406759083,-0.37717704259588597,-2.1050998188117167,-1.9864752624912232,-0.3172050582941688,-0.06929563795150719,0.5189505781661192,-0.8523591304814442,-0.7500607148176216,0.5205394699005635,-0.8765189993608016,-1.2832821262377632,0.6649096518627113,0.4161775375069145,-0.3354884894214167,0.059526386231060074,-0.9225334470859147,-0.4213276805225891,1.2172217246010972,-1.3775688408464086,-0.45189305276247493,0,train
4.809115653280537,6.178149250400513,9.014974321243765,3.4636076297271448,-1.7558939198721952,1.2751180245734537,0.4862445335572278,-0.2801329923761957,1.6774543295500561,-0.33761806663290234,0.1513714540318186,2.52463468883652,-0.3993973710539544,0.6203301164334756,1.284355354481484,1.7154239140605776,0.12998950268879286,0.4425946494459586,-0.7417638618395873,2.441176731520342,-0.5888705406175423,0.8887687551872143,-0.8240435947951099,0.11449177684199502,1,train
3.1153113267423107,7.927455525607229,7.857048456937069,3.521263839467923,0.2659714199583875,0.744691144799174,0.0329731103632154,0.19848384704356134,1.5454639395744145,1.4667017355107814,-0.059804373633936654,0.9333149379176356,0.4072750568569711,0.9933952292194698,-0.5892880835058925,-1.3644682402764847,0.021895571954086496,-0.9346254334825667,-1.7889896933398342,0.5300446140826139,-0.5900615512550494,0.23135673798836204,0.3952064766143678,-0.048881096575922156,1,train
5.8823263579355665,8.982466285324515,9.36066508395487,1.7402774240374763,-0.2698046673822686,0.9620705148138157,0.02450578032023236,0.9909074721555396,1.072606444370059,-0.034476525867682455,-1.887691106540986,-0.004180097239651675,1.229162564348593,-1.4185734993375163,1.0225651840789634,-1.043912805205559,0.10248489096315701,0.7188923328235786,0.05151909124697481,-1.9693592362582406,-0.060259255727442756,-0.12607911568446642,0.23231750495661757,0.005082229059215613,0,train
2.7493506240908605,5.836572957998694,4.5827359633723255,1.9409000129691856,0.1864867508810958,1.4567953077161062,-0.8736696571386271,1.0800912590767546,0.5147575732951943,-0.6615430609421152,0.6983759828780616,-1.8523750728177537,0.9736592811480632,-0.09320394492500553,0.6294433591368293,-0.3079285744729183,1.8599150957520347,0.9742759959241951,0.1827249324331688,0.27985078759594717,-0.48575241770887945,1.0031223424720987,-0.21558899157080927,-0.27739182135172435,0,train
1.3767069260241704,5.806136408318583,4.990906703975162,0.25314615516812244,-0.12778159088288737,-0.014688393574837238,-0.18168929313925816,0.4059483874194643,-0.4632389104931485,0.10079151208635828,2.651995220099919,0.829887953597338,-0.037212206551415036,0.33977657443867054,-0.6726999063389769,0.7102811105147601,-1.5691650967820494,1.2124695680403732,0.2535152807311845,-0.3906988532109796,0.6168872012033115,-1.9046697437305893,1.9579461449331683,-2.305688417230989,0,train
9.877258578007586,1.4156155168070161,4.264374143818891,4.501668574423841,1.6354652409034875,0.6899235079188143,0.6901827124765394,-0.9841140195570399,-1.3080285520600405,1.1204770982053724,-0.6735247779434806,1.196158818816907,-0.41161222125452906,-0.5206233327245354,-1.4900527785878541,-1.003050786012218,1.7077697040066169,1.1084796035261841,-0.6551026381901127,0.9577784634893501,0.7556871017887538,0.11239898553756175,-0.8119013865524433,0.8231000694055417,1,train
8.96573475089584,5.034083336618597,9.187625837549202,7.5150166549662885,0.29888598087144963,0.8076306428383484,-0.6593497922748197,-0.28005165259254206,-0.09937461442192523,0.9424902634934283,-1.7657907506139674,2.5702676700195957,-0.600247926017228,0.11023428610073989,0.11470030503055989,0.49279263158732267,1.2052058062411353,-0.0853258092409801,0.17892907545796752,2.5725720895757487,-1.140214283946759,0.28877945487036716,0.958864047023891,-0.011395805221759129,1,train
9.420791998084397,9.338621179569383,5.348333324826213,5.585210111401535,-0.6020276145228098,1.2849965462300876,0.1465073410422575,0.6706282125965926,-0.2943386746517301,0.809343485324315,1.0764903465684144,-0.42994324293017616,2.63718570399722,-0.043685542641637355,-0.7008567702948515,0.5998541283366227,-0.22222315783525612,-1.1219269550622972,1.0496357179103324,0.6744522626875239,-0.1884967982732449,1.586628548351956,-0.8654811535691623,-1.8602441174102713,1,train
7.516464641651623,8.997635265939117,2.716119611117136,5.107332997535105,1.2516916412774166,-1.8619498196826583,1.0558207226374663,-1.4088274102419818,1.1291503131437244,-0.3570844446272694,1.1262189094343062,-1.7689042803564,2.3830547727321614,-0.8481643419317854,1.5695967052048179,-1.2460330884702673,1.5109105096084685,-0.05683605114026855,0.19230989560071446,0.11369194378160734,1.2895277492505575,1.5901828280588675,0.021616089923437082,0.884719390757206,0,train
5.89970887168689,9.645050284114218,4.116124029984447,5.436763899861702,-0.5478230074511089,1.3722394773385973,-0.650770367754976,0.4644347282478474,-0.4607580945708162,0.7003143838335976,0.9525718349050388,0.5626650181956866,0.35531155763487715,0.5494689536214177,-1.3274766132609381,-0.6798594085825671,1.1285173725546935,-0.07624599483936959,-0.8245710241058952,-0.7113259935058943,-0.2745755246279448,2.0730059604532673,-2.022142921017145,-0.7388288898426774,1,train
1.5362122328725725,3.583159180345298,5.587536180194012,6.483879303786399,0.27740970544879184,-0.22767662592574156,0.5904854438411585,0.9351261044408009,-1.2709360022805696,-0.32132805237518774,-0.26828380362522825,-0.9055030311723844,0.13870559753674244,-1.0554253121449813,-0.026967272848332138,-2.5972274528244648,0.5724093201435244,-0.2132742979818426,1.401293418060984,-0.03716856628115601,0.6632328160411203,-0.6114760077585002,0.08442349516502443,-1.4996177958910253,0,train
6.402085358216446,9.918589377970937,5.652637210395519,2.940406124937639,0.8360493375798375,-0.8227144879835666,0.9465034814903279,-0.8848204750750069,-0.8391594412730538,0.10883307029410179,-0.8617103795909142,0.9683016264917821,0.10595426800917483,-0.8280143064741761,-0.062388337559882275,-1.9138933298263836,-0.9633223866480038,2.180203783280149,-1.8474990972551906,-0.6054156064550004,-1.0158130364354863,-0.954488004051165,0.3495308118917835,1.525419493447337,0,train
8.518106566406285,4.415185192153427,6.2155539480710935,3.6308402321679756,0.48874300333107856,-0.12098223286580498,-0.3377652114476639,1.288477887373283,-0.018030834144518035,0.06098344860838462,0.6043301540710548,1.597453832779951,1.0564502109710414,0.393260315494467,1.733240080213496,-1.1916340789598594,-0.6399747577283141,1.659192954706407,0.39992441044902166,1.6977721188732708,-0.8075526192619741,0.4180476147072602,-0.8853597333583882,-0.5572810946242168,1,train
5.178198195675235,8.910021082121874,3.183367897293383,6.61481829001694,1.3417839750961058,-0.555749667968503,-1.2137900474835197,-0.38956295222594034,-1.4757926594918234,1.4236794588989719,0.4789708613156117,-0.6024571482545705,0.41222414965931975,-1.0389428269424574,-0.36436944139541866,-1.0375574161822183,-1.3842604488960837,1.9053967734964563,1.2907395454895267,-0.38902154800402267,0.5940432677453231,-1.1990130816014075,0.8393338210877559,2.2423426979875227,1,train
0.4322707181196628,2.9746656402419394,7.807998332214784,9.076703610447156,-0.19664104354490558,1.0533025735367632,-0.09898300367113075,-0.5972371113130717,-0.3362823598298052,0.7393100473049762,-0.41704495386410434,0.22209998039711806,-0.9843651055496351,-1.325996955364085,0.06048876306647211,0.028962627915489564,-0.932870461714092,-1.7465715796864545,-1.1119026953580016,0.8848711171149412,-0.18201332004398535,-0.021232960337138708,-0.1665638629635903,0.5071612407555548,0,train
5.936175177566357,2.3171010032531205,1.3052770244206913,5.533468261143976,0.08703281039330815,1.2919559470271096,0.09362176107121531,0.49929588324764274,0.19383815679803224,-0.8837293915838205,-0.6026932313640393,-0.6180327352438847,0.7744860473941794,2.6632083958569175,-0.7320606234912986,1.318885798047125,-1.5786216168868592,-1.143720527069793,1.4914666876535623,-0.7863956352755865,1.2953280509726064,0.07285083934732542,1.763019981714917,-0.21705460518303588,0,train
1.8439157235688708,3.2437165669899883,4.293563258804031,1.5449528767435639,0.7665452761038011,0.4003824121350462,-1.0930553247248258,-0.7986830432340253,-2.055482856584513,0.6427340427550515,0.6119124056413265,-0.5994981047059512,0.4083501126873307,-0.48950151731736524,0.9992222813762036,-0.37442805390269934,0.09835682750575903,-1.7143995472151559,2.019097457305167,0.0928394570465209,-0.05039327290339651,-0.7087065415686781,0.2615067908525272,0.086919857534688,0,train
6.0410874755275445,0.19300015438813767,0.884017115646365,0.03715855962166614,0.7073139355517709,-1.3436421116764423,-1.2273767825844832,-0.7138871005373286,-1.2549811276603782,-0.566819088672725,1.0517441230611055,0.7736843971739132,-0.2495593354616311,-0.7047069030786133,0.7397360316484559,0.19561195238196594,-0.21498704584662606,0.44551478832577535,-0.17611741499043182,-0.3590812553975606,0.3161102285036342,0.5939439620606636,-0.34731205267635185,0.20173814790574585,0,train
3.8469251478671938,4.620223948296271,6.449441152559564,0.2856869849013066,-0.4846444300100687,0.36317198102125703,-1.1187702688643424,0.5238445404821083,1.3231144098291265,0.4930986142061696,0.6972570315115452,-0.4312126049031826,0.7554114262787875,0.5831721231474966,0.7991021930051126,1.4879283516907422,-1.7988378105677048,1.9342087906302645,-0.11799477044454086,0.7861807544579203,0.4059611899308639,0.6215600318272443,0.7421412772420555,0.032170898858578496,0,train
3.3832311062136897,9.57774241746311,5.409747933943261,8.081044760529563,-0.9723310952963574,1.9190781833505892,-0.8507697668127072,-0.8733431274846003,-0.37240973070974537,-0.6865650244210666,0.5874932071821323,-0.19759199406949177,-1.5485149545008954,-0.7696757767133652,-1.080820585558433,-2.3939928992858155,-1.516765123119296,-0.4939824450406493,0.9690636787290049,1.1400221422107142,0.6101645812758572,0.5414572231321098,-0.827147404182446,-1.5386746746931357,1,train
2.736666918389068,5.780890568840061,5.707424844323913,2.708699187501682,0.5091818566940822,-0.43710163357500503,-2.102917651451077,1.6733187992445622,0.2487293266899398,0.5488010648347276,-1.2902215707757367,-0.21763963733020683,0.10131967989474931,1.3895398562477992,-1.1733345314786965,0.3033835399617903,-0.23627391140198328,-0.2676417467622537,-0.047039945839416494,0.948711097146802,-0.0623336127262219,-0.8798887134944103,-0.47726213047537586,-2.318531344983301,0,train
6.107034435511389,0.5188042756342071,3.2871367279446106,8.598135392250816,-0.44278352693643086,0.19715885023444343,2.5088032648323257,1.0098280566389983,-0.5096821760934884,0.9685573220239775,-0.1754912390095574,-0.871026030195111,1.7518104093842075,-2.3443503570950033,0.21201737905604884,-0.5420236099952463,-0.3283038497910618,-2.347963261618571,-0.11421258719648136,0.031231167977497615,1.0952761543881209,2.2455184633575374,-0.9633640168199532,2.019429342683097,0,train
9.93091386434721,3.0212149766641208,2.536192299698261,2.705673490890029,1.3335458712264114,-0.6702593055801213,0.8688150106164388,-2.2621876711231077,0.7130942445636448,0.40725669356039884,-0.020089699309869383,-1.1101271394024042,-1.001848819390714,-0.13456756492158362,-0.6105620737666323,0.40168715579711894,0.4344315967587192,1.1841029986110327,0.002392111692564498,-1.365383357443287,-1.2408106859613275,-1.5516374119288894,0.6108161068825141,0.18118229371436223,0,train
2.210746753145912,4.153293653484184,7.793793612687491,9.388173876393344,1.4383077991419477,0.009750542721652971,-1.4439863936201083,-1.6326896240950957,0.28758049356798737,2.1626506389770093,0.23009221728701598,1.2504219661733391,-1.2255131868729592,0.45576535821073355,-1.6115126038418253,0.0959386010070726,-0.6789564813573876,0.3515375221608815,-0.44702026707026393,-1.2441551520249527,1.0794024363419172,0.07245836560210613,0.734677332495215,-0.25524449713056907,0,train
8.227140725758556,2.7247553555733086,4.143596173221999,6.534250084965318,-0.739950096278745,2.1937515729738015,-1.6407732852116217,-2.449187002078035,-1.998540005939707,0.7823241297490208,2.141521476898788,-1.4110593076911033,0.6544161862199219,-0.34135766154283165,-1.6023751050608281,-0.16061366428859825,-0.5272592847362176,-0.24659628504670683,0.7122892821652167,0.1858156661258849,-1.3698035901988568,-0.5517300696196409,-0.6860126380230571,0.14131362843007966,1,train
7.322406891650411,3.6451380885173448,8.028410907553363,0.4848109120471866,1.4397656404955466,0.24331870557382598,2.5159837304237755,0.18727672460024672,-0.28308781746380357,0.4143583218891549,0.5894182931292867,1.4564830963587019,0.6670583115246347,0.5293746441504944,-0.08259182458698901,0.7471729407270745,0.24808747365330913,2.265479756193442,-0.3489691422633058,2.1849178223187606,-0.9164551417211082,0.31125293793621267,-1.2735645504053856,-1.763096713818652,0,train
0.029694870288522468,6.608677763863662,3.4607576839308676,7.0013357954549065,0.705738886642426,-0.6363232990678293,-0.3832869378579597,2.155104963090486,0.7861767790940646,-1.0609349902431382,-0.4810047282098942,0.9055231831705721,0.35423856258209324,0.3785358564532728,-0.6931763044476331,0.7032211517088653,0.04824753642116165,1.351722953379597,0.49032155299196906,-0.5138890376892657,-0.39758097124963815,-0.4541784583799264,-0.20312814562264236,0.6828137666130231,0,train
7.641825397127011,2.6737876349910783,6.18684933022843,5.856863240338664,-1.584751564735419,-0.982968308910522,2.5074223649671357,0.7141381524085918,-0.4484776206030225,0.10860211536959148,1.2464466950969573,0.44890634612792263,0.8173794286310562,-1.030125452352383,-0.055440927721807545,-0.2849251080822812,1.7554885610590278,1.1249388113766117,-0.4517503862293248,-0.18483170891857892,0.7441229350697208,0.3698764316398578,1.3754642374196668,-0.5521613863492647,1,train
3.5887664219499427,4.309079206785649,8.914435794886469,6.679001639485607,0.899314221230116,-0.5520343964765142,0.40112439562263796,0.13160699083920727,1.7073563434138053,1.0307014166411694,1.3818722254597027,0.6923536489150193,0.5965864935587835,0.25423294337566005,-1.095098470097303,0.06372467305205022,2.1157364588156984,0.4243959237869156,-2.2121628640089153,-0.29301104425152763,0.5310573870166676,-0.2566325742910919,1.7863307739975283,0.3263421554639273,0,train
8.598044296850167,6.582223974397637,9.838881366342076,7.488874701098709,-2.2599409249890563,0.0389256933977813,1.1649300426939482,-0.1170780887453193,0.12677423282823355,0.38233628061107217,-0.9631709662624727,0.48790019065949486,1.2468212542186163,1.5171426552651275,1.6243039266878607,-0.8733288698956574,-0.604112828936804,-0.3933398428083138,-0.4407748459731296,-0.8438617637112975,0.6171531005827257,-1.2083353419309177,0.9188049203788807,-0.25024981473909,1,train
9.972748008341192,1.0425336077012382,4.1514616530709425,1.5839878012345165,-0.8208933319205948,0.23593435055261003,-0.04524559454688605,1.0702888397057828,-1.8360675076893576,-0.03580359914638091,-0.12653124022948672,0.0288630483060534,-1.1679273944772437,0.6976873009944876,0.47875279288337896,-2.1281652537756477,-0.32587534833045334,0.13044534799277352,0.6140004601685443,-0.7187636928437336,1.0242978212410656,0.15528465297714278,0.8711954918842234,-0.5226042606399498,0,train
5.854577672688443,4.927890959760765,1.029925989042454,7.087196549025602,0.8260997132693918,0.245912296496834,-0.3584194641582947,0.15168883001815348,-2.0719569507768623,-0.48516055807506,0.9894292574203445,-1.187961438130403,-2.052517696770671,-0.7927961114728189,-1.4703433932803591,-0.2584100785822685,1.301888271449415,-1.1264868754879263,0.39923891199321043,1.7815820018877147,-0.6115714116150055,0.42660625159818283,-0.5996367956620835,0.859156314060882,0,train
5.499015873845261,3.939827482671028,0.3295118040702949,4.851395062126075,-0.1803454188505665,-0.07377363927625674,0.13926567704116125,0.49801281701188577,0.5223456518691437,0.2793164493068353,-1.2755503225645894,-1.0506300898658985,-0.12591335253616318,0.8269842349490656,-1.4937477054682602,-0.6373126795522841,-0.8247539835799703,-0.47767405026550247,0.4184445523539294,-0.5269498342777351,0.5489055022343379,1.3533522537043274,0.7176260121882309,-1.2459574985615909,0,train
1.657916582402027,1.1413897803734763,1.3676534156461706,9.931047760152698,-0.2214459294689415,-0.904430049549142,-1.050400551396916,-0.3549644656887398,-1.775164638373022,0.18699327074025857,0.5159170954817326,-0.2545954156093006,0.6700474196775182,-1.7512534917838036,1.4401079672986326,-1.4767981087402386,-1.26549899690576,0.4266699240647156,-1.190906328551431,-0.053506888958382466,-1.0680375401760347,-1.3306098214617035,-0.2519932895522237,-0.17306459683562786,0,train
6.079272627263924,7.1312200437149,5.19744699003577,0.21033435003658396,-0.9019476021308317,-0.2708092399903101,0.5942365403252934,-0.9443364385807801,-0.15918735765502987,-1.5323800154016913,1.0158155034286747,-1.6202623190999472,-0.49631442048368046,-0.11432495289520489,-0.05333122780053006,-2.2709167549916205,0.46327321025330626,-1.451175475747874,-0.2956533134515862,-0.8544927084646255,0.2660288720580001,0.06995771041404904,-0.22526202780789203,-1.1829992279185195,0,train
4.6279744415423245,6.076852375748931,0.5271010839446444,2.7779585224740524,0.8986531211722615,-1.3391329309489652,1.0084025551875082,0.9086728247755949,0.6067971172898451,0.31947650320230403,1.0821861356813678,0.9267057153357284,-0.8114019094006156,0.5268931580262257,-0.9394978036901029,-0.2000317864092486,0.7525782200847851,0.7071402108100212,0.17789114642850745,-0.2525149614848914,-0.4872199194078447,0.8957898836163952,-0.804621727816778,-1.1359858457575098,0,train
3.1749921926902758,4.383380500680851,6.792527397573495,6.761338071848252,-0.1495640712948189,0.7531673470727901,-0.8222839052168267,-0.7250504852000964,0.16691639337750663,-0.5544567041721521,1.6001949967216251,-0.2598301171515672,-1.995660070977667,1.9163131586611852,-2.1357735096391255,1.2089988820364719,-0.3273379045928235,0.03692675015442028,1.176797365971643,0.13981617405319186,1.0055484761648343,-0.0039006776329588043,-0.5820111690673062,1.1100956568027187,0,train
4.522689421621619,9.52481435005298,2.07325750024249,1.120874729854251,-1.2391249539967215,0.34058433560733953,1.1143485695141784,-1.10182175853509,1.1084897996126317,1.2903425749536783,-0.5469003755183893,0.24474594207797948,-0.8403197723571072,-0.5607139362839662,2.5009205002558885,-1.1219006099362199,1.3653763603103222,0.8683341382171447,0.3053083550896339,1.6567259888415897,-0.011973133668035317,-0.01572321021701406,1.637612480087399,0.1936965289692421,0,train
3.3971015900454296,6.0937945432589995,1.9702894525613757,3.9130611161781257,-1.2308155336085116,-1.0140081001801184,0.6065767562283219,-0.5593709996984156,1.2453746887210484,-2.0501299788887546,0.39584720089434927,2.1366478060247016,-0.3806120838098095,-0.31786455232232946,0.21470665617461704,0.26164453011374145,-1.1245650867676888,1.4320955884636606,0.4011376378625008,1.0419030557377498,-1.0148887065282735,-0.19942226786608694,0.9428406423360403,0.910905561873091,0,train
7.24148199154392,8.663225017436337,0.24800980748161727,4.775012573794292,-0.35446747848337745,1.2579945363893195,0.013255412373226274,-0.7793785348537919,-2.222578333870091,0.33989804815321817,-0.8544902966565764,-0.09474224550854442,0.3694632589275535,-0.6907528316253055,-2.023004515731178,-1.786569170186093,0.6688001085170306,0.726183483947189,-0.554437387557009,1.0351977626161106,-0.33412904238086594,-0.45505737199529944,-0.460541354025919,1.009904518773657,0,train
9.596304457849003,0.4105970135192005,9.995233379912909,6.711236053279067,0.878601359551023,-2.113035383345218,-0.6001996755532657,-1.8526804362670264,-0.7122069624178081,-0.25363951920856437,0.5316840762410272,-1.4813239382591743,0.8204598786487503,0.5825301246936738,-0.7964913307053888,-0.7480908138063084,-0.07068715543930426,-0.3308625677948191,1.1487292052575342,-0.9484425445952084,0.15675106880272668,0.18295088248955446,-0.014273148179771192,0.7008356202281549,0,train
8.34153221384188,4.888284992439998,9.916980354575848,5.766383690584465,-1.5569319018455374,1.5958288768328026,1.665840107191986,-0.631661265304983,-1.120924532039193,-0.609352660888108,1.400946146921312,0.707895749555195,0.9277786313886195,2.0285858774042493,-0.9619802196752371,-1.5379532276263246,0.32924706192622993,-2.740696188692724,1.7987253485605235,-0.022642169064235582,-0.19923620157198832,-1.0805063677232079,-0.2669815563904489,-0.47283098900615605,1,train
4.515710030712231,3.081140578351258,5.128157390617889,0.08401474031358269,0.41956167404670197,-0.09555518714162266,0.47952028557458864,0.2085521940616708,0.4703190762292398,0.04481491854160328,0.8902711569551688,-0.8192295665627424,-0.7987046816599548,-2.3600068421095,-1.0142452221616527,-0.9957264896937309,2.1466907545127554,1.0201859209288788,-0.24191070005977672,0.01482804335808094,-0.10355803637931325,0.27565114125183077,2.1952519855296146,-2.3154435196061933,0,train
3.343255928758259,5.1696363452979766,9.596546847587618,2.0319385648543964,-0.7850952896435273,-0.24170401331530494,1.768189194318579,-1.6831387782897178,-1.354039006117748,0.3908347637374382,-0.7496874186269279,-0.5356251766669697,-0.6715667934842847,0.2698762557222076,-1.505170940584251,-0.1385284428704544,-0.9633499503701564,1.011483536380279,1.0605330078437059,0.35594638932623124,0.28123606190015416,-0.04435560607020515,1.9912897354917511,1.026267396968095,0,train
9.622355342468241,8.555408460204147,4.854834323747034,7.73385327822009,-1.151130079206244,0.035029460634198345,1.232011613584896,-0.6527454510178184,-0.7405379275654628,1.996221608127683,1.8065509094778234,-0.6829354713462081,0.772480650838506,0.21926321507793453,-1.3638114235747636,1.4761861592989276,-1.433017330170156,-0.8900885081394355,2.215030754490834,-0.21737914861248916,0.7794202271199998,0.8420260555747674,-0.20378658653084725,0.7032600916300732,1,train
4.264065036968384,8.115060453009258,0.0808487359152954,0.735548737141275,-1.3430151194378033,0.1012115537713762,-1.1863251564179513,-1.1421325732746492,1.6056266094942298,-1.0862403476319769,-2.183036710125363,1.59692018230343,0.2163415845484326,-0.5244649575473512,1.7745215117317799,-0.3743115930802149,1.5946903062756337,0.6809707883091122,0.41888506720520907,-1.2723773665140872,-0.6308664846243015,-2.1114313787546006,0.32972901075437794,-0.5916390993247542,0,train
5.905972756798512,1.3333857798806448,5.834269666448218,4.0375772188781776,0.17647088310249462,0.08356602665909074,2.336710013394308,-0.24437485953681135,1.121412732502696,-0.001702476035320021,1.4567430530958,-0.16220385142872626,0.606057546256112,0.10110672282412826,0.6206902222097918,-0.39473630441466717,-0.8643946726238035,-1.0426580555650469,0.7157303160761964,1.7189943414680378,-0.36735822384227407,0.6383050255305116,0.5582640667939641,-0.1026384751120946,0,train
5.420158602006766,7.40043569960632,2.249828525367948,5.194739405998269,-0.14422611916527547,0.8606478151971169,-0.399469469070416,0.8457634890106307,-0.22505931560721132,1.1514458310529705,-0.1433435223148036,-0.32668522725240134,-0.3132444540855325,1.3168138250507944,1.292216147592839,0.2036475176419472,-1.5737580783508014,1.0986641457950048,-1.3509754611404428,-1.1597705049072558,-0.24815909538182498,-1.6675932450221718,-0.9857892458389211,1.4084471846603048,0,train
9.691580989543443,4.421691235508912,2.1441352216223786,5.171042211771412,0.9036209568026978,-0.9492607899328281,0.7719391679432959,-1.7092857621121635,-0.23266993503341954,-2.2004715487428244,1.4515758424324041,0.6291190268770239,0.4470103029377813,-0.778370966987254,-1.2200591338195055,0.11069031555031417,0.4331665769143222,1.2692917646962911,-0.7295104171429638,0.7015427983817679,1.6316821620651307,2.1830262811462062,-3.433566185757059,-1.184719733546335,0,train
3.9620873107821897,3.40282208643636,9.554462046680257,3.5346132942025443,-0.42639027095775,-0.024338837310294407,-0.11091001305299276,0.852758384301433,0.279548997620822,-0.8545357254983903,-0.2701739992819731,-1.3237992825240656,0.11951743216852367,-0.28919670814487397,-1.162327432168105,0.48312119448209284,0.23472089051647974,0.3732232022390509,-0.3705649829957889,-0.18733299341909107,1.4397108662223852,-1.4968267655469425,0.42927736797987104,-0.25784161208341416,0,train
8.890593287463693,6.5976734165798865,2.829757408183627,1.5004773767562574,0.273668359924231,1.68583151717381,0.19537710895004703,-1.873650893911425,-0.9545568135964477,1.3106394291489474,-0.5852487549295042,-0.9395102697146828,-1.5068457735147134,-0.46135356682614526,-0.17968315258558157,-0.01814230206823773,0.4304291305001549,-0.5234339124569579,-1.9614160850555329,1.7820541757977335,0.735205072530459,-0.5897957894276272,0.6082583849147588,0.16804375356443163,0,train
9.796989100066464,4.935275629761396,9.134745659201384,8.200641622781395,-0.997320632337451,-0.4602537654389475,-1.022814944896449,-0.056602469810763285,1.5621976681471041,0.24661856537488455,-2.1325320046194816,0.1330852681922286,-0.7884764137212897,-0.19289602254055443,-1.4014679060020898,0.04588947875566675,-0.3638578469769087,-1.5891797622573767,0.11666977186723117,0.2858691752992962,0.6969265356774992,-0.4465958886597338,0.19483249796805063,-0.689463792832261,0,train
2.0722070941661364,1.8340512183599889,6.575588872542674,7.1408330147205925,-1.0590285036048361,0.25115828529331735,0.6491447053694256,2.058571534041914,0.3044214149323396,-0.12941091269592092,-1.8224361588630167,-1.4258007131998383,-1.628633332769261,-0.4729881569216613,0.3709195439292867,0.8017881410993584,0.7599046498241636,-0.5762097138192362,0.23751685568553046,-0.3531262040689396,-0.08429560022443618,1.070344876915741,-0.2902485515865669,0.78035941519052,0,train
9.317641859141103,2.954342261966091,4.950676474918108,5.674332503962515,-0.014908078887695134,-0.39310155815466336,0.691142630275413,0.5686723688994911,-0.9236403558227836,0.37905715144739593,-0.4468438388824343,-0.013018452987276394,0.3986277131385725,0.30660795735294927,-1.1896980963219845,1.507186825344373,0.035967906812163546,-0.9681587275466198,0.7297037194320838,-0.42604871494953245,-0.15263019900361502,-0.19920165722860642,-0.1605335002538378,-1.082197570834533,1,train
1.3412134493144257,4.837284145746386,0.09580454962047624,5.348493010783945,0.27596787773163206,-0.6624328661383715,-0.27361502484013067,-0.7909429503042156,0.4072977751168666,0.11724250949348575,-0.7033504985700895,-0.5478903652609939,-1.1586841576783584,-0.08700891814006975,-2.214365795525122,-0.7451501594362218,-0.7462353844734393,0.37680518514273487,-0.11178787337323631,-0.9757814683258165,-1.607004827210544,0.04632451172619237,0.19146810588156474,-1.0468328192193856,0,train
6.5530206966254925,6.7636658501765385,7.5363262818596155,5.188723102627052,1.88022238122354,1.2561087880956099,1.522163272613111,-0.7789438602703597,0.8031359062252754,-0.984544308217522,0.35660491550582535,2.0591275286841597,2.243583429066711,-2.5247752985032266,0.8330836134786046,-0.2559130683826675,0.7747108061499473,-0.9192965699389012,-0.30074238182007795,0.2789489617723193,-1.7956585595034393,1.1143890959293328,0.28095087473312597,-1.0379903255545901,1,train
2.106716953948704,5.714280909622258,4.494629080852267,8.656091323992742,0.052326942110949536,0.7746993247924451,0.5947752969086236,0.14811546149786436,0.2513725421357243,-0.20693240706799443,-2.0040482758858182,1.8473705143535981,-0.11685515477017903,0.2713238375127715,-1.184800553656617,-0.41668470274811037,0.9244393653231583,-0.13293345325430314,-2.4797983138715667,0.2261168358922448,-0.12610830529672348,0.2446835607889155,0.3669213707014182,1.8035117977140909,0,train
1.807611455429955,6.536295074908393,9.776495224330562,2.2092924800695446,-0.8034825953020858,0.03483952249401629,-1.99983207369393,-0.1147866422460769,-0.2942134698046346,0.6370575246512858,0.7380906294925362,-0.004068964367339008,0.958010987677579,0.159198926153335,-0.6228446807762301,-0.5153243145246613,-0.8378199674942202,-1.7579208219887763,0.17666580193251713,-0.6254261440483544,-1.2669981668665606,-0.44251327441385313,-0.6349118970432802,1.8460296089743595,0,train
5.281537393431722,8.396241739909208,1.1100227381129246,4.851630362601416,-0.2788056989503591,-0.290195475294697,0.5392398495479199,0.8538282464917475,1.3143351057770254,0.04909298240143256,-0.9361323672131125,0.2587099002444271,0.014551196513135007,0.18499248548465244,-1.3789845225233905,-1.2805477064405395,0.2738492231360541,0.13025428945402612,-1.3631182987718022,0.5283260888111883,-0.5893158114645884,0.6627823289970061,-0.731301677709032,-0.905045754142281,0,train
0.25253909118927886,2.759155359428175,5.646806187545983,5.237743924919661,-0.9177157421000968,-1.7059050942638092,0.30552377021235205,-0.0389030353095256,-0.44327255761884854,-0.5091789851606984,1.3181894369489149,-0.606307591205954,-1.249726299050569,-0.44247105350327115,0.7749331126356772,0.8875118674423552,-1.1979620132891597,0.48602975058029224,-0.2769537964441975,0.23191050064772237,0.5380683085196859,-0.41269040953604025,-0.5147925980970738,-2.1268133283293316,0,train
4.399223654238648,7.477909905301238,7.785106308472781,6.162425122707261,-0.7517833934158722,0.7465275445606897,0.28759405007594213,1.4575924428918583,-0.350701393323003,-0.8588586195362763,-0.7942830160468607,0.9200417980614547,-0.047995012425657874,0.5358230906443152,0.2573103767575735,-0.12378453243165986,0.31483903052185547,-0.19951357447680937,0.8603407038654926,0.9414030462665868,-0.05150875124687469,-0.4428727850344167,-0.1277069483926391,0.9347654839783311,1,train
2.8216545839565157,4.817538964733612,8.875624040770415,7.983037864883777,-1.3774156335544072,1.2952023413161313,1.1194317209370859,-2.168145754598368,-0.13180143537035613,0.9456401764151187,0.24791374656134052,0.6941903900657652,1.143599109246469,1.7199461074764546,-0.015409833751477203,-0.7631016369158884,0.3484535540198618,-0.15293122941175005,-1.416024227909379,-0.5388152379204555,-0.9981670678774784,-1.751208160534635,-0.907438847317205,-0.3859636622752043,0,train
4.066688010062386,6.770545071062121,4.6321375838028676,8.814579944163013,0.7907323580784189,-1.4807593305394582,1.0206499187782232,-1.2117976398370007,-0.4289407985300806,0.6468811017794474,-1.157170054116545,0.9703035411031815,-0.996784992776342,-0.5276261146289223,2.2667503426895403,0.829850651840878,1.0352027676327262,0.6281778442752066,-1.3384376597690613,-0.5629782603301334,-0.4281841977032214,-0.37942824117773094,0.6455237064438688,-1.8257169908529647,1,train
1.9482501332122826,1.7587552469781198,7.6821049133402965,1.2040367745261404,-0.19700305069049612,0.7575407629402799,-0.06527140095268433,0.9411902765129948,-0.6658533202189949,0.48012308874932547,-1.120723971490787,-0.3444196878919865,-0.2849898740961935,0.35095532922508366,-2.7569381837421387,-1.400811298487634,-1.5382484031612802,0.7459311092600619,-0.31752613613440506,-0.9808418317507906,-0.5204089978785704,2.3146549400548495,1.6826064440662358,0.5000496653499603,0,train
1.456649050368718,1.6630368183406785,1.15503682932394,8.727194516382244,0.3338483518032584,-0.191767655517176,-0.35999246382768973,0.0595231952284571,0.8185599746781979,0.8763063031132409,-0.8945865042956731,0.21530035259201097,0.9191934004023143,-1.12389172896558,-0.558710754291598,-1.2481389156096698,0.10736094745942341,-0.6455783374752554,0.22675095671032564,1.681273364989156,-0.28265512417657146,1.2571572001410838,-1.5863572935020425,0.9734833444236664,0,train
3.055210739718681,4.052240996020541,9.373591266275707,7.729733871032613,-1.7525165414210475,1.5154633289825903,0.5929800185081887,0.969353637542901,-0.6293757917642236,0.7721760340753219,0.09458154531601064,-0.8465586875866321,0.7060725724909355,-0.9058146530644177,-0.4177253940616705,-0.04281047001516764,0.566407491082422,0.20839569745061073,-1.9669720224664393,-0.5985956594359231,-1.2352701728198296,-1.343801716573473,0.5165430468166158,1.0467033091735505,0,train
9.739980546896001,6.675643796857948,4.183918065809571,2.773838828913645,1.175296064548934,0.1627358431539364,0.9191618703966707,-0.4468684223660619,1.4539507460868042,-0.7441784468369301,0.3892007655575305,-0.2559258998732257,-0.42990172782175873,0.6874054000099208,-1.0274193976093293,-1.054005692361981,0.3728802567508745,0.01950751080595881,2.223443564093219,1.0930477076488623,-1.4512498734547676,0.5474595139924135,0.4482972758232419,0.801302593243081,0,train
1.0930439537524994,0.6152356038467932,8.975190737711177,3.2550113396321367,-0.44729059788942327,0.1365050554188899,-0.18904843179904438,-0.8482873583458699,-0.5232107661227833,0.3606982491074935,0.7917810198379683,-1.7182873964395269,1.1829150659268481,0.1777404250897312,-0.14114700089833837,0.5864494074480955,0.13510805342421892,1.3554971179782467,-0.9642200454803916,-0.28796449979300526,0.6214080332937568,1.0353864083023994,-1.3124118059788377,1.1781723901061303,0,train
2.5144551401023865,6.501296069870918,9.970986344256954,6.710050901563176,-1.081143352513819,-1.109124889301492,-1.5259830716729554,-1.262142913533744,0.7339630523903032,-0.07620276297989705,-0.88023310784027,-1.3596039656242955,0.25025317019770016,0.4815320893435596,-0.44132970223719803,-0.5336547465215151,-0.5075988716967073,1.1863050403236453,-1.0072685752651918,0.6298968662472955,-0.12021246360999598,-1.2305366608911643,0.19639132540266274,-0.6213819990932703,0,train
3.352423738701682,1.953583048169032,2.086181726263805,4.97024725754183,0.36334434026474155,0.751801378215312,-0.531020187213044,0.08789442816536402,-1.0551225372669166,1.2279240902477284,0.7227035579157176,-0.4838895484753683,-0.4174715019539573,1.0056688288312505,-0.6333936481709251,-0.9461907731132784,2.0330567514518383,0.044633354657346434,-1.809888815661751,-0.3149668356450878,-0.539710398766352,-1.0898288670201968,1.619693847404252,2.4934133886983627,0,train
7.744264662739866,4.518850423620151,7.7619951378312155,8.052895298220744,-1.6249036944025923,1.2773383450116649,-0.07839157975748236,0.35987897008072933,0.2660181431237657,0.7811148241343095,-0.4874084904086428,-0.5699229561791511,0.34293400453908746,1.8509887504647322,0.14161253445724153,-1.0942005659493934,-1.7339663536392589,-0.9473053397629937,-1.0504845012713868,-2.3768844726976273,-0.05919464800269055,-1.8221121253844816,-1.3677458042496453,0.07001689477702921,1,train
3.24677609822825,9.909921696589425,6.512971066108129,9.577355549658705,0.6907477534045532,1.7161290252466272,0.348458637122683,-0.5771946200498465,0.7544179638104033,0.4388996131575716,0.7603983442460961,-0.40163754964580795,0.5814656676932652,-0.9011522247542286,-1.0954013349160665,-0.9834570601255261,-0.6513303783217228,0.7429159890495566,-0.9036639013487463,-0.8375869288881714,0.9506362781386248,1.1986006905285702,-0.5058317547980764,-1.7494225158706218,1,train
7.993072951815098,3.8461540941274763,9.557635301821874,7.9672928373033125,1.2276460175651889,0.9576485538338723,0.7059624264114479,-0.1711152955057304,-0.6048929468377968,-0.8437153943101229,-0.9249622202357168,0.2464882469133432,-0.46260027341390764,0.11649795453134554,0.05773419430987707,0.1614584314421613,0.8758700665303967,1.0003516019092105,-0.14404672751467468,0.3082400241713669,0.4034783429076463,0.788675880751902,0.38077259716954137,-0.06319933107541753,1,train
5.7624105469891775,4.38027621818633,4.146966370639503,9.083254208257193,-1.315624819310349,-1.2556849991329273,-0.6267417280405774,0.5119974180853462,0.37501896350908653,-0.34804117694263625,0.3680708540412716,0.4030490513718254,0.9746509190002438,0.47775479333043447,-0.13207696314950185,-0.4432637151387457,-0.2820648825570906,-0.9489646423127193,-0.02956431910319688,-0.9519558520403409,-0.7720662140507949,0.11742578975772533,-0.21912741981935374,-0.8004234414344903,1,train
1.352530735484757,7.724344915415444,4.832068134740593,2.9185954843322315,-2.282590932459419,0.01802970159646192,0.607985865212301,-0.4308763852068516,1.1713866771664674,-0.23392990224050883,1.1364684591019816,1.6829940762315472,0.15643553894762174,1.0685788636381026,1.1427693271595538,-1.128973507830224,1.4553974134774414,0.7023948098426721,-1.1992577587353153,1.6499569430176642,0.4782482857444229,-1.5019199655616031,0.3589708034849706,-0.4194939083825912,0,train
4.387317334685489,6.514208289469345,8.950897757332356,6.065780728439627,0.110054902151154,0.15151581137968587,1.4365112453081714,1.2208318557201907,0.45140216922622756,0.44803181033790096,-0.6531102801048473,0.44007181967521536,-0.8634416225755709,-1.9717326393053851,-1.3788521635251763,-1.2363871969418012,0.1846700950566672,-2.1254179343175044,-0.6924773085139863,-0.28435303766775494,0.4627781912077577,0.19471647704898365,-0.7155066065762996,0.1751205127475542,1,train
6.348837575364889,9.473149662211625,4.962254842572169,9.326136163691169,-0.11430071521612965,1.0839398643986813,0.3407145493595063,0.3760301004840958,0.2657026321187975,-1.2533182413587187,-1.0749879719844297,-0.010012413379728264,0.882723826455374,-1.4760530656548139,-0.4554207114371851,-0.9047128655963078,-0.7090813728366879,-1.1581170462339245,0.2776971343880999,-0.5311662457040836,-0.32586466374863104,0.5225802004728902,-0.583979322463759,-0.17882599955356707,1,train
9.67536193756562,6.807319960617867,8.159551632244536,1.773666165934491,-0.134075231505278,0.5496313828885301,-1.983718712754946,-1.0973461255514505,0.39044447132408233,0.26623187408133714,-0.615375431280552,1.4129456198686017,1.7355872767169984,-0.9201960259281917,-0.3178632152888271,0.7299479551132031,-1.6766727446625194,-1.843151663241073,2.6794460684357118,-0.5090029685936893,0.37179109636497043,1.2492150187129167,-1.2707878123060259,0.829529181822874,0,train
0.8571999445748157,0.6513047797303917,2.818183102716778,4.810413128796537,-0.9870797364760502,2.6034874246728337,0.3161537354566373,1.7277958881556732,0.5522414238444827,-2.6370419768389226,1.486235396938055,-0.06935516032997134,-0.08815154691317963,1.035659870934816,1.2256896449043042,0.4938095373367422,-1.189404182920974,0.09169741208226988,-0.49124364357239736,0.7440713367049268,2.366604635090538,0.22758305904424625,-1.2663811950056185,-0.1346122203378502,0,train
5.727182158214077,0.6220378982250929,4.531780041735846,3.405086667674304,1.650308239493883,0.49167659383285617,0.12803290097259187,2.1189284837970455,-1.4462821391891287,-1.3771917457911174,1.0824740155694328,-1.7029923471801816,0.292662907321245,-0.2851641740667321,-1.1899593599373846,0.043298045485028774,-0.4944724588918128,0.4680273404288851,-1.0106207743002389,-0.5745353938039797,-0.6188411429568871,-0.008422821169296242,-2.440678875835739,1.0765319491821022,0,train
7.510199995719339,8.66600149415866,4.143494191989287,1.0128099927333345,0.5861205702820251,-0.03695354623506828,0.6041308603797667,-1.053291935347215,-1.8482212821070227,2.065811843301608,0.7905834236941265,-0.7575801670147977,0.9854239157329663,-0.11828847603514554,-1.2745002258259002,1.4521437092025684,0.6283629090266487,1.8127930333644124,0.2911001388026914,0.8374931296047621,2.7041087416430543,0.46668702127657125,1.1279985947520348,0.8810582745648806,0,train
5.569831963736448,8.509649238141124,4.233620089963272,5.178882032560046,-1.770014630444514,-0.7410857138299187,0.5669792536496806,-0.3786037633971155,-0.15939181125089652,-1.5638197673971626,1.4362594811556766,-0.09873836979539158,-0.2174677164161204,-0.6750377459153467,1.0722592234057868,-2.1501945885442364,0.39380213846400397,0.9214674320618295,0.57311522610064,-1.9559317738443431,-1.1358136370834313,0.5863836192514191,1.1681810221740923,0.4110321755678093,1,train
2.164046844350458,2.9285869849501145,2.18694346836789,8.086759509221068,-0.834204458804062,-0.03632426530643198,-1.3219841324133228,0.0824903264946617,0.6874452639786538,0.005688285841771748,0.4376943656699562,-1.264821621060865,-0.16571842978729273,-1.175703840374495,0.22435056313335847,0.4623425998649273,0.5198977477007796,0.11606386145537542,0.8853314708401773,-1.2242693181917148,-0.7012511599302718,-0.1514589431883212,-1.9951753618005095,1.2691506149957228,0,train
1.4005735356383808,7.127992559669625,6.309745698679965,2.460896138617643,0.25567183799543086,0.5845913794052167,0.03997615830043851,1.6735972514338309,0.8700938630782901,1.2765456720504584,-0.8475235456964942,0.16030048337808445,0.5467091965405373,-1.2208833713733604,0.715749637097849,-0.9800188415903498,0.364956497282268,0.30535177438093075,0.89077040807078,1.223084690441393,0.010530743518696173,0.08427017322627604,-1.4138438199578256,2.346589538856022,0,train
9.151821408268654,6.221024033893818,6.392683702456704,3.5453757991000954,-0.24438888611987314,1.2684529606000612,-1.7719384692091336,-0.7275293321485841,1.3546724370602434,-0.04349844440877087,0.2157387743372419,-0.6884066652106773,0.2936309470568781,0.5299307057342093,-0.9172948310906389,0.9195404490305473,0.9131897977366112,-0.0338373026104793,1.190854800765077,-1.217053112073754,0.778200284479597,0.09394111284553129,1.8331281365635774,-0.5169598799711722,1,train
6.246770140278417,1.4477683398508923,2.767264466915391,1.4945163647895587,-0.4876816692280637,-0.9757740046660199,-0.6265913906235216,-1.30109622459738,1.224814851637695,1.409464316772514,-0.16498882689660796,-0.02293657110303649,-0.008412296660539696,1.17629970922578,-1.054971194016591,-1.8163732164164816,-2.7326470291188065,-0.5363626077758674,0.1427230924587705,1.1362164189161903,-0.23857299429830092,-1.3633126336657413,0.008179303665256024,-0.8453714830323049,0,train
0.9038448567516533,4.574489064466198,4.825790499582437,6.213470662884121,-0.8827509888065725,-1.3966087976619883,-0.25696131897375696,0.7122479471778036,0.23014860579575305,-0.3109090106872111,-1.6100845138459756,1.4559922053195864,0.42659916699165595,1.1494673522222874,-0.7821686210464802,0.9315362976349241,-0.3022499996576778,-0.4903765241866661,-0.13035084712364955,-0.7242809569122354,-0.38018000332237584,-1.1407911551356853,-0.21304393581742337,-1.3173735590102489,0,train
0.27195486435741434,9.918118899565172,7.2675993875881595,1.841772776686309,-1.5742085417002851,2.1452435447486473,0.48263953419490707,0.6575601476377207,-0.9542755555601367,0.16241811249227714,-1.135092104471399,-0.6698178124784478,1.172671942841641,0.797716259825372,0.3840364818281009,0.4499931570743555,-0.0922674765236489,-0.4322750053445553,0.6220556356938559,-0.3135135018656962,-1.621275246055586,1.1709679954345666,-1.4698919339540395,0.14224835188265478,0,train
1.587695746686708,9.860553324406888,2.7328922805256974,0.6967997021929184,-0.13800523970920936,-0.7175378948174043,0.22907668616091337,-1.9334310047240841,-1.9828416840414096,-0.22210706607834074,-1.1214727186115436,0.8616156304162388,0.21114466005196145,0.17492716437819836,-0.6501168998353254,-0.029668352565775467,0.9238608288610022,0.04446231281237195,-0.31461093457927125,-0.7116556387622991,-1.7429757314990812,-0.8676796250354333,0.19628252515833894,-2.6057338728787376,0,train
7.494363066658199,8.11984296585248,5.892064416164384,2.1739035389495296,0.10447064502491264,0.3660228580345619,0.07602860910181912,-0.21224944921709596,-0.2895525566148461,-0.1291913047903085,-0.9512832974760823,-0.7639387312168175,-0.5006391345916719,1.4893776862100527,1.511048234118308,-2.122900305565115,0.5136882625228212,-1.143989833342008,0.6184421450217387,-0.4302198984398789,-0.5711007553675711,0.5017848004037232,-1.4686240561214194,0.03013225872194886,0,train
6.792319764697026,2.5102310214189725,2.1697868186267364,3.3838863399920163,-0.2754554841326131,-1.9595017242537816,0.4264033368456012,1.0614834764277719,0.9945229999240481,2.474617633610326,-0.6338704714525856,-0.07958292278054747,0.5519676658661063,1.181343895814625,-0.8729557693136664,-0.3987843815372248,-1.2176317145144873,-0.35626198172470847,1.1992235979655816,0.8486260927979693,0.6301029204765973,-1.496977265114632,-0.058622304383128834,0.8452719660754306,0,train
6.692648007837333,8.379723235948529,4.163471366551269,8.975823074658557,-0.09584384100837216,0.28351244925742264,-2.3052150002728684,0.4289137872778769,0.094210146466639,0.07125139955659957,1.0074924218520203,-1.2062235111402437,1.5161342400215954,2.30226374953016,-1.5373157970099067,0.5714425695848382,-0.8152579534332038,1.108186946715635,1.9885916209464813,0.19154230645408535,-1.1372322559505326,0.09188175112571326,1.117182280402579,-0.8686976634162822,1,train
3.7117630732415927,7.904216486416315,8.470849330257977,2.6166943570521752,2.334830185766168,-0.49328626405762177,-1.0339728488455995,-2.616964251593537,0.5953015582150951,0.011311699847950626,1.7870128370760767,0.17328526231800215,0.1744243505970859,-1.0835674398363004,-0.47163840178370076,0.11768877675292812,-0.48797187911499285,1.1503477302596257,0.642621043556145,0.7079778118729949,-0.06319065383673944,0.8591217561816488,-0.7421606041308264,0.8836780729128098,1,train
6.281367769894608,4.651976929517669,0.46661601542347886,4.049983894420172,-0.04295763629677736,0.47551520382671786,0.696321155941322,0.14239128498838086,-0.6840854566538943,-0.0299845965394141,0.4381342065600269,0.04292377804412244,-0.5842954042396818,0.347932313410009,-0.43214534432232277,1.0227015696271822,-0.007759083596425416,0.6330258721292401,-0.6044748745218277,-1.2666600362676437,1.3175107842699794,-0.7750577391589705,-0.20558414098254443,0.20445704247180907,0,train
0.8662883005003852,9.00403679067873,0.24085719934864525,4.856786101255281,0.4223147826020764,-0.13366723938068187,-0.9789766030905682,-0.6652638455583887,1.8648668962825243,-0.22323218918832693,0.035514559169636584,0.7253088627464689,-0.6949484204701568,-0.5938926026291416,0.15496601458716217,0.23997211087449227,0.4635358639286176,-0.8814415509704943,-0.3792105023794511,1.8679260511391709,0.5712332415118316,0.6050578172281252,0.009965362852817152,0.6553419382969183,0,train
3.558036964726977,0.8651535090924478,3.9441012009826504,2.6152441461787133,-0.2487934904450125,-0.03682972351697378,-0.1706992081429034,-1.2549663411107452,0.6553429564055628,-2.4446440416080626,-0.3019290461950188,0.26530429086432317,0.39264775969703747,0.9026436001110576,-0.6312527001358333,1.4507520006025976,-0.37923258253689385,0.7217475004551603,-2.231039401931139,-0.03021218079716432,-2.0853425553052447,-0.19775294475269223,-0.4705318380229191,-0.2717326049407285,0,train
9.07303134820362,6.444366156928489,6.4626044949837365,0.6045231354948488,-1.0557832815387553,-0.23457893519874715,-0.7993862213755779,0.0727188256917148,2.2613279216041153,1.5766660971944546,0.14707527503560938,1.1808201334029909,-0.7084117505544648,-0.49758742938786094,-1.7045158119437291,2.1462728248755387,0.1762241286817092,0.12230106487100434,-1.353659019908888,-0.2767961813648396,-0.17003448149610131,1.044229334704038,1.3169082025712062,0.0819903536494697,0,train
0.6735376012860006,5.851942950919016,5.987038771302488,1.0181009074563874,3.0107321725295595,-0.9480567034758285,-0.718968601907632,-1.0834869219556973,0.004007378450903441,0.5918417517906677,1.4361096119367875,-0.7233410286263604,-0.7162229230317819,-1.0514141970625772,0.9115593370373339,0.2784123006141163,0.424562797401994,0.14792488742077964,0.38072262335789414,-0.90047695198227,1.3449111289808302,-1.4589223447113593,0.18042409902415757,0.9970573775427861,0,train
3.1057992261838296,2.9967223676310395,9.715324719085496,6.272933204659196,-0.4303816950949773,-0.6621062184969535,1.9435714655483929,-0.3616724351149633,-0.32448587035505466,0.9642228065685338,-0.0009577999387312425,-0.0022322021139807215,-1.433113457521022,-1.250413568662428,-0.184506506554578,-1.1168506140514836,0.12793143528135828,1.9122356602724342,0.3737954451710044,0.259101677504024,0.8067881598554667,0.8836721284496477,1.0278078314444914,1.8998588002942847,0,train
5.442973710368832,8.295234548243567,4.747010709269169,9.790058007131531,-0.47363688886954136,0.7411009350286909,-0.5382232951096966,1.0237909353983983,0.16826565149360168,0.3075560160046212,-0.3261079476586297,-0.5761352467093084,-0.07112718073767041,1.0468761965665148,-2.476531705364194,-0.22234819090373154,-1.1778539964182606,2.0289625377777734,0.6986184817236336,-0.5104912982219763,0.554484987745047,-0.47793719496196574,-0.6697262666264245,0.08180047519584817,1,train
7.898255600059257,9.197476554950207,5.957228451082564,3.7898304268766427,0.12052105273693055,-0.6059079382977693,0.16948508885696106,-0.2917741607788439,0.5197644457606068,-0.35481128933375805,-1.0458824710027161,0.974924749050062,1.0084107378662746,0.2587646744590396,-2.0856745964984675,0.15562606414237573,-0.7832947402126372,-0.6951543081474606,-0.6031859905332518,-1.4330349926574146,1.0425031131423645,1.329628883572595,1.2602144317957946,0.07554061622309302,1,train
3.4227878457910412,2.0147950191195694,1.8364910897212539,2.1316545544130863,0.4143605257845544,-0.9523297492211277,0.4001759924129406,-0.14473123483732017,1.590975409022454,0.15949973004355647,-0.9879441958168477,-0.8112657577079486,0.6141152041290309,0.47388150133843127,-2.4099416791999473,-0.09928847688903172,-0.07173242637122447,-2.0672426507032537,0.2683850325731082,1.0097989461496801,-1.2503803728320608,-1.7285644257760284,0.11888389164717326,1.3951150394667786,0,train
3.495819724223449,4.868785260802984,9.10833175132884,7.598963483724079,-2.0015600797057456,1.5286288296974546,-0.1023658753477062,-1.1556241826284241,-0.8178301411087785,1.3140524253633332,0.355220833761924,-0.41405243411020126,0.6724754393553931,0.520000250496293,-1.618974719750764,0.2047048367152002,0.17866011279470045,-1.2463320101895894,-2.5038210665698295,-0.9186474013137514,0.936506476240642,-0.18314430753162103,1.2139117423895307,1.131086275022444,0,train
5.033278401411909,7.203330402274696,5.537719591279463,9.587807109453758,0.141411993943877,0.6238881112071822,0.08957588560875838,-0.747483485573974,1.213037800795119,0.8824424742275757,0.631246213023807,2.198923687434066,0.039769345083741234,0.9832328983338353,0.5806763763671567,0.42360124598861826,2.013657740349662,0.6095970902907994,0.45302614539879904,1.6311895120095978,0.8024521896161665,-1.5481371719846524,2.1600983531021796,0.5963864406875602,0,train
9.666420840082058,3.6886391847535616,6.502376692506218,1.4356649044750969,-1.8577900704341266,-1.181223021188836,-0.9580140897116431,0.40755663936582376,1.8621493226504502,0.3503699485097804,1.9995170891935696,-0.8436008107532044,0.2966600332271837,0.5296358201785278,-0.8254285060891258,-1.7793115512547524,0.7596718214869534,-1.5065413434341222,0.09522416021913435,2.34560620969072,0.07827136945295902,0.2535497903741778,2.9691677045109452,2.2427459151605733,0,train
7.4925137972164455,4.765754614809091,3.483087626037713,0.823134005437306,-0.10597998987525951,1.5398597040882258,-0.3361438605483955,-1.6707818051935026,-0.8482647046167023,1.2165603519231774,-2.584689678260252,-1.3531396697663187,0.6323482352680863,0.3345258566595079,-0.6712091142281218,-1.8718970962081671,-0.7853670216121539,1.8912371027600787,1.0082050627433259,-1.700730522893792,-1.4691583768633254,-0.787296380294667,-0.2891102103575416,-0.1853752379987989,0,train
9.715861164615577,9.695307757332166,9.530467018163195,5.756447391856668,0.8942793217720298,-0.8232944192406826,-0.30040722888867316,-0.8073964522489916,-0.07750142233591399,0.44356834221163666,-0.7047213630928125,0.47407833295673946,0.980113216197752,-0.17388126748772526,0.45604688579005614,-1.2052984485550955,0.6750317248524648,0.605317336433923,-1.9904517168499314,0.8361811914024013,0.31299712419259856,0.7881878308025668,-1.449678329503726,2.1384530674063598,1,train
2.4636368163826505,1.588104428457493,7.442415286747909,6.445191118973684,-0.7080350745336327,1.6850557520781217,0.2823042710481188,-2.086842459170114,0.7102396603650456,0.47032318646480925,-1.6660211389750197,-0.7811195202871876,0.06814397261571363,0.8679743472360881,-1.0738541975231513,0.7139813810283373,-1.0783355464237594,-0.5256702569066589,1.495558660856652,-0.39196603902720706,1.1132063109915231,-0.16083495460136976,2.9821558889049737,-0.22316378382346727,0,train
2.9393486661066115,0.9964779668152424,8.731092024573394,4.553018355586078,1.5137922075975538,0.22258154854422632,-1.0388172356429075,-0.757295985315853,0.38432399833645264,-1.4889868237447779,-0.6443284333427126,0.3295764053819759,0.5274452197143662,-1.6638157887497438,-0.012172190584358051,-0.3344144395449652,-1.3416671236809168,0.19098184712313615,-1.1918395536296071,-0.8244922070720889,0.2691974707437049,-0.8427737244969281,0.3711547966024238,0.766683833718419,0,train
7.628411667977931,5.251215359428833,3.149554551536289,3.9913253809747196,-0.8134030189808206,-0.30396597762357846,-0.3267299707276728,0.3541650685691438,1.061615189396511,-0.24581738888789664,1.5591109375659329,-0.887418765465594,2.240621397641549,-1.1487277666767803,-0.4671815362279147,0.6575873810614654,0.55325641669375,-1.2673202095015503,0.9930367208560889,-1.999401685352602,-1.6657049380683442,0.1829453333768804,-1.6713324147447495,-1.2855235766627202,0,train
2.7414311078457985,0.7896308617484693,2.5077476316883853,2.427946442768465,2.401154556675113,1.2362796561610745,0.12556882996980578,-0.4719904918216214,-1.5593790942164802,-0.7096649945233815,0.0006036933561060355,0.14653496090007692,1.713954716325488,-0.6304139423279012,-0.33625748290048985,-0.5929412457887013,1.5133530513234013,0.8619247019405761,-0.8441049446355229,-0.8626442570706891,1.1598483966594628,0.8267676923867265,-0.09089212199418267,-0.9175562185084237,0,train
6.5391684378647845,2.63665092270959,6.622041706163326,5.183830322050515,-2.6501703199221827,-0.05685534449412846,-0.3986559253394063,0.729085834174907,1.354803104416529,0.2516466395241807,0.1774723744802775,0.01074131891681455,-1.044659588626257,0.0744191750501782,-0.09479204986706731,-0.16335376238409954,1.2147074277527938,-1.0597906910136226,-1.5584558040408323,1.186925329775192,-1.5975936344089616,-0.4049219503987595,-0.36439415239272704,0.6643111013242828,0,train
6.356366100598613,9.728294660597335,1.7848167051452057,4.258173588054558,0.0859413557265205,-0.36948898121218127,-1.4470867494244632,-0.5538557085437636,-0.14499333895663402,-0.21844805089643995,-1.4907590817579157,-0.45915994027288004,0.5105145390345275,-0.6695125955255188,-0.8102493183688473,1.5768046974317274,-0.6987956572986372,-1.8078591052761248,0.4759090087527574,-0.6629193933420263,-1.371163086060892,-0.060438016577655275,0.5435932229267014,-0.6991842952000873,0,train
4.440082801290753,0.8136801127939675,3.4588820895837524,4.575541841841032,0.12349371208171858,-0.8165993931078729,0.029044771462830445,0.4060797888012077,0.7394229582726687,-0.7240037641700131,-0.3621840706306513,0.28429677666974906,-0.21505243101406651,0.6441163695890534,0.578070270665118,0.07257512457115362,0.1654574362973026,0.8882955724196754,0.2759011245054911,-1.0601040508528408,-0.37864224364564303,0.7447337582219182,1.2840128139017262,-0.1462848386884628,0,train
5.902159577956575,2.9878384474449837,4.5631735288912525,6.0792445248788605,-1.1296873618861234,-0.6714731757281107,-0.26366043454553884,0.6923939438711687,1.2494020529812158,-0.8380083787368626,-0.9343651572643704,1.0363023728530187,-0.8613985872225757,0.4807092246643267,0.6540984881206988,0.7769046491105397,1.4321947689026444,1.007184266727968,-0.08064263857917078,1.3270503156209894,0.39324162762873727,-1.136997135336753,1.1993899410251576,-1.0902831088432166,0,train
1.7260484395580522,2.5033133589747925,2.301904317346406,5.066198824063713,0.09351358701200892,0.014949039485658514,-0.7101130258305807,-0.5859021992661096,0.43111343569336125,-1.0191746132659372,1.7858725228493053,0.3246503977700956,0.4324839541524223,-0.1424988923279761,-0.408639907352601,-0.9903021092865557,0.9998223072471915,0.9460401179124619,0.7099108301388904,0.15653463666910736,1.7067292292411083,-0.32277848719222263,0.7240135490134311,0.733938048278198,0,train
3.4900038126001554,6.590504979393809,9.591833250204413,7.924266393387434,0.6779006666386689,0.2124605161053698,-0.4199054804688318,1.6281632910581403,0.38073678528961624,0.6212878062728927,-0.5052183616370152,0.13835614490081719,0.8853353926632984,0.07309119566144928,-0.7173636116055366,1.283723345580917,0.04073784014658073,0.9672228184880878,-0.9421479820642246,0.9594452423635098,-1.0282711230574377,0.3806479390813726,-0.609138183978635,-0.5670916684569708,1,train
6.723568760731623,8.66988791076238,5.917200212274586,2.0318723214873327,0.545492561784424,1.8007191220934697,-0.5279742844836127,-0.5060105308750422,0.08403973979538985,0.03681227642056252,1.5811966061668659,-1.320808604344688,-0.5456502054319217,-1.6184225695073833,-0.28318720301351635,0.4096164273506364,-0.762259258938635,1.6200662385305713,0.32412369980930067,-0.7941376285518561,1.0076707925677146,0.5881088437555921,-0.38328727963332343,-1.54151939376965,0,train
6.717546503920355,8.022063539243593,6.983134395844158,5.036471341106427,0.8835280182752615,-1.202987487418202,0.6717502688067861,0.5042209269801994,0.9698079263529932,-0.3201978420476348,-1.7516047364682947,-1.8160613212919297,-1.9871134402904487,0.47894593912463584,0.07489853061740041,-0.1026707968519963,-0.21789050601344423,-0.726937488826603,0.303207128205726,0.6659914524239341,-0.4228238400967668,1.207154103998169,-0.31350799761468795,-2.0532895428916977,1,train
7.37215602826284,4.883736390886128,3.0031875931592666,8.586968363982784,0.5615277120217977,-0.4239555498327272,0.3787654385888431,-0.26001583434632125,0.6378624138833039,1.534050080913653,-0.24673650017946996,1.4559138753479433,-1.8447648237856389,0.6013343909116349,-1.9471611485324216,-0.7765465477945188,-0.5934435412088621,1.6830460873493793,-0.8025870976867592,0.37291039006135407,-0.028256735026677107,0.28949877587183076,-2.0605836512105333,1.2053488171817586,1,train
3.6032984407846937,0.3414401494744701,5.2757186022599525,8.05396371372109,-0.3517556318061429,0.4270858145063782,2.188699659283795,-0.5837490439049599,-1.2252165845541487,0.7685289682380402,0.9285573231845373,-0.2425562607831608,-0.07214566222465747,-0.14481969248363383,-0.5298672703970057,1.004608466371816,0.918333601743438,-0.3171954982852921,2.272760965842611,1.3446300461862144,-1.1031924564123845,-0.8716506456027856,-0.040879467193665656,2.2303792474906956,0,train
0.5686310869139788,5.130158182155384,1.2987201959394745,5.076100050827076,-0.4018327711001081,-0.42784109409268156,-1.1466367415813583,1.3306355839463788,-0.06540074825541674,-0.9685397545140083,-0.15134196643410686,0.620443297612655,-0.2073642204709159,-0.000739927197566488,-0.6338000892203515,0.15166517515454478,1.4490927547509111,-0.8656449899838589,-1.5059242911897899,-0.5038903220999682,-0.21968059254885744,1.3908535528741812,0.8515535820709773,0.361058811206122,0,train
4.410599240591012,8.188750148543285,0.04974734033371231,3.856329762328632,1.343932112219061,-0.2116648591158338,-0.27881759279401913,0.7647098712402718,0.304460771694254,0.29713163924771774,-0.2732110001722264,1.1165863582750444,-0.05190823094383073,0.7085780159148071,-0.438496232854764,0.7589087793179724,0.20279263316058446,-0.06495892856909788,-1.168392419018134,-1.0116604381101135,0.051594672150747076,2.940834702242025,0.23384084416019033,2.465152262981343,0,train
4.795678178574493,0.12358417963084456,9.343810129419678,4.928627931858932,0.3659064048272617,-1.3053017146372992,-0.6873200338188469,-0.7920228618763776,-2.0217007330506567,-1.0577276002380704,0.736893280588575,-0.8827127671958784,1.4896302426034076,0.6512786649343605,0.22798851093160039,1.8729014756150877,0.2579355777510935,0.479036188424368,0.28258420247292143,-0.5350457008330363,2.3489873195811537,-1.9923483817521324,1.0152010386430463,-1.029896515179078,0,train
8.569350079797807,8.285982828314653,6.407503177873358,5.873792791990253,1.4747952642107458,0.21672634377175473,-0.3945048542964607,0.4037847443538864,0.5536997528832992,0.550776619137663,-0.55527378059011,-0.21290614273507347,-0.14520328237559765,0.5180862947897759,1.2133929171431928,-2.6716491273036014,-2.027403377171758,-1.4151721351945328,0.9758580636787981,-1.0573870826917262,-1.128699894634027,-0.5910204694889629,-1.4698540888551537,-0.03584683963533997,1,train
9.505764787440132,6.414278089240909,3.7207671478934334,1.5913769574634784,0.8750540812433261,-0.12165854740344295,1.3592169297842052,-1.7304644417394088,-0.8797229463819843,0.18612037708534293,-0.4020998285765714,1.8585614022899442,0.247188246417983,1.9846072357158497,1.5811180948944314,-0.6735635302345387,1.286140703280798,-1.2206127862840517,1.1108664004496729,-0.5349905068024112,1.248897840927473,-1.309882115024276,1.0106579627740975,-0.18208494156886845,0,train
1.284680144851097,4.397429888681871,5.945654066998496,5.637320192488577,0.6468771302061778,0.5750665789705665,1.1997767703986282,-0.9346192159645679,0.12835619314063235,1.0574130050540236,1.8414986677528422,1.6766049702456567,0.20234071968502312,-0.6081433952004456,-0.7311292162974468,0.22461963231841683,-0.5649402766892648,-0.21350704347433713,-0.8511786818410105,-0.8742525769537978,0.07884304625350785,0.09867184649341387,0.891905113898961,-0.9097889757921955,0,train
4.822536015338822,2.901967826977514,2.7563269766221774,5.178914974725465,-2.0816180923003063,0.9865994360655979,1.1141586949362956,-0.9919894624152344,0.2075541385204147,1.7696986370929564,-1.070657187768064,1.7985975582730118,-2.330825486953452,0.17424562496975132,0.843389561023376,-0.2869672833289216,-0.9590695201167643,-0.3166495007780957,-0.7662992980709813,0.03370033915213537,0.8788828504377042,-1.3604076443562654,0.18226313479361886,0.06520827431086788,0,train
5.995715911970208,1.6521922947948509,2.2880803968680405,6.020443118658491,-1.1070948023215377,0.8387112491144646,-0.037908112511142324,-1.5344949621628994,0.22293816752599752,0.9260471210355736,-0.35363338447185527,-0.8567763762560964,1.1792986708854338,0.29729520115241215,0.3128647460304592,0.15195334483192596,-1.1374308823071502,-2.130725571877694,-0.09713199818301312,-1.3536490847311142,-1.890382826504562,0.8633990602770797,1.0708790549763383,1.3658496765099508,0,train
6.654906244989175,8.606837726823898,2.590731971541068,7.307965691735944,1.8532670768174557,0.05851019374831925,-1.0860904104921405,0.12643898111095608,-0.4049392493623607,1.0339720586787813,-0.12133790962937367,-1.2835891587932868,-0.4540726175353443,1.4717158885781052,-0.21223635757043594,-1.418437846110105,0.5888562398895787,0.030940431489446748,-0.044972966975310065,-0.7952910256605029,-1.401230072764146,-0.14088808011077134,1.71975860788454,0.659126706720537,1,train
7.696706335462081,2.8961039886489557,8.586236053727541,6.933343338431892,1.0087769250496623,0.050135678587883335,0.7110824289868246,1.4293573293458708,0.004918359692963784,0.5303831664924944,0.5284456366680075,-1.0233487052895442,-0.3353123372905132,0.5428712799964659,1.4728760032711499,-0.6953999484108618,-0.6071968245434618,0.717409975033138,-0.23822713316838748,-0.10816836704080734,-0.08590474095387514,0.2682192216283631,0.021399916514684196,-0.2665647389624207,1,train
3.2479038558322513,8.503207857474015,5.6249462070144975,2.689936665853787,-1.5791292377482853,1.221087788805197,0.350199165021812,0.03220063234918126,-0.9334337493737791,0.024999335884549032,-1.2590172699056932,-0.2363543048251466,0.06835442034887383,-0.8733412698774812,-0.4137249620553067,-1.4951781223850462,0.6810836667139726,-1.1174194123538144,1.126510054158472,-1.4203180772033335,-0.7954011602621092,-1.477868152900071,-1.0575292835951011,-1.2220892050412142,0,train
8.31007595873464,6.493370835733589,7.36813620955659,3.1600822049875363,1.4151478418014525,0.22067948538906992,0.16411397119290855,-0.5535793632724845,-0.46308542866934144,-0.10299999090246803,-0.39023649506045827,-0.285552884750494,2.048276294287654,-0.43843625986336265,-0.605289642846203,-1.0443772672046043,-0.48935642160843873,1.1897543239076294,0.2535844302127189,-0.8035307625191923,1.750777037415596,0.2267545570265506,-0.060167041625135274,0.3519386464891828,1,train
7.911949069276768,7.01190454183633,5.181284368059363,7.7633991193879375,0.5519964924047948,-0.6930687397069448,0.712362543995615,-1.051723843911378,-1.3829215077319805,-1.4460503300937986,0.1552329610913465,-0.6368512620376422,1.4912199381788689,-0.3402150800684128,1.1321086243472693,1.0960007243039054,0.642599497046635,0.46164102704519705,-0.8419470158006511,-0.8747597716605233,0.3777334855345998,-0.016699837161520615,-0.19343117026661696,-1.0818736759097227,1,train
0.4621802409481035,8.562528643354895,5.520572808910562,4.094515155255786,0.39672912009552863,-0.05129661517658332,-1.0745289369942579,-0.6440412355931849,0.377110960797778,1.5715058963478667,-0.2810167318198155,1.761376573513732,0.6291084868142569,1.689870402488957,-0.04211046622871609,0.7561435002729096,0.7222776438353872,1.8277656855865632,-2.098775450659355,-1.405162944284509,0.7396935940124518,0.779468405529581,1.368307807961612,-0.04613339589852591,0,train
9.30884566391699,5.634060839629274,8.895561448181923,1.0866557015225053,-0.2515876211252281,0.28175404715909896,-1.6073813631704617,1.616967632535695,1.0525733736254939,0.3697034355152758,-0.5732083272819529,0.6844305783231757,-1.2646751450067575,-0.03400720864377041,-2.286137188861704,-0.13686590348546981,0.02394694227502452,-0.30450418647327865,0.5578236541655668,-0.267793060518637,1.9318999804442143,0.7614191326881826,1.022344103786926,0.5821668071401185,0,train
9.541551728845704,1.2247601888570392,8.845983135827574,1.3572796658697306,0.01159156106231876,0.6926055233468071,-0.4508894324100573,0.5443679061701502,-0.5104223497673217,0.8380660058386463,0.23277476715890033,-1.1048981273788343,2.664220784599456,-0.08260664563399375,1.9211720969124668,1.1013910809777328,0.9576136763414033,1.4911336058412545,-0.14944000249280845,-0.8651133067299406,0.5482105835641427,0.6106433442785184,0.7874290333120909,-0.45658279693119913,0,train
5.9824665068459115,4.83320079769872,8.445598934771224,8.684317790442206,-0.6362347278538565,0.21505367368261233,-0.27667162440454846,-0.12622756100703986,-0.5993578307010484,-0.8028677770777921,1.563862629575224,-0.6793605689193316,0.646138134659515,1.6880463330053734,-1.5675183681577038,0.2226184385294484,0.16420454385264435,-1.1019236682959783,-1.304570604950369,-0.5858733500895559,-0.022165264796453588,1.1054393061275427,1.6979141457400686,1.7159067834830006,1,train
5.112750141307039,1.4803134638286586,8.988467226243287,0.7234380213393354,1.7458422190914211,-0.973802869980757,0.910434994363875,-0.5634709059576942,-0.977385580229551,-1.4206497595180938,-0.024356652702059757,0.8231855389570572,0.00880266804213609,-1.0463509588706819,1.4604182865641975,-1.5106855584740635,0.20329917883930368,0.4585137187592623,-0.32969513117068494,0.8935923293334106,-1.2135173659648983,0.6962761071080388,0.2482137958878032,0.026189230938676807,0,train
7.018021782656879,9.30238085484168,8.511345600915174,3.257768816232481,-1.9813961226980035,-2.1166880733923015,1.3790730731890897,-0.14395687290862005,-0.44677315248447147,1.0903607170231613,-1.07697649910682,-0.6244205554096076,-1.0372109512976675,-0.6189222474338186,-0.20988891285438754,0.12405365338116309,-0.3390997477059843,0.24582076997742197,1.7940450399486338,-0.2832563432738867,-0.03858757784570021,-0.00972630239890025,-0.08163022781999005,0.4611282644394309,1,train
6.367955244505855,9.293930938720914,9.57684742632883,3.6178491773379307,-1.8882400869351488,0.20226380199056043,-0.9171084176307411,-0.9558033264538257,-0.8658548233535421,-1.661730944391524,-1.0108440439269697,-0.42331729489168685,-0.08960393381005442,-0.45039906102075045,-0.8066768595265392,-0.0924747791510249,0.816947978208957,-0.33879352105801275,0.4002759682246047,-0.006962630372785866,-0.285082469600013,1.0260712720302358,1.4690887825241394,-1.1011051735329818,1,train
3.96856962461962,6.918937803063492,7.500227913787465,3.7735221688152523,-1.8912554364435468,1.374962734985066,0.32267273530215984,0.701621987989175,-0.2675216651824652,-2.146584435638584,0.5864312846050682,-0.8313138231847648,-0.01943181393832239,-2.0499178416657817,-2.4810866717283364,-0.12450387701783258,-0.8536587355130061,-1.3920346155346468,-0.9134369601025562,-0.3205698857821748,-0.422655145056366,0.17961460307193408,0.9233386860842036,-1.2222176674286584,1,train
2.1077705587368953,0.8234684275562587,5.94245670305696,5.629307333714176,0.9248703357795476,-1.153294469630836,2.097465483661122,-0.4444704319490467,-0.7482057983228491,1.558929712530919,-0.5474955142036902,0.35640658206703,0.3807791571683303,-1.1989246533274038,-1.2618550276058687,0.4198023651285768,0.9042747998679016,1.8551424756380914,0.7480802917469966,0.5150175560042016,-0.3263538418700755,0.4738310277716534,-0.5643425648672866,1.2787560773889417,0,train
8.523907097140754,1.1696717346715124,1.620692677509744,9.715489258650917,-0.7025818128852223,-0.3780377435529793,0.5253116575232604,1.1471596202892909,-0.051492846399829456,-0.43264301316411835,1.2879226136153434,0.09490132093175059,-0.5777395340433398,-0.9547961949876216,1.5524160356194832,-1.0312173009927001,1.1615125893480243,-2.446188692702642,-0.40316418383118646,1.6802978546136822,0.49422715199411116,0.09026493852286396,0.4043240596806868,-0.06209679643815146,0,train
4.343817684180104,8.80686438689505,8.178447593105298,2.7357513839882417,-0.9392252906629113,-1.6128658603319455,1.2090452081269847,-1.4406764023486982,-2.042932568097461,-0.2209730037740657,1.6427670937383438,0.05080345262913291,-2.0652834009287067,-1.0068598386169774,-0.6247361854056723,-0.2239289439256556,0.0812339675852735,-0.06832962788622578,2.4849483631137543,-0.9951944267100135,0.23670179979534095,0.33938079509585567,-0.760944576189867,-0.3517522641172958,1,train
1.5401725684303924,6.720132365792432,1.2896453558768062,6.534293264829653,-0.4628997939710897,-0.11076349745409775,-1.9496645194204916,0.8259382953151186,0.2541594951085913,-0.4744721224270249,0.03868723528327453,0.47422302788409276,-0.3626880092249366,0.8949675012131386,-1.0524771688668118,0.4540902060444723,-0.9452818808800056,1.3499164803079922,-0.7584192430399079,0.4012480262803772,0.41204973855517146,0.8095700898285542,0.10754699452055522,-0.4707440746473437,0,train
3.147586544936577,8.516729919404241,8.894570966043108,5.898996832913338,-0.7817128187099927,-2.6074476012907346,-0.49890567118486434,0.07170810063136264,-0.27065961837143265,0.6800572758191327,-0.30132528391860347,0.2063016853058201,-1.5711873830348302,-0.8259267967317321,0.635210192564976,1.6281181882025593,-1.4336145146255996,2.082843349656243,1.5433839132463132,-1.1459309155758006,-0.045171626027391214,0.8547213363291497,-0.9902066943078417,1.3017545381753273,1,train
1.9106345943093739,2.461735467039542,3.902841020239838,1.0228503735443517,-0.6876732690562074,0.6183063069652271,-0.7632392166397484,-0.8064700194980169,-0.32112147836025107,-0.15797934846958386,-0.023395611335400024,-0.6444033278349031,0.4188267126057383,0.38450092459086704,-1.292041401660941,-0.22524193106670734,-0.3359092367216594,0.651701115733216,1.1590729560318132,-0.4382650834219976,0.686302282547435,-0.9848470237718865,-0.24311868538666567,2.140180733175347,0,train
7.052015301220366,5.195693734187493,1.2648138151371913,0.31671729444119334,0.18718042263411874,1.679278854676796,1.4917040105813004,1.2523150292532232,0.6468894058908742,1.8236527291583289,-0.22055218564440157,-0.1704932667189881,0.20336292608783604,0.2553902580133504,-0.1629493982047047,0.28009023241639647,0.6081709585113817,0.7684349414755343,-0.7331828914435826,0.18977321001318734,-1.2501138187904692,1.4084231718979396,-1.4631683898181729,0.7950485855372781,0,train
4.486937381252609,8.092532320246178,4.176630386760747,7.415788509334316,-0.35741906784915495,0.6489818647300711,-1.0796392717635428,-0.41577942242669746,1.190736238028078,-1.5998150733835637,0.6082290395746145,-0.7786801269612972,1.5229575289840755,0.091202935506538,-1.5428640472048567,1.2021073784029639,-1.711216098236905,0.6783821598822201,0.24915410031556506,2.1453674701519465,1.0387600886181705,1.6472255744288664,0.5536154542565171,-0.25662841009479365,1,train
7.903001577452321,8.526009210698627,3.6825432728330174,7.345111318296933,1.5575323960194019,-1.630266515163471,0.03903636224996317,-0.9564189855677202,0.4528114074144391,-0.3396779363189213,-0.14021898622146722,0.3976194040635247,0.4707937565384143,0.5813834646189409,1.3582008211306758,0.13985954089834154,-2.31850191558014,-1.1708810401463936,0.44349977792939116,-0.08678548649644491,-0.823111657306233,0.5823032366491699,0.29710452117643354,1.6190342865332978,1,train
1.319484854633517,3.4186573350794824,5.684829215985335,9.474237290898511,-0.5008243638823515,-0.005674256438424686,0.4776094427625912,0.7619944527695971,-0.23415306007968065,-1.7536357566976213,0.42898705831881295,2.2238979218217754,-0.1382959688401813,-0.7706718531377644,1.107987157037481,-0.08668879648458842,-0.9371919921806997,0.3068814099192621,-2.5318397778581936,-0.7506952020737492,0.7583625305706412,0.762179923053111,-1.9401470529051854,0.9783686136646357,1,train
7.59055568495665,1.4928856617782393,1.9065840231675824,7.375204694179789,-1.151961615058841,0.6707442142974981,-0.12191868956839506,-0.42972468924750457,-0.34702582853516345,-0.3180168770357807,1.1629353666526108,-1.9738793927732496,-0.4414826249498997,0.7156630968464995,-0.8325993328287786,0.4413330071291682,1.2216632465438702,1.2179797954919689,-0.7179089177960253,-0.7988057695112417,-0.3374120201312868,-0.8003792579291412,0.2474577924106294,1.8733852537888982,0,train
7.744239280609936,8.52352714325389,5.300087303539259,9.202568605748574,1.0738955124053033,-0.03130981961267396,0.6268717873722467,0.3239376353254275,0.04781909994467947,-1.0230993770322765,0.2684098155162069,-0.44320419504012165,0.4888813736675357,0.5116224609960419,-0.7890458984630199,-1.8584893711008381,-1.0307472498640542,0.13018041222191717,0.5640851695531585,0.9190960328436679,-1.1273269239062742,-0.3485646840739775,-1.2467741161643995,-0.6229888388695418,1,train
0.6104811677972,8.808243296488733,9.921056544621901,5.4092848378580225,0.18707685746468058,-2.319940929135795,-0.23349437606460813,0.4015028154305783,-2.7757255449898537,-1.6363725535787357,2.6584773103251895,0.135182084540317,-1.4646159682491424,-0.2500889417231356,-1.0672032048276054,1.3534047777656437,0.51687133750458,0.3079234463163202,-0.1984724463348551,-0.34500480382134435,-0.5865982349084543,-0.1927609777994494,0.9613816393848698,-1.1579754522660033,0,train
1.8960667772776485,8.313871492556581,2.4353607323784674,9.192671539517788,-0.6951596349218477,-2.6857645337610685,-0.685352641958753,1.343330100733621,-1.2821585148592134,-0.56253302585462,0.5278825901212842,-1.5315748507528084,-1.4089399763535186,-0.5943973384342344,0.6144926867556516,-0.3692941963776196,-0.09021607086417925,0.11658740020039485,-1.5923576882690806,0.7541369392454137,1.8046445274571044,1.1777315716547978,0.3033782172175066,-1.2041174853656795,1,train
3.5973304554888887,1.3885641566966966,7.278108381986597,0.49708179348906034,0.7950455654365963,0.5364178354809125,0.7049321978967074,-0.29459445811888463,0.771925554765035,0.4056470546831078,-0.02482183293207712,0.2713075155092067,0.7485441461773307,1.809721510547418,-0.051248066247679316,-0.9046204806133711,0.2679625963790506,1.7858264960120742,0.334459191192787,1.126990595739819,-0.2101334851445077,0.14496246955762226,-0.6053243935860584,1.2531969440923685,0,train
4.205708099418944,3.726236372006965,0.06068888574742526,2.108786953522195,-0.5596323556975925,0.267481462305757,0.6840636942931603,0.13649927835229989,1.3311748985510967,1.6130154431931853,-0.6457676737457355,-0.43178835503541185,0.8544207146264043,1.8947277923973493,-0.07568188103312004,-1.245312805180614,-1.1081003815995598,0.1292406590074488,-1.4249444167968135,1.2671815914145077,1.4510850957913997,-0.8399770064179146,-0.8237193833843749,-0.8240245565737627,0,train
5.428256710573139,6.523562841830042,8.299832496721036,9.538857733502951,0.3033137529220579,1.8458911579587134,-0.5772718505007786,-0.24552369801107515,0.2997047360904197,0.20573336416719265,0.6792035182767476,2.082750794358575,0.07093134574421252,-1.8836354308391865,0.01527103139888029,-0.1894085264588433,-0.0984638319171506,2.949858233195599,-1.5492887198519192,-0.6345468880898969,-1.4083368328508075,-0.4531302186027391,-0.27593957843964007,-2.315821895603593,1,train
7.574153954234344,6.4551754719558705,7.533423605065128,1.0761574778184069,-0.196347658133189,-1.1539412048804967,-0.5893216137258117,-2.2907391847346665,1.514959114482833,0.2157476144830731,0.3669803342019757,-1.6817867460082407,-0.26697077135706115,0.010433239839313473,-0.8813296562454627,0.0008828322814207626,-0.1497053265486263,-0.8949453697297927,-0.8355801099885125,0.299847604801941,-0.17030296854399715,0.8651561496165484,0.8924853687114231,1.4647472130037271,0,train
8.043465797140414,9.66487926420503,5.642236347256216,9.948945286729925,0.7567999172245372,-0.5245706949313672,-0.06642245534143533,-0.7621077004941762,0.45999021983071225,-0.489857296557553,-1.317057770429589,0.6715898276086686,2.483940460591759,0.19985661124302972,-1.364850757510414,-0.44232450720108357,0.659096272003893,-0.18419314330930453,0.7039854245190152,1.7995875608016192,-0.1486148816240279,-0.48646229045601247,0.3385826048029079,0.09612226240186719,1,train
2.6839129367510295,6.840092186650719,7.863446994389927,6.26126780699329,-0.7787879991196153,0.924482234358302,-1.1205001497436464,2.186368374197219,-0.7889197514910962,-0.29261356631947827,-0.8629905041276726,-1.2304260334901391,0.1250709845445615,0.9780220042144482,0.7339857891020484,0.17653912502481253,-0.3258513796878311,-0.8166014168699866,-0.4560222196362827,0.7371975532879709,-1.5231503884467612,1.3373200280477255,0.712918353841661,0.30849231016175593,0,train
2.1556947390345735,6.004044248018578,9.70890475706448,1.9480839614293621,1.205831027184347,-0.1680744036949136,2.0716387926280344,0.03612186187551594,0.3171088495182464,-0.7803440346962413,-1.546439654654691,-0.294695800712353,0.9681548501330434,-0.5757462226516133,-1.599917118125178,0.8451921224089928,-0.236417124424946,-1.756350381868725,0.11265111172297175,-1.0447601050276445,-0.2681839630607186,-0.7514255033367998,2.426403199251274,-2.0212779294275838,0,train
7.794390543488895,8.262628023510961,8.472559133558429,6.678047362820216,0.4496228853438624,2.348074876174683,2.181294437876107,-0.6123196478969277,0.714017989617232,1.3664823825602785,0.29911806957617093,0.21427961223948674,0.6188067553525284,0.5287229003365821,-0.7611914083543295,0.7934969956777908,1.8014135774927909,1.1128701227317472,1.8294734196221236,1.2036448185885782,-1.3865559626656923,0.036653514569680815,-0.582050942116079,0.14402972842791312,1,train
5.507127272159074,6.458331641094563,5.6279901922937805,3.4534990169577795,1.2549235773204024,0.24450749376185626,-0.7548040566399565,-1.2361886638537878,0.73298201995668,-1.1368584055200606,-1.0888441171649152,-0.12453884382495897,-0.6197383539474994,-0.22155750660091733,-0.44213842875364767,-1.0211714038843973,1.3968513907279538,0.2832515951809435,0.9963053884519804,-1.1764796184148778,-0.37472267552643307,0.651017021401519,0.5244491406411836,-1.3147368702328168,1,train
6.9522183460162355,9.43472359412195,3.1919714651115716,1.6618137138506883,-1.8088790573957594,0.049821318937895986,-1.4744243937799206,-0.17734842729020117,-0.6925017846738002,-1.8041552346685639,-0.7049302441786797,0.6558268969281287,0.8577166302338316,0.8516298032885286,-0.2209275647297475,0.2778533863923179,0.5881627350729591,0.07178820657421266,0.5269613667066899,0.3139737158784543,1.6802462521016213,0.9818774550071525,-0.6245920319956905,-0.2321021421994052,0,train
2.8913606367270828,3.8117835222186347,8.053373994865918,8.148043201570074,-0.770732936343125,-0.16489815367452315,-0.43161207387521816,-0.08066064183181847,0.5990785699558555,0.35619242261807704,-0.3950248838233927,-1.7346659755988265,0.4666500366217463,0.170004014759573,-1.5703381073343556,0.8001425788648311,0.13487811779190673,1.552192967079997,-1.0216359604928582,-0.6806189923492757,-0.9148924419981376,-0.8826196470823279,-1.241171669645777,0.5525067109665937,0,train
1.871891344059179,4.491668891809488,7.758261605203139,6.089801227662164,-0.3633864714138479,-0.5244497855057403,-0.8363279471116235,0.8804784332471709,1.2984807077374896,-1.7087727114704265,-0.2779863152568133,0.08486288084158841,-1.4421957993521066,-1.406599713235735,-1.1807128567412954,0.07104162988503548,-0.49406181150762524,-1.0792241479834703,0.5019000503970157,-0.061139208399333955,-0.7899218731979234,-0.9701949747815845,0.17758477174468273,-0.46960821949453924,0,train
2.2805526123586017,2.3577854764772255,3.5315741028979577,4.39533005866123,0.7439110619110167,0.5745757322944235,-0.5554633198568991,-0.3036663278846199,1.810491957553657,-1.084089764716992,-0.4836950647885104,-1.1699785878722522,0.22403363902826043,-1.0980304881519705,0.003066267169178344,1.010141005220675,0.9453327360332213,-0.6085190006289053,-1.2942627213678413,1.3071111491188727,-0.42000841004045675,0.46515617342955573,1.2799871764894646,0.04763696657941529,0,train
0.14871826910671126,4.253495365407759,8.140636758356576,2.0590567363334733,-0.3134083757665229,-0.5657317129662056,-0.1277581508496607,-0.3543784059818644,0.107370001889149,0.3265507733588586,-0.2882175552552477,0.8207196928557718,0.8922739242944213,-0.10904595719653523,1.1439510992704491,-0.37846527846949257,-0.18200012052315026,0.19678148758495162,0.5244542558365384,-0.6317066247442428,-0.7630857943432794,-0.6407878002433629,-0.951021952000181,0.3703289416440298,0,train
0.7683394206774674,6.020427744976699,3.0532469788386276,4.2198673477729285,-0.43485781820364894,0.42627374753410485,0.3670951111535628,-0.9115254813837327,-0.9294303184910778,1.1533744956306977,0.26254790052053617,1.389474202561787,0.876761428259124,0.348101347484433,0.32345905834513855,0.9242356269589946,-0.30662385126174635,1.530554421444724,0.783207283064358,0.37435814610304347,0.20397162462317642,-0.07750421505881187,0.33612880634423564,-0.477662079360812,0,train
0.08167847470700318,1.0739055378806672,8.52385467848295,8.658903984055335,-0.7234231792640619,0.1912323910762508,-0.7315943846565255,-0.42291878379384584,-1.566955409871916,0.845375692036842,-0.05859062326352775,0.05759457769659748,1.1370947443975974,-0.2933502537717518,-0.3519619375205694,-0.09910880732588435,0.5499233988381114,0.000444444706787782,-0.5406173636427025,-1.1278868519143936,0.36171163440451154,-0.788870556126979,0.36277888616974613,-0.05560740862430936,0,train
2.523979090374321,0.1440769843302281,6.728267976268424,0.832174123731414,-1.8299747993537325,-0.7519731732446916,-0.5474250704050311,-0.8534462832043104,-1.1730994753115236,0.9491873285064657,0.4217425543116099,-2.3582272373295194,1.0778438724752188,0.09437033726065082,0.48877612903824386,0.9654792866381486,-0.29758597426839745,-0.07200489739341773,-0.9367202804957391,0.48301113745634766,-0.29074511462079256,1.1625557997047538,1.2274757394078626,0.21444185658626053,0,train
9.809737775448909,3.0177530711566805,2.2027163906676996,7.124622785007027,-0.4645203626194164,0.25318358446789896,0.43523630072441494,-0.7029596917636179,0.7110608484996301,1.041969228142689,-0.08543798589746555,0.015684495366988967,0.6759684475201779,0.14631170828948523,-1.5037787263730436,-1.5038654143279373,-0.09726182855814987,1.2584718853674373,1.236843342675452,-0.49763192247434496,0.13575178568493454,-0.05448657177508944,1.370598010465594,0.6754253465337551,0,train
7.315316062012069,0.23948219727924935,7.156065951580279,9.597210039658064,-1.735370233882951,-2.604465865010177,-1.0552234764669488,-1.042081960249471,0.7721241750844071,-1.6628231207557018,2.167374173454564,1.0010045369705605,2.005819385954261,-0.20980325180568712,-0.06348023211114667,1.6187304678888461,-0.6414038653982109,-2.1430605464265686,0.45522449162747547,-0.6934985988445581,1.102054960141157,-0.17358633914004262,-0.5778331260091011,1.2322360612211545,0,train
7.881072292578938,2.500486102671303,6.228846764291531,5.640102805087305,0.5156130541448181,0.09325571950259634,1.7938367094924845,1.2667569177283808,-1.3703581153341708,0.29680803468213995,-1.1643143979134658,-1.2739771726430085,-0.10944391741118346,-1.2664173510232435,0.10883196796076389,0.06399494432803583,-0.6559465518011951,1.1749280918471925,0.1719644267146453,0.5897439606289807,-1.6956459246895053,1.0432042252945424,-0.3105332406618961,-0.7163045060167464,1,train
7.076224332417816,6.0211146799844055,7.8517598436593685,6.5528950832193456,-1.0551496753785392,0.44770078257248114,0.6143929391286642,0.2786408403853052,-0.1012245062755959,1.0210664533702767,0.3649630212795036,0.20946171439716627,0.9975252672783642,-1.1419002599254762,-1.3481692584255673,0.7481036152313287,-1.5691509376659918,0.7638643124482222,0.5903817326427228,-1.881292964557033,0.5147386412616743,-0.9194619789192,-0.8173403280102202,-0.5223930800154867,1,train
1.568563312265966,5.568322164778907,2.854363394456907,2.1576987676972728,-1.6007566473329482,1.1699725530923792,-0.5332266585004878,0.011674041503438046,0.9747948496534541,-0.11597579760380283,-2.5847369995237774,1.1671407188366556,0.018804235014564272,-1.1573959782461392,0.3947109045579597,-0.18802262955543797,-0.701167290236055,-0.16058078011164434,-0.35659801176529926,0.7850532829518635,3.0562351397795378,0.9650406224643798,1.6208698400986408,2.5089743113818197,0,train
1.0006004094554088,5.516361091290839,6.685456981197787,4.341103027627028,0.5113396783978978,0.9806205739319401,-0.560260372555015,-0.7546940218682751,-1.2515281926088195,1.0423384700014378,-1.6416704413785494,1.5094133500100424,-0.2871678082567426,0.7435850179248967,-1.1287530264401326,0.6169262664101769,-0.6609135873695197,0.262504061337884,-2.0329557600724657,0.12416646627415237,1.079312037030924,-1.2908258891928133,1.3929242231414487,0.020529808528745235,1,train
7.069369155052792,1.770071332962797,5.705363226868187,6.447705599781321,-0.23191618121668098,-0.7599451875475605,-0.004644547730969376,-0.8169835998880913,0.027955579666038486,1.4226910911700072,-1.095327988226923,-1.2740955667224712,0.5432998334307516,1.221429929935734,-0.04298503729639761,0.27479603963207616,1.5645157327342212,2.0226619370966956,-2.708607139373683,0.7900620641743424,-0.2021781844420504,-1.1066860899156146,-0.8639408471032697,-0.25422218467575447,0,train
7.302369631401129,0.816794066477109,5.850022646170218,6.4589505943387335,-1.2885807214705332,1.164794514779881,1.240234165012712,0.05119801237291037,1.2235790915157252,0.2955380124539839,-1.8538753465433453,1.2851874637052625,0.7395369867402141,0.6015174721204821,2.072913421278817,0.6335818202955905,1.1548604468371937,-1.3562347351363,-1.6616529470537231,1.096046046257946,-0.3493266885431336,0.44807528378633377,0.5474738660794095,0.04077847869358732,0,train
2.177333884160071,5.802355051481335,0.37409215920005456,0.5513179061563089,0.27660022475959667,0.71572784077888,-0.39856954570074987,0.09243514498374296,-0.9420772839104891,2.062165552336397,1.305282566985473,1.0318685427608576,-0.36049881724488864,0.2901165565607077,-0.42968174451543,0.3126884652141735,-0.7336812038749564,-0.7472002212568281,0.24386940230940649,-0.7360922674792816,-0.9253199909960753,-1.2226616796147354,-0.1193488274812386,-2.34989341974647,0,train
7.8118549555341215,5.15631998029122,4.599261366336865,6.3497945497617545,1.637051913910781,0.05712113042204678,-0.3527437391120525,1.382230166630093,-1.5336059411584098,-0.8279514693791415,0.38640779351897137,1.6090384276315568,-0.4876651508118968,0.8169566648815206,-0.6542052870430259,0.6356566893877734,-0.1980878247439832,0.4167192464830237,-0.27676480121833086,-0.9496445775059045,-0.43067103292610304,0.28866912877695533,0.1267064214776435,0.9262330765790604,1,train
7.759323771262699,1.2036231554341648,3.1171366726742997,3.528340250655604,-0.21012526641821863,-1.326021197704375,-0.00016975843227081547,-0.09644943854296287,1.5562021278883016,1.0436183763133755,0.4941750329710809,-0.2916145612339861,-0.3258861511157497,-0.38931732954668363,-0.9420036319756229,-0.08301686869259564,0.7300174153328578,-0.400521827032082,0.8306048740262398,-0.521426119531451,-2.200213284021047,1.4826506473584464,0.9557186608465578,1.511732597399691,0,train
9.66795095357526,2.6908064666220555,1.174233989557809,5.692129157339277,-0.2840385435403786,2.188466669244421,-0.052779206517975574,-1.1317202541449427,1.4341859296879849,0.4123026722822283,-1.713864623390657,0.4611742325968245,-0.1230551677843272,-0.7550296506790509,-0.10081526133108099,0.9012250429731672,0.3871175547531004,-1.0512751708764976,-0.6063463527932437,-0.661258212295987,-0.27649559065705237,0.07403331747960415,-0.141858446230742,2.458440468976511,0,train
9.889845852099064,0.5981849178787391,5.2511429881606055,1.398227575708394,0.3768418498853328,0.36473477860528924,0.33064798150601665,-1.3744067299064076,0.5605241629064752,-1.4732310208513064,-1.1139269512742902,-1.8777755023875085,0.045723968968924285,0.9917535396595545,2.0992701930158075,0.11574809177870288,0.035168695180949554,0.8312778368159062,-1.2919012020019807,1.8563613128749805,0.1897533327877316,-0.0767703349733456,-0.4177158073325414,1.3812613653554509,0,train
0.5769836212056056,2.2032183355940385,4.84412796290052,8.469951208730796,-0.7285066555317123,-0.2077111361333892,-1.3375514433154534,1.7389176394736992,0.6993401391519792,-0.4542543716429924,-0.7397347060072686,0.29716277148611026,-0.6417614484580895,0.3305461833644215,0.8783403801244962,0.9275320563609442,-0.0187928067721333,1.531470251988347,-0.776602381571764,0.332178932152925,-0.5427819958493038,-0.2223477068267362,-0.025784285722613327,0.830046695875053,0,train
1.9816467248844305,5.887147041970523,7.99105744728082,0.7782395849570589,0.9552760592918195,0.7708617937766189,0.8515411001105793,-0.6096155452065118,-0.5040605513952903,-0.8941101523517067,0.9085349256696138,0.8305267429556132,-0.06080119839749974,-1.496009831760469,-0.4535460267424343,-1.3867762103003876,0.5884158277294507,0.7526031237776227,0.08090583690372506,-0.1633674675992038,0.36152385609544796,1.5348828791473732,-0.2617159935245257,0.06108421493002338,0,train
6.9478519639679,2.9764453357570355,5.6951159550247175,4.013714197483887,0.9245682133893968,0.8737755366591557,-0.24616169987669448,-1.3535230063537742,-0.23899396297876221,0.3005487211782045,0.1576966447585884,-2.4350058831971597,1.7325993673812063,1.0411683301405852,0.7157607461935866,0.4840187101107513,-1.8606543379424383,-1.1446305663856797,-0.8541831636919417,1.8336574766224478,-0.8181541667323364,0.7084440979972731,0.3256679316095381,0.39365712531789177,0,train
2.9145028861725875,6.1869367660143215,7.594972234446016,6.394877499775756,2.2187093428264753,0.7149350951460353,-0.6795685422240592,-0.7647035804652229,0.702024342790133,0.47738998904809926,0.9984169769360817,1.4359965058102089,-0.23874441917902645,0.5163706125811331,0.08594382613857622,1.9674788601340722,-0.6288936233166766,-0.326885286579028,0.3842795890998067,-0.09986030484870588,-0.768354807446398,-1.191839725438928,-0.028880837828175257,0.4605883757523194,0,train
1.7593351603131957,7.266212129140246,2.05307664157783,9.354132420872848,-0.36355650655671684,0.5530737713073377,-0.015807981765613086,-0.9796554633437267,-1.404281720924037,-1.564383759416649,0.9208192387199493,0.0030170652584568906,0.02345170304902977,0.5548561036055202,-0.7531234860818597,-0.7596276903736806,-1.3848510927062947,-0.2403387349899816,-0.6857484306569509,0.8157443077088002,-0.08285882212514364,0.46738228990161923,0.3844997788600709,1.2909567457787827,0,train
8.837731952816611,4.4155777509859995,1.5826725728734026,7.1941151044126,-0.7701778308390981,0.1098219873280518,1.1703023559151713,0.21629534198595768,-0.6832631504517365,0.2135915960331663,3.1148693971854207,-0.315760931402677,-1.7927727514170315,-0.022507585604747492,-2.3440608661817315,0.5106900232774225,0.7749132404836093,0.7540252854128322,-1.2946491809305152,0.07847141129457684,0.9720349546733411,-0.3433493221867212,1.318074112780233,-2.2291407727481474,0,train
5.072858563022095,4.1437383620539014,7.177596624464311,5.328614883232875,-1.362257157798646,-3.0684884885799515,0.7197257943183517,0.26644580783527716,-0.1873915107732892,1.2108582610530405,-0.9557912738380748,0.5765088157396411,1.290393890086587,0.23914826012474655,1.0621672289912496,1.4527951707970344,0.3181439526838472,1.092071487475835,-1.3730181704242301,-1.2768050898793335,2.0654103254071363,0.40727137199786256,1.0188400979527423,0.6918778025574188,0,train
4.095741085373255,0.4786381687380692,9.405446307448113,3.475557477288902,-2.5026261507109755,1.5845235829351079,0.5392523836490654,-0.15257104514615963,-0.3129996751037359,0.4467272801592713,0.8467343979588411,-1.158215945676951,0.28207164819813785,-0.25058763379264676,1.8860850938453972,0.932531983906371,-0.9162179617262664,-0.17095353709060995,0.7278809156566534,-0.1460018956011153,-0.6282976965720928,-0.6239177722832051,-1.769693579456404,0.6336229238554545,0,train
5.854722368651827,4.1790227380748135,9.730003139401358,9.105311411139771,2.092640622417354,0.5557644325195339,0.021570397161354598,1.6507437262156965,-0.09138445185011745,0.49599026319581874,2.031136189524559,0.7341699473596451,0.6119567439214412,1.159776574820279,-0.5723544580098349,0.07626884300914291,0.4440210158052568,0.9035040933725141,0.6555265281022845,0.26868212065210734,-0.18550188002140663,1.0440372661773822,-0.8255325198144553,-0.18901671590248764,1,train
7.713564033547843,9.449206091868362,5.806532871646796,1.6026713414828886,-0.6269766472300294,0.363473341491197,0.41578335122716165,-0.30680164146053396,0.8763922723546375,0.05578297814548406,1.8154376773636367,1.2464780578601804,0.8350566693966682,-0.11679360458862494,1.8278786415132329,0.45011606722285713,-0.1941565353275378,0.7498002647101814,1.3598535492569053,-0.7605635104530593,-0.6346763959077611,-0.44950150793621424,-0.20123248885328432,-0.8548133026221284,0,train
1.069505425634566,0.21122012587163397,3.513593381439657,2.1865289870523883,0.2975679049763781,-2.2053734842686077,0.23247088033128724,0.631800906925729,0.7661496908860137,-1.1403370259190793,1.2147339999651072,0.1610062124597087,-0.02853763077727804,1.387714898873127,-0.47097822298657216,0.3897176382410736,0.5636462884439274,-0.13340006765378715,-1.044831351530406,-1.2271186159162037,-0.10911145280184602,-1.536098627295004,0.8976195443395018,0.9281118634583733,0,train
9.0238641203158,2.4608278132880046,7.689220365013163,0.09399430927917063,-0.7548521183329402,1.4289807130894978,-0.790004671118232,1.2820189235411361,-0.4594164741109242,0.11107536228112401,1.6387989314374696,-1.782702023334003,-0.5391390065273269,-0.43290928686945823,1.045653327739919,-0.26347317457003694,-0.907736309665625,1.4618593305830379,0.4175125852233613,-0.11706574572541001,0.1833443008538078,-0.3733866282922747,0.01865196531688025,-1.756739839995209,0,train
9.363487978880533,3.239244578999153,4.342657426578947,6.540329768922848,0.84621247609052,1.4530867441730688,-0.1662592439998503,0.08156400579477868,-1.1650941964816346,0.46759022292333324,1.114203721024217,-0.9040003324717787,0.592108908124695,-0.8818573532082337,1.7002567586650557,1.8347316192823864,0.3799222513720065,2.8238095564407755,-1.551869707641161,0.9906506238760913,-1.4508851934054252,-0.6761287240187465,0.7214323199158372,0.061838885637807664,1,train
3.361702322484769,9.060398301691464,6.167308832482398,0.5876384739156726,-0.9552879452299124,1.6335054847061738,0.7471707066261275,0.030694967212451522,-0.24765758457822235,-0.16269746762598142,-0.14500358694325058,0.2960422807644607,0.024889952930383943,-0.3221082480281566,1.6141082059513965,-0.9929881066552797,2.0112975026644984,0.6440221234411837,2.159658642202948,-0.3547123640827624,-2.1300480251454674,2.017975006756894,-0.5922797209009101,-0.8962224462209959,0,train
4.076046496800874,5.5444595126703256,0.013710091638714506,9.30648011849306,-0.16976815022877145,1.957736599669241,-0.6218314715333091,0.07539959667796987,-1.3325905755589482,-0.6554663255823806,-0.9872284793470023,0.3981899306016925,-0.7898633211631345,0.6773898944204125,1.3313750385348853,-0.131719676687305,-0.05192040256937473,0.32675839877934126,0.017464732036980162,-1.3543188542461482,0.4993128129713335,-0.8457749566102019,1.345495880828326,1.838368456194718,0,train
2.9216215108982935,4.898716360158819,4.71271111033599,3.0274158792109085,-0.5317339540853476,-0.019798626844837797,-0.3395084479117323,-0.05938461523416802,-1.0333222641525612,1.2913265948813142,1.1883937333814054,2.0390782815213626,-0.12736008782694286,0.24695832012158805,-1.5744022000122164,0.26874719586437873,0.3344295745952191,-0.2763804069594494,0.1878659010792733,-0.7010894027293992,-0.16567752719353643,-1.461070188371199,-1.7459201086669933,-0.018820263060296404,0,train
4.115945698432518,8.528311537497618,3.952253724934287,5.920029787253177,0.42016165608686556,0.12521869146763664,2.1169498156464313,0.6944248399602023,-1.0729568639172204,0.29910550325414137,0.6555235202205576,-2.0359897923829493,0.5430252143959896,1.4371163797567619,0.1748460870190383,0.20713040300230137,-0.18611245222281805,-0.7449233130897587,-0.4135364679623639,0.4551819423566021,-0.891157767383984,0.4236036712863282,0.04646565157962988,-0.32870063021639023,1,train
5.156418587699409,6.257003797932298,3.8259728423095565,6.179849637194823,0.7044858496985712,-1.7073822414915618,0.7514960488670542,1.055062992527734,-0.09123942610434835,0.6054597662321736,-0.653189217075618,1.5954486513055437,0.6549072264336723,-1.090813926729439,0.32770621609840433,2.3050005204142163,0.17401376926178413,0.2327029079318749,0.13489685005476523,0.17418853051692432,0.48070264269349283,0.5272808906594023,-0.6546222065412299,1.049634371258,1,train
4.66127533975841,3.9490054747781276,8.230966245987384,3.399589163689959,0.44440261375911233,0.5797946695994411,0.8533742152142908,0.4427103266482397,1.4473742734038548,0.8572065946139799,0.6691985777626773,0.6795521864291579,1.1875166411460054,1.0955882759723334,-1.6565447428198183,1.3586452096589188,0.8940977793532481,-0.19265013274300488,1.0344895368073301,-0.6769798925280263,-0.3141544496847195,0.23448163278221829,1.1874952990041572,0.5917266107312107,0,train
6.140382681327007,2.5228223187292507,0.015600164576704545,3.585746475456071,0.9948928466713127,-0.5810896045475479,-0.3070353709910643,-0.3388483066477799,1.139443237036563,0.5918431550349919,1.371403709180152,1.0754815178167767,-0.2789203680077976,-1.0304388415261674,0.7313846172058794,-1.2839159711720263,1.2817023910125087,0.48658607893081823,-1.7934853034237084,0.7787142794962871,-0.22649796874074762,0.2748831625184913,0.9312216569351014,1.3921465477210695,0,train
0.4813798979399364,0.21347019968827596,9.484833599845324,3.9288139126605293,0.22362622598566279,2.163473646679343,-0.22342357159796722,-0.5477924259462724,0.08124523279902726,-0.747021093169468,0.18990261220043683,-0.3904859712233246,0.4857705048260542,0.869518022186816,-0.22566150617013725,-0.7853601363478192,-0.3161516923783657,-0.32345517289447173,-1.044781511639833,1.3406614975129998,1.5998298042487338,1.0411235933258889,0.31014424033962196,0.29197041522979006,0,train
9.713357745619986,0.43257273831847964,9.319208398283852,6.447729576191692,-1.143204410434924,0.010962047343371624,-1.3038188749791046,-2.3696224788111406,0.24373206326016247,0.6289308626591866,-0.5311551112444577,0.3433403784241606,0.8838661079316578,0.0959175242760036,-1.0694427883875257,1.5558184567245599,0.511086454808054,0.08769031583048638,-0.3473742139633334,-1.0579144501281308,-1.0268695671230492,0.8693863769245211,-0.7498278952078845,-0.7856151752894102,1,train
5.42804907300339,7.833529403507221,5.460168895932329,3.2362889712723297,0.7669486546672163,-0.788754847488076,-0.43266732903208355,0.6353419900688145,-0.455758876289902,-0.4646703573647106,-0.40111198296623823,-0.7697499359452341,-0.19860614065958213,-0.13584827390251342,1.1613245751094063,1.2893960753112965,0.5023341300706814,1.7227267818338754,-1.1112665200931775,-3.079399766971626,-0.9533185768521271,2.7373405616610356,0.8861002758877191,0.34563652330968847,0,train
7.320114476158545,1.074170744811489,9.135197561414486,3.729192243889903,-0.11323904118579395,-1.3068070415502413,-0.5397532124141587,-1.8721616748789165,-0.981229103591066,-0.7738653939986782,1.509800569723675,1.308277215950469,0.7077416930273946,-0.957392497137048,-0.2036447614911957,-0.44439686464239103,-0.06690246809030428,0.05860152264658074,0.7878938676250067,1.1525785131630886,-1.5330864138071294,-1.4540975325890637,-0.5136460027148423,-0.7565776625789455,0,train
8.74261968835822,7.098625916155168,5.854493128426245,4.492469695629733,-0.6602947671291688,-1.4538106590018427,1.3965155699386005,0.5244391218737214,-0.1274953179350918,-0.18342817775482617,-0.705303795484367,-1.0169490014599558,1.2519439784581494,1.257109482228324,0.45852613160246086,1.2019458284355502,0.23752725721687332,1.2862144181377526,-0.08189051481534967,0.7125894033566783,0.6893574315000945,1.5586963441171169,1.4971654061719606,-1.1672869986971008,1,train
6.331186462987599,2.438578840066631,1.1080136621404613,6.423980180091521,0.8761245745962095,1.09572730047218,-2.342926971186043,-0.29763404654789627,-0.05128741335321967,-0.6363506904248005,-0.246537777993482,0.3855950347754246,-1.0624459168928235,1.219029962959298,-0.21824210799550556,0.8165783133890628,1.4852241778107245,-1.0905934246480236,0.4791502369656737,0.7594059387124087,-1.9906376451053616,0.45853309982491536,-1.1324545566726316,-2.8640023693370003,1,train
6.102989569506331,6.853420335119589,9.708319015777716,9.914120550820316,-0.29599632420574273,1.3231330494510674,0.08147187997879683,1.5020586679310997,-0.8303153907381787,-0.08690209816278777,0.9569090017366266,0.7919778082932557,-0.8133688438540407,0.5821338860065642,1.081915450756858,1.1904352392720772,-1.5601048070589167,-0.7079910582507253,-0.5800836471074872,-0.6930425863026234,-0.542070601128647,-1.0537459025501155,1.0204741497825915,-0.0570516071347778,1,train
5.544558408320191,7.887130991727712,1.5635502692729764,4.693670386462003,0.17662481166309177,-0.2652427265902444,-1.5742467082266933,-1.3191427776363716,0.7472144401651054,0.11430177792319542,0.17204092350153488,-0.9878162022014769,0.9377415587507234,-0.4591900106752372,0.8382783061104002,1.525286745548895,-0.7288414790306609,-1.2915542222523688,-0.6997791759162758,1.6458837548538352,0.7153319534923239,1.2479305958687874,-1.0584301930713365,0.7729875381383268,0,train
7.708282268418598,1.4347964663218893,8.412579960840935,7.957615016510102,-0.305050756818455,-0.6069246584287673,0.7756490137165672,0.8526838038066761,-0.33222298094948954,-0.42857951385193455,-0.36597686568369203,-2.2403560825524296,-0.5377755134349249,0.6842921718337996,0.04282205848668318,0.9726306189398612,1.3725185632996229,-1.82596602897334,-0.29822403152083116,0.4946702888636701,-0.9560130280955682,1.1895578140341994,1.5196711252733939,1.0155386420380357,0,train
8.194412045587283,8.340706420186313,0.9651527501403112,7.183688630049392,0.03265296077296772,-0.4748717784587731,0.4943945921623253,2.180599089490338,1.0102972431085582,1.2124089896254413,-0.9946239336573028,0.8687280542793362,-1.962093847717021,-1.0932181456149594,0.5936882557184693,0.20374479399730636,1.8144294013849254,1.1398532481376797,-2.363658197161415,0.1885280814824076,0.17926650981053852,1.2046803164437512,-1.1499475957027034,-0.9500276850424539,0,train
0.03876896214186076,8.891219949869807,6.242775575029671,6.820599083990272,-0.830330648524079,-0.8700176516944179,0.09288909182368525,-1.0722582240269496,-1.4238797114734723,-0.24903895960731504,-0.8909503012476578,-0.17556261533172654,-1.2479764645382416,0.4623352113100455,0.6115390977541012,-0.2339517267269062,-0.9616968000860618,-3.8660891884073156,0.6114563390231195,1.23711315729422,0.3221836827903605,0.3167228567286244,1.3039747747237396,1.3267703390019472,0,train
0.6821096777474189,1.5312709912874956,5.352708134110022,3.1383682244987643,-1.3290732200720679,-0.023179911333296367,2.036846991748583,-2.7589017548090715,1.4280473223598507,0.22998579170262703,-0.3518708880887996,-0.4753441917261534,-0.23654278993875996,0.21236896376667852,0.6349555984637177,-1.0281511661992915,-0.7642796937758303,1.4213922730701753,0.24480390530642354,0.46378989255626174,0.9390091363235117,0.5243071933154947,-2.084883831288745,0.07280978351310131,0,train
7.020751396789415,5.547939504687545,5.745195132499163,1.5522685993369878,0.9284474744520854,-1.004742694631143,0.3414663089862019,0.7201631737151443,-0.20769579085606288,0.14466756131418115,0.6220440384473604,-0.14661130913026874,-0.121930398050087,-0.12154678965256131,-0.9274289562754042,1.4733571688080873,1.2958633007025078,-0.35994822381435737,0.2877631350215474,0.2603428723795312,0.8619678383984686,-0.2814958925171181,-0.254440148682352,-1.8660327957226828,0,train
0.5838827939090829,2.776986320776722,2.478486546431827,1.5331229453084727,-0.9405359979470083,-0.7458363359905436,-0.9924759605148867,-2.7745922862255474,1.891182359559025,0.9528253023544245,0.5458190108935764,1.1057108205290287,-1.3768699318922202,-0.08524440116117407,-1.0402756495374772,-0.046687175593394394,0.5226102709111752,1.6594166966594666,0.5112948134687176,0.174156932810581,0.2369804079047947,1.5560074475353838,-0.9472318521521536,0.34722993271820257,0,train
5.674133156926936,5.39832699864327,6.3765878469598105,4.557125879111965,0.5147598986867592,-0.07460133091878822,-1.383558972052716,1.5115409814909375,0.23669178449177258,-0.144193133950903,1.4358525064636258,-0.32457768104286133,-1.5297179385619701,0.9328286547928367,-1.0602452583087767,-0.17223918192477,0.45787451250148264,1.5301937757382582,-0.2973743207510267,-0.8959544740054857,0.030386078585498737,-1.1233246021669987,-0.6063523584903584,0.6637738451044825,1,train
0.8026016282971404,2.6109963659994917,6.367442005592152,7.249586264701197,-1.4357772052388493,-0.5204058553063469,0.5798012715356589,-0.1253563314008575,0.34671648976444297,0.802466482217829,0.697590202994623,-1.488168178614225,-0.05071786392743719,-2.311305989536954,1.802621711566789,1.2740545879661525,0.2213798395639465,1.2874692435563133,-1.0860322270576617,-2.308896722639098,1.479564071638098,0.5777611038953478,0.7411007485745942,-2.9196480571083128,0,train
3.7281971198785326,6.260941278334354,4.790383948866649,9.384984499607844,-1.8762062648453437,0.8290131206513283,-0.32012027396853754,-1.6430444311023416,0.002648017507804773,0.9587287200308485,-1.2862764607538884,0.6297025570274686,-0.11547256663319731,-0.4729841597229277,1.3617318167242969,-0.1778742613578062,0.3149695587934874,1.4717836800350037,1.3599176287764092,-2.2276001043407003,-0.049395677038427586,0.5352418155325734,0.1597214708966018,1.1355178289489656,0,train
5.738347089571794,4.607695770276045,5.075356101930265,9.30854104750067,0.09329368353091742,-0.8196831420057042,0.6663438637399021,-1.3548810470314074,0.5808294068178191,0.6875419926431522,0.8520061245847504,0.10291756174212834,-0.45869476165798984,-0.3839118331058312,-0.8920876586845465,0.7807996159352248,-0.3655065386664404,-0.3612891297598356,0.02252821158619367,1.2584997505433304,1.7170459249326588,1.0250549819410881,0.648120309368001,-0.30927449610475194,1,train
5.591235578602884,4.31189729933277,3.216057115093504,9.589452118105612,-0.9053559790499004,0.2819304833219062,-0.5135171826762995,0.13360615260742834,0.7532456840977764,0.1633542868915384,0.16319102118958984,-0.782753056247873,-0.5598276369903368,-1.170492447049495,1.4649533105634598,-1.2255685091032245,-1.1755831411936268,-0.6010964061351589,-0.8648822053686799,1.47489923152147,0.2638462442061502,-0.3134872205784434,-0.6365332416857103,-0.2506018327247011,0,train
0.1777333046313878,7.510336286219883,8.720077709550035,1.2324968103116984,-0.06417001824397993,-0.8737378668523901,-0.5494916182255553,-0.5591354493549447,-0.4496596474530468,-1.4255199413789386,0.30614898533537127,0.824952215652002,-0.29412742156658,-0.09102991042704299,1.2301151842442084,-0.5440217777343115,-0.08228980346510453,-0.5888835131569932,0.19071876817099184,-1.8434844139689537,1.3420279315552421,0.5747190794427219,-1.0751368175032296,0.9656906042910116,0,train
7.115392393333089,9.032431667041532,7.26606539084529,2.5743847734414658,-0.29069019839503446,0.25910068696926697,0.7460189998424921,0.1691830177606198,-1.7526390201520856,-0.5567935218003421,1.0314546154502173,0.3232862672218666,1.130124950158918,0.13453367029810198,0.45877043247789,0.22804717606584746,-1.6392804995860482,-0.8813337475461566,0.18051150810275096,1.2691749841833795,-1.1002528049454434,-1.0079739747171252,0.7876922208579425,0.08932738716673032,1,train
7.5385857526535895,2.8650261092110174,4.227311027336538,2.7725994746279916,0.4116264848223625,-0.8762715975007467,0.23820533700553356,-0.6420138034482704,-0.08976059096334622,0.6860754530655009,-2.1194290760062153,-1.3730350372878612,-0.16147214309506983,0.1847093836365429,0.33988675908715693,-0.9327727002780118,0.2610608143954246,-0.35533468041986777,0.5594618306796011,-0.1537636709917795,-0.4258687904328015,-0.5896118108842966,-0.9562028257441535,-0.4973004611002502,0,train
4.422194004188448,5.633357338660046,0.42637228266062865,8.468656527840544,0.47963824983159925,0.11193346471040568,0.11132667007927075,-0.9388039793970968,-0.38828662483717774,1.409762428490444,-1.073901927596067,0.11113733455362552,1.2508135550647415,-0.6782296460984298,-1.1167671154191066,-0.12880401347742762,-0.1389533873951029,1.2102220510069777,0.715104837871292,1.0056488976938467,1.8274043033860703,-1.1537719708142562,-0.3609386508180335,-0.7423020378423903,0,train
4.9835736905112,9.273205515168945,1.6080777772766608,2.636553499453714,0.9376439463129782,-1.104694631109893,-0.8894920790522074,0.4323965049518574,0.5634553147527176,-1.2193162827785993,-0.15321188557677437,-0.09146842831291799,0.45875431334970934,-1.3888425837144078,-0.09359247880691889,1.1463153127310948,0.006199284428617181,-1.7212280575912777,0.11920318685625086,1.7333763645108626,0.8396141553362434,-2.8851235929088945,1.420669942506698,1.5037171211968998,0,train
5.698209672753846,8.36460788749502,8.494585225797815,1.8757352188926502,0.0902269404091383,-0.23568591937826291,-0.20450434760866892,-0.09980493631836161,0.5372024895372552,1.2111731232398313,-0.4128135101732806,-0.4110595121226015,0.29957929788368093,0.30538395839116567,-0.8472587943950591,1.3711606118791189,-0.47335227248315026,-0.17771570892054528,0.011505672334474259,0.06045836782491793,-0.5042121753892994,-0.7880470487330719,-0.5827377345281289,0.6112043953498194,0,train
6.742545468284423,6.622232163493081,6.923564004547562,2.366532775729583,0.7544842769248579,-0.9483765652743941,0.8167902215925328,0.8771591589153743,-1.1939043122709574,-0.33782265752904483,-0.2661460663593762,-0.3452354010876394,0.397564885134994,-0.9498097254000096,0.7006751682971902,2.576385571019209,0.7777331470479621,-0.5659609755709457,2.0881263003349373,-0.390773636813667,-0.16222243734233785,-1.2433234536041347,0.6690224059255523,-2.3063917844238326,0,train
8.254999302550793,6.18507417246965,3.5020393475747835,5.23619542727795,0.49863901840823294,0.31984821707758077,0.9125550119881572,0.7113952108748388,0.8902420261483076,0.6098342315078321,-0.9752939881653707,0.587540279558868,-0.9858931816290162,-2.1311098657323084,0.18609932218315672,0.718669061458965,1.514271211352677,1.3310502693121182,-0.322328463481673,0.19093663806076228,-0.5377112633691243,-0.027204761144720747,0.37105217101864835,-0.8253908680181928,0,train
4.359847893128931,1.5774581928963038,6.557922926579395,9.118208446187237,0.11751392741354055,-0.5566563197251329,0.6811946553126558,1.9803685655792476,-2.1501017456992444,-0.39738146417402387,-0.10683537982975541,-1.3338702841983794,0.17917509906725132,-0.9420271790065526,0.9250389609869284,1.0447466811792179,-0.6279828023990582,0.3520845928896704,1.1136875723173758,-0.46519166507591675,1.264782286552826,-0.12990018217814017,-1.9993970820535971,-0.6681676014307212,0,train
8.815590274904789,5.741891511407151,6.9439997542530385,6.1083825215004595,0.14848177133166737,-0.3929674411652484,-1.745615140083276,0.3281476682817355,0.43920144977172604,-0.3627517101188933,-1.5320922528224978,-0.08908383761779966,1.9839980871862777,-1.8671909797522783,0.1636648065767103,-0.13019324557776016,0.3304658724949799,2.028657469555197,-0.1598536133279803,1.4036204896995854,1.7201829082216968,0.3836667386749908,-0.3286760053235363,-0.7058996318246299,1,train
8.196295115926958,1.1123282363498987,2.9916454284953833,1.3432720924672836,0.18321684636222418,-0.2527266174533507,-0.05172942947741534,2.1557373710672256,-1.083902828721923,0.38944085865448486,0.0414619863348416,-1.2806455030666806,0.8068122370336306,0.3684746908702334,-0.41648121380609643,-0.948896382677904,0.42435210833589887,1.9586973007811943,-0.567412848909071,-0.22803464373792387,-0.24301152121485173,0.4445924545521101,-0.5520119122958704,0.37529098521773024,0,train
4.268960033398176,1.383580632584882,5.88465856200084,2.7087843738037254,1.4015880827092204,-0.45748592727550663,1.023688679063763,0.18115710790650671,0.49667163028429184,-1.0248811824697948,-0.5434003626620023,0.006409236287545325,0.5055820394210714,1.4723695053262111,-0.9958396331276523,0.48413868489397344,-0.2833554029665687,0.2999483588301661,1.591369117733132,0.3191146680165914,-1.1364949676727452,1.207473021661038,0.005412485368011735,-0.21770184513365642,0,train
5.457121407803909,8.782130151929254,5.7901304132498375,0.16143831796179064,-0.41049283052787044,0.0875747317658322,0.8308504330041321,1.5993546611800624,0.3265032787981754,-0.16607978988493372,-0.13945019732508218,-1.2275408341091532,-0.9804575084741448,-0.36011056217883264,0.8298133694426533,0.2204326824249047,-0.5661693416618548,-0.05930173533195245,-0.8226630254392803,0.24786662059438075,-0.022245030029579074,1.099921367376484,-1.0931700780669154,0.3971346022894232,0,train
9.378346267495564,4.259582026807655,1.8352684416391074,6.799625364568858,-0.07436656056557508,0.2615956773011988,-0.1471954912518119,0.3448509211232149,1.7337095037810333,1.5433564217130433,1.2011520901873782,-0.5799434082823638,0.21881304751031022,0.6785668925365952,0.16638006457536034,-0.05328588779867703,2.0710220287008774,-0.2690865486463567,-0.2562674453965119,-1.1318502966680641,1.8094745281731859,1.5045398437004647,-1.0248841794671348,-0.37022886895159857,0,train
1.2078470904400407,9.737081642942771,7.2159619919726525,0.7729794336699047,-0.7111768141308018,-0.6355393345758581,0.6970121728921429,0.5960298714728307,0.7888464631696255,1.1515626006213453,1.469510918527641,0.930678236902239,-0.4991907819321437,0.8715185934962262,-1.8921144949802924,-0.4641775325530197,0.12626494012294115,-1.1702287180484565,-0.3262884065150977,-1.1989999351805638,-0.1308859072741696,1.0047375661033577,-0.5455463816866217,-1.0985051984243035,0,train
4.91562839279985,0.44704324019322006,5.259124071898844,5.315603461486434,0.07507889254556518,-0.3136704226764557,-0.8769784063717382,-0.9195519634953355,-0.473947275074767,-0.6783158235605747,1.1230935359931615,-2.1419741448088527,1.5988573530446188,-1.1721315568861284,1.5486784533151983,0.7416966588267095,0.9487707336137305,1.4036695629706648,1.6540675596037342,-1.655108756380732,-1.2268889007763542,0.25564852325795195,-0.14616890094919152,1.6512884379108408,0,train
6.116281254327371,3.5024627129100248,7.93357000355951,3.619215403274688,-0.05659126277631868,0.24513227582962707,0.9465246456887131,-0.13245626824386583,-0.8039411118092455,-0.6687084168155789,-0.15262149656654883,0.5429130518682573,1.2099773416544357,-0.5445017022261109,1.9548195199934872,1.7124838290601834,-0.572425416093706,-1.0434401830263467,0.1290223206597041,-0.773983490052342,-0.6911047433208197,-0.001317749014087466,-1.0612520864359554,-0.009749203053136524,0,train
4.93394242233118,6.416575111537409,2.2914439269134688,5.879500089391172,0.8457540683490278,0.4197615922773491,-0.1216688310937793,0.020021561811822138,0.3533870104052877,-0.20731444635855037,-0.06662000150730174,-2.539146322859725,0.10197765984474012,-1.4704418751346937,-1.7702278283687167,0.46350119046080157,0.1978953254693958,1.1153432343349057,-0.46141066777747897,1.3561953090460566,-0.9922290762235569,1.4114950149653915,-0.3960692138845788,-0.6537434576827488,0,train
7.561842270400145,8.863188683856437,2.188257780376958,4.211277102303866,0.9079967702907917,2.0156108945837268,0.48382631266745124,-1.4124368953737716,-0.9719852214835241,-2.229143497806104,0.8087823496125617,-0.13305470137591363,0.9177347751732948,-0.03505252216262689,-1.9091830265064644,-1.0458933534020638,-0.2156705313831235,2.835843636758444,-0.23827081558334642,-0.96691219463532,0.07704498667896797,0.633886857168693,-0.2635352046993008,-1.0337351865812061,0,train
8.70345461090761,2.8293024731753977,0.9156054731818519,4.45499114272554,-0.6948455433407549,1.0104924025312525,-0.9925227546131603,0.6495037646250422,1.8570354372627025,0.7889192282749454,1.1880192866283108,2.5020014186070365,0.231604901434026,-1.4397142861824188,1.22697523024442,0.3168875473283981,0.5824444837156414,0.430679005324277,0.921803894095117,1.2656887089172186,-1.2072588996634082,0.27120476574322583,1.4467344734226455,0.9796278172633637,0,train
3.0938499939216566,8.562531500225635,0.7752247171259996,9.037965217554085,1.2716022074900926,-0.14189405012866332,-1.124892193060757,-1.982827631011964,1.356340850847425,-0.11925941752761167,-1.7880456856823932,-0.26993624677292705,-0.03604353973206812,-0.6628566877682435,0.21094386182693406,1.5399069432658508,0.22723583347234755,-1.1403402480452665,0.619909528046059,0.23535244621512455,0.19448380508684057,-0.601296753756126,0.4318777908602345,-1.505362597552204,0,train
7.390497092160264,5.107563949214234,9.880799208781156,3.8501579086584234,0.69655313862228,-0.8846103343819237,-1.076927976935772,-0.8185353228487104,1.9028230184658053,-0.4796914529732202,-0.7315777261070275,1.18466478703181,-0.3111505022729146,0.6030297292534196,-1.0798485176963266,-1.0064434123387045,-0.7907272618951438,1.8117140527702524,-2.1780232055959847,1.0988815417658684,1.3304381365678153,-0.7237886235709872,-0.07126656055988301,-1.8593509021458452,1,train
2.433514207146951,5.892593284165684,9.783571274385,9.147254617655381,-1.1655602189853294,-0.18714600053855013,2.0472787243146544,-1.7334762357024263,-0.1765221622560117,0.0804172015362164,1.2179522262797955,0.7588955070608994,-0.27678336972159884,-0.39313916992462994,0.31517666143432355,1.6182052185951372,-1.2493494654673907,0.5537267683410287,-1.7680649770643384,0.8499678574954141,0.4533319973977758,0.6585835704343216,-0.8732313338160936,-0.41620137322124334,0,train
9.53776033707382,8.143834576002586,9.419726444575469,1.7455846799707042,0.6295050085198095,1.1316909000037416,-2.4213763827683565,2.216961557972359,-0.7685793633388613,1.596270673620244,0.5369314165875424,-2.001468168756735,1.407697596634931,1.016763822865097,0.22083862405295007,0.7711145120570195,-1.0271658785679147,-1.1489360270459918,-1.7097689998187853,-1.1373776704219571,-0.231832554891039,-0.6719889935081336,-0.5504347801879426,-0.5508103526500627,0,train
6.991917883097947,5.4251925898409405,6.034296563769235,5.0167659978560515,-0.18131312912438688,1.4577616179039117,-0.5413419020079894,-0.05210147702654075,0.5413128575865602,-0.5077910039242352,-1.5331149402766469,0.916724257542691,-0.5451688726922527,0.17972979088150565,-0.833840444107591,-2.954405030283128,-0.5797228998810174,-0.3796139102918177,-0.5143482908201619,-0.3385735839520812,-1.9501260473347628,-1.0582127620684185,0.5172867405765178,-1.2270393865467348,1,train
2.8527444110181897,1.472793461486841,1.9373786888392253,6.460542874062626,2.8113461841415397,-0.7511662531233372,-1.3690328859329015,-0.7926510543911057,-1.2426479614405872,0.8776513705002639,-0.6273211394753243,-0.008091896022931061,0.13538639923621754,0.2062959286549843,-0.8738634930313357,-0.8847768091939805,-1.3852662995807508,-0.4113214037775371,1.081847314775909,-1.1271018346780728,-0.05903324286957261,-0.04519215354161065,0.22471424306640272,0.6167058861391281,0,train
1.3795779394913854,7.1035945772556675,2.272153155634368,9.264760079127344,0.218281255032541,-0.6319793399677586,0.2877669129751976,-1.6582874424385592,-1.0320400080436045,0.08939790036823768,1.021674660983338,0.25686137909429607,-0.6539469730552556,0.25916468969848294,-0.299016013246116,0.42207928971601477,0.4663696726587386,-0.2681467093252733,-0.2392746960258307,0.8777479655199639,-0.6977366564242738,0.3744985171814535,0.21818932883906925,1.302985871861955,0,train
8.453376076272738,8.678858378597834,3.2407702709622077,1.4390933090014435,-0.8063975347550156,-0.26717909901747217,0.01883874076986205,-0.34861165610931977,-2.473056792461993,0.26038524387597006,0.28836851003140046,-1.1151775658939937,-2.5526228480163238,0.08684539894654472,-0.9164937745243233,0.3768411196726953,-0.19757505763570304,0.10500705555274333,0.5539038749659617,0.5665835108084023,-0.4659608939767568,0.4360492511253647,0.05669810916880208,0.673900244217656,0,train
0.16947913823055827,3.553312264465239,1.9774728053226454,8.623227734214636,-1.7487975674695333,-1.5107994853417297,0.493780387921481,0.2207640955537323,-0.13357402544976202,-0.674942910519913,0.4382724352538834,-0.6775900315490585,0.35843819085931744,0.17277493840525873,-0.14321880354896793,0.0523038122564199,-0.6306322228918597,-0.07867150122505863,-2.875012777661659,-0.49099811927616976,-2.5356633715996812,0.43508597652880115,-0.07591129638460824,-1.3522128565034677,0,train
1.8492294061881398,1.6480695386648825,7.275531577605666,7.741039879383983,0.40863182943939713,1.2398152740233437,-1.7821910564808094,1.0073118789743227,-0.10692212951107932,1.76211164109545,0.19318043288777498,0.8901551482271968,0.150297026460533,-2.594033626923775,-0.12343375874303396,0.1617846398656906,0.6521285850892297,-1.0405438576914237,0.5250535436705307,1.2945183303492542,0.20681596565388932,-0.015598164079220022,-0.3738431015246974,-0.008142635321514281,0,train
9.825922987856014,3.2945508624282125,5.1008953062982165,7.019612022211614,1.236560884105471,-0.017342697918554997,1.1831979161605102,-2.1658512148769424,0.15225054475025954,-1.581383302080637,-1.1222124127182107,-2.0237610152033447,-1.327529336427006,-0.6959524297136358,0.15197708014091463,1.1999408262047402,-0.07927635910728836,-0.12377890147153371,0.18385018093195116,0.4949210230078434,-0.33122197836915473,0.3529351402680991,0.48840620962028175,2.0733722693572343,1,train
8.98079093434768,4.129528396155452,5.7264813065519204,3.10584060292277,0.026758275812204847,-0.35945699895907746,0.5723312335868146,-1.0170678687139163,0.23720672893550182,0.9845858340322586,-0.5602107229584352,0.31706795926808024,-1.931640039780383,0.6625951999662723,1.2223222299806558,-0.8039052373897239,0.5764869972897224,1.3181481379572033,-2.0163020701103305,2.0800252259601035,1.6244457855071226,1.1364797515073861,-1.6333420449292426,2.158416290693982,0,train
4.189037307336806,6.738202704801324,1.789582077411661,0.7208783191279644,-0.99184350282674,-1.708785387474483,-0.22674653899635827,-0.0967120350848796,-0.8618217679833816,-0.2795419438556658,-0.464261991073641,0.4039799977104439,0.4573225985361244,-0.6076961322084441,1.3582498319261203,-0.2705249216006181,1.578618917480432,0.03726637228599955,0.2650613074318087,1.2234151247138394,0.4553676235565454,-1.7108951235927978,-1.3339978511738533,0.9896806559865331,0,train
1.3258389667432313,6.603183229256474,6.93020981687753,0.9545405338835133,0.44198825501056505,0.5203878586031652,-1.1345036978189669,-0.45010652656797934,-0.07881571830101572,-0.30276058534903777,1.000517057485042,-0.5279473681284007,0.15703005056977384,-0.0820585710575553,1.3841487653985138,3.854014767596058,0.15006293017587394,0.5928302404781001,0.5705688452944718,-1.7772402161269232,-0.31540481359157724,1.2607066048015678,-1.9866431840066896,-0.6754796113362214,0,train
0.0017211318749521531,4.588433003091107,4.444088164939641,1.7276083541849663,1.0945085548583906,-0.6661031307502195,-0.2566839953426442,-0.16893651019485717,2.3510104072680944,-0.932945460759877,-1.1177080220869893,-1.7089742373132963,-1.0334540345162186,0.9493398886311633,-1.191292129783707,-2.3905436703363576,-0.08127424710920052,1.3463880314357677,0.08217278501707258,-0.2084348289193763,0.6019470646981113,0.4293831742551964,0.11493914550630668,1.3816725108177743,0,train
7.402585186872649,9.234031350422867,7.279636942891702,3.368135653730975,-0.1988490728675205,-0.7727108324762698,1.1757644567565977,0.33501957134235055,0.1631706283981231,-0.5525433827549128,0.42137455847908906,0.223320872802757,0.3553178417585631,1.0561712161122774,2.692731465778093,0.6957924425961493,-2.342818232502193,-1.2739096584503138,-1.0959995761340022,-2.333559721806334,-0.23428390065715615,-0.8592343546368229,1.0266297300192055,0.3376083864820963,1,train
7.916232204698083,0.08503754932892682,3.974351705701733,3.8874455721166523,-1.7641689884537286,-0.5994505596351077,2.7082515289475104,-1.744324405157316,-0.0555503305577093,0.08278816030916925,1.0865589296569402,0.4468830269960132,-1.0853481912313638,1.0316956466094007,-0.3606119553463661,0.21081820793488262,-0.0012095942457059907,-0.6208128975358624,-0.11794294407054205,-0.21767726078023444,0.38806631354417237,-1.3700124305434278,-1.6747787369720415,2.0969059888351547,0,train
5.1069278298732055,8.898018379491553,1.808721562633847,9.901256433813654,0.8335758160719536,-0.4789849286080297,-2.4295485403233315,0.3642406877606723,-0.8362659551781564,0.17728848103419864,0.1255057435812467,-1.2782908231574879,-0.16398189799687476,-0.6903033520148798,1.1231274368545952,-1.7050659568387172,0.41503996628295464,0.2844637317795723,-0.7662056835318003,-1.1590523602915925,-0.16815261931561643,-1.0577534243287519,2.492889377118257,-1.0420638521066616,0,train
2.791910698551978,9.507165497806616,1.6239943788443234,1.738358711577842,0.1551518088839532,1.6258615613623366,-0.07910508584946718,-0.19822305959484465,-0.563529670248614,-0.46707821157525903,0.7114966634461095,0.2851305985476789,0.48896934016716664,-1.1735615313579475,0.16506482991135063,0.1554360501088444,-0.41293898172777466,1.182756556952045,0.5561208473243711,0.651069138621628,0.4649434661246612,0.3727918115026237,0.10478017597618326,-0.7431295358617541,0,train
8.552964979213394,2.200327681301845,8.337396944742837,1.0815633363255306,0.36258940784230587,0.8008378765324774,0.415850167758503,-0.7163969969151673,1.7468581071148699,0.7044449246212858,0.1935975451243804,0.06654842254204647,1.174616603514616,0.6751661806614945,0.19907071999998185,1.4128376829149147,1.9151880314387033,-1.3871028954038032,0.02523884187500452,1.1740539261844614,-0.6473144637921164,-0.4151901543642136,0.8491507753431343,-0.8601692411971531,0,train
2.5095506848100078,2.269528927877639,9.642272732966736,2.425150798179676,-0.25532311394731194,-0.3372493760743851,1.8141853807357369,-0.742723186690661,0.03477033451157803,-0.13968370112722014,-0.4728975278442036,-0.3691460841916641,0.6838972294356898,-0.5207965233169995,0.8885730610262536,0.3781194318187823,0.7717072081277346,0.043449925000736876,-0.03214632858599889,-0.5729227143886174,-0.2740270017083986,0.2222485249495618,0.4267079087904292,-0.6983067827228377,0,train
4.679011936486965,6.813462277741767,7.443800600432145,4.476162464449519,0.2457592342635921,-0.44287877993945124,0.4397215342962594,1.555311353155115,1.3166733442739755,-0.6987557268987985,-2.437229722383692,-0.950898185922566,0.9778750303928803,0.2919537044830292,0.5337727051926712,0.7935178742446317,2.912289897142193,0.43965578976757747,0.42938401506578294,0.5627046001995822,-0.641632507169705,0.5928628363831162,-0.3699929792452913,-1.2896696604979714,1,train
8.420839026555868,3.871816004756167,1.213452692410485,3.8276558257092717,-0.21303331374401105,-0.3916720962321469,-0.8952338350285797,-1.047020447931418,0.1274999060705961,0.2763208457265383,-1.0510684978281326,-0.01875997809352318,-0.35032814721769884,0.4371694503085757,-0.41519453588196165,0.2502750632951759,1.3225493199538438,1.0529017041856223,-1.4811935361136137,-0.3293336062979769,0.5325163482535221,0.028352074913546195,-0.8343189238076535,-1.1041526800860868,0,train
3.23963390444997,7.632770084468078,4.0480011879398425,5.67748504564074,0.6085754078015074,1.1871499845149545,1.0704920158916365,-2.3796276328675443,2.4446880094801315,-1.2029049910856784,0.5600968589231845,-2.2685314630895235,0.9181792499869637,-0.6638101969138555,-0.6351168998381637,0.9239822266654156,-0.9342768648433462,0.2809395626997962,2.427349402498945,0.04981730507656293,0.8411615468693321,0.6980442337243221,-0.12214152961331062,-1.1644086946893097,1,train
6.173202911186668,2.105547152820172,0.757994092653913,6.8285059717342635,-0.728990398285858,-0.3784159298540673,-1.3034956908409887,0.6094746427158829,1.640683278294205,-0.4301117115111483,-0.30945535985451733,-0.42798733256345073,1.1353373036807433,1.9217962744774002,-0.49517560613296624,-0.8406107484042391,0.17183775383582614,0.7739265322863882,-1.4337200859438455,0.12799376865722528,0.22742887963461822,-1.738768416522535,1.3083967457739238,-0.4860464018583819,1,train
4.663840741407909,8.982876114535799,8.849130053725332,8.013373012112002,0.8577801863629421,2.4333689050332055,2.3998084633733905,2.5191989065298532,0.05813658222326522,0.1997696186604484,-2.100199181284043,-0.2961901804868123,-0.8029457081554313,-0.1747074415824913,0.27328368690964483,-0.0011794580125909992,-0.70587005653913,1.0550858450108205,-0.03680599466171492,1.2386912962202716,0.7697366372056413,0.47091652063619016,0.37653771827335464,-0.6463344849439339,1,train
5.928895795530633,6.840103059696876,5.525584867891446,0.70420966240483,-0.9493361728459391,2.1407477927069167,0.9242036810655893,-0.011182743810190639,2.3178471537427003,0.4587409669171192,-0.20961106422418374,0.8415026242251825,-0.8147483303751449,-0.45811111283836026,0.9125012127228873,-0.3543007153222222,-1.6462995726314782,1.4902796236345066,-0.2968048612696966,-1.096984894452613,-0.7369459116235427,-1.346067939393442,0.3877512026608833,1.5441474444855086,0,train
2.046637432892365,8.00412851458891,6.548147327790649,8.022093744680735,0.7241500838517322,0.45880513319285937,1.2440286513739212,0.9504709915318473,-2.170853116905752,0.8673376772500649,-0.560104232067426,2.397763897636325,0.3804484358696978,-0.8807511333992144,-0.09181811493340733,-0.7391123051468393,0.9500203274169324,-0.8258109003523626,-1.4945228439175313,-0.3382011715406066,-0.4150288846163831,-2.3463812783715827,1.894448849385052,1.377627295397026,1,train
2.7908392552300807,7.487712915626301,2.6436145845708134,9.205886294533517,0.8240707851763394,-0.555225379538212,-0.053891591356928795,0.8293022804358601,0.1073788124016286,0.10896087443648966,2.093960983440463,0.68717106279889,-0.5223455811112174,-0.3163371365960942,-1.1797516437094169,-0.28534917817396893,1.182284829137142,-0.3304627444203404,-0.8150628105767923,-0.34475308771099133,-0.39289568480547893,0.02851252815143447,0.8663463683287882,-0.5815734223548437,1,train
9.682764148602905,0.5245988140065638,1.8686795286220503,4.465468499057138,1.192456239853088,-0.8782572050810471,0.3539364909312501,0.9301580008279954,-0.24424436971706487,1.003672232224232,0.8679241692674731,0.5408353274740557,-0.16818511957592316,0.8217256262433767,-1.1733512468824008,0.08224659954310401,1.1451820160816382,1.112267656346942,-1.0397862481680453,-1.3436607932173814,0.08333890824725115,-1.0746059437888404,-0.542524064060503,-1.5752506110654856,0,train
1.1512639491019994,1.965679438600345,2.368456357119504,3.4425440295051004,0.23717582342546328,-0.7747933354466544,-0.47909955177609753,1.1447332504292353,-0.6795666088847502,-0.8370608786125499,-1.869788885900273,-1.6870404671066264,-0.2924950364789234,1.4001897593366446,-1.105041767437822,1.763720218631521,1.9911996402465588,-0.810488227739135,-1.6804484888468987,-0.668395453032867,0.3259483936115248,0.9206356093141124,-0.7012190713420803,0.551193195838161,0,train
0.8549318826906238,3.972467259221891,0.9734495164433099,6.058133657112621,0.18676682618128443,-0.3264558626041312,0.05645985390299046,0.5867470617776992,0.33163415326315004,0.35769976223037564,-0.7480455171244522,0.23529449831501162,0.7530350925159676,2.3352456796794785,0.25106946598067587,-0.3265839723826828,-0.7457052885771885,-0.09889991375712416,-0.3728356230434539,-1.3761926930332145,-0.7832196293281571,1.6893823611710876,2.3974977931295918,-0.1012124928975195,0,train
7.545612191134215,4.230175746585286,9.61222258127028,0.4168533941641883,0.6690321292756602,-1.022817815952111,-0.5411446130529148,0.6999452041470594,-1.708316315637739,-0.5005099456023107,-0.6065853619267566,-0.5832918080037106,1.4390069497764526,0.6030276749286947,2.160450105450884,-0.5342284365165313,0.012642007282919955,-0.11960203725662043,0.025534342985924507,-0.9709277436739662,0.8436112775912401,0.7998253133326819,0.3615416621097503,0.020533851086329644,0,train
2.3668376137273697,4.068024225337615,4.982099100667803,8.787081687567023,0.21255220284049087,-0.9653805589805191,-0.32049483651720195,-2.141030312899308,0.200408170660568,0.9079256932465536,0.3292526697057062,-1.3412344504249356,-0.6169113273109499,0.8215792778157157,1.1955814358196044,-0.8234450743705725,-1.9481301546217626,-0.5474453545239186,-0.9548519647506053,-0.9212377622718276,0.22166356654412,-0.8721338298692904,0.13395720175701448,-1.8994398725235304,0,train
7.494504472694859,8.893096844365934,9.11726381636394,2.646145580191127,-0.06510204949669705,1.2616838213590527,-0.18106791899485636,0.06078613742710125,-0.03396664318089066,1.0622699606393171,-0.5531060968229528,-0.3148915927014621,0.9524405855463252,-0.11516892473280786,0.24363260305512113,-2.205889858124786,-0.8788156595290226,1.5070372408047452,1.0482005981514178,-0.01992823715614669,-0.5835511653696694,-0.035984416147938084,1.468582749289873,-1.7992530525532486,1,train
7.611452498349953,8.691524977292662,2.089634798090525,6.176128588826861,2.0952955475605846,0.9257915209320988,-0.28628681538253603,0.15142990639633566,0.007005512201806655,-0.19640347908448877,-0.3707846284292513,1.5496245141581262,-0.17238961137686157,-0.6905748747133381,0.5104283843398167,0.1863783725888005,-0.4510505826094752,0.030921262641136954,-0.585369489170084,1.7185297955514751,-1.6574038823603159,0.29675115372910893,-1.2418683644238404,1.3443115267226657,0,train
0.24162590073869894,8.019441083216394,0.18583474526201793,8.315697811662004,-0.29517323109247456,-1.8267329979610567,0.9329858963100828,0.22056983170419153,0.2544068660322235,-1.1551262715546815,-0.8209546826532051,0.013757199377766524,0.8047178161111214,0.44435258365531827,1.504914823271783,0.552110530213498,1.470141181445172,1.309049732309145,0.5373852574212975,-0.7105919772244412,0.10319626367465731,-0.8542261377583655,-1.114869554920878,-0.00030633880633456126,0,train
9.577924383372428,2.2397182108268,2.946445282276261,2.068118812820493,1.8476412648957585,-2.286942934178432,-0.04924688383323225,-1.0955489568412613,0.8465174619257964,-0.3977937926254784,-0.6397836098479661,-1.3756077988003497,0.6396191642643938,-0.28291808387892886,-0.7485861582808053,-0.8520256085229359,1.0129969311741918,0.03468685043788048,-0.43350034127916015,0.35236066425866747,0.49170050560736384,0.800228745710147,0.7547156374131758,0.5779365878263013,0,train
8.057436223146572,7.07250301642337,9.735382820427645,0.5311056134198489,-0.4372521328814091,-0.8883543106822578,-0.33562186220711115,0.1178324431293241,1.8153253990685156,0.21530087169609033,-0.7571057646832104,0.250626502604618,-1.5530753261524464,-0.5531752353429579,-0.1725819827822602,-0.5241935797373914,-0.7857295676147659,-1.1443555649434025,-0.22308496103402464,0.9035603733975511,0.7487586096125035,-0.2052046103405218,-2.102677471096683,0.8179737009928963,0,train
2.605239810418732,8.283777619706644,4.808664498540404,0.5878389495408387,0.4529820582651144,0.8874882129097654,2.5221023007339887,-0.24363053324962117,-0.5003146655123389,-2.12921835379528,-0.6900829232157961,0.9840904570036876,-0.550482729431738,-1.0482691291440946,-0.09273975203912802,0.7572696578966406,-0.6368229261129362,-1.005255784141297,-0.5986338719341925,-0.09369117999437974,-0.9546376585746514,1.6542283774484605,0.4032834463220052,0.9844463486437491,0,train
3.86306002614326,2.032230221162943,1.5740237503521781,0.6890046630546898,-0.5855261254327209,-3.3149405150486912,-0.3369739651072789,-0.9512919265649132,-1.1684721396520696,1.4984187708421461,1.4029883677377264,-1.3100376426217855,-0.39773419221828343,1.904115680028489,-0.6489469839370213,-1.567668464376024,0.3750025351440147,-0.33166613371299164,-1.6553950356932114,1.8652086634609375,0.5241387932088455,0.3655671290378857,-0.8661460333661795,-0.6419264120548624,0,train
2.9017363778001313,0.929943176150072,1.6969227840256995,9.187774983103381,1.07101919696341,-0.13041463591586666,-0.3049825232442743,0.5254163011230282,-1.2559989781306882,-0.4468079948251304,1.099209524706643,1.1870253256204752,-0.31952667535647217,-0.09115565990408489,-0.7459262994433414,-1.6556275212248426,-0.5491053596429811,-0.11482238800059498,0.25880349907182254,-0.19597139249850007,-0.15872310356771585,-0.23625828240660085,-0.5518514816760156,0.5451047868647829,0,train
5.958654820236873,5.549557032000072,1.287934766536497,7.280655777627466,1.3649310310693739,0.854301366966022,0.5209507656819483,-0.12215382794636381,0.4714342623859819,0.197058453710032,0.33240471095741486,-0.16853893621212254,-1.0959458509065212,-0.04616472728256767,-1.427569024933541,-0.02581544866368171,-0.9518333222223236,-0.2639147496914366,-1.2586346432584246,1.0580340024786452,-0.8039239576205264,0.060995685868812065,1.6965069118468363,-1.4706580133889118,0,train
4.017806973824177,6.247035222116307,4.514279915309726,4.697501239564,0.13791572447795214,-0.4084016908230709,0.15040338053537722,1.0815083241429815,-0.959995029752607,-1.2798799774509373,1.028442983380476,1.5097378384724103,0.039946554606123806,0.3566017508542785,-1.0194569630999368,0.009294222172909811,1.062873246293262,-0.4163333077215652,1.3927064537623375,-0.07974888321080259,-0.7840755826988123,1.2427994236236959,-0.638599584139221,-1.2149107279150049,1,train
9.885480662487454,2.1670491806394008,4.304419649713952,6.987092249184178,0.40280754547566266,-1.6191092777531981,0.30345460834884297,-0.1727448713170022,0.2716124571384321,-0.11186421652734584,1.0593266611195888,-0.24974293077848436,0.38321285321692883,1.1119257680817842,-0.43949212512237984,0.7206017215965408,-0.5882642269081256,-1.6882044386524362,1.4156850641301078,-1.5601810264776956,0.9980067664091556,1.1121475518945885,-1.050113659098954,2.879641098208279,1,train
1.5667961802104746,2.923077711366988,0.3707962028085865,1.5737614228915542,-1.2424756954033962,1.5701673407735592,0.7451831452251881,0.17580851378532367,0.1748954167050257,1.1550986922625535,-0.6037423628864398,-0.24424559134483412,0.43920849231010645,-1.0178505084219216,1.374794315394677,0.6671765867764069,0.6862008096467598,0.10405320831749924,-0.9627657448015648,2.5873009213727225,-0.2742990145902078,1.6232539849946372,0.27985899470817893,-0.365436072000328,0,train
9.689306864306078,6.916450539675306,7.361140876840749,6.086227227562279,0.9672139705770525,-1.1559361649162088,-0.1696146911499561,-1.1519111153785393,0.15899689951080834,-0.49380652845153095,0.9750593530480517,0.728661448333652,-0.9185578743945662,0.3585442222622883,0.6308818424316981,-0.6697316155353384,-0.3016215370438742,-0.8371658947952261,-1.7354086325082898,1.5778731850114358,-0.6609441220933515,0.5065678008695911,0.22790450180088684,-0.4953776671802379,1,train
1.2410147693474716,1.7293954837390413,3.7984738030864817,5.210861814343351,0.8045890971717653,0.628583155761625,-0.2986561358643855,0.17830518045054092,-0.05943484763903333,-1.4359446707508319,-0.8894760524873545,-0.12104346848824185,-0.7704051433197484,-1.209961228509772,0.2896094666232947,0.7819104205655149,-0.010679931691313347,-1.2048299378873029,1.416952195034886,-1.6343330131920812,0.026911005802966476,0.7418789469870725,-0.4341916947480792,0.7120090455184052,0,train
0.5394653334709065,4.281367489766829,8.264877453596158,1.871161415520085,1.7683206704432086,-0.20069487144336956,1.1598842729551506,0.8983158206870643,0.05208295202755316,0.32791089125895423,-0.3756973658332572,-0.09237935984628894,1.1771506665939533,-0.8598574798486048,1.4386515370051205,-0.12253368604502599,-0.43705758335672795,0.3683872198399061,-0.13936387975656295,0.24174166891462584,0.29263397587934087,-1.28548156623998,-0.6984487537594792,-0.005104080139752463,0,train
8.559909448927826,1.3065956136259083,4.520404805139302,4.29894946570913,0.1883842890665567,-1.5061084313921713,-0.4634824271128268,1.8007852875071357,-0.09202175291840564,1.0134023117902125,0.5267595520807008,0.12299897733891492,-0.7916232424285806,1.787816413230799,-0.2395598284293903,0.6992743601832796,0.1912835109982935,-0.18230148939913698,-1.8598396143865457,0.5340073747335697,0.5563700470740143,1.4917334734758925,0.38500386347687415,-0.8197428033756929,0,train
0.648489075315597,2.3997618927480113,4.926162531094002,2.2830953631239668,0.49106902776403205,1.2682849016528215,0.0515645805550869,0.0825758377975567,-1.0909958970182032,-0.6095907367725013,-0.36909519339237634,-0.9837476785427541,-0.041145105607539575,0.44549955520870094,-0.6853929997851768,1.8175332486165967,-0.6724167616706067,-0.05264359827864077,-0.24695647517303132,-0.4495712075702898,-0.06526951392926564,0.9904558553075462,0.8299875146251193,0.58847598445225,0,train
8.216803635306526,6.859735754095462,6.267877708307401,2.2572856572059985,-0.02435137241842715,0.3592851506749937,0.12560435341101095,0.4489658186206295,0.7668476152303589,-0.7028418208804585,0.4092116879512447,-0.18317206289264382,-1.4263418001846258,0.050496086450857486,-0.4955694281999313,0.2330081011704449,-2.1228125898831265,1.2423431478667286,0.9522062429180359,0.6544476116606079,-1.7988069335383088,-0.515129664345616,-0.4128748588107415,-0.27353724002272817,0,train
1.608074778061409,4.563433069580192,8.586386539741447,2.900385623359727,-1.1454725569524744,-0.7363432250034424,0.6921559997087313,1.077240067670434,0.4583630146691923,-0.42361355091930597,-1.537862910854657,0.5061531480687856,-0.12035714725930839,0.6762701167605376,-2.0578053220183232,1.5284142566485857,-1.151631972234707,-0.1478811069421512,-2.659017731572186,0.0014804864421860279,1.142468020468503,-0.06514262475241625,-1.5156297280687565,0.1348840873676025,0,train
2.8197111602229272,1.1426263447812512,2.818545296359881,0.9881296307939791,-2.097402125809102,0.948872842807342,0.16085292413841948,0.351181530462846,-0.9507717503696511,0.6556700393469048,0.33994237474727873,-0.8427153373614601,0.030167002755217817,-0.5607359782361171,-0.5554194007511869,0.38464875113687763,-0.499741273202586,-0.6686097568712703,0.30938606408572117,0.9042137988353771,-0.6719311834829378,-0.02803456912960006,1.3500591663720383,1.330751197008781,0,train
6.640430697924628,8.842166495733165,4.4212357930002515,5.079579642255307,0.775201791695818,1.635630967712355,1.080573908914989,-0.39084225212877527,0.06345237183466056,-0.05699183729390374,-1.115488288270215,-0.13611229210101608,1.2862302944832127,0.8130720697420855,-1.3232889671285033,0.649135011529313,-0.8732751009328332,-0.25862571896124653,-2.8942380900062292,-0.9518225836083536,1.0448131799376783,0.3756025642676315,-1.1006071661499486,-0.5332151181466545,1,train
8.321744043501765,4.6659809744418865,0.03575188857261602,4.304908538470342,-0.5049100800024864,-0.5616734064684593,-2.325722255560333,-1.7684120896953595,0.7350977855802158,-0.64460710697127,-0.7504636717883184,0.343990682663669,0.835497147937894,1.1606272036937773,-0.15160411766457219,0.1881951228207022,-0.3392196790060896,2.1202648238276813,1.0428486626962556,0.05260312855155267,0.7641754984896053,0.6445691086591234,0.941385099616279,1.0173429403243404,0,train
1.6809205610778777,9.701288529361861,9.314571189822065,5.448611820202739,-0.3302888897538527,-0.9547745690447637,-0.2928437875467231,0.8341828286975588,-0.48569921279567474,-1.9031408775216592,-1.0897268421601176,2.1580970573977254,0.8878941482917335,1.0277113082435807,-1.668253374529312,0.8781477498703177,0.5423004111381675,-0.8379204123746058,0.12786798392785098,0.31975116534659126,-0.756921210713272,1.4233982992821732,1.5741244433962835,-1.1562576846147772,1,train
8.108595430441135,6.062750217400302,6.478474342800381,0.17545829545269176,1.2863250434731004,-0.4969716179668604,-0.7218482261786391,0.19773841234443165,-0.6669010169663132,1.360211590156327,0.2837682792194174,0.07244244091763115,0.5496323207684296,-1.5196889314644362,-0.35009573506199293,0.05699168281678044,0.6144004554156437,-1.7666970288562982,1.2267634410478105,-2.756985118278603,-0.7209138758486962,-0.1922623933066569,-1.548685224363782,1.079100024123154,0,train
3.7392215014923447,2.985225997091753,7.055627598890086,0.06147063755982396,-0.4865872590605483,-1.1072668372021155,1.4461237000482088,-1.3922913256679041,-0.4482178813646609,0.6198652541682428,0.08200642049379309,-1.406739235427429,0.4580948080334097,1.8850420354470399,-1.0413775070332203,0.4566306609611633,-1.224638285880719,0.13712860653502149,0.19795217777015042,0.3924446012125735,0.3422026962749212,0.7773905140246286,-2.014496120318681,-0.16077259751850814,0,train
9.712854812413603,0.8449465184166327,6.905197957170311,6.1029098775672725,0.6251903734026774,0.911681594220041,2.516413689884814,2.31814685615544,1.072242524796336,-1.3357784579426257,-2.052536848843003,0.7130476058557867,-0.7674223521994381,-0.016284459854474836,0.1335230796549728,-0.5829040698539338,-0.6342994519535694,-1.1825430582198921,0.19380530405260865,-0.6146357098631853,0.7980131696094969,1.7973167960697818,-0.7592872414883153,0.18478008400183887,1,train
7.3566080490457715,5.678020812775065,7.61841572271938,1.768675742932867,-0.11726350367167548,0.7446460330374624,0.1763799473558677,0.8558170200335482,-0.5280446409888845,0.7871925647711726,-0.8729567433178621,-0.46198652847670646,-2.2982463795482344,0.9099588059132082,-0.04426412423993139,-0.8479786045025518,-0.5551118053613417,0.5604382689687669,0.650349283054589,-0.5686302723434009,-0.7753802082302721,0.23031824689857022,-0.1829677651080574,1.1551482212990007,0,train
9.57672414419328,8.368502546898513,7.521279842357929,2.434280072052263,-1.492004620824696,0.11916458754443547,-0.21093204552923803,0.3683437069576372,1.5221870707306973,1.640453660244793,-0.09944206853356295,1.3121997271882622,-0.6092482877795296,-0.027693602067716375,0.888011669719878,0.11375155350604405,0.7574294796076165,1.0263059001191492,0.1848565561819485,0.25244498302013924,-0.03699314890444079,-1.644699316287978,0.5930014901327947,0.15574940325904743,0,train
8.812510362251233,0.8820871232660599,3.9662361223001596,5.858970469597059,0.08243113370008391,-0.09954957329163752,-0.7904640598142489,0.573515508810629,-0.5842270760581363,-0.7933259903186486,-1.229163825007078,0.9465337220687879,1.1834832105773778,1.8873803546720755,0.26817520471521644,0.5286133435075675,0.1308088547968869,-1.2100675218267636,-1.3253803184227078,-0.7177416338408787,-1.3846177931945205,1.6413772911640436,-1.053053690771328,-0.5864521294394202,0,train
1.7189096554705585,0.19617405185353265,6.141173559024818,9.437012286772697,0.47723962528293734,1.1078552828953887,0.2929090265877113,-0.31207347949379266,-1.5185986437137264,0.9291469589916077,-0.4476901845926501,0.4371793198084074,-1.0874011896547984,-2.1452833617669094,1.3140054131167975,2.6444296969131,-0.6576101436447197,0.28156842243442504,0.13197531997521253,0.9262402777767907,-0.20074146893434175,-1.0232235211842864,0.39513239583740883,-1.391082157334745,0,train
8.653632816717238,5.124237322126053,4.5522398264580275,5.994175342403301,1.0409990031505554,0.648765001839306,-0.5348436144985063,0.9818324899961852,1.7986341290994752,-0.5694806147777296,-1.4240829887036934,0.5682825903092906,0.5416491264151114,-0.7022646606200735,-1.0614003369939902,-0.7824151828753743,0.7602993649552117,0.4956209848851883,0.42137468203751455,0.07241720316535338,-0.8659062146330148,0.13996364137896627,0.30679896243084537,-0.8155636795193993,1,train
7.603439458999084,6.095893228923648,0.5403053902727539,4.147384330767658,1.172732575860352,1.140457127785723,0.49187827648965327,-0.3778790359427762,0.02197657519389862,1.074606956477479,0.23709970764324015,0.7289908293075469,1.2351267343088517,0.1408757190053035,1.5179635887910488,0.7169896936139282,-1.3156179516493214,0.11625358266596174,1.3606000144393158,-0.004717652857729902,-0.0781075925862525,0.009702947590257237,0.3081225619883199,1.9866829266506485,0,train
4.081005624105375,2.2482160218149017,3.7995278223937223,9.842976424545775,-0.3532637113107444,-1.7173801847793382,-2.0161666652612342,0.7086707260904327,1.5164726143257017,0.5620155816052246,-0.45986233547620564,1.1676336293849972,3.703115572848083,0.14364645806381776,-0.4803810693242121,0.2316676612447129,0.44362358754016723,-1.405265440682703,0.9730270870487739,1.9690359593592064,-0.030480245770889532,-0.990882240329346,0.26068667109271515,-0.8889686235706791,0,train
8.478120281969105,4.7573818410165,6.67999618981042,2.36133209063912,-1.4726051750687648,1.4530776018822698,0.2297918086741121,0.8800763191875128,-0.8765548763927098,0.2931842775503681,1.1308944341261933,1.1812781356898623,1.1586300529889055,-2.570355035710002,-1.1742227775253455,-0.13792400374556582,0.3246405388975737,0.6278917377245435,1.3762321008414462,0.3087239081645505,0.8355759193857748,-1.507680011066144,1.0077598705638016,-0.6713289800055586,0,train
1.2782258752441045,0.30065044738482705,5.970755913072708,2.2777851628905363,-1.6110817676698592,-0.005495929799160089,0.03163200273247604,1.0642380692465914,1.1292184406008146,0.8289971811494903,0.507071107121372,-1.900919307147775,0.0173511053572772,-0.7892992221862456,0.7651994745061116,-0.31359545337201583,-0.5815876174540227,-1.8908791149549733,0.8744736075370177,-0.09004260940306004,1.2249848032538793,0.300265504444209,-0.5307367139287985,-1.4301721695311516,0,train
2.30744355212398,6.996436389484312,9.728783679935725,2.189972112423768,-0.15895863307487487,0.05799655444473646,-1.128131370802531,0.5523222372138453,-1.0048228853697203,-1.4784176765724506,0.841406526885564,-0.35557512473265035,1.3504059091888583,0.7315883218561914,0.879259031280849,-0.9599513245853603,1.084853988453389,1.3935758952545083,2.3817836956002343,-0.028023530355994045,-0.7567692286667369,0.2205183394976771,1.1397503390344759,-0.4991019526408357,0,train
8.498651616754392,9.60391694004045,5.228068625917977,9.866515458113572,0.8781227808987176,0.14992538722683854,0.7070059752285373,1.289146303273102,-0.3910468929084691,0.31734967451597285,0.7028559887118792,-1.714568604466644,1.2812078188598843,-0.5898443160702228,2.8232497349882513,0.11819513238812543,-2.1463138873511216,1.1935414319271593,-0.6789453410286489,-0.7427288277418531,1.0935835971356134,1.5286288922684192,-1.211219334048004,0.3377297144694177,1,train
5.123536048723802,7.380583881115209,8.869424883581676,0.6303800385906899,0.4875299036359107,-0.6375793221335517,-1.0007122600179936,-0.9446241008689449,-0.28599221514406803,-0.5584348683490413,-0.41235886880924677,-0.17275025746618336,0.4621539382763663,0.3600740137728131,-0.27486809226310427,0.9562186148609404,0.05808135706867752,1.2767199827861628,1.757978276505798,1.2322088055210503,0.8014585676956099,1.5166666000272075,1.2843991477857235,0.049338267699088174,0,train
8.815253113891677,9.739937281170953,6.82024711130715,0.8272799538102749,-0.09206342249423959,-0.16504818085263526,-0.5358043910006144,0.9036089253291507,-1.6623435327852374,0.18659415626069092,0.9829393968976647,1.6650280223311902,0.9773187016739626,-0.3754657944498538,0.8222134657260739,1.6071076717435957,-1.401817093082985,0.8970899470910214,0.6612963114458063,-1.7750900831568515,-0.7212112900812441,-0.3252956077145328,-0.4125260443212101,-0.7941128995828675,0,train
2.631658480354657,7.9303321083532605,0.10117615983976758,8.742961514388139,-1.3477487660195706,0.7281381709937297,1.8800076517867739,0.9569052618632286,-1.1190736743809495,-0.908925630810668,1.0466300128300066,-0.11297812222626132,1.5016815914409336,0.9250139943775554,1.858021758869637,-0.0521312311176202,1.6604214850088646,-0.5136214479555237,-0.3537815991372252,0.644103013554064,0.9279239791213282,0.18906299346519645,-0.7662416314025181,-2.439552862272745,0,train
2.0755988736773165,9.023705806748128,9.552243897068328,9.84522272334426,-0.026234971507524397,-1.704281711924826,0.3221630039159,-1.11168668741301,2.2602124855493537,-1.7840364843398646,0.08405801246140612,0.7783881270815465,-1.2000783416646377,1.2773403629447633,1.3314456732808446,0.5109774402839801,0.5618293102450974,0.1451761393375153,-0.04487689894774129,0.11803475357428077,-0.09035045015819254,0.11276729124954345,0.6229465158195427,0.969869877480089,1,train
3.402558591926849,0.22504081513706087,9.883260216676643,4.155514887721528,0.47006699753607845,-1.4054642194133466,-0.25717633626159375,-0.048105250577544646,-1.4257271493044192,1.0491880122357526,0.7383400153530061,-1.6274873276640978,1.0020399005839953,1.4232376469235288,-0.23131658178883768,-0.09937471429835354,0.26743933831166555,-2.4145879750431156,0.3920443959185222,1.3058630023476432,1.0118438042177813,-1.0212989526598129,0.6801225844582689,1.8455219419542181,0,train
5.670509516483092,8.359049930498795,1.9402160918447853,6.080865499018058,-0.8330420055720072,1.4707911818943773,0.59214764952157,0.0805063003759783,-0.030325461490152663,1.2856332645724058,-0.8032705632822126,-1.9637031638966467,1.096597450769672,0.46553623386339116,1.1813057522516053,0.658960595787945,0.838722031456665,-1.9502384638624104,0.4017283573670765,-0.9846155549171424,-0.16847262742881772,1.0008689668052322,-0.5167625124634766,-0.7548314812117254,1,train
6.729002692018708,9.959476207330134,6.267415353501961,8.582445789776184,0.45584754447429765,1.4883052959552339,-0.927333420939982,0.4582970861065515,0.03607316283628814,0.32578912006605043,1.5703454794976612,-1.149835018985729,-0.39710420561593857,0.20923672371919716,1.9170940786463735,1.6033391197046802,0.09572222815514186,-0.7823258768319238,-1.9933015282124449,0.19399684154675265,-0.29771027409202494,-0.8753182195764528,1.0766462301784085,-0.6695925202993555,1,train
0.7761000312263566,3.1636756041822,8.392679651804997,2.4975688780237615,-0.1072576611520755,0.6175610184175759,-0.11411206863900134,0.9807608516668525,0.7739495362027666,0.10993261481401807,0.7205337334815297,-0.4298827762824093,-0.8344893219549744,-1.2132252799779968,1.3685827950627287,1.3896363644937835,-0.12768465192736816,0.40919955968009,-0.08569977942402776,0.6040178690738792,-1.230908321853869,-0.2689269627722751,-0.47185022936305027,-1.6717663874890236,0,train
3.9991785737771512,3.8279561047858035,0.4579287545174693,2.842698807178313,0.6774667509154578,1.237866281329798,1.6240079424206921,-1.0595972923643822,1.2446155727040928,0.47552153916657386,-0.06588610994073082,1.0085289095442116,-0.8351075842739155,0.5478909975828001,0.3714525021266714,0.19828930853463145,1.0611576203064954,0.5670632377318032,-0.19999385245959067,0.8804975500638195,1.991830108722672,-0.9904257350195429,0.39271391555250457,-1.4622010925303177,0,train
3.2128282139310658,6.536721906139242,0.01221995082427596,6.292341298529215,1.53777145972438,-2.5643307335811616,-0.16500781213046767,0.7038798621977024,-0.6956748126100732,0.3667365404064505,-0.13147503546172962,-0.5337833506764477,0.9686737854042486,0.883655863960536,-0.5138808742608301,-0.483978256450578,-0.8251710207450367,-0.16448715968217528,0.056233661258436214,0.4139280297619646,0.6865135203198184,0.5837825738021487,-1.5290109967467067,0.3792681051523235,0,train
7.586781012900492,6.059147858424066,9.1568833750446,8.57737558393398,-0.6413902918697612,0.6513793572758625,0.9109641162609458,2.486973494445553,-0.6783080865282107,2.94498806491306,-0.6670696047748702,-0.10012825600898358,0.6061908757560424,-0.7717442596310164,2.3104694244857824,-1.2204039914396645,-2.1290367825693703,-1.1292584678312727,-0.8641156841168149,1.882744246301953,-0.557425734952875,-0.2938977283976467,1.9573451300227585,1.0994961219892556,1,train
6.953735437492641,5.892041065748606,7.5863713950442255,5.7942377321780665,-1.5194605794820986,0.1642529784728969,0.2969059069457009,1.2682752902563372,-0.4901523619862291,0.33418569319878344,-1.294171420028998,-0.20562793946951066,-1.2213216410061007,0.4600396536641267,2.0135743519544635,0.01741645692835023,0.04889529276373271,-1.2036582898497827,0.580627788843232,0.35979745143139485,-0.10332247931012013,1.3303561691809158,0.7667185974952743,1.6882787777959811,1,train
5.54008035060659,6.4857827026870325,6.1326211376987025,5.724293340678152,-0.2824636322705258,0.873217126912183,0.48684358437541453,-0.31977393883083954,-0.0708597978268034,-1.2009797081493945,-0.47413798975405735,-0.6304667759443036,-0.4284751480887883,0.0612875308719654,1.29616527093395,0.7847297107172428,0.23965502721360882,-2.055770044909853,0.7587169205164608,-0.9487774054976447,-0.15273890186248823,0.8029242120236847,-1.2537865020326437,0.16650329784586101,1,train
0.16962916898825564,2.069547021529936,6.229016398219697,2.838502696415853,-0.6884926434501832,1.573917530555372,0.8860086347531275,0.9649106630968398,-1.2098413299736526,0.820915109697871,-1.3266881850901615,0.7322654223082962,0.6596984972119618,0.7165863733455289,0.39316295060551015,0.051901501059709754,-1.1737327570993918,1.157720031112696,-1.1146624281134487,-0.5731069523893695,-2.0909586831044553,0.48823821134536205,0.7174796702066297,-0.6466964939023752,0,train
2.8534536130504975,3.966575794838112,1.642056772177105,4.798465160760755,0.7597724775838831,-0.23774788988545897,0.30478004626229754,-0.687959107784489,-0.36396328851448895,0.5536797636573008,1.006119464243649,-0.16909005313935152,1.4172331540738132,-0.8180051496099737,-2.0643567345140954,-0.9821672497500255,-0.9437993301831967,-0.49477173227054605,-0.09691135774630416,-0.6831809220750431,-0.11560128133138418,-1.1572927497868888,-0.568720684263803,-0.945918747021788,0,train
2.856965178656835,3.0881371158525295,5.608480955327356,0.5455847586327267,0.3259464891404675,-0.37130603409596236,0.20473770796964963,-1.1715696251958778,1.4283683207457252,-0.3027096955366088,-0.7574030129198807,0.5726322461508944,-0.2567383358250455,0.23413770396344044,-0.7144066511204562,1.4686283317177955,-1.3270868233060007,0.47803457658380444,0.5619206382321816,2.0574591647260725,-0.3058439010444524,0.12517421471210183,-1.3622350815031259,-0.3879080629569496,0,train
5.497034829943112,4.74698661052738,8.109934199059264,4.195613834623872,2.1899062186080434,-0.46294523302902063,-0.9949110140901251,0.19128385887792773,-0.047576042222825195,-1.8594645814989126,0.9323041189729093,-0.953248722477517,-0.877632078135147,-0.8618562698705463,0.3329836251977153,1.476043204236168,0.10660224349969197,0.5219577873456068,-2.467185642329642,-0.7245689654311099,-1.0306077916126073,-0.33499120028309437,-1.780565509019263,0.3017914449694767,1,train
7.763734560776035,1.9970287264799724,1.492855754931064,1.785963240059848,-1.0007001850538317,-0.551926335164614,-1.0952174284771585,-0.5909034499951853,-0.3956424872499648,-0.08437499356180747,-0.10871384562456024,-0.19487984630689933,1.094197137649796,0.5102194229515034,-0.1726204895966715,0.680804448929903,2.2135947864631698,-0.40759574406537447,0.43318405173936825,-0.6544563287049152,0.8351033213273179,-0.26892758545462003,-0.5942396007854529,-0.07086436157608948,0,train
8.886098337188672,4.230988286398995,4.97178412969587,1.18597985136496,-0.1230998120601222,0.6096163849371801,0.3747626066234224,1.5585639347230786,0.8182819766322508,0.30843037018044467,-1.6335603084909351,-0.6037798556074742,-0.668068006102087,-0.34317672869518834,-1.3879329785064356,-0.7069979672042862,0.35988986491772706,0.11357394667399769,-0.4883485269178691,-1.0301672279711995,-1.7147801220822783,-2.290564317480736,0.5209785019525267,-0.33297129914316304,0,train
8.133505779791365,3.7981860907308276,4.41572924263083,6.012198657020418,0.16986747353135512,0.19978243504849924,1.2227914568114617,2.0925773721415073,0.18701114060353752,1.2737784910390275,-0.5701136085587681,-0.11416708191057988,-0.9973612101325084,-0.29825081086276345,-0.1765588162647374,1.628970306959044,-0.29419376489506666,-0.2091575591769036,-0.247755749728406,0.7583651803973958,-1.5832877550146516,-0.040387633939718656,-2.1350038940130815,0.616514092237201,1,train
9.588742119159821,8.99549622886473,8.592715597476975,9.006572030094649,-0.6191594116627824,0.9468372697005132,1.450619383494502,-0.15507205001910157,0.5890550940988186,1.3268699514958806,0.6680026198555069,-0.4361010696034955,2.9686049791856,-0.6492190740186099,-0.37364928425906363,0.9810265036729412,-0.2212501711737238,-0.7094162621538923,0.196399593192912,0.6067477100806703,1.1690824172699286,1.523496075956447,1.9326094068543698,-0.6252487167950824,1,train
3.167431145489549,4.803187618053268,9.257238473772716,5.2588605476344465,-1.6287480882431948,-0.4848774895091287,-1.1495120710291453,-0.397768483150297,0.7634424229907093,-0.4526859337632491,-1.646855505314656,0.9118955134764714,-0.930476562275031,1.1798179539598994,0.30644238292298254,-0.20667522767814844,0.9397310026586863,-0.6887589591213623,1.2306689859520168,2.0142746712370445,0.5380016213044889,0.4788645601984156,-0.9130275324149073,-0.8970655534678725,0,train
0.5408724565028766,7.345129991117397,2.904425533054723,9.988999333571824,0.23238578776233623,1.9827239900372495,-1.7422570325426607,1.0461734495256105,0.5774465378680648,1.4499043961910871,0.7571195045393514,-1.0047320623571758,1.0923600403347167,-0.5434410125184868,-0.8166103561701404,0.4558735751152768,0.2984580198501813,0.034292076997464255,-0.22134690612279306,0.7826923029434697,1.182674209960019,-0.12842597319602078,-1.1520363665663094,-0.6369658928941961,0,train
9.021776626840719,0.5286581512026034,3.74821935962927,2.0454792461288154,-1.1005500134879926,-0.13504496745886962,0.4152880990552936,1.6129981867016099,0.4378586804402676,0.5200523350384713,1.202009670193742,0.4956290161014642,0.681411315875172,-1.0419039240620243,1.444066854226562,-0.14304386887394951,-0.13924961967496902,0.1274881091978956,2.1755852871280057,1.7596571580443436,1.7036789081620833,2.251485843401071,-0.33989832011637183,1.0236860253561983,0,train
2.78689092570498,3.1456520969140325,2.5402573432392863,5.091326465513316,0.23596451239760616,0.28410857109808796,0.7731781983728762,0.6994614978867487,-0.05251106657766977,-0.8040307855457864,-1.2249304746695553,0.30074403708756303,0.10599766066792624,-0.31224462950851073,1.433863167274276,0.0827560745938766,0.1424766498866695,0.16756814179968474,-0.671686796808872,-0.2736938621413647,0.515223540759145,-0.7523842024962089,1.168197739742226,0.6658483658447166,0,train
8.756186570882253,5.882495565280669,7.974909720332103,3.6029514467622237,0.5868960844794637,0.07523712289228808,0.1597675781925782,1.2479389225807531,-0.3280765358009197,-1.526432280617478,-1.4878558001231394,0.09107416385307442,-0.7683045260770971,-0.9570721775635698,-2.122162350516728,2.1670196026375717,0.5623580016117682,0.21455467836071024,-0.301380930925907,0.7474246252481621,2.268194266534256,0.024627520663804494,0.43237654736826575,0.34369614360488704,1,train
3.992103769012736,6.903300679763495,4.279259117109854,6.199020553971181,-0.7677353991474019,-0.10515027437563951,-0.5011550291745767,-2.1621837648049764,1.51893501202848,1.1890062468408196,0.14150306758439454,1.715689259849713,0.19091803322923717,0.04045946638582033,-0.036596995966831136,0.829543377634735,-0.4733955214815517,-0.059652688573769444,-0.06732418509456026,-3.344341021206403,0.25130005782506654,-0.019284632611310686,0.028698532886265903,-1.795704763808903,1,train
0.4253804894818769,6.019381169934661,4.426816084712197,3.8276411876395944,2.9455246065014897,-0.6381175676851786,0.21996558167774793,1.2002551367743175,0.9551933310219173,0.5488483369283151,1.9148805887566622,-0.8667289811013528,0.2040920389525001,-0.3003687732183547,1.3580676394536064,-0.7161102726066033,1.3013377291457615,-1.2052578020430902,-0.2816754459116683,-0.7897219291891363,-0.06982697767710769,-1.7094442928054077,-1.3512651373963205,-0.5350587581909666,0,train
2.2348913864427553,4.754513466083682,6.443023595646901,5.551827948322067,0.9359678537370536,0.054429874976840965,-1.0449035396192414,-1.440615116476862,-0.37180169235959254,0.11464197480370435,0.26807062892542394,-1.1193502583145445,1.4147174911066638,-0.22064593203628896,-1.6996596659127985,0.006697880494485933,-0.14653986403737834,-0.22212388783467166,-0.18008283258491406,0.15171865686847935,-0.008643894440707867,-1.102913845216858,0.834432975454743,1.5222147332807228,0,train
9.751536169582275,9.42019869532664,5.61485750344488,8.331884458889249,1.3052070415882755,0.4216942971433972,-0.929099311117424,0.1515763570661985,0.9413987478849417,-1.3280259319201828,0.12882114433147743,1.1727445849514204,0.533791156496621,-0.41793639238618807,-0.09732685361107937,1.2488725803951795,-0.8463943640283129,-0.9991200253767466,-0.08467478661080827,-1.2682238521875615,-1.0268421396866614,-0.18871179259999168,-0.9983936709594821,-1.7716913198158153,1,train
6.3521002997464135,8.879092795209045,3.04306475858505,0.293694444621625,-0.9054961323515024,-1.1557458489484724,-0.058285210868657227,-0.6270472699408247,-0.7154167169209456,-2.0985504327113915,-0.9776216467356579,-0.9440344409824306,0.5328336792206596,1.687653545927119,0.4808386257640256,-0.22144565975341632,0.21675581365761407,-0.6870696815997266,-2.2112900037449816,-0.09042611710378197,-0.5735811335519598,0.42127230316174885,0.23468371824665296,-0.43045971144503725,0,train
7.129790798302982,9.20332785789054,8.906489742367368,2.6753067567378395,0.13405502379526035,-0.5498666336180661,-1.7678159469087737,1.4851601598909718,-0.8992952270126923,-0.47899605208597645,0.5539015926974808,-0.9445085411511098,-0.47336579359563363,-1.1035571866243654,-0.2880965030161591,0.056909858259784334,-0.1820711899923022,0.8059531811218721,1.4748088646386839,-1.4943593917374205,1.5116748708569692,-0.7950765972272583,-0.4437588493533947,-1.4658794652292386,1,train
4.6512266114004985,8.005104122187237,2.6642052661042603,5.606644890028976,-0.3177791385135436,-0.34589120766012715,1.0972839443083091,0.7699091121018126,1.3083530100806182,-0.34932231057063173,0.038970462629494516,0.9356521682718427,-1.1604718140677102,-0.5475213599331286,0.7578767182499507,0.5289344018877391,1.177293283256296,0.759877937828903,0.42299006076755946,-0.6050036607363806,0.6574162572269578,-1.518978009626292,2.3222153956821283,1.3083094358557628,0,train
2.524899395538575,2.652046668653849,6.939463348868459,0.4995382698685491,-0.721876463955158,0.4324015643168619,-1.897668385374271,-0.27424171375106465,-0.7157839672512706,-0.35287961799540857,-0.17024558209462992,-1.7554474250361036,-0.9653601932481706,-1.3250972572966453,-0.4837391200906874,0.2144919138791613,1.177325689237767,-2.9077856674905562,-0.1468844217446377,1.1795848304353291,0.9366750436218682,-1.6168997277813115,0.8054467925176896,-0.6039072474165139,0,train
7.117742227368477,9.8737724682424,8.209878661783417,2.377299838214566,-0.9372584425468243,-1.0992732913784091,0.0750876938148133,0.8158591503580781,-1.0113195491906257,-0.5717040759388785,0.1827233730593472,-1.647268206520407,0.47844020533257475,0.8393591589834378,0.6197151052044099,1.7737293707388824,0.3978145412323579,0.6214785561473133,0.6622842388341112,-0.4944666328970368,-0.1884240385128944,0.4731262679806296,1.1654852938691276,1.2369140297402974,1,train
5.626245540826221,4.1165470913756845,7.120765778845074,2.4049027201593756,-1.041699852718469,1.1103319332548371,-1.1102230483191355,0.7636642940806636,-1.4012883754222676,0.5176126895622452,-1.0454664238791131,0.7423080251308898,0.7356187836140954,1.6576490914092419,-0.7991324326634037,-1.6112790291083279,-1.2220672037037603,1.1580698052416991,-1.42933980360826,0.36986447007109974,-1.2356283061169133,0.178768472638229,-1.8587946174562886,0.13371415735153977,0,train
9.368856223775635,5.62770689527118,2.6322485835838085,5.698765594755448,-0.33945312751416695,-0.3755489623850422,-0.03275073431186866,-0.4705938918605884,0.24945303331246815,1.0251846638570954,2.426945032494695,-0.34818613472438276,1.0597875924332039,0.4383053017243278,1.1532619308609076,1.2526159211785854,2.8719993935937698,-0.10135446842377534,0.10372609864258128,-0.2005164836317023,1.1180625444610166,-0.3977737661295366,0.6196323693664418,-1.1302954557294365,0,train
3.526323238749484,4.318486733359807,7.312739487963422,9.95777298862951,1.2969815726905092,-1.2003829341884578,0.7798378997185237,0.7702855270638822,-0.3095628069108388,0.7477425875527409,-0.4436987429477766,-1.1273917737763948,-1.2205479781673478,-0.6494783962032002,-0.47527829317073444,0.30962830849754686,0.6241969549636015,1.3533656299768595,-1.150913531035733,1.2915799629603706,-1.185465286948716,-0.8217224886561701,1.7705494561394468,-0.25247287296503534,0,train
7.825266038874235,2.0456112806279925,0.8560229918051843,9.95507593689885,-1.2797474825614654,-1.5576930341672408,2.6249640758034887,0.6739575567099524,-0.5945633228215541,1.3638297260375936,-0.25365855582157215,-1.996853895556643,-0.3282474312112418,0.1126927037808127,1.180569709805581,-0.7960904496127796,0.18226633403102743,0.8109433720334569,-1.053557777932047,1.1523555381875314,-1.1738148008133276,0.41502971159613233,0.7876026711180061,-0.8919933098774826,0,train
4.22428076271509,0.5656772687080247,3.9834488974482785,2.1158773156851463,1.7702156731818062,-0.15876545040071977,1.4362730314027115,-0.6745183612274547,-0.9936303939468769,-1.2783453669804081,0.8963778648155621,0.6981791710852054,1.5719960336169931,1.2336357644003664,0.5987556400117034,-1.7455648801094226,-0.9473366863903143,1.252145022757095,0.28967765933798667,0.10817770577794246,-0.26496910337751334,-1.221244451859818,1.0828384533847337,0.16423247879936118,0,train
0.06595694328281776,7.653243345732696,3.3241660389738,0.721645343268893,-1.7090806859479168,0.19018442840256083,-0.03445337990691042,-2.227191273472891,-0.5952710560513175,1.2954973570257193,-0.3603060055923774,-1.1376774238796048,-0.11935910656694376,-1.2680548596022965,0.4863538051266372,0.1996956953003731,0.3461506595127841,1.0272888335850545,0.9533604760268891,0.4105293271155374,-0.5014935134862435,0.34138502801645787,-0.9883715036316028,0.008462509954668695,0,train
5.219002134122663,2.4703688047120287,8.631952217258755,8.333950217193616,-0.10037013363048673,1.4343251329518867,-1.0208319769264265,-0.014829548974389789,0.1615455769515467,1.0353304098365435,0.3919789220969799,-0.2715428598382577,1.4279209575956593,0.08190803690323248,-0.002108358097293292,-0.2741997710449299,0.849998688668371,-2.3321753059083656,0.563675673114939,1.1454253591606016,-1.2041777483840068,-1.0850026022909862,1.4523909914875015,-1.047795635932847,0,train
7.899238160888833,7.229168285853575,6.398229375653313,1.4870841975732907,-1.0657525391313991,-1.705132278497231,-0.1030509375662749,0.7477696013120991,0.4231755648792386,-0.11299598053872159,1.5700437025353355,0.6885115261115072,-1.2204660164832146,-0.7811634173503532,0.28150644086940657,1.1774508938887505,0.10202187511161162,-0.38595361004279066,-0.9317238992420332,-1.1493081536605214,-0.5045223867708538,0.8947315949387212,-0.674712650115125,-1.6193945665963148,0,train
9.558035345407417,7.234277800515965,5.2976828730068934,5.901535306985634,-0.2268068799172504,1.0613395103908017,-1.2118033305896423,-0.15549940006122584,0.03227001492374235,-1.925633278122856,-0.5735271100551734,0.29568028321931733,-2.8462130144574735,-1.5714845857917576,1.4778977626591554,-1.1807308880177625,-0.4781228390203743,-0.447800025487136,0.08848203453524484,-0.0872975108983806,0.6091947442778693,0.3467813424612573,-0.6575874035055476,0.61137729056387,1,train
3.9519931211418093,9.800843774342106,8.830286162063265,0.9041971781636282,-0.7741206585276813,0.5087656964387118,0.8868122582910438,-0.10716505369443441,-0.6796236943550679,-1.506004652717754,0.9776348841598941,1.056625818939778,-0.23889112103925736,-1.3533175429772784,1.077714498941093,-0.6915765492152333,-0.02951713323054661,-0.2873454814339359,-1.1085903469042095,-0.35537215262199046,0.7680780738088968,-0.3952960247370659,-0.015621431209080558,-1.2073936935543605,0,train
7.037412168048638,8.97271766159591,0.7343638373820427,4.941982741138196,-1.314195551313387,-2.645621370638708,0.5491541882366773,-1.0245306987103093,-0.32593758637048353,0.5952123299802211,1.274448216407243,1.454945244181085,-0.19254455161082917,1.218757918443393,1.1842402935686647,1.246378896900273,-0.6941626954538545,-0.5079554217160738,0.49884808228393984,0.8039904021029448,-0.21816434483889632,-1.6142336112206204,0.3794509526618173,0.6396890400072642,0,train
1.8430801695124632,6.985074349160499,9.553842547371104,1.422837991574617,0.5803105495008135,0.3413609540573236,0.10099088969954993,1.5490373942576714,-1.616662912352483,-1.3701231243639351,-0.8786473213936796,-0.9418307480862486,0.8728338938915594,-0.959287011076444,1.9642044180659428,1.3873376231267553,-0.23857808363828004,-1.442034204322893,0.5481755738987969,-2.376422928303729,-0.21631979801960907,0.21249343871697493,-1.158080996536711,0.7312221088759189,0,train
5.600621959693468,0.5417215670803766,7.415468817123269,6.464577886804021,-0.10584679211268964,1.4656042916653338,0.3341559750556662,0.681490053336939,-0.9124995758825224,-0.93127629646904,-0.11553322091280904,-0.1856555082516236,-0.461361440727602,-0.0032508751995911104,1.745706982629665,0.7972837797551428,-1.0373169863641407,0.15968557672623274,-0.755004660352679,0.7103001289311609,-0.8881240815347772,-0.4873297098658311,-0.4358199959589756,-1.2994631635537437,0,train
8.291096429264877,3.5965790274006473,0.94092636833086,1.6901260327054923,-0.45625795122628415,1.6329603904131043,1.2063786818720619,0.9318497083386057,0.18639223286142437,-0.16189933638599538,0.691381399333883,-0.3019671738795455,0.0647216320949533,-1.9725269057439598,-1.7060233852534568,-0.23321194449485141,-0.873022784118519,0.7696514957144904,0.26416954991187946,-2.1786605686644367,0.31962634990156735,0.41549367679055776,-0.3788761709697795,0.2040117149200535,0,train
9.550711492221861,2.8000205236327522,6.803072546497869,9.177369074952127,0.24917071472822133,-0.34310913312368896,0.32544190339804296,-1.3146568223907886,0.24624958160398544,-0.7877228990133444,-2.0837302228501633,-1.5051071407330745,-1.1127358321160823,-0.668527341916967,0.5455391083248471,0.4542645623051079,0.0034863302755751987,0.7088752146048307,-2.10655483695294,2.1182590308039795,0.9746873952194308,0.21426076840548142,2.058537080447746,0.3454260432120425,1,train
2.0899891426323203,3.6957181038919042,6.822530712512979,0.40896016478341846,0.3766966798286175,0.3597614415677134,1.2351391324510275,0.2794001420189682,0.04513444946951269,0.6463220000197741,-1.2178451582276768,-0.20234602769816581,-0.28954581665952267,1.4271372227268486,-0.6938289121106435,-0.4088637481500717,-0.2544410499741635,-0.8564048655897765,1.6559668542330488,-0.5198916568384954,-0.4542777106718926,0.9711068747136431,1.5893083276230364,0.2854860137666499,0,train
5.742949192723573,5.720565265258756,2.5143496545954247,1.2586125790235936,-0.879887964934557,-1.5824324138972354,-0.41329945121489275,-0.3933620828844445,-0.45778165985320435,-1.7813109195631927,0.5732573812593951,-2.2514276968208367,-1.2881257892039502,-0.9994372988620257,1.2269205751734067,-0.7721874638665407,1.1973909073557008,0.260729792283805,-0.8441349238544922,-0.409179119139314,-0.6133231942568655,0.5038909796560199,0.41398790205509334,-0.55884946332235,0,train
4.37853019049915,3.7418426786686085,8.884273306434098,3.2396984265191064,1.2224991283717033,-0.4165147146039101,1.229432662430932,0.44836151183629075,0.4068565361100634,-0.6217737458674645,-1.2424567501467423,0.3352968707292073,0.9902226264233749,1.6054570180685657,0.07188251024399298,-1.1069719201749473,-0.7033390502910636,0.30553491520129233,0.6924780540096361,0.34905889578113775,1.792198945590046,0.029208924129241184,0.761122093214439,-0.5892075946417852,0,train
7.8305854352670545,5.953664716886145,4.31925375314391,9.66424786228181,-1.1835198856357592,-0.7680816136874186,0.08065779495007298,0.7303020792025262,0.23361177034696462,-0.998849780263925,0.7257554201870853,-0.3218608431324264,-1.2902564436400603,-0.15043315188575432,0.3072456182996863,-0.006600544469492137,-1.0988359550671496,-0.6264434996809796,-0.6720960924419388,-0.9788521539378561,-0.2349703683487761,-1.9767570541719155,0.6450141982179048,-2.529181987970304,1,train
0.9712935978261827,2.546376542629163,1.3721677781622121,4.58863135268428,1.7571845677548623,0.9820462134580568,1.0159097739877343,0.4194270312543603,0.8506745478536274,0.38072969306674964,-0.7091123510680851,-1.511876830119865,0.684477380606557,-0.7697401654574042,1.3250381502164224,-1.2997341766272572,1.5858062776230453,-1.6539328875715449,-0.11541478296884924,-1.430249275079969,1.079487714808426,0.4076026739131895,-0.5274874849734695,-0.6484407945397428,0,train
5.1070332444976705,6.034905650714411,6.8440418470899775,6.636490173109898,0.17639225315908055,-0.3565588115211997,-0.5097748668031021,0.03151210225194795,0.34611291376694225,1.1800973546485527,-0.4344675186183332,-0.3103977097000695,-1.3625440846501662,-0.5651797882920403,-1.0359231759916212,-0.6753354729230593,1.1298719601221157,-0.19213309553596805,1.289253659046527,-0.234207512073139,1.1027755068274436,0.7779067409141007,1.0796422210389958,0.5144664870006322,1,train
0.8911112664932941,2.7846943076213537,0.28539696008751614,0.45529237602661254,-0.7813532101154474,-1.2310632710299858,1.08883697875392,-0.9372608770749944,-1.3310627279929292,-0.21381344774248742,2.3542093767689765,-0.7230883710247479,0.5166565486029352,-1.676268547529212,2.111965900731955,-0.9042690398943379,-1.6526812263685742,-1.1484257341704387,0.10535561903559941,-2.870412471195786,1.1935694758273971,-0.20857335096359125,-1.5313888606434178,-0.11876657820420533,0,train
7.903203086107483,1.7382356877264227,8.928801475834792,4.463114463617174,1.5886946187351985,-1.3152840978210296,0.19850433895720107,0.15092517770999567,-0.8103297323842045,-0.4350488976300944,-1.8295196497607085,-0.5668296237949823,-0.3485687368071172,-0.15369383510062387,1.518980167344018,-0.05325413480176856,0.4668403757675675,-1.0250434043233398,-0.5932052940371371,0.08783707445588998,-3.185838082477087,1.4877793560219217,-0.9715675153615965,0.27485924320209937,0,train
0.13537548903589935,5.9973069688117375,4.991802648014278,8.80469245773167,0.771799902934812,-1.3419242505868674,0.11670803797963493,0.35948146904207845,1.3327351290521872,0.253301405529462,-0.5124598357975025,1.2325779353419712,-0.1625872180936978,1.3864851432367293,0.020727847100469193,-1.7849868611227762,1.1936012755814265,-1.0229997111532247,-1.6006445464328733,-0.7738154348925477,1.255838605538859,1.08211006584925,-0.9406755132883984,-1.9634863259557545,0,train
8.692717702674662,3.800538097248227,7.340764909794362,0.922369321234775,0.4545166186130789,0.13999682623131848,-0.587021817701637,1.6068342661739405,-0.9166364451098931,-2.7193898463274175,0.3445078170760896,0.5021290772271043,0.010546597134887476,-0.587301114685516,2.805497178239384,0.4943054146361164,-0.20952300840069898,0.20932309746537303,0.254838667392411,1.1602897218443902,-0.7560148769620623,-1.9663826012840453,-0.20854309552302794,0.47742710596591903,0,train
5.430150463723921,8.546620942866092,9.608439130296171,1.0919498277462625,0.2607501287469455,-0.41575057984075015,-1.3820027785617912,0.4014319166628335,2.1655257499725358,1.1486356530647812,-0.49381006634488894,0.5798294739408549,-2.0125396277140264,2.096727240648393,-0.012789337923379133,1.7903398408250881,1.4597766816333742,-0.2592617626752878,-0.5268832107241777,0.1351369246654565,-0.5577688321540807,-1.6825130540525903,0.3764519456176035,0.06613527464729259,0,train
6.984630263907223,5.460894581307779,5.635564447131473,4.7527806577628615,-1.3395661494213784,1.006920405172508,-0.44493022914243524,0.5136186387812216,-0.8656560104575061,-0.4616398887622525,-2.417896262119116,0.7927555244726157,-0.9297887682204538,-0.5989507710901156,-0.29971449980730674,-0.3527317020834973,-0.07749414577691126,-0.4610778794491356,-0.4955894904961848,-0.8741315423336211,0.8980178671051418,-0.385929862835194,-0.869848283588392,2.137997708449775,1,train
6.122516697950621,9.168791180538063,3.8987437599194807,6.234627680497921,0.4848322536000604,-1.9418174870264662,0.453255666609567,-0.26972787721800834,-0.6893439752149851,-0.289376574519653,-1.1577633806067102,0.9636415146221022,1.572333532458108,0.3331465801727248,1.2822316645883343,-0.0784856667914251,-0.23840040424354605,-0.9013504896507777,1.4140500077701554,-1.309385472511564,1.8568692019127373,-0.11228818296950012,0.05633217118631926,0.1676633891966165,1,train
2.506336238728971,1.5717792885976178,2.0753363564535396,0.5137556960056311,0.488927959182211,-1.5131249799627045,1.1284456791533322,-1.312389076548123,-0.63405959951374,0.4946906029158525,0.5359663675697346,0.2077968487054562,1.585484660911954,1.23077603635574,-0.16179120024301308,-1.4682757521096321,0.6646992538547707,0.6411046883859286,-0.5559929632861316,-0.5195870615383378,-0.585902668624347,-1.1466408755212971,-1.9881910962263998,-0.48212359689101514,0,train
9.711297100645128,0.23762318748323352,7.122709848461058,0.8353493199915774,0.5816054911574323,-0.033998459754597754,-2.396794024908999,2.469497280901599,-0.9538376364877199,-0.13796715235781964,1.5449838995771763,1.6561130186835413,-0.06423314803948278,-1.1832019157234515,-0.9722973772350819,0.4606481144064093,-0.37170430237020313,1.2135191439278676,-1.0889258276061142,-1.2667095437545186,0.6402014197491643,-1.019977333570788,0.44227398404398005,0.7407433732228281,0,train
9.769403213104631,9.09399963124008,6.716320260109111,1.34255640481024,0.09594580476053055,-1.6114326530779588,0.6101903950971339,1.216961567529795,-0.36921289108336175,0.1942078915067469,0.037723952472872045,0.4414392843565091,1.6661247047947503,-0.3897008074604333,0.4986155092365325,0.44171404510225637,0.8785230149384654,-0.030779411688812222,1.174595315446551,0.9410871825518785,0.19089688114102943,2.087075841200152,1.4638138250460198,-0.1543437513203194,0,train
9.468020705671398,0.634152871948549,2.527831111868956,0.7807143141061523,-1.3685581142380698,-0.2293845898927786,-0.5233207257714416,-1.7570741272378734,-0.5812379480028852,0.04482390562870877,1.9924370878790587,1.4093150268691919,0.16618543017150433,1.0485592329653368,-0.5199260008639542,-1.844485315427481,0.025022201761521663,0.49152844070533425,0.6313635646645553,0.5525525518013357,-0.9319545499718586,-0.12370111498889338,-0.5154080597726348,-0.3508707343914429,0,train
0.7862222135384678,7.580984236217995,6.99474943719495,0.052655598268945836,-1.176335491637612,0.8033953074313313,1.8354983563383298,-1.1931332363889362,-1.788072594902341,0.5673228009726382,0.003422091315234692,-0.9970106289964512,-0.6367490444302536,0.0802476467664938,0.21422565392572215,-0.7728224305509872,0.4012362288775936,-0.7093925158153741,0.05476510948112521,-0.6207671687441029,-0.7289067186444591,-1.5654906296574826,-0.7595136705716469,0.6115515797636416,0,train
6.211159485890877,0.8804223715490289,7.767487203316641,6.076772171813643,-1.3967474060432383,-0.08631863225428354,1.2042729377879533,-0.4161704920787705,-1.4620387196693618,-0.05267498879222431,-1.0025274284287653,-1.0225885167675506,-2.42756485430933,-0.03339160142723159,1.974871149335454,-0.43832835268586023,-0.03168820326341127,0.47722857242689753,-0.7845440916745495,-0.7096720356685314,0.7521356463997413,-0.5766004949237828,0.011579144279565565,-0.18400583888969815,0,train
3.570895235625966,6.297667102940788,8.34582540912233,8.243113606518204,1.4912346268477619,0.833056428090506,-0.06879794521136207,0.19398544383116548,-0.7660091462776061,0.7470726693274778,0.3371280197318986,1.6909830934076202,1.8395493187418064,0.9306945816243837,-1.1227141403940843,-0.6049271943470008,0.6284826375948425,1.8247196199462603,-0.30509200296175804,1.7715938490699155,0.8651221169727726,-0.4516491507615534,-1.9552347706591,2.1630077960739214,0,train
9.964830725637931,7.3956646017183125,3.6294390051322867,6.634956904444329,0.10660519094823932,0.8720011567640983,-0.6007957500880715,-0.3249792976966049,-0.7215090533369858,-0.997021755248319,0.2893684114943159,0.4480485684812489,-0.16150505567721596,0.12614890941739537,-1.0386951767983017,1.429638513028028,1.0350448660167222,-0.29597187351419846,0.9147956667599758,0.588421982269006,-1.5678320248307485,-1.6120839170897214,0.46231653590179994,-0.7032343539280653,1,train
4.847291784647051,9.022124674365774,9.863486463911068,0.4469399252054429,-0.09677808049937951,0.07914652934806604,-0.1873497357616817,-1.4893747956531278,0.5228471767490398,1.4454285318876305,0.5403059791151629,-0.700213831842439,-0.9209633327950071,-0.9961110068141786,-0.4815811646234666,-0.2914423074336628,1.170385395709665,0.20811925706948775,0.06700078094599864,-0.12029393608599363,1.040205336861845,0.3631017596448004,1.4142052482283265,-1.4199034802239432,0,train
6.814415354109039,5.20125656711243,5.5032497484077645,8.697618692152819,0.06925339886505434,0.20257643543316353,-2.0890707123761407,-0.7440322912895097,0.5590184772255518,-0.22797206465688008,-1.493432700340254,0.001514760133507313,-0.10845246318092432,0.49900067647370444,-0.5852779508928123,-0.1648103277753725,0.2421504603105683,0.460741266634431,-0.3223538040660765,-0.5059790522273219,-1.8620847851907516,0.21420344294012866,0.35600042774534507,-0.23184200201140442,1,train
9.118127817171723,5.813169387470243,9.629519206555198,6.197373571649237,1.7828956526863442,-0.36558998127197734,-0.24333934543674537,0.06703233016947435,-1.1752103607153515,-0.41709752064149835,-0.38134075497981434,0.4980333961826896,2.756921833899182,0.7014659722366925,1.1118868457925322,-0.5361010218330895,0.5168891406829522,1.6128231438394094,-0.5113672860622881,-1.1269074697175478,0.2309146536033174,-0.11445996791073056,1.743487268257324,-1.5332890394625303,1,train
4.74659063200294,1.20926416234854,3.5265707131785407,7.560426594109144,0.10701110791167878,0.3288706492411869,1.7981729079573683,0.6496493077383068,0.22411751305834482,0.1502134256286029,1.2972356574721071,-0.9161552707260904,0.07001394310493012,-0.4245187036024685,0.9283054477483104,-0.3386643013246523,0.3247617367831518,-1.1940496750289393,0.004531185504170012,0.10849679855422388,-1.5873187934254234,0.28663378635760595,-1.6252914398343832,-0.8385274865418019,0,train
8.861777145749329,0.22931217166018536,5.765369887519929,3.1630213037675614,-1.397035521001274,0.18464302232716698,0.03637185496105577,0.546469244197945,-0.03335143842456731,-0.029626847272674922,0.0730646000453145,-0.824682764851956,2.419387125675278,-0.6851886944108652,-0.5076098317454345,-0.02755787562661633,-1.3980112667902076,0.42377988215084883,-0.9154673319612405,-0.18403314432078638,0.30215588556591866,-1.2918948337862572,0.2654665920996654,0.9270164347088318,0,train
2.1648629359662888,9.221904086594733,2.6011144471734093,2.752005914425416,0.4545677075625233,1.1036336565313152,-0.04893883926984869,-0.40521614521455335,-0.01606245192717972,-0.329731523470451,-0.4571125362846754,-0.14762437157253674,0.46677837383055015,0.1603436658114054,-0.40747802677084943,0.7418077702907039,0.08745576611882318,-1.0209399372422874,-0.5369687295026757,-1.1427258323346716,-1.0404859232847816,-1.2517980984829127,-0.936145251297598,0.41886763226187185,0,train
1.9299001462726095,8.077017006868854,3.21740038571284,5.484832994578515,0.08259907590016212,-0.4970201542856098,-0.6935970772876424,0.8655287881817351,-0.9590414299389166,-0.1687576018522139,1.6250261122738223,0.9966093108080833,-0.08858743070210807,-0.5498280730786197,-1.5536991944789935,-0.42623000778667647,1.2140894787136542,-1.5799297517253026,-0.14136968179466916,-0.18744652321230285,0.06340912305468677,-0.5909649770204585,-0.29528634711426816,-1.166749137995269,0,train
0.2731485791694688,2.368052873635916,7.72616827815969,2.558375150230235,0.12114847781742484,-1.0621247718344016,-1.33788415924739,-0.923944643087093,-0.297902068707776,1.4091212710282701,0.40839157926813086,-1.3515298567828216,2.4120077424453905,-0.3666118113282128,0.6475513002034387,-1.140413990898648,-0.0666948614548129,1.2934253286988577,-0.3129220109510635,0.040567093361550156,2.2911494365711746,-0.30297433510206107,-0.8202952522164576,-1.3778557065721024,0,train
4.276001408065602,1.7033538612478205,1.2968252797682045,2.536673417010605,-0.998096842244476,-0.6789072730736901,1.2159043085497356,-0.6804044367675487,-0.732845365601051,-0.39499992845570836,1.2404250167730853,-0.4680182474242969,0.46443903648039925,0.8865523684553419,0.7629026098825245,-0.5287720525854893,-0.1489737933551862,-0.026481701899504585,1.0079882547492274,2.345334369478669,-0.833592736685406,-0.008520138860670025,-0.1923192929591604,0.2511308847991682,0,train
9.39558683105059,3.9910376138527615,5.260667919949746,5.796363446630793,1.1981075392175704,-0.40733400228388433,0.4993118460362583,0.30593620436937097,-0.9463521748664113,-0.6387942096720117,1.1722791338965055,-1.4172359956336142,-1.0566476606662023,0.4140906748644689,-1.9607785537544744,-0.9253534623586643,-0.199690059749238,-0.9619533505856922,-0.47752140001294147,-2.2618749967266267,-1.4372436166101548,-3.5928131735234623,0.38259542416879416,-0.07857400445546968,1,train
1.4741497037653162,5.109848041127512,6.404966300862215,5.703737734559012,-0.0018538140475956957,1.4649343256506189,-0.6480838051967738,1.3131697017123218,-0.7607240719229291,-0.7343138194519747,-0.49671406251795286,1.3041940683880304,-1.6545890830812247,-0.7270728409440939,-0.3525464641946304,0.15618150473805542,0.46481975948967175,0.5868783633717254,-0.8407320865063572,0.8063801087513814,-0.20054653420502325,0.3305661434537999,-0.5147235402330154,0.3094213781834032,1,train
7.494283632046498,2.4974915925934784,7.456486725029514,4.559538958319964,-0.03510439180922339,-0.45920941600046933,0.03456166977576968,0.6096288252710399,-0.12202520214319901,-0.9591184277068279,-1.0734882102280605,2.0870931141973386,0.9236197065959469,-1.2172427380053816,0.20565674840240955,-0.991587985639888,-0.8642008955670031,1.4738755323640271,-0.2235518749285182,-0.1319429433194207,-1.0798440510720373,-0.46175552607548653,0.6693407738558638,0.8195523040518864,0,train
2.1674429553457686,0.8674635320456403,6.053132295954645,9.953479839048285,-0.7514607497671671,-0.18663248767363264,-0.9266166385923033,0.30861610586440785,-0.652990189667098,-0.3407131141091362,0.4534971645848558,0.6833108600546863,-1.249646469400213,0.47485062581987664,-2.7261058085327528,0.434486801880543,-0.060634484545590075,-0.5457326327244839,-1.5603205733698855,-0.13412481202471485,-0.8289075574376003,-0.2337544712728842,-1.0219170422200095,1.5159671118780265,0,train
9.793146782234667,0.13452001442666672,1.946600752328913,3.260608200423516,-0.5993523202630539,0.6237599362705928,-0.24090761559510057,-1.7396604987635347,-0.9868934859148835,0.9132850624366927,-0.0569750535368768,-0.07112339542175221,-0.20197323674258535,0.8021309939925284,0.6997178661167737,-0.973433158721537,-0.7681098829371587,0.925207167782759,1.1547802470952946,-0.887351819433433,-1.306243745462454,-0.1864699311139016,-0.35761143799913225,-0.07070661516325426,0,train
4.138748687455531,2.7016381816018455,5.944734077943111,4.143466339116333,-0.9473203759326356,0.7278928782309155,1.659992250076072,0.8575661220327765,-0.16408523798275845,-0.9032022824068795,0.5491025534053834,-0.5866044901330666,-1.6212314263356875,1.7014485435997937,-1.6291213779942078,0.7990954347599089,-1.2044076170598241,1.5359469760742692,0.5402193444874526,-0.3391896932378428,0.9628017929728838,-0.09712253261044249,-1.106116058275046,-0.7195011626716813,0,train
4.242531379964197,9.882295057857112,0.8534270664974519,8.555525209912343,-1.1077831647612584,-0.9775060069411797,0.7285237441528257,0.2744816748547864,-0.45212990652244905,-1.0321317445311131,0.5993196975395243,-0.9076140413929542,-0.5479649799210803,-0.335880282340573,0.7238656063867981,-0.14983764761275722,-2.815339225980058,0.047580151847606895,0.0512336377604385,1.3578160335164007,-0.025899538576343698,0.5470945465996151,-0.07884397375740936,1.001043003513443,0,train
2.760196760035484,8.683642856203672,2.7638703892672245,0.19290331423718832,0.3310149508379632,0.5076942224201527,2.05354786751382,-1.4663904620704806,-0.6947497177865073,1.1005310048965016,-1.3225779737507972,-1.3736872725295384,-0.2517961715821979,0.4648140067649183,-0.41315933839033137,0.018908034850013605,-0.49311257417269994,-2.1059160966056494,1.4524633740650739,0.4912424817773297,-0.9929064097195923,0.31930350753616643,0.5277143776500609,-1.4754336667217771,0,train
3.7862481973380904,4.093043114528826,6.238761857571207,9.205465513935097,-1.635771162432931,0.8011351136015886,-0.09324797768447124,-1.8848820906303074,-0.6915814688611226,0.6680417556898798,-0.03871648447183196,0.26917443105030675,-0.7673180196564976,0.7808531742412625,-1.8928299265436552,-1.0706216390929035,0.6885339773262844,0.7579020786944165,2.34631726833465,-1.1819436317137462,1.2157144114847642,1.5097387991432831,0.14269656381475687,0.11607554319829633,0,train
0.7958255415708315,2.5386545177271422,7.5090330174214905,0.27708848619468873,-0.6396965182159675,0.5580727963127521,-0.821074750886527,-0.5180442568451067,0.616015686212037,0.5345666051433007,1.3430444201954643,-0.5060992079337715,-0.3128811091352907,-0.6643850531659723,0.24919774180269708,-1.6090566175134777,-0.4035138485685329,-1.864914050031813,2.132547539811557,0.6465969062961495,-1.4178243519279945,0.7661549628395563,0.8989602786785252,0.499156501833857,0,train
7.5849959248558,9.960047285723583,9.066091373889801,2.5811527847139706,-0.09491805137006815,-0.006784191172435421,-0.4044417941533993,-1.8533779519537226,-0.5425245340536295,-0.946954099316971,-0.4408596693218539,-1.5501660177702392,0.02760692640757489,-0.7299586804731462,0.31187621895879397,0.7430610818470893,0.06798279081279711,0.8487050654267614,1.7290698779925338,-0.3265459442121904,1.8064468632630422,-0.8070538986153499,-0.6750019381613174,-1.0077844393590025,1,train
8.028114821146163,1.0035395773717604,9.468957679235237,5.35566335243683,-1.4148684748297031,1.1030381812751031,-0.12211645903914187,-0.506464591242324,0.30969750343983354,0.12302678255302033,0.2965834439388584,-0.5338015691264976,-1.4998186248606304,0.831657428327401,-0.49189977624972087,-0.5016205225762246,-0.4284672980610668,0.8529255471939182,-0.3241796201815485,0.015260003234894274,0.5094990709968401,0.8505592520097851,-0.6202060138333936,1.997988799628497,0,train
1.4567510844775033,4.712510219189321,8.404303868578053,5.989570814882845,0.2982544682678474,0.20602927548595204,-1.5997114207912273,0.6492334259781138,0.0391084163671165,-0.6951856806711618,0.8220461244299648,-0.27998545572095324,-0.30400005606653024,-1.3113977853882743,0.1794343527414462,-0.8534680319768215,0.08196370530308787,2.17303050798804,0.2171990859665769,-0.7773504217943337,-0.08085745271389892,-0.4248910415049464,0.6183098219296311,-0.8904107982353227,0,train
7.733096275535645,9.500502810228644,3.3030169954606126,5.479809050079522,-1.565864656087854,0.18930196199844734,-0.4400973868659374,-2.0058552952061963,0.6084994573307283,-0.8790824848033744,-0.19942447751720718,-0.6988379813495215,1.6712007621443434,-0.5458239708204882,0.71830459573823,-0.7280245582244129,0.5079540053169423,-1.4226569091274361,-0.11728181428811643,-1.5776937443287053,0.9431321797849592,-0.08421836878643844,0.5810902937385418,-0.7828516813553715,1,train
3.8340823917554854,9.450161193134171,1.0803928863081802,8.341381670796922,-0.9213315223420677,1.9405784450147474,0.6920238997537618,0.8703770922135712,-1.3407208935413046,-0.15166533228990633,0.43290146815724106,0.028227627618711882,0.26581472152635877,-0.3590861678358489,-0.5693844317525182,0.1656379359376453,-2.134377359746801,-2.4935021307211485,-1.8636239785401845,-0.42936962035586906,0.2108049309327467,0.45706610970458217,-1.4089907295617803,-0.5581320904746504,0,train
7.170521101699771,8.720826389858967,6.65152516917891,8.802057801180855,1.5754660003245333,0.9319569327192698,-0.05092307862309823,0.06626952090739328,0.27906135525754866,-1.1170750786835606,-0.15402468798952548,0.8680629956658149,1.6190014859891675,-0.7463415627134306,-0.45845061364188144,1.8986140353308012,-0.36337103499925066,0.531572693186708,0.020180819236321555,0.7976857884236666,-1.2864577055914452,-1.719078044297987,0.4665016215852184,-1.1621378038590193,1,train
8.067857538459224,1.626965659780707,7.567380093223036,7.7873655234587815,-0.5845858751481707,0.34336901573475004,-1.4697613832390684,-1.079428918429641,0.13302101782914755,0.5256340089536619,-0.646077336764339,0.1915444654611922,-0.15485094302183094,0.48902230825357196,1.6767155303075492,-0.8130563370308234,0.5225651731950032,-0.566999957020407,-2.654519829337516,-0.06591751238080104,0.6600089898153384,-0.7652978425257737,-0.7898355583050883,-0.5907798781033863,0,train
9.54846080830867,9.462115015332142,4.274975613336304,7.817308194993244,2.751835727563853,1.5770742187056288,0.2045585419368693,0.918716455813963,-1.0624072469403452,-1.013745164100255,-0.2638213726158652,0.3180639194575051,-1.4709402172427821,-0.08588024371963113,-1.4138999097280522,-1.1190446750644636,1.1685083030180534,0.41997203439867337,-0.0997934902053731,1.481151585030913,2.0643979769344596,0.9356550489233141,-0.2114102454631176,-0.8116714402545686,1,train
6.651127534221466,5.392629627701635,6.443211557347766,4.129494533801996,2.844063701901461,1.456043940410172,0.3713315843962189,-0.5142830478869495,-0.059566564579747606,-0.44768324871807097,-0.7850819712300982,0.9325750387874906,-0.7106583546509369,0.9943268308829264,0.19417649597261882,-0.9134217125553095,1.5949019495395944,-0.1938298816798942,0.12271903768270094,-0.722793707841068,0.1936754359693506,-1.161571273894001,-2.3554734252919505,0.7953319298155445,1,train
3.5580261569183103,0.8703406385734069,9.348473547413079,0.4834322322662399,0.031075202929934122,-0.35562028201262946,-0.7990224049446805,-0.3338983676748119,-1.580942504744745,-1.4697441991361837,1.45920292531921,2.574896969997287,-0.4693029987909447,1.2769613849166996,-0.5871731307194267,0.6594129506224694,0.030692938338248394,-1.768467746301387,-0.014952683694895972,-0.8103771569193527,1.3702382265660635,1.1223303298472826,0.9036588898664184,0.8507179616628378,0,train
6.55260783948618,6.397961631038264,6.705612127218602,2.0590383045971072,1.0304630107671071,-0.3602095255515855,-1.2415940315206029,-0.25043033051325686,-2.517655324894166,0.1768590499110044,-0.20877233725623748,0.6966487803733609,-1.7696802927480766,0.25944904166658717,0.10616054891460842,1.0618838653667624,0.40017623074317593,-0.9468971722616362,0.16182023410348295,-1.1152313462912227,0.5418355405437947,2.932528417176699,-0.4498680294248076,0.7467813765501553,0,train
5.588412235954243,0.39784977204160077,8.703188613847406,2.251217891088081,1.356849807289489,-1.1587562194251804,-0.5149791406966017,-0.4431885018018389,0.5955925388501357,-0.2759663373840794,-0.6382540113271176,-0.8716773250573983,-0.6597590596132736,-0.018323591408636417,0.47125299360203554,-1.1514206153209148,-0.7122709578781546,0.6365168578388104,-0.012609019149945971,0.7883978714179682,0.7219680587845156,-0.603408381018911,0.29082705746623905,0.7397741643527392,0,train
0.16822237237290483,6.917345843802286,5.040771496019273,1.3225550883800274,-0.8007549763183114,0.5252243471180538,-0.4706206828494821,-0.41679391256635373,-1.2469233232581851,0.8852818817769577,0.6807686286462855,-0.7402004878771835,1.2764784418751405,0.6832649945864427,-0.41020662256873663,0.5582908213775112,0.9572202565749589,1.6450682564304286,0.8325933296075031,0.21722368129902483,-0.4862144584764348,-1.673267934072461,-1.3870607819326546,0.23351381736140386,0,train
0.5263069375498175,0.46730656167778384,2.0690985134052795,1.941119570259634,1.1211914654536546,0.42990655194223026,0.1508859873976064,0.6479630987643602,1.3287048141567244,-2.6187850957751793,-0.6114241403255124,0.854033079392275,-0.044884186730833935,1.893821407719437,0.14760619357618662,0.09056515080484032,0.014406007049134268,3.2381403990724325,-0.7031489999932931,-0.04383780274417226,-0.4443165435751969,-0.42349365939343075,0.5984847008984558,-2.193642287844025,0,train
6.646280339268285,4.229550019912574,6.599172768570989,4.318366419667657,-0.7287758190368165,-0.3334227531822344,0.4236607839380597,0.7659491234907876,-1.0759652487477058,0.14434652153743027,-0.3573193964156024,-1.7241556809706162,-1.754659705998041,0.5116127277509974,0.7847648977182238,-1.2148013118862897,1.0933624756167932,0.42262705594851135,0.212468055192674,-0.28146634141124044,-2.0423479697656624,0.3539097031185618,-1.4173254301667402,1.1038168738697665,1,train
8.911826473242234,1.175947724759706,1.286036084811758,3.7759828458675724,1.7597819162669375,-1.584591433515435,-0.17317423897786882,-0.020252717682229655,-0.6208560733393265,0.199045302243369,-0.8855752688298071,-1.8408123034284485,-0.9399857608053934,-1.8723734549758242,0.22745014803346603,1.5701710121444137,1.2250959728325195,1.238429269692221,-0.47934114135726047,1.7292076904626899,-0.7555267439985218,-0.318995587837969,-1.2054289756994279,0.28282987370342355,1,train
6.5870795871692245,5.521209493015088,1.298462816031587,0.6209819232639346,-0.08004871104750425,-0.02949736238241182,1.448779552962982,-0.812562543244066,-0.5964324161931863,0.4496085428159155,0.35353160993559485,-0.9472668989884455,-0.05269218943703011,-0.4522796377745414,1.3473283570520487,1.293336314322711,0.7820392082618515,-1.128654785479345,0.5086505989756813,-2.51597987038922,-0.8155101965708736,0.39634020952268395,-0.6371086868515573,0.2650770552866304,0,train
2.413649743352945,2.8256179036357465,0.18216917064555638,1.8158458194182647,0.9222970374918356,-0.2817718969418176,-0.12497710560004202,0.6848894775348756,0.6113936700371612,-0.5107440753969216,-0.40128226768941555,-0.2779335496024259,-0.9095028185605734,-0.10552948091849709,-0.8461111427550133,-0.5381069529978559,0.4533501790843553,0.1858698854381504,-0.12684457125931553,0.0028781022728379037,-0.4535165296074391,-0.20403826687014884,-1.7868915743677862,-0.8692742679853994,0,train
2.4800424238922583,6.217779226610039,1.89095703212675,2.244425251281046,0.934597890102696,0.7736714009296418,-0.5146978329880202,0.8792286309918137,-0.08504046594609607,-0.6096953492897088,0.7903804676758334,-0.27614809857996897,0.8734139716332012,0.4629169477291832,0.012669499934552438,-1.3809956963681307,1.9069683110659186,-0.2644942475291277,0.017389303215117922,-1.1189827586314052,0.06067426311360216,0.6672650029781123,0.7398401119919048,-0.46745931562972937,0,train
8.206272819547735,7.53319392645545,4.735620467078995,1.79651635478432,0.30324502993925895,1.1782362150266295,-0.3063681693646067,1.165259965089435,-0.9782633963520136,0.9668224534527302,-1.9459134632509123,0.9173749554910944,0.6631744435046663,0.031587979533512486,-0.16668580760408458,0.5805813770895698,0.5025105087269663,-1.1084965648785416,-1.1695038324081097,-0.6021062094590429,1.095972404302183,-0.10655191039617465,-0.03356893723357932,-0.804633693848206,0,train
2.774642447060277,3.6050110085216036,1.4596632255754705,1.8548058533711809,1.541695858227767,0.9956993625861765,-0.7711815796480803,-0.9642854774663044,1.3416258162800028,-1.6922400574373917,0.08067851956202497,-1.0589463905475167,0.3402469475869091,0.1657481924953035,-0.5048262111846927,1.4602055014540714,-0.03738796402209767,-0.5335133505694334,1.005131917474643,0.07748091621902471,-0.25185618343207833,-0.3687021092718047,-0.462375496529,1.1773344371641123,0,train
2.0966786010905247,2.663100400432701,7.763881210097118,0.39912320910029053,1.3122553103497672,1.2306371993737546,1.2719447892880116,0.5841266035987669,-0.9797722631349043,-0.0798205800726859,-1.4109538648467448,0.7633916716263448,-0.21543227401812423,0.8889572193142306,1.6667065006379866,0.22325338532616898,-0.9632493058325403,0.3877745848434514,-0.12658102731895698,-1.0085167991771091,-1.9395347505849327,-0.42066221967450457,-1.2852724887795541,0.6896710220892132,0,train
6.937240464581178,8.035326837955077,3.013436212903482,8.295039992040069,-0.24495859300105227,0.136696948548784,-0.917683449399362,-0.9930756110119618,1.1796472969645888,-1.015646318398631,-0.6208816217642406,-0.9417921877009003,-1.2454725757587475,1.3959972166273162,-1.2001849018085888,-1.1347735386458868,-0.29313825085073447,1.6256865550262831,-0.6935529782466539,2.127951255581423,-1.2127385474535934,-0.5858749311816935,-0.49046160453823456,-0.4440313728536291,1,train
5.765195115604556,7.750247411804382,9.75677337848649,0.07942120827613253,-0.9626108738378718,-0.23183925000904118,-0.7414548743080618,0.5223871143367459,1.5844308025036076,-0.9738190421071962,0.9961803275361436,-0.4436229396061733,-0.09841257186288291,0.9037584635802126,1.2459907515775936,-1.0549433868789726,0.09331189874340774,-0.45775080732151774,-0.8645068667204894,0.1206703101016288,0.3451426170685455,-0.5358211369868245,-2.0990678969771737,-0.6784314606749268,0,train
4.16327956686509,6.174935118146684,7.225512560426286,2.3871632029995404,0.1234863519064313,-0.2973182242679602,-1.0240276109959412,-1.1187209981998667,-1.2074343500666027,0.5492288864338842,-1.304402397939545,-0.29765834635048416,1.0642210480472476,0.6154892812618069,0.22512194150287324,-0.2611251381067933,0.7862749542024269,-0.49377037671521967,1.7539110197887307,-0.09355150599218504,-0.41725075136881934,0.24176571466722774,1.95310581170039,1.1033073080538092,0,train
9.294892468274265,1.8896323253082958,2.6695310784092863,8.687211235382271,0.5120736060892865,-1.8872271054798275,1.3265380724093716,-0.40838914950745975,-0.19315755228451387,1.2524074795824482,1.4585262473756129,-0.2862607367006957,0.8822861560964222,0.7311730676341499,-1.6338561488593373,-0.9252034002009836,0.6947640636317981,0.9284133178523957,0.9875975274601871,1.3914925770770121,-0.8836887217272725,0.0745085020174789,0.6949509378694695,2.786878960260757,1,train
8.31494908400961,8.201722109968351,3.727964384294543,3.334299788279126,0.8991457133047909,1.0925760634432522,0.8211933964576704,0.3055550574341465,-0.22630956411937467,1.6096139217038237,-1.4741054603652661,0.7364205677797241,0.2686639095454796,0.3306920587302477,0.4404236678592809,1.3324359563789865,0.6875513379668622,-0.5982276463462078,-1.294840690075183,0.12769812268812075,1.319379471833043,0.5974477113284518,-0.5045388584716475,0.7222432686967919,0,train
7.247310510143247,8.636638266453229,3.601107497798023,0.4582433201114322,-0.00705475456303994,-1.2349248977794598,1.772427614802424,-1.3573647529634751,0.10133689406974465,0.351186901016848,-0.09328204399660467,1.1402853131635478,-0.5783252232803936,0.1543301893193588,-0.3247067129865314,-0.7805440321923874,1.778588717302267,0.41082555569596735,0.33077769552487657,-0.9027103204750163,-2.1456809883879657,-0.18866291134633445,0.6433004302013776,0.15308974196204195,0,train
7.0630791165722115,9.70933487770984,6.786200845752878,2.2764286107857923,0.4440147755088403,1.9502798236179086,-0.2974943656828921,-0.9812669544750598,0.7807184394620014,-0.25306807756587235,-0.65406360677962,0.28772072417170763,0.25723627096849433,-1.3827116619877158,0.5846590691830121,-0.9282489768031812,-0.09132995537944902,1.5694449239248645,1.8420079667063405,-1.482802020186822,0.49907805363116076,1.3088708862936875,-0.140536924952075,-1.3543234103189348,0,train
6.0344917177934,4.039020415221816,0.591856988156676,3.5305569069037412,0.9876498299687878,-0.022601612561321597,-0.15299606032176663,0.8648424256379751,0.24501035966877277,3.3686989707124315,-0.5074638360500755,-0.20647746085738788,-0.7272487271286794,0.4755723256410308,0.1597051025070778,-1.2909639137900524,0.7165806561365609,-0.5083010449873736,-2.0585873081549813,-1.2707250174196298,-1.038669550758652,-0.06324682056599358,-0.00544721515081608,1.2299255168350325,0,train
6.435753956789916,7.086491500319747,0.8958497492511508,2.5873292252325353,0.48664313654960867,-0.5100491120077288,2.234593273496203,-0.758819781186334,0.8001862137491753,-0.7520369467235314,-0.8180113209300209,-0.19818117648677133,-0.1698281981217449,0.7527739772150218,0.3321936723168173,-0.2885191043968175,0.7142520814800917,-0.0379561384517648,0.8384137950619559,-0.08488254955518855,-1.1162844617195602,-0.3461149546925522,-0.28469322930461277,-0.7118494315848086,0,train
4.87041073344087,0.9434876634692746,8.053233303061642,0.278534313254023,0.5382983916440663,-0.6588822456933818,1.7135847609189006,0.8815804031318717,0.8622233067832168,-1.2145984231281126,-2.1540530455538387,0.09224382770907469,-1.242861977563319,-2.2542247419753343,2.417091837466109,0.033920239083516684,0.1409765215857353,0.31981149043141444,-1.5992239616571995,0.18332653781336114,-0.37290079307462914,-1.2524063409422934,-1.3824211267125888,0.2159386321168107,0,train
9.189427244010393,8.775108177731653,3.5331705332520755,2.349156512786071,0.00632843816147721,-0.8126748366455667,-0.05253804232978446,-1.7679544632996893,0.9926557968154955,-1.979774385605268,1.2821741001512779,-2.1142541563198956,0.5168614111187722,-0.4570034771563553,-0.05758871579264685,1.0007180214752933,0.2321963171543292,0.8241314316932343,0.23106935641182225,0.9402856548048159,0.14141024931952306,-1.447577959138878,-1.3768252550515996,0.10749278201265745,0,train
3.3952211809548483,6.986506344208099,7.541607603532441,6.795714258381169,-0.8249783653586686,0.6938139164960027,-0.5017842814571088,-2.949354092493773,-2.7642791905344315,0.10904283318344304,0.05440070778729056,-0.280862890062358,-1.3768108296500658,0.2057088731250848,-0.6477528159327831,1.7007089864993696,1.0949753665143438,-0.7274592848447345,0.3946373109448145,0.8276928650250764,0.37893465528116754,0.052863410485563055,0.35923580067644617,-2.5082617345238485,1,train
4.081194000522471,1.8349489438120503,0.7053821059287246,4.4839306264099745,0.22715037216452635,0.7265392437397132,1.0537533240302777,1.052249570104807,-0.44279280273795407,0.7243500952931805,0.09021110485999102,-1.1532273265098612,0.23757812478867846,0.5493563719479827,0.5753508411291293,0.379130630500931,-0.4206909202217165,0.09116068164986664,0.07502204139175252,1.0907074979089557,-0.6867602228881935,-0.8467675691538523,-2.0514814186050794,0.47745387066002476,0,train
1.1105566330067063,8.368270808477767,9.978367837085216,6.478637193446795,0.4857017083876586,0.8738267309652235,-1.3410965039188565,0.8603546199798765,-0.7209651418795785,0.815502295409619,-1.1397871407043525,0.5672626313339424,-0.22713983328786486,-0.29753095707046207,0.2081403093042418,0.364642874024614,-0.6215818472299002,-1.075226022847912,-2.241130010234908,-0.9159448453682728,0.6234624852337682,-1.2228641245581369,1.1876368209167472,-0.7566390079314446,0,train
8.90270396459935,6.28942599111841,5.03691855389811,8.36956279089576,1.514163974054387,-0.44191748227791633,2.648971130717446,1.2502997022430862,0.5356047697707426,-0.4870287218080354,-0.1031793026269518,-1.383367782707796,1.095015333050204,0.3907097261387645,-0.7064373700051136,-0.6665285345124773,0.21598448597481965,1.7411890790714994,-1.1667101010091754,0.5464929399721591,-0.28246431336041655,0.14692645546665847,0.6009840597820834,0.7473014817418864,1,train
6.938970154502306,7.475363796833742,8.583798647124627,6.033368362993703,1.7325598497104722,-0.2131769616908813,0.14313303239351796,-0.26241944818974217,-1.3523213569163475,1.654863985365012,0.31537452571353936,0.04495643890357356,-1.4459992742991417,0.0038765069807726172,0.6240438018415418,0.8878996327579779,0.11646381353887102,-0.5554506217804787,-0.6844369225408241,0.8762744901805392,-0.7959634793712778,2.1540917283227636,0.4888344987339543,-1.2991847774391059,1,train
4.601790032822477,2.211706750410236,0.8951055685545217,9.179024207424396,1.3823446262271322,1.0154806434182855,-0.5924940326664958,1.6280521784667907,-0.2092967191644886,0.31299665238763896,-0.8723311282047164,-0.8596656352244573,1.2774079761110884,0.09957566424923557,0.40958174920005114,1.3197653087676153,-0.7815749494203978,0.17885684231774193,0.5571195358022905,1.2594795743570786,0.10554522337258568,-0.21637657937239843,-0.952182192598139,1.2818697240737396,0,train
1.7476682634081708,5.937796697012262,0.5067855570753055,1.3393547022977204,0.5230157244957394,1.6018095603776303,-0.8391194869524295,-1.632289428107486,-0.7241832636598912,0.28089368895013256,-0.178934044180477,-0.2755514123877236,-1.4525521904355383,-0.044068057904529806,-0.5905385173700672,-0.788475064073915,-0.7842762097755037,0.07695400283079272,-0.6688569694373993,-0.16574983438169055,0.7074669019420845,-1.3977621719932618,-0.283550600250209,2.953204747055959,0,train
0.8879748551832778,4.851513649279627,5.041581266654668,6.7369789951647805,0.03924047282511569,-0.3544047786264116,0.1600743638842716,-1.1477748450918492,-0.8724201427204934,-0.6603158444732079,-0.9530182040886375,0.22578693446206796,1.2554918939228115,1.4301856396828507,0.9973337952985989,1.2320611942130089,-0.46926867985117254,0.41112370833571915,-0.5619816554295906,0.2358542464805642,0.042312208088367935,-0.27164478129537345,-1.4104783531388236,-0.12723786949498472,0,train
8.15846370188783,9.150997360669656,2.9260021018458926,7.392343851142064,-0.8810842736505374,-1.3552990527141706,-1.0486305561855431,-0.531773782524536,1.1266339932383507,1.6436153960715514,-0.14004443553292878,0.5450872960469406,-0.20549574851332184,0.9332150119040321,-1.6128048247171016,1.1366701888283481,-0.9221421395419673,0.1883892442638729,0.49069999488463123,-1.2817714844148265,-1.2266109926550597,-0.44978588473669656,-0.14029675740018677,0.10179232098024424,0,train
8.486772583087408,0.6108647690255042,8.187063081611486,9.60980492104893,-1.8436422683575422,0.20719616847072256,0.6727526944290406,-0.9350067847468836,-2.2059684794229297,-0.2477260856567168,-1.2014700496054007,-0.5408990882045376,-0.6959561682319285,-0.4239408301078659,0.277810438873543,0.9270379038462985,0.09924185641848832,-1.8854317621581653,-1.4782703505370134,0.8862184312859499,-1.1073672701609558,0.1860539710965722,1.1206772962418419,0.27617973168960025,0,train
8.438924154775554,9.837841557618844,2.3069543823880947,9.379102778433925,-0.5268490756796228,1.0117769646713495,-1.5030461101071961,0.514916232791456,0.177147380742196,0.06463036484061369,1.7687385145393164,2.2231579219124757,-0.5246735693649088,0.8074597079375512,-0.42388005116915795,-0.20149018701855956,0.1947981021994952,2.155439058755068,1.0248969132776204,1.1828211521933176,-0.718534932865895,0.862290216914193,0.9191561164867775,-1.208369321986866,1,train
3.9752618810008276,0.7302706413384941,0.23473571883274813,5.242295587311658,-1.2469556322962272,-0.14256194103002529,-0.17933707558080356,1.0877956368597643,-1.2231841612682206,0.7523793943463336,-0.8147203026382155,0.3649815552453155,0.6752623891470992,-0.18153823905378177,1.0013230207854318,1.792494951558078,-0.709306580481091,0.6941587464647624,-0.40568651328825317,-0.4637772344723963,-0.12454422497487579,0.9025648049739213,-0.6006740162790261,-1.6843678320142215,0,train
4.673313949502546,7.054193449353835,9.364097086735047,0.3658624652928688,0.030299587083509914,1.4753929993097472,1.1030220013042802,-0.8694159108950827,-1.0256950922497485,-0.31108324304696744,0.22276479924013323,-1.547942313028762,-0.9978464314277111,0.18484863264720247,-0.5177703753479519,0.6911556375716116,-0.8815457943708979,-0.9522480100670885,-0.37959641837110175,-0.46219793933677306,0.35580152814996086,1.6775748388350389,1.1034956534970717,1.1179073287585495,0,train
5.597592307978645,0.016463625247404856,1.1768229565173072,6.250167374374883,-1.0731644458968406,0.696764074235827,1.2293828693686972,0.4948093402790507,1.561488920184162,1.4522227162279193,-2.1542976334989814,0.1974507080421456,1.2420879528950062,-0.46731152545363824,0.6834909659212237,1.6421808480877302,0.6816664936831851,1.1885407418713487,-0.3831006111314579,-0.2761285152688354,0.7183279635588654,-0.7258576289116805,-0.8297975637599901,0.45927057105204605,0,train
8.743025417688369,1.5231234280950712,6.458002254742629,3.1808113864916434,-0.6578693609369513,-0.5494328511001607,-0.04019534153036073,-0.8107973440650725,-1.3819971205308703,0.03988282268600133,-0.1698611671143185,0.5356193904618726,-0.17946947291133714,-0.8986886857826188,1.5219237456743948,0.32950597331439074,-1.1656095299792075,0.6737154866884432,0.6817918896180558,-1.1169338866909357,-1.657088033008186,1.0986277462328078,-0.035373491732835716,-1.5689806749941806,1,train
7.693324735151456,2.137271622394177,0.5060784323753609,0.19220820998756882,0.1261029933502025,0.0799574850101,-0.5197334483922856,-0.045356975221305953,-0.9281103796211039,0.02409843880233016,1.0264370521589012,-0.33030403521902957,-1.2018710286900998,0.2603150630769129,-0.41614179439556753,-0.45132326380571985,-0.4208249760860798,0.813215805417843,0.853674389779502,-0.08809260764804602,-0.6617990187714875,-1.381979711867924,-2.271055425021708,0.12608677712547803,0,train
7.495094397640879,5.038303630992224,5.29071168955976,7.775974354403024,-0.6452494935230538,0.9196547809174912,0.17657457593889017,1.5280015027226048,0.4513560309664574,-0.1855503028313281,-0.5711615857368351,0.6150056608078843,-0.4710472045386145,0.47213055834192863,0.07520950432534415,-0.8625408780857362,-1.1542994305385972,0.12008852434137726,-0.0043724510564354365,-0.8439056657552501,-0.07704371530095688,-0.19247379106744708,1.5525099209286881,0.6132490949430394,1,train
5.952723840076954,7.154533106766156,5.72459824272305,0.48784963751999255,0.2806841728088461,0.1148671149530126,0.3266220030412537,-0.11848130100652819,-0.4206191219165645,1.4080980521302182,0.9420279300724701,-0.5992466579075445,0.3810136886408037,-0.43387631538032406,-0.23917077833888153,-0.5483930932369676,1.7699784573160742,0.24320621326103098,-0.4395949138773525,-1.4558711292351574,0.6728902993641144,0.22396449539322735,0.8490227215296134,-1.0937286029748834,0,train
7.7979046843681274,1.799778441984572,9.616566649239582,6.74831436957016,0.3125161196965565,-0.6146366161189567,1.094331080720926,0.5313441072172932,0.43174437016904477,-1.7014444868059329,-1.5742660528922157,-0.04959628876806778,1.1390497945683116,-0.18057010908295382,-0.08075986823892499,-1.4588177061801675,-0.161932481453632,-1.0015386651813007,0.334708656797061,3.3040760547703254,-1.778001662761769,-0.04597715351651057,-0.7701856625994827,0.8593072218672653,0,train
8.625447002184089,6.443285638198201,5.030605512122585,5.817388764292232,-0.9834256812444854,1.0038214568762693,-0.5884054087933495,-0.5212434725779099,0.7813949270364755,-0.8101540684678131,1.5792395463712816,0.6526719146535342,0.49720449999928623,-0.3499142126194533,1.0570636415855816,1.2754089788713685,-0.27412941865942353,-0.3173048854968363,-0.041674857518515095,1.0391987857661602,0.24024452536094082,-1.57582532328657,-0.07989813502059433,-1.0004773547552521,1,train
3.175099069916656,5.3012158653778565,0.19503177143318173,3.6937708089334165,-0.3698404903853973,1.1678243907637937,-1.8417050687641399,0.1689053627462075,0.3252705677115138,0.23724972758046484,-0.12376002741277438,0.9741423494803371,1.960716519268013,0.5145817489466993,0.8567572995905673,-0.28658134957446807,0.8677272969796422,0.5310924368644266,0.899996460926017,1.9640000286493047,0.010812966196057478,-0.6127778833426339,1.346999356618885,-1.8521403598150863,0,train
2.6102244379645456,3.271649504312216,6.971384565965531,0.4878177215197055,0.45614567254063154,-2.152765608436578,0.6829160659462601,1.8315447755414942,0.9244134303450984,-0.9384007930218693,-0.6061750543116304,0.3851584510337783,0.01990670141425413,-0.9813816677736565,-0.07817748958425816,-0.9072894106115231,1.3466879345695264,0.03959749320921114,1.2904057065594094,-0.44598967737403367,-1.9554261395832089,1.0258744592469036,-0.4929341821470884,-0.4896219445492035,0,train
8.20903479198509,2.2154999852706214,9.04475055417267,1.9816966547341275,0.5189392846712659,-1.8664575678000026,0.7046952020860809,-1.4201873096715925,-1.0164948464452277,-0.10081829322713112,1.0704709123345468,0.6256558207506393,1.5374773744152177,-0.28596720234365347,0.2671935602784171,0.20726222020595872,0.5149196004795681,1.7745619791832916,0.4688839145520667,0.465853801086139,0.32893293030311466,-0.9924026493760645,-0.22651822668991703,1.8178055204854329,0,train
3.456012473649986,5.697662767542681,5.0917517929501335,3.918485173390154,-0.11267372287066646,1.060936960947062,2.0135663817504645,0.40095441676249727,-0.20730545899923172,-1.8933717823490874,1.969022686931622,-0.2519793262776022,1.2792237266592437,0.33693165550109255,0.013064216778358248,2.444506048280225,-0.53035899166377,-0.21936057686805502,-0.7677529924351689,-0.5613708242713046,-0.4969586988745419,-0.19516304258777087,-0.19416442543373202,-0.8191997675708291,0,train
6.6641960377242215,5.6173267518311265,0.32800987169742446,8.818657103802753,1.1001878205722353,0.8141616236368742,-0.6812494623882142,-0.40597215215998245,2.121136243024554,-0.4273256771159783,0.9147972120021582,-1.7328594458535338,-0.5537096386739345,0.13509171035490525,-0.992182423120934,0.028722320060386063,-0.11998884286693433,1.5862152598029124,-2.2554746887157475,-1.0299713842531506,-0.10622597356318099,-0.5815738905110684,-1.839006958558009,-0.0337328926943888,0,train
6.0990791358215475,6.233167563724283,8.661902436727825,8.493406029415905,0.4527162539979481,0.5935961034266822,1.5026795142464842,-1.9735528059769314,0.34837614800984945,-0.6530277797116496,-0.8126839570636786,-1.0404380285671735,1.0036252248260642,-1.5613284244651986,-0.19249811885267232,2.1754043325875188,1.3300029948717367,0.5570945560519808,1.2528483465613487,-1.002448749751738,-0.1120962772829081,1.677595740656941,1.5077197062423697,0.33685954521844047,1,train
1.5497313865576567,5.243573883677054,9.337338477885368,5.464166890041505,-0.43258069924673676,-0.8427003026437871,-1.8656956192263308,0.2827811127844848,0.6365527364090542,-1.061945680153787,0.37280810293937644,0.12148944274466705,-0.2939386994907972,-0.29623411700920493,-1.604772693144402,0.14681737792941885,-0.26169414031303867,1.0190401036003827,-0.33027523795091823,-0.4482604101203778,0.21544535786628732,1.0204072631648744,-0.14144205106194385,-0.4462777261767494,0,train
6.542450943331084,6.98902169148138,7.6544529125254614,8.05870342749307,-0.392126627341279,0.16440269566373833,0.6456928742169923,-0.22649293876727886,0.38729884381368307,0.5082862069750036,1.4081706392757307,2.151028269215658,-1.319285389909402,-0.5167782624735577,-0.4329181090395877,1.5212598212937218,0.14128720931194252,-0.9619214638958807,1.045014240455671,-0.47220746239641703,0.02542305240475474,-1.2847986959503712,0.608169232524176,-1.1528476869574182,1,train
7.620525337595013,7.156388589151213,9.823865182148651,3.6803114911478785,1.1971191380651316,0.33379214172674854,-0.28657836386364255,-2.1740431897978287,-0.1677511449425003,-0.3963546887204771,-0.261456401652125,-0.13762951187348507,0.05986862835543234,-1.9499453608681345,0.7167157626676471,1.8099359924630167,-0.414493478485029,-1.795098788267025,-0.41158308851181,0.36981944723310556,2.2193932760910777,0.42660778750038664,0.9772725435544904,1.5956497720905114,1,train
4.081823252414156,5.341847057152692,5.7518823393603205,2.639185665551289,0.3472294141346306,-0.7094697936333113,-0.6719311032394018,1.900201993627939,-1.4255003978968281,1.7532554020021565,0.09376513930203545,-0.9638614232311239,0.49206878866231946,-0.8191573882528994,-0.46019718361727824,-0.23961516290061463,1.1916908460227718,-0.24330516495999258,-0.3956161201834019,-2.574333197417972,0.5373426915589453,0.8152426388119091,-0.13188709697567416,1.2253430255331148,0,train
9.64045087105112,3.8585798387528225,7.615987220217879,4.930185718348113,-1.3540753454634924,-0.6019936100183713,1.6770070450235404,-0.07448814631802392,0.3937190206233781,-0.6878017814359837,0.7095532064692004,1.4567603159936784,-1.7357602201520503,2.1279806280019296,0.11889790203338278,1.7900866507953637,-0.5825867903024861,-1.644746666086509,-0.10092547040143215,-0.8026579099998348,-0.20000102921053542,-0.10638531696144271,-0.3460111865090392,0.8475699560539292,1,train
3.5019874670111726,3.0293175142107556,4.564902206588432,9.721555227721385,-0.261148169622428,-1.2156986132956575,0.33315943821417743,1.070506345453157,-0.13711076153740215,1.18749357069972,-1.3593492218143148,0.5800943215429819,0.35100103220620377,0.08431279832416845,-0.5160230880767942,0.1836601244417291,-2.3037113615376557,-0.3845316696948062,1.0470751257962134,1.5184735297229774,0.396663806419767,0.587578215677193,-1.152578138174261,-0.8518274102995466,0,train
9.653104783567729,0.6317683745226765,9.018022010771054,8.175611857787654,-0.1638864561811942,0.3227106411347265,-1.4581176353619445,-1.587423156188778,1.9695275080462364,-0.5455990528786293,-0.005222208892112619,0.5242107524455398,1.0599788273126396,0.9331219291262426,-0.3636352756959321,-0.9834432621625887,-0.47346752394973934,0.13677821672419668,0.015184702023372914,-1.7263600699772148,1.0213592930150197,1.194119790165215,0.7847940492434743,-2.686986259543302,1,train
6.462326261031416,5.969010483464593,7.952883017982158,4.237934632353219,-0.5811735769946297,-1.4068456706802932,0.2742265120874618,-0.5220974666942301,2.2168756059401735,1.2844733101486676,-0.7349928422868016,0.3576275977488551,-0.13736480358676664,-1.0658595727800309,-2.705032909800351,-1.4429972243454283,0.026933334116865625,0.39994050223560046,-1.2845884128048966,0.8228560586000382,0.6897871971253249,0.5041949958673967,-0.277805690694439,2.184703231650189,1,train
2.6470334462480984,8.362414955816877,8.732182687215452,7.314001402799316,-0.536969133893146,0.2141744953282433,-1.5284496156622864,-0.5395415827053749,0.8662267549134406,0.25911795962969203,0.7127993708274857,-3.0979626440207073,-0.9700494293044701,-0.95923918939269,0.33489747558959343,0.6770168843515143,-0.36678599016305874,-0.00531729617387662,0.11027898885693495,0.4706483046496699,-0.3311910333113483,-0.38142366584230514,-1.5952283948426755,-1.1596455325572759,1,train
2.2647908866274835,4.9074211688111475,8.259707554792799,6.286751025261958,0.23720803929987694,-1.0672859563919337,0.21773763731947532,-1.155050169353033,-0.03549896815901518,-0.8058780364291329,0.6656086267812438,0.8821246413399069,0.04831798805714324,-0.5868434999426936,0.7989955792973278,-1.6032316107046494,-1.2815671123724455,0.047489067481879026,1.1449568271153736,0.49925794205947094,-0.31899570457976023,-0.783914151236167,-1.9710185435068017,1.189766097326019,0,train
0.11803718723547685,5.887873362865284,6.9026750677516056,5.539754455657745,-0.48696610573659227,-0.08559674457989495,0.23542280437823598,2.38990409134563,-0.6458282662755758,-0.24313255517763774,-1.3909386912379582,0.23086062227095447,-1.681743569659334,0.45188988302997046,0.7714353445106823,-0.4940475235007342,-0.22493481896471432,-1.57944928096669,-0.6277351286473793,0.6390804880109793,-0.6129744175900609,-0.9581990524727787,0.3323027887947753,0.006012872153916237,0,train
2.6859610215806473,2.336199640876644,9.708043447211908,2.920242246357497,-0.6973869892353534,-0.4107479232226539,-0.46681804063343085,0.8447793218939988,-1.5328286316470832,-2.867785336444882,-0.39423613819849324,-1.9379588842659154,-0.8463735161690652,-0.9105127372972381,-1.3701427581348347,-1.3220249179779315,-0.2736172055079196,-1.1087435039902427,0.5281463672972936,-0.5359842138963844,-0.7917774347250499,-0.23740779906912352,1.301231261667298,0.27244696809547864,0,train
9.230439258470351,1.6237450990644908,8.868711931797192,1.9886857187439178,0.5917104247278646,-1.293704947683404,0.0026922149972181692,0.4136973724302138,-0.9588754803571669,0.8108132465579908,0.7626397658457388,-1.6465135537542441,-0.14589656274116455,1.3209618029250725,-0.410193683729635,-0.9477626062774898,-1.6488452172145174,0.2861334195909576,0.000694473808060808,-1.76367537906356,2.6005764129686555,-1.1927444743493456,-1.3448615271760758,-1.5684508818847498,0,train
2.503335045541565,7.967552856656335,3.654644352458062,5.6462130836440885,2.0553564367531245,-1.190627147117136,-0.7849770094603877,-0.9633319862409717,0.16957031817127502,-0.2597162388187196,0.3717637842706069,-0.6845243061769635,-0.9842319231271771,0.9347813772150025,-1.288549569828229,-0.026594097797991455,-0.9121947663882187,0.06524283109665834,0.3870185896464027,-1.4158178017827796,-1.5177240828218501,0.8509170951482463,0.07306036715737536,-0.14584443546276155,1,train
4.13790026184564,8.597925975625285,1.2789086328674304,8.119683612722056,0.06922338544884984,0.00024914498582083916,-0.6744703808892186,1.4660270559785855,1.0196270651934138,-1.1765050523077492,1.3114941331253847,0.2514568492704165,-2.5712934358029167,-0.3837572804614191,0.26257253282353266,1.8461462709726704,0.28525001998503974,0.8210863450382133,-0.7121767318208216,-0.8407877743268286,-0.09711600460859544,0.0719492484925499,-0.20588988669973893,1.120589133823737,0,train
7.274216515626799,2.8745656111123696,4.154319373373422,2.9045265311270696,-1.6456617947160108,-0.06312718385383476,-0.02453944666688086,-1.0115593947840127,-0.3941311984908148,-0.5104170734073125,-0.9528629610916415,-0.11528578367519428,-0.34834925066617245,1.7740107910841136,-1.9866370067012047,0.2774741414507318,1.8860415033526865,1.0588647074928224,0.19710448797013275,0.17089119467135755,-1.321101104146476,0.3272837359331851,-0.7850228034942248,-0.6346627707521005,0,train
8.993947035949837,5.102245007112397,7.050677944761301,9.988191688395423,0.6091033669994431,0.11813245946594508,0.1298455679934275,0.6893662111884297,-2.189721219287444,-0.6674283041636212,1.3311568196967176,-1.318689041405485,-2.1002983090714813,0.4541007823383929,1.679600302024431,0.47988047392576777,0.9344993378454106,-1.9028554813719778,-0.3807517765459923,0.19180461920299477,0.8992354358065726,-0.40576193104915237,-0.31507788235346146,0.06763375419860562,1,train
1.1124003706432206,9.43403185483384,7.350344424023641,4.023737081531944,0.8431251637927138,0.024120100562440478,-0.1085460017873154,-0.11909685426926213,2.1097275955877057,-0.906900346824183,0.0912229798665197,-1.2145968460773848,-1.4922861184192302,0.06963076220288376,0.1527320518338811,0.8936398163263206,-0.6898410501145938,1.4672860302888877,0.38515437348906384,-0.6684831438678045,0.34146973909632994,-1.2758157160935764,-0.2770487909438076,0.36663375415898736,1,train
4.099691818552273,2.1457281817634257,8.005108290762488,4.952663184541773,2.3126661383884435,-0.43878937441452104,-1.5741612722302507,-1.104270956909601,-0.8119457933220202,0.3798642754055629,0.4041873116644976,-1.3166941340306602,1.3708011487409162,-0.516277525672008,0.33995477288647064,-1.0887642344578226,0.9098467444717437,1.2221411569454617,0.18079101056155494,-0.2950943812575806,-0.5990526812776319,-0.5939792893631406,0.6504527452650557,-1.0411541557592097,0,train
1.9172702588713453,2.6224361005828465,8.238721093522631,7.364699281149524,-0.07878026460888203,-2.310015972351877,0.3993329101461977,-0.07389268508653139,0.9810347329606325,0.8141431465945751,-0.49516961546421834,-0.9795122508341163,-0.06493386336040528,0.8999872777039136,0.16871332083491078,0.25067334024231575,1.5424198415370176,-0.4439270231592464,1.0972089555804951,-0.3873047422667299,-0.44016665617647693,1.0888052988984012,-0.5848784499703228,-1.6589875767750961,0,train
5.2266235149239995,1.7618867818392203,7.833694005245072,5.673307949002595,0.8151670895579362,-0.6667190550162424,1.1947868716601906,-1.2839878889474419,0.9986692983854853,1.213788500687764,0.37337086818852694,-1.383941828607879,0.8535917950837522,-1.530367708719206,1.6095033535306835,-0.48095568216212575,-0.23121651950503588,0.45448113256457856,0.7875563941566376,-0.8027815728198358,0.7745076897748215,-0.4973622423588178,-0.1951335448570304,0.7878037621184507,0,train
1.6101210918706221,2.0926619855348205,5.167629908299558,5.8741917051997365,0.21249746985582485,0.8137164679642933,0.675909027391841,0.3295667591934677,-0.25391354124211185,-1.3375589233332894,-0.719041042074324,1.4575138032805017,-0.20672715993845706,-0.19437481123959796,-0.06309135906228285,-0.6471416851942232,-1.1927138048591388,1.986545959601689,-0.8609521274886454,2.139536128783991,0.12158818539494089,0.7776200617408062,-0.1250893367134585,-0.5800941675918921,0,train
0.11944336676233291,3.169677428396155,5.624142197734932,6.679817585724202,1.687377067713099,0.8219968655032963,0.1962054887750097,1.1525286240511974,1.7533046546894102,-0.0021408593588354593,-2.3610375529203944,-0.039743678311152,-0.9812763227395953,0.6296503644544033,0.21465669513610078,-2.1596397254496313,0.645060654201163,0.2385566972311419,1.974024759900712,-0.5491123527370395,1.1639974004707667,0.2806114520737566,-0.41593341266712514,-0.20365888432597937,0,train
2.7493931357348522,3.858325555766969,7.203840736882324,8.020656459093578,0.9903062563337524,-1.6105932169369899,-1.400245862679389,-0.273627611023448,-0.16553164455667535,1.0971773596552337,-0.4389580408492338,-2.637891148302045,0.24118350393153168,-1.526287951180778,-1.8320261279458228,0.3197040508520323,0.2769447925365056,0.9322588483058072,1.8130694531016376,-0.5138426218940022,0.08754932993495149,1.2341682802878795,0.010120624424572542,-1.490058333453101,0,train
6.106324475002893,7.73817865959828,6.571249489507433,0.05911726535744455,-0.2369812991904816,0.012053294828941873,1.1429685814253243,-0.31935817530583854,0.49050049674642654,-0.4758887422460382,-0.016823342360547725,-0.2934787844173211,-1.3412383692255303,-0.6457729932528243,0.9870833062479889,-1.4450907018552943,-1.5253398367363613,-0.5650327919197791,-0.7614896877470042,1.3449473759312263,0.22584657715309656,0.7930643202796361,1.666275650211085,0.3870900591623059,0,train
2.8379089405293145,8.627671583656202,5.191971735116345,2.2062081952287995,0.8166218480739265,-1.4356048797028462,-0.21020831187276223,-0.370308363664425,-1.016564621786222,0.2639230578272047,-0.03301014869426299,-2.7533220779837215,-0.44931347496235885,-0.32884609295558176,-1.031377117618519,-0.20770028047620098,0.6696720814452694,-0.848335443092932,0.4808068947134491,-1.7520554309429828,0.4060840941436167,-0.08736282236174715,-1.076554357149021,0.13387769974937208,0,train
9.97702487172621,9.568928850584864,9.86263221639681,2.1720583354488365,0.21893977548885538,0.038593026578342224,0.6084203329759906,-0.24553665448825562,-0.27313790093825346,0.761404362010099,-2.7103082189474446,0.5622762688101797,-1.4171601202415052,0.594661724711908,0.8682816106175527,-0.6373476763716557,1.4715695743130661,0.9120065631622701,0.02445453999200646,1.5306946032900433,0.05740892738958218,0.18520524508286773,-1.1235113184849794,-0.5940287485080757,1,train
1.341021107810042,6.957777205067872,4.668760307934059,3.0901912652682872,1.295287122251602,-0.4806385337722103,0.43840307943600826,0.39806811774201273,-0.2489984752086446,-0.7340835406782538,0.23297308505859088,0.11869141319932054,0.7271842119885364,1.357955172808115,-1.2261047610590425,0.851537529307451,0.32311433697896746,0.30885313425444816,-1.5897191736952023,0.6196481110382703,0.31905003260239945,-0.26790860949262585,-0.2437700930751244,-0.8475533200000518,0,train
7.80324970542571,2.375553426384153,6.637515962013377,9.762255428670358,0.08884528072550009,-1.257746846345003,-0.39668580407459814,-0.2586751846103554,-0.17825581170004515,-1.1339840065052593,-1.664170707927635,-1.3604960367161094,0.6552738937732736,-1.0358815366028231,-0.2896912166263623,-0.2520876084528588,1.1259230745145858,-0.11333120551645251,1.0274722416073023,1.096237790283737,-0.4529527209780563,-0.4751095620472363,0.6164359327230614,0.8602971219199216,1,train
7.3654108353658465,1.7725828410340894,0.26677447704484214,7.018683528848525,-0.795276346431939,0.7534987349346974,-0.7610798856729688,1.257926826119057,-0.8499890628534951,-0.8713037004276073,1.277999333851983,1.497044422742701,1.0785300081185125,-0.9560701117080527,0.9979806663381264,1.0149887246207312,-0.22925667052271825,0.7769222502025696,0.7047608626381091,0.6971977122674723,-0.5342117109649193,0.3799139376950822,0.5102368523928881,0.8754053913711839,0,train
6.180574511570028,5.418199436565786,9.215397429251187,1.6247746188741508,0.06883864207555214,-0.06289842473168714,-0.9513904300081547,-0.4089606054012645,0.3796291095326487,-1.241643651695457,0.3172997199849315,-0.08102514930498697,-0.7475538808598358,-0.732879539151685,-0.608595221281395,1.9365755825417021,-0.6443799364353834,-0.7101909093273899,0.39699572117453247,1.9241543101792968,-0.7005372895082556,1.9211896733046172,0.5559965993409262,0.7310388534814363,0,train
6.960398274503129,1.3699835409140482,4.776722088138192,5.687321603204687,-1.7233529569745882,-0.4000426111742733,0.9322634432479358,0.8399086586892982,-1.663816337156745,0.9208919380101751,0.10346353924202732,-0.20318718964895055,0.6875932988227212,0.2333045929484263,1.2909878614860475,1.4799286771214923,-0.9148196265754169,-1.0438530981494984,-0.44220191828399535,-0.8470013296049469,-0.09890685965823541,-0.22680295309172416,-0.7676937175604416,-0.9199997111378652,0,train
0.9555310760129399,4.2652138720438915,6.638444985530473,8.787403146751254,0.19937694689153942,0.3954573790714768,0.2227965577744245,-0.07915747109742358,-1.2889760924002058,-1.5710700241477102,0.3380549930287622,0.5306215351094832,-0.9508765926466819,-1.0274532603545288,-0.6375520268467383,-0.6987588751195002,-0.8447832615735531,-0.21222201875354196,-1.6794613242415546,0.7060248837130666,-1.280103313211335,2.7860748098223818,0.7001696002647565,-1.073945464443043,0,train
5.2755895922037315,6.392504112907673,9.790854427858097,4.267832584353738,-2.4460076241885167,-0.09103220149620894,0.6851486385924378,0.6757455132843792,0.08007213295553893,0.610804869646823,-1.184615108794833,1.8607270976741215,0.9305323865278969,2.835149836430969,-0.04155852914607582,0.6127161610493459,-0.7553859998843264,-1.1432145679701686,1.784039980150912,1.6640370123473414,0.2580360874627498,-2.296691236909613,0.009808792149737561,-1.187459711102187,1,train
6.872185791740302,8.062544694646451,7.796466107681538,3.1304603653864014,-1.7439812954549296,0.7792053435538785,0.049350251728613195,-0.14633123123921185,-0.8291480657542581,1.1968214811373366,0.7192625344766903,-1.23783349715313,-0.774864480943941,1.3397803366113163,1.1291368327247726,2.1822577883352405,0.5769594908711839,1.005745032838963,-0.4795621307343083,1.3214936784689768,0.21946525440568615,-0.8232275092238808,-0.13933129305008654,0.3455542039219129,1,train
3.505668317211119,1.254070127909711,4.486051239700312,3.06994352789862,-0.0266186192025689,-0.8186582238746756,-0.770453647389912,-0.35992812230990745,-0.5229467775820634,1.4312002604709435,0.6912282321723292,1.2330965656773636,0.3889980145737521,-0.35969531164123575,-1.7748686914918372,-0.6678978445273327,0.6211766506914387,0.7640517936838118,0.26906132325958165,1.0532686218765788,0.1704356826850351,-0.5466276884408793,-0.23656055051710598,-2.4468262864944004,0,train
0.15875400063341982,1.4954600980532473,7.334133957767516,7.887845410810429,-0.053707728117301394,-0.8040929157397774,1.4110001609828593,1.6444769429667454,0.5333784008824585,1.0418945394073598,0.9577693747788174,0.2061169353412656,0.19200044773808397,-1.4704959046022146,0.6479464744173462,-0.5357168564291137,0.5528782529996586,-0.6077972258792613,0.12948090087599765,-0.32590701841937314,-0.7529048366144988,0.11988654733627559,1.382510916504776,1.1585392298428943,0,train
9.979085255359525,6.2994693916275235,2.4329517425172362,1.0353194743007776,1.102519245451267,0.9065553676021945,-0.662494022885771,0.3043040924323924,0.2836298603219331,0.7526329833656681,0.5528238605957723,-0.6362757374372369,0.19919849058964476,0.6513875112832519,-0.11054747760385861,-1.4993189578686403,1.4418997457212817,0.40960083646916723,0.32405572306886415,0.2279151560749738,1.8396117397110165,-1.5435064624570463,1.3463053768775972,1.221618575503184,1,train
2.3655286239243054,7.245737433018359,5.521718144907445,3.9252699335117147,0.5999971745757884,-1.2030969104983882,-0.9569085008925279,-0.10671038395121468,-1.3710264944553954,-0.13981326968696423,1.2051029191459361,0.5228877142097162,1.3373394829780456,-1.7261176230208077,-0.7204654869591126,-1.4002210324804325,0.6501558898465956,-1.2098486697482242,0.3252388087798839,-0.5495046680613029,-1.099494492555071,0.5640760199220788,0.6444172389990351,0.47007150005319653,0,train
9.449532860834935,8.844771736292676,3.1527547462383865,7.56589732144847,1.6550112615694368,-0.07883880898764854,1.4104880027086708,0.8798186667728911,-1.581987570470167,-0.25622202578038206,0.8249016872501029,-0.8457462533580048,0.7554477159398202,0.6129966330649682,1.2533818480900185,-0.9004393857621591,0.2604116011853601,-0.2674560724876998,-2.1557232485484703,-1.3095814429164863,0.29206010420116574,0.7002544822416618,0.8872244252653777,1.1979786253971951,1,train
9.637715174516629,6.623963230410233,0.6407410183966034,2.4445732236325943,0.5731020158953747,-0.05680878115115717,-1.314030546247825,-0.5008873449131829,-0.4643513993886541,-0.8688506644372451,-0.08629043151053166,0.1473121479926956,-0.9335534337423107,-0.047892581390320654,-2.0597295210700066,-1.9363263644023578,0.7123371922607598,-2.3943962915393895,-0.2041064481781875,-0.5998272714630692,2.14990498819961,-0.4675792228992256,0.5624145382509755,0.41584740863117925,0,train
8.613138972878556,4.657289694972352,3.8280855911522895,4.933038324212219,-0.39086366324707084,0.4968972245903373,0.3439797908469314,-0.5035178370148881,0.33468259212320717,0.7234236619590128,-0.5659858400076339,1.0686854368719996,0.16946396989575838,1.1222842894142682,2.101830854156237,-1.251248485582316,0.5619781955472963,0.4119100800615538,-0.5568272392049359,0.3636464954551949,-0.9469958282098646,-0.31564192829781645,-0.7733473864464391,-1.3205784608333864,1,train
6.82453169649145,7.027191283004233,8.487848307426466,6.689726779543873,0.7052027498016199,0.44384405703146157,-0.8701787547315853,0.29757431441571064,-0.6851062396437151,-0.013945410498115754,-2.5441287863467092,0.03757631665931849,2.5709375664202043,0.5827473805699092,0.7456419998548105,0.21890571136791356,-1.2368223893854358,-0.06307243269833408,1.38463168387164,-0.9204328306173405,0.19871934797072693,-0.03204947261940333,-1.4823459848740173,-0.11195455880821338,1,train
8.126223220291914,8.592291388912189,0.10736027869850173,1.2796601903762705,-0.7606527104118668,0.13815310666110267,-1.5519845225269888,0.6766570300641875,-0.8580045318903397,1.4352119984834693,0.16218491845001262,-0.40105333228114776,1.3420050912260915,0.22176226698640822,-0.7186291583658952,1.660439261860828,3.020376802300181,-1.7282360454160952,0.7361857775758072,-0.8870724511037409,-0.6298717143094698,-0.9127915144724528,-0.34025352655300484,1.236920079923042,0,train
1.4752654343820504,5.134840759465114,6.12408417754858,2.306806485031653,-0.5424489882819195,0.05996118530229515,-0.292619262725662,1.4091084653183528,1.1305549427748682,-1.8700108200812755,0.46977553569589614,-0.8804319045086281,-0.2241395501620113,-0.2533968359625864,-0.2565779497154432,-0.10386189402794106,-1.0720009381691997,0.08280800766331776,-1.2376792880581557,-0.12311721036908127,0.36091260750673637,-0.15861170624454704,-1.3938755526160156,-0.4207893035616936,0,train
2.435188244291553,1.1617925513417515,6.967190508354336,4.140423957122569,-0.9761056632274341,-0.6855178481671391,-1.4973241598344478,-0.5976964605948061,-0.4223139843268674,1.320617972129,0.3596747921664714,0.7171102681481744,0.261284808959101,0.830611603771209,1.5527215036756976,-1.7476524621314888,0.8067869398117342,1.2108922367680672,-0.5157871468358596,-1.1519583704461935,1.3730409076602417,-0.6463093164780161,-0.279714324171062,-1.373840510953276,0,train
2.585488184025114,4.369623638737807,0.6267462743306351,9.997754102014069,-0.4253315957738671,0.394599161149417,0.5444632674915497,-0.5831972452471061,1.3660640068586412,0.1301102803807056,-0.6772297559768589,-0.20658783842969536,-0.38134611565848364,0.8155445939874012,0.4419838736261927,-0.44083510091765926,-0.5495968889798312,-0.03649304196705963,0.6474432487260628,-1.5310100913062896,-1.0263288801537722,0.2677497985646432,-0.02748647903079766,-1.004196558244728,0,train
1.4037817102384542,2.486435103259023,5.982908292565508,0.07176573268714348,-0.606552440122723,-0.9044216519721167,-1.5881303268958917,0.27874289861547896,-0.2562811923320209,-0.018397971921593932,-0.786432964495185,-2.475481771457603,1.4851981077065652,-0.4395496739678633,-0.6786243480888489,-2.4857140257931247,-0.9662363679024438,-1.3538773983898849,0.31005962283942656,1.0692881052942642,-0.16470841111246676,-0.7317160402531385,-1.4347888681233565,0.37456008716898814,0,train
0.7845477804488743,5.592872076016436,4.543450249148656,3.092443004473464,1.1482825630329716,0.07877061508586851,-3.1396581477283405,-0.06351624725001401,-0.02457077570816175,-0.7820037958201868,0.3504795312115587,0.05427449890039826,1.9784338173929263,0.3567983761414685,0.37777456261097103,-0.7183043458571748,-0.10789014085330201,-0.29563258114374447,0.6121558767855216,-0.8173816342619692,0.2897927780832676,-2.1101145978954654,-0.6752851007800628,-0.0313043114636611,0,train
0.4312667846811469,1.3351150271440726,8.881056103053988,8.597601284955331,-0.27682932784663045,1.7160597864218048,0.1257805396233758,-0.7615494328561949,0.45315641805343243,0.7279960718087055,1.6109408288267681,-1.1493675729887283,-0.36184181225630196,-0.7527290283297685,-2.751202765658239,-1.5258960400396742,-0.49500479939297204,-2.11587467223193,0.23470467213490964,0.808362089971424,0.31933224155134204,-1.168217292718657,0.9051108837915314,-0.4751581125366637,0,train
8.569144800987889,0.06261360267746707,3.0413389496189125,4.304287307724378,-0.9476196557658634,-0.43653973375242805,0.6348784546038522,0.37748423146378574,0.24583040462865416,-1.0567768169673777,0.1692750773831747,0.16398197249561447,-0.0022018343068210254,1.255677747560463,-0.7128029877103556,-0.008828898571199608,-0.2452174736391836,1.158934038608578,0.2544006782158798,0.2156748543510219,-0.5370644409079366,-0.3747287015381454,-0.32749572911299774,-1.120207979159833,0,train
5.366453537995568,7.422688730028981,8.28824595627395,4.100483402125278,-0.4219352136985066,-0.9591849517662128,1.7990533728153268,-0.3734319009037889,2.198111607893361,-0.6952855925370978,-1.2681264649425852,-2.449691577166269,-0.45212627469211225,1.0810727378540603,0.16966727254401848,-0.7490671056266281,-0.2284459908481644,-1.048450273371206,1.375108648666611,0.5081386539737622,-1.2617492380764777,-0.12656492030164926,0.2075801245048544,-0.7649913764541184,1,train
2.664949580405309,2.7608276907244376,5.558650269821795,6.463212374679039,-1.611935942582402,-0.7459413683065333,-1.205644019720007,1.0232235828301386,0.2868863186024804,1.239772288216249,-0.5380680776189252,0.03634714913809723,-0.37676000282181976,-1.4089179627184438,1.373835459014539,1.1403595825467518,-1.2351266187865102,1.0530440193811208,0.11629051132567154,0.7761379971125819,0.13706098992142135,-0.18001083533277698,-0.9773356800560882,-1.1535896449762673,0,train
3.39633135471768,5.41510210526094,3.6561814019798753,2.3451531101553935,1.5413129629192037,1.1442558974278378,-0.4896374271758961,-2.21758931963927,1.1604687354366043,-0.08768590832968373,-0.3139175204308784,-2.5945422052871185,0.4173201713369835,-0.44332612870360566,0.36602666840432674,0.22439731214619096,-0.7429713963490042,-2.6279259481826855,-1.7198744983026677,0.078996560842401,1.3669827608292544,1.066968018723184,1.3049521481974473,0.3208650698065529,0,train
6.676595748884042,0.5664316864730912,6.370027330325724,8.119157553461601,0.18847478427759667,-1.7659137368876123,0.2925361581843898,-1.0938081450810082,-0.12077429728274529,-1.2694664097893045,-0.0072476688637097084,0.3239299445236794,1.4105900912463012,-2.5504174065395087,-1.590943744884681,-1.4305286378752342,-0.9142119290720618,1.9209085433566921,0.7167677611583171,-0.5999396797909222,-1.6895143506566428,-0.5437559732503515,-0.39730271259040245,-0.9548434323700182,0,train
6.671884129344155,7.294786794212489,1.5023815671537954,9.733475838746813,-1.2290735815777831,0.5648516511100048,-1.5156730708254194,-0.1663125142319587,-1.3395755923803885,0.38694501994673053,-0.434151110661884,-0.35457871232000193,-0.1664296054878343,0.09900956563141089,1.0029495221411588,-1.0423768701538687,-1.856878852059426,-1.4329882179407503,-0.9015980264422655,-0.2683401135077617,0.11135670026455113,1.6915691060594975,-0.6259771157122294,-0.0972557058733877,0,train
2.0515984893167616,5.44138289168051,4.564125269259158,7.543193958624786,0.3563539452997998,-1.1950441419295597,-1.7251802366100253,-0.74917507005793,0.6666725447366506,-0.26883946022051763,0.6795605454295633,0.7711664239817217,0.6731633554576606,0.44026355843731685,0.6953157535677392,0.03901711766196125,-0.5826659226799712,-1.109664306915126,1.9170129983884425,0.7483855479971665,-0.5257528894684478,-0.2308814360606529,0.07973312436937209,-0.12527777929390901,0,train
0.28422401632253513,1.6158091284399212,0.6511144292817106,9.734529609915311,0.5205887302783234,-1.6462548823909278,2.416143336425398,0.21704328986523128,0.7349011077228838,1.2574042382757935,0.5857928800680844,0.3523606666788937,1.9202829069116203,0.6912910286221194,-0.28135836593254404,1.1366405509462827,-0.05094281852123197,0.9701777432334355,1.5775858118829735,-0.7450888738816069,0.6476165725090053,1.0885676413750878,0.5284912709945035,-0.559688215807219,0,train
9.530268820817252,3.9518779131078565,3.3131191078549493,4.186005702421744,-0.7352670193856983,0.34780952719390235,-0.6563800995149961,-0.17264054459660375,0.5914900687916361,0.9310582949582348,-0.21894619376595992,0.005699542477311526,0.6431847821642518,0.47103069930256675,0.7895224460610495,-0.7028283915807002,-1.0325960514427337,-1.4118209093034166,-0.13559044538824602,-1.9355271106049228,-1.850386427659985,-1.5559121933904685,-1.2000809777955626,-1.458279599563344,0,train
5.664350489692081,5.108340936957152,0.692061555165443,2.558731602345614,0.7656997348520398,0.8931338135908649,-0.7849518699710759,0.24824454274157362,0.5077735941599699,-0.767989759148088,-1.6566171245235548,-0.14840388004302604,-1.4209247655650863,-0.7236653477256643,-0.6919905521539853,0.5574753746636786,-0.18812284921869243,0.21046807205479634,0.600790902838402,2.037226197147978,0.6571210668943026,-0.2046333018586167,-1.9685711812303712,0.36316624994195845,0,train
3.741007837995328,3.7227079254794706,8.113813956974068,5.693257509720962,-0.3941973422602484,-1.1363917421490488,2.3161192310977525,-2.2163071433671826,0.8579593928428939,1.8290973420702306,-0.5991301216838878,-0.9670096712175648,0.8699142537237889,1.109084111966092,0.20981842716238366,1.070949569265365,-0.10974072199424613,2.028703164659787,0.2977079354159704,-0.8542750932371713,0.5374531828304282,1.4853448442511186,1.393428636837585,-0.3923688920791651,0,train
7.504640025811904,7.5498531010020296,7.689781101681213,3.3874016219200955,1.017798897408907,2.1856913593486875,-2.056533254542716,2.0001921597734436,-0.9607934224028076,0.6906009248626501,-0.20002322697485875,-0.4379979444276372,-0.2330943359100303,-1.1462939119107054,-0.8323431671542764,0.32358316010685,-0.37697560589506074,0.2622389523923978,1.763164406415412,-2.3301288159626132,-0.2315828819308048,1.2748258732111628,-0.920231268178706,0.31935609292548506,1,train
0.883443301618031,8.619395822045883,0.5545139830733459,8.145293883272727,1.397581553106745,0.35475923978356205,-1.0169631444614047,-0.8416458909865454,-0.9159448019674303,0.3329579678891947,-0.6638987878962556,0.11582074200366894,-0.3917058078045777,-1.4330470648902442,-0.5516436255634962,-1.2309156718763639,-0.49632472618733336,-0.3748139641528259,0.656464617588643,-1.0038844584475182,1.8051918168748209,-0.974047422260008,2.7551703684372715,1.143957716482942,0,train
8.444945034353303,8.321420871556327,8.716597989996439,3.470265982683136,0.4254718754391753,-0.18268354715477383,0.9573121463625254,0.049521232541912916,-1.681679552449283,-1.1098794661389848,2.082023554398936,-1.4651041377063314,-0.9379827049977103,-0.25030102036415763,1.8760718376928645,1.5101086854153194,-1.6854150190115882,0.642951150368604,-0.29439885276024874,-0.7765359864844812,0.1458111103412931,-0.0219379566957885,-0.23900525957573426,-1.0301823806394013,1,train
1.4861243189769424,2.5483915261932144,8.021442772406422,6.815066769259901,-1.4515634524128784,0.8198992378571852,-0.23018459998739052,1.1460354767011878,0.24637796476253612,-0.3560746702112036,0.6046333480816415,1.430327046679905,-0.9826276615006229,-0.6555536348412387,-2.2345480851490302,-1.8136775392017814,0.7955631672370427,-1.0470586349741977,-1.9413905523538355,-0.7174981227931235,0.20049326698889017,0.32912608183765757,-0.7439773856693662,0.9139694404458081,0,train
4.51781591898735,7.280327570317172,5.310860262655881,0.7523573870111278,-1.2804618917963015,0.7631871347547591,1.1935568534791705,0.1628115413687225,-1.345826880703184,-0.3058253388866686,0.8286460120605031,-0.9183288203107733,-1.111873226713244,0.621863185762881,-0.23168894522845204,0.8660231783860081,-0.6702374420414443,-0.07260620623716926,-0.8813412379715343,0.6647688813373369,-0.9704243922416174,2.0939391500251565,1.207363464524966,0.6824165772796243,0,train
2.132017509404649,2.2724605572883796,6.024502448337082,2.1750717569681353,-0.9665961793408179,1.0545940705357797,-0.946064106255616,1.9627610779103586,0.578581823192,-0.04869611269854677,-0.8939926766602413,-0.12549677973016138,0.7469715287262765,-0.3849606973884547,-1.7481265369073353,1.3647346855946672,-1.0707286509525957,-0.52875179129293,-0.17504945596732394,-1.8582063856784983,0.10191652807228413,0.5483993111491543,-0.8038417198575386,0.4100417601969523,0,train
4.426774906583728,0.189763487683845,7.397183680095317,0.783823936619108,1.0778360174429202,-1.6408692267626166,0.11600886737507693,0.06305946357477286,-0.8336217116816592,-0.787656510277966,0.1917527420423817,0.8790722442643882,1.722425437751813,2.9369255219373676,0.8634768647720605,0.05573024604412915,0.8904374080544237,-0.23657214478186595,-0.7059108486770481,0.6661315302561222,-0.8826505684853291,-0.27158720461574004,-0.06932563151409661,-0.9096433893470818,0,train
2.284356732523439,8.956717520687219,1.5773462215335687,3.772852902606351,0.5882144472623884,-0.11545701636032034,0.7755220086912953,1.0408570459785287,-1.2289725823549227,-0.5309158547752111,1.9153519386201288,-0.355716555310273,0.006523927093816386,-0.8067993946031085,-0.8890193947846469,-2.1255132670658345,-1.6172661043954775,-0.9167844364719397,0.11873299891925114,-0.7541718466367537,-0.21618500772575266,0.25205726068509393,-1.0284278611585342,-0.3855438943793453,0,train
4.551477145313813,9.402079602479084,9.950905505313452,5.86314104067967,-0.9175870640468821,-1.5207063906444482,1.8459260685796859,0.2920637393597254,-0.08850736593807215,0.43929960171402144,-1.2780646176115795,-0.7399694722933763,-1.2700768539492213,-0.29621286880989833,0.5705078636646753,-0.6036518116063637,-1.324917247388557,-0.4279696837361727,-2.278255567334336,-1.303250200857614,0.1883574523815696,-0.21437585956939717,0.4528476096048653,-1.587961778207203,1,train
3.5014834346939505,7.205525024513676,4.295039584363479,4.186827107384187,0.26647868546097975,0.5825621510765245,-1.4210773814308548,0.7502823562731651,0.36148409357005995,0.40606299665816503,0.0033922130524714775,-0.07605320050550972,-0.49221641198544946,-1.4418235103236212,-1.2880746280794348,0.5416261216657681,-0.014489043381169091,-1.1891414807773255,1.4050321327878184,-1.8719074342469975,0.4765854312894468,-0.7859132819410503,-0.1673746735010231,-1.1316006952906161,0,train
4.497759778565103,9.751121397025672,3.8579997010217237,5.5616702529984,-0.9301788491626,1.135342660753247,0.04551744532886357,1.2130590092181994,-0.9204731334201389,-1.1398073166421456,1.756500755266242,1.0400627978693442,0.6760175057737909,-0.2838241838005802,0.5422830860190825,-1.2435966175447322,0.3136629431704093,-0.5688803116345936,0.21967978184979797,1.1575873640151768,0.43772364158508337,-1.7514094432906029,2.8956215256029973,0.08113338547396091,1,train
4.085250188657742,5.683524252900041,6.083061610720559,9.739324961165119,0.14196668444010274,-0.8725202101287581,-1.3238144700846866,0.1709721726540704,-1.1290201266794817,-1.3364729391669328,-1.0046792681103804,-0.02033022991043299,-0.3120082687459103,0.5555966765241774,0.47023920571984373,-1.7571648009633993,1.735201051792941,1.8252153040692682,-0.22816617029338257,0.36746636422291595,0.7294125849441555,-1.1721964703115588,-1.4076018495811335,1.0424681103699383,0,train
4.328739738995685,5.945292182205586,3.6621048292516267,9.06272156563394,-0.8138589776891939,-0.06709722828791324,-0.23293748759487815,0.3949933639203752,0.46514412937182903,-0.07799517819301721,-0.2849881834599927,-1.5957786384379498,-0.26661199206533204,-0.5141740156224814,-0.361235786180247,0.5790566110019034,0.67414920405498,-1.1072146613922091,-0.2256153650956143,-0.6264015249260578,-0.45555859355527234,1.047501844269183,-1.7528902779459132,-0.24881786496337585,1,train
7.531121665174471,1.7572319737581221,0.26872760088142655,7.630878410205902,0.4063270753009291,0.24745564728860733,0.5925771898658472,-0.026450100013920168,0.07515462663383819,1.5864421765884587,-0.3106625315844668,0.13676791351565978,0.8128534151721296,1.4847279273445206,1.2788732082687038,0.5513929077240419,-0.5860835389698759,0.009858372720260373,-0.523327273678806,-0.32071063308974485,1.2947860641191915,0.7123722755465013,-0.1439842210982352,-0.18340263145405264,0,train
7.535093151763458,2.4229446273067334,6.755510615853302,6.701667591536829,-0.6434646382135386,-1.277759349754824,-0.33625708997076387,0.8073541643287208,0.4533048378232466,-0.0065300521445276856,-1.1724431232740833,-0.8712937847471995,-0.5593669736657516,-0.15308463447460868,0.07397734472713094,0.15346706448372932,-1.6546951943714696,2.581429137144517,-0.24273435447198927,0.3485628607205678,-0.5862700678224328,0.7983696656642684,-0.28710995755074176,-1.850322733030064,0,train
7.533282082115512,9.199850418325898,0.7453075441970902,0.25816469526948493,0.32920970826462903,-1.2746747886669605,0.9302222528686475,-2.626824245986088,-0.8202449439460862,0.7967499171994178,-1.7719795287017426,0.7414587506529048,-1.6852740588572894,-0.9081470219554244,-0.24717938140698162,-0.48230605982871605,0.13284138171443924,2.1785433506071996,2.0732141072059345,-0.16790603591330597,-1.5880973336054416,0.5127184418773141,-0.15317523923192308,-1.6993275154488399,0,train
5.254719539403448,0.14268881324038807,5.697143625928856,5.845419488662081,-0.0024465870819636343,2.1185479869444688,-0.1360704613844393,0.8935198886778253,0.7434838652684171,-1.0119144963172697,-0.1212403535015602,-0.6796126848624604,1.6475335521879297,1.2526677898466168,0.06576696899826148,-0.5923729608803217,1.403209795110914,0.9600279420098544,0.3901062932539078,-0.9336730872732489,0.9093513285966948,1.0730458100842128,0.9402434965929972,1.5514813064244468,0,train
1.0179933956003884,2.0788103857800677,7.255138532053943,6.729179087784018,0.7312146964374749,-2.4711182669825478,0.08383730081627798,-1.5265584726107202,-0.2582226568876167,1.2107037412404233,-0.5072129231776856,-0.9150243048003354,-0.7290252433106437,1.260844420165051,0.8801917880228102,0.5175311486026198,-0.11040237902117865,-0.07610980631564757,0.5740720952184614,-0.5892638161734253,-1.3206925740943953,-0.39139391998441697,-0.43963937197181385,-0.5604301936337499,0,train
3.766229323264482,0.8548841388578965,5.509912510703662,7.513864834683827,0.047176365781314275,0.6430813867722351,-1.867339915942033,-0.4877629200051927,1.2510934897359407,0.8562633111202738,1.9142635041871332,-0.2664053218094268,0.32745714863926084,-0.8103703140555587,-0.07335148506936673,-0.8712815399492413,0.05126721375769465,0.09130362603587383,0.5418768651389798,0.5767751870590427,-0.936617125229836,0.33914355149258674,-1.0831715748081288,0.6180814228238153,0,train
1.7222080662128847,0.6641978517472213,3.148705072403671,9.76185544015402,-0.3551166082903089,-0.12442608137988732,-1.4519481958743836,-0.19903752983901105,0.23443863016220223,1.5090901968513175,-0.16528961574168693,-1.3256528724158445,-1.0080680198359877,0.4873146642950896,0.7222639144094548,-1.6659207250390136,-0.4683717596542641,-0.8649633912119127,0.6137245897879551,0.24111566695149703,-0.22854007226872713,0.5408197129736386,-1.00986729168289,-1.082400340358634,0,train
1.504025263975981,7.287271950719577,9.105672738648249,6.900651433345983,0.6150781775432717,-0.7055651997222473,-0.8804818131577313,0.6447784162696856,0.8326713051867789,-1.828794658379865,0.7044822651599949,-0.7774519308557023,-0.1240732347532932,1.291904992429644,-0.03052783919034645,1.6196635329533011,2.0500341515327323,-0.32137538165543567,-2.4687782798566005,-0.8395637589604995,-1.2650764180668947,0.9688634086552835,2.208804302816307,0.6668961419366958,0,train
8.921411636845376,4.233099892591618,2.5177557041193452,4.529294997532735,1.1013580648193981,-0.895069638716258,1.543174458940702,0.7928984562398692,-2.0107694045906013,2.3150911302381556,-0.6313273463108058,0.9373470140808685,1.4060127125163469,0.2522870202711727,0.24093817237653067,1.9309988783147363,1.0305464701305567,-0.408620948814255,-0.17909220912358953,-0.3363533521527527,-0.30126030309942725,0.48800179711198566,1.291930094755286,0.588294490878092,0,train
0.4530276015896506,9.589041178988362,0.1500511924446668,2.4752776583073444,-1.4181625707547123,-0.7157649586405375,-0.665204584280843,-0.6635720099430493,0.7340518575376664,0.18259117400028502,0.6120844413711803,-0.11925896442957,-1.430644089780118,0.44067513844638,-1.1300807786842169,-0.7906935081085595,-0.08797630735969712,0.4469891361424115,0.4040819600511619,-0.38124406313572706,0.4059733639313923,1.3911406143100586,-0.864492509592979,-0.46707866223673977,0,train
1.7448573225266184,5.241171726583742,8.335892476739495,3.433843747698251,-0.8607922174066538,0.11220972091656367,-0.5632502789565252,-0.10335654262367466,-0.3662561388472922,-1.546193496688799,1.659219113658169,0.09060696259627272,0.7527605508218213,0.06957990714426925,-0.13139791183720761,-0.8345623623278267,0.23510637639194118,-0.07203975645242947,0.8021085335029575,-1.542939055172003,0.11768689721307683,0.2133635783595473,-1.5485170293785802,-1.3997618038429314,0,train
8.399432731627584,8.691387796552963,7.485156034141701,2.58007607219216,1.5025193712630824,-1.315643978241914,0.3346077003625362,0.5635320913854929,0.8072114758928314,1.1396561273323882,0.3560756589353173,-0.4218082257908632,1.8495395836993287,1.0278468302191042,0.10802349381905384,0.8990302821756526,-1.254201336587438,-0.8785085402727485,-0.12006177095631652,0.44093262131694716,-1.619082335494325,0.9896044401144098,-1.1422869652828316,0.27512694221196193,1,train
1.16766634663797,8.879314444589749,3.2042920214719994,9.786459380230955,-1.8204271734464752,0.6963941223685423,0.7602147005876276,-0.8841568161420545,-0.6385886117685543,0.7281560847878039,-0.06717631929764477,1.3741421464405053,0.7688898127541893,1.6878025564049917,-0.8182466239103029,-1.5000786603610279,-0.9760354620934844,0.8624222054924394,-0.47397440972132865,1.176511571488555,1.9535661007416294,-0.17440155105110172,-1.0877693052249267,1.8349559084185494,1,train
7.88935403541747,1.9715693037135695,0.5141721012643563,9.515956146053426,-0.3270147306144385,-0.8993355195515,-0.04954475714263923,0.589743612473364,1.7086328886344273,-1.672037716033899,0.7598160082244333,0.9041608916189272,1.1117505552580824,-0.41220014862003745,1.6563927213270915,-0.6769444072963403,0.7604127761913897,-1.6397746058934435,1.1877799065286974,-0.3639713836230486,-2.4033578259541692,-0.21844209014053942,0.6372915885992154,0.8058697482702696,0,train
6.444933619583402,4.978358405014749,5.29559313397769,4.2167386530021576,-1.2839349670653373,0.11740597011865907,-0.34762053588390973,1.8660098576855335,0.03965479294248638,0.69186623826358,-0.2665617552413555,0.09047371974111938,0.3504500337357648,0.37336375849795606,0.6535897219636574,-0.8331587816971108,-0.1109571285402197,-0.31912527262201384,-0.4588267431197721,-0.32787338185448545,-0.6778637413071354,-0.07495411266731665,0.4105458025075096,1.2709606595026604,1,train
0.9044301346180628,2.489051911144621,8.479657504992508,5.245257791257597,-0.48617323866899687,1.5772043250892627,0.5444255899690627,2.5443888392732807,1.1429004739211663,1.0404963880987412,-0.7816334821879503,-0.03769912237146244,0.950221797412835,-1.2653142608518897,0.5138548800598413,1.8077292037916115,0.38784584536330635,-1.0488715884259743,0.41434011269580834,-0.14671386825340663,-2.278841961485869,2.0108334515908015,-0.9602589615924643,-0.0212121678312196,0,train
5.160853791113417,2.1346599051031303,1.7073131437038702,4.134284275983332,-1.5825775210978605,-0.13159396610265078,1.5106927963008683,-0.23405784588506656,-0.7267180590503974,0.6279712929131188,1.3738139968065664,0.47441713487308845,-0.05206750272589249,-0.8607789778879725,-0.8606305867020763,0.24425523256170523,1.0225218013031574,-0.08130492609648668,-0.048502348912363574,1.5837342397714136,-0.9747185308652936,0.7877301803085706,2.20940111851953,0.27493492322477747,0,train
7.122766972377175,5.776405022226411,9.05296734676324,3.7922212528340573,0.49747007598030296,0.5067395401233126,1.1845938131265248,0.7336711177326461,1.6116734251013973,0.2518028406743665,0.41535512673350744,0.18318706507566299,-1.1846644359472844,2.0202512933844177,0.11175909334836778,0.33877292008632914,0.6358757086471137,-0.1458509816065932,-0.9853059109739578,1.7117744611105405,-0.176175467394482,0.0056027450615149755,0.1064623372923976,-0.7205633410108709,1,train
9.181839150433921,1.8625126438517814,6.107010716160737,8.702847455361422,1.6867326011888268,-0.07115487804143031,-0.8042929308817093,1.607885322988861,0.32246120055949307,-1.0181939465560228,1.404938095973726,-1.3019667997825228,0.5779867568171775,-0.16262753594136975,-1.4008429151146855,0.45099257897572237,-0.43049974994105594,2.7199748468750227,-0.8768581651069326,-0.9456644708799702,0.09283109937383824,-0.45551777507358604,1.182188105245789,1.2441166284733387,1,train
7.8479769404345046,5.677023147170778,0.5881376507083047,4.614923307141839,-1.9641431048092488,0.3551962523137295,0.3714890452252659,1.4637756882981918,-0.23115952668800444,-1.06958977084274,-0.16156266811206194,1.4444883390065009,-1.3095716070570482,0.8417101768650423,-1.0327002905009603,1.2507144231663763,-1.7898584590738034,-0.020605911519300687,0.17870447261110542,0.7567214404285728,0.011604255860914703,2.1142742933785885,-0.8156516286801466,-1.3469871619356564,0,train
5.742392961432728,9.716597027595457,1.7933546363146824,3.1201789338138397,-0.979967781956812,1.8248115531343578,-1.132842570654194,-0.3650282493374279,0.8658457724236667,-1.5194549164152094,0.8629209722029609,0.003479583208975656,1.6034787776237427,0.6370896053610049,0.7800413988638186,1.5674581127865523,0.8698844992256396,-2.130723933356603,-0.5232892514791415,-2.308679222048138,1.139877904492971,-0.9864413036793583,-0.24260248542492632,0.23017972267340087,0,train
7.547083008775948,0.7359254806340754,8.96948292439766,3.259355131645986,-1.3112700054445017,1.0137246039144678,0.7213184490573604,-1.5889252910270113,1.560636436978536,1.7104218609909028,0.05822609781116388,1.417667929646209,0.8167619402524102,-1.1416302659194186,0.42569176827856514,-0.36141537209108493,1.2830173577149386,-0.428295757168938,1.828123580030862,0.47393435925091343,0.6875914968241528,0.2882813205447612,0.23228114400406252,-0.3595637184549238,0,train
7.704093491523343,7.621708106112913,3.7954605330250004,5.321171128065308,-0.46645180204121367,-0.5604929521179023,-0.400334274521048,-1.35900956902242,-1.262334602041995,1.8483806215683767,-0.41652092436587623,1.457211545940141,-0.644115755351091,0.5534771261368103,1.4842613219547303,0.9527827063384217,-0.02952849564026135,-0.6092720712934062,-0.576993766043271,-0.21063942071430897,2.9082122027054087,-1.0795646523637148,-1.1681292079926848,0.6207991497888677,1,train
8.397966546860564,1.7854570683828475,9.827594691005086,8.615500583287348,1.0219663840364885,-0.32524256718831823,0.8557223907019943,-0.13931577909523443,1.2647745027643187,1.0564486639317185,1.1715447390904612,-0.16732901993760094,-0.5351094372677366,0.5175964625605559,2.1334079640740224,0.16774313287950926,-0.10555173610651537,-0.8996971770166791,0.6512290355514293,-0.5259986553142202,-2.57059839712898,0.9666201705865046,0.5673646896620407,0.010671129918213795,1,train
3.3738800927900137,4.79515946448263,3.7735945773034008,8.068725121509404,1.6008247844092605,0.39089457471585604,0.8041180797300066,-0.6909436198914258,0.6130703377355181,-1.2838266705330479,1.4265700251262579,0.030262389363542377,0.7997444919846536,-0.8587834789393073,0.3105454541878945,0.4507336715289826,1.0526049592971793,0.5684661433814489,-0.22469941123040152,0.855130603361466,0.5862711494980695,-0.6858220188659574,0.17509054418103967,1.096297180961253,0,train
7.616857296937807,6.265121416678198,0.48445186747962166,1.0687616228658758,0.5201711173199205,-0.7630969800595214,-1.0312727312718137,0.30199583007944736,0.2683071396842662,-0.6788369257589161,-0.8016009302483867,-1.0029321258515944,0.23000468394316095,0.06263729437440833,0.6430291729835997,0.6043616436796014,-1.4364341389269244,2.3167669599501703,-0.2189859068905989,-0.8223161449936921,-0.9120852082917926,-1.2021074944813368,-0.009090824442449814,-0.06804274944775432,1,train
6.245152229831435,7.887378322474017,0.48501671873644403,6.927573172065661,-0.33638848795997917,0.7367173793332299,-0.3565276382489609,0.9728509290044735,-0.9080767686699632,-1.0193035962909178,1.0362617361950452,-1.3800741843544457,2.417313881897932,2.4687701770280714,-0.807345433766605,-0.5914075618416162,1.271251730181103,0.6817147874064198,-0.1915098034893149,0.10480735718145123,-1.6414176446174484,-0.6052426910214125,0.6284737344781924,0.585668091945771,0,train
4.942304689725926,0.18551906028326237,5.535050605037968,9.968017511185618,-1.0631168038874352,-0.44820359842843,-0.5952463940988567,-1.3035954992627736,-0.8912528555506164,-0.9400265526743926,-0.05203744710411758,0.601495453899332,0.22449288540176204,-1.4584130432122508,-0.7270702221980386,-0.921488086234607,0.1343655647506152,-0.6236612775675408,-0.4976299598465655,-0.5083087426944544,0.6464766240454589,0.11379119701247127,1.8817779761597202,0.23045984329539407,0,train
0.6043074452982033,1.0092412427684516,9.1500795009134,7.988738610813551,0.8639207810054826,-0.6695126885905305,0.8268113900559146,0.8778394149343389,1.4628165236856876,0.517967937686434,0.07596538580160904,0.5579333489993756,-0.49531516042598583,-0.6480846338919936,0.1415589677729293,-0.076750089167004,1.2767505130407089,0.42746547907051113,0.01072569229010109,-1.3773513042837615,0.2881514167399885,-2.8019998808529945,0.9418300480480487,-0.4609994840900143,0,train
3.605945149751446,9.62280360972481,7.8752805207876975,8.103609197824124,0.2046290404984875,0.7868558670179155,-0.6712726911507529,-0.012346185088833433,0.01874972041696568,-0.8195443891613181,1.1691535563641777,0.20317684774588368,0.02408065732971079,2.66399455836737,1.5816032943988343,-0.4355429930548355,0.6246905381805746,0.40143785310479124,-0.7699335852162018,-0.40532612774550986,2.4448385921633586,-0.4023848622084514,-0.0007933370109524013,1.929944161876748,1,train
5.4016980115962845,6.251580974252412,8.640152430738583,2.437298946164187,-0.33049560466126054,2.212951493397971,0.7437251913020999,-0.1966621049990604,0.3739951314012138,0.7679051049598262,0.9265731871066427,0.11327219243030366,1.3310185704600372,-0.7746088294757927,0.8549013665033058,-0.2156760710911376,0.35924362645647345,0.2799928175224892,-0.8553315134915327,-0.513006946865783,-0.5561591606017783,1.7815123680885865,-1.7502653482387005,1.7794988363055126,1,train
4.2743349591091935,0.8193047402228681,7.813083969301285,5.105611707147912,0.8863433452449324,-0.08757586957748621,0.4219419346419871,-0.49367120042133406,-1.3030105431959755,-0.012959377169180856,-1.6382390393039006,2.4164248186005586,0.16619695856455538,-0.8317892011088913,-1.293357696655465,0.7614954188160099,0.6304598271200837,1.1688783691230784,-0.9851019908845683,-2.1686390115413605,-0.5281774471661428,0.17021406500582828,0.3804165925083054,1.6771683976719916,0,train
3.2681305330466737,8.52263054779373,5.289996008900272,3.711697925946985,-0.08610900798169806,1.1087740111670126,2.080620174978429,-0.4831879241271185,-1.0715924320620347,0.4671860223915665,0.3033088961555924,0.03260955592425272,1.1301520751310177,1.4199667949257677,-1.0573438079472837,1.1230926583387975,-2.296627321310433,0.08085648296199541,-0.4700896492174897,-0.9929457386090227,-0.35521889684505376,-0.9717885801915742,0.7156234639983861,0.4074674000092005,1,train
9.798674515106594,3.8895003615617973,6.300504733590416,0.41191762008303323,1.2917787790884532,1.1433960446696902,-0.3539709753029133,0.4891134819572398,0.2789242978034585,-0.5646707398190266,0.15150581404376515,0.6412500744602497,0.6340752550139129,0.23655284879192123,-0.30792819186316256,-0.627885296890428,0.08191680966022158,0.7782192651469747,0.9190994811420339,0.18712801843787324,-0.8607127901627563,0.04560121268050199,0.1591810659864213,-0.6620545107483414,0,train
7.040207808787534,4.120822343012671,9.765903536833493,5.111072101604882,-0.9843941991884003,1.9089644587210548,1.2418254757671376,0.08133047935685725,1.2087356256800579,-0.5297917207266916,0.8156695610619078,-0.5801129029187243,-1.6193488930688968,-0.30782372236008243,0.7768050786973864,-1.1808869353768559,-0.6501869025434868,-0.3014353473203549,-0.8878504995780953,0.37580758193208996,0.19331390029464945,0.5574701659288089,0.7159906247054465,-2.9666895327008773,1,train
4.365183412467876,5.61424282719987,1.5452899553555222,2.578506450767908,-0.3929615178830569,-1.9855838913589685,-0.7649855247438475,1.2407270428824027,0.21912331847400487,1.1755982128637577,-0.2453708719061239,0.253171363890145,-1.4915045922378316,2.2007707925961246,-1.0580319058170045,0.5690085814252839,-0.11407521013503638,-1.2082617179706294,-0.5662383025051062,0.7732208221418009,0.5272288986106792,0.9920017955863387,0.9432067614095297,1.5797684997156785,0,test
1.954213266744036,6.379331580022712,7.815625163871811,6.502343892812883,1.0999697332237894,0.3265836552671677,-1.6303691231622106,-1.3061484420950775,-0.2987217790302263,0.9703864633432056,-0.31242347210006577,-0.5337822979740581,-0.4128295032420691,-1.5249784677482907,-0.12505163935395075,0.7768358491214662,-1.136948413806092,-0.5293831193554774,1.1569574687213662,0.7968328614182528,0.3262902427274601,-0.19155256118765607,0.3695801372304383,0.20221681865362626,0,test
9.574527820548642,0.16075809848024702,8.949828356888942,5.826292127967819,1.9155108019926004,2.099668152009275,0.5553750194079751,-0.49910223245394403,0.14168741753072167,-0.74296474011611,1.6554311239881252,0.21721247252925185,1.167447982562756,-1.5807213323644058,-0.9340034035940922,-0.2961832047972535,1.2131926719687498,-1.5774652718859714,0.5833275407295301,-1.4878186929986417,-1.2120870274312112,1.7667311369550196,-0.93064755712295,0.9751428804616253,0,test
9.886258864704029,2.959539761975768,6.41538837520609,6.0383976592632935,-1.0124609675791836,-0.6966003381623599,0.018230535191643395,1.3042893341784951,-0.032194356248478447,-0.7491449177527882,-0.09079023195505759,0.5561554344518019,-0.5661156880672794,1.2387040151644038,0.006050250345131422,-0.521689743014741,1.6438293838506852,-1.141954547775053,1.6853093965673462,-2.3566572365360994,0.3495284201916164,0.1740142286294567,0.5436125510722328,-1.093635428111282,1,test
9.644010776400094,2.1223695185576386,2.6279329025488254,9.44085962764912,-1.144575761936023,1.8280182765879216,-1.0980180503683767,0.9381875341945266,0.30751657108403274,1.719119251395564,0.7104421528560028,-0.028434614846508294,1.4155218301513524,1.3535523846910469,-0.15441577344712343,-1.5514672258739495,-1.4063577115543675,-1.232256566653313,1.1918658339640211,-0.20012798894592307,-0.9786009628141691,0.8939455687203988,-2.330990316781816,1.690100760845808,1,test
5.896461576571754,0.9804861086406136,1.3774303883656125,8.806815018031635,-0.1427870654757497,-0.20424995926748493,-0.15807443848800018,2.0186961488787216,-0.7014916844196787,0.22810806558116378,1.3751360974943827,1.1980554864039323,0.21796559063128498,0.21714818456922583,-0.3851870426498976,0.554065584737604,-0.12174593757257497,1.936542726443569,-0.8201860843949514,0.7531757883079663,0.29931347848452283,1.2328864520669005,-0.02823395305593749,0.243306913931988,0,test
8.154660191333814,0.2581557689073455,7.909840802725675,5.737958935912944,0.8627257649619503,-0.4362562525284652,-0.7543296879117974,1.2807912851955259,0.0341679978348181,0.4331137439635697,-0.14789021485554332,-1.7490008479024644,0.37760925637486,0.856325436693148,-0.6283727998195584,1.1739389780646996,-0.5146269725872119,1.76441023742391,-0.4555432228113881,-0.8995403147581622,0.24033297952488486,-0.22148427706097853,1.9208462193638023,0.7413130402265067,0,test
5.200047650901705,2.6648440335799792,9.6879273869934,5.6588780052173355,0.7679093504292709,0.31442640082610857,-0.34082515482551706,0.42461904600719774,-0.6144825010265627,0.7242491817953289,1.111934754234415,0.047449666118097984,-0.4910420861478667,-1.6248192931202714,1.6522035109644833,1.6582291648315666,0.621187169387731,0.351421334363787,-0.5185873913616452,0.028929595318358904,2.2343599518780075,-0.18334691642982304,0.6429906390560916,0.6503396724722211,0,test
3.505910318853769,7.906041900678735,5.478871523746233,5.794342416195142,0.7106829129982988,0.21587854628931255,-0.686354412882037,0.49010421978306673,0.20070374967803062,1.448686110341175,-0.06065350298957457,-2.475101893711207,-0.7176296532213279,0.9321801342183448,-0.5780308518337292,-0.13560199912507392,0.5524428979046881,0.21011391567694343,1.6966775843664235,0.28450310304401494,1.3137334680284039,1.7168711778933887,-0.5495328225694811,0.25263310308779463,1,test
5.357132487643278,2.4909711754614303,0.14611219698182243,0.44116909762811574,1.122168440178363,0.1467415865952722,0.21996007587609076,-1.0675321105111066,0.3383780397478174,-1.2242602431460547,0.5598269436586233,2.002611830274152,-0.9369355440447649,-0.659109829113082,-0.8215706424117291,-0.7961590986738291,-1.4082990146987746,-0.9129855907751487,0.9168991923837574,-0.3646902739786669,-2.094536065873413,-0.5003113924763154,1.1324826190119692,-1.3333082023720573,0,test
1.9502215478841123,0.6488596965590387,7.674468363868211,6.821621842719194,0.7474702032663416,-0.9408294321229382,-0.41511901415212704,0.6905071755174954,-0.7927545969430357,0.23746586182568324,1.9091175094978505,0.015612264292854923,0.30917603877616984,1.8274378959383764,-0.7345746207983805,0.2315646625994119,0.13314898761867694,-0.29115399304158524,-1.1570516741384038,2.0300190144580403,-1.5427484730677687,1.4287289229674955,-0.42924702414555754,0.805050103037211,0,test
8.396495818012347,0.3198178614080882,0.605967339820519,5.346558247188421,1.0235627079598413,0.14261342118095438,0.4662727863186651,-0.424790037686964,-0.9592833604366855,0.5328211616874905,1.3360175575583535,1.2353993249870032,0.7648104201155369,0.18785011844623536,1.3777392005473958,-1.0103139318916707,1.520269908342913,0.3882607850376423,-0.3728996200755343,-0.5773472415299075,-2.022568980951684,1.3080642630712165,0.10398285454571114,-1.0820253627803258,0,test
1.6690450441400007,2.1017922511917497,7.5599410836404175,3.5180600148473404,-0.6116027604729497,-0.41590178178304027,-0.5645428143212784,-0.4598649785354229,-0.4709613735890741,-0.20736123136115192,-0.7680037823645467,0.378460381209231,0.4883292025757774,2.00550003749816,-1.1815821181192998,1.6081743236533264,0.5450546526178428,-0.43718160745292395,-1.8360072767884168,0.6982507319966982,1.603196308473527,-1.6445386364201555,-0.9705768022141981,0.8698600163320633,0,test
9.735676076835833,5.137739427321531,7.003446391051583,3.6940117752633093,-1.346457106951113,-0.40609453520997657,0.7112870831573279,-1.9080172255659404,-1.099434802938393,-0.5226476919899987,-0.002616609135563616,1.9614472792420439,-0.1233609864421235,1.5697645950962702,0.31565731936557473,0.9893651940959225,0.7727442508192961,-1.1308889741080836,-0.39400206367743834,0.42401247825602173,0.2090160754407949,1.0545590427586269,0.9545297871329601,-1.337355582045493,1,test
9.996670421193459,7.301898041147226,6.763934662840888,5.8019034392615465,-0.5575855134725272,0.6426878879584048,1.1692312502045452,1.5374269823750368,-0.11524406284673415,-0.5090407994188049,0.1618139293452951,-0.12079503376599825,1.1126185073844528,1.0477153382360198,-0.7373297973079587,-1.1698787916738753,0.6262855053932719,-0.6227296660658607,0.8937334284173104,-0.7306787302213058,-1.2854041639853866,3.70073742346386,-1.4111151121760934,-0.8853792165802824,1,test
8.951087690325213,3.6645999751376945,4.377536077625842,6.716972203570734,0.5876847736907624,-0.7475409408181263,-0.966963445952636,0.31447751638915256,0.5612134928065469,0.624550201886143,0.9065814707849111,1.1722329616020244,-0.8661637396800037,0.37068709352691487,-0.12163858355505465,0.31304419977253467,-0.6213143730468778,-1.3755945060017867,-0.32623684258293917,0.535290924132559,0.6515335743142279,0.3637412223911163,-0.6906481333959824,-0.2052545248027938,1,test
2.254764373799941,0.4433453843788304,6.342371295534116,5.84654736852354,-0.6875036523703855,0.6354945861666327,-1.4324488952764571,1.5444047105096197,-1.152833094118078,1.225932635184666,-1.041033823067168,-0.027904108766528598,-1.9483361606266305,0.9756123114718958,0.826545128356835,0.8114941234906862,-0.21245927475210452,-1.489411891202784,0.3879832029456202,-0.9994642598578015,-0.4226257194560701,1.0765909425812075,0.20230444306025452,0.6630781059777422,0,test
7.71391246004394,7.032828118962843,6.588360461899812,4.449399782585624,-0.8387046412301802,0.5723812095984325,2.5370139027843743,0.004224412532503675,-0.3509171285989303,-0.12828053367981312,1.685806563444107,0.26720919673133203,-1.3366999814459002,0.2173799808211878,-0.6218454306497169,-1.3557425923184347,-0.08405831516341984,-1.7790749914568451,0.31181748347402405,2.5227338597898936,0.650161380164032,-1.0784262410270622,-1.1076460056329662,-1.3774835151559495,1,test
6.937770980111325,6.076591910507416,3.692158498692537,0.004807040893991532,-0.12219501670934714,0.6909026976388745,-0.5137741047778713,-1.808655118934693,1.7069613120452942,-1.0501876677749757,0.8855840381469869,0.27879599644210956,1.3815601602979446,-0.07559014938539013,-0.8555815131580352,0.1933188418923607,-0.9314223070566977,1.2459786901612295,-0.02486216385080211,0.7979291723695087,-0.30142558285602206,-0.2822305345430399,-0.7865283238503977,1.8241056729688307,0,test
5.789329153689934,7.1529654176207815,8.205414516914884,5.172236972947909,0.15516081514436242,0.13155818660740273,1.4830717092641905,0.09420596993455364,-0.3095845281637912,0.010143842581166967,-0.799102246873412,0.3986610838347505,1.0942622828380013,0.28800700564717396,-0.9112779497363026,0.24795669721557348,-0.98834138098854,-1.919655288637491,-0.543488293678712,1.219287063593567,0.7355652580150516,-0.24505302015722263,-1.7649587655185084,-1.9510735058801614,1,test
9.631598788948285,1.6132477199176998,6.772747076316676,0.703295373806454,1.5156386194889953,-0.2571937064389536,0.9718795827808415,1.5670414199817209,-0.27235593610212705,-1.9148722334713708,-0.49509746344043903,0.7047687804373495,-0.8435767708443901,1.2381607026837225,-0.6894523491792413,0.965951349986982,0.22933918943763587,0.8864157290867185,-0.8860853927969298,0.9529060080593519,1.157446339252729,-0.5529986391937994,0.33802813841333434,-0.1741583768986733,0,test
7.239497181550892,8.005302363992811,3.744308693206604,6.17778608011156,-0.6353750328089861,1.708160836375601,1.4069891763815878,0.3922751769322358,0.46042820448512717,1.7652167340765297,-0.1961238126139613,1.1857725722599217,-1.207261686581403,0.7379568455632308,0.08513729360614272,-1.2428823755645149,0.7563833988544393,-0.1682810608631516,1.3355256262723916,1.004818389575546,-0.2146566118175114,0.8106073045432047,0.2705613092543706,-0.28762356316872456,1,test
1.8744904435700105,7.92564439703651,1.5535487808276593,4.203263879654382,0.29092047084244893,0.29680583549147876,0.7345011225118312,0.7250251290225806,0.9350292638162186,-0.6735235276850627,0.38486459567258596,-0.9762890585480465,-0.22576529453883765,-0.7372482112627028,1.313736633627033,-0.8968360834853067,-0.2888008164351183,-1.184116860021999,0.571230653918132,0.3510358690585491,0.28983998477792605,-0.6027673389718008,1.2729901805603554,0.753672472226326,0,test
8.205634639418413,6.267693690453284,7.009397504755195,6.016243674448148,-1.6945324230545602,-1.4363514404288331,0.5846642553227575,1.6514306902141729,0.47491635816488814,-0.43923349509588033,1.089934646230658,-1.55234688478672,0.9060378706043662,-0.4664856727511328,-1.2190142960575612,-0.2789903436232784,0.3372124169361745,-0.9186281520604339,-0.0034918111545163377,2.2243419632530967,-0.22055463741468814,0.057598202625991066,0.05458815115085266,-0.34106684973072604,1,test
5.436633596756004,9.334418055009259,0.17870518357024467,8.363918730000746,-0.7867276295085259,0.41309548009160113,-1.1421025144480608,-0.4894672714989329,-2.396192991818802,-0.2168286766923746,-2.1164896298719693,-0.09824514196175099,-0.09487360880596747,1.0924855216221172,-2.1491464682468466,-0.31998038138120505,-1.0868820365668013,-0.617594727774335,1.6665576825183537,-1.8659968542399366,2.428307011576581,1.7594165331741596,0.5448199195975401,-1.306976135496592,0,test
4.629093207805565,1.0824287506346508,7.018087923121379,4.109445529403946,-1.4007671755710336,0.7224791296497586,-1.426517536949234,-0.038672629130213465,0.8910105058488147,-0.7152547825507697,2.0596235177770152,-0.340404363893465,0.6036263249575851,-2.0133899028492372,0.7859569189696436,0.19041586122299456,1.6905988680392896,-0.3239112104131217,1.3645637877708705,1.4215136344736972,1.2794436829384368,-1.078446439273115,-1.391701532921281,0.5896420763679951,0,test
3.363184070923968,5.201494764183589,5.083102044911839,5.65810574251569,-0.5334450624633494,0.3546105058721008,0.9407747302361238,0.5069127755050227,-0.698690124102451,0.40936246283794636,-0.4760539324862899,-1.257448747712857,0.8618249815092882,0.5002803550382442,0.4777127451014867,-0.4536126678195696,1.992810820427137,0.44788389964720227,1.148200077674473,-0.9333352965977976,0.8871388545037482,-0.5089233668135184,-0.29762737473406603,-0.4987945780498582,0,test
4.22341928908015,4.062127222217776,3.984939030845017,8.51608439729384,1.356978701426745,0.49375794061299494,1.2257011101412023,-0.7633675080507182,-1.2928224588528254,0.27180036880282976,0.5936883712254786,0.7660775424816535,-1.7961335916281207,-1.164125261341509,-2.217458958842073,0.8784010029584955,0.6056429540277877,-0.5631501588562231,0.15725694025613704,0.5895371057903763,1.3722394934589877,0.5410489704994993,-1.2857445638369431,0.7355109694973644,0,test
4.294937409172443,0.17231121050186426,6.539406921681334,0.20611988447837293,0.25460763549924625,0.12825464237585307,0.5377984086965927,0.6820863826019063,-1.133111436673758,-0.11905994552154106,0.5340813209098285,0.5588362232300137,0.3957464509971984,0.710362223966095,0.9597942194526918,0.2029166805084319,-0.17957774583710043,2.0493814299955204,0.06929334092089391,0.907613347067733,1.0878874155509946,-0.854982836392638,1.3293652204148736,0.915284270962227,0,test
5.837390596703235,9.462765363895109,0.5531452669767323,5.773378608782772,1.0726654481422224,0.5822916092227501,-0.9814173704638519,1.7209039156685528,-1.6481760054929062,0.36060957664204873,-0.3627436027467307,-0.49664999772173546,1.1447836185068465,-0.009546618821403837,-0.16279814634242054,-0.5521063514213156,-0.6769146584081903,-0.8092184559016249,-0.7838061126031972,-0.6618788988616037,0.7376290730871409,-1.1190890268359512,0.2559105767859358,-0.264173227917722,0,test
0.924335673320037,3.869250002574376,3.141734663316773,7.393466741841119,0.9245690763901441,0.7505436097182909,-0.30821472139164,0.48960754030218756,-1.2302224057098334,-0.13200442400824197,-0.6387114768661661,-0.25886068243586213,0.38001135526346197,-0.18162663638455928,0.29286204580124514,-0.0801404659957593,0.8109981914579159,-0.14520533918040482,0.04342514930859275,1.312698961441199,-0.4509880398707975,-0.05158957654408294,-0.3381056487854684,-0.5226293289718638,0,test
9.994733319997142,4.78124855146365,6.340873596422552,9.525399776536679,0.9291426309611547,0.6651012203922498,0.43183576064093804,1.114580248634644,-1.3370432615483612,2.1023439667409463,-0.45030440994112736,-0.08678744769269754,0.45635688705165334,-0.9630323155441407,0.1868154283268168,-1.0877500608642667,-0.5555368541899321,-0.8849211145862529,0.6101784250255972,1.213373894879935,1.2139440495793947,1.023005392174598,0.08546828574123708,1.4823126163059561,1,test
3.271322482228798,9.869185754469015,7.752742922039345,8.57825465064903,-0.32912098246728394,-2.341623257721445,-0.49731406955524826,1.082662405096902,-1.686655181798301,0.17597044858224678,1.5339804409242601,1.1113672345121803,-1.7302951087216674,2.4808796855446995,-0.8316934455576769,1.0260950496589927,1.0602582405061405,-0.9682329437807174,-1.3254657526502662,-1.3739322276772992,-0.3439839420232967,-2.1112369290455355,0.8082806263077883,-0.33485392841514855,1,test
8.660252862991758,4.831697122284341,5.405504284270956,5.947081070138358,-0.831174814194716,0.2730547847953614,2.2724743564791012,0.16136447577096905,2.0795395486575736,-0.31322611246819265,-0.1780118175658605,-1.278187704163094,-0.3676226804206887,-1.141421839898309,0.06173061563748783,0.6898263603723335,-0.6902662044248487,0.9495993040929686,0.5089243937277779,-1.0509399639864387,-0.14759655507838731,1.1946989737541274,0.11548937577893426,0.924418760048122,1,test
1.52094121023997,7.170058607431693,9.854906314990231,8.027425433818747,0.8051509656730375,0.4108423649271647,0.3697420055505166,0.6564765480647052,-1.869727191785378,-0.3586855584092384,0.11618682243182435,-0.5492614919252417,0.18592893743635616,-0.3305412126247478,-0.89082920104487,1.9730438093793177,-1.042437597777787,1.4810938122530304,-0.8714465345058456,-0.6515158901265615,-0.20478775756853881,-0.8293192604715967,0.012138560509872899,1.077030387005686,0,test
7.539283379697345,4.96392399676173,1.7358774416455225,5.646474194510284,-0.022496267680067586,0.9631956492173501,-0.38969798667253464,-0.12474279974252533,-0.5036021162148699,-0.7116657624286639,-0.6812821042955034,-0.12882541099574282,1.7289180877802979,0.3862534235989757,-1.624224705682757,-0.02834802978307082,1.135552940594148,0.8542972615811641,1.8376253197213337,-1.4924204979990723,-0.154044102039201,1.020736400622217,-1.313419753933673,-1.9032711949030643,0,test
4.216125666791131,2.6500307426114276,6.757777025513634,0.8399078210969169,-1.676758687656781,-1.2156524626606398,-0.133457194600741,0.06268476850305582,0.6971954936145944,-0.0762719879317594,-1.0087626153254492,-1.3000566215277807,-0.8960225991511924,-0.8412938870935412,1.9424051520087973,1.4689000499318758,0.32921031350254787,-1.0752915825709606,0.06598634511830323,-1.5503195061582762,-0.20524940413685575,-0.6869745742949926,0.04379675260549564,0.1153286498512011,0,test
3.8712803943123433,8.646140504190075,7.402615107480754,2.172261421677283,0.676087646079361,0.23269271896848057,0.03155684810367423,-0.13343192894854067,1.8000974559534964,-0.671187673220569,-1.195281529014253,-0.7945387545907788,1.872651346600621,1.5683022363245975,-1.9992419223176354,0.1253682901898545,1.3205132880452615,-0.5556136302158982,0.6777382084987643,1.2476436492859428,0.12695634993324756,-2.3147738068817754,-0.8035944895933366,1.9209089843082015,0,test
5.291700381640587,2.1335493781398207,0.3786433052927285,9.833509114602592,1.209675029110039,-1.6886282126637964,0.08180869577045494,-0.4658882588630934,-2.4126301083290715,-0.34369400245288645,-1.579165595867759,0.6002201783418665,2.398766609211516,-0.6642013319326175,-0.12911191401160937,-0.24727928917210087,1.2412440257214492,0.18819304540966353,1.198767211307359,1.740603743130697,-0.42466470757011976,-0.7281599365766508,0.4501211504983727,-0.16319965867540132,0,test
8.623357499595622,5.233268835389481,8.901486692165735,8.696259587092,-0.30780614938067086,0.24554424251046966,-0.013523441739468766,1.0880440981149855,0.2769941771592554,0.6947454448325625,-2.0411648617132885,-1.7186197084048986,-0.06313027356269321,0.6267781452583033,-0.6575157007374807,-0.7709440700698305,-1.8699148256159863,-1.2351465114203373,0.812668191980569,0.22012320125928247,-0.07643723935915488,-0.8163308915970696,-0.5275838052049439,1.3001570123752306,1,test
2.4745153082005764,1.4308038179339377,9.367846662465288,2.589085839024603,-0.3446661186269655,0.6791212972361633,-0.012694505523837402,1.03009873628813,-0.24921499208364345,-1.8191893406498885,-0.45307210772080586,0.6201005338650776,-1.5886912001685682,-0.12658925101028212,0.14556188073806223,0.4688228419231484,-0.6489607041187435,-1.851205669364702,0.39374619918763354,-0.25681956543761125,-1.815252512607674,1.0649364499130056,0.8775201550721358,0.8874908789929555,0,test
5.373659383086179,8.63249845523067,7.935339461580454,4.14161607905081,0.0620185726961787,1.6637927375050725,1.1008825903428325,-0.2995684812910388,-2.615318242990998,1.5976388747295223,0.054004233023693546,-0.40154447595416326,-0.37057767795946434,1.4729380153744063,-0.009745804033467843,-0.46884594188767964,-0.596326466279603,-0.10777775641571027,0.062403268958043955,0.30295932930612224,-2.5368058652554155,-0.17306356600504244,-1.2615788349966888,0.49034625676663895,0,test
0.6803522324494571,4.055229550394302,1.3900166364841104,8.801932797898775,0.7886880936282136,-1.5532669308700684,-0.7604521233521626,0.002058475442223847,-1.5901326034197072,0.8825671037495573,-0.3881759856929285,0.7375719563740626,1.3472569919721402,-0.23609662124098335,0.11329996521649502,-0.7317743648868077,-0.08138869598023732,-2.245759322289735,1.650236104777003,-0.9034814362084518,-1.4362029195687085,1.3473355587259273,0.5667533836267432,-0.417349931223983,0,test
4.075577655542146,1.5206577648923647,3.270414614709116,5.589081302657447,0.7821193174048398,0.9288122337864084,-0.9133813413536365,-0.7570113209491339,2.766790929148266,-0.17414702413786434,-0.5605100473325606,0.17429764994162317,1.7486241529231932,1.627643899395477,0.9771928673489768,0.925556737097141,0.25429955870453064,0.1207978309227199,-0.5126957038401116,-0.5458562239934905,-2.3877713373720453,-0.40904145070702147,-0.962953543785706,0.6195781674290881,0,test
6.76118387562898,8.243289296412676,5.364265038714725,1.9273199408970354,0.8751414475824322,1.3760568806047977,-0.9893015343625658,0.7926682528805573,-0.2364055350835363,-0.5684914263655623,-2.1144569934003314,0.2857905945493289,0.2607492972408465,0.5848187008699793,-0.5839898899769803,0.8895175262272851,0.16792742489244983,0.419433980912501,-1.9904096098211395,0.49782106009224114,1.2177909977034025,-0.9895579623606889,-0.9496809085202569,1.1428704063305857,0,test
3.7475448657679955,7.399702815192121,8.947667409666654,2.5832994657559016,-0.5651869066489142,0.6236408960574031,-0.14159535888969527,0.47750543803078854,-1.1366959293142929,-0.08403814159140233,0.07771657096933982,-0.1455867790272932,0.011494989749821792,-1.130080337869281,0.7125732399562131,1.3414482055586125,0.928041719239135,-0.41866256855871214,-0.46637512309013723,-1.424885195117863,-0.0736152711008996,-0.6488033989118901,-0.5914514052981099,-0.9179448672647321,1,test
0.4251619073834767,4.690723436252272,4.451909294680499,2.84896657102549,-0.6373883428360798,0.6124439681559942,-0.38817490643623703,-0.43419977683338085,0.2769522114603066,1.952414518503655,-0.3210413127524775,-0.9249511120852602,-0.6235252865912264,0.8507782504960328,-0.07770709707492039,1.2957891887851443,0.902053920332626,-1.682849020170183,-0.19240648636049162,0.3170594739686264,-1.8139503373915293,0.10413117909096985,0.06958826563730712,0.010906156350146582,0,test
2.297242109111398,9.917752563991137,5.634263725425683,5.245463367940724,-0.8468455180697285,0.19376573126543567,1.0769693306949708,-1.544036281083686,1.2509880109033962,0.1492386487356274,0.2915835054020564,0.09936173845134787,0.19078538524118055,-0.779586603264854,-2.27767026850489,0.781188378045258,-0.78907598293969,0.46853106452792115,-1.7758840953173358,0.24582284156073717,-0.7253078027564657,0.24642807475649578,0.6510222633233668,0.019195687701219467,0,test
1.7772458168680727,3.1222066602385956,6.440997491836401,4.831270678967579,0.4918062722539054,-0.32289408109768303,-2.149976053229375,0.282668043393839,1.6753545202158,0.055182363712058945,0.25226194950647884,0.20313982154288893,-0.21200739025305385,1.491962310886498,0.09357187217177956,1.063672338859996,0.8608827524397639,0.4489900395880572,-0.13290826498601882,0.9274904890631143,0.818881383616625,0.809494628067381,1.3467970363347797,-1.1615591167574433,0,test
6.004375550837349,3.541078183054074,1.3626074469021554,1.6550633014683735,-0.22296141831571634,0.1160846836095641,0.03519541806467443,-1.156820671255369,-1.436655413545534,-1.3590289225031136,0.3019397362506887,-0.250509536519098,1.1076893546478828,-0.5503353125129815,-0.8295754771963678,-1.1409919947943803,-0.2806548141839769,0.6122001019061113,-0.29453124839195505,-0.7849500280338879,-0.21339400536320458,-0.12281691526068163,-0.47636691696568284,-0.26451516573224615,1,test
4.557066792025967,9.044076698499712,2.6656348236423497,9.066766218568597,-0.6353470093739262,-1.489182644191564,-0.3161938246085538,-0.31536419612192296,-0.07526235303302106,0.15252831849274023,-1.5534231763253419,-2.0090144912462913,-2.426478623681213,0.12098139782135536,-0.4107625790883355,0.798277465678967,0.5303187779340207,0.5006185076286057,-1.416653898168911,0.21134080978232858,-0.7073701038866252,-0.6208304170752487,-1.6683635894154516,0.3765385410684067,1,test
5.343168948778301,0.6895014440663327,8.343789773786487,7.563729231644868,0.38792650235284565,-1.4630777196080351,-1.1820113186007533,-1.1954701370983345,0.2577735016640524,-0.8683118392680187,-0.3274265472543628,0.2789875231879325,-0.13687350851707245,1.2478996909037448,-0.4882946588005707,0.08807210750778578,1.060655169073783,0.145366875168692,0.27948023633470476,-0.6513128679587389,1.5351789807027698,-0.47730515820941843,-0.6747842520910746,-1.0566063107252295,0,test
5.782006497042056,7.804818506097755,1.5373068068886575,6.0543230727336175,1.1390391086930631,-0.5670228912624402,1.0228619243153274,-1.3068435511582903,-1.0353046244621102,0.2740097744908322,-0.35600623460197683,1.7602137304828944,-0.6327403686773767,-1.371444671034281,0.19296814896202755,0.8782974524775973,0.8200314210769353,0.4894997810561302,0.6810440062042541,0.18645697066886838,0.5127511748258369,-0.13306838118873124,0.4237042208713525,1.2054107341639064,0,test
6.766476404048289,7.35372550138999,5.731506174197616,6.622159941657447,0.525602816092122,-2.7059019258615344,-0.1672481210972283,1.6973634330069238,1.6490549591961925,-0.5570624448765932,-0.7514547339923987,0.41188571988114203,-2.0988585948683944,0.6336633484238141,0.38081305204599536,1.3764653352111238,-1.1441967404097877,0.9194249102409963,-0.5049726233885286,1.272648536781601,-1.2907603614280938,-0.8542557183095768,-0.21800072632437642,-1.6154693575213472,1,test
1.1586533405316002,6.804760255709822,4.73956514683315,9.789806985128548,1.2242633336900604,-1.2326046279359444,1.8404984491456935,-1.999978993047735,2.425784799570319,0.15565512692713757,0.6957146702123055,0.3541558805151115,-1.689862447342347,-0.6512909496775092,-0.6989362706022917,-0.5784195116130023,0.5015839948968006,-1.0886332098492153,0.9663232862489253,0.1673345014523764,0.7047476218031659,-0.7977246809319968,-0.7087864991599037,0.40137784114816527,0,test
0.4278843609280336,0.2966109097058778,5.685081168239419,1.6773275429859336,0.9858611487698539,-0.4241523184859768,1.4716887281318944,0.5286164560832273,0.08559187143722555,-1.6232588659915905,-0.9876639853371421,1.2226114073158274,-0.07082472675171379,-1.1926698731690513,1.2425525230204282,0.5004173961517254,-1.291063722875765,1.5243722959599728,0.04396123423591762,-0.7825394853732813,-0.5523989020845266,0.5054536622924733,-0.9160631952114192,-0.8137333388945163,0,test
8.867605765140588,4.910777029688629,4.97700935721313,6.433937424968693,0.5411993639479509,-0.0028100392913969654,0.23311503352397822,0.36515189497753914,-0.2598911513201181,0.8803511674670226,0.6406319439893541,-0.6826049421870636,-0.47771607542979494,-1.1794432664314929,0.4339140693235374,-0.7776160593652455,2.37549002168576,0.8025525042671168,0.2415662654723349,-0.10495447915298786,0.4894293014920867,0.7392203920525139,0.5603353390045054,0.10152881248703126,1,test
9.640318806381094,7.283332116406763,1.319535410623941,6.189586071236887,-3.463919590564725,-0.7580948785377579,-1.3718202407340376,1.1201270136259418,0.869197131039206,-1.5231136790841566,0.1098810254753513,0.2629966537833417,-1.1839224687246441,1.0009672206161975,1.9929985313395642,0.062025032503163095,-0.9353389022490695,0.7421381569326841,-1.1917351095089916,-0.5057016448182002,0.6557504985247131,0.2599722187217293,0.38932808469170954,0.18028132492933358,0,test
9.23388723966163,5.04353390759875,0.5786592720025174,1.2425854921704227,0.02204867513720789,1.287176454160962,0.18401364813134963,-1.170051008575117,1.31377799800582,-1.421025154553175,1.3292619017716294,-0.06469133727189495,0.9241290489278972,-0.7256867497683074,0.8551040848198159,0.25438793223825673,-0.2964042707562475,-0.10079356457164643,0.7487950895340507,-0.18726859098592116,-0.9814976374838438,0.8286186416607682,-1.278202651100038,-0.8373669852101722,0,test
9.208678057165818,5.205276810107242,0.6432057890550502,5.114180147194239,0.566444168021303,-0.0969379202073701,0.6168105055765716,0.30014633066276025,-0.20664139882282,-1.335052810683313,1.5691490426792567,0.31561219660515233,0.2078395423964989,0.728677213326985,-0.5542483021338295,-0.06604890961387361,0.28581736265933966,-1.2770932177083938,-0.5513932314963607,-1.554964889285142,-0.584364926815709,0.5930280232537732,-0.694697477143483,0.455828530451181,0,test
8.827210833195894,9.207700522341112,4.674096018220251,4.418102953778046,0.059337821214750036,-0.46614425796080533,2.770438570517678,-0.3194874458260524,-0.4563575296049675,0.7266652075197774,-0.428644655992309,1.1657779087960907,-1.0378662917771997,0.23583762546110346,0.4189202953236476,-0.3308725119610836,-1.0741681966494678,0.13125364986470558,-0.476546307684952,-0.6097337768804295,0.5658747841043582,0.27494335811545584,-1.4638787732407756,1.3854851795238488,1,test
3.72522205451572,7.316281585382951,9.054248850150621,3.2709968734367534,0.11082623361198468,-1.070482813591424,0.5686539644913434,1.1304014458627976,-0.14583986257508294,-0.5781702280946168,0.9909408197417401,-0.023323052329531108,-0.18995820412818032,0.9290236975534453,-1.283215072887818,-2.0292010874995188,0.5743273317587732,0.8407261225032019,1.9680219060765116,-0.19803660412957458,0.6670310956037498,-0.14815355977021863,-0.6939843383329486,-0.6356413871550909,1,test
0.879667698672284,0.6012591235566578,2.4660450778666707,5.9159864813588205,-0.7069141922516842,1.342967718465454,-1.7480757389403634,2.5083032870714943,0.9729036179579408,-2.232695043153536,0.3170601038427002,-1.7254459982884987,0.7087338572265102,2.0943818809709858,0.1672912767029896,-0.785029922594369,1.469856579111562,0.5057173516552352,0.7447119099081481,1.460306604813937,0.3003325579350121,0.5724166417402522,-1.1613717387377647,0.24341613438823134,0,test
5.339866977197522,5.284391364225697,8.806557691697476,4.8135649802040605,-0.985187506497226,-0.8962945698777728,-0.6304604016844134,-1.3007037069590197,0.3158578958375238,-0.3216516524504265,0.4471434142372773,0.8901056636341437,-0.006770043662235131,-0.08114229935471846,-0.7788902217869793,-1.0571238934682634,1.4038639532393682,0.3608784395514317,1.9383989670403585,-0.8439095680820065,0.1285569450140007,-1.0253744102671671,-0.0867078101416792,-0.29054235750804186,1,test
0.25705048023948907,7.067726408734606,8.366952895849,2.284944924115867,-0.7971286227308948,-0.9591740126213965,1.4124865668267275,-1.0053639804262724,2.21521847784376,-0.4571194347896494,-0.7013918289008297,0.010042806901630065,-0.8040924655233938,0.41015222536804113,-0.3460995877440487,-0.15740628394537315,-0.18318328851162113,1.670802462423593,-0.9884568840721144,0.8344218003657022,0.48317750477144344,-2.619047423780035,0.24255961857149264,-0.543773046998775,0,test
1.2567885928628442,3.728753301527018,1.5869676154846546,1.3854771120305054,0.7832632740289808,0.4803730105345847,-0.03223507531537436,0.42985944564098827,-0.01295115903061944,1.7465864388805512,-0.7466527958925057,-0.420697773312333,-1.267620426908417,0.21645099202712623,-1.1663055459914569,1.1287442245684498,0.43718774310352276,-1.1436394135179024,-0.7564753056218247,-0.4819989140202221,0.26683776093163414,-0.6547225249257612,-1.3140475999682537,-0.07092234961371569,0,test
3.007682670590228,4.294632174401877,9.45616237741213,0.4325578149762954,-2.301702026885686,1.0374048811607004,0.5159594802051589,-0.29328081726930577,0.15068885048684763,1.7463392127544464,0.15393980853679928,-0.360116095785713,-0.19573147816452444,0.3863144078672782,-0.6332178578436324,1.384894972406338,0.06061191785699541,-0.66955220571909,0.5591482112551602,-0.9188649958877404,-0.20816732600624022,-0.653343397829492,1.2111476380627404,-0.6986403165025127,0,test
4.109821628277671,9.05721806539705,4.880966944190465,1.6741741621176653,-1.0852308069688439,-1.421756271559173,-0.6786488142613172,0.5555988775402221,0.2152970758043671,0.645784950078806,0.9690408974853177,-0.11857033016368945,-0.13689877401984266,-0.5136968324659925,1.1226172702669717,-0.20583583590839596,0.8130189671439603,-0.46092680208463344,2.2695022824219997,0.9189260884682551,-0.007519588787836735,-0.5024588005184751,-0.35025055615806266,-1.3012779395156584,0,test
8.988926319866172,5.578790317968218,7.332118242591368,8.279555358788773,0.463606927605252,-0.7609491004057699,1.927768540614947,1.5094188426092312,-0.8956690509452823,1.5557100803410768,-0.7492099953795335,0.9493240637775296,-0.1986450113424664,0.040117183278573824,1.7046021625837937,1.1808570085733652,0.16633775672427703,-0.00685260597993564,-0.8948022113105968,-1.2675491667782073,-0.8522913523163469,0.7664777277065181,-0.8417843532411431,-1.8030485037621244,1,test
3.328053094802035,9.544552669631528,0.20459115969917008,6.673291601577489,-0.07989187298500017,0.4105188402981923,-0.05537893931692087,2.2501772248941574,0.5247145820234538,-1.1770212111008114,-1.571419197862327,-0.639926585028962,-0.05539920085532875,2.3746159621327507,-0.6619258675184069,-0.9454259687411876,0.06996242185169155,-1.1354395734832523,0.24446222480528532,0.1492954006601258,-0.4619765383710356,-2.416493750276029,-2.8856123594612746,-0.16152622421870116,0,test
3.46453306377148,0.7561290950926292,0.7356695661545154,3.4842914497918898,0.2664537608135173,-0.4605605828862199,0.1929533506226141,-1.6808153175583374,1.5434493696012166,-0.9377455788940762,1.0943114829025544,-1.9799811806925351,-1.07618351516596,-0.3121058136179093,0.30289768930962985,0.3517947462138653,-0.28678397452669074,1.0723894748458171,-1.6937628068378607,0.9894767630091887,-0.9419053666950851,-0.5929524900278774,-1.4488216967218785,1.1470457043866418,0,test
9.646116397251433,0.14811347499263938,8.492462451913502,0.8016617719650299,1.5282064323571216,-1.290683207359694,-1.0664126565606926,0.32263923607138173,0.4125655470961817,-0.27690298251280404,0.09277576611604228,-0.4430639322509235,0.9675031100729402,0.1431080563137466,1.4165288161718854,0.1799134780816587,-0.9798718876440615,-1.2275547426926412,-0.5596264928259059,-0.06185472910239424,0.3383463411428922,1.133526762604245,-1.2695911244262241,1.0217489088466492,0,test
4.918499126887035,0.7356792656194422,1.8317644591689275,1.6760909194246965,-1.572103547633711,-0.8663457767453612,0.6045036152598066,-0.7341062128684831,-1.29078121964778,-1.5276171582779163,-0.90403339480012,-0.6228552482302058,-0.21057982927330693,-1.0700750825524163,1.9992164701105986,-0.10066620383474933,0.14553407196994167,-1.4775399253134436,0.003804392707224404,1.0836657848848923,-1.713996945879632,1.8053854774625566,-2.317096659086803,-1.516103567792115,0,test
4.035896734909779,9.701538986389554,1.5607406259379353,3.841325936530704,0.8444134005151956,0.7412215704414085,0.4292100688438052,-0.2184025318805804,0.30646921215503425,-0.41393854139318464,-0.17397659608419594,1.6232314761174718,1.8060418508329732,-0.63725473660811,0.9051628858310747,0.8977517006500301,-0.3119547661487422,0.4676795117935221,0.8231338349027447,-0.9401179506668514,-0.15773977551787363,0.5046629783745356,-0.06547352344511821,0.2032533502078872,0,test
1.118338811533991,5.171151488783115,1.6412328765847939,2.843860516006236,2.066924644295139,-1.5616474988784352,-0.43021035222777976,1.1454812987949718,-0.1643569407320935,-1.1749434311780085,-0.6781306357185297,-0.8647661969614054,1.3816192899932944,0.5992418218943083,0.8541162012556125,-0.30908448270063404,-1.1586631912169019,0.28426143887349986,-0.045930831226118136,-0.14493398707457,-0.014593630045067179,0.3283370147062053,0.00539215874127882,-0.18836749485363338,0,test
7.734663943320791,8.452074910268735,8.495027837812888,2.727658400798009,-1.38803807534508,1.3322128493369203,0.5029983952957355,-0.1480062521253821,1.0576832274237313,-0.13605786490655758,-1.2616014184712234,0.5350022739610026,-1.423986950108903,-0.7516092863179891,1.105467160339677,1.490314061054513,-0.7089794515553511,0.7257320897210493,0.6373225092981486,-0.24739931049376446,-1.2167544045771257,0.21312370082565552,-0.5651037300151242,-1.3398464229284364,1,test
6.483590478279043,3.087161359251269,4.912906526780087,1.1844274939667065,0.5649603488395485,0.42147319577814385,1.0568166541001813,-0.25634105501674737,0.4121845165292841,0.4827545417150875,-1.0956292949906725,0.21191744581276695,0.5038196623726804,0.5504220684874649,-0.7951090551966771,1.6598227481614347,-1.5106551892919464,0.04155561049144617,0.16931202987097685,-2.3507288178413654,0.5711139658010291,-1.0428026287193515,-1.469647017695389,1.0897285368077796,0,test
0.23234218432888087,5.660932593970749,9.036156111215899,8.376407460125515,-1.6391838320327767,0.7366327173535394,0.8611836445689198,1.0397576135955346,1.1426628948614443,0.5397463380659983,0.8130715409543109,0.16116385411112738,-0.6428409620542832,1.7172614042490824,0.07719924378111918,0.7845637835704949,0.6185371836575598,-1.8116259621983182,0.19674566134925953,0.775868627312563,0.7663514099944007,0.40488271180741364,-1.0760214147595288,-0.2045798689629373,1,test
6.079307964424116,2.0907759122176217,9.23587439951906,0.1984971209523645,0.6036742190461593,-0.8257333795991537,-2.103733353296389,-1.204189972691634,0.3181824036135502,0.1811425335331457,-1.3385309748108685,0.10658692498204496,1.9316304234249297,-1.453272257493324,0.9696100254227159,2.6271955773611313,-1.0339484720344485,-0.6156599134168276,0.8426064715914608,-1.4832708092693394,-0.8527905234624827,-0.8560231969109168,0.603192006681629,1.053016428521545,0,test
6.581604204894676,3.9194592777334836,7.255853912221837,8.39325994175237,0.680376203452596,-0.15614584497230238,0.3872597865341951,-0.6069576085262484,0.23346087149845077,0.08030559608321922,0.5997978484120082,-1.612259121758043,-0.6830200674707413,-1.101740892226185,-1.2372568847987702,-2.083282246919694,0.650232231608471,-1.4164899955135126,2.0310207615170204,-0.8797851022933982,-1.458513166282789,0.5295666675346953,0.7044849988636962,0.6358083638361812,1,test
7.635041673009129,6.921658516084518,9.007210270995113,7.666246082801898,0.5193699025676738,-0.7884452977730214,1.4939640894361639,1.4036998285454299,-1.6247207880738281,0.1936280471434756,0.05950283023815121,0.31383309666220643,0.5329465969153975,-0.7262476453390966,-0.2925821908629337,-0.7189054560666316,-0.8459779805348482,1.4186526709657115,-0.9638134571797925,0.37793006568812887,-1.6175693508836246,0.7534450653991944,0.2339782795160345,1.1044445296086491,1,test
0.0996151158276748,3.2498574914290157,2.276762342922398,5.592210258839931,0.6247079337786124,1.355269861847131,-0.11359562206938076,0.2194866672949545,-0.3776454309206641,1.2444851380121564,-0.9098160433337488,-1.257010449101022,-0.6935567939884627,-1.5833148041714797,0.20660843128322448,-0.2346374379247886,-0.7115192083036146,0.8344234846603895,-0.07778986945551676,-0.9658581054375938,1.9759242037411764,-0.7385954759623039,-0.28321014126829946,-0.5468879412682286,0,test
8.68216101809244,5.751290584669629,4.079310279388797,7.766376283469619,-1.1341285524812426,1.9660953929526352,-2.3691261688341987,-0.2862700301942231,0.6609456360860431,-1.4190181970156897,0.4292820847500779,0.4668637761222922,-1.2308031760865747,-0.2774295266317077,-1.2463042121236398,-1.4801402183033407,0.2010638782123363,0.5792030369210127,-0.11185131101417933,0.5462411066238271,-0.7066928996511859,0.366768303800746,0.223724228051652,-0.37484481914231255,1,test
6.999484422921817,1.3364341997708673,1.248150841610124,8.520907247081407,0.9608501921338529,2.7343853617369986,-0.485720023615111,-0.4416193412514968,0.292704691398705,0.3451952563353993,-1.0678696017338778,-0.8515518760916532,-0.1385659382403559,-0.5271433562392829,0.7858519646804307,0.788317427525281,-0.7181362878617725,-0.06049919102263457,0.6382582312334995,-1.4303055883425648,-2.3357332629032337,2.521788742735261,-0.6372254673326235,-0.7188590396887804,0,test
8.641542065340055,9.17097348789163,8.526260236598736,4.614968045401913,0.23549103942383628,-0.15833335722043593,-0.2478844222919543,-0.5947168464688148,-1.0724405385498705,1.8905955710865687,-0.5462545984949024,-1.269487092260153,-1.3238976456520295,-1.2416858926791245,0.6513604803958892,-0.06554283968190054,-0.6334014219165421,-2.625727340099152,-0.8795320270466427,0.018745954395707233,-0.6567707824972189,0.8731202414776874,-0.3667302789887118,-0.1483914384005088,1,test
3.089480549469955,9.721816734069078,3.5179591618358907,0.8305520023941371,1.1924384489927649,-1.151287303203433,1.9924001699624774,0.4815186149359428,0.09445682396964324,0.2435169897725344,1.2721013073272465,0.40569098297873296,1.3466494583615878,1.2902495004763537,0.1570594653845291,0.6408378210885474,-0.4508401139426594,-1.6274581925743061,0.9671050044877167,-0.27391591492070777,0.5562895445227398,-0.7504190790095021,1.3801945738911616,-1.1050107445550996,0,test
0.34322078827203617,1.3909845804345977,5.600386136100331,0.49452365325121317,-0.6072591659852409,0.13439481522371075,-0.40131033527795373,-0.6394864979683098,-0.45419675897649076,-1.6150372026445499,-0.14674213678556003,1.1527395009997072,-0.4870810837516696,0.6202173066902372,0.7670715291563001,1.699612461364655,-0.2741942115075253,-0.737148278163855,-1.6379640053375593,-0.7186128651015873,1.8997276266697882,-0.006172805205511583,0.29203207002213977,0.4971957796377277,0,test
5.836463933916408,6.248087111523736,4.011645607384288,5.488549025211199,-1.0999560194456974,1.7118069468229913,1.485869567845408,-0.008172515754169551,0.33551640256640497,0.8615001161588106,1.6687722894565562,-0.0218508391471251,0.6328427326005356,0.3456470570484635,0.5341349453627208,1.5761710344139936,-0.19533434927963825,-1.0191969439165265,1.2323199178052187,-0.3190786436518787,-2.3924751068449845,0.0006825035063127919,-0.3487636080108577,-1.7160353484462396,1,test
3.4986538086705132,2.770030808503696,5.917021474253511,7.764307692935313,-0.15106653662568065,0.9211200529697416,0.3449866230068937,-0.13630627147382665,-1.335805970818737,1.231568436633842,-0.13055524261369694,-0.8080202407379494,1.5710833254270797,0.8026519215217158,0.6063761386760689,1.3535546787813577,-0.35475062992022155,0.4741609688169584,-1.5585401075822016,-0.7196343098116427,-0.16754503346865168,0.6069983258780695,0.06525339915870958,-0.3805375264809286,0,test
0.019890877501990145,1.2596335502490275,1.2412182487957502,8.555350100526956,0.03550105157474166,-0.6908786826799131,0.3410432840821709,-1.2570351504670936,1.380728956808138,0.47561865947537213,-1.2588358019308081,-0.38496753911014236,-0.9380093055353954,0.3866078381741047,-1.3568616497265016,0.8667495419993009,-0.7133211386291244,1.4766513608026273,0.22406385343931862,1.5614848242615555,0.5453774875082161,-0.4293543248009367,-0.0839253740791111,-0.047126862636120675,0,test
0.935267946418773,1.17812292911458,5.3624081087813575,0.3580726120833999,-1.4522757064287386,1.8694557398407583,-0.8883672244970867,-0.4014926403528086,0.5745709562396623,-0.4537801991625378,0.4121940654891556,0.5476558637189615,0.9000797181188855,-1.647352265811099,-1.444950815642142,0.07208704174938704,-1.0414947776949641,0.45222942242279374,-0.32875523732885786,0.9289356745120688,-1.146990715486563,2.4645950069693683,1.1387787136607574,0.1252372720998354,0,test
3.1435833275838263,8.37196877810032,3.3484251799210174,4.292565447317456,-1.0418987354558222,-0.5004953275163653,0.6128937804182133,1.5062320256873398,-0.30642396814632705,-0.827103285155675,-0.12255366035556571,0.6576789927164329,0.5861551962893645,-0.28672729121762763,-0.10002512823646274,-0.4133744958490943,-0.5192274522057203,-0.5585427979577562,-0.5402985324359731,0.9212948919010351,0.06919186705846443,0.1722621052639836,-0.908041360566503,-0.43192692604467847,0,test
5.585673130817305,3.222427357027896,8.955868121383224,3.222160593184562,-0.3136010067979328,-1.2170488710164222,1.760321576076113,0.6499636674898422,0.5760847489908719,3.056718327088284,0.1475210491168856,0.0146837521831069,-0.28274234888918637,-0.7880077854359523,0.9386055348566352,-0.8871753247660406,0.24595726312551838,-1.700431065295082,-0.8743711072930456,-0.482090537659191,-0.8870871914222402,1.468547072690688,-0.46970216588195185,-1.7225575308736023,0,test
7.713379102804305,3.1013223256910027,4.6827897623330506,0.12425306691353999,1.0209500773665474,-0.48153149305775633,-2.021666485149698,0.8827371691725134,1.99093732639807,0.2901034321098469,-0.9136167783191662,-1.114296128359697,-0.44492523504004594,-0.4733160820295014,0.6080428024317798,-0.11395039913601525,-0.6999312570299049,1.2966599474401068,0.6235916996399699,-1.0047846198970998,0.9844331078703127,-1.2514809199736467,-0.5183711513402728,0.41713423814653117,0,test
0.7449736055643075,7.497143450283033,7.830256488008636,5.306589014430649,1.1066670423892564,-0.20333235011085118,-0.5235368285604155,0.72972737641544,0.22214943821939587,0.12664838365972558,-0.16149593928047404,-0.7014732551188316,-0.5055679812403995,0.6216256373309157,-0.9492261476844186,1.4746339896155944,0.08734554788183208,-1.927924060765381,0.3231658278235581,-1.2880053368839224,0.7479487107166386,2.11645598042361,-0.17704013058310533,0.2873860416256119,0,test
6.8073756850005465,6.474254539366024,7.203127286733518,0.712588558175894,-0.25546640860861475,-1.8907803533032963,-0.5571457070252337,-1.0039519964571695,-0.4889190321982383,0.3323214652387335,1.064074238382708,-0.9268831009514228,1.5637573569738057,-0.791879783582943,0.015277274615761288,0.4558133929457757,-0.2030440189227963,-1.2855058432056659,2.22612810123758,2.337934730054135,0.22998165453474917,-0.13903221901670806,-1.6298391499300726,0.21443353370862062,0,test
2.688824505265781,8.068869824738844,1.3540119187676625,3.7159638878493464,0.8393540518166744,-1.1703363911415867,-1.3585132211329536,-0.2280961539710704,1.3563853494588602,-0.10322077508314415,-0.40422063836485084,0.8228366336317172,-0.8177317076249357,1.019981727629949,0.26243335206027635,-0.2196511960307084,0.7948818438559347,0.02632418701040057,1.7044821513268262,-0.8471433830584607,0.7520489810787758,0.229182544215135,-0.3792628597192767,-0.9736222455425504,0,test
6.112525037622855,8.895707218276627,4.699787493293059,9.460322903750889,-2.8224363843189875,0.0732112990660224,-0.5065143696457245,-0.16413746845389418,-0.6356058891065551,0.429252197851189,-0.71871247766418,0.40155654317628087,-1.908833839407514,0.10729350248572991,-0.2956853466456268,1.965096959337285,0.42013455944742056,-0.4226974202953477,1.4716969265391033,-0.7404021802924754,-0.7708633864689625,0.6066030017154432,0.17956449626401455,-1.0514186006038198,1,test
3.1080918302589544,8.529800629296885,3.6562651362241017,6.371878604941902,0.4701874208735063,-1.315651990467406,-1.5934114459730049,-0.5831129957348382,0.31002658213572937,0.4657150584897209,1.7284475905656937,0.843800592778906,-0.013334955909437465,-0.6119979363408756,-0.12105304452552754,-2.907632417377039,-0.12422123891347683,-1.7230861971589393,-0.7931326308027276,-1.4377910418607232,2.1544050152122454,1.437902296377785,-0.08325069016829804,-0.14132787684374995,1,test
5.128912444932251,6.067792517353865,0.5762310804418058,0.3296980642002334,-0.41096630678535334,-0.11636503148930763,0.09933715455942263,-1.4232101633739456,0.04927146376484458,-1.845712291341828,1.6160000205351437,-0.2528665928699234,-1.4010175814682537,0.4434774728542828,-1.0946417439030292,-0.9963076218151574,1.1003839714376835,1.8523567470263378,-0.9346443278635082,1.574158448903049,1.235589897084108,0.4322324309077033,-0.7825744835521192,-0.24849240709643025,0,test
7.709523764766714,2.271624215448713,0.16418040354055918,3.3450283155171237,-0.18621623355341785,1.5030501768880484,-0.8646664447454089,0.27223519420015585,-0.8109102917729724,-2.8494574371416976,-0.8530063394531389,0.1729397846369008,-1.3386014669325315,0.48234383510296525,1.5578832447136877,-1.7156345805606255,1.7677255532819807,-1.7798536250299881,-0.9227108517029319,-0.6436870252997995,-0.8001333913184631,1.3898471350605899,-2.0350645747320595,0.24809434016082596,1,test
4.185339919162262,4.313497408822489,9.96766243173731,3.797646413024779,1.2016619928874037,-0.1608744187729712,1.0246334361940903,-0.20775409794427763,0.3871993969289409,1.2749159345386545,0.006292936984690549,0.3868040032114653,2.200199833343634,-0.652196467252936,0.6165269036644236,0.8536788724753124,-0.3980241946610548,2.6912767610674466,0.7201532866744276,0.23654801125203948,-1.3257979926493684,-0.7358024464804436,1.742028093010221,0.04171990026705905,0,test
4.183756295699201,1.25195529014269,0.5195823059517024,3.187984697770169,-0.31246940592107575,-1.2025286321768869,0.31534718506270104,0.5513884006365971,-0.15641116198241786,1.8624196689241947,-0.15946093258211808,-1.1826038742569172,-1.6095177771338278,0.08923054741107289,0.1481247210964946,-0.9371639436346707,1.6182309348954709,0.8115695698126094,-0.5918989528931905,-0.5883157028233678,0.18584532514261337,-1.4090233193828567,-2.1827351275749445,1.116482772629952,0,test
9.98314495862749,2.583907075370263,0.334391264855074,6.076503394027758,-1.9408721517525451,0.9572588382287192,-0.6204851157426777,0.6265317390584065,-0.23564125110380169,-0.5931018482708581,-0.8741145704621495,-0.5862244410075708,-1.1478250497008864,1.0293552552288296,0.01152648085967881,0.6871781966031262,0.5279753760069551,0.38749339708885583,0.17666468516105907,1.6322464543582187,1.9797520950083947,0.12559259580642748,2.1368159256730666,-1.652761661101832,0,test
9.425997280362242,5.8386248647077625,3.7924556283848587,3.4707494854145438,0.530055738526093,-0.11918274071377347,0.30746371408095446,-1.217296697121936,1.5319573674023501,-0.6255252134624092,-1.4136124850226497,0.13896278543987572,-1.5733064566688637,-0.2944484574957601,1.142920430461538,-2.3308245250716233,1.354019196027265,-0.11314973372928766,-1.4104880044013304,-0.14676212045072978,1.5831815264478484,-0.33248802199929417,0.14695536956070923,0.46402481530288103,0,test
5.762727908232067,3.75484763654933,7.884048623653239,5.1356657812563276,0.6314735109044004,0.4497779899653887,-1.2081567956386312,-1.7441193891252,0.9289895884192866,0.08072200692837889,1.3779072134813366,-0.578805976495839,1.1429006660991634,-1.5662795224365058,0.4499474832311622,-0.14875280448809858,-0.45495802714709915,2.8553585039560256,-1.1197237751273272,-0.23734163923096602,-0.5113919321745617,-1.7807702912754864,0.7532770785353294,1.02223440268739,0,test
2.0762548589531726,7.451853085630304,3.790012893018414,6.635970201700148,-0.6983274987534036,0.12973050152691973,1.8672329085184503,-1.565576991656832,0.34102946247825033,-0.8357439036139019,1.872861419631081,-0.47124653521422966,1.177403777840514,1.2838890587571916,-0.4632459978869346,0.5769780420601596,1.6355941874280162,0.08334208394075496,-0.9889552459261767,1.1531509638857431,-0.5851734559694602,-1.1182466456383342,-0.1599614484339786,-0.6216885066343595,0,test
2.2792354755865807,9.935576671501703,5.037511885766563,3.742535861460752,-0.573673886794592,-1.0009648634003596,-0.9553668283417996,-0.286570973293135,0.33514585388142726,-0.6275646151556726,-1.3490767429361192,1.0620575916520658,-2.031639763770663,0.4391511026736457,1.6911568621585116,0.32803899584856083,-0.07550163393754902,-0.5862619681798683,-0.028228007762081262,-0.48958147194939006,-0.6230351362124007,1.1522151760907713,-0.46548145067815344,0.03245430254401292,1,test
0.964559671862153,4.547191498041123,7.006995300656569,0.3668299766319705,0.7774527905618573,1.8055329769096857,-0.7986260861388376,0.536106432307809,-0.19373887690181563,1.5232753576757072,0.9201540815160617,1.6666591378820574,0.9366117775632476,-0.32976099282042176,-1.1010922383183395,-0.5299230590696069,0.09487796120493082,0.8533490262074106,-1.1294179009704557,0.3616238544648291,-0.8224289279031555,1.851056985633838,0.5179273580697522,0.11398685121189785,0,test
5.797790454751512,7.455827537633844,5.343066488710097,2.597118790556813,-1.2141288468284266,0.6686156181175881,1.8301867923295978,-2.601055751425374,-0.614033686267942,0.4085559455466152,1.0880795787256232,0.23106231182482315,-1.5491179944888318,-0.41568722807956376,-0.20071040948434976,2.6515329392991385,0.9963241850505269,0.6024613584000079,0.3521512858716329,0.7599715452959466,-0.309894847445124,-1.7766119278858963,-1.0341740581109555,1.4207052088281171,0,test
4.801307729398193,4.084757021101213,2.993114564705027,4.71580915319435,1.9936910337115772,-1.4110780879691485,0.06056174077481142,0.1311807299317384,-0.773696178261433,-0.19524198231002496,0.9799064469612472,0.013202243101967806,2.189970498557217,-1.2149476942713882,-0.06491596106496095,0.20477653557320233,-0.45419150735770397,-0.7691335100680556,0.6854039413831937,1.2129279681968883,-1.2236442599718755,-1.4572595085658118,1.0299078985014827,-1.0780439514993347,0,test
3.310537996548899,9.276796696876742,8.307474791953986,4.120108330133478,0.13022568714702004,1.0638528698149246,0.6855116099331886,1.4967917983093975,-0.6171101494395811,-0.37091525305953305,-1.165556138799888,-0.07943164279736042,0.6569572968592617,1.023198480646457,0.382451111889693,-0.9232191931609246,0.08375263177441297,-1.4979419040491717,1.1527294456842265,0.8428429179166073,-0.21140214674739727,-0.266215995191042,1.6034980405492893,-0.5988182977226741,1,test
7.643392603024477,4.831426511774499,3.3945891902699907,3.295979897380459,0.49909762303430755,-1.5463935440276029,1.512583903437064,-1.0302099787858536,1.9487410522506612,-1.3690295057951312,1.979188877322751,-0.8297148614737795,0.9993586196405826,-0.8381921443555563,1.2355553123865999,-1.527520311562761,0.9730821153017345,-0.8162208546723115,-0.19468775444712041,-1.1038677453213723,-1.2270110746324594,0.8178238311500688,-2.2273235008965404,-0.39956643079404125,0,test
1.765895083648047,4.90365923543985,1.9922642464314089,7.461366708442762,-1.7803598889604157,0.3085131252034226,1.196241100773037,0.5983455469175812,-1.9042060994064909,0.8994961635391191,0.509923716063818,0.44461814434753893,1.0279906067557238,-0.6331243022752954,-1.1055310040559696,1.9344976734950463,2.046594863141959,-0.7470348634914822,-1.109861678382913,0.8637338724558435,-0.06486974088804262,-0.10194094215286369,-0.33726781263795313,0.00020281946273773748,0,test
3.69134322624749,3.63520728965937,4.536715073850037,8.645203877386793,0.3749564513891069,-0.2680683237445623,0.338525096210319,-0.19817287801654573,0.3103683451104503,-1.2927313842753552,-1.1393433952712189,-0.1420592581617429,0.27986345927664247,0.3357987934969035,1.5159155330460503,-1.2832619910695586,-1.4826887973385976,-0.5896099577389621,0.3588180921438807,-0.646504658121278,-0.47235171701036616,0.872921136378795,-0.2814427233591661,0.7078139065608814,0,test
2.0449626846999758,6.810999466844384,3.116348446006616,7.765788632466616,-0.8477298612279696,-0.2792947814038094,0.8925616240267953,-0.8997906774200017,-2.104075296727303,-0.546985935891501,0.6944046286523927,-0.2848286909516305,-1.7017880718584637,-0.452171708174768,0.9075334631980153,-1.763350723356493,-0.5652462881950471,1.6918063182299492,2.0013278563179426,-0.025138685456742086,-0.521475879159514,-0.031236606371417622,0.03657229992204347,0.5081013554709474,0,test
5.769981473967757,7.49177566375015,8.013641958172313,6.3954956083014824,0.07250966971339347,0.4990935953899887,0.9582360545938678,0.3290375818862605,-1.8900360057978505,0.0206728967606577,1.056069943234643,-0.4116499536705832,-1.5172415982451004,0.29477822984355917,1.336894364642219,0.17038993254829857,0.4367847641496061,0.07341137501483512,-1.9039617832552171,-0.21982266695652158,0.531806979880215,0.8922344265524483,-0.012119687014551517,-0.6616152893200264,1,test
6.218395401376693,1.63663746051815,0.8508062445859665,6.7634932139784745,0.31459443232972084,-0.10021751150859143,1.0074114789602282,-1.2731356779954954,1.3717670614215842,0.6948189344110348,-0.899644216384803,0.1400488772199361,-0.10242416666565349,-0.7345458581301827,0.21086990707895856,-0.8056581528080806,0.8179074908067957,0.32176947818235596,-0.3876638666353628,0.17473261429070522,0.7367782943994532,-0.42617112116196854,1.362857877480214,1.3341835732702239,0,test
7.320375657277021,3.535297944146789,9.412282901124126,4.069968571623993,-0.39346706752673827,0.8383830373764803,-1.6861572344558622,-1.5246733474936462,0.23207117709629477,0.04522417858729936,0.37201981573060233,-1.3421828276432464,1.7056318808991688,-0.5284148435044884,0.17919053613563296,1.0658696345195189,0.02710906875657942,-0.10424308982307345,0.29641772752965345,0.47629805174080714,0.2233487347291916,1.699548274483318,-1.091505569849688,-1.8010550691096319,1,test
3.8795308779531767,6.009033212024035,8.908070378341998,0.9583593098072796,-0.29359186980184304,-0.2058496735003899,-1.0018213316689313,-0.0706307179144922,-0.8349501242881259,0.24429842445173677,-0.03197081450085612,0.15251389939832258,0.43788850395779777,-2.9267400457400177,1.1619319084214703,0.4771099518473541,-1.119718029297347,0.10795706521538732,-1.640529257348785,0.015871615005757827,-0.07401012278071488,1.6360511442550738,0.16474033915859848,0.07932114709303556,0,test
0.7610773609128696,7.032447845852125,5.570410733002235,5.314046059595919,-1.0910906722894695,0.4808661062049508,-1.0424357351759341,1.1766764066258877,-0.7374568270110198,0.2499297618777066,-2.346715744895179,-0.45347929146868504,-0.09900474470593734,1.5127461235679098,0.5013816340555649,0.5157558434375084,0.8296717297165825,-1.8787353218808325,-1.114209972122343,2.2880284037391094,2.3270106072297048,0.05331254488346808,0.050134571076849196,0.48806842698225616,0,test
4.482544386510634,6.471114524611884,2.90611010048204,3.3460738744771046,-0.33988955692676737,0.47575256001318794,-0.37441666714620564,0.15630027686125297,1.2718895461755653,0.48849040853197306,0.3974605595735758,0.2043272878691376,0.2701932524920144,0.045585815945129296,0.7560755997981414,-0.26846158655150365,1.1120681843560045,-2.125263544891417,0.9421341983358046,-0.619770628934125,0.2512253501889004,-2.029122532064048,-0.02469155400224464,2.5601568484137474,0,test
7.546263382506656,0.6673789578244826,4.970311216685155,1.7756784924584212,-1.528197538376642,-1.7596480317240037,0.30566776259807965,0.43324361865735694,0.5963542461164926,1.3549720565698071,-1.2630729503338642,1.8830538678357345,1.2260416771359846,-0.624078233055046,-0.850837447421997,1.5673864172790417,-2.112535522858911,-1.5953321098259932,-0.30365260017178236,0.8521819309656892,-0.07369141830350846,-0.8892184170014183,-0.5981110101466854,1.628070908336844,0,test
4.057153308538403,7.3730933591777585,6.3962461623790325,3.022608188588407,-0.27461363352549956,0.12220874991100554,0.015308111892920473,-0.1281469365284194,0.7085396226495599,0.5058162864272354,-0.4993501387261396,-1.5650175372957458,0.749626892528116,1.051922517509525,-0.961033112789328,2.0889354281071157,-2.297486222672968,-0.06904884942344112,-0.13284232711883828,0.9099157761460295,-1.6313033804826202,-0.9378016705620175,-0.8669113956146957,-1.1988612430833272,1,test
2.780178369705417,4.05623977950181,7.621871390019475,0.566625572898658,-0.05512678873400602,0.8544994139342115,-1.5690791296089293,1.2611276525196482,-0.1729682153222209,-0.6486053443519455,0.37717245622540985,-1.6623899903598505,0.6477410978176626,0.14210708205853978,0.04261338598659798,-1.5211242516124261,-0.6170104033538472,-1.0485761544489867,1.4590774456008713,1.115695779245279,1.8002573814509737,0.4281279028215199,-0.0012190865079401544,0.5740229452430511,0,test
3.1421797409573973,2.1419058098393884,7.347029538961126,4.1701981839281554,-0.9386548564967263,-0.8418782680309052,2.025968082504133,1.008211676416496,-0.6832316230691927,-2.7629459911012657,-0.7138265105924831,1.543391968377974,1.4318772162936482,-1.000835610217415,2.14887159870554,0.6161638972940606,-0.517147896356699,-0.9900776811446663,1.1888044421130952,1.1518401673045238,-0.24348638598184547,-0.013843500976985302,1.1538904795616525,-0.734114634084624,0,test
1.9100768461257145,7.310748760994371,8.481479361591079,0.315664541542775,-0.7483648207169966,-0.907506222078131,-0.32832377514397265,-0.3084484806152888,1.5126802719111472,1.1625893316779028,1.3075050995532225,-0.2552872778905688,0.38236198237617613,-1.5647116081777526,-0.8409837083535583,1.0787301421204996,0.22143347148346373,0.8027276339685593,-1.4719787828796456,-2.4488205356015076,1.2392045425060652,-0.4669317137735327,-0.029870240759354877,0.5268309849160018,0,test
4.87979278585021,5.010645929956877,6.498797514876867,3.007331438358023,-0.1307701612142664,-1.0167948415036452,-0.6410723841297031,0.10424147137022388,-0.4586925315721809,-0.854491656843185,0.37363608551444644,-0.2783563182341435,0.6722178367517241,0.3605380655834071,-0.3264589720876866,2.275047701786948,1.9386379592365959,-1.3185846176398006,0.7144378278618057,-1.3543917349140016,0.016590874848748896,-2.162352483923806,0.3854316973008245,0.034597464983570234,0,test
9.584736482800015,4.102239144728552,5.74812633297067,6.980354904507994,-0.1927558218525184,0.08174422239969513,1.1700292941751047,0.9709713274140545,2.202660054001993,1.9849902316797505,-0.2692870004099941,-1.9759885285858048,1.0205868351871794,0.09966127014306356,-0.7173224901727352,-0.26640491535700966,1.1611531286701067,0.6307107406042055,0.8604695890205745,0.13380500762150976,-0.8580305530874356,-0.8246579247533716,-1.0237140802935367,-0.9899122026825905,1,test
4.902446699808191,0.7255101397850339,8.988535475309158,3.1196458358335546,0.8028948691253446,1.112053195104245,0.9363292256472173,0.798752691963564,-0.4440025287577277,-0.20943135117006548,-0.5126287807410574,0.7723287963125227,-1.24175339717687,-0.00985359579564293,1.671999891939097,-0.08223308822967068,1.7514873204807189,1.357561732107642,-0.514104407664044,-0.02070838301273703,0.10301843624148291,-0.7563509346451425,0.9135834022831639,1.1958694183048122,0,test
2.1600632809037013,1.5360182803076616,9.44902467875305,9.060622609964197,0.005803872143820325,-0.5926752343846959,1.1769309810230646,0.7680795771061024,-1.4072554994441513,-1.5427550724196495,-0.6182320026128848,1.0395012562802686,-0.8068689199433482,-1.8145259964803162,0.04455776852171048,-1.323656828382395,1.2177134177885731,-0.29936947466987274,-0.40555780774017663,-0.22998470555228756,-1.7281541129170472,0.04223188382398125,1.3368084436587826,-0.16658393636739255,0,test
9.197617752599786,6.313457479077586,0.7911686234276516,3.8531596459116866,-1.3796333068962723,1.191594886065106,0.13964823414578179,-0.615301908018329,0.4261849022535411,0.8030949059177597,0.6577357062246724,-0.40175571769293345,0.3905318282417783,0.31224568629576016,-0.9461029787311033,-0.6511681329973645,0.5174593998157746,-1.4082654200853904,-0.8075478255382732,1.0092301814658935,0.9601715025425624,-0.3141871114802998,1.4529213526503197,0.9542673713013378,0,test
2.1152007628427483,2.608309180483863,8.533611189767635,3.7543925062616124,-0.06564464418756165,-0.2933965304381121,-0.3867547893202677,-0.08599122753056428,2.4118424234835203,-1.6494929348466578,-0.010529906705084344,-1.8583660473547388,-0.29229289191953317,0.2962136144737987,2.086676712697272,-0.9137645137642203,-0.11624048180585585,-0.43325309739663487,1.8202661458528708,-0.6913824641946303,-0.7167668839381729,1.4005200827339854,-1.6270999179775147,-0.37319019125694136,0,test
6.97107489184329,3.0314156871686295,6.025438020393774,4.458581660472829,0.8381827537328328,-1.3427379898615426,0.4185818370880515,0.44169931091818904,0.8968880502135869,-0.9476943257927473,-0.4900949411145324,-0.8386887514396973,-1.5599481223545422,0.5343292566529497,-1.4495967580368183,0.6230956947392129,-0.3868085649825287,-0.14361232184237332,1.2378563830651002,0.8786700363798026,0.00797172092466399,-1.4550265942521576,-0.3609073349112673,0.6506340936867991,0,test
0.770828898398237,9.474488745443821,2.791218086361802,6.699452768261845,-0.9712023236779621,-1.124844313606882,1.1220550685955126,0.12145513627633803,0.46280796570619814,1.3216213084298272,1.2960296240922282,0.5986862131248369,0.6523678678223833,0.29986046977049907,-1.8032283175317592,-0.04375234631077575,-0.32152781535734964,0.558098788659211,-1.7681435393501737,-1.1353848627817258,1.771737270314857,0.10414023477979062,-0.306305766714315,0.9797811073541596,1,test
3.258058149034455,3.591650094262888,8.986217343592399,2.4824997651363923,-1.3198866437222776,0.36493068776279497,-0.3774283815940153,-1.3263357817650068,-1.1847056544534722,0.4866685185241772,-1.925275544304663,-0.3949494707902491,0.9933260679680901,-2.33509676587528,-0.38151623741864465,0.8229242032191141,1.2688418995854476,-0.6641366485956638,-1.7970344873328499,0.4094383946959817,-0.14786861198846338,-1.0685717965087578,-0.7737324341468436,0.02715113337834389,0,test
4.026444976525463,4.671696550588138,8.541347681528311,6.249519418334344,-0.8879294281813608,-0.7237938868127035,-0.7162927292708015,-0.9499905587178648,-0.6630765434050868,-0.5357651512033895,-1.3355841122948853,-0.233664991711458,1.1822302165067065,0.0996830485928261,-1.500081223585526,0.04475274172496969,-1.883487473428777,0.3211470072503532,-1.0952444578400427,-0.803614657257625,0.3703436003353509,1.5370796226007404,0.49564195198083655,0.18612024008484337,0,test
0.2799634713232724,5.494946162256405,4.444794639824585,1.0512277199269315,-1.8061483913163348,0.016041443647380003,0.8444817806723219,-0.15588946483100166,0.257731221799068,-1.9072270415016657,-0.29431001206504526,1.481826641573031,0.48754446026389625,-0.13821306687986287,0.6469924723712756,2.196923751022168,-0.23825781959609643,0.8818771006686836,0.3280223536365583,0.09562589752429845,0.02218823679278324,0.8567499640117039,-0.3064479593391379,-0.2392036263144557,0,test
4.76487024650951,2.5289426781951763,8.160365897068836,0.024883993135824678,0.7781312150481254,-1.2258844859321665,2.215482285056445,0.26396446780309973,-1.3985934713954122,-0.3385082117376621,-0.5050404621463754,0.41276095299462207,0.4050970483283096,0.4752081603343205,0.547891054065105,0.5643428218935579,1.2009638453081835,-0.5677091707237157,0.000508707427265024,-0.5306749913587423,0.1129446628740575,-0.8186698118102395,0.6613198257505912,-0.07414359819832289,0,test
6.392827103444456,9.72602624758649,5.210676388549502,4.685781136274344,0.6741104511221585,0.30003990816621157,-0.14033742611891714,-0.6865944100062419,2.0572468340898404,1.5672752929055707,-0.7028830726163798,0.48365373616096635,1.3937961500623912,1.1695618123365057,-2.2232708410196755,2.2615553560641413,0.4498341361123741,-0.7056894840814548,-0.8797574136496901,-0.8918850446749681,-1.2999010539315938,1.2178187602119537,0.8614649277982341,0.045827512446466344,1,test
2.8009318128923977,3.642166566608841,9.558636260962336,6.731154090881385,0.5522979168524162,0.2326157379233653,-0.7753081605972032,0.1581110446675695,-0.38114498278677045,0.7087542011553414,1.0039340760870346,1.1852162066605831,0.48176880509061226,0.5625227998500503,0.05551660822564378,-0.6239292975986135,-1.0721111810678867,0.4559254732840348,-1.0389997297268614,0.5169194352995059,-2.7888111610818482,-0.3347606620299694,-0.12795021384127556,-0.07149016961493593,0,test
4.352680479203643,7.871066638708043,8.742359775981976,5.728194980726341,0.04672434472109516,1.3484090792153554,1.662321990923593,-0.559035715820787,0.05365303269352926,1.2762171706798393,-0.7015943787861876,-0.551928149865821,-0.41045635574742456,-1.4957572396116272,1.0541814049682208,0.35416087829264425,-1.174202654753349,0.49897650085644873,2.056567883286287,1.110645254590296,-1.2150815671090125,1.8362230720253228,-0.4669047844579192,0.3504046971871342,1,test
0.5645257039738716,6.221477862058004,3.144800995879989,6.397693601621478,1.2361655899694426,0.18340634337536973,1.2094958464860048,0.5663675136972496,-0.49243371681474113,-0.17646517883177856,-1.3940641256334878,1.4165658181343603,-1.4015766714931854,-0.9487884879935911,-0.017874266822815295,0.06714260380589167,0.8150601505685168,-0.6719072379156789,0.11633287126601469,-0.314537517244322,-0.20368995868686762,-2.445346022278322,0.1914493185837221,0.48721397646027725,0,test
9.364863902352663,9.358322469077008,9.927692693042326,6.2979593468681845,-0.4983331374843429,1.0621921569892383,-0.2831377472850947,0.7539571054910502,1.512273190304554,0.2062717071286236,-1.5576830623533062,-0.09459801281300244,-0.5429314265475516,-0.9443733165292519,0.13855879023079123,1.2892992713505351,-1.5826611062514218,0.6391607846566205,-0.3757969104474061,0.3570261458922392,-0.4556999780392995,1.8633943547813974,-0.5172219898565917,-1.013933405494866,1,test
9.326236106497257,8.115770417222022,7.756252724293087,6.191021985491886,0.780525921471203,0.03022179164852842,-0.4552091265261432,0.057652247025311326,2.409566732650073,-0.4729438349788938,1.1150958210517428,1.255114484562199,1.5269076650429447,0.7491468949187291,-1.4393252533605194,1.2415498300557533,-1.209209110300986,-0.956375115049077,0.37229155241485207,-0.6900782319310543,0.06479724703596129,0.21532180100984588,0.8184358382934486,0.9148583692986058,1,test
1.711782229291523,2.0312192966705966,1.0792011432164816,0.8236502569630355,1.6532134739266937,0.9498210687250113,0.8967603282627264,0.3611835400123843,0.4982821057702109,1.33925812682257,1.0218680080051068,-1.020502979806023,-0.2912998094664215,-2.3600303164226215,0.21413131986204892,0.012241990851064278,-0.7419077151203987,-1.4021144733671238,-0.5095738365384964,-0.28894307194853514,-0.28769131016551797,-1.3672736440759126,1.123510464951746,0.4139057416482792,0,test
5.83613337791731,8.277389405077137,9.57501849912073,1.1429671086989002,0.4591994294925571,-0.17459901928172597,-1.1491724902322789,1.6118972068078925,-0.5545260807824743,-0.22540935631148468,-0.28907022469967497,1.5959987445692785,-1.4496702142813573,-2.704696891790298,-0.15994257075950452,-1.5281963730922943,1.3474380438242812,0.5842924654171177,-0.18786154357973203,-1.675643590305843,-1.2492666142242057,-0.2618942059506792,-1.4406290970251685,0.7751804848531132,0,test
9.02701335259737,6.3723011485256045,1.248861265695581,7.253089138096404,-1.915122234033066,-1.8180117038048706,-1.2063545896426155,-1.0170236380484254,1.1786290379440914,-0.9135901424650882,0.26277181989849885,-0.9516378673791193,1.2278053812613832,-0.44842452539419053,-2.533255705162503,-0.5204723791220722,-0.47119925013345276,-0.17707926827124526,0.8659541787490983,0.9375904079098767,2.465282366242947,-1.0265959286925836,-0.8601010084505171,1.1471015892389538,0,test
3.2677881356989436,6.028126294208922,4.915537859009733,5.489186170139942,1.2779827653372935,-0.4581552928588727,0.1231556351996679,0.6770267502087868,0.5414487774971498,-2.157086461118269,-1.3718567494746863,1.2219282148743138,0.4973590875414793,0.552141607556727,-0.6021261851715023,-0.11116041216918936,-0.24327099664204424,0.5711953684296395,1.1092763192655088,-1.3242874421910744,0.12341525220768228,0.9428358254753856,0.29053582228690766,-0.19335853241059228,0,test
3.6968482302672157,4.353249792975866,1.9535222358520998,7.157330881368507,-0.12802105715094675,1.3384101861989837,0.21236739870314608,0.5355947206687318,-0.8368239451196334,-0.3781447067828559,-1.565344490292821,0.39880480179066163,0.08801179955715312,0.2407352061639516,-0.5968873850324036,0.4624177919841246,-0.3265324644319812,0.6288792499706639,1.2754051530547754,-0.38721651000288665,0.44287006597467216,-0.498299235351079,3.1028946385926073,-0.03374127836756884,0,test
1.1259301044598091,9.315597134828005,0.5102132605150045,7.990084560462773,1.580563512791519,-0.34229881489290204,-0.8760774921221514,2.5425299499582517,-0.5132436035957684,-1.580394804775073,-2.1655980343004275,0.7933581573739785,-2.3632554026865735,0.6057003578092958,0.7659752509573002,-0.3029827009570216,-0.9450824353898817,-0.16181570214317578,-1.3845475104931735,-0.6993208483409105,0.6156853653891523,0.2336588372909931,-1.07354083639243,-1.3250509370180246,0,test
6.821636754611806,0.6811347243034849,9.802189211676875,6.817084560881588,0.5755272334723321,0.17007579625486155,-1.069260666438856,-1.366162311595576,1.53362087728377,-1.1068221834100123,0.05382165398610397,-2.471509485227559,-0.6288365684223668,-1.4984174876694516,-0.7998955562375341,-2.115086197399459,-0.4272485254919215,1.2347923660788391,-1.1619265173385032,-1.28037238995986,-0.0789831824798597,0.8016458463568948,-0.9018363719645527,-0.1318977539201255,0,test
2.7307855865478317,2.6969322100379567,2.6292569206265592,5.657239692927502,0.6353987476709905,1.6177604274349535,0.820891669038819,-0.06953204698693526,0.5917489200102689,-1.5359044226643808,-1.0827514339184046,-0.3025073361780362,-0.8240102485001242,1.1904601993976418,1.682836021623555,-0.8440078883118837,-1.0925882654028711,-2.117561846324091,-1.0235919183888051,-0.3615306581091218,1.4065078928719486,2.1753750815269157,1.6403798291661684,1.0852933775033584,0,test
1.5842365954207205,8.26368784988161,0.9860733220534879,7.096594664124264,0.8106622629849821,0.37484624393104987,-1.2024971368049726,0.29996664105432097,0.1907097929511455,-0.6143837271610438,1.6607079692339979,-0.7914641236744122,-0.19977409085069825,0.3433558103860036,-1.1752408011499174,-1.3562144843909574,-0.1757478667414231,-0.8485281778327176,0.7802808396940648,1.3790366463694506,-0.4045761728190884,-0.6749477639603403,0.09640436468903708,-0.19457388515013363,0,test
2.445129840069523,0.355083975260827,6.017974725615675,9.32270699754406,-0.20184398471259665,0.0710822006466847,-0.8655429460758528,-0.029133792436437246,1.3837623397400338,0.12529196857301858,1.5928714580425518,-0.6277571537719349,0.6516200244862034,0.16998488613616272,1.4728964674425582,0.9590358016664442,-0.88430809598467,0.2941460973019087,-0.019191888885617146,0.10735354724052419,0.24329828234033285,0.7648495567688232,0.02777420647090506,-1.581699962962482,0,test
4.789350664236784,9.612696464401955,5.472445011047712,5.277138421389332,-0.549773519141686,-0.15479711980168287,3.683318636916331,0.11314400497916588,-0.4016755040998531,1.23492677893267,0.15798944638217127,-0.5868969587821496,1.1610790240728663,-2.56497492386834,-1.117354537797951,2.233314071869799,-0.9075450409125297,1.7462328908485534,-0.9584505112544018,-0.2151574288439503,-0.7770875339680501,1.1484117181493496,-1.56143820066387,-0.4862497436711353,1,test
7.715454196989221,2.0461581429954245,8.278593755956965,2.787480584325357,-0.419872274077425,0.9134829106789751,0.4637735364611572,-0.9957350927936344,-0.6515689002638292,-1.323746476972741,0.08073932097672079,0.8816476182272192,0.5629090581154551,-0.15444168334724503,0.5857104564268433,0.2635570787122294,0.4874818512526007,-1.6846475380331616,0.6149009415642391,-0.2917437706775528,0.9287659955378337,0.7281050765602506,0.8092407640815367,1.538193951648659,0,test
1.2780711881478846,4.25647535599611,9.127012919810152,5.924271393821376,-1.7673613518222593,0.008672151685258759,-0.4608474632901099,0.2829320042686628,0.30101039792977985,0.34621698500575826,-0.5281010926066421,-0.5921375542964611,0.3482238042669186,0.2677390720438652,-0.31912566486437743,-0.45448090713390316,-1.1249689554878957,-1.0785164476968883,0.26896788824702295,-0.5773056711734741,1.8680424117730994,1.2048289467925288,-1.9656249410177382,-0.931269383364023,0,test
1.2419432249834417,3.4290942160885063,0.14524376132709738,7.095142401622611,0.37076338291103683,-0.6995241596158549,1.516467874047671,-0.5555003834946455,-1.2146345171469681,0.77943473080807,0.00613263315534439,-0.013337783391382318,-0.7580860058274312,-1.0567967745772455,-0.8159873345818294,0.8209391206903954,0.8362492085352294,0.20433957069980238,-0.09421972068050612,-0.9331602404098905,0.8161324259673409,1.1936115497088045,-0.21610075846020294,-1.8184224849904864,0,test
2.6322809173295703,3.7776922599608675,7.860426547205563,7.1898211656357,0.09508656650605513,0.7929957802881559,0.3915423383969328,0.9960969497646576,-0.13058148221149327,-2.636489714501026,1.3781355212836988,0.4545854675121898,0.09015205682297217,0.10095312191612973,-0.10321691257573923,1.7597547412269658,-0.7939915005948527,0.5842016626027604,-0.476487192028158,0.3608218802393138,2.096793722710492,-0.7219801919267769,-0.4584948364235142,-1.4054483514953426,0,test
6.961655805792978,7.54761871952554,9.578426228397225,7.386130043510574,-1.6096727955096533,-1.7708040447073876,0.23121893971723245,-0.13151847413671938,0.3667704239700248,-0.16789913791441347,-1.5318626767147234,1.840603135654422,0.5395915089562855,0.37936102796692706,0.9500977397411774,0.551281133339482,-1.4491735052277306,-0.06644139981059663,-0.5124086953988809,0.024089404266197822,-1.0969288646550721,-0.34333613842933014,-1.2930508188715866,-1.1266246446627728,1,test
0.4023356555730684,7.67706909073822,1.5049194827533607,4.007478123425559,-0.17284378086687674,-0.6559204680999651,1.6353310508101018,-0.5407280287998397,-1.3756938336876932,2.515177889054984,-1.0352043245771423,0.8026627460956081,0.4381711983155534,0.8471945098046283,0.4663582478372698,0.30489641851254534,0.426532348736467,0.1073235820222489,0.912856153205008,-1.4755413368386439,0.6493619735813648,0.2814274997204932,-0.36639396438136795,1.4897528014639012,0,test
2.4783273696477637,4.047249534868358,6.213862489719698,7.043173465347319,-0.7593161939090112,0.03873047379155807,1.4961859358534944,-1.8667481003865836,0.18313153994481923,1.227801870882532,1.5449841758097451,-0.6353409694839972,-1.217749726104925,-1.1764372701302137,0.24590917501682097,0.21459037692401764,0.7309260451476676,0.45681048292511944,1.0991440143207596,1.5467245016658215,0.18344965212979863,-0.13442470025763764,0.6851242987803469,-1.5334559045997649,0,test
1.9921871797352464,7.629731519444649,8.316122230405655,0.9471001782666988,-0.6376301699819285,0.08085364629825698,1.2119483271179756,0.9461920975799453,-0.5127629859872053,-0.5593688586531175,-1.013215510945764,-0.35988515946715,0.6142905110258488,0.1365283563890764,-0.37570184268980183,0.28110850384171787,3.2349041191102694,0.29681948367805394,-0.14088799959855197,0.01292538965663273,0.44992736040551795,-1.0780728614009651,-0.5769014047009776,-0.7122365990233945,0,test
9.228925842966367,7.068344170343437,3.6962715736555616,3.110755408278295,-1.189154382635577,-0.31206470232292705,1.0449789406732148,-2.04398934621716,0.12313535141216156,1.0985237790467028,1.9855497017684391,0.6652276259145463,0.8007189448311521,-0.3595497156087116,-0.1577336017659226,0.404240169100146,-0.32172578638907834,1.1514412887684677,-0.737224303696295,0.8224079484995006,-0.9037465803557746,-0.30508843733855046,0.3004631869177757,1.2084556275950373,0,test
5.492298146088345,0.9301142709147547,0.8891087601482961,4.949009488980558,-0.007370166267179655,-0.08368575073474538,-0.7416831704179389,-0.8128030806344073,1.0664817110498688,-0.19260154981085226,0.1507482924163466,0.5251877649774152,-1.2768627538441824,0.21973858918467967,-0.012121125670050987,-0.32061306792712096,0.09869897731360508,-0.05695839414374323,-1.095318685907053,1.0996122172963942,-0.7255086084252547,-1.0746113378297573,-0.5674968273653203,-0.7117485216686987,0,test
4.207880841675429,9.357613279831794,2.2374810817677093,6.100396585319098,1.0971294230800632,-2.261967096023337,-0.2457388179984357,0.3551895714475488,-0.49403841280191874,1.7455088754516033,-0.7874628775712772,-0.13131621698742926,0.4882765801935929,0.2831550254339013,-0.11984533483819614,0.8428093415439215,-0.11092997123869205,-0.297505840813631,-0.09844322476407981,-0.7657998051578419,0.09603236281781713,-0.7083861126267725,1.3253477062693857,-0.1482942755874511,0,test
1.4350055123995153,8.989805459262959,3.3889510008713444,3.5972771292898997,1.1027181100901553,-0.887341896971281,1.073942404349913,1.491667977815255,0.039595586932308455,-0.32823329564433895,-1.5926961831855524,0.6347547017578529,0.738282936253435,0.2116234013769597,-1.0610888892555754,0.06137823643440207,-1.859380698635228,-0.7163308323358905,2.0713747809777407,-0.44673035753870494,-1.3792971778033616,0.4077754297956939,-0.09951742157138746,-0.5662244992611544,0,test
2.144739696796166,1.3129035517249366,8.415756517653774,0.1343383661617903,-1.686085128011807,2.28080830100154,-0.9893918256793859,0.19022217018703466,0.006995965517220542,-0.6663388623808661,-2.279195808162462,-0.21940195653394884,0.2827190242803222,0.5691187905298379,0.7559733995972561,0.7079904012874347,-0.556056439225217,1.3369072928590462,-0.753391629385277,-0.029460061074293473,-0.503269768478241,0.15245171393513537,-0.18499164141451288,0.13741809381454279,0,test
7.252772282511332,7.711961354442844,0.3092899291999007,3.3014502899660214,-0.2743918078782604,-0.8797450575725038,-1.4888171125404301,-0.8453171118795244,-0.3869038445658071,-1.6092132589794355,1.8684587688153864,1.513576261657402,-1.0898224041185312,0.6841746574860808,-1.0412896474392215,-0.3108745252809455,-0.6993240474211943,-1.8582857171436045,1.7011744102175705,-1.2823272858307777,0.6681512898222869,1.376720882704237,-0.6214870443021475,1.005495790275144,0,test
5.132485520036994,1.6099936713968044,4.762323493928944,4.730715418072597,-0.03938159928670407,-0.17457317610476353,1.5807355313360838,1.1901766942066325,1.7934360600293198,0.09442419836672741,-0.0525607917507359,1.1741667660355795,-0.9539990619671408,-0.1805784496002916,-1.1991821918426064,-0.16606065921099034,-0.9594844526163168,-0.5061003236117162,0.6882012638890188,0.6435968747324268,-0.830988764947259,0.1254656785667554,0.13237830829525474,-0.2658652512480793,0,test
3.044496603477811,2.897495569151123,7.2735336221812394,5.4170265500568995,-1.6470445022720397,-0.6250438972615661,0.34664906786140554,-1.2479705107327368,-0.9719652345579786,-0.528220642657258,-0.11998584015924448,-0.11293758968678763,0.6783878889558246,-0.18066596755691022,0.8430974033355982,-1.200569302858001,0.09737296212088012,-0.8512475933990519,-0.9976044621729142,-0.8540794193929117,0.08832180801523656,0.43665676779796886,-0.3415689688333001,0.05472687845418594,0,test
2.085582404904466,3.7159502302465586,3.30337768832616,5.769777010209307,1.5347491314491717,-3.0416367509244977,-0.23646524127295482,-1.7570807973774896,0.14911109724504176,1.3312358409200946,-0.25900322310414453,0.4537282962758222,0.5677009884055423,0.9461240840723779,1.275234762290165,0.9891801098300225,0.6668772320325846,0.4886934641047738,0.6541490114266594,1.4243309015744214,-0.7430314687301325,-0.13193953299396854,0.6941133703571722,1.8024214481954448,0,test
9.592369101938559,6.040242800628247,5.346909842763436,7.133060748133139,-0.13593090967376464,-0.0376295367244509,0.7620843898193636,-0.7392165224117766,0.19606686665928977,0.48279657774417273,0.018078003231973668,0.5920063585003855,-2.0574035673548567,0.3598158263878316,0.6553170989038053,-1.4239817354616413,-1.7492967551848326,0.6899135882361764,2.617119536221368,-3.007911133386099,-0.9251189397490213,0.8367253012531627,0.13848342650710663,-0.27047920036716205,1,test
3.0780474954715853,5.414353411483679,4.145429677646987,6.614662513138718,-0.4541761754072336,-0.38443618869005614,-1.4580912946258475,2.3452613472605695,1.3296683557049536,-0.6577427106824255,-0.8407325625172987,-1.1462924978639044,-0.6369962693694736,0.6510310014513296,0.6597039663001599,-0.031544040818088,-0.7056361757871259,1.6016334359696227,1.729373810807782,-0.9680355940044959,-2.021908865349099,1.9760108972065795,-0.4545247890985413,-1.4586735534387953,0,test
7.202227228973981,3.5206002995766763,0.7108129617893222,8.695620891735427,0.44286938382957936,0.6501115280089949,0.8279511658209129,-1.0397832075443083,0.7443099950419384,0.6908700620183984,0.026457728455979174,0.13935819719665,0.8848050395615821,-0.15399076759974342,0.8346675477922771,-0.10910669614732946,0.18737333004469314,-0.2812106356128924,0.49082683953100664,-0.3293467430099085,0.017553359718778826,0.6476387820442325,-0.7706512891768428,-0.3378207622339551,0,test
2.5310050588869326,0.6220330292923903,5.155338999451647,0.4907181148476958,-0.18868001716729926,0.1746263175964783,-2.4239048198622988,0.5690158109918535,-0.5597989059871356,-0.3626868004337658,1.5296436285898916,-0.46530744086049747,0.1347161608861546,0.906527695773507,1.0891740064466462,1.4024576668213398,-2.538555723499867,0.2912603832822691,-1.0434565429976808,-0.17083164799004033,-0.5357115466502271,-0.05461480986737679,0.43235840592862196,-1.163545032752951,0,test
8.446691088889231,1.3122727471227091,3.354480471036797,9.067590226227413,-1.8595308204247174,-2.2905789049095744,1.2039519136614862,1.1139700810518989,0.7142298827294657,0.8257857747349656,0.30938761889597416,-1.4044188248374074,0.030737305977601163,1.027068047394167,-1.3153680422452658,-1.6288796202638787,1.454954251653706,-0.19866108413070668,0.5083527420054104,-0.07868814427027082,-0.3213886406159224,0.32834220713915163,-1.0628331581937638,-0.13477829743988345,0,test
2.9361465283332064,4.741735441628824,1.751210485891993,3.181721975233174,-0.5335231759153246,0.6550422217693658,-0.8750727164744978,0.8138556539608751,0.2739794060053432,-1.0368139907924396,0.3961088808343599,2.769698937117779,0.21124908179930105,-1.3933373956559483,0.3271937634241856,-0.7170406198591837,0.6151907675576481,0.5879013743711327,0.5909749583572369,0.8359164218055054,-1.2978440186847262,0.8986468511777307,0.03193440741722171,0.8971962559518833,0,test
4.847800943300893,0.7268969580380202,0.18163579449828937,7.366682811290179,1.0723436784341922,-1.3875591638879932,1.6899886245247235,-0.7187333711016265,-1.9475691487421476,-0.6175032665585257,0.901759220056469,-1.33088444507094,-0.10291224796020489,2.4306339404499253,-0.7832511083078559,0.10868014192302082,0.3349016587455138,-0.7181060736412016,-0.7332110203585899,-0.1654901109543799,-0.2875679086663897,-0.8609535382920274,-0.8744982273604681,-1.0404563684822483,0,test
4.980459567791558,5.656207673595478,9.123850124656995,9.182231220432636,1.4382478248346755,-2.044888250983196,-0.6885363232300283,0.7669156497323163,-1.7876762044524996,1.1270227671741757,2.298227987893368,-0.25124684007283316,0.3298160367586346,-0.7749382524934298,-2.2210362405241297,1.2485184965749092,0.9848208177388995,-0.6287740934418697,-0.0593059163114488,-2.601055434366992,0.4021837955708461,0.9325268017885621,0.7259947838914187,-2.041787496754972,0,test
3.9956291186489743,3.6515550208063208,6.485733205663681,6.349439556035569,-1.3901023385647506,2.419106106201418,-0.931702663384831,-0.2749044353914718,-0.12001165653268898,0.08144101250127377,0.5063115809662764,-0.8517339558875641,1.2421384831461473,0.934751700503471,0.14366482784189952,1.3110819842484724,-0.31776380510199664,-0.7066785956533125,0.015323550476371052,-2.3686704151846496,0.03511409705553979,1.169214191308584,0.16185030991407837,-0.7733336038612368,0,test
4.814324085866833,3.150832411892223,4.355492645811861,7.930097532233718,-1.7269710279339479,0.17991715153668345,0.38003515273518373,0.08265567946995779,-0.9725917922693171,0.6104616941751483,-1.3691354040895796,-0.7378050990417522,0.26786591517703173,-0.7829331819390023,-0.7390576930923267,0.8376783035335255,0.5139706381383696,-0.719713450625684,-0.9781123146148305,-0.03291650089786985,-0.21225300720289553,0.11436494746255187,1.0850699073681624,-1.4660428353386077,0,test
2.0269626779417713,2.993264065097063,2.1622961403774257,4.832881471878885,1.7863632586453455,0.06140111698367763,-1.0849349666875399,1.7335751401684338,-1.939358688033227,-0.2396872061120768,0.6938027338348585,0.058004869855203534,-0.29674689490945244,1.0670072187154165,0.6168762042790572,0.7583076270231314,0.12873309791761062,-1.453608853028553,0.2906287097258348,0.4780835365958081,-0.08603174949925632,0.2138022662023459,-0.7411199186619856,0.6437136910646513,0,test
1.0375476934816574,8.627458434521817,3.3306675969973867,3.9556119211229532,1.182653257099141,-1.2456104608549314,0.9010314014917834,-0.09275922988744546,-0.777811304879543,-0.5021017062626734,-0.34050707883317244,-0.5967445631578989,-0.6826951931153875,0.6508121990481858,1.0877474684169444,-0.47674797385270523,1.4712524205720707,-0.33300944988846937,0.26233960671467477,1.6811326693052897,0.09110443231169968,-0.8303496919756643,-0.08846987677026882,-0.14844396332604584,0,test
8.043744603487527,2.9686908527848885,7.674876386616855,7.374340008428483,-1.129775316594913,0.9125352407796468,0.6965050512383212,1.460968011524545,1.9547289458214334,0.052933581277157284,0.181846896805678,1.8791655851799511,-1.867517371668797,-1.0660047078037276,1.3834835219858004,0.0637200938185875,0.1677720711533683,-0.12763729860548262,-0.1929681557740816,0.25862876762155423,-1.1395058760656087,-1.4485101696443932,3.6744230617677958,2.0082083253093534,1,test
8.50983730688825,9.815344949837764,1.8785616952855522,7.134651015016784,1.1274498652611225,1.6327013591003814,0.45912837117649613,3.2596388640533456,-1.2634072244172505,0.9509452460246874,1.1752491977421424,1.2517118116974393,-0.6339015070198034,1.0530635323276727,-0.7372211536088417,-0.10844030092881896,0.8366833292893742,0.7061234416037127,-0.508607174644104,-0.21975007819260917,-2.1708843683896735,-0.15249731580741346,-0.6861526369010027,-0.7925379152480494,0,test
9.171732756191858,2.9031333644073287,1.6097003353616934,6.0141789095797815,0.07418670957590276,0.8261932756406848,0.13153839628954533,-1.96818216594105,-1.4149861899436784,-2.0147523674547108,-1.114736577690493,1.00670678622029,1.370647215238802,1.4782226713443394,1.0086756388185771,-0.36637173540354095,-2.437608637622718,3.4448248819663942,-0.5271569256795734,-0.34312030670464644,-0.6279765006625073,1.2726446434268532,-0.30002208808437686,-0.19204040579756584,0,test
5.26090775327185,6.109128409173573,3.8176736409359946,7.478489883863708,-0.3127464621327287,0.5410104976395038,-0.3621055482279459,-0.3053257501017788,0.7472362593002583,0.5518896090916424,0.7204207422332722,-1.5558280317944206,-1.6860609732889162,-0.44018764084394535,-0.15601586964147932,0.04973345448943618,0.704195229715474,-0.16244011185102336,0.6479243750144862,-1.418756584060041,0.7205969053399055,-0.15624302883032073,-0.8068480114483958,1.4680761700395468,1,test
3.555595711713199,8.925059674384082,3.926516559919193,2.2924934479009185,-0.08592468036521789,-0.26818086437434707,-1.2056985219943148,-0.6332604418554569,0.8771086419384613,0.326308151091521,-0.4281930295169246,1.0989717067467086,0.08871965498163631,0.6823730064058892,0.06083009836605243,0.31053246132103624,-2.3628278554811986,-0.34208430347083985,0.11984318919905057,-0.1702365860263855,0.34402135805896333,0.6511562681774239,0.6771972880772745,1.5143720438942996,0,test
3.0728591471066546,1.3512796875459732,9.293982591230899,6.9543186552169525,0.4228284856310273,-0.10178288917037381,-0.035892519865177414,-0.9150464038727331,0.8026487961887999,-0.114152145802066,-0.724350539668001,-0.8408863377451543,1.1336960445975677,0.49651522260409425,1.5391574651592128,0.9732424566472629,0.6870726952157298,-2.0026169531149787,-1.8774537515522096,-0.2203567115718074,-2.0349310247740835,0.3473433819909112,-0.4453337643400431,0.36803398105730795,0,test
7.247275345342254,8.1003068819534,0.48367293267113975,5.768254409816471,2.0607051311839584,-0.6270919090787545,-0.3025530590869721,-0.3598388194857587,-1.6399740763847643,-0.4044381356594879,-0.02176973254881921,-0.5605322974755202,1.0041003318483916,-0.9198120930620833,-0.2764945706052862,0.5942034083461081,-0.35079689458938956,-0.3429102080347565,1.2799966057412073,0.6173314498411654,1.066494070061843,0.10512818553555744,-0.9427156493644877,-0.011767854182222854,0,test
8.726082473036538,9.341540961003913,2.9139649202754314,9.73775360103174,0.3560935129108549,1.3366745191614184,-0.051148384156652044,1.094930551311537,2.6851633067860288,0.39629107285195475,0.573371795360481,0.32833151236576275,-0.5712604916013128,0.11956406318050065,-0.6923334772649666,0.8931098984082642,-0.7212871042941633,0.33990673264329996,0.5408731354380798,-0.11440692606209835,-1.099478292245648,-1.0194566292753062,0.20591738965285417,-1.1317249354408372,1,test
7.564343092241844,9.696262530438709,3.6279116731933883,6.356786272363788,-0.5128413275360713,0.1278480930273192,-0.9811704286103504,-0.9062721783776814,-2.587518307232858,0.31615765833327303,-1.2120709852169187,-0.78383416141663,-0.6719335734130709,-0.4654150581547542,-0.5437380574288941,-0.1354649807853573,-2.024608014216728,0.8219984540328206,1.6271583727265648,1.725723940799493,-0.29841178038245175,0.4193241839035416,1.0413321538038127,-0.8271851407334375,1,test
9.56501185536916,1.4537375471226932,3.05365680786068,6.994290517944046,-0.7960190638221908,0.15214179216440182,-0.46748663521312445,0.9003187116869728,1.236297878667702,0.34030243467897375,0.980937657613721,-3.3046274911453217,0.14535862347913028,0.4701263635534768,0.5267309577887102,0.3517370278654749,0.38848234426622463,0.024682987817192272,0.676480700778173,-1.376889668495862,-1.1452962952771744,2.3319862976132852,-0.34211966391346826,0.1306612732945533,1,test
7.51855446882414,0.8306824165198556,3.51971144078977,5.7978612906298395,-0.045785945841276925,-1.3424812234231485,2.091765225161932,0.40002841997693245,-0.7976076100427472,0.31619822348738075,-1.7303708444854151,-1.585994366237558,0.3173796586823348,0.2171139356271657,1.000443555522679,-1.1221660947210452,1.213753599076904,-0.9585200339902334,0.8148557090838437,-0.16459763153299828,1.1063003773819065,1.2490993465875448,1.2828112876706632,-0.6035044505130026,0,test
8.272866767381432,1.7792398335503457,8.633943714349822,4.4741142490205,1.6102872218427229,0.47604666994609296,0.8086093293161066,-1.163700834376502,-0.23641631552529158,0.8507424298254994,-0.1238857001068655,0.43203461814201993,0.7728884546984641,-0.6617970750364129,0.947130804980646,-2.0221395108535827,0.23508559081204003,0.8510759313836445,-0.9391990463899476,-0.2272856345627171,-0.29316548252597113,1.1947828525065463,1.187190267661521,-0.8364007580062999,1,test
3.6960736371392287,0.9386047868728498,0.18308360817051783,4.531979461473772,-1.009321111009797,-1.1657279941424223,0.8440377380835435,0.17593239128365545,-2.606331098586775,-0.5202478054068018,0.31326692706217224,0.931861310945184,0.00015117468087589837,-1.277247307581865,0.198615614142517,0.9048970950820523,-0.26455791963203307,0.5481072472644796,-0.2601488975469996,0.24595045084602243,0.9607892196092944,0.6513177492847841,0.26646398616047345,0.9955034112738942,0,test
3.34856019755125,9.79356925072506,8.587520053758515,7.029590427419916,-1.1227900189587345,-1.3170958381471312,0.17340752622799369,0.0996263826152324,2.20853326725688,0.3577190113531686,0.6532900570261773,-0.1261819160731908,-1.0217163407317655,-1.476668278139555,-0.8701893031977174,0.3876001238485876,0.4871468250293278,-1.6516169691333735,-0.5981912773057305,0.5224542822022065,0.2711296963637922,-0.15126538476775098,0.33957044087510274,1.4933014901103545,1,test
9.295080424411749,9.179754761800465,0.7279949748872816,2.794298825394923,-0.7921618147287879,0.5044781978213386,0.4774996064634252,-0.5218907259184139,0.9424196577758284,-1.3656324529494803,-0.24823360414139345,0.4843027597184509,-0.08399845398148884,0.6248273669839536,-1.6356182554665653,-0.7110601966227592,2.1148458070179705,0.4362303563206764,-0.45045674656651113,0.20380676992058955,-0.8498719077024814,2.0395544131025147,0.45300654104848526,0.10124152363270951,0,test
