A,Spur1_shortcut,B,Spur2_shortcut,C,label,split
-0.5029158999360099,0.4229808487033008,-0.3800904632154089,-2.0908885679232085,-0.3494626918068185,1,train
1.2178904370877544,0.8298022686141264,1.6756556783786776,1.959149835710864,1.8592065002086269,1,train
-0.27111940695477094,-1.1148449212376919,-0.9495195304359145,-0.21605496039270067,-0.6978049753984816,0,train
0.7301833239723954,0.13440650714594993,1.4631284153672959,1.7908556468930277,1.8494722809254243,1,train
-1.1693055169964495,-0.7386425348647563,-1.2834439322737763,-0.8820104045821012,-1.9239678107509801,0,train
-1.4294668995364466,-1.5525665814721485,-2.295195129481186,-2.9560591300694217,-4.112288030304001,0,train
-0.023272781996066142,-0.5751273362541485,0.581997659673422,0.39573505406055676,-0.0029460459081415147,0,train
-0.44779253386270806,-0.16555249746449482,-0.821435903668484,-1.223407167305028,-0.8903826141190445,0,train
0.08807514133629571,-0.4331966605373262,-0.2298343528863112,0.0559720459182208,-0.1625684929629543,0,train
0.5252955930066644,0.014187021995582916,0.5540141196612609,0.12012460102214156,0.6076014695305356,1,train
0.3161798146820059,0.9314211949350492,0.8368670451223625,1.1117981481226207,0.7638493238072962,1,train
-0.35797332652478464,0.2920395309746353,-0.3780355043213464,-0.5745836070004218,-0.5111792216901844,0,train
-0.9287436068353231,-1.043443455382164,-1.6179548311895937,-2.123197307222053,-2.2091128765125014,0,train
-1.0528274607881316,-1.2106095157347145,-1.2133525836076453,-1.197184009933721,-2.2444465302989416,0,train
0.23593193513123287,0.11957284350046571,0.5950756103470484,0.9080770751933116,0.5248707811546152,1,train
1.7183123458837835,0.9003253003177931,1.8735643194033929,0.49669771159965825,2.0446073186670195,1,train
-0.005898194631741081,-0.08220190494855047,0.051680346136461094,0.02327067457530601,0.0018739960842378972,0,train
-1.1922829676229914,-1.4081669559147378,-1.808683227281849,-1.5426607185202594,-2.88456951571766,0,train
-0.17444030259723162,-0.6409305636310596,0.010082364426880569,-0.8932194305824303,0.03710910449687796,0,train
0.7939331904940256,0.0441563739631059,0.7621548067452426,0.29889842475001877,0.5520178087779014,1,train
0.19299045084416147,-0.2765705084169746,-0.7667933634790219,-1.415827629292369,-0.9357512096134826,0,train
-1.251933561107726,-0.2446529357023296,-1.6086745345297682,-2.215210662750305,-2.0506666939382634,0,train
0.011304560059103099,-0.8456214574951738,-0.2542573203515936,-0.5818516423785727,-0.6138407225451998,0,train
0.5451847518345231,0.4907504235766228,0.35359564953362216,-0.12107600210934549,0.7945334211427273,1,train
0.8381458406280173,0.6732669436394184,1.1755169774629493,0.4436461305416578,1.4361621361124013,1,train
-2.0004308208986195,-2.033029116689249,-2.912474450488605,-2.2561078318289725,-3.158282397830077,0,train
-0.4127557530888134,0.2034026941635469,0.0034409866177587123,0.12942892894875935,-0.06707486207801887,1,train
0.5060521692137684,0.41350142682126484,0.33822467120160804,-0.6299486318866351,0.5921463897735503,1,train
1.931875281924413,1.7138983427423695,2.821375728621363,2.389125157284266,3.53878073221041,1,train
1.1748664053289244,1.2316895901473612,1.5809408142784285,1.5184999497278866,2.0971343905299586,1,train
-1.101023524669111,-0.46752964547503933,-1.09301953522341,-1.4242705144059067,-1.835332318373908,0,train
0.9682113878577241,1.2661056477290373,1.2967519338714613,0.2634041534963635,1.7791198846718839,1,train
-0.43659481699898783,-0.4524559240746559,-1.0751700864131002,-1.1159630967594834,-1.36975822415114,0,train
-0.12445609996449766,0.48670076731828754,0.03064109641303478,0.25520385076541335,-0.1992582159108262,0,train
-0.33182548504305304,-0.33242281677760316,-0.21929526993741627,-0.2774900162513035,0.012563220355120752,0,train
0.30888311747278346,0.30218699419454575,0.47050153047326926,0.17957896831547596,0.40732838445389363,1,train
1.6945373501819514,0.9104236394186794,2.4012056461299305,1.669049878125535,3.029723767017815,1,train
-0.9800968370331468,-0.6884583096658095,-2.150667951462488,-1.9750258732500972,-2.3528795525626585,0,train
0.8590487703226539,0.4326356905987633,0.699305879787762,0.7861625149085549,1.2847835236773208,1,train
0.07704478379890536,0.3119876800453423,0.1330229218456698,0.9000012240451011,-0.35653369887134534,0,train
0.8138510066456547,0.9189034750421521,1.4559155428657065,0.5383616370837789,2.7171687913532225,1,train
0.8504165308623276,2.1047739876610807,0.6071075116380046,0.5113362336452261,0.8791999496859879,1,train
-0.10754371780997762,-0.30260280322978717,-1.093179566472308,-1.9373898691547131,-1.7471995052073348,0,train
0.674189369884798,-0.03184208452912296,1.1959272048757832,0.22330827965743516,1.6648017702723812,1,train
1.2283266917372757,1.1242062600785654,2.4998805889392712,2.724082726874644,2.7569155066284763,1,train
-1.1167197757885068,-1.3915030136115778,-0.8306806573644553,-0.8532991831842289,-1.6308193360498402,0,train
1.3017136573260915,1.5313708399874781,1.2101572753543848,1.4210126955918714,1.660777997207626,1,train
0.33770638801419983,-0.49636570184027295,0.8539565273085505,0.8768736923504439,0.9368067338112951,1,train
1.5399083662301867,0.8468837352125436,1.751923392451531,0.8284006406564876,2.991286421619792,1,train
-2.0651909367397336,-1.034590890148983,-2.2059239278327967,-1.488960641904533,-2.557935828487814,0,train
-0.03579453746859561,0.3912837586915286,0.6996500917050821,0.9810911510375047,0.8131175219603215,1,train
-0.48363043377924114,-0.40410925709477113,0.1590510552803972,-0.46782659350145817,0.5995425568925239,1,train
-0.6610425769770449,-0.9883664921389392,-0.8256714886672077,0.12595924784555523,-1.4219644040078356,0,train
-1.9292541689343665,-1.2563561741869518,-2.523003545882201,-1.0836702232603022,-3.352240652963864,0,train
-0.24968788515460055,0.5532008797825989,-0.4548883235935072,-0.7776081594964279,-1.3969249191517348,0,train
-0.2741142796680535,-0.7638019863487217,-0.42469868289796103,-1.0124667143775605,-1.272121996586381,0,train
-1.1382483367960377,-0.7847664973712438,-1.9930620708895868,-2.238211886401867,-3.024600050272613,0,train
-0.9185898881798601,0.2849652305612378,-1.120116560593224,-1.1587474883887312,-2.12314942961657,0,train
0.7711188856974556,0.7014641741253713,1.3586064405736629,1.0265432970144435,2.6807622261977033,1,train
-0.16363792810747685,0.01092213709677825,-0.5641034967531977,-0.6110289080499797,-0.396043798355601,0,train
1.022488943297679,1.2408239632136393,1.3657637233949576,0.7864197969012316,0.7047744155691393,1,train
2.147410416767224,1.3632962787171925,3.101332545141852,3.4270338294094227,4.156565730554856,1,train
0.005534819338464572,-0.8312412803722726,0.20829410442374155,0.0815210531754017,0.4955000026082993,1,train
-0.03311072807849236,-0.1526787542257512,0.4887367253382759,0.3147215283490076,0.5806832836934719,1,train
-1.5975358538801796,-0.5925932939829379,-2.368856884033975,-0.5934381719440809,-2.8022464443177415,0,train
-2.035621661785804,-1.2277083721177096,-3.157957007929464,-1.8848564266948404,-4.215687165563571,0,train
-0.2758193546562863,0.12274462995403024,0.25670157075269323,0.9190430379615533,1.5318889368287807,1,train
-0.7454965383639457,-0.8004228622093735,-1.358316342377246,-1.5611528639804466,-2.1550650247003302,0,train
0.6206125628523421,0.7319498694890936,0.5813082070921598,0.9295688521522874,0.9308849507639498,1,train
0.9714284128051341,0.7515749108786988,1.687222875554429,2.0855723576618956,1.9631171070637843,1,train
-0.25605221437267267,0.1895966682960302,0.07910598058465867,-0.5940151440651923,-0.06629050456786277,0,train
0.32462904425168954,-0.06526096011015975,0.9950442879708684,0.44096814345447577,1.3897555668539827,1,train
-0.9045953271190799,0.7373788645989603,-1.3893530923662056,-2.111155389764749,-1.9515489254491447,0,train
0.30542379860018937,0.5345798491340212,0.6978235258938472,-0.11273908310875558,1.0242374654296507,1,train
-1.7135060524135406,-1.2823030257894403,-2.0212686522715946,-1.6043383847978325,-2.38133900755902,0,train
0.3134217941126552,-0.23575335053318308,0.4060174439798431,0.32068574091045765,0.788248162838539,1,train
0.9896115988898918,0.13840156234760548,1.67941772092499,1.4867120986647107,1.392133916830908,1,train
-2.214062048997151,-2.611537569054546,-3.183977079465924,-3.6996782664290757,-4.608995225917368,0,train
-1.0087171555445993,-0.5221755253683562,-1.2172589635002469,-0.9814504293108339,-1.390535406058171,0,train
0.5121908456009956,0.7037851241043449,1.0360481310595453,0.8604687667166919,0.6266775463888228,1,train
0.30211027625679315,0.5300900639290265,0.247633669420051,0.14319287876646458,0.6173292881218969,1,train
0.25945163351098793,0.4719412804151269,0.5813796160110045,0.24834386994987698,0.8445895509178863,1,train
-1.1615381739683412,-0.4786201753215079,-1.6940818573243408,-2.4838849616722865,-1.9969073834784057,0,train
1.396931052070182,0.835021205708316,1.5165941345023808,1.1853349276675316,1.9833177017004875,1,train
0.3087045069334496,0.1498476061086937,0.13556452007978098,1.288868509793799,0.12836136631823486,0,train
0.14497462857818696,-0.05131712153570339,-0.2174683186963106,0.23021655059264878,0.027201511498513964,1,train
0.768875238291823,1.3716628193013576,0.8136681181806387,0.5739005230742236,0.7384703272943892,1,train
0.609514027508403,0.9592184499102117,0.19996233960098841,0.2452303615062662,0.2852909772499618,1,train
0.5817243694136459,1.4597571695563945,0.9782461749476674,1.1831807547616464,0.5878697532936876,1,train
-0.13686962208121117,-0.8200112377945394,0.2712056843229237,0.605740369700899,0.5301372236901224,1,train
-0.3266990420390382,-0.623335362957466,-0.08997962962379669,0.567869353575797,-0.14581108375127938,1,train
-1.8637772603792653,-1.6244147507366116,-2.3864680580419053,-2.153617264529338,-3.347228312316819,0,train
0.8130770592333515,0.3212032281563472,0.7932904475809116,0.28471519515243704,0.9601311804588054,1,train
1.6097651340537937,1.3737536958436354,2.676696217088409,1.8892036610967424,2.502840225443126,1,train
-1.3881039579854035,-0.39528419395357184,-2.0180836361064647,-0.49251073862901706,-2.3922175562037316,0,train
0.35756404405440656,0.935344958465842,1.0371492755520482,1.4807932899650016,1.656955139752901,1,train
-0.1618840585060941,-0.8414231952970733,-0.41679870568021904,-0.7068623236944198,-0.6099736123835918,0,train
-0.8664394916350752,-0.4968778389237413,-1.2742670147057003,-2.2751386664284654,-1.915018073769649,0,train
-0.5765574442007689,-0.08556497394046209,-0.879484078028307,-0.3823042670544669,-1.105267455444838,0,train
-1.8084930707649864,-0.5341019810568943,-2.4987448195361894,-1.4392791621312533,-2.982806769920301,0,train
0.681291224867959,0.4344528729797742,0.4971213601680793,0.0232730187973344,0.9058549426191249,1,train
-0.2354219789987617,-0.7193966276640135,-0.1439531911124272,-0.20538588682942854,-0.7183332570610889,0,train
0.43931418329168703,0.568631811926036,0.5152301384539163,0.253735009004434,-0.5789113375570322,0,train
1.2911521474094092,0.5055916357883333,1.230408942957665,0.8095027107993247,2.2021058757337144,1,train
0.4278155593644044,-0.39322252712241074,0.16217936958345192,-0.1567855152235478,-0.08543220288629064,1,train
-1.0688380854589616,-0.8627830691585006,-0.6389440678652898,0.2972954695710994,-0.39936048737697016,0,train
1.1627360572479055,0.6125146785100235,2.0998837451372974,2.275313619120993,2.58799117569939,1,train
-0.10046980232339033,0.12763653615738002,0.7365669412693185,0.6068941639736783,0.6052272824816513,1,train
0.046528563198584685,-0.1545508794013386,0.0008013930712742132,0.33017484204378217,0.2652905827303112,1,train
-0.8582612465210817,-1.3411137480723123,-1.0591117563709367,-0.765294709774293,-1.6826347765364227,0,train
-0.03749901905212685,0.6429586461099004,-0.6329979467428736,-0.9608132467587087,-0.5910884545246784,0,train
-0.5661129266743515,0.48867036835590677,-1.347381938190221,-0.525752933698705,-1.9254872666731127,0,train
-0.9110905097419874,-1.1802103174910474,-1.2916687712846833,-1.9452781931142296,-2.0766173785073088,0,train
-0.7378929621329078,-1.2455396425395682,-0.5055970527270199,-0.3437557285413738,-0.19401787680432286,0,train
1.085658737962594,0.9365451105225422,1.3439720454354322,2.1901805637756295,1.629534105720987,1,train
1.010799153724236,0.34757649017202985,1.3321421298552183,1.34041797290924,1.5749413151685512,1,train
-0.879718681586462,-0.33043702757591553,-0.9713997866609082,-1.6669148169774455,-1.1630736221634876,0,train
-0.8044031774722665,-0.5146894191545668,-1.1645031493897309,-1.8220489308938488,-1.7923667742750362,0,train
0.13809937296749503,0.38400250785973983,-0.5747138982811224,0.22521590579100664,-1.0609054292992464,0,train
-1.0750406225484324,-1.461198219049603,-1.7121388007507647,-1.8656690981365847,-2.4685231628770334,0,train
-0.8167176883037408,-0.948010616337338,-1.0852609523508534,-0.7244725300731327,-0.5467431675909588,0,train
0.577431255977224,0.07706954808360444,0.42004381114219763,0.01650386445613755,0.7746367097158081,1,train
1.7954338319650842,2.4061915590993115,2.186955751206505,1.5572510783047995,2.5065593719014405,1,train
0.4851091244776146,-0.09605063175942158,0.6513726909923863,0.7374635026990031,0.9061112337052133,1,train
0.033651151361170195,0.28197257985010094,0.7794859735696585,0.9964931889666402,0.5415775685837789,1,train
0.22572803214847093,-0.03534179724644923,-0.0885490652272038,-0.06665182236628331,-0.48951604883282684,0,train
0.16073820493606075,-0.32013752218653435,-0.1433780162939027,-0.4421956378706618,-1.03338918759037,0,train
-0.48908627306205466,-0.3773507299393805,-1.0051312627585878,-0.7854022119659458,-1.9222450898277508,0,train
0.316884543274907,0.9842940148436197,0.7116892114045068,0.6664920727414093,-0.058159260184423855,0,train
-0.08076554749275862,0.591273579672336,0.029647595811450267,0.6810369419800415,-0.2869921864958831,0,train
0.5126106090961767,0.4928104177692565,0.23202094604562684,0.20532404804769477,0.3025756801410853,1,train
0.09014763783922658,-1.3581632246460247,0.14694010697145063,-0.7238567144100793,0.2632359036607214,1,train
1.0890422589073556,0.8831031246981108,1.4417166542073245,1.0308004507997692,2.0353696625202007,1,train
0.6763599216105899,0.19547088932331175,0.946723590771912,-0.2272445364240856,1.9820502557545705,1,train
0.2902155599069384,0.0012951064392876799,0.09180964613346992,-0.24008547167235092,0.3490672243471474,1,train
-0.45009341166869943,0.46133027238619706,-0.04671895584150554,-0.5416787912532721,0.4318879150460399,1,train
1.6863840314974432,1.2218972088949807,2.061019305110725,0.8150221223936863,2.9555695544479055,1,train
1.771781982137917,1.375151822776116,2.209050066433822,2.1143954054298337,2.5561112220830795,1,train
1.2756125888106227,0.826682002982913,1.783597824421917,1.3263670527218547,2.985788096354651,1,train
0.9426747473469362,1.5747909996719454,0.8934377277837077,0.63289701902681,1.332226602733021,1,train
-1.2433052894814853,-2.239631995577409,-1.421510877051304,-1.5211002338164206,-1.69111957207291,0,train
0.10539998995689037,0.736574017619428,-0.4608286849872695,0.06515811652812498,-0.8871666305596444,0,train
3.005130582972651,3.3376137974054547,4.313102835200441,3.4573485058755664,5.930370886453364,1,train
-0.6561270940995365,-0.2295163710065793,-1.0076575966416441,-0.6171311025204826,-0.5307222760125511,0,train
-0.9296404627381718,-0.8695094792498033,-1.1331244083049574,-0.03477632780267381,-0.6173746184728236,0,train
0.25124917401321073,0.19929659455606846,0.2978501971313793,0.9952266660250337,-0.13256201646636645,0,train
-2.3577128989427516,-1.2313391395912272,-3.3243059273048736,-2.6597277158436845,-5.253659510375066,0,train
0.26614118143047205,0.3818498895414741,0.5965328653170635,1.0112086552801374,0.46103488583107155,1,train
0.08576299365447719,0.36492178275903575,0.12633631298797418,-0.01920890937302526,0.41656545174446824,1,train
-0.694580208124859,-0.9447586227900908,-0.48838869568865484,-0.13984285788336742,-0.8709751986173814,0,train
1.3681097475089006,1.5257798233180537,2.0918067603781316,1.6157988508321819,2.4044827801121986,1,train
-0.857658599903645,-0.9567460243408268,-0.45120107806126875,0.0653012356869283,-0.35146381462846227,0,train
0.18293196360246902,-1.267429354016291,0.2855774315470782,0.24127394960607013,-0.31270816439237953,1,train
-1.011732272616503,-0.26907522586378074,-1.4215362668284646,-1.1709986897927473,-2.560420552093125,0,train
-0.36174822572977205,-0.5985934001020938,0.07410715867448481,-0.7616301874903233,0.31695736418792325,1,train
0.7840439063991832,1.1780421346100534,1.0295211828771298,1.0173137963380139,0.794616607432067,1,train
-1.704352919915929,-1.9051124705315876,-1.8698001589142756,-1.6366018750399296,-2.900530787984666,0,train
1.6974853825895548,2.098488421514988,2.331817269189205,2.204903641664965,3.3460105671103935,1,train
-0.8449316763715775,0.3070622759277597,-1.4713263425310925,-1.8802445946026554,-1.9478853251611914,0,train
0.6291398997102782,0.3632336821923552,-0.030139493839655085,0.19076498874413972,-0.8736700176579411,0,train
1.6005086842603968,1.8112742147948877,2.2859175950543773,2.2687710390861815,3.1658028353197185,1,train
0.9413587518464938,0.04642789049036311,0.8365048223767177,0.6523080563528035,0.8526622887781851,1,train
-1.3312674587318483,-1.1209526209668421,-1.7540457141092898,-0.34234671294906427,-2.036090421773982,0,train
2.385955994162041,2.4719909981025845,3.470239120344086,3.6617390858142884,5.127141795021401,1,train
1.6057732406767409,2.2625908187840635,2.748637564733216,1.766294768985976,3.3609736779177544,1,train
1.702348110287865,2.179598433664305,1.3170134783899767,0.7822133946581931,0.8646065357192619,1,train
-0.8726172008816666,-0.6948953406315528,-1.6752495343066593,-2.0335477251912115,-2.687531826969297,0,train
-0.4259629165554203,0.16444257549964236,0.09176389080937308,0.7100950004389994,0.6149225454241899,1,train
-0.7245810107991384,-0.3426023198235932,-0.10277150158154358,-0.20297772339327652,0.23470620413523477,1,train
0.5298360060300199,0.2900491996878226,0.4133225859627905,-0.621676663955566,0.5205697822166349,1,train
0.7878561032426551,0.12335063116181688,1.0096317198600904,0.7085598976440548,0.6536751499344097,1,train
-0.399829507772109,-0.49124783089980106,-0.2922100738014705,-0.407572689623118,0.0010473372395372604,1,train
1.3910891383294217,0.7195219098794314,1.0207875462907037,1.1164440540879645,1.1240107886374717,1,train
1.0764841665254457,1.4575939016677597,1.5315679450240445,0.7410121123387768,1.9258753928618724,1,train
0.24023314644266705,0.08832395546727755,0.6606341582706545,1.4664839524205195,1.1482903446987835,1,train
-0.3711880278815422,-0.0007650771167709847,0.0016342598509122008,0.09106091405098964,-0.39209283551628876,0,train
-2.8064137180535367,-2.5290202924490695,-3.5862441813077695,-3.3274176786842853,-5.180957068436649,0,train
-0.6170786900035485,-0.6444685879813797,-0.25439425321005904,0.4724148782167986,-0.7453375228235666,0,train
1.0428188702466212,1.3747287313552476,1.6906424219923728,1.939382695154212,2.4510300455330714,1,train
-2.9580484485510774,-3.1790070447991203,-3.967415133870561,-3.4802808552893776,-4.990840125072457,0,train
-0.3375245239537204,0.412835012912717,-0.9856261912261202,-0.22799315038029755,-1.2052084618906806,0,train
-1.1682937839236347,-1.4794800928815954,-1.9517552100742002,-2.2514550668847573,-2.995041530228688,0,train
-0.16973023560147182,-0.589752758462597,-0.04198599377621845,0.08503357310440593,0.11776338927224766,1,train
0.19775335770878827,0.01937218114451797,0.15253682592011353,0.11214510809074849,0.2883515232241436,1,train
0.23839795198336522,1.1138200269444467,-0.5386004162425662,-0.44474559287690635,-1.5039199113270958,0,train
-2.121670599061695,-1.1331903207473273,-2.7836483967682426,-2.993144727976487,-3.73615268310695,0,train
-0.2988703679293058,0.7371125614520131,-0.6891438983903692,-0.9617497224577957,-0.5922925445363818,0,train
0.02108718699845617,-0.2841259409205528,0.6099867418031562,0.8637540726502477,0.5620972815733108,1,train
0.9337582209469494,0.13128063929724543,1.3079372102396354,0.49756167275066554,1.1385265738601573,1,train
1.1782587145045633,1.6639351272386151,1.99832257689191,2.3374431725896416,2.1518381019897674,1,train
-0.466839562374509,-0.3058094801596942,-0.6009685594568195,0.0964504752834624,-0.2570869131408178,0,train
1.5451932697518937,1.168065030041309,2.4417056749705504,2.2966218005229635,2.934782469633875,1,train
0.026114278892919656,-0.13464654290631706,0.2592761058860424,0.005355931673973774,0.4669674083309471,1,train
0.8526734453497731,1.0223806483922238,1.4834979918567874,1.776962155808992,1.570695040646429,1,train
0.31418850790247604,0.13086691112080714,-0.15234513311170444,0.1397686314757172,0.034355449902951835,0,train
-0.5372082917952549,-1.2024407022467898,-0.20563169349600563,-0.1770853020169476,-0.024655127620651,1,train
0.39484939797045776,0.220104892870819,0.8743615169308389,1.9957678604574052,1.0919363555554598,1,train
0.3896780244756277,-0.3581736322708186,0.7303723420093973,0.6560901608760616,1.077613769936143,1,train
-0.07605972840643503,-0.8542265575454309,-0.26841799620333473,-0.5425278751351096,-0.6807518846698739,0,train
0.4966961101706322,1.0219951516943446,0.15364208440898564,0.5661359271598431,0.2906882942250644,1,train
-0.8396291970162162,-1.3561280925485857,-1.0745249560541301,0.4407798853082323,-1.5958934567213952,0,train
0.3086270391284238,-0.33524862073646966,0.35665846436850296,-0.11082638971236913,0.5278857211639683,1,train
0.8379191192965965,0.9757028373397886,1.2484361990387876,1.8028007412631557,0.7883872910719023,1,train
-1.3263868936459844,-0.04425528648763244,-1.9508884787859357,-1.713504069896563,-1.813570795917943,0,train
-0.16178718109849086,0.20132103177127933,-0.23300424856228982,0.11793933927619143,-0.9730113794834894,0,train
0.5996447310055102,0.9041409948328536,1.438823315082515,1.293935737827764,1.8268341989707,1,train
1.7751254009313104,1.5484472313589517,1.9743274087636293,2.4577952952867403,2.635093526574442,1,train
-0.4303234324226248,-0.5778392785174555,-0.46863864988499004,-0.8099518222594257,-0.8894329220193571,0,train
-0.5973383929690954,-0.9227972583013633,-0.10006679619434566,-0.603174635125516,0.381307365556687,1,train
1.4848971167206664,1.628491157990807,2.3439144355410138,1.9059629132687883,3.0914433102155443,1,train
-1.1378930121121866,-0.8595917521424785,-1.9282328596897411,-1.6671793145702107,-2.4225803886291897,0,train
0.45401550055936407,0.4096802584869569,0.01556073252492951,0.20988500285722153,0.458676426072555,1,train
-0.011248763684615097,-0.2045651469252104,-0.12434522129913297,0.46943262786967144,-0.4298023114586015,0,train
1.786856999604027,1.8469275161468663,1.8549814117725445,1.9676781598538695,2.9994069343769865,1,train
0.8940637659938806,-0.019345682505890194,1.4444771885914987,0.7611942459983514,1.3926521743729368,1,train
0.09803148072843296,0.5916141009530311,-0.4480667822634397,-0.7173039039620169,-0.44209925067074674,0,train
1.1603070138656553,1.2963467848290493,1.8243101961821273,2.292080258465833,2.3629973278226157,1,train
-0.4730412429123206,-0.5443301525925939,-0.3813018070736972,0.0979968541516858,-0.4532191549342103,0,train
0.3164239561603807,0.9226025579113252,1.0307638155829761,0.6914760841531393,1.2908946990430046,1,train
-1.4474985774854086,-0.23189516100935414,-2.0021337169385474,-1.173937463758191,-2.592730865782939,0,train
-0.02913763028494721,0.35703308187381166,-0.17084865670873953,-0.4827702195614993,0.7365090381088781,1,train
-0.047345371843889344,-0.6428981285140093,0.4428161043952379,0.3550799271699023,0.2489791973490344,1,train
0.05547183338967221,0.3557204351175788,-0.2944576999815503,0.24564317619708764,-0.5514698374134768,0,train
-1.1804248945290376,-0.8272585977594978,-1.4011013860050947,-0.9785612539958917,-1.639540403246061,0,train
1.3722663594863391,0.3244432802438155,1.899829351367159,1.9950051653862535,2.8674311806746995,1,train
-1.3353214888487042,-0.9088908872602856,-1.3550326069121248,-1.2781439219796586,-1.3608365375293499,0,train
1.8987680580388326,1.1366180755837967,2.0815728194048866,1.3126878671329785,1.684291423277519,1,train
-0.45117424906223935,0.16534236905464988,-1.1263826694101937,-0.9260834624547847,-0.7361330297961615,0,train
0.12169597853225822,-0.43561474656658683,-0.3556785288935066,0.4373817188462573,-0.9750552265574275,0,train
-0.34908767128644136,-0.22058830299589463,-0.583390381725966,-0.3169248974907488,0.034483305225016636,1,train
-0.813342470692095,-0.6575955448015945,-1.1239074531724573,-1.393746796993097,-2.037529636945293,0,train
1.2255321940214519,1.0981794549360646,2.506956518090278,1.9319390831787502,3.625780041135033,1,train
0.12566604595058697,-0.19516828329804586,-0.025465189334590438,0.4114059664470446,0.3432350406435449,1,train
2.1211763859965105,1.3588482965278794,3.122905026328377,1.7575307236167634,5.3417943906691265,1,train
-0.7959258481594584,-0.7059807709863867,-0.9639034933266344,-0.9216968944079829,-1.5590308696685755,0,train
-0.7270062470830685,-0.3039046042891281,-0.9754485700453384,-1.3656821734089784,-1.2604902026183957,0,train
1.3917441072935826,0.9740368595198557,1.8314395922484552,2.124456242010217,1.9617315275530864,1,train
-1.5283479396519328,-1.9069414324116183,-1.6195398344983971,-1.0275045453765534,-2.4796565577561456,0,train
1.8301830665398306,1.2640968614769832,2.236606476949214,1.3351157442158523,3.015090794188848,1,train
1.658183857090247,1.1592325533316983,1.4506729077303337,1.4071706777986304,1.4466257122869939,1,train
-1.361925969414524,-1.1726552828079018,-0.8717585658311351,-0.600317685103033,-1.0256607405463356,0,train
1.491202031496906,0.88238647221478,1.916110863198226,0.748131064367107,2.438810552901032,1,train
0.6817978849005903,0.8352516091339433,0.7408275458359016,-0.14708902417186287,1.298258543702147,1,train
-0.13525267684723927,-0.031690799972048364,0.11689299212175439,0.19502187863770024,-0.18769170157523501,1,train
0.42426387674597255,1.0236503231736245,0.7946089540141203,0.5323135705926718,0.07394496685075458,1,train
1.1274726442348053,0.40688876832196175,1.5396123600503646,1.5774761185034036,2.493250538601096,1,train
0.31674395352121615,1.0050647892570248,0.3499732860191673,-0.06143096312885726,0.7646352744267455,1,train
0.41255561833588034,1.0198353968534712,0.41134030970764585,-0.014417540019311004,0.11002850478558795,0,train
0.03162264210518309,-0.013832873157678005,-0.5314854880910417,-0.01955107859755295,-0.8649524084558872,0,train
0.055783526433332356,0.6091390687806015,0.5703272345836191,0.35630973036051394,1.8152657445063527,1,train
-0.89886177947441,-0.9911852377116139,-1.7890539477828729,-1.5897579160910222,-2.1267560757082324,0,train
-0.09143905118193651,-0.562075662170067,-0.03278045547275099,-1.062332506796811,-0.17642374195274424,0,train
-0.22871645426213885,-0.0305349938600597,-0.23607029118908698,-0.18287544207862386,-0.7220847191791502,0,train
0.16703191829358305,0.4015599154330635,-0.021430981527822524,-0.2518349706466885,-0.8456311847135651,0,train
-1.2324864498532753,-0.819714565075723,-1.7869098820551885,-2.1432130828636593,-2.4762602741340323,0,train
-0.10891069102602088,0.14215534423657927,0.11196990219910333,0.8235672721442289,0.634764437230391,1,train
-1.0584189065092937,-1.8116002610765238,-1.3728313996215034,-1.0316111146169675,-1.9917160255269262,0,train
-0.5368723414952055,-0.7769498398479028,-0.005855936904044734,0.17818204371179858,-0.31118491606690846,0,train
-0.14209308728997677,-0.7872662350866612,0.09398045201043972,-1.1032680484143604,0.5902734041900415,1,train
-0.8628805259115909,-1.0958942097277253,-1.015674333124604,-1.423422347172075,-1.4892270608003568,0,train
1.475480133371724,1.2008391993181742,2.1428379650664904,2.3522744131381357,2.5875731259036336,1,train
0.9050192926993618,0.5949923704744269,1.8036725306460086,2.576310310654405,2.372487470307787,1,train
1.237581473678283,2.392674948654512,1.075389339023362,1.3230657972341473,1.5183707458145084,1,train
1.5781101488419276,1.5731325140580161,1.6465194253366309,0.895811087490783,2.082494528748085,1,train
-0.9451412138954325,-0.840475989192052,-0.8197772501442371,-0.6593656093687845,-0.7143164457418236,0,train
0.39647683162798736,-0.493243428075687,0.2946271689440952,0.589067565111034,0.3832248984254732,1,train
0.24367227880537545,0.05136478464469202,0.44195104226909193,0.1628275140351605,0.8130984906377068,1,train
0.19706414675804243,0.30227074298654244,0.2308619204973691,0.4070886344617509,0.28459589021687554,0,train
0.3546363580235043,-0.24295975339690928,-0.8760419930078729,-0.6016917603531478,-1.2796946121012267,0,train
-0.609965062450273,-0.49443391535647657,-1.3697292259982765,-0.032970518032627405,-1.6887661008005757,0,train
-1.42143029062711,-1.2105454333173742,-2.26976659773564,-1.1046006409036475,-3.060900434657888,0,train
-0.7331545218804717,-0.8200235339070789,-1.105871088096329,-0.604985738730746,-1.129813524681468,0,train
-0.6376703899818945,-0.66026210527636,-1.4830428139052867,-0.5900324086744356,-1.034062478173296,0,train
-0.33336869636708155,-0.23535454726077026,-0.30797454846130057,-0.4378797185778767,-0.31819126600427783,0,train
0.2061285376465219,0.4130823696211807,0.7977806527235154,0.7261437407460402,1.4450016824469785,1,train
-0.9271301076488029,-0.985919303778424,-1.43932920425882,-1.4264246087861743,-1.6489045491140442,0,train
-1.2191030737322277,-1.8233337908705063,-2.313955592761463,-2.1607976500132025,-3.1548885674359153,0,train
-0.43425248993961885,0.1354769489964967,-0.6404094683019688,-0.5273464658740032,-1.6103972798663717,0,train
-0.6815240813273569,-0.05696651287473198,-1.008249758547424,-0.07743585514465912,-1.0700504908918809,0,train
0.12048188565581627,0.17724843183365036,0.48256132562852655,0.1627718995834236,0.8039075504406441,1,train
-1.6243962681578954,-0.816499155589572,-1.5025076020416135,-0.48620052515587675,-2.1311512739694534,0,train
-0.2306101907869266,-0.6486637935449787,-0.9960495685025337,-1.0621810639478164,-1.8946295086304799,0,train
-0.2245194575505925,-0.4711982633316043,-0.3046278214835056,-0.24196153983271784,-0.6000551142569828,0,train
-0.48363907196162503,0.27339702961093704,-0.5783987407483231,0.12509015192198553,-1.1732501160407005,0,train
0.4098645682551657,0.48917109900710654,0.6141096472605466,-0.5303730701450335,0.23625130815767126,1,train
0.8456798531151141,0.6567961034692021,1.0010528091045388,0.314819475584345,1.6634041752965771,1,train
-0.27498869988916397,0.7212274037435463,-0.25694877204549593,-0.38204620099019937,-0.7708955779039768,0,train
0.37568046578706016,0.8706956695229662,0.424221067272172,-0.43266794793104096,0.800678188722726,1,train
-0.6771602167208557,-1.0244632803344442,-0.8736804523381448,0.0691976829409564,-0.8120402229476273,0,train
-0.21247139192994235,-0.2575658610604733,-0.7559091537849332,-1.105260944862509,-0.9673626836970176,0,train
0.6266842500515346,0.25964327161644957,1.0323657303768143,0.14160566064020774,0.9705722644704337,1,train
-1.3924570590497178,-1.8422927940534308,-1.4118052871080031,-1.3029865655739887,-1.6300367811952483,0,train
-0.4574666662411676,-0.49425115999920755,-0.780427040225336,-1.4385579982771275,-1.0337152861785812,0,train
-0.5073246369679904,-1.0877142989973403,-0.6739921770942112,-0.7252152680095546,-0.8025222158459837,0,train
-2.378542396844809,-1.9783281894530242,-3.788425338925682,-3.088609984183316,-4.670885077439859,0,train
0.87218539691327,0.6344422893132629,0.4939751207839984,0.6358104523023873,0.056304807373366295,1,train
2.198776384832669,2.102448634525936,2.511578849557578,2.169574657244384,3.6797020656577772,1,train
2.7716420670507618,1.8028714166307842,3.5486188264264005,3.9269663833702753,4.905984502084964,1,train
1.2553562429125769,0.7175031348782989,1.0066692026190651,0.7556730420914772,2.1049981428175313,1,train
0.23466835756964438,-0.15375880043832502,-0.2075125893110356,-1.430287954347578,-0.46075829095693527,0,train
0.3079336490175703,-0.9550725174254382,0.9341650652492273,0.6023929172672476,0.7385501816021505,1,train
-0.2076903349957761,-0.12640516183581055,-0.14429091101420022,-0.24046747191909335,-0.6470428751713422,0,train
-0.9896833311936578,-1.1975112583534955,-0.9104709032760342,-1.460329347148419,-1.0700005950520264,0,train
-1.7079724256409392,-0.6062519261037704,-2.1577308848107934,-1.915114191980494,-2.550571260115672,0,train
0.6583098883132597,0.8173675518622776,1.0392781473827748,0.41157071034447856,1.0734476334569796,1,train
0.08035287842427676,-0.09701382267927167,0.3410977239189581,0.26173028039783536,0.23361791009676375,1,train
-1.207619846837108,-1.5884696545684789,-1.3270786242473998,-1.0260256671354757,-2.4346146932840584,0,train
-1.402337116297836,-1.5143433263376216,-1.7678314942149467,-1.5413202885722275,-1.8643765203185048,0,train
-0.03029430137742967,0.014287439388214335,-0.08536575657267904,-0.18105308989246677,-0.07152114021109487,1,train
-0.8219787658422155,-0.056180214233541026,-1.4288206175041274,-0.640381975119026,-1.8435204217950032,0,train
-0.8173500767291801,-1.0942330995447973,-0.2862474356060919,-0.24277936189557123,-0.47651501055581497,0,train
0.47133962602811064,0.04568142578080575,0.3880539615811181,0.8454841136134716,0.281227720590539,1,train
-0.1334726294582979,0.1565067974479448,-0.8223083758966676,-1.2523057927773245,-0.8543052622762188,0,train
-1.6525888332847987,-0.7935975450017745,-2.067928925491588,-1.4246231202665147,-1.947484334061196,0,train
-0.9345136657803472,-1.4686742059527873,-1.8396287880700566,-1.4968697458285867,-1.795277357848447,0,train
-0.11088196362013618,0.4634021644403318,0.13640113025355222,-0.8160310208141806,0.8213466911538205,1,train
-0.5495522969106944,-0.6891313963469526,-1.0353498991444345,-1.2380100969022543,-1.8548588323439124,0,train
-0.2832583068489736,-0.34159422539743767,-0.39277210736627244,0.11450056770597977,-0.8089618589921327,0,train
-0.5913195073903935,0.5396780011716458,-1.136291220031778,-0.945247097472804,-0.5191869999955455,0,train
-0.8386137340011084,-1.1309793973510216,-2.233496171195866,-1.9707375112156873,-2.545023882275058,0,train
2.122945435671376,1.6352184560788356,3.176172345807874,2.2989827716770947,4.403863428317841,1,train
-1.3663219931702453,-1.290079372436419,-1.8416338257314238,-1.093166913782932,-1.8580728928837442,0,train
0.2471205044989024,-0.6003513086124143,0.5621597060024254,0.22047736833401033,0.41725447048528497,1,train
-0.18879541914714382,-0.3794305691353194,0.680358488820663,0.590095222025646,0.8049917815217981,1,train
-0.5337156407071543,-0.21186252491696714,-1.0353178036478454,-0.4989734592276294,-0.7653477856513822,0,train
0.28975832417593933,-0.32623099843890196,0.27790068313036226,-0.14883418276591673,0.28628887571759576,1,train
0.7738372009747513,0.806406659038267,1.1909612497274167,0.9364923668437264,1.1434060497524798,1,train
0.146263389458529,-0.19260550090207978,0.6778713660891651,0.9576054943813203,1.1146131747818662,1,train
-0.8457842141245319,-1.1340109181476148,-0.8665175505232129,-0.05141343686093547,-1.3649650689321806,0,train
-0.1490467682786278,0.09447733912092601,-0.652473686412416,-0.13243647764385774,-1.0486039894217098,0,train
-0.8822182539724449,-1.3106328885929144,-1.4378982510547627,-1.6346266418900974,-1.136056064691072,0,train
-0.6065339528776124,-0.603694163536097,-1.2810383193936594,-1.863984510486217,-1.9136001751251257,0,train
0.23633094564366802,0.7202706452289784,0.5960713266530682,0.702090828526396,0.05118891367997258,0,train
0.7081143889462925,-0.5287556488995659,1.1308056216434523,0.9760621478866581,2.6264988106223806,1,train
-1.184826858732247,-0.6878975618309286,-1.0745183198363049,-1.8424227512100546,-1.9810159482184901,0,train
-0.23355122591187769,-0.3460762214394425,-0.41439498885760917,-0.4160333256590887,-0.6581061859212917,0,train
-1.3684688282426827,-1.9738742982919297,-2.0901156808723154,-2.015229532216448,-2.9871435701968747,0,train
0.07412508451870205,0.2700905816226247,0.36782526825950485,-0.09525281971414773,0.4648200016583247,1,train
-0.6671496738430386,-0.5283122322751355,-1.6103875676099033,-1.5709214131408002,-1.4292875192703267,0,train
0.7516854630587576,1.1373841241649585,1.086607278616703,0.8505267828114172,1.869770287053401,1,train
0.4337775600070502,-0.4169722009011698,0.3289986999853777,0.5668314654159887,0.35987335971374435,1,train
0.2702682577362935,-0.43211453008354855,0.6287164906597578,1.2699762423443657,-0.023309884055919383,1,train
-1.066043767340276,-0.9506102360836969,-1.4110379423371293,-1.8672121587827815,-1.3173759586550093,0,train
0.19433296634882877,0.055543890040974916,-0.13761177197525964,-0.3357953576323359,-0.764420543326353,0,train
-0.6505092777005029,-0.35836681626181804,-1.2729771443104392,-0.416806978033159,-1.4182298990476476,0,train
-0.4123677128092401,-1.3793098359166154,-0.7084617760434117,-0.3873430029262255,-0.8268046120603483,0,train
-1.7110886449898624,-1.0380291209126091,-2.0797025551979798,-1.086510370573127,-2.2559247948156127,0,train
-0.12002001080217384,-0.13660596175050593,0.18251761786622092,0.42034918073000316,0.8964542566962264,1,train
0.23922442893538282,0.12977834777712835,0.31176134750499956,-0.1984565478719345,0.7904851689623726,1,train
-0.7801220849367781,-0.36459103207475774,-0.26841297100196937,-0.7086151728231858,-0.6714862480848589,0,train
-0.3750016246514921,-0.38650058147913774,-0.38877455880262823,0.6311458759054984,-1.0096115222265256,0,train
-2.16447448139436,-0.7386459115820254,-3.1489906067560973,-2.379223388544676,-4.6808257254235395,0,train
0.552474263642955,0.32897703585914057,0.8439472069848778,0.20988826222572254,0.578255524137118,1,train
1.1094720868797443,1.02629258142491,0.9408140732935544,-0.3403084353604654,1.6059760830942154,1,train
0.6170377943552169,0.5724699549399705,1.192769604503902,1.5914022212907197,1.141213754050789,1,train
-1.0318266485100536,-1.408033737503964,-0.9996411276075179,-1.1186868734073288,-1.3718285471895282,0,train
-0.41478483219486983,0.29639947370154074,-0.8892325445038435,-0.550127871811332,-1.0806930674262802,0,train
-2.694706267991758,-2.4007081856621135,-3.5040949930204617,-2.829064799958619,-5.187556686868021,0,train
-0.2974778374866396,-0.8946114925697084,-0.7624029853847469,-0.15502138350926253,-1.3434654123117133,0,train
1.8320187419751262,0.7436924314840132,1.8045005305617678,1.3370875454638935,2.692592953155218,1,train
-0.9237354554514984,-0.292018609784197,-1.751838296356912,-0.48615308944821933,-2.0714086291290164,0,train
0.9315687892153295,1.6205789411194669,1.171074891898719,0.3232714743595705,0.8867493453754887,1,train
-0.17913882386394037,0.1781124566429688,0.07283825105598474,0.24593679954467387,-0.3273605631192376,0,train
-0.8675963044096588,-0.3899767702510843,-1.3417476711787182,-0.7177391099584859,-1.3562215214367945,0,train
-1.0635733986520628,-1.0355053957425586,-1.1955212909861395,-0.1817414630254438,-2.1028725638151733,0,train
0.23395243700961074,-0.36267273184162063,0.27406627290116786,0.6275993130168669,-0.1323659322869381,1,train
0.17068628585667933,0.45698234295034046,0.026761493917514423,0.4170560075339118,-0.33379509262128026,0,train
-0.42224752961092993,0.11211931635398781,-0.9904488703576855,-0.4545560774907055,-1.3056363152525667,0,train
-0.6190829483341245,-0.4822874989927797,-0.9713201666564838,-0.440796993435998,-0.9632186505007709,0,train
-0.1570078128543022,0.09540459143618296,-0.1844933154694025,-0.1945271557689653,-0.11608929606532918,0,train
-0.8375169583244472,-1.6412693292965264,-1.7109680517979347,-2.0846936613863862,-2.714729821001443,0,train
-1.583314699777019,-1.5508238484890005,-2.2097301206063578,-1.9123491399156478,-2.274132447931316,0,train
-0.8057538398821367,-0.6092550361206642,-1.168136612548769,0.2939252175096946,-1.7837635846543545,0,train
-0.8517254631060952,-0.15236076140574228,-0.9426963025322512,-1.0634849035200187,-1.2530757296935053,0,train
-1.1124993514769428,-1.4691396577252904,-2.0726382839277253,-1.9731395776278644,-2.6734229642703697,0,train
0.30344380617073824,0.8858749619314495,0.19961239624619148,-0.1743189929595037,0.19010045428012842,1,train
0.9189933138842171,0.5912061529581584,1.333244389249877,0.5189089150626915,1.755386890634636,1,train
0.4190459765943473,1.0575196024248479,1.458046311933582,1.0240279006063935,1.8547630220050646,1,train
0.9388590954172522,0.474218488783485,1.0027110913953088,-0.18806168081039754,1.9779019395656812,1,train
-2.3201416535383905,-1.7592192282267263,-3.080153627384356,-2.381550285388474,-4.04436630778241,0,train
-0.15419076000440712,-0.3514480286571513,-0.6499401626937644,-0.6324904021434696,-0.6699470597551848,0,train
-0.1626622422306743,1.2102423928746702,0.2794339569535229,-0.33237629667008695,-0.17362438870013225,0,train
1.1708759541360951,0.3405950743450993,2.236159011622915,1.5258991840604776,2.6925386011497654,1,train
-0.9577520107777809,-1.7683873541858204,-1.6766670511751092,-1.3498330524999491,-1.9931595344368074,0,train
-0.9746636661196055,-0.895700881919874,-0.9097291048276139,-0.7661066384674071,-1.2212178683481179,0,train
1.3522741042514652,1.3107301457685718,1.4826759097286495,0.7562722655697366,1.600205561290153,1,train
-0.263274960845451,-0.7225975561693239,-0.021388586658910413,-1.293727903946551,-0.07780752936913451,0,train
0.7515209701541504,0.8572079018402706,1.2156701240396852,1.4745264181864175,0.9392337419060761,1,train
1.0072720333420528,1.0631632181567474,0.8618680435359141,0.30189266697238504,1.3678205621707114,1,train
-1.1938567756814267,-0.8777493610695041,-1.5132474091776769,-0.9512261428996995,-1.787264946526089,0,train
1.1561782050796945,0.5220033732343528,1.6374598493503505,0.8071521574536429,1.449594530082761,1,train
-0.48103873180089596,-0.3979669224274886,-0.6186144645843334,-0.4517321308519498,-1.3107392265395106,0,train
2.2109940757595625,1.9928180903406414,3.100095458853003,3.1671507132310865,4.923111878707467,1,train
0.019216702989798155,-0.034684710749575146,0.1446541926858243,0.0262405372595923,0.16241786695648597,1,train
-0.17402936610179867,-0.8173459646627252,-1.231392474069364,-0.8974528408484999,-1.8669798427601594,0,train
-1.8994792713657698,-1.027106788892636,-3.0430847863520576,-2.0192526395337085,-4.173143369635781,0,train
0.2557744342136765,-0.015455492747473015,-0.7632047426847886,-0.4774484882906574,-0.5587478524335099,0,train
-1.4813041415349018,-0.5554264995532667,-1.3420382858250517,-1.289525673172173,-1.9057279183519147,0,train
-0.21477190239569866,1.2793717866351786,-0.33933045815923085,-0.48474528560378505,0.07975785657080886,1,train
-2.126789186405908,-2.565664124640264,-2.5019713874841725,-2.6179229430919193,-3.2023823457857863,0,train
-0.1789710168968194,-0.8944448924345787,-0.23190413349472083,-0.21462451948076453,-0.5653650230593588,0,train
-0.5395522663696363,-0.9561892622923578,-0.496390474750102,-0.770627657328137,-0.5693444302374936,0,train
0.9951634190139067,1.200944971999034,0.8689084965016132,0.744231354840932,1.5546889692119534,1,train
0.768062626644836,0.6955876061464336,1.376309311271366,1.3059723173984557,1.7735847999277532,1,train
0.38196143233354635,-0.043988442450935195,1.0045476061168412,0.015884188388619047,1.101358692507793,1,train
-0.7782760247504577,-0.33354419231663124,-1.0717671334455927,-1.68928168478859,-0.7971724573133155,0,train
0.5770616922737504,1.9642202283336099,0.6970206427499803,0.5094789048311328,0.7524587739480922,1,train
0.48235798528151635,0.682274795808437,0.6158304826561213,0.0667224270582864,0.41592121918454633,1,train
0.5863939470741184,0.9814910569436305,1.1713129016426187,2.0801975080773603,1.652229079463324,1,train
-0.8736382046323292,-1.519624656942113,-1.054806488948713,-1.0294724209564134,-1.6127998997957995,0,train
0.8841977664573054,-0.37556358286264857,0.18704356182495674,0.1679038376490464,0.11355606456641032,0,train
0.8422396328229088,1.126463866086187,0.8006955261659501,1.01831321714449,0.980463734171455,1,train
0.5549192475672972,0.35861224535973407,1.1012643382298455,0.19786461430045665,0.9199873288773691,1,train
-0.9974520238803384,0.1791243121389814,-1.0801500221701774,-1.7045748120484432,-0.8567226509266269,0,train
-1.120310793908438,-0.8568874573629857,-1.1744265551603683,-1.28393079443441,-1.8782144713196602,0,train
-0.5177856022246707,-1.3026853713472506,-0.5213667428184402,-0.4882253737734434,0.3507431653912839,1,train
-0.15744822779555387,-0.31784214013185547,-0.6965423209784906,-0.09711037003863482,-0.7812226350416762,0,train
-0.882632822227177,-2.0837302160959372,-1.4220078149481266,-1.4827812996265515,-2.0170760199990756,0,train
0.8343280111288126,0.6543049890263477,1.1870544152305578,1.0991815554792357,1.6626703016379576,1,train
-0.35402537170904114,-0.24520848185264027,0.10843335069775323,0.29959526800508574,-0.20837764650979967,1,train
-0.7890818005840845,-0.8432321062660878,-0.37606205794343317,-0.8842725161799561,-0.8311130468815784,0,train
-0.2713773671593861,0.3633569472545046,-0.7991712292765183,-0.7483229555294728,-1.293285627267327,0,train
1.5872313525870227,1.3616798764607283,1.4029793685443246,0.6902099594932574,1.7075384737004986,1,train
-1.5302771138533913,-1.774021138321339,-2.3378777345128583,-1.4175194978300074,-2.3733807865783763,0,train
0.7611386730040937,1.2534395920680357,0.9180015600142575,0.6107525143530521,1.4168796756623045,1,train
0.66565972144721,0.676748888005151,1.2214048514313431,0.91404091173664,1.0990944681427022,1,train
1.0770373714928845,0.9288682640150324,0.7637677146164099,0.9573265295053537,1.6808337829205635,1,train
-0.23005033373871364,-1.226390353545517,-0.3743266028142632,0.5330547091578335,-0.27848270291262134,0,train
-2.159673800688592,-1.4282285603893339,-3.37766027977142,-2.5723991492733824,-4.437468445899556,0,train
-0.22475344975626318,-0.08169010160708444,-0.1088143241065358,-0.4694216209824276,0.49545307431439023,1,train
-1.9142747699176275,-2.2948449070534904,-3.2009285838161907,-1.7221542821079305,-3.894560497721197,0,train
0.887235222719289,1.267050926098259,0.9048252339278271,0.8526219041160648,1.3531104080417338,1,train
0.6991720344528431,0.5396496787316143,0.8821794105793905,0.9711344436146186,1.573715304947561,1,train
-0.35592916210836534,0.2957454217303217,0.13011647258597708,0.512555196501622,-0.14770099091762295,0,train
-0.22722235149157635,-0.19341081661925036,-0.14704038971757133,0.1613882154291134,0.07415473851355353,1,train
1.2596793958370367,1.4437872239858602,2.1927496579796695,2.283145098345096,2.5342931717618162,1,train
-1.6071113994946473,-1.9955776872969269,-2.812204717440922,-3.3550195140719046,-4.029179663439872,0,train
-0.07986051114533772,-0.9774961480083706,0.173189467164297,-0.06272190540269801,-0.1649455876450545,1,train
0.31727732925178553,0.9238296819004832,0.6335314959659786,0.39997299012133597,0.41559100650750447,1,train
1.1371235218905922,0.07137755461731554,1.9097010456707817,0.9701227756424582,2.5613123043937884,1,train
0.8965596974140169,1.0389680632723564,2.2171581707718095,1.9924932733728862,2.513162007817992,1,train
1.3909355174036844,0.9955275038455972,1.4977483804351048,1.3741986707227534,1.8516699455562717,1,train
0.23086596844212287,0.818162122731102,0.582759149193135,1.2030269312630495,0.3068044173961398,1,train
1.3660372225194397,1.314306214177803,1.989020994877575,0.9946790864266819,2.494700259109274,1,train
-0.6462325777635856,-0.2017592836208782,-0.13517548967368542,0.15427997997085288,-0.4777091756923631,0,train
1.21288272085746,1.5951849326418075,1.7852501981174573,0.6407960319976332,2.382034340902173,1,train
0.19870236254158602,-0.06697626679577162,0.6823636141956622,0.5456022720502829,1.502340822440618,1,train
-0.9579928948917804,-0.5390088062812834,-1.2526722808667616,-0.6190841751084928,-1.7524137363054042,0,train
0.34532596641378105,0.921519047714709,0.005907072669836477,-0.08099606850354309,-0.0692198252460675,1,train
-0.8745962198163217,-1.4779370275099653,-1.036695810009847,-1.545060435190295,-1.5512455042933748,0,train
-0.2611649997767205,-0.8025426570034925,0.4398452674728098,0.935980736817464,0.8121238215663974,1,train
-0.2739248879108536,0.18469350749056965,-0.3277407221172224,0.08297807800128199,-0.861008200914499,0,train
1.7326673705066975,2.315504989461691,2.0552683996487855,2.1438203443930286,2.440016150715633,1,train
-0.17537934561456922,-0.8132808609561806,-0.8061490938127681,-0.6782990207140301,-1.400146936008509,0,train
-0.555056979490468,-0.7684530951907622,-0.812140425585142,-0.8984074016349366,-0.7544965083856342,0,train
-0.6749406778124626,-1.2489440487060857,-1.571170871469938,-1.6731262366721467,-2.4498043241125154,0,train
0.29891429221715093,-0.7991786874758486,0.06500671866696672,-0.12960269682642644,0.41217210556891337,1,train
0.5859363661676267,0.14926120943940646,0.4953495089942374,0.24460425487904564,1.1838889926571154,1,train
1.1464205377217338,0.9245640226239804,1.2730219907263818,0.9909150047107375,1.8594331307386929,1,train
0.45887900115606317,0.016267463328213383,0.04205859313541793,-0.6651496684898034,0.2782451555807037,1,train
0.7236793001081157,1.2963032453471879,1.2453689915292177,1.0720099938731658,1.6640597460694233,1,train
-1.685960778722421,-2.0308998610709565,-1.9789834502026094,-1.4916381226815427,-2.3610079334539886,0,train
0.42458123330633735,0.6109001552817397,0.5620349526712617,0.21365568983352917,0.7841745765703456,1,train
-0.38540307784874306,-0.4597733503922741,-0.7289139475629555,0.17014246692426338,-0.11177017684193857,0,train
0.1072274973388579,0.20144586960776983,0.22801274212997386,0.3634088238838746,-0.2730198160646968,0,train
-3.294526338889673,-2.353909018064071,-4.217982708943543,-3.1383735858488526,-5.522799065246408,0,train
0.6445010152343303,0.3669163565050175,0.8228849517193352,0.9194884691543735,1.1682525724299215,1,train
-0.5485715320137078,-0.12297740798675405,-0.9642048555344255,-0.648248124799387,-1.4693367425077637,0,train
0.6706249853630831,1.3843045137623189,0.5975232791857921,0.7175479601886696,1.4339581588566719,1,train
-0.9337326885164915,-0.37878232684519586,-0.39380086569475625,-0.026869053163794288,-0.975144559074427,0,train
1.4781829602179057,1.0858765749531856,1.7070395821865405,2.2438446680166018,1.8633311796068595,1,train
-0.6800382092288987,-1.0023833165747913,-1.2908771130950003,-0.8409884297391937,-1.9394698985578882,0,train
0.7816174021448806,0.45694449111485314,1.4298760408903832,1.7424092497322805,1.4580357881109205,1,train
1.2728239026922443,1.797799751092934,1.3987864374062504,1.4464433701730426,2.121943491479165,1,train
0.23905304058122812,0.28977079169815906,-0.37776962726157637,-0.26584271852253183,-0.6874686255629852,0,train
0.6059903368167245,0.4305379345481213,1.5291937498599792,1.7076351291404668,2.201237702777851,1,train
0.43300838938791125,0.49700143623850435,1.3832829534113729,0.9618479106580453,2.0866498703628724,1,train
0.3535771051492276,0.576398032608753,0.32223357557148924,0.3729618910495372,1.0316072926629942,1,train
-0.2458259427669228,-0.9221195607690387,-0.7204906376558606,-1.6225538713236267,-1.0474969632973057,0,train
-0.13869707958959787,0.4913626824313889,-0.16859991574494218,-0.17745114722268027,0.43051731816725664,1,train
0.1880406993768926,0.9487141827808132,0.12602597335023674,-0.550940941803192,-0.23461422884613506,0,train
-0.7533071916969268,-0.7906420846400929,-0.33477629344524873,-0.7409382451334754,0.15798546900211585,1,train
-0.04582451469033412,-0.28462876880897053,-0.6008176481194084,-0.3879377937577342,-0.457246458956269,0,train
-1.1037595041790975,-0.5831762088974909,-1.7232492799245664,-0.9243774824902384,-2.039465280520331,0,train
-0.6108647601477243,-0.7100020819578642,-0.043029668347887795,0.5389610202029081,-0.2475186599682237,0,train
-0.8087446039471122,-0.29993848943205315,-1.364458530696938,-0.5273770235028775,-1.7591860284877185,0,train
0.9731127909581121,1.2476604787475591,1.39251065629253,0.07370698188512259,2.012245928287278,1,train
0.11862577106780613,0.12053973562422848,0.20164988198082073,1.1811533247974983,0.28700037719890165,0,train
-0.49762504149810766,-0.18053191470003302,-0.6747856928277937,-1.1778772827408925,-0.42390150600038895,0,train
0.37041481816942895,1.1433508927072857,0.031891450385882925,0.051021421551567886,0.09321662357835964,1,train
0.9338580524287639,1.907456564428311,0.594612830648352,0.5653107161563736,0.92628465099893,1,train
-0.30759436341348456,0.21260037658627556,-0.0369001386396281,0.2108120508968207,0.042092760112245206,0,train
0.26364946697391567,-1.0867735445386388,0.02361924925791492,0.11081052327569019,-0.03822628682473822,0,train
-1.1811762580773233,-0.6808043103587462,-2.056244277606502,-1.9087735680514122,-2.5518725534156212,0,train
-0.9814290788065935,-1.6895806777711784,-1.6584050561893773,-1.5364654040920862,-2.6825661215990837,0,train
-0.32925843578010733,0.042520801927825036,-0.6631510530611294,-0.7819495457427686,-1.0933298985266389,0,train
0.1864895613986985,0.7338794257083057,0.30387897058921587,-1.2985173822232479,0.2450912571833777,1,train
-0.6800478039203652,0.3933347796427624,-0.6551634112164478,-0.06805533600616337,-1.0257338190905487,0,train
0.9386290389202429,1.255422731207075,1.8490602097944153,2.0541077512387793,2.8726434720051324,1,train
-1.6900515712047481,-1.8067866060343722,-3.0592875872603904,-2.432840100769271,-4.523743364503435,0,train
0.020931203050988084,0.25392742513009925,0.388862755656976,1.0811693280835801,0.7476075506244046,1,train
0.2788274928489225,-0.05226920658003706,0.2218953081764161,-0.0007665540765453005,-0.1673302612806794,1,train
0.3072013731066936,-0.2820472406523835,0.16923343659504275,-0.6870154088961092,0.8001458520343522,1,train
-0.9940463079696222,-1.3019380979566582,-1.241249228566759,-0.9286340982119531,-1.3043398991334063,0,train
-1.2799823129630425,-1.437466504234501,-1.829113740815129,-0.801186105707134,-2.1214590430639735,0,train
-0.2785337198052089,0.17164998298301667,-0.721917439753234,-0.20996012499987826,-0.7968722254930082,0,train
1.394308867328267,1.0877415085554791,1.6542831287756068,0.660542846775771,2.0898042725203188,1,train
-0.020082146438677353,-0.4197737023690713,-0.3814467831518302,-0.674852645614884,-0.32132991550664014,0,train
0.9981786235234043,0.7793605086048853,1.5653326362239035,1.0196762339001493,2.3682389270416686,1,train
-0.969575606835189,-0.5626190944105791,-0.45804648130926107,-0.6474648994014527,-0.35844201491936223,0,train
1.0781711883279805,0.2431674258082861,1.3515399310206146,1.8041432623127,1.8908536020496853,1,train
-2.1194183999346836,-2.495231821129497,-2.948019500285876,-2.465265880772081,-4.281298742617102,0,train
1.5279253849513377,0.3729605527266341,1.797863222016074,1.8520325365188925,2.929499123975882,1,train
-0.010558092058585314,-0.2712657919171057,0.24357419931881832,0.1721403193765582,0.6686269471813873,1,train
1.3105559296555145,0.9055162387750634,1.4283543293130658,1.1593395764107892,1.6052633453641867,1,train
1.1502531082840821,0.7233361132914022,1.4876388566410308,1.3062225971423682,2.1899869891483927,1,train
1.1937296762413099,1.5455256711564624,1.712132347122749,1.07330209836533,2.113589649747882,1,train
1.1527169628582814,0.01021192148629424,1.5619068167321752,1.3452272656334943,2.206060079660774,1,train
0.6208265885072778,-0.32733817801064347,0.6867822847561746,0.17970412077005776,0.316433650223496,1,train
-0.6543146929677564,0.31331605072293356,-0.42974152003012395,0.6003538582083654,-0.8167575273285981,0,train
0.07736136454081541,0.15756322400153583,0.09254542307848182,-0.7689904966960812,-0.34935701720496576,0,train
-0.6655112722068828,-0.674294329814204,-0.9370142156771917,-0.5843019461791676,-0.5717290282754537,0,train
-1.0613329147832595,-0.25954507632665524,-1.3607055497201794,-0.25509732084161707,-1.8798562713340234,0,train
-0.12179434175055204,-0.7047586234202073,0.4627259111692894,0.8514695608946461,-0.03651353488258491,0,train
0.47454387726991387,0.17060569704428588,0.2813357669271876,-0.7328516959469445,0.88104625591453,1,train
-0.5709433722938709,-0.4716502273620189,-1.1939446214906897,-2.051814235958059,-1.242454346833814,0,train
-0.7559235958979876,0.2733390043564923,-1.1853834354112325,-1.058642971849708,-1.801671164983338,0,train
0.009651540645999455,-0.5780460448946725,0.49455150572952106,0.8194981193743357,1.025288543099704,1,train
-2.101039724294638,-1.1361178075788412,-2.689068301452217,-2.8669171315891333,-3.7813009568257354,0,train
0.6230134802128224,-0.10477797254962251,0.7901771743086577,1.210771645021714,0.597234025060455,1,train
0.5870895398520678,0.8772889203063206,1.045773726419904,0.4564085152930612,1.594302101410223,1,train
1.0735528596302653,1.8743055542907656,1.4602506474329593,1.470084155034174,2.297349727235582,1,train
-0.6465171839698886,-0.4883022187432191,-0.8631913397034369,-0.005138656691956123,-1.4642883460663498,0,train
0.9696427466872433,0.513757780741717,1.8242450140029454,1.745418140636841,2.005139327055191,1,train
0.4539302160764647,0.8134385075207157,0.624285778920004,1.1008889362720753,1.4587725503293538,1,train
0.6345144795325407,0.9884825711990493,0.7931208503056566,0.2931932883838363,1.2093744204267243,1,train
0.03337532343027407,0.19952508392185792,0.245621511542036,-0.04592298407886253,0.24773074791384417,1,train
1.9319593046823134,1.6931595698095738,2.86524654750801,2.615277270239895,3.5567904603883247,1,train
0.36346131360056366,0.059897738174418735,0.4381890362442864,-0.335413555728388,0.8469613157104985,1,train
0.3106003115959534,0.7388255463230572,0.09705206957363838,-0.704622982532445,0.49108545660974384,1,train
-0.1928521855343015,0.27819104423894814,-0.20996533881003077,-0.14622083082706233,-0.0665792629072876,0,train
-0.006034846399896876,0.37911679427583633,-0.3540667052801998,-0.4723082782692657,-0.32915583515013724,0,train
-0.09725664602501484,0.6328926653962372,-0.23568845043726788,0.056148563540074053,-0.22699348731528635,0,train
0.5118147576101587,1.07325623665159,0.5191571252381976,-0.33020936890407576,0.07867426232315711,0,train
0.18265732661759101,0.1600108487352137,0.7008111698634695,0.9833028779263854,0.7552180114178145,1,train
-0.8550918589520674,-0.8006300208376431,-1.3978834012768273,-1.4921388832527334,-1.884915545625412,0,train
0.4427208642612109,0.5719479062235189,0.48058422104783194,0.6964554101833771,0.9764869853426017,1,train
1.1774332689178606,1.4844483199578464,1.9617529061613528,1.5452909734154514,3.256571376804035,1,train
-1.5793022185321912,-1.4794654579709892,-1.6040221116538826,-1.753750086338687,-1.9900854918006923,0,train
0.4896015875194747,0.7535460571152417,0.47624794925866687,-0.5742317204812464,-0.2300310249257007,0,train
-0.6588222626341002,-0.9737770181329818,-1.4169959969831107,-1.2329617284225178,-1.7139178283859404,0,train
-0.6709975981485725,0.01603253326838694,-0.8441823635489599,-0.836112478673717,-0.6027198472914199,0,train
-0.7195296747758235,-0.765019692081501,-1.3910602689453468,-1.4907884324784013,-1.7410013254721861,0,train
0.29167185399248424,-0.29695375196690643,0.35826409341051485,0.5791067506411398,0.9105623858159947,1,train
0.9062243750162899,0.6144902134383291,1.5785858034887115,0.9526844141586867,2.126439907457895,1,train
-0.19504581262986687,0.5455413889373942,-0.37921277373452333,0.45613362730911605,-1.1398386072758193,0,train
-0.570069933541362,-0.9928302528621553,-0.9611637264620598,-0.8998318804169694,-0.8658787145039231,0,train
-0.2069250472895299,-0.6606993909782871,-0.21909965346203827,-0.24685357207411307,-0.4253670005703204,0,train
0.060456946512578026,0.2141571327947236,0.09671537219724385,-0.3525549521935669,0.2342216345134663,1,train
-1.4957406171956455,-1.289575147775623,-1.8292553252908674,-1.1824439746548694,-2.479351517777634,0,train
0.7425971902728369,-0.03025324548815589,1.3438630147394517,1.5511465941512301,1.7831975486770495,1,train
-1.015771608931588,-0.8859268214803669,-1.799683450014839,-1.6310497368542816,-1.9619654708903767,0,train
-0.6711857806138543,-0.4931973472114506,-1.32266544566003,-1.2552839366307191,-2.02922602678769,0,train
1.4435791775152493,0.6927778213496434,1.6562049453595573,1.3833471134022148,2.3676550987613263,1,train
-2.0932582481782998,-1.5672243089310818,-2.089196909682918,-2.211748042318554,-2.3803385298244977,0,train
-0.772391277137714,0.6750798039979302,-1.4504366712023162,-1.3775396903198633,-2.1893582425533538,0,train
0.20442187816207805,1.4747095112214976,0.4795230687936446,-0.026502622094368045,1.0781912512948977,1,train
-0.5183747690785055,-1.0249191129228692,-1.1044298982747716,-1.4633780062279547,-1.3993942013308476,0,train
-0.90945473857758,-0.6358810724347368,-0.758587257806187,-0.517851953623576,-0.8330956938149021,0,train
2.66677314985479,1.3090653224402606,4.035117767992397,3.6055120330768733,5.8283178994927605,1,train
0.02315267195340732,-0.7465247683685861,-0.10581589729737848,-0.5188567709526652,-0.7165793309121594,0,train
0.42919531784436404,0.38056129565805613,0.8216921035396998,1.038548783256951,1.0899961975618784,1,train
2.359356850605362,1.9075714659642973,3.600195055389668,2.8170071950408433,4.3498570328885355,1,train
0.8278675248062487,1.2716997649349777,1.9006619445935113,1.6335960607281763,3.192369374084447,1,train
0.35372406802444417,1.2414512696657563,0.5010918411036174,0.6366313768530848,0.9688157908465524,1,train
0.8266321342970577,1.5435461671862716,0.7766550649525736,0.19804957441126658,1.414832463829417,1,train
-1.5549049258512042,-1.3854220356530182,-2.713569065239247,-3.312551192177989,-3.3389917776520943,0,train
0.01443236233476953,0.18019723991333475,-0.48704995186365946,0.4377169991678841,-0.6113411343973069,0,train
0.5028126668268678,0.7666404266098177,0.5128937968445237,-0.007820171726313774,0.7569077845901662,1,train
0.5508970896849251,0.9146019183023912,0.7581976216011085,1.0411501284118967,1.8429656277885096,1,train
-0.3638299128969412,-0.41029528985246544,-0.9288834160964281,-0.30649660016329333,-1.6021602929103382,0,train
-0.7025193109241287,-0.39014866908510865,-0.26975190193843135,-0.04935634439325268,-0.0337943642062844,0,train
-1.2026079056491654,-0.34659821833208737,-1.6843899975237333,-1.4724315776514505,-2.4694928231988538,0,train
0.7101242352937879,1.3644262544451475,0.42210550836699146,0.4145328340085197,0.37760407220255543,1,train
1.0661411921613981,-0.03458013148170669,1.2169750545147642,0.6493713106115186,2.116862874717186,1,train
-0.047594247379979256,-1.0704641423282049,0.040725453137647014,-0.6442657121431847,0.5158334330886023,1,train
0.9195167297518089,0.8838730336394245,1.0843031087378203,0.8301524091127878,1.3594930241610428,1,train
-0.9329975696547255,-1.2162479140886524,-1.673789596686552,-0.930046206419674,-2.332033782707972,0,train
-1.6373609788253058,-1.3901638995768977,-1.96174318787832,-1.6089467173235674,-2.7543373238819213,0,train
-0.08460066910302355,-0.466611020408376,-0.5159289608350209,0.44716808075953113,-0.773614587726455,0,train
-0.028039815904021048,-0.27267209757132976,-0.22007278110484055,-0.08102084922464636,-0.29285642815307733,0,train
1.7881129462025052,0.7247737166540753,1.9528798572546537,1.1414060577350553,2.709722691138181,1,train
0.70733079963864,1.346856432868743,1.2987377465850325,1.4552784670023615,1.6466989080466412,1,train
-1.4821663768893982,-0.5754543814528633,-3.073902633305299,-1.994174277617827,-3.682174439106833,0,train
-1.2086723900838743,-0.7925679699528534,-1.2838008277117305,-0.15774312371996735,-1.4187362605121616,0,train
-0.16172589875890592,-0.04271619957112771,0.26008910819928077,-0.4587416998282241,-0.6051006390036369,0,train
-0.40653151578769,-0.9145685560043995,-0.44361042653731875,-0.8482051182170793,-0.7624765760558099,0,train
-1.736913633801886,-1.1987262997271004,-2.602242995720707,-1.8077854172043675,-3.1657332877095374,0,train
0.11309133519782935,-0.11213076061406697,0.03359980066877305,0.032318116946217536,-0.0667090217497828,0,train
-0.15591729132782764,-0.2648860557476059,0.5912647641833806,1.46549006841407,0.92053844618692,1,train
0.43364139585241185,-0.2904090469014113,0.2601679269158068,0.6861842151770051,-0.21378428946771516,1,train
-0.3521658670710174,-0.38004210262594695,-0.003560483639479972,-0.881391839921065,-0.6588095647083316,0,train
0.9724595742504983,1.337230489663543,1.3784893728327858,1.4321977272868822,1.389044188868728,1,train
0.7940554916766309,1.0141487894849681,1.0326942217843482,0.8636756747455582,1.9244384406727653,1,train
-0.04861395051239122,0.7502439698067322,-0.05019244103134317,-0.23077802954660717,-0.2824188490658046,0,train
-1.135715230472414,-0.9463598115320312,-1.977492553121356,-1.4723327361898044,-1.473828727750091,0,train
-0.32269390081508725,0.27041481277642043,-1.095036422937791,-1.0772546212698724,-1.6771811187206933,0,train
1.5393438587108674,1.4904938066826405,2.6731358444719113,2.90665615484295,3.647713136091932,1,train
-0.6127348141130667,-0.08682085395219835,-0.7860681857471075,-0.5013851342038645,-1.7346187805443343,0,train
0.11756174652022547,-0.1343014242215016,0.5452409989454841,-0.28612001888414673,1.0744772100675422,1,train
-0.362847329635258,0.47080454191919213,-0.5031386351449134,0.8213853059300942,-0.4211316702435779,0,train
-0.6880622752274846,-0.01590783337492141,-1.3273234059157408,-1.3297724620902933,-1.361429794994558,0,train
0.9473549179906622,1.1915645704658901,1.5595746335684142,1.0268247430881372,1.5888751060547268,1,train
0.7202117505123267,1.4935493087311666,1.9936981643204021,1.1808995794837807,2.615056108272361,1,train
0.9741313548186844,0.9235894898212615,1.0467253161560672,1.3032515231272446,1.8335578008591689,1,train
-1.983020762908023,-0.9710402161654812,-2.6711114215591483,-1.7578896789024965,-3.663975962546335,0,train
-0.7231899595444395,-0.14264625351428473,-1.1607957030104827,-0.6386198597866402,-1.61267364809876,0,train
1.4374257277091307,0.7324483481308799,1.9835628810328922,1.6277910087186627,2.2306335738303473,1,train
-0.058692848693628036,-0.23805115294974727,-0.0749911810356887,-0.10289097974183149,-0.4395554918476059,0,train
-0.12200474561442484,-0.041932895192042276,-0.4836329737922913,0.5330618471248365,-0.8979684040159464,0,train
-1.3735868740845947,-0.24565284554674194,-2.0901890611567384,-1.2065790767475364,-2.7169290296535067,0,train
-0.7324680370215902,-0.418518020530958,-0.7765766025569205,-0.5508841984905721,-0.8436410428188904,0,train
0.4237384918430287,0.49051234375322617,-0.0729198942297824,-0.1557924989875216,0.4247810698407269,1,train
0.14207468917948904,0.7823879074458638,-0.20577447951567693,-0.7775781654423379,-0.4792763404388122,0,train
1.822812308230629,1.8312368797453265,2.2341447050469085,2.1216517406237627,2.928775671087295,1,train
0.24762751349156156,1.0084297149025045,0.5655287664250971,0.3221370048057895,1.1653434866121097,1,train
0.023805202629367063,0.6054482792846678,-0.10208848306287352,0.1010545798654676,0.6729063693106898,1,train
-1.442375115530977,-0.6767339557661946,-1.7955469659544736,-1.523655150181776,-2.8111530351905447,0,train
2.3437737424753244,1.9658522471280468,3.1643393708956666,2.8831405790506413,4.525931565682057,1,train
-0.966270883034006,-1.4390853030965631,-1.1789325493582534,-1.3541199189514876,-1.1757009958332538,0,train
1.2083457631731693,1.0530746400625264,1.2764317058469739,1.3268975112023702,1.249652819647963,1,train
-1.1739985244190267,-0.9609481218592493,-1.7612290020683223,-1.2704243793129029,-2.4400858853937195,0,train
1.5442034528245334,1.659227455136927,1.3966649421524981,1.9463230273187064,1.6029213621164606,1,train
-0.7193441749779922,0.14983667612147278,-0.5351108486027658,-0.17353352686684437,-0.6569989465607855,0,train
-1.1775656360097024,-0.802622330740506,-1.6716157270098557,-1.4247944684975753,-2.047321068866202,0,train
-2.2229937367682253,-1.6538966654464728,-3.169701779354797,-3.785397589354115,-4.380588449547635,0,train
1.3021615025658753,2.0396740777668647,1.9757884645097983,1.2391723044661054,3.3673258372600485,1,train
1.1581759358424848,1.0936377921027554,1.3079084004897321,0.7953444960339027,1.3852395301359133,1,train
0.9015062268414336,0.4508167249549558,0.7822648299122137,1.2511301137975015,1.2037606135733516,1,train
2.633401637884807,2.713506455267978,3.2760112093404676,3.5380023372118905,3.433762150153811,1,train
1.0484793317785066,0.5440205027353846,0.8849488096506781,1.214470475703433,0.9856361773336675,1,train
0.7945083825273969,0.8768336634565956,0.5852556239847575,0.9845005176415712,1.0535248416724545,1,train
-1.546150521201998,-1.6151530706084203,-1.850502401608129,-1.212136723268957,-2.2259012320172267,0,train
0.3723518329795056,1.031109743792634,0.776162525044735,0.4850934049472122,0.9826609914673703,1,train
-0.07263778493467142,0.4973228425455523,0.12566300674543757,0.5126780165831349,0.6329577667499481,1,train
-0.6491792304387983,-0.6685278099461858,-1.2823661054179227,-0.9098491234625672,-1.5243384658174222,0,train
0.48474452288200975,0.07864967961395991,0.8706269079646084,1.1975987620676316,0.9701828229364517,1,train
0.8347353844088727,0.10081560508116494,1.3399649490679115,1.3249846970716033,2.061894175549459,1,train
0.5572047127486083,-0.011833012381416208,0.9088121074374926,1.396283255489227,1.213879554134976,1,train
-1.0209787291804755,-0.7827198192763072,-0.9785861866640786,-1.3550978736285961,-1.5800537464988755,0,train
-0.0443675840024473,-0.6540880699958393,-0.10248826362503086,0.24565893848757578,-0.15296590981938116,0,train
-1.7066241807145053,-1.8305922385619564,-2.0229437889512942,-2.4869782583088966,-2.350415176909495,0,train
-0.9208645166116942,-1.3804375193546896,-0.9408582451215539,-1.331530125875414,-0.29926683472985804,0,train
-1.4271445117240924,-0.7614018801194181,-1.5314231930401965,-1.1630288052873947,-2.179248195651693,0,train
0.4506180161458382,-0.3488222580358977,0.877124404871154,0.11441633546967234,1.5732011181585568,1,train
1.9530547552988151,3.0576404434645976,1.865779767882136,0.7357628424508477,2.127313482324743,1,train
-1.0718415527549698,-0.9533853885732293,-1.2672869252139025,-0.9523392470770862,-1.6568156034385808,0,train
-0.7924920040973948,-1.6213645364833718,-1.0506544174317751,-1.523438636277758,-1.2671651836092377,0,train
-0.9573347542909095,-0.7708373480272454,-1.1135870775705248,-0.613428333702688,-1.0775466791006092,0,train
-0.23097230037127883,-0.449194715233901,-0.3030170710960919,0.04222107557042826,-0.7736180752770137,0,train
1.0817364716404563,0.048597572659980215,1.6434072909859014,1.9129026559577278,1.6963792488700817,1,train
0.4184633666393959,-0.36103606598651217,1.1046914419648775,1.467285057777091,1.9412329842869425,1,train
3.1801348424745615,3.846622957842537,3.5916684170727646,3.2101452820482206,4.668871359551241,1,train
0.8881085299775653,0.31275943508023224,0.8984448574664365,0.3562738942199124,1.323142002995453,1,train
-0.03566148716135139,-0.30711694100085263,0.2885287575517796,0.38408270006377654,0.7340146199982683,1,train
0.11843657150988,0.4255649553351435,0.08859972996901416,-0.16553449809151932,-0.09630510164033887,0,train
-0.39753450030868115,-1.0502187598836497,-0.721646635936565,-0.3265621732406385,-0.595680509403711,0,train
-0.5547481726807403,-0.3847157953401339,-0.8375699969085655,-1.0817238064998496,-0.9955252338702628,0,train
-1.5158243453502744,-1.7551644797279549,-2.3228303781009845,-2.307575973747549,-2.8950668003634648,0,train
-0.4335589456240535,-0.5983190307245717,0.5977820643949882,0.6940740283495738,0.5502929187182264,1,train
-0.4540636110535101,-1.1431764495288894,0.17230267740912297,0.04130430093805605,0.24455930151826036,1,train
0.1537139865790049,0.34809270198993497,0.6083165319581646,0.30417485850843085,1.6363568524972707,1,train
-0.731831431522352,-0.4106281577330464,-0.8285764366071917,-1.0071783746340048,-1.5898960281866694,0,train
0.4792631188405286,0.6834050938337075,0.889507946752708,0.520246479241235,1.02658489846895,1,train
-0.5346991482030434,-0.7632264711773642,-0.6564603978837928,-0.959297853683606,-0.6708814436922207,0,train
-0.8290474845804661,-0.6813266067016287,-0.396868598122849,-0.2650352611336114,-1.3299255798021408,0,train
0.19913478399962037,0.4635342042979967,0.2677099002381402,0.3035057645004673,0.8282814066345651,1,train
-0.14683124045254572,-0.5601815615162742,-0.33170113905282206,-0.2921447998088131,-0.9706711395796399,0,train
3.0226270756141904,2.316911674025688,4.25589766189491,3.4742216983058785,5.974001245721339,1,train
-0.9118693867202403,-0.9145567116865525,-1.885708324470278,-2.073045267514914,-3.1955962786774053,0,train
0.8844315294275545,2.1511228947890353,1.2789356696800365,0.8357273919632665,1.9431928513424757,1,train
-0.0987230824453242,0.19755830788083295,-0.2220324194539119,0.29720949887930603,-0.6937951211323614,0,train
2.5127363553938644,0.9504863938051036,3.1528828991019235,1.9964941182243021,4.23045561370701,1,train
0.6909614830137923,-0.02919037507342015,0.8130805427120955,0.9034839648037811,1.8862849868909939,1,train
-0.8457366341986913,-1.2095755072112697,-1.8026714686568703,-1.7328371290952753,-1.9057487350707336,0,train
0.450860347283028,0.7430046106548962,0.13996492272075745,0.32926726913127335,-0.2259406537917462,0,train
-2.0020683283517626,-1.1313183942181468,-2.770328273332571,-1.3905301965982109,-2.72897486667794,0,train
-0.4222792832620583,-0.7355792674848798,-0.6282661800157633,-0.897371504318587,-1.0180746946316637,0,train
0.6060466227820636,0.5621695644449968,0.9380894257606551,0.513234269485709,0.9908564067055265,1,train
1.0243133031487155,0.8720763297221589,1.275107040464841,1.4237170703502173,1.9158293508147128,1,train
0.29061831912770747,1.0674619553175708,0.45624544894305064,0.11847803291022063,0.2694165796342228,1,train
-0.4009991068889241,0.3959471196351128,-0.3189244088281665,0.6020558767510149,-0.16672739388478655,1,train
0.7709500418022027,0.48613126107501475,1.8046927631286234,0.5212262796402509,2.4273191593504437,1,train
-1.2974185918290255,-0.8309560509376742,-1.527337131630562,-0.958154042009059,-2.321233238258275,0,train
0.18014703143669789,0.19920342140894517,0.6762447520838466,1.1959715471069572,1.3493673763222795,1,train
0.47311590641031,1.1059326746954632,1.0995891651112406,0.24854588185310877,1.4367751994253282,1,train
-0.3786134970662878,-0.4510328178426395,-0.6534355948737971,-0.5190667503912133,-1.0400379857829662,0,train
-0.29276670565734136,-0.5759386462044194,-0.6160479820022029,-0.5941163364373256,0.2739033328427196,1,train
0.8920951465393415,0.3798965487070785,1.5115161180326813,1.3769498745574988,1.697484621161636,1,train
0.2836808063139991,-0.4913166033664197,0.15485079583908637,0.3194866508754517,0.6297785475743068,1,train
0.1360009538162285,0.2078045161333881,-0.07381894453980639,-0.49028874693776897,-0.10519190286661996,0,train
1.1241465081698687,0.38108438044625237,1.3291672237322651,2.2217201413611614,1.5895355609269475,1,train
1.6627611095099906,1.2496842370861436,2.5070764864682578,3.4287511410178975,3.1130420204292903,1,train
1.0301590142824142,1.40263538225929,1.1351348601046296,0.3865261634754291,1.8123005885356869,1,train
-0.7413691391872567,-0.879317929905401,-1.5434679460507628,-0.3937581433054639,-2.6539965519584956,0,train
-0.5637667024208537,-0.6474902218154303,-0.6796077982794331,-1.1809522075225138,-0.20651143019576468,0,train
-0.7561712186639805,-0.643025145677795,-0.12642932152617803,-0.24760331571993544,-0.1962065672312201,0,train
0.8997710514622839,0.366927427578355,0.8345960490676363,0.6474174833025871,1.064652487920554,1,train
1.089016936771809,1.624734053341581,1.8270325262561555,1.960569863306317,2.9808247727108945,1,train
0.14377002964104027,-0.5330506767732383,0.37976313628118585,0.8209187639040361,0.48660607017611257,1,train
-0.33667698307193883,0.8138260138006169,-1.1129566733471512,-1.0624146344910903,-1.55098140099917,0,train
0.18218575401208373,0.3165009819567601,0.0691990078362067,0.17720944424937993,0.3364654899791153,1,train
-1.472926742920744,-1.3004310303722098,-2.526941280575762,-2.188567380884878,-2.857195499252654,0,train
-0.13974750698972208,0.952750170241021,-0.16851045645390997,-0.5361830612638989,-0.07482741686918223,1,train
-1.999786202972934,-1.7946875840733298,-3.386304682730382,-2.3908233421303664,-3.8835279302147194,0,train
0.008143319012471102,-0.4082005960266959,-0.2893457496195474,-0.945341078861306,-0.56772741557273,0,train
-0.7703195836856388,-0.2723073394989298,-1.0592878893565005,-1.0973835975499653,-1.4582261690867948,0,train
0.3811143349280746,1.1982063989955585,0.10988925389305354,-0.2664802348076135,0.24498842006575083,0,train
-0.032169353563568,0.25245762179465064,-0.5272988350202663,-1.0860257013159524,-0.6451125316549026,0,train
0.2213163157794686,0.8222168541375307,0.12189199129490497,0.3972106455319177,0.9626779766573035,1,train
0.5809209404457901,0.9823903142578891,0.7689786160552653,0.943914507609091,0.4382072779694156,1,train
-0.41008552181028896,-0.815267582384016,-0.2269530211509484,0.18777632647035242,-0.2188318064094723,0,train
-1.4968882939824217,-0.8717576615916461,-1.72888688715038,-2.2791397881251534,-2.8053906319010045,0,train
-0.165905552496079,-0.5746525433013993,0.44134547611148833,0.41038027412227884,0.08784527685694488,0,train
-0.4566836311238235,-0.932294258464213,-0.47525608221616383,-0.5316125072001122,-0.9637390017656904,0,train
1.357304338733261,1.5207714681870823,1.5893515657726793,2.1160957251044903,1.3524658668870488,1,train
-1.3633105983388742,-0.5393317616313081,-1.9026165463797509,-1.5352103600351523,-2.565587765833882,0,train
-1.9035584705387214,-1.7232095533199696,-2.5164316803963924,-2.2027152089172377,-3.4118533957946515,0,train
-0.7743471246524554,0.128217273866572,-0.8364839634494401,-0.7385726088461293,-1.4419709920519137,0,train
0.5280887249279768,0.8172675810612853,0.9806674210019268,1.580827731559531,0.8204460454919473,1,train
0.5664919266707088,0.9871536812765231,0.6322887420371006,0.6361992925233798,0.33691203801565095,0,train
-0.23426172336581344,-0.6033684395844148,-0.30682905333697397,-0.24921477618812626,-0.27666636301154107,0,train
0.14853190935046215,0.31746170270713836,0.6395212594899081,0.01068275851610423,0.9514006931956699,1,train
-0.9685615325374838,-0.653871859022178,-1.733507892564109,-0.4934528538320637,-1.9824338116720936,0,train
0.9588631366399312,0.5517257252431501,1.6608956653398723,1.447391579685085,2.0342898703956767,1,train
-0.2774630565082947,-0.7329819880829598,-0.7030682870021436,-0.17677055461874125,-0.2886519818551758,0,train
0.7384139650627881,-0.09564149318816606,0.4106725010077069,0.4503738850572735,1.0124861265176865,1,train
-0.9358454012319807,-0.8773143065887892,-0.7940102488196322,-0.40415447558929424,-1.0401968803947366,0,train
-0.09626864726782089,0.26565684065930906,-0.5250119128128896,0.6570470533100512,-0.5610968276314816,0,train
0.1645659968444247,1.036217326717832,0.32993779062654605,1.345548081455663,0.13279776527590031,1,train
-1.9193201536565512,-1.341642013885145,-2.47994060266755,-1.604577104958968,-2.9772331346978365,0,train
0.08410966038016586,0.6348868311263619,0.4651049382552953,0.5801625290511343,0.8808863957662896,1,train
-0.3587169439038823,0.5253701635384296,-0.06993908637483537,-1.1240239881577148,-0.2641535466593784,0,train
-0.19458461826709653,0.42409721304305936,0.4804439690196305,0.27417872587597747,0.44467622916489197,1,train
0.7792654917160474,0.5583413936722408,0.8848637354951919,0.8644857953152046,1.239993700405945,1,train
-0.5327835802411967,-0.2075001597823021,-0.6928217232067843,-0.37811153622506866,-1.1623748974346373,0,train
0.05879344195172329,-0.2585996017263821,0.3007822408721161,0.3722349213166889,0.37309688692171294,1,train
-0.9217425142047053,-1.1816831091904192,-1.553240536631053,-0.7118055776679455,-1.8156324228964005,0,train
0.5151784730900044,-0.7726512557332164,0.630134014763391,0.10855886143972177,1.2292617356205762,1,train
-0.7150318382457563,-0.5408317520036504,-0.6371999933277861,-2.2215940713165816,-0.5648515363550942,0,train
0.29922225963889787,0.48339687614110094,-0.118168099319575,0.28056061411690864,0.4602284364377638,1,train
-0.2758767661152774,0.1251237046547319,0.6981148112768234,0.9042492801021236,0.8923567069690255,1,train
1.1614297680241519,1.3019204941504385,1.9422475331411135,1.122255339921943,2.5629413471672704,1,train
-0.3583093690079783,-0.9260855210186865,0.39915612962576885,0.30685817854856123,0.8875172655452451,1,train
0.7244428770024444,0.41687053313779476,0.6492804797715775,-0.38296115549479004,1.5617048409432996,1,train
1.0597422205793796,0.9075486807892011,1.1589955604211033,0.6033827985902378,1.3499312865644824,1,train
-0.4965584347452269,-0.2271693207386203,-0.2933748462111306,-0.8251696569807675,0.43604558982860897,1,train
-0.8030220712057775,-0.7488045661287829,-1.6076468032022744,-1.2461916031771587,-2.196747276110622,0,train
-0.22907499247478935,-0.456511601331286,-0.6291971106849592,-0.7736773721454699,-0.9028894283228437,0,train
-0.25779519821942903,-0.13154913824363346,0.0842314365821124,0.05382983326812938,0.3512064801420641,1,train
1.1846989102946457,1.042092816061627,1.2973445317955559,1.1313477205230122,1.8586757851696722,1,train
1.7130784763023554,1.1719845949914955,2.2558747878206384,1.3426913661117266,3.2965235264346857,1,train
-0.323078214986276,0.26105002085438406,-1.0401137536812433,-1.2410716570930562,-1.6301717637899513,0,train
-0.7013574222175415,-0.7970892020377506,-0.32279789467262165,0.7170090668141095,-0.37336249755688783,0,train
-2.318188149933181,-2.371311201052249,-3.410540840777154,-2.3855663908518894,-4.188947771427537,0,train
-0.9289230093303753,-0.2008769733725524,-2.001515360046275,-2.1721455791438635,-1.368867199343769,0,train
-1.1454488703785923,-1.705875909745078,-1.0380032051443449,-1.1075732346043061,-1.0194049014974276,0,train
-0.3860390702334308,0.13565759372052044,0.2738551991389616,0.191179940295169,0.2822236730182086,1,train
-0.09989665255320244,0.06201537165259573,-0.09317162301281781,-0.8129413714277659,0.5017366688667697,1,train
-1.5666348104134404,-1.9337381939915539,-2.048675811437131,-0.9975541461754485,-2.5857152405441552,0,train
-0.44527237382173107,-0.4291438275978757,-0.760262640666462,-0.4069481299278028,-1.4407220052424017,0,train
-0.4796450778415579,0.02820058150220839,-0.6612383113476609,-1.2708842419385216,-0.9678486514626894,0,train
0.8073535686996745,0.04887206626520668,1.3084706939888917,0.9627834581225256,1.581113078204772,1,train
0.656771266265137,0.013881255379282198,0.7954610706519305,0.6323932251485831,0.9479573613482211,1,train
-0.36402873805835567,-0.536026885652994,-0.5775281192925182,-0.34341465085170786,-0.5300133737871231,0,train
1.3307071122593561,0.867978087024454,1.7195550600118308,1.3819158109983953,1.8797822240588467,1,train
2.5447791350368374,2.1802169289165856,3.3356635284103944,3.386136164312585,4.352532582473442,1,train
0.9010981629176702,1.174797861459545,1.5527413757179698,2.4630616381446564,1.4664946081078458,1,train
0.7998638229541151,0.8768804677790352,1.194995434561411,1.387815202766318,0.9835890430876142,1,train
0.25175240188312664,0.07409852146034793,-0.03538309913287324,0.5003797271972577,-0.3430478394474984,0,train
-1.9923833373094189,-1.659081437548168,-2.673432205231086,-2.7470517813751623,-3.003811656888999,0,train
-0.4394329332181234,-0.9394487857254108,-0.40209080572977685,0.47862293298789876,-0.6260626683514008,0,train
-0.5463947892398994,-0.8585888305173187,-1.794001053880319,-1.3147158007215447,-2.686165295767279,0,train
-0.7508802825263468,-0.13310794710999174,-0.8727153853615266,-0.9345384742853292,-0.38592089807663865,0,train
-0.07709528657751254,-0.34957924095359916,-0.1580843021161346,-1.2991377612163262,0.24559323907666944,1,train
0.44726020113659737,0.11608129114882138,0.3353321802794673,0.23476793425761963,0.9479192952183761,1,train
0.39406578750295246,0.6842253410783805,0.34183479088578406,0.6647932255828315,0.678513440811262,1,train
1.475254102148069,2.036490360763003,2.317914098242394,1.9492474534824085,2.885003336991603,1,train
1.7587876220963845,1.2484937050150844,2.1084318706329674,2.3010452701812656,2.6928735118650633,1,train
-1.992774502728314,-2.082107787593637,-2.6976521014884334,-2.4612505632093464,-3.59976263031791,0,train
-0.3268503594466593,0.22540586536619406,0.215566874509397,-0.16867053013327923,0.335375676063054,0,train
-0.34769177779162264,-0.09716718831876969,0.34049416416363426,0.6484300715438376,0.3791480454183427,1,train
-1.6717617611327282,-2.0159073050236476,-2.403895472775577,-2.6425419041257996,-3.290002340566007,0,train
-1.6812074155861612,-1.172901600769731,-2.1373396265953053,-1.5820936750792707,-2.616024520945048,0,train
-0.35898182707870324,0.2988363984671276,0.4681486294247708,-0.22660842674193332,0.7471107040990059,1,train
-0.5099434213913654,-1.1099939009422737,-0.004116205589769328,0.7786229083697198,0.22195918596379619,1,train
1.2856449700027894,0.7421934807041666,1.6183611062794716,0.951925435097805,2.2642210870045543,1,train
2.2429048814689674,1.31299753869201,3.48354105041531,2.734077596746291,4.00854178672448,1,train
0.02052380555634336,0.7915574364080967,0.14104779820266,0.26855302784465696,0.2716454635458864,1,train
0.8863755163963493,1.603489384046497,1.3166607754465556,0.41250489059165796,1.7920566753101244,1,train
0.18574245584234267,-0.4194511443033243,0.9919770039209701,0.2831044713154294,1.0276748422825048,1,train
-0.07579353025511962,-0.7956158988830105,-0.3900946653850969,0.18662227334732806,-0.26181957707838577,0,train
-0.21923790357522033,-0.537868274961715,-0.8166261094005642,-0.2828826870946185,-0.5817970020280512,0,train
-0.7032697994086436,-0.548611020352272,-0.9901063795092129,-0.7260529393193009,-2.119353083592578,0,train
1.7207163256687368,1.5705790149065217,2.624992977002086,2.22882903843704,2.9574615724735422,1,train
1.27320014606939,1.0418868644049055,1.1958540808620528,0.899307283808048,0.7007862519428528,1,train
1.9039656276257995,2.190332885091791,2.3218606664854504,1.4402925998777072,2.620492348485876,1,train
0.021379798731028868,-0.3019222793521858,0.5225328803597228,0.17250523208108154,0.6116956774099108,1,train
0.39645355697222895,0.9608657789067445,0.3163580510150381,0.16293679574885472,-0.006438732063066721,1,train
0.9723233362165485,0.4950496350216114,0.877227665356977,0.6560368619110718,1.010736842362662,1,train
-0.694534626596287,-0.389147800130463,-1.7174317012171203,-0.7188607556755965,-2.748537090889057,0,train
0.7351132221944688,1.0965533200380695,1.3862058914199331,1.552855811344056,1.5502941205820058,1,train
-0.5325180432607379,-0.5286220999870294,-1.2402313109429763,-0.9677087143776794,-2.1699150768094397,0,train
-1.7593320449970926,-0.3404978167472712,-2.6310705087445396,-1.4043008853310472,-3.4451877551022236,0,train
1.7075241977169016,1.3744456776272707,2.2808585879487073,2.60847506599023,3.2493745864020367,1,train
-0.2384159657927298,-0.01697250742627837,-0.7466815002229914,-0.5155898637869321,-1.809620243111207,0,train
2.48466582894892,2.2882713476970085,3.3107233629478,2.6437664286621305,5.040806919101162,1,train
0.7092834729003814,0.4129670322453623,0.9695800512827988,0.6766056188684797,0.7872411071489755,1,train
0.7032880292720081,0.4059035800591725,1.028116789293285,1.3483959285231373,1.7476707367534607,1,train
1.666282421313917,1.0130429472882536,1.70464706940961,1.6247075730931744,1.9010266926128176,1,train
1.4626522990646122,2.2028651719981656,1.643661566450591,1.6912193681787868,3.0917157718258514,1,train
-0.7167688197200398,-0.7845883561811885,-0.5792787594865048,-1.5920524489772434,-0.7275769693798775,0,train
-0.23723176938812582,-0.5062282872115098,-0.5106675180520105,0.29971687837139954,-1.5584654742440027,0,train
-0.7409878649602331,-0.4413892657286689,-1.4266602641268287,-2.1252063228058655,-2.4761594818010617,0,train
-0.2824961051231718,-0.07292381530565722,-0.3423793346479998,-1.4477756362444099,-1.4183456963335739,0,train
1.0238472875549223,1.1933916646621223,1.2184081625842968,0.5969267510765159,1.0492887264259556,1,train
-0.43425657940068246,0.5042708618064273,-0.9336402452208508,-0.9039242610274512,-1.3420168182787797,0,train
-0.3203114077977824,-0.11801126917132476,-0.6602097513568284,-0.3244070246770474,-0.11780075278547186,0,train
-1.2033162167111013,-1.4799551335990964,-1.2171483863022967,-1.3088864291792024,-1.6696686050293394,0,train
0.3517655877466248,0.49272433560190454,0.5587560913485656,0.12407739935363932,-0.07875915059583682,0,train
0.12301415794037564,-0.05634668826380759,-0.2614863670106793,-0.8952561006028837,-0.14298326520381466,0,train
0.9361985863623897,0.37273472529540225,0.8773687574653648,0.6631766650060689,0.12285362880259787,1,train
0.9222709456149834,0.11476195874200112,0.9641164463657141,0.35718648435910894,1.0843580836055355,1,train
-1.1334299107510648,-0.6556713914428755,-1.3039315301810244,-1.324185705709462,-1.6346871799627836,0,train
-0.012552539424722536,0.5925671319355759,0.2481356064729111,0.002938344490095335,0.27151385999753097,1,train
-0.12754264811296434,0.43395838466143977,-0.5265887738781401,-0.011234629951601405,-0.8837709608343841,0,train
0.3623466613113646,0.6829625967971857,1.2311136930000905,1.035393928813671,1.5837646804769483,1,train
-0.05675546292605221,-0.08828374015793536,-1.0061638771707284,-0.7978253866275414,-0.8187283148844597,0,train
-0.7486108717150252,-1.0850832447569965,-1.3508503933717804,-0.5819559262512658,-2.2778372921253798,0,train
-0.23552580651888413,-0.48931154746266203,-1.1066321943661468,-1.054552976713575,-1.0664733373951978,0,train
0.3224977628029272,0.9323950536290562,0.3319088915292835,-0.01896267166655885,1.0960455756305738,1,train
2.010457491915047,1.9886238568936208,2.4494722620279763,2.1564539448219153,2.479095152353585,1,train
1.4731896536499134,0.8421484661191079,2.0138167801978137,1.758755143580402,2.8122203223021933,1,train
0.3446372320517244,1.3368281445413794,0.05039051008140255,-0.25890849426398704,0.15991783012583036,1,train
-1.8340904411817043,-1.4411735172371536,-2.4027604630891086,-1.587712017984476,-2.6300123343301363,0,train
0.05154531406306113,0.5434346789301702,-0.3630167884349711,-0.07172779760519038,-0.16261526895909378,0,train
-0.11342116334316005,-0.7974580821492221,0.2568812965975249,0.6200060215628707,0.4809892333033746,1,train
0.5686183663035471,-0.03274401482728401,0.625268201415791,0.11433998606994095,0.10567469811339925,1,train
0.3465744441447142,0.7040446847056818,0.8416195120464134,-0.09036369590808868,1.1276448885736985,1,train
-0.2979201813037736,-0.6544311741731546,0.2498994185495828,0.984106949862464,0.5926867402077263,1,train
0.14865362938872637,-0.3845799575347174,0.17299324659446755,0.008983679222823227,0.6938661981237134,1,train
0.16157312264756385,-0.549943627222319,0.33780890837331234,0.16139973520674072,1.1056512065048771,1,train
1.140283458597369,0.5690125199159296,0.7662767135552591,0.26903951458729775,0.865079465593908,1,train
0.9303637624480745,1.085300708327853,1.0769905661931398,1.7984390257449177,1.4950711582359824,1,train
-0.46828244208025893,-0.15585775938195134,-0.5114091228852868,-0.0934751197394213,-0.9923489428047589,0,train
-1.2124841971339688,-0.923716292476835,-1.9505342277639284,-1.29374036424374,-2.976251851181617,0,train
0.7453371927839846,0.37664252855535585,1.3714707463891853,1.744307575462876,1.7281104658401554,1,train
-1.6347019083458776,-2.0351353486808357,-2.236428772278544,-2.0088511113728216,-2.6285394301435887,0,train
0.9306494439332277,1.302329721280308,0.876726285678566,1.7660393357295625,1.2331006106764963,1,train
0.15701578535649235,-0.08308937171264708,0.6859564389568863,-0.07758008673066774,0.9497533947794785,1,train
2.1579853350166727,1.9138694089166686,2.5102781008808033,1.7112575215126968,3.28203782312218,1,train
-1.1145113925956387,-0.708874749364427,-1.2897946328276368,-1.3782828817208785,-1.5053780240291144,0,train
0.7677339505644681,-0.07287886211062178,1.236783607986944,2.346556694498638,2.5056022311474173,1,train
-1.7312239814258803,-1.92557459492746,-2.306148372679673,-2.366673464771039,-2.7184980366434566,0,train
0.43394004311676193,0.5378033044870802,0.7532353912064554,0.28960144857726666,0.3684311747661798,1,train
-1.123731251972248,-1.3712689403500753,-2.0192212521942317,-0.7368102345138402,-1.8990662791732236,0,train
-0.193872923276425,-0.4437113686042887,-0.39470279000047737,0.148444106181156,0.15646432692855272,1,train
-0.7625556234277595,-0.6807654729275021,-0.8403876650420085,-0.45444566240644035,-0.7403296374504189,0,train
0.8910327906693114,0.362261857983117,1.373519020321863,0.43102844516414707,1.6656497929710827,1,train
-0.6195477094040835,-0.46658830397550216,-1.3198776141643538,-1.4752027154227996,-1.796906762425303,0,train
0.7224257128805045,0.9500265606501863,0.4550687829280795,0.4302892480317674,-0.11364754956888501,1,train
-0.2784970303336556,-0.01405157822039127,0.22268982339992055,0.908164346499114,0.22108461985763478,0,train
0.31985743184973275,-0.02440501709538645,0.5666920889959436,0.8519840733379807,0.830939586613036,1,train
1.1580401734648629,0.8128942185251518,1.1539476339541577,0.29334597722474065,1.7888464970773834,1,train
-1.2087174492869612,-1.4444670354839881,-1.8540239297070338,-1.1501096675221514,-2.2410078187458184,0,train
-0.056002117375747555,-0.028336941901396122,0.5277148423090892,1.3508948727194028,1.1950401433409783,1,train
-1.2576738056709378,-1.302871773307925,-1.663407408069365,-1.1020889966230956,-2.738783445402385,0,train
-0.9032264842195973,-0.806521490322621,-0.7207687851202382,-1.5381423028251673,-0.9547469623884492,0,train
-0.1255837708441344,0.6975153659253053,-0.5867756408902908,0.6047451673806254,-0.8899930753233495,0,train
0.6334100360176009,0.2664509176771689,1.6843920558175118,1.9012573312775038,1.7407739502326605,1,train
-0.11484502554180726,-0.6505579922431205,0.9056288709668456,0.8344705349744167,1.3588983544765176,1,train
-1.07268200507388,-0.8354577192224223,-1.4143057576077926,-0.9542678361112813,-0.9456734601139047,0,train
-0.3578392549547568,-0.2523872718609922,-0.20307181934705343,0.8131422579340517,0.3818475203730627,1,train
0.2873152514775036,0.6361719066588789,0.44143667086691374,-0.2617706203670576,-0.23428897677621285,0,train
0.3692251073154568,0.30341291159395956,0.6167077505081572,0.7874676185082845,1.753516164148174,1,train
-0.1776818061917789,-0.2706168031854751,-0.32170110510171923,-0.43311432625209106,-0.31626046195414176,0,train
1.603876538754513,1.3173540927903786,2.4523431269916083,2.556264110939,3.8139615464104537,1,train
-1.5857038558403331,-0.6456835985686998,-2.1619337665027785,-1.5681952512962882,-3.704689963628424,0,train
-0.19855519240647898,-0.15761755207628386,-0.12769232306355036,-0.05493168758710056,-0.07515488499007253,0,train
0.30290666088208956,0.674130511297318,0.6216197983024011,-0.07244860510919615,1.4122621099923864,1,train
1.568843628995647,0.9827050039571513,2.6954839036298237,3.341996351207505,3.8204485319930153,1,train
1.8503356307847083,2.137338381304735,2.5221481070816134,1.4946467792957034,3.130993296205402,1,train
-0.20419821288049783,-0.26581643659720006,-1.217528861792642,-1.3878163489752473,-1.334275781148049,0,train
-0.2418687512936228,-0.08338994199112433,-0.6866743436817642,0.08489590475672315,-1.1725770706287362,0,train
0.910888171570094,0.8734806518473934,1.687388670777745,1.5460369108791638,1.2652801739130064,1,train
0.06898842083068026,-0.32826532285421955,-0.12037918174090703,0.621135808882243,-0.05795371316163912,0,train
-0.4246459154894263,-0.43930419207286003,-0.6277249187076869,-0.4648571740617512,-1.2172775896796377,0,train
0.9857717129861355,1.0410217254356966,1.1985301905426011,1.573897207886915,1.1767068520244572,1,train
0.43703150737519986,0.5773166618358957,0.4851869940743468,0.7614430277046584,1.251479010132328,1,train
-0.804949311868824,-0.9782170949739948,-1.275092942673306,-1.7188425660311117,-1.7950127172703838,0,train
-0.9231086774578319,-0.6732652135491775,-0.3172589265709984,-0.8342183303156956,-0.7532659885695213,0,train
0.1483540412518122,0.7744221576243263,0.08274209978995002,0.8510504908264338,0.2515074146827337,1,train
-0.8668029985895795,-1.4906197853788465,-1.0402119602430016,0.21372887705251709,-1.2006209134758583,0,train
0.21141119951482953,-0.06296063269815541,-0.011001620184136973,0.3432672709150635,-0.2115852868078399,0,train
1.2102832740736373,0.9175072749293645,1.7182795602529537,1.4313733553935908,2.269113885401844,1,train
-0.6127223897658286,-1.1789730763801463,-1.1293613980706925,-0.4985942806779983,-1.3239140449590663,0,train
0.7819509893610759,0.317497300141042,1.3653907206018019,1.2826740072679093,1.861377051166206,1,train
1.880229839379108,1.3797817086054378,2.4087078324687763,2.350857319534976,3.235458960408433,1,train
-1.5619843804352131,-1.1211971204460904,-1.8307265394758985,-2.2999120720792128,-1.670768625597876,0,train
-0.946500019499216,-1.2093581545499434,-1.2381246699237012,-0.8238153650117676,-1.628342163887771,0,train
-0.4079576816264856,-0.44062291199822734,-0.5384449384898696,0.09990152891918624,-0.8282471692977356,0,train
-0.42560719272719133,-1.2895466756938794,-0.08517767508184093,-0.022891243863088016,-0.1337666908509093,0,train
0.9600098139797049,0.1284569705397275,0.6459762578773582,0.6771213289265826,1.5419906754769759,1,train
0.796412154736068,0.1905628758875081,0.8743977521676146,0.21405626986949255,1.2593887608990768,1,train
0.296587721041365,-0.13891810467505117,1.1940622047056648,0.9366209865435806,1.3408322395532468,1,train
-1.322928795378663,-1.616467506823486,-1.6023898047999505,-1.2218915808837307,-2.5175396365450933,0,train
-0.05757586894889936,0.12727434637647483,-0.5314181630272148,-0.17456276801330983,-0.8248525607934857,0,train
0.17929229155805182,-0.6317727005253249,-0.02832937911387637,0.5356924901700695,0.2715785418972935,1,train
0.9154248414388433,1.2717284693773725,1.2920226213795043,1.6719459499668226,1.9487534339845674,1,train
0.05092609999464607,0.08158032889403466,-0.00455968831458646,-0.42709572405242385,-0.44767800594497753,0,train
1.2753380357378785,0.28646061837157943,2.0124944301551944,2.813503554223312,2.6386989057660815,1,train
-0.7545534623214135,0.17469659039702679,-1.2863940945057153,-0.2932070752918218,-2.2694137472222495,0,train
0.32767767328509056,0.006794522046556284,0.7918675950086939,0.3423733347780531,1.2008930286809691,1,train
-1.3197055562241875,-1.2120307224374047,-1.887161542064307,-2.4956354427412313,-2.0902415248749437,0,train
-0.3721410548053045,-0.560662138841409,-1.0176467421563389,-1.245839322484797,-1.7832435018520179,0,train
-0.08678483570575633,0.5260492556888272,-0.592821494560811,-0.38613331633668485,-0.9204357993348689,0,train
-0.3810714256776563,0.15828957800076676,-0.21747391262166565,-0.3385222968677913,-0.015828890157837228,0,train
-0.6746602719041301,-0.7292645913676383,-0.17990819041588824,-0.5578779020745528,0.33980333961690135,0,train
0.3137475269398463,0.4385341845756582,0.18468657460847063,0.608804818403879,0.3465997105923987,1,train
-0.5719673103932792,-0.20364350226097228,-0.6506863692143138,-0.1490132856237658,-0.3961920691686696,0,train
0.0032164735361900386,0.012908129490312515,0.4131158906555084,-0.08889671856046638,0.2923228112525162,1,train
1.1368344310360459,0.9095448037673437,1.276026555536591,0.4065989738345839,1.6949069305107167,1,train
0.7308995458157076,0.6262853543801338,0.7671767782463235,0.36749469392952694,0.669576888295494,1,train
1.1213991473666847,0.9447852145909648,1.7609481268881422,2.040587478305829,1.9804871773425645,1,train
0.708635359112193,-0.015334250924137649,1.1516019276115355,0.4944764620415576,1.8607311533097937,1,train
1.5937833989238468,1.2778372029535978,2.412328261379296,2.286081680359699,3.6269301508133713,1,train
-1.0424335087843544,-1.8061502811400532,-1.2823077917331562,-0.4905994132724497,-2.1745395848860785,0,train
0.17776767548434677,0.44207600147705584,0.3776855045343572,0.30358036844895364,0.6051097697892167,1,train
1.2712597783473427,0.9465784857844677,1.6401781356059615,0.4707320927083529,2.006049454462363,1,train
-0.01739686752894611,0.13399622677646486,-0.23954994841977467,-0.3496405678938572,-0.9305620905568593,0,train
0.18627011731453988,-0.20040027490814888,0.1865216748789176,-0.015939813620720278,-0.22670397246911614,0,train
0.9613273646917476,0.0023359714233398554,1.273042549455113,0.8175592139736775,1.7338650175513495,1,train
-0.07254900059973118,0.5043723513753613,0.0545182545681448,-0.14835837741532062,-0.5416319194709563,0,train
1.413895007342142,0.7421871966536315,1.8244760664603554,1.3972091559091293,2.4229040482521635,1,train
2.0618790515694014,2.758453778924314,2.5653051110923033,1.925497640791177,4.016387680392619,1,train
-1.2037551041560737,-0.14868283402996818,-1.6700044866120658,-1.7443629097476965,-1.9107963932831098,0,train
-0.4279531356605996,0.7888056531822578,0.04571436246935201,1.052180269144811,0.0630332725792502,0,train
-1.1067929345424734,-1.442483579501944,-1.7538557260314267,-1.669809093286797,-1.866606695030409,0,train
0.4931399357347348,0.5984226430490084,0.9918323177417013,0.8289413424200692,1.377864097096395,1,train
0.8070690543126104,0.7493237280965681,1.6155051210720233,1.598615318392135,2.415039405281876,1,train
-2.2514826002001573,-1.666752881331682,-2.8071147073913716,-3.033941684058717,-3.8357278785395446,0,train
-0.8836330905686214,-0.25537842227941426,-1.013360252666099,0.07562946871499365,-1.9731790546659953,0,train
-0.20323246365499562,0.6930127681366753,-0.17423866748018974,-0.4015961283675259,-0.3811847156662435,0,train
-0.3380858201027371,-0.4367785017113647,-0.26977898349230334,0.044210536620165664,-0.4511281637601744,0,train
-0.573582792738005,-1.3263734166368712,-0.30709757306453944,0.596440539856203,-0.649101567822744,0,train
1.061455377186372,0.20007541288230601,0.8762432960346939,0.3740798619633154,1.1804766013205243,1,train
-0.26741525944192973,-0.7990740142856976,-0.0592794858925666,-0.6678422291262341,-0.3673453586423058,0,train
0.5146170553015584,0.691969313663651,0.5366209407616498,0.7363164987122741,0.6583783977535697,1,train
0.9990170614990185,1.06892244190667,0.8818184406872125,0.5729496851153288,1.232621530642931,1,train
-0.6044403117510947,0.2546221881844484,-0.591866818742299,0.45391610535707216,-0.7538084659714348,0,train
-0.002531674075119811,-0.3344769152212965,-0.022725769382248955,0.946395746831246,0.06993784074426776,1,train
0.3349381448032928,0.16231826353388118,1.2068725019679503,2.192221791081141,0.8303137147868,1,train
0.7844403502692835,1.2321501439185463,1.0976303002596226,1.5267410144138687,0.8644920913822838,1,train
-0.9094276557965376,-0.6756364296365741,-1.0947377502950117,-0.38069469454930416,-1.3928606963629404,0,train
0.3315032165949311,0.7637153442953313,0.5362139607214063,0.3578713982542646,-0.11839537225504193,0,train
0.6947164037907141,1.2883656821563862,1.1062004422878717,1.1042038827278147,2.0518288586193423,1,train
0.9856031452219481,0.0960515163365464,1.0261607204060115,1.0891543086178024,0.9365287585260034,1,train
0.3551832148361048,0.7934680164207992,-0.10497086959031898,0.3707595745092507,-0.10665388231584146,0,train
-1.421261070043864,-1.1551334533580178,-1.8249378851429767,-1.0417490970004062,-2.7966596747308796,0,train
0.36388347064930493,-0.1812062333444429,0.29485766047153916,0.539848320609989,0.8001501374914564,1,train
-0.629647019778645,-1.280470168234308,-1.2526756373682337,-0.3039235304204295,-2.0288200034212442,0,train
-0.17595646698852066,-0.49561265177277836,0.19868953501084288,0.6986726325444521,0.04942144453594177,1,train
-0.36476078037293974,-0.4896404209140217,-0.4956236367232268,-0.4862951978717909,-0.9433176634522337,0,train
-0.3803957234361277,-0.42737795273485624,-0.8076059552726579,-1.2092701827832193,-0.8770892646409731,0,train
-0.591915442643601,-0.1363925893420473,-0.8656841415215022,-0.7804512030493482,-1.4086440384137957,0,train
1.9031523383077333,1.7674732383506615,2.8209535965297032,3.1086622700076134,3.2746704577278782,1,train
-0.1979678382612693,0.09508167325029199,-0.6264234747347086,-0.25755963025645406,-1.285885414267729,0,train
0.02815987965856776,0.14735820934103078,0.0617085175481583,-0.4885257455645265,-0.17418658863923844,1,train
-0.4116549941509627,-0.5138369654970086,0.019069259699389773,0.566477129354021,0.04697212579075901,0,train
0.19818392117982797,-0.025947101605175216,1.5612178926643303,2.185697733550236,1.3929222428447767,1,train
0.47416916153926664,-0.07664686239693452,0.06001726481729264,-0.5871882568934154,-0.15335361939988063,0,train
-0.5196450153003516,-0.0976057634846565,-0.6580606784748466,-0.804755129077966,-0.8198005828428151,0,train
0.9761016521311694,1.3883243712079318,1.1929346029245913,1.624305086811979,1.5276667698299788,1,train
0.45517049831466044,0.09114873162692377,0.712908276212293,0.2391044334589596,1.2289124390425952,1,train
-0.2221432854583713,-0.15863537048626966,-0.1430253273949403,-0.29508451113761747,0.5263777052391757,1,train
-1.3655530243608198,-1.014278662613885,-0.9559029490704399,-0.6906299808063696,-0.7904412304134512,0,train
0.8545408291630868,-0.26740405028780734,0.606027629632096,-0.03322407834275887,0.46445819525586224,1,train
-0.6310027332325301,-0.8477515322118945,-0.5005764196068976,-1.61324614786498,-0.6434795959378943,0,train
-0.7517912928714122,-2.3100613738054188,-1.1860250043282672,-1.6330931814381127,-1.173537174610209,0,train
-0.17204592710597646,-0.015613170311275848,-0.5142173669303567,0.1918309580917184,-1.1249754447419789,0,train
0.49654459338957574,0.8238905070973126,1.1161741984158706,1.3255532378001582,1.8434780703811586,1,train
-0.7094901478153504,-0.3813393484701283,-1.1116928678591942,-1.3984626738240475,-0.9935237438071165,0,train
-0.2546408430206402,-0.3637019649470557,0.39275160563794265,-0.20981019993994166,0.735982856831415,1,train
1.5529503256651571,1.3102780431020753,2.544874403024626,3.077015273628012,3.670209037904864,1,train
-1.383151263436325,-1.078975414558516,-2.5177579816661813,-1.8429392790632673,-3.6348022963856996,0,train
-1.236440011300952,-0.9618652655274599,-1.3438391273809653,-1.0911930919211448,-1.4397992987987522,0,train
-0.22880855659088445,-0.06480231078090315,-0.09748022155558822,0.355998867199446,0.3906973176819788,1,train
0.8667844170952079,0.39000798273489334,0.9085418608905602,-0.18032748536356502,1.1202965582451674,1,train
0.25084664537112067,0.33496652794015935,0.7591908078405292,0.5666401303904635,1.581977882758698,1,train
1.6459571776642223,1.290744566364165,1.99810582099294,1.1376437381794322,3.2093179124738076,1,train
-0.8949461476203264,-0.6548861466711857,-1.420821039336662,-2.0751871854373487,-2.1452691007335285,0,test
-0.2186134072153586,-0.7075281791771267,0.3028225209852977,0.9746821900379117,0.2264516313777491,1,test
-0.3091797235784808,-0.5426203508327865,-1.047819779717149,-0.8071298590901999,-1.4437610702585495,0,test
0.5592185391398115,-0.1404308163423033,0.7889187150158771,1.6615755270909272,1.5094606131374275,1,test
-0.9342289202774954,-1.2486730444549796,-0.8195213890037134,-0.6377165618183284,-1.263926628974618,0,test
-0.21938069767002732,0.2582915065422917,-0.39980658836427463,-0.37880326460533403,-0.20374252762769857,0,test
0.6384602575254459,1.245894661320986,1.5629119129103874,1.6799732764490052,1.291019023378054,1,test
-0.48252268734915216,-0.9859222869390316,-0.6239056361657365,-1.0597311339251956,-1.2076842506522807,0,test
-0.2301706139754561,0.41633535650595366,0.02089342169557462,-0.25995319987911936,-0.5377784223124349,0,test
0.8544252183907263,0.8951515364850068,0.536112270704404,0.3388079639740519,0.8515995278628827,1,test
0.5330918498181758,1.3256017854855433,0.6716640843829496,0.8836419210872375,1.1325053364059186,1,test
-1.5268971330537355,-0.5349766297848805,-1.8726799243317094,-2.199142623960884,-2.620301493717366,0,test
0.6064473457237448,0.5614933686211887,0.9239494004445342,1.0506409868023956,1.293983388203453,1,test
0.5893779458930689,1.4794439112563778,1.0733541047036632,0.26126641814220797,1.0369970049396495,1,test
1.737334654317579,1.3804157505184684,2.113748798261496,0.804675101098525,2.378710798960935,1,test
0.5944610595601225,1.6452027884684346,1.0895916647660664,2.4391630379711007,0.8282473380406594,1,test
0.7932848688604228,0.5591931908727423,1.4989165818657808,0.9100046411681579,1.198676669142195,1,test
0.8646564798038153,1.7509805101951454,1.0932854529016247,0.9079278413027325,1.5665907315997734,1,test
-1.1802935540042272,-0.4455584712397451,-1.6568680313715707,-1.4265670583438348,-2.2916328467814107,0,test
0.8809811747447222,0.04105563816450486,1.0598020860758877,1.1214860584384898,1.0011523962375124,1,test
0.4106655221369686,0.03746438072425623,0.433081886957154,0.5633525864788466,0.8432906744948327,1,test
1.3841536659924631,0.5769074724891968,1.9611678092243676,1.739663765972163,2.5419958681915853,1,test
-1.453522963845511,-0.43016190775036756,-1.5921146647014461,-1.057966138052725,-2.158982224104779,0,test
0.5213105152314084,-0.1055632222307365,0.8355221252972153,0.5527753278172678,0.7819802552562558,1,test
-0.6821889420699966,0.3193859111035935,-0.9616218317283457,-0.2416980869505828,-1.356913277738668,0,test
0.3413050258432007,0.6412473402542187,1.0348584993748657,0.18565306749538457,1.7645673636809773,1,test
0.010846133668014213,0.2647087026382789,-0.019472999592550513,-0.6727691547291902,-0.37261526555778796,0,test
-0.09850921772368322,-0.17538735489813212,0.26844557634634825,0.07484246905145339,0.05464261276627258,1,test
-0.10612352350312867,-0.6146642816524994,-0.6197805935781278,-0.40918634124065656,-0.1197996741046713,1,test
0.05337519016953496,0.3671699751587755,0.5437527354884302,0.5970802611870899,0.4472902833920124,1,test
1.3006234511135877,1.2155056719037651,1.570722325366048,1.6019942667435016,2.467585969051452,1,test
1.624555762048001,2.5890566318070563,1.8102961455539957,1.599450366157792,2.9968922694800613,1,test
-0.1438445195819635,0.3352591866076048,0.1647971960995492,0.05309965721764828,-0.33595592458133994,0,test
1.1557161044472786,2.052907487858817,1.6054704999998952,1.7069874088354058,2.2227676149210724,1,test
1.6691371848243532,1.9330313198865352,2.1073084377421205,1.274241299719867,3.0545577409920304,1,test
-0.30974375300852114,0.2588039107012212,-0.3824893246983031,-0.8780610925047283,-0.6526589108368176,0,test
0.05719326206973639,0.7252076186550185,-0.2217557834159658,-0.0050627048525573315,-0.6269572256202943,0,test
-1.1512953182339056,-1.5084772277900123,-1.405504264001912,-0.8583586454433954,-2.5978315103504226,0,test
0.21131991991943028,0.05782785180413964,0.14612576230179805,0.8588777956824623,0.10509347876728145,1,test
0.7161338011371884,1.4557254565053734,0.5966522092873805,0.6591017778222947,0.55799616823275,1,test
1.5690306578957534,1.2805123098427573,2.2157028872607505,1.6874588636139283,2.702341105404753,1,test
-0.7026575749176269,-1.2067154359364407,-0.6714787378388007,-0.1826425803401242,-1.3273312033622084,0,test
0.045356743706014536,0.2786401426522965,0.21787917362874004,-0.8438556189932819,-0.07973856494064763,0,test
-0.28026267376890346,-0.13787693305578547,-0.19842156787509949,-0.2831639785464227,-0.8422572830552367,0,test
-0.360914027943877,-0.9132995827723038,0.6608382424792725,-0.3808096625168158,1.0230545869618024,1,test
1.4749608368242046,0.697872271862569,1.8863150997990124,2.207187012756094,2.71058023157011,1,test
-0.6609263173515586,-0.44286611076755356,-1.2119983382452855,-1.8756870537005057,-2.518679917331851,0,test
-0.60951928406804,-0.31919692734271654,-0.9474877686701447,-0.8754065491634953,-1.4226016422555303,0,test
-1.470005622837653,-2.268420525860988,-1.4481637695536256,-1.060812023213318,-1.879468326981992,0,test
1.6419608196942566,0.9026530898253929,3.006825630786463,2.6411930018238077,4.064312119905883,1,test
-0.07136153383302603,0.5907008671105862,-0.03901899368752529,-0.046628740200801114,0.00255428389640755,1,test
1.3384633878857317,1.6537187862739717,0.6740230208679945,1.5997262425433574,1.2671274485247979,1,test
-1.094715419676534,-1.1243683760613359,-1.3250600691608645,-1.7804394747663315,-1.1233560824784856,0,test
-0.2462569605822539,-0.9857462229272081,-0.8512449384067219,-0.49101183540585824,-1.132543035146267,0,test
-0.4030705496696936,-0.2651115756315353,-0.8082311712023806,-0.3547279870578912,-0.38882296689889284,0,test
-1.3866449734847996,-1.0366096324557217,-2.397075238707416,-1.829679802863752,-3.3319520848001796,0,test
-0.7068582769849383,0.2728423235019929,-0.8272182027880963,-0.4540753587491567,-0.832009674492457,0,test
0.7611147304545449,0.9624732214300902,0.29510051825848715,0.05030137293167028,1.079343083048767,1,test
-0.613799097025113,-0.68147721958253,-1.3119815266079544,-1.0492247767578802,-1.0734891654197634,0,test
-0.21447755854730682,-0.06058064922732748,0.17056145264257644,0.2979774595610721,0.7884398785215725,1,test
0.5898867398051961,0.08144878822895624,0.6885007484580883,0.18484663033179932,0.9041940286684669,1,test
0.7599937076347117,0.6749498701068539,0.8773826222688542,0.3356762235183091,0.7640348099989535,1,test
1.5882259126311589,0.6682543498359929,1.970618381133895,1.045393939188302,2.1844679464054813,1,test
-1.3857046132611173,-1.017759199827011,-2.0800776300014663,-1.9209142009286417,-2.756509026758892,0,test
0.2508325515664105,0.06013765516704561,0.426574201282211,0.6840994097007946,-0.004607823945760647,1,test
-0.5567575780210386,0.5568303673106481,-0.43687009756604533,0.8895454460579058,-0.6183460284482188,0,test
0.2842469316486316,0.7398809877660285,0.03135906563708635,0.23992724135378063,0.21951776983787222,1,test
0.7378209684143799,0.9818138717298279,1.4823477870850446,0.8201975277899958,1.4095271155837499,1,test
-1.7923254073213608,-1.9634266889841343,-2.4209618846991576,-1.622030546168199,-3.3496525796200403,0,test
2.421813431692698,0.9314465635783458,3.632362290605825,2.5596530696840807,5.542986209243871,1,test
-0.6707268076902708,-0.2082280960194725,-1.2861348708363969,-1.885210864505767,-1.4916599094487693,0,test
-1.9537815861700556,-2.3729293940064773,-1.9735048287432406,-1.363804205171628,-3.1242305446008074,0,test
0.016409890694433472,-0.8552297214294182,-0.25106907473686163,-0.22370261749235196,-0.5867103089005106,0,test
-1.699937425723041,-1.725246664211416,-1.6672440925607788,-0.9830533659499794,-2.256208863774857,0,test
1.1400334200740128,1.2635379729810856,1.9215691011898786,1.3079341171284669,3.023615493238486,1,test
0.5209125315123213,0.42429200776211035,0.7675978337515419,0.3601404139294389,0.9869119065796635,1,test
0.2064299088791197,0.3471754259083052,1.2780996774156121,0.5799215685439014,1.6663625300118572,1,test
0.8384271873223847,1.5119644164947617,0.6840881797658032,-0.2624489586110469,1.015172778880438,1,test
0.49058408178050456,-1.0430681479180381,0.9943237741721572,1.0655425612676825,1.2116245276551065,1,test
-0.5009056689484639,-0.8787916557852762,-0.9413568076941725,-1.6389038040098063,-1.1499093639596871,0,test
1.6271673206314716,1.3624279529278351,1.7568344412424726,1.1196015765242118,2.1751611801115134,1,test
0.8661936861738152,1.2730978863151303,1.1406415942277826,0.6446172257014438,1.1116967341245154,1,test
-0.6468042292955923,-1.0471575409486777,-1.3632832102666845,-0.5776126471006482,-1.5455085177140755,0,test
0.3163081507171472,1.1690782568822224,-0.05025582513123672,-0.30858220858080426,0.31157161351393536,1,test
-0.27176375516083634,0.11137994786456593,0.16691651861762757,0.3197870443160372,-0.002571839849358215,0,test
0.1663407696728472,0.8207345617155124,0.7989670005946468,1.044866952272682,1.622326698310411,1,test
-0.9363096518700179,-0.5035813608017681,-1.7924921258388957,-1.9630485013571934,-1.6170758623370678,0,test
0.4512918389036866,0.29286147124499345,0.44237398785336246,1.0389909557436536,0.8507044785118687,1,test
-1.6764470455911342,-1.4222657286107458,-1.8447239383071992,-2.0590778831323813,-2.2800159703385727,0,test
2.3760749958169716,2.0924620340057083,2.7939944331208366,2.6711695551273564,3.34190089164124,1,test
1.6683809422738194,2.14446429106795,2.257714577542816,1.525621587265621,3.644401673727572,1,test
-1.3130765655350198,-1.3158458531588981,-1.999291407301298,-1.3879852160614556,-2.714035287201249,0,test
0.8577643645610723,0.37461871942657543,0.6448343041496222,-0.14764705669008737,1.8976846764501167,1,test
0.15784441554819012,0.4662780786145265,-0.060154476220709824,-0.06419041835097039,-0.26610712847699197,0,test
0.8082040291335483,0.4672505927475611,0.6814251236238307,0.9706431422612057,0.6113496782684804,1,test
0.7084595024438078,-0.009699262826069588,1.3767946142218128,0.21705453990395185,1.8074378802608462,1,test
0.172179571546251,-0.2576470624075807,1.0646530076915381,0.4748409971902739,1.1458319576242355,1,test
-1.6479822670620083,-1.8771065940255351,-2.133168683268175,-1.8052650032211035,-3.086812165602928,0,test
0.715473978568673,-0.2464924089309547,1.0284064089741842,0.101338942444681,1.4394686022059084,1,test
-0.04006113641639011,0.3081285795187121,0.48198165846690444,-0.057971641564500465,0.2393197220313933,1,test
0.07408517387844901,-0.43120158173461653,0.35724549294086494,0.6575762388362096,-0.0311594375800176,0,test
0.008342697847930972,-0.014012847430287658,0.23282677999440712,0.8428782719357295,0.2835745697541358,1,test
0.2455779078826297,0.39810846435021396,0.5542585456525724,0.18755156586379534,0.7550948282414287,1,test
1.3934322810652642,0.1749464035609476,1.4779787756132123,1.1020430170586724,2.28104530431904,1,test
-1.1581172222963312,-1.9325179498247813,-1.281406715054357,-0.8819586615296415,-1.4435263304533295,0,test
0.6956409849760656,-0.2266247627060436,1.2479807904912656,0.7206891402545619,2.101566549746508,1,test
0.27971872856668534,0.5227512983113886,0.3463066624848811,0.7939806291461791,0.6299081746722032,1,test
0.2837338341514385,-0.2689144053010606,0.029060408354001754,0.33108311150588365,0.14496529956088675,1,test
0.5131454189677964,-0.726975576574719,0.9569492161877737,1.40808010934838,0.666996021402093,1,test
-1.2341072015979968,-1.00409827997776,-1.232008542607622,-1.027175452061525,-1.70354393013872,0,test
2.0372991230263002,1.1527422140372008,2.93664574303216,2.5316116191570033,4.669673339101587,1,test
0.8850005802006974,0.5437618886435389,1.8205857240188976,1.0658325102615387,1.7206501432858874,1,test
0.03323102243708892,0.36415237678707607,0.3973591077595101,0.6700227964288783,0.4332601904140806,1,test
-0.029484724900332205,-0.7090858944848967,-0.01491087512063468,-0.20415385343307477,-0.018364192971180734,1,test
1.6246703371617524,1.0893598814623555,2.217565947792399,1.1336487096549237,2.4502828958000618,1,test
0.4062242538824228,0.09903961746936682,0.410839337590687,0.7600901585955839,0.924602447617286,1,test
0.04654188984649152,-0.20245083148700388,-0.0390636186929753,0.17942722339508715,-0.6712061165429091,0,test
0.5281991309805774,-0.8224851012895862,0.23830454765184061,0.17761911143032194,-0.33253739094039353,0,test
0.6386434895902847,0.7240403673780337,0.41772557905443686,-0.08682077883839584,0.7289136607670832,1,test
0.7321502545026013,1.5572672832756815,-0.06499281818319336,-0.08921736023343327,-0.29272206211311236,0,test
0.017948433088742635,0.6007542528574663,-0.43987094250629805,-0.3256066289030627,-0.01570414846329604,0,test
-1.3754437368419992,-1.0943615202561996,-1.1996358818262705,-0.9148976355947845,-1.412826046312755,0,test
0.2705931922476122,-0.7315774344160384,0.4897216228991687,-0.1636571051499488,0.7154303110121987,1,test
-0.007647421814116316,-0.9209967344039682,-0.17044479312051314,-0.14718698261676194,-0.5356501544724017,0,test
-0.345766380363413,-0.1792365972067957,-0.24431780319158894,-1.125733179841877,-0.06692629137475431,0,test
0.9807683688955351,0.6384961636879521,1.942049588111762,1.6404393075930233,2.690532934125568,1,test
1.9000149402548692,1.6607107357184463,2.436461172414596,1.9150724492921327,3.536223032470595,1,test
0.03092355381317251,-0.5917546865327465,0.05594321285180714,-0.09216058843534691,-0.41895719483328797,0,test
-1.246187312322789,-1.956532257510632,-1.3776419532181068,-0.9705511182474521,-1.7381199031672505,0,test
-0.18922083635383605,0.06635366897760694,-0.43833294475531415,-0.21451503814539716,-0.26334884622631716,0,test
-0.44139403538623057,1.0261846702531379,-0.9381680942859727,0.21734985070872648,-1.7022863468940375,0,test
0.27434583433633647,0.4643915155960296,0.29082551782683785,-0.09008300864413626,0.5279590425201054,1,test
-0.4147080921412707,-0.6844896410835238,-0.2516239477953069,0.1910325418907768,-0.3465988669275606,0,test
0.509493724841889,1.3403103945132115,0.8683016112416259,1.1129298913033188,1.8101812225782963,1,test
-1.67777203898006,-2.218633895980095,-2.004219075310399,-0.5050571523255083,-2.470191463119949,0,test
1.1433648137934156,0.5225086685369866,1.4361358239509632,1.4631599505539294,1.610772143129531,1,test
1.0034945616478184,0.003647858759031397,2.021777576144543,1.8447394187688226,1.8372879010098626,1,test
-0.6210537596588989,-0.5417296152339106,-0.6714445925220934,-0.6898430445258621,-1.33571490872381,0,test
-1.334914660941201,-0.501243824995218,-1.5772917050508788,-0.9691794797002768,-2.9055969589700723,0,test
-0.5397321161163475,-0.4553318471320544,-1.0853863319493624,-1.1313459025426305,-2.101707077118908,0,test
-0.24593522619188285,0.01693174591312893,-0.9965226621273636,-0.9116083258318294,-1.5258007076571416,0,test
0.4662366940937103,0.18973591764403458,0.3765773346661091,0.880846916825412,0.5182180721843345,1,test
0.052558251362762924,-0.6773531646071397,-0.02640892548618047,-0.30861435135152554,0.40301843952021577,1,test
0.535004276633391,0.336113507271322,1.1012636213737443,1.771074826958865,1.061609160638463,1,test
0.20124041189953462,0.1334833713386861,0.4358388557866628,1.1082863385691222,0.90318507513214,1,test
-1.9197033247077997,-1.6798527612579401,-2.89883480826383,-1.7929085951137094,-3.3212523302389707,0,test
0.3634337565728568,1.1870292413618138,1.1793999420316825,1.2560736293023385,2.272142850826736,1,test
1.6887612216011592,1.6425513590147316,2.082690323296038,1.9934455336677617,2.974458637698274,1,test
-1.5280691602164944,-1.5323637197780118,-1.9421764053308372,-1.8629717882949488,-2.6778937367562805,0,test
1.024953784087798,0.9062277424181406,1.482799092689559,0.2409978270801263,2.4775235915651495,1,test
-1.0510521638784671,-0.5907641706758024,-1.283043212137031,-0.7879108416472611,-1.544425551047449,0,test
-0.33264991267856286,0.3677538935606151,-0.6814778259734411,-2.0274377395273895,-1.1375990049592963,0,test
0.526619674756553,0.26218980744640485,0.4712295492527545,0.8800430253127935,1.251250904281396,1,test
0.022832064949779206,0.1489279185037035,0.39719147360743046,-0.2594282481951921,0.6078456264695652,1,test
0.9949080361998163,0.5411626624278154,1.4320313293790625,0.5124984770238735,1.907070672592928,1,test
0.02244227219327291,-0.3337775106271325,-0.3234993252344286,-0.2858478370183821,-0.37815895663078114,0,test
-0.5722243730769466,-1.0047606014892119,-0.4332767180701781,-0.48766812598509623,-0.18512485998337325,0,test
-0.7687107332896235,-0.5206226095848189,-0.7135769133910657,-1.1707743506730313,-1.3644822051374446,0,test
-0.44991902247478976,-0.6054742964564193,-0.2749308956963244,-0.8192408500154609,0.3441529493415136,1,test
-0.9091163852826368,-1.6427393169910571,-0.9429374686760179,-1.2746475643898643,-1.555775757557402,0,test
-1.4942234234632072,-1.282535888186621,-1.8810746726916425,-1.967402395492587,-1.767249329804255,0,test
-1.6673337488408013,-1.00293534339755,-2.2917671254135565,-1.5626940729596863,-3.067507782850503,0,test
0.2777330251033398,0.1807925548152506,0.4060426212034156,0.01699466539765193,-0.03927196015047629,1,test
-0.9382685745547613,-1.2346486987185694,-1.9457790541503455,-0.9922482036562584,-2.295422502572924,0,test
-0.029042390276880936,-0.18000068437522654,-0.3225149402128947,-1.1251010319806383,-0.04259298555825841,1,test
-0.3099347101139688,0.4062490199646862,-0.16985521960605854,-0.24692204590272987,-0.5578184047627142,0,test
1.017082321914647,0.35606737932768084,0.9295248827823743,0.887041774794273,0.82830794106311,1,test
0.6030958955642118,1.0604971769062437,0.5015432031958593,-0.3210175249702517,0.38161423593734506,1,test
1.0770942547902362,0.5912770629708457,1.200653191301227,0.7424164505575281,1.559452869108262,1,test
-0.8630721978944613,-0.3950290463929282,-1.8441041755271081,-1.675247707417915,-2.633361158659038,0,test
-0.5950151285927785,-0.6040407037021445,-0.9728372230794216,-1.9346429739690598,-1.7678438741199685,0,test
-0.5765777168101326,0.051351889875214385,-0.3789776351361349,0.45949443855951233,-1.370312346360802,0,test
-0.11944966804910594,0.7407825777426454,-0.5838643186667895,-0.15059132552943694,-0.865829758832793,0,test
0.539342716770876,0.7484927107759023,0.699131174963257,0.8820195404664996,1.1987991267846998,1,test
2.2177873544336895,2.319285485541321,2.5901996141788004,2.8799050008716414,3.606665558150524,1,test
-1.35307961302583,-2.0205457472085744,-1.601356516638347,-1.5645818267624305,-2.0559272808235978,0,test
-1.0693452553833975,-1.275532501169701,-1.521159127584688,-1.6488377181246976,-2.269973878891732,0,test
-0.50519233042575,-0.5860855268377732,-0.423493782456677,-0.7210376822101917,-0.5436007162352697,0,test
1.4537791502952984,1.2720375327403057,1.6506130513157977,0.41042584576544283,1.779543344655679,1,test
1.0885810921345247,1.148637816271378,1.5783696190749965,0.8775323719607369,2.204655878371227,1,test
-1.6290662640651536,-0.9172850794608997,-2.5434523170845322,-2.4918257766779406,-3.050860167438703,0,test
0.29468907615225093,1.12388016005791,0.4825236114625601,0.317204941997272,0.6388166322404522,1,test
-0.16470288488106635,0.02877690634138655,0.5090570962889795,-0.37845690463664045,1.0327447381382981,1,test
-1.9109181774407449,-0.6484247957865087,-2.658206294832331,-2.5721535404375864,-3.7326135263168627,0,test
-0.49117812229304664,-0.6185288322806907,0.2543615940334324,-0.16056844848067986,0.6313259112615983,1,test
0.2604542925325112,-0.032131450240105275,0.40497581015843054,0.7283418389004159,-0.07251162769440367,0,test
0.4539836518164601,-0.34493680844928815,0.5062748375990188,-0.02224835779525286,1.2075502877719102,1,test
0.001403469360812714,0.20932981973444845,-0.19852231352152266,-0.5513729323971044,0.4500777271816508,1,test
-0.023265827839961145,0.7881667476247102,-0.20399822932031408,0.19859064027960996,-0.9479107048168451,0,test
1.3407202494991026,1.3513583885705174,1.3749851066493504,1.3289690490738193,1.4008826182988203,1,test
-0.4218241495522574,-0.12008788544710597,-0.28203585910472634,-0.5736291768362858,-0.4143060457248921,0,test
0.3430312114130475,0.05431371784593403,-0.5108977435860869,-0.9927079236935448,-0.8668598027801078,0,test
-0.16066156781185514,-0.2502970014420111,-0.19515732116007148,0.5244089026956962,0.09350876985132295,1,test
0.346657840214594,-0.03494649184534654,0.03513809808257662,-0.09118443927475985,-0.5009181983764484,0,test
-0.602064287170645,-0.76107006203435,-0.3335044555447233,0.22479094700918933,-1.1785389240942135,0,test
1.6904485373722278,1.1101700045314093,2.838820371035652,1.5373054787552873,3.2172935933046425,1,test
0.5153837389023068,-0.5675525662368306,1.0895638498054514,1.6598844815366562,1.499293796308029,1,test
1.3771058603874151,0.8379318931972666,1.9467803566779396,1.8233737752822459,2.884407299813056,1,test
-0.7047664217631204,0.008382526475601226,-0.46925679845911256,0.26263641908933655,-0.8085366951238881,0,test
1.0720997221303796,0.6129564551615425,1.475063757785256,1.3907068767791242,1.8410362831593616,1,test
0.6105012272881782,-0.32660894623114656,0.9477913737866753,-0.610811870341133,1.6213352633155875,1,ood_test
-0.20398904363879455,-1.157831476292315,-0.3608907191665141,-0.15702231895587826,-1.1196572367732103,0,ood_test
-0.8072904095717428,1.085779540525536,-0.9152581616346226,1.2837463214360059,-1.3651402222012041,0,ood_test
-0.08820871637321083,0.8661909512434685,0.21233637489141877,-0.47413576082533215,0.5273343511098105,1,ood_test
-0.8716583924822323,0.2325703093376298,-0.7330714801444782,0.960772185849694,-1.7023001261891548,0,ood_test
0.3753573623653908,-0.6627859336171921,0.8307292632799419,-1.0679660440909213,1.0811670885284885,1,ood_test
0.642627134670141,0.0066618851215834995,0.7577245391528274,-0.9604289404566024,0.29788770098513795,1,ood_test
-0.6651834285752947,1.192057747737348,-0.8027175356166117,1.3226221691302031,-0.9386653154768905,0,ood_test
-0.14424616092555048,1.2079469779055056,-0.25412409490691973,0.9794902860674574,-0.4773289370515238,0,ood_test
0.3716884850066166,-0.44187884390437004,1.1765602932538493,-0.4469519895041121,1.9339773987851328,1,ood_test
-0.806349333201984,0.3544238835871116,-1.7370946944787435,1.7398614495562763,-2.092420949580664,0,ood_test
0.2629361441164716,0.04163694391156447,0.42996215612594857,0.27897576514763156,0.6837220962054599,1,ood_test
1.264507808221103,-1.2661856596010428,1.7121123298442544,-2.191657316367528,2.1222561963819517,1,ood_test
-0.23805122636357362,-1.1405910844173794,-0.6879649722011649,1.1516707527770276,-0.7338874319499341,0,ood_test
0.10942883806122965,0.750683569473357,0.5834837695079859,-0.07740937540026266,0.6190617201425029,1,ood_test
-0.4123425495703449,-0.4786200973879022,-1.3559371449768292,1.182521925171466,-1.391458356705283,0,ood_test
-1.7206918799990365,0.9311869816125463,-2.4277663537296768,2.352896458670242,-2.3483509764451496,0,ood_test
0.7255851793177912,-0.5708407312665327,1.3503513927476507,-1.4777755273257096,1.812483107729541,1,ood_test
-0.7650845291862696,-0.33261507345341856,-0.8416580440888566,0.5260059881153314,-1.097818783746613,0,ood_test
-0.06457952819246131,0.4521106347388054,-0.6174152609551874,-0.03025533569266492,-0.840713840404923,0,ood_test
0.7849673175933493,-0.5978812007051202,0.6908795788504727,-0.6744206369034975,1.298886212836833,1,ood_test
0.42649398376108977,-0.6333724432745536,0.8125226844402029,-1.1481927721719507,1.3492828130142864,1,ood_test
0.8391587770301588,0.1800798963025737,0.8094843379838005,0.003926360255880446,1.6332485450756908,1,ood_test
0.1891707269605627,-0.10997849037955901,0.6335260863898148,-0.04705173546112257,0.5456516333077815,1,ood_test
1.238448318104644,-0.6441264860773518,1.1076973245578865,-1.4554254727696776,1.417135621651855,1,ood_test
-0.04080241237908311,-0.6093055926856902,0.0024638745884188115,0.8289738388112785,-0.44560969739444767,0,ood_test
0.4035669087334915,-0.5821498831112515,0.6890975239860637,-1.585103576010432,0.6431378032474497,1,ood_test
-1.5825640484602752,1.5718169764317504,-1.529636945077578,1.794318095115821,-1.6558322508207304,0,ood_test
-0.7374999082547156,1.1131558161522774,-0.8331772866360181,-1.3091215143363772,-0.18076345939990546,0,ood_test
-0.3049312604274038,0.6387382792234855,0.1950591010658811,-0.009615575288390216,0.20930895171289082,0,ood_test
0.08090066497016685,-0.5696903920421145,-0.5580871337836869,0.6197504073187022,-0.953059924504699,0,ood_test
-1.491025810602617,1.995536773017219,-1.1602380801048553,1.493437757698818,-1.5997798727570391,0,ood_test
0.5876907344688824,-0.1954144871822741,0.3748753231156241,-0.08138261150282228,0.5635233890499594,1,ood_test
-0.621429422682226,0.8168900057708692,-1.159671557410181,1.4015897936750463,-1.3311788679549035,0,ood_test
1.1547339189239774,-0.008579550655408275,1.6706394005585803,-0.812303727688783,2.2245978728635794,1,ood_test
0.9689178842508994,-0.20677213947863193,1.621305966727441,-1.013615160303489,2.9856795349050795,1,ood_test
-2.3128858865848496,2.2265461630721006,-3.322364558287932,2.492742737839803,-4.558655640530069,0,ood_test
-2.1495456086130216,0.6553749426023476,-2.561738386302282,1.5072074858546003,-3.1313401950866715,0,ood_test
-0.2716703992234738,0.20732430463084925,-0.5937151268890155,0.2560044491904458,-0.6260535363820486,0,ood_test
0.45816061045421114,-0.8861559750932371,0.39718892899053543,-0.7287699804157685,1.7584673189494682,1,ood_test
1.971298011491364,-1.4439617342040747,2.886228178962563,-1.9538584418046505,3.383354326394048,1,ood_test
-0.3270970823034171,0.18069020244151307,-0.2689744445340875,-0.6238901985094456,-0.3452272222186219,0,ood_test
0.2209142518438621,-0.7888220882620436,0.11169154582837482,-0.9658450973260435,0.46074700013247083,1,ood_test
0.8154866970540999,-0.1469435420567603,0.8824145832846159,-0.6015821781280916,1.3434673827859371,1,ood_test
-0.32827276660463045,0.10293338407296165,-0.3810673007306991,0.5998015686141451,-0.19778469418340794,1,ood_test
0.0076622973433411075,-0.08412676314746462,0.46007474209427024,-1.2948599575600577,0.9380419547276618,1,ood_test
0.9764730306997961,-1.1432930936745331,1.5506350479934294,-1.1853457473086522,1.6263181272922034,1,ood_test
-0.21378581105469024,0.9043067076579466,-0.4159937449374975,0.3499931136436883,-0.7831945696431986,0,ood_test
-0.6803429362307838,0.37337817365956216,-0.7408374270251156,1.3951439996660486,-0.7648827908357374,0,ood_test
-0.8418202868911404,0.8589499941483765,-1.0051380672808217,0.5346263836153196,-1.5281815125663032,0,ood_test
-0.7207828292992194,0.5631632762475338,-0.948849556378665,1.3519610728282734,-1.2145690644998781,0,ood_test
-0.554839505843012,0.5259788330994555,-0.22814320966997592,-0.41298674941321845,0.2837930740451747,1,ood_test
-0.5007519728833646,0.03054777372481471,-0.8993136308452042,0.9278032752964431,-1.3257059895996688,0,ood_test
0.714489499675229,-0.2288615875988705,1.196080542803102,-1.6406526212725614,1.369364868565621,1,ood_test
1.833502886197367,-2.121389267835503,2.2400871860172913,-2.2264733533572336,2.698164736457422,1,ood_test
0.21590956240356088,0.3031268630309054,0.4394147245248807,-0.19966156310010433,1.4399793588385355,1,ood_test
0.6270128717916633,-0.28035060525450517,0.4725534904157985,-0.541791049088381,0.4724779579867051,1,ood_test
0.7112297623341433,-0.6435071274401067,1.3822117758937904,0.041489913049040705,1.6681777597049947,1,ood_test
-0.3600233884205798,0.6585040965138121,-0.8763827423077459,1.1727404716646606,-1.0201650405170468,0,ood_test
0.3706986390688012,-0.8065766881730461,-0.006815047915348982,-0.8472684199020535,0.298419237188823,1,ood_test
1.0765520600906406,-0.7713547966524945,1.3499870911797243,-1.112027999210368,1.8981573744229863,1,ood_test
-0.7542761707625893,1.9157940882114537,-0.464507085219107,0.3163468482164989,-0.6321650211866413,0,ood_test
-2.361111359385151,1.9048650878020594,-2.7334350766044837,2.005347630554934,-3.1228455548699645,0,ood_test
-1.1415535211323076,0.42586990311079453,-1.7741743840647124,2.119158179708242,-2.1263766640273953,0,ood_test
-0.01334148461857285,-0.9343981252815385,-0.030285124329012994,0.25271194121049867,-0.18899527919736314,0,ood_test
0.8014981970944076,-1.5069144220512527,1.2211071668681797,-1.6070041678569305,2.3574746821797565,1,ood_test
-1.5009998926825592,1.1019659852251489,-1.6485200214855589,2.023113688734512,-2.433765316323058,0,ood_test
-1.1864610555128616,0.7744165881192553,-1.0366510249687448,0.2502278376139333,-1.085565746082358,0,ood_test
-1.8735681124634624,1.2157514247104153,-3.364820366849307,2.3734706539771486,-4.323223320741167,0,ood_test
0.8590497910020456,-0.5220616550247877,0.9853141313110425,-0.7193970392795832,0.5389989079231544,1,ood_test
-0.0074294391969938235,-0.7174098048803651,-0.028798513512149015,0.22053250026125837,0.12002348514635654,0,ood_test
1.8858125509357058,-2.274534735378412,2.248341699790396,-2.5711789823007156,2.7474893658570676,1,ood_test
1.367415799705316,-2.0218313451253187,1.709666211080921,-1.45616231463147,2.137289602383454,1,ood_test
-1.2314043148521867,1.2941534163507518,-1.2501136568470035,0.42545253641101854,-1.3568896092654543,0,ood_test
1.145064775878513,-0.09518746369758047,1.2688685094336996,-1.0429661215773152,1.6689920503216866,1,ood_test
-0.29641200672091494,0.37738837867794395,-0.14381130045663273,0.414601450377652,-0.21785424103289652,0,ood_test
-2.4612296811022567,1.7074120762208191,-3.714518726504008,2.7084107410783353,-5.030686423592967,0,ood_test
1.7979721732071707,-1.7305331070371723,2.9213991983737038,-1.9973595083664772,4.646127081396521,1,ood_test
0.8057800998191179,-0.5434900929410792,0.01057653240624834,-0.2464886829316274,0.07751846353029719,1,ood_test
0.5613209874766525,-0.7371034636977856,1.064228056247656,-1.1167924314364064,1.4885077944019636,1,ood_test
0.2830942056327333,-0.09535915997032013,0.19931112551976604,0.7061988612418536,0.03898676991248565,1,ood_test
1.4930567851535124,-1.6027377390032227,1.6201572874688699,-2.0844104941060677,1.714738657648569,1,ood_test
-1.0933307244135073,0.7387146195884176,-1.4372623766281314,1.2582346532672681,-1.418811138962368,0,ood_test
1.1806893028170675,-0.6631604276760811,1.7187028944128644,-0.8554581174280343,1.327352734554795,1,ood_test
-0.3803152077403825,0.07715937887242216,-0.6345788695891692,0.5528416626457645,-1.0461816252854927,0,ood_test
-0.5872159857721855,0.47236018270898555,-0.7840198568178968,1.4437848695702982,-1.1506113063175307,0,ood_test
-0.8388423527733219,1.6755133544279412,-1.068205565035461,1.1988752109857574,-1.0316128413710597,0,ood_test
0.03108446885075502,0.6982751050042656,-0.2255120886795622,0.023137783909528947,-0.005103858241485959,1,ood_test
-0.982815901652609,-0.33031154635112314,-1.4997717065478418,1.0923247650635564,-1.6302230835880456,0,ood_test
1.4645057713088767,-1.8333554831998256,1.5334629274034086,-1.3206003886088251,2.8531145356636722,1,ood_test
0.42459396395229715,-0.385854064769967,0.5956117858241307,-0.7334896375750981,0.9756109173502784,1,ood_test
-0.16103764725694852,0.7683528958922247,-0.8219807549367111,1.0079605608865403,-1.0474129257022693,0,ood_test
-0.15869460275058545,0.5485920128023516,-0.1668751666309932,0.10083582225096666,-0.06394480152900839,0,ood_test
0.9501689295474159,-1.4052493269728548,1.4082103687163223,-1.4813839584240671,2.484643830609814,1,ood_test
-0.005470122038505437,-0.04046514253633703,0.13048916280473882,-0.47592063557218994,0.34826738442089966,1,ood_test
-0.5441474775769127,0.41045688339873126,-0.6014488206731096,0.2649711278045584,-0.9553205780602175,0,ood_test
-0.4212981678699404,-0.12041263219013731,-0.7994055381908427,0.4295707887851451,-1.552184036810441,0,ood_test
0.5400136448478469,-0.6754448732740636,-0.33499640954128174,0.7113912894982428,-0.6621400471269717,0,ood_test
1.3998525956803614,-1.5147367713347082,1.4894695489896566,-1.0701827491835252,2.218176686928512,1,ood_test
0.640945817636899,-0.9950826203988916,1.008949614124613,-0.531536690476872,1.639413494599669,1,ood_test
-1.5196229293296857,1.192024285205819,-1.870115495390519,1.3544054680048037,-2.4086288140588605,0,ood_test
-1.0593350177371887,1.1491469596934127,-1.2331871835504677,0.8877969194294829,-1.2157709412933688,0,ood_test
-1.7276983608230798,1.7800358305611792,-2.533920139174447,2.912366863708238,-2.862046277351904,0,ood_test
0.3908834947444917,-0.4653702153444011,0.5585031370891032,-0.3746168627104604,0.42792150111083016,1,ood_test
1.566261968188737,0.13768989743799032,2.0095293672780827,-1.2273214943669268,2.706925867956725,1,ood_test
0.5525433881525271,-0.7416858559916337,0.6039184709564106,-0.7934433319206713,1.3347594138350098,1,ood_test
0.1950224727085289,-0.029117877771852763,0.622280016255038,-1.3193114346989647,0.9975786032971198,1,ood_test
-0.326581748057919,0.24144979580566578,-0.9553802229336843,1.0824475899753578,-1.1025283303880824,0,ood_test
1.363569588913038,-0.4671642838979042,2.537348908016262,-1.9752064006920451,3.355149827696935,1,ood_test
0.03677362810267064,-0.11823184113495266,-0.4148320288995086,0.4940822964135907,-0.9065428989545488,0,ood_test
1.188681285698393,-0.886575698884736,1.5202498915328218,-1.3647381517942831,2.0004649352704855,1,ood_test
0.4777559660699091,-0.44061598532238494,0.7952394281138906,-0.7521603353669635,0.980937565312245,1,ood_test
1.3269146892877903,-1.2123828494589333,2.1030792335245843,-1.651009744443819,2.610635628836807,1,ood_test
-0.3982640496769611,0.6130640484650982,-0.8170385438214617,1.0341509991184608,-1.4980389253704383,0,ood_test
-0.37117333273341774,0.7345467030640292,0.07478241172354227,0.2776988030961898,0.2689479449910287,1,ood_test
1.1200910502679569,-2.4395437690935173,1.7870930352002703,-1.825741605468316,2.755963229727717,1,ood_test
-1.4742926490066688,1.3584173041682348,-2.616190923197011,2.433287437828396,-3.212567604514363,0,ood_test
-0.16617199761795362,0.8517940936275121,0.7499320221413893,-0.38342031715384717,1.18506291035103,1,ood_test
-0.39327205896327017,0.024583138243627678,-0.22687916089154042,0.21361653164008992,0.008573295063277864,0,ood_test
-0.42600888505411894,-0.2738586005481016,-0.31731389394224085,-0.1691250521802738,-0.8102013035428537,0,ood_test
-0.4677432234379536,0.8950731054672366,-0.3928831379554916,0.11174300246035587,-1.0881087515345362,0,ood_test
-1.0474197606485627,0.7801590896201411,-1.6702003114547488,1.5940529259319245,-2.415804821532832,0,ood_test
1.2397712078379732,-1.5954248731003533,1.3396343991783166,-1.7911969743067124,2.167147576706942,1,ood_test
0.257573344804637,-0.2369316305673121,0.9193792782911574,-2.021651789122253,1.5710270944653113,1,ood_test
0.40415808771697004,-0.29025066832615176,0.6370180456954717,-0.5714594758956161,0.7483905275953556,1,ood_test
-0.7291537388722759,1.0538746453627468,-0.5960915380614034,0.5701793060238907,-0.4896153324102148,0,ood_test
1.0545859883202156,-1.2180367082758066,1.3971273819227827,-1.262288337608891,2.52669009605097,1,ood_test
-1.293883295608522,1.4080280128257545,-2.8736639367809733,2.105308329164592,-3.9163630430005774,0,ood_test
-0.683218137411625,-0.3517843048398348,-1.1158054872355194,0.7035006712362181,-2.157010176614186,0,ood_test
0.5863759000791762,-0.5275184105917811,0.8850118875668075,-1.0880381759550355,0.9107550723287057,1,ood_test
0.13554209661377073,0.21197541940732062,0.5370696734708065,0.0717693052078851,0.8076058567912461,1,ood_test
0.5746446539712726,-0.01582348874243894,1.090852235481178,-1.200155338786757,1.5366895360734147,1,ood_test
-0.05114654497481254,0.06663766016701081,-0.3154513163433985,-0.16597318827254426,-0.2800374313072579,0,ood_test
-0.5196246528334788,0.17409657045518745,-0.4648363435240498,0.6611190779128526,-1.1353632439195627,0,ood_test
-1.8444683838634652,1.9677673874503447,-2.519384656606022,1.7090308858103458,-3.770390311602468,0,ood_test
-0.41587320940493877,0.9497616149804524,-0.9086804266463866,0.6774863754078051,-0.99234032062156,0,ood_test
-1.3479246839681178,1.685726497459054,-1.5072076276082211,0.5111314519392162,-2.3395222571544316,0,ood_test
-0.3850279278963165,0.16618948703432201,0.2431468004299806,-1.001285998459582,0.5018755081127982,1,ood_test
0.5097857854551409,-0.7880924467879793,0.32010912369462835,0.7377893893311848,1.3689609291390672,1,ood_test
1.1144254801066997,-0.5111746434174144,1.4657978097888698,-1.2941558200642054,1.2982614964305874,1,ood_test
-0.8331388403941481,0.9103421932921975,-1.2409276345404696,1.4529849372730155,-1.9322218015473371,0,ood_test
1.6524061764396198,-1.8146694643462828,2.140122264914563,-1.688323512660847,3.049269924967469,1,ood_test
0.28197139592035936,-1.594926153765683,-0.5438603646423879,0.6750294691921706,-0.8747403989971415,0,ood_test
1.7985594410497567,-2.562653136212302,2.762515861307513,-2.2185079715048284,3.6322192590439024,1,ood_test
1.3602034964045981,-0.6585589000142922,1.7906535630307001,-1.912876369957903,2.961892607578271,1,ood_test
1.3607201080867282,-0.4980780597997331,2.1822143399456904,-1.3204897256019985,2.861028989501248,1,ood_test
-0.13281895211630076,0.9731008424015479,0.13066274111924236,-0.02058774102907321,0.5785790509197986,1,ood_test
0.7431109009394304,0.23494261995178722,0.7086639978352853,0.5871417792657828,0.6804425476277193,1,ood_test
2.931307660921862,-2.506826472000317,3.291951898626039,-2.7459419657702817,5.224348296966963,1,ood_test
1.1709051014463177,-0.8669041540135096,1.7587178272350532,-1.8061583032287762,1.212551381579164,1,ood_test
-0.48561708644523227,0.05779927446512595,-0.09817593439085326,-0.6423332805915826,-0.7428235952960203,0,ood_test
0.48331573028386776,-0.6042833228424225,0.9447790818253747,-0.3387706003372756,1.1681252934805262,1,ood_test
2.0018526728222557,-1.7669053229205633,2.5124468647882416,-3.119116762645269,3.0439976985762205,1,ood_test
-0.7321004957407031,0.2745395410713971,-1.0369430102240051,0.97856865387149,-0.75807794248201,0,ood_test
0.18862978894883276,0.11495614580167013,0.5273510419777363,-0.11781932873706524,1.210789688194133,1,ood_test
-0.23114341700335403,0.03564045195506155,-0.5131380091876925,0.9811196009570899,-0.3985553471152242,0,ood_test
-0.3135875513354392,-0.3991105611716585,-1.1955377319287992,1.4558517780269735,-1.3944343861264985,0,ood_test
-0.1214460603754564,-0.4780983338018234,-0.4495541074682182,0.632909974489091,-0.4937823138199542,1,ood_test
-0.2753930042788202,0.4565526233331358,-0.8608450462489412,-0.32138943423242095,-0.800684642395588,0,ood_test
0.5886633407516713,-0.8165223346179162,1.1296493194850976,0.11492432535053654,1.2807711058142273,1,ood_test
0.37845247506834423,-0.2655778331531626,-0.3932382559006666,0.33701039570452446,-0.914115049283277,0,ood_test
0.521723455141171,-0.06379183432196356,0.599783251109906,-0.41089326458780134,0.5764901282172772,1,ood_test
0.23277019586234846,0.668807348771162,0.130895299350205,-0.18802244400696289,-0.10606812379227834,0,ood_test
0.0022934148166091125,-0.027258921622058525,0.6004240779164128,-0.3029680040354219,1.0057821621887495,1,ood_test
-0.4229249355530897,0.0854474253877015,-0.0016021613319491257,0.2762747490453852,0.47769809239223526,1,ood_test
0.14441184776113464,-0.04674260255161086,0.44890592568214166,-0.18427753453638715,0.7339405801402402,1,ood_test
0.05710580287796736,0.030742478260169827,0.27796776970578907,-0.5336779392999731,0.8881901186539887,1,ood_test
-0.5487215102038263,-0.09136638068006825,-0.4379094084212209,0.6729936163149441,-0.3958511257073716,0,ood_test
1.6853097214121822,-1.5366087976933815,2.2579722515919256,-1.6566043431058792,2.2064718398468943,1,ood_test
-1.7698785955636518,2.59019807521255,-1.983738881164331,1.6321854966929354,-2.453435763317225,0,ood_test
-1.0084945750218315,2.017087879512823,-1.0731996338391654,1.1567292372103584,-1.7164427944114387,0,ood_test
-2.606762386477865,2.7847488146678803,-3.212098046285644,3.526740163040685,-3.9088705813053264,0,ood_test
-0.764413490923027,0.21182110901619605,-0.7572577494123542,1.3768832467389471,-1.5960330576742257,0,ood_test
-0.1834198932779906,0.18987037926967862,-0.70352234128085,-0.19970911251073165,-0.6737281212247711,0,ood_test
0.009220577710233777,0.27495432742325177,0.24907779250238846,-0.36963994450277826,0.8356913721072592,1,ood_test
-1.0481743779034236,1.7007340930526986,-1.8416304971299615,1.6906010639467304,-2.3962501330220918,0,ood_test
0.9268732753326845,-0.9311105083961112,1.289166289845262,-1.011200475434752,2.0012264035784586,1,ood_test
-0.8414763526663246,1.2612858213346345,-0.9233777135134009,0.6882119000349816,-1.6015230458186918,0,ood_test
0.554903574433834,-0.36815464139879567,1.4692918506922559,-2.082368476131018,2.6567509017837003,1,ood_test
0.4906926243840417,0.14210526622562553,0.6210110895423927,-0.824010690746213,1.0389010097269447,1,ood_test
0.15902073752445564,-0.10942296094281405,0.5559216432792948,-0.4762994861490053,0.4128621402522088,1,ood_test
-1.1528191480007774,0.700978207126414,-2.7788170656583744,3.6697874460138773,-3.6627845850437635,0,ood_test
-0.5681508158672022,0.8788254900510424,-1.2063244076619215,1.6892053835545702,-1.7627315008256994,0,ood_test
-2.2607676299869888,2.4454877853761325,-3.3730453521105717,2.6613401841749846,-4.223493925831929,0,ood_test
0.029783032375312216,0.503096533137478,0.353172713627249,-0.5703231212081519,0.45731953629998795,1,ood_test
1.3252267989800344,-0.7829065177371568,1.4898854736028704,-1.5306531537273547,1.3601539759850212,1,ood_test
0.6845936672721699,-0.7469727639685201,0.7185075066219535,-0.40921096058924045,0.942126837927007,1,ood_test
-0.20171825029434418,0.7693588906680077,-0.4239500325487907,0.7245954501975005,-0.8980141473552274,0,ood_test
0.9983268102043186,-2.193009635437663,0.9930892497378586,-0.3710958654518597,0.8331576874822413,1,ood_test
1.3246044043778396,-1.099829630656843,1.6877545320355667,-0.5876571650480639,1.805617115082105,1,ood_test
-1.0880761302267643,1.3026246413280433,-1.535887164542512,1.239025909128636,-2.181175431936644,0,ood_test
-1.0428817015762315,1.3328190665804467,-1.3794037953592944,1.3621494391607032,-2.071562296762898,0,ood_test
-0.8691178409904854,0.6775293415952128,-1.159542605879303,-0.005060087893369203,-1.8594375181626588,0,ood_test
0.18517869248658955,-0.5454262470408364,0.43101110597536124,-0.5932916670768085,0.056797051987467984,1,ood_test
-0.6950802841447314,0.6621939432035857,-0.8199973746995293,0.5206925493993917,-1.6641591914463818,0,ood_test
-0.4106820164218044,-0.05698141186054079,-0.9770290857160135,0.2892018099488519,-1.2055669964283489,0,ood_test
1.2148456586801197,-1.3120932927093223,1.7744525138927556,-2.330374190798698,2.1814670203325686,1,ood_test
-0.7172261036140232,1.0249242859510286,-0.3816693575140896,0.36850610696484265,-0.07635549540383141,1,ood_test
-0.7261117747787454,0.43404952309427935,-0.6583375052817431,0.48808551043648624,-0.785791385392508,0,ood_test
1.100474040855155,-1.3861686232981723,1.7280606530462577,-1.8217184196169374,3.0077475811711896,1,ood_test
