A,B,C,irrelevant_1,irrelevant_2,irrelevant_3,irrelevant_4,irrelevant_5,irrelevant_6,irrelevant_7,irrelevant_8,irrelevant_9,irrelevant_10,irrelevant_11,irrelevant_12,irrelevant_13,irrelevant_14,irrelevant_15,label,split
5.084531036282163,3.4603595268404868,5.52485416134814,4.350800441596538,7.460377026157834,6.4664839953382645,7.5641424920537474,5.8277777184074395,4.4706122126469685,0.5690128174865516,1.7624473795860418,6.666918513118935,3.6918260816080073,9.03993053509441,7.339195742094407,1.1084437821111537,1.2963991469117553,7.357181218872853,0,train
9.324315849762826,7.874042916066215,3.4469636083637023,2.6146879954276403,9.586867073848884,0.5685492250566815,5.300598088048921,7.711612817595677,4.847901026269243,1.33395004460922,1.0761219760390228,0.673406433586049,7.311221644222853,7.8781458973254805,9.802662821258279,6.272996857671443,1.2508289617908541,5.171854490001644,1,train
8.303001436075617,2.89658501375336,8.377732504660898,9.686498941771793,7.344893164630052,0.8293185680153836,3.025971373134211,4.81112419789122,7.017701391768139,2.576324202625886,7.189637549570959,9.888237782835153,3.24943752029065,6.723463387984036,5.089658373115987,5.152042046390056,3.9975869153358214,9.658416601600827,1,train
2.424795106464349,1.3415987845519954,5.801770924136356,4.732489289404043,8.657426010033596,0.8960513503993173,5.472692877769147,8.114797440883002,5.2273635851756275,5.464138223072784,6.143376141163022,9.477372557824866,7.90932416064012,4.2241902393908335,3.2535052810547493,9.068816824512286,0.2731776777849948,2.091361796410205,0,train
8.37091864259971,9.486851077709847,6.282772731620195,9.502083589618396,1.3514212238294643,2.953208593330806,5.685614572081382,3.980198816430822,6.089360830006471,1.0635167747058472,2.8438954109303403,7.879179991509711,6.64283071221938,2.4578832150717886,0.32070590412440314,4.039912869826771,3.420693302955995,2.527626787011048,1,train
4.228770228097693,3.5006025972949173,1.1166371189619817,4.326232096085173,6.2131055243921836,7.978198362721624,7.342272995480426,7.345962333210954,5.881188672072765,3.3007491774626874,0.24678799826124087,7.357420103217783,8.044812668251492,8.240327724337488,3.9897209313168105,2.3849015113306637,3.0137451195546383,9.836314754645649,0,train
8.963638962123886,1.80432025175172,1.4462469057463063,0.3799387866763637,3.2088548397757553,2.47182866270529,4.812357164464538,6.033721005162316,0.20580047032230708,5.251398381729587,3.977127492139484,5.441802579053369,3.081750829022696,8.636058820368271,9.251365028438535,0.33461751918594795,5.011997705732865,8.109063207810363,0,train
7.183114283936614,9.537491166669437,2.300885808896637,1.1498036933377165,2.790045994767365,2.7732915676469716,1.0094492428073476,0.1118906803352826,4.445209487914543,7.58005390059913,7.470898440283548,2.654432072833389,7.391417542310879,2.0971867677766163,3.2618063983180523,0.24228092712014426,4.882393314881445,1.419719126621245,1,train
7.042974787327673,4.373513938513929,1.5145825511772064,1.251859567004131,2.1590085270686874,9.975690419415592,2.632025161751026,6.6202053503692015,3.9243012127217067,1.8468057997263587,7.44827876910758,3.258054531749072,7.093181873842918,4.056249059651278,2.952672674251434,2.2809675195915355,1.011113306208009,6.462657742196186,1,train
6.661794083301961,1.1515862228558904,2.668357646683272,6.3090509854801855,6.403520570243979,2.997561876906353,3.3134110067314637,3.9182136168053794,8.147760927899279,2.0481756931167636,4.7169809304506325,1.891257865904249,0.8640862571869556,3.131548983480048,1.0685197798524848,4.059739107586237,3.0299317228931466,0.11234486561441548,0,train
7.337092507940421,8.51269077374833,4.351676267835971,5.225660059069263,3.3055183262854237,5.942313605390261,0.13346866363348586,2.1425349965801432,6.944569309142649,3.1759319124846277,9.75498531176071,9.868489818219807,9.898701411919792,9.206317694481394,9.644993929198488,8.087131222214532,5.041659678491394,1.3134463082821846,1,train
9.20882634475145,2.8994742052533184,9.46915211796538,1.9176335334495875,4.385786380174405,9.703541846759402,1.131520100651081,2.7373141648712016,8.779329127529962,5.301589136054639,8.051703908167086,8.920022498336092,0.1159569933791138,0.6760571497868761,4.302608285467874,0.5216581675521381,0.23413976655312752,7.302232093389995,1,train
5.862531493681116,9.3836076478572,8.008287771136736,7.331118620509268,5.823061513944213,7.86475015722038,5.738826322529905,3.5772882482853516,1.7447948190787,9.818127415374803,5.2585291357935375,1.2460485786275688,6.432574058349455,6.4795317859911155,8.973764748048488,4.268285525780122,4.643522202044398,6.44093204977877,1,train
4.096790009646799,8.745863168079135,1.3639379365771735,2.5600450449425716,3.9125100967824586,4.06975545550194,1.2700876522887705,9.124626192277486,0.7164957554058804,9.273938828436169,6.175344992768049,2.3962127756150933,4.093709652207034,0.4399420107931895,1.9286184501430126,0.47830551322376347,5.786465515308486,0.7036540681988368,1,train
7.342528720085353,1.1759934136511907,9.58419047190799,5.952575365809453,1.9583724866639884,9.114969054247442,9.151736938419964,2.2468026379103243,3.5581765745496527,4.4722683033643325,4.8260766534697055,3.7020964978523665,0.053152672332130724,0.8075759337945732,1.9332646727364333,9.85901658012793,3.1632029658506697,1.1034290628302212,0,train
9.928702504040077,5.621694614377304,2.0766251651228393,8.273436147520666,1.3340336837106859,7.149606486349374,4.253796619316913,3.168730304337232,0.3369586098431321,6.57630644415946,7.63730207040785,2.185043586669618,4.594896338953274,8.416242653899422,0.7391910551738501,7.894085028456446,3.630097896238186,6.045545177994011,1,train
5.065021057274186,3.7298827466434,6.33011355509028,6.381727986697896,1.7332485162698252,8.677735152850273,8.312174709889707,7.324548297136879,8.453060610090674,2.4330428120550183,2.6024554287051482,9.621483117374488,3.518318767971299,6.877796751156044,4.294500770660699,4.225844385396018,7.129254134798738,5.74613298035647,0,train
7.516913465028083,2.1777297655323995,9.65746759314235,3.0351956738131847,1.5334359922874452,9.541729772152218,5.519363252115037,8.635476975063202,4.800566086270653,8.551862146052793,3.8201292657335815,8.234560804609476,0.4987331299499387,7.927395179140868,3.7476926505804276,6.055693921082139,6.55046625284445,0.8845938107013784,0,train
1.1507288197210743,5.852086583910006,2.5302530961172653,9.46171382545224,7.298768533508797,4.115480550372258,4.821183064936533,0.7637275613352623,6.840206949430982,3.8312579192643526,2.7415406954045904,1.1543622721353308,8.688867761269321,7.576881895709263,9.288328367765594,0.18139730566731682,3.9578330480889545,1.3673137622280584,1,train
4.870422591580342,6.744029907899742,5.178191503349115,4.783571658298127,3.881731110700599,7.308829158796608,8.04294455710669,3.6613609007584835,4.93876063755784,8.77207817169769,7.638783684900679,6.846610613921623,4.34477718017514,0.04009818147277522,0.7182428386005468,4.5925000469218045,7.148528870351013,4.086531958881942,0,train
1.621780280943787,8.53349725865228,8.696959122425302,0.16310464535667202,7.663840050064552,3.867491353382545,6.977714968080184,1.1994935545042162,7.112302421949486,5.8620989445100715,1.2883117711928316,1.5091848005894348,2.568930165649157,3.5541507701252293,3.3756782824130593,6.330999226170592,7.247947315745557,0.6011783705563023,0,train
2.047188924477606,6.721352882841756,5.217359397698899,7.726350843746108,0.7633000460526562,5.641244736046785,7.942800245654999,1.84767368794293,5.606879664362187,4.076914513444922,7.585059565625051,9.719508768008081,5.536158220109587,8.797357485784666,2.684107517750408,0.10879502266289198,4.373759062203318,9.908860836543075,0,train
3.329170537569082,1.6213601304673129,4.161271968066409,8.047399625666847,8.3305074685079,9.748248786667842,5.193274765464244,4.148815541991748,5.9957939485577185,0.7632769531371408,4.869266237616331,0.36147924370083184,7.182365918031138,4.3874791864792515,7.498138151580762,4.141615721736914,6.563371214366996,6.079033295642047,0,train
3.459153768176885,3.770252492721545,7.2236352541097855,5.37101387941321,2.29100305941502,1.0834782682765975,5.272173302822178,1.7494417640915916,2.3500037333017554,4.120245972415307,7.2420642522857595,4.010656271700375,6.807064838461816,1.0167167813017453,2.2688125578517826,6.323526823669102,0.6330061276548016,7.446747532018753,0,train
2.490050221653441,3.070800136121691,1.4990831214768312,1.684058800838466,1.7715807114274773,3.32328524042666,9.849370976356887,9.864306374131015,5.622052789184002,3.106934797874846,1.2167234136392568,6.614187502810575,8.46029042751538,5.434751671856043,2.088852753378241,9.003509662881763,7.010577493027521,9.08345947032891,0,train
5.457417856509616,3.4185174928512994,2.7878666016651614,5.994493514878326,0.5493899804247937,4.83814747086566,2.9469408791467777,3.235653097848611,2.444946977647382,2.8952690599899125,4.998580210819329,1.04956644978911,1.8945942616394762,9.981779685208892,5.131541933456168,2.9735650538865,3.653000824656444,8.029068730091263,0,train
9.690405917593266,4.469131418679872,1.9886063029116985,3.3820065562208503,2.9096168510603904,5.262222935193963,7.3371993822919706,0.6032970805920534,2.1020074095006214,9.47745793267335,7.119301965945,3.8224525793610242,5.185273811630697,1.3147231930400205,3.3630557972792086,2.306331897081736,4.609682167156287,7.610062856828554,1,train
9.97940899770999,2.7934309587019364,3.932461249448581,0.3287697133885026,2.234578103026299,7.8037086241866,0.4789385717273509,6.599331678389668,1.7039693660553734,9.947707697557883,5.366789779365197,8.337861200556684,8.00770674233478,0.7955207104573059,9.501121434469798,8.236789749888842,1.2796904907546636,4.685841876353557,1,train
3.7510295784644807,6.957631213992288,7.337647554121792,8.477408383599878,1.979211063923878,9.635732252937345,6.448475220009385,9.20524544013963,7.45410001536508,1.452759920306338,8.99431424551943,7.209104623611962,0.9967144454606713,3.8223043828200454,5.224393303993677,5.240871757664553,6.886908636866868,4.076174788560589,1,train
4.55060153292348,5.934682138112009,2.3356871116276583,5.5683646298783165,5.5653342378440875,0.9325685438439135,1.9940784219242447,8.67828772925325,9.306258308287239,5.953083677968865,0.3480978451365113,2.783060997233362,9.327340613107602,9.18051897771963,7.588817934820059,0.8767262887203187,9.32327952803407,2.442605887911639,0,train
4.351875107647493,2.196152896508952,7.929119062889847,8.49956625375077,6.786835090735331,0.5786193368977899,2.512144500061816,1.060431194461019,7.474010062468609,6.641548842882157,5.282280468430191,4.810357751879093,8.627693675026222,4.645180131617331,1.9990571039511706,2.2948205989285277,1.7992528830086951,3.6474978468287667,0,train
1.1038036670970943,2.7556830303237367,7.84945986597433,2.8664261396119404,4.87750042928996,2.3482509609835525,4.968638493526361,5.104137069043846,0.7167764819072975,5.582383407378673,1.6908602124914385,5.081108801784749,6.196455600064815,8.92821534296658,9.297619377725235,0.1410373823169353,2.4752459687197756,2.885356231007634,0,train
7.0585361884265305,6.094874523782554,5.543136255225749,9.003256545324552,5.065663584114755,7.507499529668924,9.257623353037982,6.965054268685292,4.726579738665934,1.0487848898334706,8.993409166258147,9.812956855745128,8.400989779286299,8.053746702548136,6.982719216558041,5.194885078310357,2.301467065986318,2.1236997407155354,1,train
9.226469936649892,8.331465949093856,7.705395072271749,5.62408866496496,2.0340719636093842,9.535303666468947,7.375183996273518,1.7831411873170977,9.234345153397038,5.224427586633932,4.793341850791439,6.857850237659726,3.770174547647814,8.21089217931296,6.611130059073248,5.654642419397069,7.940633145634203,2.728939139749438,1,train
2.157495213653378,5.355818353288313,6.070591535982271,7.396150072216962,9.581321161490632,8.662979326044253,7.034668748896861,4.635274072544911,3.8825178008556316,7.9980380704044665,0.26482974960830186,2.6861093699077774,5.899692125736792,3.8186102454082738,9.68342022374735,3.933187161592487,8.17789493436553,8.23665102248316,0,train
8.500791839478646,7.34094022662125,5.3261014197156165,7.170148752768254,8.319848555941611,4.683626575924479,1.7775736417030175,0.5642257714232934,3.019063378576019,9.872683531166931,9.696874631885642,1.6472177852444858,6.297435544715897,7.431039601236899,6.288543406670448,9.815460188282811,8.471801688307657,8.431426623975952,1,train
7.880740962631582,9.728433210205822,1.546251894445139,9.701180475395466,9.99435891536332,4.557366885089325,3.8849554058784994,8.087782006866833,3.160110448312441,5.301448297945914,4.279407539805023,5.711820917743621,8.534314315655427,2.743407582506544,1.1362118789373599,7.592923963432712,9.101733465763889,6.691242433474658,1,train
6.1427226842044815,1.1683817855665095,5.215960840195453,5.9895173135883315,6.24415065163487,2.130418270934742,6.352263690882507,8.129341690222125,0.9911798288738471,0.9703683778802707,9.80281431892945,0.6019173754312956,8.480793969770918,6.534321355259934,9.402696456478886,4.229389414521218,1.7914430710890805,0.29549032558468524,0,train
8.438249584510409,2.915901516666034,4.740805460498348,4.518689205692237,4.7601133139824325,1.3464225123078777,8.0240237587348,0.578857818844527,3.360264379485054,0.8939110088235536,3.502756400450121,5.1964188355828425,2.8470555173820653,8.721544768440161,5.31619603360145,2.765281499289125,7.809654008188064,2.1671834440671747,0,train
2.5428184501621143,5.717681577842084,2.731163542832338,7.383670361130777,3.556258869380826,2.188982348813661,0.713128003818364,5.925778010417982,1.2506071496865012,9.40917602418277,4.066691596855537,9.503086062080989,2.764512656284097,0.6276469217120384,6.842199721448802,1.1683888471364334,5.357315191492653,1.236033150619421,0,train
7.326053361630297,9.860796312061009,8.013528009129049,7.265462433719376,3.523364040976732,9.919136445719447,9.234271115025694,1.8798550715752738,3.4287014645567995,8.991292030919016,8.183119608979188,0.317481209390551,0.9783386413930328,7.740148522589076,3.0140008077956013,7.374825296177838,4.940531653728274,6.592321478662687,1,train
5.4223459241289795,1.159165515698685,4.393740945486022,0.18105618601981344,4.108764694828665,3.3731852083256166,3.5521923339584127,7.0076746330626225,9.774765629684714,0.5839473743681733,2.9109818919647212,4.143175537670359,3.6100215183492534,3.666003246155495,2.2664767480493753,9.239926644916448,9.362124763442331,4.278840709168222,0,train
4.480340453481324,9.396874909516429,3.125094062339584,4.293317131463139,8.92844002321354,5.141123802923931,0.772161647835734,0.09027442953839282,0.8971336113498429,3.922715430007786,8.927939128176106,1.9328350669008498,5.88799796502721,4.721195762904392,6.364394665756771,9.031219899928905,2.9465191170286884,2.4503698072783786,1,train
7.510044946635599,7.1158160284746454,7.167081246914855,5.280357616875923,8.777806872466575,2.303882417379526,2.4939066323318593,1.6624306357783392,7.453676347136713,7.330966564611542,4.218271988252107,4.581522332980743,3.347248284738904,9.165897686102328,4.640783741275118,7.61578894213983,5.8756575691904755,9.003624264622372,1,train
9.446987053878338,4.945059909099313,2.4359611689274256,4.513216494794191,7.224051511305117,4.220158076485952,8.738996349540372,4.578194303888441,6.593392435324887,6.47759500383282,8.067847943944578,7.801141572050975,4.972257695538275,4.595534026046019,1.5448722270834392,4.1097319883341035,4.432215288785471,7.831751765976848,0,train
1.568053882697539,5.8735019605032965,1.26245709259367,9.88074094714287,4.24381612807465,4.969109822924413,9.253187148390834,5.123518601310187,5.34839139837727,7.913581815672846,9.868204126296556,0.8328943457149307,3.0757548879092056,5.794156875967806,2.7195515162803243,2.8034283819175396,7.1607606478043975,0.31933182944982375,1,train
2.746460953333046,9.182184962259733,2.2081217613937367,5.037260905739015,3.3891455580123586,2.6772721484329076,0.07502259415698598,9.835864373357024,3.532399186576601,7.53744801283199,7.957598061924279,7.7138405686263445,0.8270935246367017,9.314105457429244,2.403473260539728,1.468741742906955,1.3619521830040693,7.19208331742898,0,train
3.7996098832328937,6.932822686406157,7.759034438523507,1.5710946230621836,5.611869555145173,8.284691693893544,3.361897209397947,2.8276429336837605,1.6275325820345832,7.274091437877507,6.762623640086353,6.0070960475336115,4.727792176228323,9.816245296662661,2.4600266898167034,0.2453715772208498,0.6975084426992284,9.15603029971958,1,train
6.4742946715557075,6.864852138970673,4.860047455291117,3.2085298732358436,6.2680762748871075,6.114140547812593,5.9315877134401775,3.4869245732247656,3.915691731805463,9.770419714632498,4.778687925713773,2.7784530120589457,8.676418064889642,0.08163006078114154,6.22252032862015,8.76240782980062,2.393412111270795,2.8322399795848163,1,train
1.9907516808333685,4.6434971434176395,2.3169188629057964,8.74461669538291,4.671439903026442,3.5937620590936503,1.5084289791044458,7.056899727068403,0.7456318676788509,9.482572875568723,4.640607104737182,2.496416558773684,5.658487812497087,6.222946854663113,6.70404940075808,6.960153377374352,1.5409135846650046,3.2391448825226696,0,train
3.0561807192781885,7.951674203934282,9.973928658921508,7.648455596645904,2.0745796468095854,0.8557277211704839,7.632708350760165,1.222633055963851,6.887174173853474,5.638141980806459,2.5951457119433305,5.082536232090556,4.0823053131738085,9.5003978561302,7.82119132427632,2.960174525388848,2.4520469279044876,6.604382214266652,1,train
2.374121695675882,2.8018369432623067,5.385004563605117,6.408764706966865,7.038950531297743,7.237919174257579,3.5222265913354756,7.225561104592626,8.589382767129361,0.31973621713512257,0.479164781853888,6.9089471604598165,9.490514992076314,6.268446807653434,0.9502206176407468,7.619402344255679,8.551967955778922,1.0328697417904065,0,train
9.688662334177168,8.699567955180335,7.112817787197727,9.49551458086059,9.029790496024283,0.9159227777305845,2.2608882911131656,9.494238782805471,5.974662574262836,0.46300919862366174,7.287411664856098,1.9922907551589697,4.118570185210587,6.542100645190482,2.4192699549020444,1.8877182417561722,7.251641757659581,1.6746195201819591,1,train
2.5393535427186,8.823558052805184,4.998842055694402,7.6228364994288516,2.5196361403452974,6.5456320424338985,5.258507219552132,8.672663554053823,1.1082071919539693,9.206964569020824,8.584139008238193,8.786766735165507,2.7641883476407534,9.872969413925764,3.807776802502402,6.3439512568379275,3.2479766001482666,9.775874218005379,0,train
1.9082505524947428,7.497363840593345,7.474606438890991,8.307680423470421,7.582333866866192,6.77459817265813,3.0367181864539172,4.771290959078015,9.30850238383113,0.17509768765691214,8.803841452634707,6.294462256890344,4.394132027125506,7.687568141929001,0.38182711925103474,7.327109402009661,8.145076085442044,7.2980571081004895,0,train
4.267689996978779,2.473011625206121,1.7449923705189287,3.2903340469916795,3.7325028444320543,6.406762502224552,2.486567934739293,2.2494635561253453,3.0865090441336704,1.4615852867270684,4.526923179134622,2.5247329683727338,1.4436632160033258,0.2236111738148272,4.857565641235372,6.561530954267728,8.788090506444599,6.401576267644311,0,train
7.574425920059562,4.846680507906044,6.360046267804693,9.49885895477428,0.907243209952121,4.308568296649444,2.5684567219105734,2.6536667608284157,7.326558695806718,4.827843742297633,8.524057766534362,4.631199237806269,8.94977221088238,8.66914516317558,6.4423606256443,4.952588736204115,0.8836624130208626,3.62580086080753,1,train
5.822170267568444,1.1313609159819376,7.397577983046655,3.4717598836162256,8.844497806477069,9.294276549323989,0.1941026118443423,5.60332604467546,6.8636133459719435,9.260027651211978,5.796348167456905,8.454643713724478,3.403018187780428,2.687236533525147,6.801846995039774,1.3770439894815056,9.299742364394461,9.879043358110293,0,train
6.949971206159213,1.1421361697652526,9.577852602769926,3.330475780662722,0.9074800981356601,6.210194702913934,7.5905276145573755,7.161298232266883,6.268389804794223,7.803452735016237,0.9794965673527978,1.19051674851268,1.3640942383631194,0.54331435696782,5.164225369357142,7.2103812301086725,8.891175692067804,2.2790889932259017,0,train
8.228615082912805,3.6125532310855673,9.59720780910486,5.381647634020346,2.747974235191073,4.234092943796305,7.106315457997713,8.841470833990183,0.06250162457847042,1.1628716315306564,2.0844399322638485,1.405168029543915,7.447692429108662,5.945358675977723,1.2835944406436295,3.050132512258925,0.3604976185174469,9.06410597268499,1,train
8.635095979035277,5.460749593299308,6.372888005745663,7.572062688088578,8.459336435192725,4.786985329577384,6.9465968277608106,1.5337692141435066,3.2742629409672364,0.5500813918163716,0.48646536288864395,1.2909637513893202,0.5799981909980145,2.4414459505229646,7.415617143843024,4.123906913840102,0.8073966491995543,6.3731987278430715,1,train
2.522796813903081,8.224713701949051,8.721827482964201,2.78568482170149,3.4306034823796736,9.308313197901791,3.8024810008993204,7.570918676705942,6.461205949152199,0.08736536396992234,5.741287376156022,5.1753818987848055,2.1613767191527744,0.8686843530328214,6.0438637810598195,1.1411827551957332,2.8793460599761267,5.894110351746678,0,train
4.944884780419557,1.3023854222502853,8.816625457769858,7.7024207597281045,7.789349940098164,0.5747973069188339,8.395788839358731,0.4516623333241421,5.056761640168364,8.103208066140844,6.657900426785272,6.3594944566736045,3.6763939520844002,3.7219626116629865,8.85740850421396,8.32473133088402,7.609799757402044,8.157565885157233,0,train
8.728733544286388,2.8663601582115725,6.063213576865577,3.2297531165373283,6.300943387182105,3.766715202873221,6.59218478080998,9.912057141189242,3.1150705246244814,6.6419764909297205,6.012283435282562,0.13090168060919227,0.3945917425057188,1.1643211177447943,2.4863237098937905,9.672221025377674,5.333490903204471,3.099351992661447,1,train
9.192684678308124,2.988022311391884,9.917560736302551,8.428989475095992,0.43905152081938903,3.4985545998304426,2.6243502445539058,2.9257475521018494,5.94144767639748,6.837555134526835,8.642258178130733,8.250136795783476,3.1102994966221553,0.02131563223017552,6.519242444941543,7.4562928255214524,9.98774411176999,5.608807041563506,1,train
9.99233086454884,6.556179221343209,8.64165552738299,1.6631520001550848,9.974904463309258,5.69963132180868,6.878825367831126,4.608246321210809,9.44273371208179,3.887446387423974,0.4304978075149424,8.425021105442202,4.572610060033546,8.443188677368248,3.6852999142237,7.649614293592791,6.973070328368387,9.747943854243053,1,train
2.541417863069176,1.159530364258698,8.622882636965135,7.628032453448764,9.976379859958868,1.7787669353994962,0.4067684992497289,4.439433235402759,5.760452734650566,2.561877500345285,7.515283443017527,3.5278066724103905,8.109518813372294,9.218379885843039,0.7967473431415217,7.229433425225704,1.8545362608204796,6.356530008592191,0,train
4.652604867293902,9.24729197764577,5.311534215766994,5.0259601812783075,4.852852309925842,9.284828812742239,4.8463113125166055,1.952539563211353,2.770807805300425,2.0348479599175673,1.2453387551408124,7.949910156518073,0.7112931588883442,0.9453843115564053,4.856163768730041,7.105173898152087,8.498211237263508,7.13941393045376,1,train
9.114204282929196,4.895979046507371,1.4607324300127915,7.929619652012835,1.2589863883394081,2.9430382494309693,8.074199386911111,8.021403325024904,7.93882467688448,0.3589279485003294,8.450487037804544,1.3718469487205442,2.6317253503780913,0.7792105480961287,6.376661168979374,2.793082602309258,6.860195075135191,8.62583811131882,1,train
9.982567208863069,5.971902818555213,5.81435983036119,5.0029807617501385,9.540432337942267,1.9590391797753537,9.908824646387417,9.032112325520561,2.005760576029801,4.53426657031592,0.5014339764084452,8.569902083903202,8.545127957915046,1.4530677750402243,1.975476973254262,8.29527203894402,6.388727440240376,3.425370175293497,1,train
9.79037189332913,3.201310540679059,2.5517017396689865,3.8412879223194176,7.46699997003657,9.611922713681423,1.2773436038453212,7.836074177502006,6.457173153814534,8.854992862320346,3.534296855962925,5.343655347428259,1.027220607945265,1.0732550861975754,3.92532648748388,4.092761135233426,6.5993999535740535,5.38372220006999,1,train
9.745174550167247,5.718563203333913,5.151623419654509,2.9673979882295054,8.803994083953686,2.3154444916324723,5.597307268883625,4.063247188720122,0.277345332627269,5.891163593604469,8.7347742335586,0.4819621849747069,1.6906795372044003,4.67339267004637,5.849176139316741,8.209037949819118,8.304865972116055,0.47436667249948883,1,train
2.409716286501358,5.987096479189029,3.8752902824829936,2.7494976842069194,2.321355676446081,6.821001582582773,9.042052977652371,7.284703801190082,5.443724813419175,5.923547275327231,8.949178023213895,2.8111300104494417,1.9599613404197813,7.607593960891,3.517482846778562,8.779675851215563,1.7135021635736436,9.157666479193427,0,train
1.0692191799778337,9.618321563895671,4.994673800524397,5.449747243596974,4.344690402101655,2.4222842662818964,8.392789665548626,2.0041011605128514,2.0572422178842977,6.760020097090488,5.824540498636011,0.8658534230441428,8.313849795527863,7.358537439002175,6.862607020128353,1.2440465035151693,3.233357737941472,8.833479553162487,0,train
1.483777038347077,4.520125535051145,9.56431759765533,7.175782976928275,5.052863908690187,4.986778255116012,8.073233745286002,5.8356136779933845,3.6209646494715777,2.3064931596691873,4.671903131116311,5.825686829727747,6.212225224744145,3.8199715675525914,5.424722980663649,1.8525645015260483,7.818219951371866,3.5513055613256816,0,train
3.2825463651098845,5.485736021737284,3.2275043801558825,3.509250971108109,8.992509902523414,4.839855039687534,2.931774199880479,7.4707239279582325,1.1292179320714646,2.4913938969576863,5.976521577102742,4.105213900562394,6.670116849666674,6.463379079613096,4.302238784586282,5.113253186087038,3.1784456579442644,3.309915921756291,0,train
2.0722190929503697,4.856891807365053,3.2087864213076704,8.950130436867017,9.927980619601495,8.616819398174233,2.886191893363257,6.777680669777217,3.460970673855106,6.362040566156879,2.4275083017455934,2.9674239428879803,6.680127771070387,1.7859901215320495,2.024800053993998,5.016466722268165,1.755440356172635,0.881340683918177,0,train
1.2179340094645392,1.427608863774226,3.2825572592548804,5.554512998095998,8.606376451085795,4.039123705182911,6.066768644641907,1.3464097355553872,3.889420237258725,3.5483179782064567,9.33981312550333,5.8960743998041,9.661082690790819,3.4651790272247593,7.717567666053162,2.080253458177962,1.284805841258575,3.2328768862967348,0,train
3.469254903139456,9.987873053759316,6.392338440176711,6.2159514848773,3.5537161795978367,6.323860826565566,3.953247519402611,2.24228149444625,1.5551257279734854,2.7218162806339774,7.841286158325103,7.646186674707441,0.5686455563434301,4.528063336840714,9.319138851161586,4.654971673112059,1.9895977266829368,7.699818834107189,1,train
8.861246817967347,3.180871412125703,5.811344567636169,1.2539962721868847,2.2867496830190213,5.683617996238764,0.057001411438051264,7.914707494723214,6.214676750146424,9.94164990855326,5.781501936368563,8.450252223359605,4.5707371758364035,7.490932936198887,7.5298250721767035,4.534632415451996,8.324069550496043,2.8116061672773887,1,train
4.325802553978261,3.681373027157135,3.000388160775316,1.5573710053312118,6.073711848314735,8.176928566793721,3.487437085549857,8.476955000356654,9.080039290015256,3.234329153930764,0.6904336293716118,6.9498293723768745,0.27055368703862936,9.589081976421397,6.769543495758122,0.045092451542046996,8.503995788222952,3.3061462536384423,0,train
3.844871419659431,4.521116820139002,3.8836471136490474,0.5820697489889115,7.56868006287374,7.845838084263769,9.003082747460166,1.4710030201071722,0.5368741571467572,1.2143329920869839,0.43871936676750933,8.384122135016131,1.5734455923936508,1.246605333522095,7.084591845096407,9.267792493631514,2.0867183810089474,1.9000850901801314,0,train
8.375780491793707,1.8289589027911552,7.100342259821067,3.8568870009754086,0.2872584599299699,5.122005158620939,0.4440140089126954,3.661796818542664,8.441289002070295,6.467734963857886,2.4649756572972903,6.491395856341172,5.87064832254918,5.394380324147724,4.972947836756649,4.5681949333774945,0.0645849536019627,1.384651132330208,0,train
6.220732929061882,6.687523403265185,4.217467194625885,2.2442785459591663,6.494486963120327,1.6022885656357033,9.233350824632861,0.939604204409924,4.148525611659897,4.594260680514257,1.7682619013262058,3.333555997458748,9.383245115300875,8.606979833851979,0.2186146202168715,2.870711162538231,7.661022551670996,8.75160679541563,1,train
5.329820068212158,3.274740814644801,5.7510967109073015,9.817556293891988,4.77006773201904,8.780808904893776,0.6509694666229127,2.947900281811009,1.1732479985096689,6.5317188067381435,4.4400980017522675,3.206840640215316,9.436749019404644,0.4238806702629794,3.1495961778743164,6.243725137288854,3.216518844578309,9.330238545370875,0,train
2.191581909509783,1.6261790032133492,6.03698648866284,2.52526309563494,3.4652471684648334,8.527522222953243,1.6121384541231876,1.6012115338435018,6.5735625241946245,8.007773892297482,8.661301362105657,3.291143683978502,6.063711067201847,0.99159207140876,7.625483964924494,4.318090567076709,4.472422725641247,1.9101291784981467,0,train
7.600587440949365,3.0686103547569465,7.2315348303605,3.5058268737296974,6.446005649778222,0.17426622266850988,5.4371387812367225,6.529592965764776,7.466769904717218,3.907583941485717,2.8759573668114644,9.351991303625187,5.832599220437817,6.707365712370265,2.1239219666678864,1.1713023798332955,1.8399971777499569,6.074879296995518,1,train
5.363396846187443,9.946187509922725,1.1962844583423071,8.957819463394955,2.4877263976314055,6.188499673582383,8.610691293157377,6.612296292099762,6.701614808645501,0.2059282748341007,9.682087186321528,4.952770548017743,9.825457107609632,0.8498994517792602,5.098067262403866,3.7519397868024154,6.771933557218476,1.6148045419187684,1,train
2.7294598505204744,1.944982494725242,4.010342374081707,8.517672957391362,4.924973149398814,4.7332877940046405,1.1440872204623098,6.685353385974536,3.3492452967963606,5.53775231533856,8.585523683674976,4.621175260218483,0.3376628618093691,2.0238333049107107,7.751261816742852,9.02398492070034,5.224957400144641,7.5344039802993565,0,train
8.98254755541356,8.243092077021542,3.815806780438987,6.243634215155465,1.9245326747324598,8.94169450445646,0.7050671498565753,4.499798248117827,7.696371348267642,8.279391678644105,4.287147195774915,3.3316131043864816,8.992353420672623,4.386285025722865,0.9021543776541752,9.552451814973068,3.5965943341067907,5.520970158750039,1,train
8.909348955952513,4.384771927552204,3.63813511944838,4.289208146288174,4.089348580175595,5.434755797752326,3.8405604342497215,6.85738810855677,2.5322657919395097,9.84028288693117,3.6104088287931035,8.181015233307416,0.5452030534827301,3.9815272746780717,1.1496062294601306,1.7475747004689435,5.419667806053664,4.937125033553512,1,train
4.667253880015137,6.704553708088282,2.416621286393222,2.181442301146479,8.345078792297501,6.100077060678684,1.6473616779835965,0.2912507582647883,3.974279340370762,5.919814605559935,4.160243226323548,3.585800825256001,5.475929583236386,0.9527915770335382,1.859172777180711,9.930593725496127,3.1646780503314096,6.451162199374984,1,train
7.954505943202291,9.226578571468378,6.94371886738481,4.326374489564399,6.866108517413577,4.462011629250183,6.788622482464025,8.360294891327523,8.025507012784978,0.21703004897127842,7.112599521496399,2.181675417599421,7.940962143113282,5.947636988127124,6.562255592429115,4.69166553939084,3.1220462253939516,0.4687446545295948,1,train
3.872977768391604,8.942881100961358,8.504146308408144,1.7034624749776606,6.615304505095709,3.0150835540077283,5.044064928518729,3.872195613697591,0.006993717070922223,6.0853735218307206,9.312360715709703,7.461986612055368,7.272704357276892,1.5216362319591759,1.9582360315874348,1.5272536025246308,0.9224289039676337,2.5344172112394214,1,train
1.7654928958930292,6.102382140204923,3.5854527378753707,7.7200120065254225,9.798106735524293,3.3618643660141547,8.462858989967803,0.40400685729366614,9.85551877790653,7.842842025934063,2.2883963355462624,6.350652630449587,1.9606734112630597,7.879657585794082,3.375370547289438,0.9060194553058409,8.283451985845172,3.15600061117932,0,train
6.7131278063229995,6.237133503824149,1.4046144534112686,5.339130528755053,2.5234492802607766,5.157019184126694,2.1258014286729674,9.570135537968612,7.162860802828311,6.980451112983255,3.74882467889893,3.770091704730244,5.1288238372414865,8.356710462467138,0.29492737268339897,2.9322783602741707,1.3455875754984847,6.386008701853516,1,train
4.936318081279892,5.155475339217254,2.5999844453536474,8.268865347635035,4.535075386432439,5.487237549729334,7.233236145837692,4.827306901238072,1.865072463392352,4.516968198361956,2.57470918515284,9.388151075998246,3.7912666892956293,6.52642122063919,6.080729405960664,9.554350219334829,1.700291440348486,5.711744012262704,0,train
5.342228268454032,4.6552864075463365,9.611784277220066,1.7042665540770119,2.478637830328486,1.2024386358500139,4.2252776777191725,2.2604948514199164,8.972718618699568,0.6976407420388853,9.149729483541226,4.868874010555659,7.165503084819234,4.883650965190101,3.924212542782498,6.526421523499662,7.840325472757058,8.077171155893602,1,train
8.475572184598683,3.127608336719266,9.304838915950183,0.028964349866434924,1.9568101059382403,2.6666502822100844,8.78174518355009,2.7454985984306846,6.754751961403665,4.327231194674479,5.6539512519573805,8.876081684613023,1.7910514807693734,0.15559692433358863,9.667013617991602,2.925053727000643,2.8274853897608523,4.523373059680512,1,train
4.170431646167874,9.765812628437148,5.246689267516616,3.0974966089933575,3.646552355167664,2.646009703552946,2.9454665193516973,9.27606300159755,5.4535664263012285,4.813972687462056,7.341499881995252,0.20219826287337983,5.373991897528448,2.9358242641849808,2.5692417561615044,2.018113616323424,6.876105557106284,2.3349043275338612,1,train
4.083028355883602,7.557355582840496,2.290310368196322,0.28503217981203366,8.339516277745606,4.165835142313296,2.1702383010398583,4.404948069648268,0.7939801877461239,4.49388124647853,9.776536325784527,4.629270268748752,8.94689876733025,6.228965551063705,1.7601864182532723,2.7671520649291725,5.6925206293686355,0.4049401590591939,1,train
9.921404727675029,1.0573975423708062,1.1309424203550558,4.082641044743648,5.895684101627254,1.894485736378806,9.458757977097916,4.318513403424426,8.5637275558601,5.57053844249817,0.8382855184239779,7.386386061152116,7.594153189888003,5.662674738113762,7.335287346115603,9.5360150872813,4.534017338931594,5.403336034385045,0,train
5.823873124896036,7.763574456260419,5.136070450073789,8.29131569390814,6.82547859786149,8.062160339888967,9.439635392417769,2.605741200452961,7.7684951752749365,3.2479761773700866,7.767364833089964,2.419371780011349,2.2593442868501104,2.094284485098885,8.983362008451866,6.745344013949498,8.80534858611353,3.580486582989064,1,train
5.818439308979113,3.681841392393784,7.379685423151518,5.586019949949029,8.603107274012924,7.794815204138646,6.376210415109424,6.303033940995176,7.799559779755518,8.824399763866893,2.8912952076293053,1.6334066264088998,5.570775448642462,1.9935391647070788,3.582406623282115,5.170361230111787,3.196937500198155,1.4675205991173446,0,train
7.989055109810252,4.987992014303049,8.060291507865742,8.265168368050166,7.453751417585632,0.37257970160943676,1.1197815692368152,6.9034468847833,8.626331677804048,4.916262056387687,3.8080695195439294,4.154869668660678,4.335462111981238,3.4949590448974464,8.266476841065828,6.085219090140282,9.207797290792083,2.4658169085911985,1,train
3.7276271293153433,9.053284043908508,5.861513522210062,2.2478027232681077,1.2674616623071755,8.031664877477192,7.6227546348388735,2.1371099659634996,5.070109727597746,5.210803239763474,4.120652058535401,1.9253432474828969,8.879251934016208,5.4751028920934255,8.49426746572632,4.695708223986539,2.227048952969567,7.865955292221011,1,train
8.830059982611843,7.306559223211645,1.2509938082269174,0.13977020618528235,7.2092378778532815,2.975596932595226,2.83432603416181,2.5469273157714936,1.4950558050165175,7.068939981832262,4.095253691614706,7.338344389810088,2.1232102491108487,4.889711367617772,8.602233290913269,2.655677019980188,9.78550426299501,8.950185640936239,1,train
8.02411865010791,2.0838089315953043,2.2987991266347825,8.154603630268003,8.642915352944296,6.3826045333377,2.363760429337832,2.025854111750106,7.712040833289643,8.03006526000579,0.9138258191700332,4.541484771919789,8.985714763305264,2.7362494029322812,5.824618500986181,8.629837444277515,0.9554386542890358,7.224243792425935,0,train
9.8272792327733,8.616215850374857,2.1614385846378337,6.972591601508733,6.6820901711183875,1.832992924004232,8.815726904756751,0.7915513712001632,6.400362059556716,6.772456035211008,3.722028728896004,5.339925844145491,0.17857872061905256,5.0640982375528605,3.643859041624994,0.469496635734834,3.3647661298738285,0.8931519747051986,1,train
2.063709537250813,9.496445895669796,4.251431565200201,1.5546136112527476,2.043073786835785,2.0956372180041685,8.117268960252133,0.3441218671909607,5.428722461965773,8.182993740367273,5.534891329464523,3.9477969317515593,5.461797937075989,9.856983807659386,3.214192940084523,0.8204808058246837,6.426147537030951,7.760312370178466,0,train
4.309452298320953,8.823244735239449,6.621827767475321,3.020675954177281,4.552987067181887,6.551498225806869,8.709701348204394,2.113659240902137,6.621190628461772,8.230941547809543,9.936539610022638,0.25906686953280134,4.224799602798673,7.116456100999992,8.877122493474083,7.010202375122619,3.1062338150972444,7.328445917599524,1,train
2.7221736475763105,8.737264707399452,6.622835663699924,8.377842190250671,9.77218469730892,1.5454117541171741,8.091826472481262,8.068396113325315,8.921099481904426,0.6830366097263707,9.192361283091707,7.8213172090748575,4.89370186362221,0.46736032836924624,8.850013761705569,7.548312637249132,6.252409200371699,1.496935648874128,0,train
9.150892571640616,7.588658889657283,6.182969886300129,8.56272192340886,2.1060840173514284,1.2038275917155528,8.271318932912719,8.34266531425962,1.30099699316101,1.5315625253527976,6.897592775558584,1.8118957341539033,4.5653673350553685,2.4027878313483644,8.808081756615303,4.058729303969003,2.123090522136435,3.426778825138179,1,train
4.737512860445852,4.91592474784541,3.53907409714584,2.700643273722795,5.002939862413884,3.0473638344961618,2.9978240892345798,1.7840949997482025,0.8850716431715722,4.314766422181632,6.0280688448963815,2.4858098385270813,7.375052134888504,6.715244090856377,8.851362670603182,8.93517136747645,0.9712368197154819,0.7402647981112598,0,train
5.981967445656466,1.2657237251057611,9.408994089364594,7.815374068890265,1.0786580358459175,7.710452461399325,5.4078759499266305,5.480971100422404,9.012529935121666,2.237449671916335,9.533937278201304,4.049190097417448,7.358234052547031,0.7528752950322548,8.443821068782748,4.409321017874417,7.86513711715025,5.17342632835653,0,train
8.938356109282719,7.725259347163696,6.90528460872034,0.39149581964874836,8.954505999485994,8.335495205286968,4.375565989351032,7.7240586556818,1.4380674220975864,4.097315387898609,3.185247482436051,1.516968048543389,7.011934446388384,5.690501322257885,0.43237731754024233,1.7528889845579199,7.807089173480012,5.923146985621646,1,train
5.5403984514924565,2.526048749580859,9.64470957249612,2.1517683043666747,6.5715690521250245,7.468596310369535,5.489406871654783,1.1632639575940074,0.29472110214864955,4.624083731523969,3.884334188892283,7.977249318797931,7.415248431854239,0.17833659881916764,4.176107679229367,4.463282201375563,6.258584667235957,2.964135786591787,0,train
2.1206797199599774,7.2026042152069145,4.837242743143509,2.9048965797261497,1.4211772496866137,1.3670474727443493,1.0258739475418144,0.7399202844064956,8.596942912692924,0.3623905830760732,7.3898888842963215,1.7603067012999019,2.2649726864381803,3.362943222094037,8.37015408087516,1.0221189760936322,0.1435548645225304,3.0469253260504745,0,train
4.647034241681417,1.2833883465930356,4.909340790975362,3.9926798428198063,9.756842254643407,0.7821252605550921,6.9497837447525725,3.479917054796217,1.0107802066197091,3.124079629894927,1.5596894160071395,6.0348742996467,5.176839009030053,4.846059730840004,8.277305433292293,1.865846875200099,8.858522880154652,2.0083283232922,0,train
4.697915217407659,4.834402145576046,8.72689686760395,6.645317337609068,2.4545613265934616,3.9496885497874645,0.013153419560273383,3.464454605025322,4.396966332138471,7.913538867237616,2.57538572358615,0.668424627622306,1.7768011673810036,7.713848983918828,1.3139957965233506,6.744292748045302,0.5253236683385498,2.7457204135303614,1,train
4.254044376033853,3.1854597535938662,3.3424589039310697,2.227039402892652,1.5358337933892618,3.2512149251024605,4.94469585423011,1.6794326428910733,0.6497309246972138,2.6768494411365595,3.500951946277647,0.264893637439404,7.564100278052167,0.4356888630220168,6.019614720155065,7.189386134595621,9.81518633102229,4.99374147003406,0,train
1.448652446243802,8.526350715539259,8.953130923639012,6.2737129872629,9.118112699689867,3.0100898334545256,4.210982732453709,5.564374889840037,5.801770583011832,6.281005524894776,8.753542049716417,3.9213824726302193,6.806515911170442,8.406624664581287,7.525523315791927,1.5657337684616468,7.141970294896536,5.662638259517422,0,train
7.351569967453349,7.375548751334218,6.840842011979771,6.49833339294841,2.0434091098506855,2.7153384452198237,0.011242740776769011,9.705722127204286,6.614030403449441,7.865545553514925,6.944068847801942,4.388203384880342,7.628913258131184,8.162211382321274,5.938232708798298,6.478417167378209,9.656366587074825,1.6219498665724552,1,train
2.8598582802881563,4.953275818031542,8.951083065430428,8.872739855250835,8.42615294061943,8.896681202028176,2.3636474787920934,5.242738748998994,0.5789540868663934,8.255115670222397,1.3202872468794191,0.8435429749847478,1.9615366390993583,1.3254188963306779,5.564362865295754,4.888938741036828,1.8077441291943053,2.8960638288742246,0,train
5.056393137176552,4.834409250062107,5.753712945626017,6.725725927693226,3.780368919866458,3.6091118978307026,9.925610012877469,7.828611708347274,9.28941933553881,0.8408971331918191,0.3003469261014635,7.280245138222861,6.145225013721727,4.221312932111387,9.224053456655403,8.820382065531714,0.5798200761106564,1.8979164369279022,0,train
5.388427373431214,1.839925293468854,4.320601741610986,2.916161920002256,4.9424269429929755,5.575942629115716,3.0376402904894686,0.3082656907856307,7.863389782541132,6.020528320929887,3.8459870586536162,5.884792371591512,3.005368758372986,8.719997389970098,1.7417041550313261,9.969370593405799,6.585555895892908,5.219791888709487,0,train
6.597255700548507,4.0102534364552875,4.273239478719225,6.394409821315133,3.615879708592261,3.1271524133466224,3.8273295472533944,5.28022601860465,5.042182265920579,7.910371900674795,9.640296413741687,2.708042692571273,9.719765440805947,9.487802499355748,4.1770223036095,9.844351700415956,9.800285295214689,6.454932044681057,1,train
8.030396130023275,8.017273258680708,5.1225858420092125,9.161874639879013,2.4659111957942423,3.729307214505596,6.3632102938305035,4.163177594822677,6.93496823281712,6.879973621493182,1.5327656071307805,7.125246264477772,6.319663505393363,1.3696923300672892,1.005037458712269,6.5246261001506864,9.144143296964367,3.686954231377033,1,train
5.742044113166256,3.2262286238180877,4.243237894737851,7.095589262953145,8.073698607465309,6.928359736385441,0.9987610757513976,4.6331484865257995,8.97864101337836,3.9717740245636746,0.5335930801095023,2.561930465488448,4.311295445808908,4.319829598631868,4.5630659532242355,1.372565405560976,8.101666831304277,3.7967223671350325,0,train
2.281190115752003,3.083274904551336,2.399115016466861,9.584388522216184,4.067111616190932,3.274150633128806,9.457580720751594,7.2334106137373695,6.9136571902876645,0.5850326883297063,0.6802069168339187,0.3396443753820033,6.133500627940918,5.370829712097508,4.66502829562258,2.5075202456108627,7.386818981536391,0.08179134919927944,0,train
8.393814586422277,3.24031417955561,2.7346476441967877,0.939277394194582,7.865483276446714,1.3625612074455562,5.915446557191606,2.44303902472224,9.506426396130465,2.1603262984234095,0.08729707045585622,0.10971422535335784,1.397863544821788,5.349712633899428,6.652047473419839,8.614834116625548,3.279632075416502,7.886300652392069,0,train
7.688146497101731,6.584300041382121,1.6830579094610665,4.736902083674892,6.6671905291476765,8.655337556394903,0.5886296587063,5.894130910415031,9.58837829582831,9.148527533049188,9.576278561132064,3.91429864884266,7.582648813886759,9.717540414044915,6.752330330443989,1.111967121534344,3.6512061581190447,6.978804870276432,1,train
2.6673518778462353,9.344168425714017,1.1288169977217726,7.725633830561518,9.218860585793662,7.271368216734029,3.7871444318882173,2.5880653744785906,8.811405692288787,2.4622084564706324,7.423492213954611,4.6172855527091095,4.111877137939535,5.984231158901699,2.697813232147296,0.7200214646901348,5.04069570962103,8.097650164049842,0,train
2.7952077574737713,5.88341057963737,9.424554427178068,7.401558411001736,1.5601613613110699,9.94236835021766,6.251381856366477,9.234365417929492,2.282724049442723,7.479055139424803,1.5911850800540206,3.6096109095402795,2.9738509683636813,2.647416385685999,1.7631833694183163,6.01774991920764,2.0875649463776713,5.576819388301274,0,train
9.796703051209812,3.131486460164896,9.13494980441649,7.839211319477418,7.106573307566965,6.065865393794466,8.00150731504737,9.681762012269491,2.387065698429034,5.437854021151296,9.864636253744,7.92217172932175,5.130719489746015,2.287114017942262,0.3404546618581783,0.6863034541429991,1.6128100699314274,6.034222213180007,1,train
4.193522496281623,5.413388096272311,6.849038472206705,9.675550138927893,5.536166251539155,4.729967121283155,9.142510586369196,4.6033016985685995,8.21093106160752,7.8110411298444316,3.4160648381330705,4.7138958808626725,8.91758758061093,1.3254122361276943,5.322432125380644,6.66258348811661,7.217840693554253,8.826097302350938,0,train
6.372335387874379,3.364045134106451,5.0538339390519225,3.6554815171161295,3.1855462465157625,1.3455074631852615,7.334630259038351,5.182764580301833,9.770913836404842,7.810695460108953,6.492413522728302,9.16079574502118,8.518587381334614,3.821226578686072,6.315131936896235,6.384647581174252,6.156245785060218,3.6411951872880155,0,train
2.4973600166981833,1.5250228733745117,9.254917545177989,5.004549914010821,7.573804074984869,6.17996513904859,5.688310625630502,5.2448105510182295,6.082125056901728,9.383565315425743,9.193862634114579,2.013526700005376,6.147343456407696,9.130353463324042,9.625124005710818,6.539256973763391,5.63173089625892,0.8266678817990292,0,train
3.919409216828841,5.411105175383459,9.214177460652976,1.1795616333196546,1.0243723625529622,1.8278251767529796,2.8544047858450328,4.412275347538869,3.6146830458759682,5.071733686382912,0.6602557571304735,9.074690427514213,8.622337419990687,9.850859562585814,4.055340758122453,8.56573112921014,6.981603255441138,9.47737318653485,0,train
4.346656019505671,4.30399950109727,6.142163333922401,6.708172389144913,1.4653192532176784,7.776607245719328,8.833002839640187,6.3524665149367765,6.32397097792854,3.2056278797061566,1.0384654479367217,4.758833361397913,8.143548968598395,1.7131170428576237,1.3068374451442,0.16225507484684543,6.502157344535821,3.79334360592423,0,train
9.070141895728026,2.250458663517534,8.59315563408568,8.80680651406066,1.0915836676678414,3.594188989609133,2.054167005923807,0.5777117487049266,7.205955750880647,6.355595015519485,4.517214608443433,6.98409184933036,7.49482073125016,1.1638038795669914,2.0094732859951847,1.231991896831316,9.733158279483694,2.7410273267581586,0,train
9.31781283198048,3.514369507639162,5.141100302152032,1.7355772086704113,3.255993614368189,0.4981354604003163,3.7917241475378116,0.7998180379249265,4.79876804296958,8.599296336672426,2.2969352370147424,0.24656483959358932,3.526390330360835,0.8433990134038583,9.371119591709899,4.430828194909799,8.520199128198524,7.653940811485489,1,train
4.812237486027867,1.1066791681524546,4.496993283094587,3.548241102744715,6.826198129967037,4.03498056325878,4.670113735571038,3.6621745483728994,0.05080227913145996,4.522109980576107,9.64938526446087,6.645050895194883,8.0384753329484,8.661553114987775,6.800612084659706,0.6948892502548643,7.663331429185552,2.1312623660717476,0,train
7.020226723606603,9.487987750556494,6.43485091186115,8.692490486268925,5.115613586123317,2.646743258043611,8.730827113354058,0.06297916947843873,6.882317022982068,0.36290442630605546,8.689436791682152,4.650598924820558,7.211644134463495,4.604665572990475,7.396265007075594,4.167195634004477,8.368766715048592,8.210353416253547,1,train
2.478892742306287,1.6779476136731648,5.353554654583548,7.844055205533207,5.979779096711847,3.822302723514137,7.609460278293674,7.1621176510280815,3.1084598394341234,5.940470337277396,7.709151679684894,7.773601833911945,6.758239787674317,6.562763269126284,4.981924141240435,6.984588524223585,9.227374722340397,4.7810497558235685,0,train
8.877921889852367,7.77811906125599,4.0292870391764986,2.26597218090119,6.321268795718909,1.278639221223754,4.979587774003829,2.9964155521196645,6.358981854523772,0.1535215640423082,3.905171999399352,6.734997051196064,4.932054914513998,1.8275636369027515,4.7312952148264085,1.7853680394369809,6.940518754838166,8.385758073869464,1,train
1.220079047163694,8.336099324795736,1.6910982329993685,2.3360744603271066,3.7114446056900983,8.728675830836893,2.1831087756535625,8.090093171379698,9.933295504978384,4.740574033273768,3.9581245837701484,7.631181392468594,0.050548808254944344,3.4101761087998774,6.6565289570429105,2.1749804595728373,3.648893026536798,9.41116097716899,0,train
3.7254424638170263,6.172496252062134,4.94123814756883,2.4484178345433962,1.9267421162044718,0.9156726834327966,9.625505130363948,7.869701302926696,7.627038277007555,0.05715169733662484,3.5484672473509082,8.521502832628592,1.7784190544209488,7.530693686034253,3.6058773420473624,5.294520540988144,4.564459340773248,1.2571013520031848,0,train
2.0581979815241196,4.2889473262877935,6.268721892726198,9.543277649170182,7.275271221219487,1.2913023649406352,8.514560957731508,9.723362264254128,1.6469610653490407,9.514095537939987,7.828709415899702,1.9802585114989035,0.13681780299726554,8.900822859804505,8.333498314657975,7.610187694333356,5.932063354574282,6.439035504524334,0,train
1.4303101713775326,7.841662774919674,1.1586725397856052,7.749734447212867,7.260007360629057,2.798083275063145,5.989647695570995,4.915230099081472,4.90060447215866,4.575106750882863,3.9529039416170217,2.244818291447329,9.371038210078673,1.8075845502717325,9.28651799153942,7.341750858860988,4.963274692002245,0.9388035547890317,0,train
4.745771707218582,1.668664702105091,9.0420329460505,8.524700881975905,3.5373288496844015,6.9035490818574115,6.005526836518509,4.968375399066222,6.320088958214004,0.21754886525668482,3.7002874538564057,4.759964516242219,2.899373523459027,6.837828686385913,5.183127482733749,7.72394731068527,2.513866023627982,4.693380817917019,0,train
8.076233648202802,5.715500530998181,7.461355132480091,0.2051942753297198,0.4318963467391512,0.06990183126527882,6.6806511166127125,1.066458731374872,8.62289314545016,1.9520339661768182,7.82711115686784,0.15386424035851332,0.9176957440608646,5.955370393770377,9.427287575892567,6.048542490921336,3.539059576270361,9.089641035343522,1,train
2.3054015177274767,6.364021781048322,9.48503293845928,9.58597818456857,8.798882511410135,4.457069302136941,3.243018929966366,5.555050491860587,3.8401504151595867,3.261554183077563,1.5803439121456486,1.0734941727043923,2.0140255978602406,9.592665874979671,3.2889070729908267,8.557142676060792,8.343346664844372,3.183655094179354,0,train
1.3662780112412207,5.504435584805067,5.249289542153694,1.0697242167306398,6.727095008459201,3.280071804291013,2.891637786583323,8.969904582281144,0.24096921896529233,5.725528665247884,6.58235253236766,0.2077827801279697,9.341432763239526,9.051954569710176,9.139367172986429,7.987058497338393,4.979972175214882,0.4284152932116325,0,train
6.097508881972701,4.472849934154758,5.130478547630924,5.130998394022887,1.6525469766379064,5.4334716463239054,5.103141938570907,4.318696186369891,9.294699389729805,9.940075007766325,7.238687765111114,1.1270678008668789,7.2562165654526325,7.4219215651591375,4.671073080964733,5.382610710528883,8.236991437782603,1.7325110462709847,1,train
5.977991626048569,1.3432826553884738,9.352814478094592,2.715869992700349,6.100501324733144,3.136714065601943,6.39800224850533,6.800873866241234,0.9950426757986641,4.6345977674574,6.940991798230092,6.783458434022509,2.697055562362154,1.3275963773038901,3.660624493835043,8.222354579628345,2.1744099143812203,1.6486020607558916,0,train
4.166751056782143,1.882377585506811,5.141215447128259,5.755266534130651,1.39574518963692,0.08024816945884083,4.214866900460214,5.81411268916011,1.3667577673259446,3.7491932610505696,4.823926449579852,6.348736480509177,5.459504112107419,0.6929091647955998,3.600165677257646,8.296510224673034,3.2722428296135697,4.24691774930218,0,train
9.649484560250732,5.86977167047754,9.076842628739438,6.193633865728444,8.04369042651126,8.050877434727667,0.4946444160591945,0.7804121821513899,0.7057618218771899,9.78332953962292,1.7416475633724804,0.8025658050691498,2.481273449269703,8.828440492110271,8.42096389843076,0.6976284917315612,9.418737136412824,0.3502174019707005,1,train
2.102612353379264,7.679822177752541,3.3000395550009314,0.9253438524130853,9.859056888205897,8.916605532351058,7.88807681184834,5.09798491066812,7.580217150388072,9.773046316781013,4.259418723322864,4.633119350967595,7.347128915582367,3.7499346971556937,3.8838830508784197,5.343782902899646,9.019093629885441,2.8353921422685433,0,train
6.425664572878565,8.790345189674646,9.5279715137609,1.8727081516148525,3.210775718439247,7.075661282096882,1.04434278792638,9.377393498101045,4.412722421246299,8.147418103995129,1.2795011464216821,0.4042679748126532,4.919079224623481,3.5474256854421196,0.5952534020052969,8.625857514844208,1.812659386844322,1.2351394269845228,1,train
5.148290663000106,2.426760416675989,8.522277398103034,3.723659808105918,1.5326327368526493,8.669576679689584,6.813484882276091,7.296104722463376,9.407924054557721,1.0808600976714644,8.171815383589552,0.9579473684906847,5.115175470397173,4.139875413465617,4.890809960408901,0.7223523884832794,3.3179550081992213,5.336210634747994,0,train
9.712307931658748,7.7766138151704,5.1524484778548265,0.36841094750781567,2.202205358768677,6.06680916849835,2.006759777376831,2.3373088439545233,9.47363760859069,9.95247497742005,7.636286151166418,9.851115746451843,5.608995564660225,7.760733523715453,1.3793384283250498,7.562498219486055,0.9780334783945377,4.35993121861049,1,train
6.190373245305424,6.002444564193723,3.162937388393714,8.304645580260082,1.8887410596053567,9.159277104458047,3.8460896667060163,9.748694365377167,2.0525003611876214,5.793551601371906,9.24766143067713,1.4121191041180636,6.72299685395873,0.6445291890862415,9.97354611851516,7.377912724872887,9.474626076049134,1.1748378108896573,1,train
6.710309279072737,4.071681498890546,1.8418106124229845,5.790389596030929,4.323843159120272,5.942410495235876,3.0830204083657833,1.9522719688680001,9.643629426584695,9.043454283615048,8.128146498226556,4.875892442710416,0.5856083632775722,4.776428340121095,7.784841331833929,4.629678345067681,1.4985721443924138,7.955313363168796,0,train
3.044289127552369,3.273788255151587,7.542863798280397,8.789519488485078,3.765477426937326,6.050920774726993,8.920171560264018,8.91990989547532,2.380483660407978,8.207863628553142,0.9545690111937288,4.70913556044967,1.9220048953547997,0.343711292965011,3.4656011532094477,4.605387131097705,5.9825219109707035,6.304482791710671,0,train
1.2499568251107642,3.4019548419896477,7.841088231662573,3.2452986160766226,2.9128550529397734,2.63441461970484,3.8378779925950877,8.635502230299192,1.0580738918479016,2.0715193672442425,2.5188270875554886,5.438959878945029,9.23900593228863,4.774734422171077,8.44143103808204,9.047160213503908,2.8262984768703547,3.8921119102661264,0,train
1.9730124051778395,5.801968451509005,5.627837072509323,9.468589070921482,8.654135076104057,1.8699691787064,1.7047294059909779,7.002651116290567,2.337829567090526,1.9545657441979947,8.230487616606739,2.140225534711236,7.434872387548044,9.021820104841535,7.823623693189431,3.6710852694513263,1.213100362468852,3.5397106906611278,0,train
2.944170210596464,5.1896979481091625,2.6777234099585994,9.702532620726476,0.046602359037962726,3.3178692221287,6.917611118721668,0.40240283990403247,4.403010459215553,8.176733677909164,5.703015807871045,1.668541849551809,7.443071238541212,5.422343545972091,7.705745991879219,4.974255465009442,6.465613061516099,5.971672763833777,0,train
7.282258215626856,3.3605340850004057,5.203177560642408,2.425991345054803,9.746706673528724,1.9485143722198561,1.3812263900429311,5.692469803080225,2.7508286558322617,7.396044031436883,4.879885239986014,6.527504400256712,2.08761639238071,1.4037263726597515,2.9110646144848094,8.96093253695915,1.2003666123048917,4.798728524807211,0,train
1.0709202044427375,9.50731755667262,8.118509262891216,6.605787068605389,6.561791374951156,3.4694383859827385,8.317540023293109,8.049412652938372,2.8242666166019434,9.805772415517133,9.550306628653134,6.646447942759243,7.254299253268326,9.793269441626201,5.342077141042244,7.067334693479605,1.0715988328431403,5.116893817876439,0,train
2.5131452788479587,7.627715883489428,6.032795862321319,2.32583530411566,2.552761987001549,1.7431579356479765,6.11496516933583,2.5965031730861057,8.034571550554121,7.417860956314504,1.7347462095947386,6.573636310054441,2.35252639905755,8.78639521907441,9.123364831685812,0.30938823290404427,6.220280222301071,7.612395739958141,0,train
8.512231873754907,8.772003589666316,5.183579161310812,0.47101962645741846,1.0353559855231231,8.795970452312945,2.777667754900386,2.8212334908775807,5.329698048415171,1.0776249122869708,6.372406030452975,1.4883095014757486,8.74604617719857,2.3718932735646083,5.834221843047349,9.937263543835636,2.3434160315769392,1.0322648442092264,1,train
8.531892558618908,7.794726014091988,1.8599787795483815,9.821495400614893,5.992465582847441,6.042358365363091,8.496538045829201,7.561384784214004,8.71230783134422,7.509813002501954,5.924760760056753,9.848741236566331,4.084337242655666,9.687141251193848,4.805454518011142,9.3312240859332,4.812230311063617,2.386873232986244,1,train
5.327628246121503,9.592949693734486,9.11038944596637,7.675901989379707,9.626010222898579,4.910397640932689,4.898226762238512,2.4353521815635624,5.3781656185542825,6.535840625005463,6.171360891391514,1.3634243115771716,3.144387572830094,7.642602311005273,7.565756515245115,9.814938087802197,4.382917302349604,0.41678779270491906,1,train
7.19522530851028,7.807848454043493,9.575237251185136,4.321873835735164,0.7692631030010599,2.7769128467674244,4.707790076323989,4.128101546734349,7.7634595698195685,0.7820369479432432,8.712255984029012,8.1979749746137,2.8975930713428477,2.719309482026101,5.187503950966974,8.74342799501444,3.386455033718062,3.519763500949563,1,train
2.222001948122807,5.1354588129985075,7.934949002003929,3.4189691516074205,6.5465550407109205,2.771228434852091,8.712990061251995,3.0026990635474027,5.112126911232605,1.2663169353654158,2.602225027368573,6.72386611385961,5.393267167270377,4.298109993647525,8.379268953023466,1.7672646403467795,5.868309355139219,5.6113923024513745,0,train
1.9320079068846137,6.063452180564883,3.358499965554537,3.9567520740291906,2.6578930532441403,3.260267112470616,9.070325224945249,5.251633627839494,8.992562848791072,0.4938066034949684,7.757754543312469,4.609181040375012,1.1045632380107662,7.239863070257564,7.9021938204906,3.3395808524458284,8.85380661327758,7.6326899047798635,0,train
9.892830404114438,5.342136334404808,4.994662398454931,0.28416986266327715,4.933212486158835,4.460336305137982,6.674432659115823,6.725370381041075,5.474008258407527,0.3891672353886966,7.571563514165977,4.3003964013661165,3.0198494272481313,7.768545467222152,1.9426199277251055,1.084547639039093,9.940366278970533,5.530648762273058,1,train
6.552108365534348,8.853788439185209,3.0728216081689923,0.5339824857784625,1.0065645339365659,9.661078894952736,5.370167555034875,9.856968738369982,2.879367910047399,5.791251676810712,9.479199956566394,7.20469807386869,9.80429307453472,9.58757562173281,7.762447757073952,2.5596980121667787,3.2143229144842165,9.418271381269838,1,train
8.451258614953755,5.415190470549085,2.6923462979785744,3.832803221518083,7.680330182120572,4.17784797996088,5.2091523837114195,5.7574703390381625,0.031854897344937294,4.672490436847543,2.065073896861993,5.112082500312214,7.186493465009676,6.8290065856709345,5.061379285955461,2.8111084799208763,0.36260172954270975,9.878579257970209,1,train
5.012655404869014,3.1598979331444794,7.723498167968854,2.306142294784632,4.357044908986754,3.6256050797590547,6.300720014205401,7.17071358814819,2.6442078273843483,5.8448287324834975,0.5016353894160019,6.570079930114519,0.7507288738139495,6.971069461907307,1.2855284283026103,5.777231735615236,8.796086076598078,7.126175191230617,0,train
2.74011254939414,4.210204117721547,3.086740095351851,3.506507155595492,2.9536491988715694,6.244742108209796,5.214638281188643,7.844217275230695,1.344373316687516,9.099267550320905,7.839403552246385,5.765311029233673,4.131342660677062,4.7232978449129535,7.654469913559679,1.3148596647299415,6.49068935463124,2.279082154081682,0,train
6.5508484773032105,5.833922707564843,4.558369591069987,9.7756115944246,0.028440364719156674,4.294637355007942,5.060507005662911,0.8444238274747362,6.1036083714965,5.037176361350784,5.490766302589861,9.372278317718827,3.886998977782551,5.741366576614812,7.0921011843578174,0.8780933520392087,0.008909075990010118,3.79424553815622,1,train
7.903881146997072,6.8561539504667754,2.7771352133112512,7.588236550457693,0.726943669803628,5.397469550950912,2.8462913344634067,8.073125360767863,5.865036538792788,1.998225025677186,5.605284922155245,8.078124368823229,1.2836359718585821,5.926128941432571,1.5049380816185443,2.0700439691076813,0.9758836029648676,2.072525067517612,1,train
6.498528644791641,7.79584514677387,6.3714254822973055,8.78661974307867,8.088667871270616,3.708664647381068,9.757267114908638,1.3282644069092109,6.818415314976828,6.095418840129122,3.831351858146046,4.525168883427558,0.6206593058326737,3.5227764878258028,1.1020131549476608,7.3241793883029604,5.555863919095118,5.745709221460445,1,train
7.444980359088999,1.560457166075205,6.939852946518863,4.016716551622027,4.625264917268065,4.614942041293677,6.748998797898073,1.6883915247457004,5.090696074339745,2.62327087634463,0.6880021311595985,5.409943710944953,5.140847150611588,2.876682036160779,8.366203408483559,2.4791160598319593,0.7005056444445157,4.693309445288662,0,train
6.812801633648068,5.086627093758765,1.0866840925690209,1.557788910023713,1.5981602181171628,1.74671784055477,2.680979439850698,2.3341876690888608,0.464045096995086,4.403579449080866,7.4954357179699045,5.113457868435889,2.359343800247775,8.098139594110553,9.649109490980859,2.6358469392151553,8.846175981064576,4.972492182080862,1,train
7.738265743340297,9.589414019762152,4.573533485765183,7.056927515942012,0.7087970240111041,2.2647519139449113,9.50249120067671,1.7979073699692993,4.487050068005817,9.835301593592373,0.929740077034169,7.79678680421425,7.148818193246708,2.522746862816133,6.450792163151851,5.801652439686532,7.447528264652349,1.6834668699518907,1,train
3.491862872043096,6.851988071736577,7.234688755207013,8.587623530372191,9.416000907406183,4.238201385150948,5.465192854973903,4.539353730203258,5.53474137097747,6.504141365334336,2.3818002883445155,2.380476768192721,5.244797685183414,1.8525021264655683,9.965955845311434,5.593455230374977,8.742556719110329,6.176047228268274,1,train
4.834119770329664,1.7390113166771055,1.1463389466185163,5.967531758528697,1.9360804768748385,5.564770805630724,7.024357958346215,7.268374070316893,9.709776040620508,5.485909184292749,6.496260884232875,6.298540801055185,4.238759569800726,5.645715997001909,8.513030155331835,1.2855297344292105,0.08288850074842369,8.340946427316041,0,train
9.985530076383585,1.513029579031972,7.468536533568294,1.3343387681033758,7.415850338377102,2.1673699844988636,3.395140790520265,0.8936427870890462,6.765646601707185,4.2181780081830915,6.66658075715023,2.6102363885701765,3.450305249618469,9.85445405854547,1.5728578849465513,5.933204946384757,6.268608446669287,8.675097608955797,0,train
2.7497722598673384,2.2154888139645403,5.4709440643643985,6.640467894667097,2.837411130021944,6.311198675380654,3.4542764985308994,5.665107552473106,1.6665411927059515,2.087698556615379,4.23213487533042,9.938239702356817,1.8949399114862642,1.8967012854935272,9.513901566011537,8.077732360348044,8.56542990654553,0.8337409435329857,0,train
3.2954830130683828,1.7543362004538352,9.135446135426555,2.036161702512429,3.3903662450280034,0.5058070218563337,4.986550079543606,6.506378432523178,0.3045890781114391,6.659540855847641,2.4435510521328627,9.729623485740888,9.182509989248459,3.8426610703496547,8.174627466842901,5.136861844622716,4.608571388269768,4.210980052360772,0,train
2.066216295984923,6.796193442032922,3.4033917600238164,4.471793799882791,1.742942958062278,0.3015450935913455,4.841193434838593,2.4155821384320655,4.23101075021711,9.116563334084296,0.3305298377477306,1.4885800949282035,1.2669878463673623,1.1998445183350848,6.592665693707272,4.123467088302427,8.500688604020972,7.576426221865641,0,train
9.359563677555997,3.848947915220296,5.0197465955569545,0.4845502429240167,0.19978998742856913,2.7992867220391906,0.38543561710782326,0.642486138608912,1.281869331856711,0.03713103942688645,9.5143862498428,9.098712061054172,0.29424261937693763,7.526945254708954,1.616862082299897,7.690351033791124,8.492198564506351,8.528156957396742,1,train
7.243699188308662,5.237399101274744,2.682855356826405,8.311946641166077,4.118785947781508,8.869147977457267,5.70154230577937,0.6169335641722373,5.835824541682535,9.705630343852837,9.044079270736813,7.91398066001746,5.0945286425050975,9.842396464954827,5.30894882044319,8.855110056638155,8.760881338237096,0.15486572729725645,1,train
4.509051440388341,3.604461480222648,6.436617248636601,2.533917465563321,3.446218420328254,1.3633024838587993,6.184521224360147,0.3435271596522449,4.075513688962533,4.1540420506664875,8.445216524341788,1.3532989601283696,2.8975371827996863,0.3412890191974305,4.199103202856297,2.8222674044285103,4.244050692719222,3.3620300455384413,0,train
3.4952215745909725,7.7961966974364465,6.908699582839975,4.77372416001727,1.2177772285010824,8.034869951126815,7.877274514615335,7.060201841078998,4.524349697104432,4.8001451167994755,9.593346515523814,3.2732090796879056,3.0511981733241536,4.036511431911919,3.3131654072836003,7.633040956769946,4.482344680072515,2.2833749417427605,1,train
6.229251922701445,8.482085818031349,6.9784104410142245,7.141319095265325,6.6105235935536335,0.9423833797649239,7.853197045834895,9.337319142199537,9.736250214974635,8.848180126957997,2.3468978848008004,1.166681218662713,2.869045493656034,2.071512430011684,4.813799364019405,1.237420435443617,2.969591590691796,6.2882867632390695,1,train
9.892749444268762,9.761983595300606,4.76904180644636,1.9162778743901487,7.052569392826515,0.7060940518685332,4.719580740992764,7.143672958280041,2.464672445415519,1.1480855395566825,4.11109295513735,0.83256535658085,6.317004673804477,5.640862434741994,8.967584001563104,1.157929840920755,1.2150638852967277,3.91425341215349,1,train
5.798507893492037,5.485157374357396,6.363046664496052,7.447077266087105,3.519798554624749,6.457775360182079,2.8143740698043618,9.075988813507445,4.570481330595152,0.13532532788477436,7.7433533099340215,2.2460220235260064,8.139171822529065,8.57158784166271,1.6695036720668732,4.45129863953068,6.944662873807856,6.926270998729283,1,train
3.0873480414174614,7.740161615254619,2.547859200422913,7.238573957879702,5.944698215956411,5.58012762529322,7.195349230010696,8.304142884343731,3.8134162017242614,4.518815146600723,8.985515336761816,8.636413946522895,4.5139436157163075,6.316941129481645,2.660087180484968,7.631100950913784,3.9971676436964607,3.1511051428920487,0,train
5.588055797435636,9.335607480420954,9.785500052121048,3.430677240463896,1.0929428399355023,2.7435778672063105,9.278355328855568,8.498947809788776,6.505503467556331,9.783083302259568,4.477400793206058,2.723605950740672,9.00224919374324,0.9276191506857534,9.637232585098658,8.152279955452252,3.9967242863164643,5.8777222765760575,1,train
4.746225414699924,6.0504639936375675,1.252777638429849,7.021848612255166,6.963380193437193,8.227118612745842,1.8046484704474186,4.799552221637885,1.908717376566057,4.053180376988056,2.1532974061269936,6.865792739138817,3.725511888034676,6.321868882637168,7.100641340732077,1.3790745686817685,8.130424822461993,7.943257287638717,0,train
3.767149156519317,4.4432740057763205,2.3229746979228585,0.3602048796474344,2.980786205148184,0.2822780421547211,9.181217194873897,7.623329458690194,3.8830083956586128,9.686932600605406,8.771813940190183,7.650256828530457,1.4133370420831948,6.260769417143397,6.781886054491794,0.3485509786697294,8.772951714459357,2.1651399404571494,1,train
2.4629333461355483,3.6468167298918033,4.57866881026102,6.968567061282215,2.403954489978024,3.5863660470187018,1.3689793232261305,3.5586555408206157,0.512634713424247,8.806442726407681,8.893494486076381,5.102587037444936,6.859786169245207,4.040216463066157,1.4413988064662564,7.362233328487536,7.005602620928762,3.081145892171734,0,train
6.38804608782182,3.786195193131503,2.432360542680127,0.4716972191963231,3.1645534786385476,9.929209342243633,7.526991653122703,5.559232707097799,8.549422412610829,8.73965728090164,9.185988490209088,6.106458863458846,7.8531564685091695,4.579597849426466,2.507140664612746,3.4406015807086865,3.8897353329993423,3.8797015253445775,0,train
4.373922828832448,2.3328380241808593,1.6788418462675343,3.698465872820349,9.475411655506118,8.235944608472058,9.082944317447275,0.9348621401754653,8.305602556413202,4.580512216548059,3.4087520796455895,4.618021226205985,5.8437800264140165,2.050030325322374,8.231466161424398,0.20322730647155063,3.7690720490085914,8.352447751999772,0,train
1.8065853871956987,5.270470705578246,3.782375527040075,4.195538285936642,7.4393319339045085,5.397346532398609,2.062403004487993,5.014023803883989,5.872373175290618,5.328725597014716,7.751974578951084,1.2180167642546558,5.098875281662697,7.296193124031802,5.649671482095512,2.308084417442877,6.4832767610622355,7.819293510230648,0,train
4.768524726273456,6.979176194694302,2.5187119220534457,8.444437832545347,9.730109120296701,8.671058861692316,6.520802774586597,1.4320769481309048,1.2094263735232458,2.413064563130055,2.817948206912008,3.26748073207649,9.995199590340704,9.2087608295648,0.04233671361620339,4.941792062405827,5.669988181017836,7.256501501409983,1,train
9.445673436814657,5.36349964018649,3.5354808846368133,6.044721789493717,8.94386139703771,5.437285316650921,7.232855627474177,0.7575886602967208,2.0799536994817993,1.3453110940320312,6.214161383041242,9.038595396697481,9.973295501902058,2.1325429690216247,0.03076778160482907,3.408483609704338,1.2800369354683472,7.229024197822005,1,train
2.092736687219055,7.721120815364084,1.86631755283568,0.1064733302667864,9.91812627361682,0.3925082086659637,9.137137871428893,9.119124174155841,5.325948335748074,6.206346530217932,4.648562431646628,1.2364466113176098,1.936215455039637,0.28459120460615606,8.216389241961567,7.123656153217528,0.18723797980597534,0.5072908976326707,0,train
9.225227427248145,1.257665412676913,5.005775057831423,9.742251755418433,9.548117467578649,0.656022905279906,8.006699832601168,0.9464399930139311,4.0122056863714555,9.25599243092554,9.531530827483405,0.09955150496660736,8.703192587826804,0.554192227824386,9.135811626401233,7.302453597348259,6.582549467679555,1.6122868489654163,0,train
4.395614131618986,9.876394495497903,4.465157173469592,6.118090930027464,0.14047977419955004,2.7783126258813007,2.8938559977319303,2.4247471943252408,1.2959049084820984,9.197118044167507,3.007517142436199,8.54941872698565,4.132982278552184,1.038708694375794,1.144115831141257,2.5418904915509923,3.2919228914478014,6.075885656042158,1,train
3.8776334471701546,4.911259890887718,1.0530187525172563,6.480688923064099,4.073762885458514,2.528259962571738,4.596671106381022,4.114846516570686,3.564000021542877,3.2807785988825398,7.305033479340772,4.0608857524284545,7.642463956478723,6.136912913450409,9.332277281097806,6.279379869712269,3.768247527805213,2.269954247367366,0,train
5.303128876424063,9.602819811434452,7.521588281937661,1.8670990472718385,6.388584368141318,3.9824298317520537,4.245876988773381,3.405638965114075,2.2281471043095413,3.007774508422064,2.2428228766629053,3.2773454714254244,1.0432643471224556,1.2594958490928743,5.624706684395554,7.39878507593825,2.276508355589116,3.0847333077444947,1,train
2.081074879486793,6.64141203195,3.069542918726825,7.5415053287343525,5.908661685443549,1.2635905487848031,0.18889169073020073,8.922267889289245,0.211126037594761,4.611122075574157,8.499653263365204,6.467706741116662,0.8482919715622039,0.3843577715453206,8.321823997010732,1.3422016654780844,4.001379799776046,9.51494912887261,0,train
9.79267826088289,8.658294515309263,2.247852882526203,2.5833974028195317,9.555031663698067,9.341607005077835,0.9508768171306559,4.6457566779232,9.705215829415929,2.9010940643216374,8.668334748512486,2.0828145131657694,1.8683231364454478,0.3035161049884827,8.194475036066786,6.326795247304554,0.5838192343841653,3.5212711404986132,1,train
9.09862786920997,9.39264448026038,3.7262773193559,4.150253048936346,5.75127468942746,9.702953978783722,3.110875158378131,6.226016472250228,6.418890547050802,8.216028209914885,1.028562015844503,9.038982580003522,0.6183060328159229,2.0645494949991705,0.8289183738796924,0.9914661078894349,6.6239313275660185,2.820275306759158,1,train
3.383010995028087,4.762488011231584,1.554174588467664,8.217995864737777,8.541113509757896,0.8665990625915843,6.482536963719999,9.769750831739072,2.4203301038060445,5.738690260779061,9.040901712974916,7.0936584785805925,1.8732041779964048,7.193076920451219,8.708819991706772,4.4222335505958075,8.557763196295289,1.506114095151293,0,train
2.9894068276311248,4.552738341913843,6.909880463300687,0.40791737997355026,7.908813782241465,9.288238154780853,7.445889693758314,9.282069966896199,6.773667755478845,4.045618723296998,4.520270868487169,3.04323517900438,0.19595240719804674,1.996963387376971,4.2261798323228925,7.92806108051309,6.159882575324163,5.2980884956024346,0,train
9.079190884425358,4.476159495316756,7.382608095736769,6.9650166332849555,2.4181185382571133,4.959232350885299,2.8289415708645915,4.282205594947902,2.5680354443299414,0.41847416563081774,0.7242487534914166,8.187873055360148,9.121659333337224,6.346258737660051,6.21364491949639,7.323020606132125,4.9048743313948115,6.086972312838452,1,train
4.278829970993569,5.823656971240011,1.2613713989333708,3.366561295635444,1.7408062749457964,1.8666614524858238,7.286698065898105,6.125803348588336,6.0275260992767254,0.4711726563609031,2.832959111760549,0.6896340904617404,3.236167450001931,6.138455706345597,8.242818579088432,8.547781859145644,9.513916098921507,7.935054691592604,0,train
1.0530240709066574,6.389709140964204,6.36004730707673,8.916450198049958,7.770070246761993,6.011391789758883,8.334480923074429,6.943860635937832,6.422856745426049,3.2623651908778872,1.2385772112125493,4.656630340811616,4.936942970692973,3.8128416885904013,1.829005809632378,7.801377457787439,6.895197798252455,2.847231930111475,0,train
9.922772931001814,4.961975586182651,1.9045173513307632,3.64664211369114,5.500390987585226,8.588635629312204,9.038783378515644,7.100861430277936,2.983977789877864,1.016023641287651,4.776951398048903,8.949819319638513,8.038831472899533,8.261791274344159,8.337748853596143,8.390367067970121,1.3785933731620492,5.5652617482926745,1,train
1.1962737399921148,2.379409455343062,4.448773618307074,8.365108530803544,8.122578929686428,5.567788408873544,5.487104023030885,9.48079627611105,6.702931690955879,1.384375507525426,1.0515505153747096,8.296294218182375,2.2267535971934596,7.660374143491783,1.7460371110987172,0.044872863946414654,5.571589898062772,2.6158763248190997,0,train
1.7889609749577122,6.317933007840728,4.08434567140004,5.266458136119105,3.047928513922905,9.808746863835118,9.49706997347381,6.169159417563924,5.34484289375822,8.421516602517311,7.102533298998285,1.2386431490318073,2.91875177169843,1.7367402217642125,2.8873544996895517,7.768005408470209,7.044871211647644,2.49325434047286,0,train
3.5826839221054696,7.995430528595513,8.573357618037138,0.3304831852639678,3.493898843008515,8.34056015570826,5.269184267794933,5.82328117880105,3.980272195418401,4.066595446284037,9.706182747003362,3.7506395646536372,5.314026765784848,0.6692595262448398,5.639143077192655,7.397022538847242,9.675999325069185,3.762540857099632,1,train
1.239724698928532,2.467775650138975,8.13254942924303,5.765320385056852,2.3061798166517287,9.956032369442433,3.221749104661651,6.748988732120429,9.78308095150414,5.273144502409033,3.570481929772903,1.9368517218043213,7.966352839645495,5.422048215240035,0.0880330029854337,4.136481488772858,1.0903208621200933,5.298162896138328,0,train
7.130269052701718,4.021092627647673,5.693048851264066,4.491565050126449,0.8185975603694273,5.403750321715094,5.58395304477735,8.746736448568791,5.702999758348098,1.396196679748949,4.951795721020298,5.280625872035687,0.7419603370291972,3.84536417224835,5.949139815200162,1.677838793858153,0.25623403274102285,5.3379667382369,1,train
4.093819847136558,3.0795915454976086,5.895745085095746,8.395921809926485,3.1985500773961917,6.493365772918658,1.7088895762759981,2.607967909508476,7.023383526173218,6.671475016764585,9.250621274834227,5.443458203486107,4.815929034093417,5.881269795303622,1.453701718478042,4.864950998749679,9.294488514202659,3.3088949526795086,0,train
8.359379048709702,1.9065491234461651,8.275592531817784,0.47075941772768526,6.785774454060113,3.6603992951574096,1.4231715279211121,1.5321142178623404,3.0936694192392498,9.81399707718791,0.6936487144088632,9.589396631764966,9.767282314759347,8.17550742803597,1.1909914325964888,9.761456829551278,7.22763947206337,5.853363294968219,0,train
9.683736039483144,1.001012943168066,7.718585447849241,5.254373722974547,1.4959374223088906,2.952819042509478,7.5487188927269635,7.25809101455451,4.710328124310035,0.9530790380333476,9.625107654702228,3.081925841347851,1.731134200802038,7.544256128514545,4.8459035528147245,2.177326363523473,5.837939794358473,8.217772626714755,0,train
5.502810639389354,3.696351188435885,9.697285694443758,1.9847094689757383,8.402236240836514,1.3342943189121736,7.00671840404388,6.551689850915677,8.194238603830401,1.1025628721391556,0.08599647832073343,5.749556200053726,4.972019374810258,3.6713255278341936,4.672487843784143,7.538017053072585,9.463691339861178,2.6042606929420407,0,train
3.240588568730851,8.585735132884706,4.710664818192008,1.4752482396448408,7.640412804406283,1.7931059831294216,6.995767727290599,6.679204505385899,0.28307302944212687,6.238809870872217,3.9625950407838895,4.3026665821365295,4.463477978392572,4.281465869470099,2.4873630638118396,2.9301953626415034,5.949767798786371,1.1027391511292184,1,train
2.981980627972124,8.520597727484517,6.376362101761853,7.858698138824298,3.894275384224395,7.862595055861139,9.360714654368527,3.3802737807610916,3.3014149199432685,1.992306993120816,5.421342586306761,5.204652479209379,8.664098760114067,0.6855856082688694,2.314152830624703,1.853173429261059,8.765655757281804,9.200610141959354,1,train
6.137440692137798,4.92226003605837,1.0628480552977588,0.3697570235150771,2.7138241847116653,6.451578395730745,8.515344800079097,2.3031685696408086,3.5574376922105264,9.98856276931684,7.415091404190957,5.927754768944162,7.827414634341928,9.289758450766886,0.5540263095145981,8.312052521507477,2.1327914961956917,6.298691394851099,1,train
4.243250472889395,7.529489279343718,5.105884379709308,2.4204836375439562,4.33887406541368,5.107627061784774,8.234526202230409,2.617606050206195,1.7188372290390719,8.719998523972928,2.8076061702801622,1.8123041325694456,4.832130493487106,6.140399194429413,3.7723648760773676,3.6246195480125287,9.846152624882315,8.0327590239299,1,train
6.265684656129224,3.5582834199231828,4.963958964687628,9.838307712624976,0.45264970683297934,0.3318464753052719,9.680633535073989,6.967203303076798,2.2989413196586184,5.047466575447937,5.747804874168226,1.2938252861336275,6.040046429506485,7.904877040250106,9.507882698542149,2.7462506057865577,7.790843538164055,3.19418896916442,0,train
9.030972771454024,2.305472719222919,1.1842795890158344,5.976196097888609,3.979161347291418,3.3779928288146532,6.948303139047747,2.3203875542726573,3.4349724087156472,9.2271647196882,5.769615095195844,1.0292944982230012,6.178755739873521,5.023378024047261,2.1966864470208214,0.9358315294857777,2.210218472013503,3.111494057756107,0,train
8.440652587601777,6.853094995297194,2.6851467214019555,9.132111824384038,0.8814482784321698,4.206678364194197,8.405633097465149,8.979045497239985,4.142755113147899,8.612998825956296,8.71039217937083,1.6560938557061877,2.159418392877619,7.267509608189339,5.627501738952281,3.018929541391108,3.6929938424758157,8.331881885358584,1,train
7.65964980088672,3.2887855985269425,9.785682514198315,2.155637798038942,0.6087302468674471,2.4040464428104533,6.661163812229817,7.357385281051753,2.0160333745354633,2.904979872701088,9.84723577916751,3.6206300761047947,7.617753454447414,4.926659553755265,8.160698783076752,7.185986264252154,9.445656031845717,0.799337183168074,1,train
2.099505025014079,4.857893137746945,2.2062726540813684,1.7424483019794357,5.7709722382033135,4.409913563191448,9.111079409028285,0.810383975696275,7.24613690074965,6.133177954274821,7.150014886250822,5.452479440145894,5.847001364117132,3.7159126245700715,8.756727565310733,8.799713203021355,4.13692219705019,1.089062627021019,0,train
6.772453344481341,3.4439459964271233,1.884666277054072,5.892868140073677,7.341585944021135,9.780662289839649,2.3383370682907167,5.818316778576126,7.964149325965112,2.28075277135952,1.1499844819379335,5.298193613644101,0.20916130301916525,0.6608628208521006,5.70009764799988,5.36175357010043,5.653049754858564,0.7272280351882843,0,train
2.0688631608603365,1.5278591575468676,4.91396934991773,8.53325846597163,5.4242367931733675,4.251893419730575,2.0407340609645876,7.288601068223323,5.927744580156208,7.822732392681495,5.98360475901433,1.7053325061650781,0.9507014781559242,3.259937368924737,6.331414595958194,7.347009429122537,6.927105239952661,6.960746159413117,0,train
7.793428594097389,8.730559547740725,6.366105379167488,6.279766989966539,3.137049480356784,7.921572782329389,2.370291689866381,0.20592297336043397,4.114391516354202,2.7845555798284916,6.090815773697638,3.619412037662164,3.9076288581063032,8.980501376485911,3.4820409028889254,3.182971653801844,0.7751806183178922,7.562240722827891,1,train
3.787372809532507,6.830878221816717,5.908401579914876,0.4134695543156841,6.270261033847313,3.898180863547811,6.890184805712257,6.313278683449951,5.661478277538424,6.140866568655877,6.314173712380962,3.578631823233888,6.42467036824041,3.423764254104756,9.750944115492581,6.7493625616923145,8.152373582136187,7.284032310172223,1,train
9.14566003143134,9.970463673593578,7.664510704311235,0.1385386889746376,1.4724204928319917,4.974759839493778,8.3117909517997,7.489185814989283,5.507875188499492,8.763533047362802,6.114811816044909,1.544744684993813,3.729906158685077,7.410092762662587,0.3869192487263473,4.315716228813339,4.61126115926647,8.10774605014619,1,train
8.221242637774443,8.582941746177971,1.3932796787738415,0.9321303290109062,5.490891138207408,2.3838932800887758,9.450841896745047,7.561098004003114,6.182764220667218,3.983962328195166,5.562806930028675,5.322322215393665,5.445812917748515,7.338910756375178,9.420913077502233,0.07295543214054678,1.6105680004946021,7.302983047849637,1,train
7.494475264295629,8.596727702882285,9.303939300512218,3.3654029411511175,0.46636543030571076,0.5483037272556457,2.7252471246944063,9.421031489055919,3.4513452456228624,7.3462753794880475,2.2307598811121965,4.297309167318573,5.623969121340753,7.116396051513894,9.210752540303769,2.451439229473028,2.9940467753794486,1.2663354912867897,1,train
9.590568141715414,1.967165210401588,5.3293533146355285,2.0593597234922556,2.2431075043239,6.683363262397348,9.121596485032125,6.145735654510655,4.812296456232316,6.27014302607332,5.354891734625501,5.8922725266923495,7.970807198947757,0.45777934726282554,2.5552711915008786,0.8096861254415799,1.0143937608672016,0.22162470249143196,0,train
3.607699380044888,3.086501095872416,9.418453167488323,8.753493678055293,7.591225498899508,5.416855293241095,0.40492012887379913,9.310043478056654,5.719661210218936,9.15342766759877,6.77164228405812,2.0223742596128935,5.1305023943897865,2.436995811659867,7.362846633384086,8.52915975615783,2.252065315947621,4.775215302760101,0,train
4.549739572763747,6.849471228748573,5.000738276546269,1.700852655912497,3.7318043377268353,9.539721199973215,1.312831917823909,8.881811432966087,3.410977215286397,1.657887643506556,3.9146782174550845,1.7045493187771366,0.11309106873500285,0.4206250253452648,1.9957125032132472,7.13217934288136,8.007805677098668,5.266527046176207,1,train
1.9473335102520912,8.993893525064388,2.612372261543369,7.263354450533789,3.9253158340422067,5.087769357137018,0.2820532890320604,5.696630785917753,8.867951127736632,2.0911198148512913,1.0629801682670736,6.716609473767257,1.021947798618661,6.0890044832732375,8.720142549667623,1.8157151750571865,2.781655620135417,6.590359509255314,0,train
3.085296095541288,8.654693135283337,7.983114219863141,5.205213860026856,9.119945758951644,2.041338189432711,9.816916298577178,8.309361821821671,8.745564202390785,2.4257628663616213,2.512663324928509,1.3612724389878017,9.502955207912965,9.789174332143102,9.059072596859544,4.027703352306705,3.671688630590019,7.825630804846431,0,train
3.936584031287511,6.763625929905374,3.30163729043141,5.385820393339732,2.5778890830660783,5.962592690390025,6.307065497501043,7.5359575114784025,4.909032365871143,9.056741802008396,9.153303325638324,6.010304761364486,8.06634092711003,4.12070730164623,1.80347520612262,4.784696069444669,2.403161223575129,0.7042664087684869,0,train
7.395076317811392,9.228725662454016,4.086317819325266,3.266722326348761,7.5186995918579616,0.7186648270952178,0.9279211060745673,8.98995138310173,4.255660912635242,4.328400886922371,0.8741732755440113,1.4819100570947785,2.378152547967992,8.200277246838642,0.8030227196805628,6.887497586487564,5.247533794937284,8.66624069913681,1,train
6.304191340374439,4.547135080654104,3.777259114019912,7.061447093442405,7.913331522599556,8.345289518177267,8.417973833132422,5.008587162727977,9.645177004463129,7.99094788204674,1.9992605282538634,4.980101461766427,0.8042666499100504,1.27716446641994,8.052177016725024,4.804720229436748,3.478966747204242,3.0888237816746154,0,train
2.104120658587908,6.015118917000495,7.043397249806107,7.951383824346346,7.968173766277658,9.20812535009835,0.8869232675957073,7.499261517360414,2.8516992863424715,0.3764021225818981,8.971175027829197,0.1592870508670441,0.9749875026995103,2.287038539657339,2.9709728463278107,7.1867447569740905,5.214822354539589,7.5619351176613545,0,train
4.314171571271018,9.598051676020416,8.738176613026242,5.641068222894736,5.906792937240283,4.921671634934219,8.973916466794313,0.11355419362281349,8.58704228106409,6.832026709872366,7.580724382563205,1.951928901253317,6.8249023520462995,1.443866554013702,3.6774354353962257,1.3667519953606089,0.03390758829440843,4.934188228766184,1,train
2.239038617549337,4.348626306260437,7.667358489683324,1.3087270172091403,4.852689903362137,1.665112549180744,3.856578149130546,5.136964988791655,0.6451554269282089,3.4872891829922414,8.21748818560134,5.840138892806146,4.544870427163168,8.395133678666145,3.137608578086939,2.411544209852284,1.2109911709077792,7.693456203526176,0,train
6.660961757923867,7.055820163101654,9.465734409351152,4.69808703607084,6.437685660839553,1.7535298335188498,3.679157619409368,5.232721700128,1.8613073767992683,2.961740841513414,6.986064916309309,3.5083775456077726,9.966219371900207,5.5624582509947365,2.33392074333766,2.629123353255116,6.825351920259538,3.0055782434276503,1,train
3.2418554984755485,8.600914019202424,6.704317120967167,1.3242813532349207,9.413803782913462,8.239396588066018,1.893533863912602,8.080382958380259,1.7237919231109844,6.011874549515558,4.474446036143865,9.04063904727605,1.8820977316195886,4.484255455350521,5.038855837884584,7.95793963228239,0.0819485621236038,2.3590205443015178,1,train
8.333748143522422,4.085949288253355,7.287207590642832,1.9197141302388365,6.070924614111046,8.705676483282511,5.533982669245835,2.6368709647275757,5.095939063816202,9.251574270372029,5.869258010977916,4.760984223984619,3.9893728221677813,1.6131824896224156,9.195398972258097,9.566697763770776,6.697254626651038,5.858391920081839,1,train
4.205428692779373,1.3439827983759702,4.03075376307271,2.2747903067720623,8.235057280933889,0.1866095002462076,0.5034154776908095,1.7471816053047173,3.8020914353516835,9.526550469604416,8.629181336399865,1.4248339280153322,9.488493551488569,2.6443412262035015,8.251160857274593,0.2674542913742384,4.12117005808698,9.3704242797395,0,train
9.367287664836322,7.288222172849677,9.120242595268532,6.130202811133907,1.144136299211207,5.828915604867318,0.011463193665398608,1.0164560777463427,6.866681916831038,2.2416636541142454,9.284313896948614,8.561572567305891,9.665970676979072,5.6098984392898394,1.0477054305255695,4.266798544978415,8.228830506742227,2.242901057444351,1,train
2.3072649069897984,7.651968353490675,8.176979982763301,5.831137967303164,1.8148935017135936,7.083709814595675,4.010415396403872,4.167983861775527,1.4483083277518682,9.79598765810786,0.40559941548649725,7.026173131753266,9.087703706117928,3.6187133858813403,7.926644668644967,5.738423637440654,7.648061921738859,3.309650544356608,0,train
2.4524019586624988,4.969873206002352,2.2093722071804107,2.9961941966743777,6.284118650766992,8.162329641559197,5.036541853679665,9.320007406773387,9.778509358800049,8.81206308637353,0.6075102883018946,1.007960903973456,7.1713358922829675,7.951147485574825,7.45812871209332,9.797737141340924,6.785541246177745,5.363239755525809,0,train
9.555350307955704,9.972566537826854,3.672039696723451,8.651144847593928,0.9929661958983704,6.91851690442121,1.4693979817343061,5.318781222533864,3.540260926841298,2.4981395613627977,2.86113553632642,3.1524963718195886,1.3080686483159643,6.928132307734979,6.311816280825817,4.342778707049958,8.894096491161395,6.105304265310584,1,train
5.286813283332998,2.499699164400483,1.261047606226807,7.532701445641293,7.239965363383871,0.9765340384705734,8.654027886782348,8.181742736614263,8.764295190820054,3.8200132907072746,1.5884179798360043,1.4448711987805951,3.796781281772348,6.850474341810441,9.625858998571456,5.193665688034523,2.2696933813067366,2.404290641153101,0,train
6.601434972854253,1.7882989210399862,7.580581286447116,3.9049224338715605,0.36189282122005006,9.474181458667454,1.8936139240995664,0.2024045359778437,0.39700753498811636,9.037597535769844,6.814936414315862,7.9986794770010485,7.7360569410706725,1.832136963903489,3.2850438116864087,0.43727313993046746,8.303697006060894,9.13651766078046,0,train
7.258146034858591,4.5581891004024,5.243675053893771,4.9888221042024306,7.2339431935949206,5.8092224403050805,1.0020028054363983,9.922888165430425,8.486545095808951,7.260362562803405,3.2298079159058544,0.20983093289862031,9.739910378242131,5.582996114251867,2.8365330609954,9.642115366861471,5.0162881822157015,7.897153567342764,1,train
9.6750375617855,1.803461939900356,5.443905980964679,5.792471218339964,8.979712943991506,9.29733912646153,0.9359288158563928,3.182850674621621,1.371590076706859,6.773726411501216,1.6860442039013102,7.033130351496583,2.041585955854559,2.1335536135175195,4.074870669579492,7.115808120565829,0.999328587048457,4.284401794662509,0,train
6.334911364819061,6.68681735752931,2.5281791605377215,8.212347255749421,7.754377632106333,9.085022480338376,8.932200243155958,3.9781259681261307,5.879168946916645,6.4336457210698725,4.233420420484729,3.335852629170285,6.704656288230762,8.804619772715533,1.1025947256080537,5.192564998116512,4.581033820055739,5.2758412438112865,1,train
3.3861906070670176,4.5463855613759625,1.2980234960203751,8.044245980000957,6.757187587653435,6.4046343208426615,3.3941050593939073,1.768150045684238,4.1195298461208365,2.8008276008096002,9.038716155246796,9.959003972553159,4.537415426031899,1.7238873337765526,9.923091522881718,3.6365160857374432,0.9372076802967066,7.739903379510926,0,train
8.45304409262339,2.965397336176067,9.070695582731542,3.4281139602342448,3.914580418967115,2.3862596974878336,1.6545774879667496,1.596301300047649,8.126204822726123,9.564558167059268,8.927779751703673,9.913041882428278,8.171621503408,3.008259907492803,6.175229400947908,3.084841721162265,0.835084302145469,5.834316919126911,1,train
6.07139564367181,5.849540693577687,8.56313880847556,5.561886399341171,1.322528394983733,9.489574404243639,1.405139496547183,0.7994020231996968,5.00596069463712,3.4138925925044425,9.725928880885364,1.5527304334935,4.791067168057397,4.365416392469525,5.730003249788551,6.830295199498427,6.569643864257486,3.563199565564934,1,train
4.063223717735683,5.09683926418226,1.3986820834014302,2.021217363501685,2.3602385259657144,9.228732786325887,0.9697089624873245,5.475958769506271,8.093381692995091,9.39588189389302,8.88260396831723,4.088578005080398,3.22863652687838,4.837977876067465,4.653645427208239,1.211488727324882,2.78911060312224,5.927885124742225,0,train
5.176952556174104,1.9506581288455576,8.02497345626789,5.622438429662687,8.40989400108355,8.958009747890795,7.008925065948981,0.08127269671037718,9.117619856886051,4.057457375760461,6.224497087282133,5.598956627391924,0.2714047661354202,6.982081465442672,1.7590500514767793,1.6269716060326944,5.289159661199844,4.194254914858871,0,train
1.0940984795783653,5.417839991184096,6.423308909666283,7.727568238212001,8.127631708307788,8.828702875101419,3.400607083925128,4.422925059605456,4.513720517496028,4.177826794710508,1.6186652450058425,1.2783676690083945,1.8685374904111363,5.569307005595619,0.17789265464488002,6.03532784279798,0.4609800201032943,8.840343662269865,0,train
4.205572048728011,5.995955701659827,7.912974423729709,4.8596236519053715,7.381065451976568,3.5701037564699933,0.13270342190815354,6.394243405890515,6.799978096527161,7.979278120377903,0.8774235346849657,2.370818083244388,9.745523083096504,2.710310933701444,5.110338393262339,3.5243464018285984,8.813108001947143,0.8248794661227521,1,train
7.294239669170929,5.41486818838275,6.969691934604709,4.572192194004333,0.11403916537462866,9.176983267677327,5.921353958790933,1.3742243411863664,1.8697173522219612,2.8899357146232054,8.46253913529395,9.911656926909412,7.588416295780074,8.335369901065055,4.356234645370311,7.802146012257058,9.275933076430983,3.512777377686005,1,train
2.6801922815967636,6.306992428193863,5.741609987324637,0.5287357710409879,4.221864193964614,8.370802395090172,3.6690726093557027,9.574485882745659,4.64560286095475,1.0859602739293484,4.560185211570076,1.8619237709449665,1.9704977591108719,6.842950346992516,5.56968955367514,8.606895053420732,5.570812183647195,4.237883690435026,0,train
1.015659584244292,9.984752886261356,5.8054860074736725,2.642757486835831,7.251375125847882,6.708340881639651,6.791807834714194,8.219356684477766,5.074768207301155,0.156964908870032,4.356695460189761,0.6927357515262278,9.718074926987242,3.189787902334867,2.757869605529307,7.195304698895174,0.6758264904778843,8.77416345213865,0,train
9.358346591312731,9.611695678006178,4.409412468629097,6.569612922745154,7.42657652076989,3.808456708278225,8.081945212513265,6.333657226544831,5.626635183825254,2.8102232902460678,5.141851485633775,6.86148210949757,8.334004931936803,2.2829812562629925,6.9990204151396345,2.646279712683536,7.4356621503646085,9.801313472532389,1,train
9.686958040112504,9.536336743825128,7.860870760789124,5.991185395992392,4.506504309375914,9.224409046468294,1.8552123520156116,6.331128115826775,0.6765420611899353,3.1691175770827407,1.501256388129495,9.999583176648462,4.776279726033701,4.666127504968582,3.3496074107767027,2.0273478067433635,0.8699291401206399,4.222438294273619,1,train
4.902397284806052,1.1965982694003006,2.7398685996610905,9.92933919905085,0.43705955250047945,7.172748714210762,7.660084103901838,5.410349342474633,8.099112159247998,3.671741967096115,7.17707473628294,9.403698100218442,6.106091536217258,2.785598331156718,9.54250568290363,3.2858733061554646,2.188671651123175,8.873345027517995,0,train
6.362542902664751,5.470991506944288,1.4572377344735044,2.097941521932538,7.802836956305573,3.8662724959870545,2.3689739432957824,3.9389624367434637,4.479569769204179,4.879416585807128,9.09491185931142,4.1192729198143,1.9539840609619052,7.6439029804010445,2.4589177040531665,1.2234669204883497,0.6613010163780109,5.646021207834753,1,train
1.8042467869329664,4.918231538781233,5.888783577539374,0.24264325611491055,3.787272236789687,0.9059476394054367,2.7911647184118484,5.3042114259453035,6.960832329776051,1.4015355527929074,7.5283786805361155,7.6600111466845755,4.372262452710781,1.326525989715578,6.826024592278244,5.9928122074874635,4.8665012610445615,5.944528443282808,0,train
5.189761716097723,5.065900207698365,2.7300508076976255,3.04034078521127,6.650281505034698,2.7012596367963004,5.336400071929242,1.0737612573319633,5.569796863839613,1.3648189843344938,8.054812562932085,0.8099430356336057,9.851397582045786,6.115082247046186,8.012868593264548,9.606781612896633,9.84658798146572,1.9472899266378618,0,train
9.328528086934616,1.030120146986954,3.4788159933085856,6.473281150496093,4.2317145640326626,8.930339595010505,0.46193502341147497,5.651370620480712,8.1478567361572,0.7277713663457497,7.012749605882109,0.3492204579425806,6.3073149275488465,8.215146944138718,5.223040974874138,5.058982678347786,6.175320484532959,3.4473321339365635,0,train
6.88694342825897,9.266963883047422,8.494805143512217,9.330300460699801,7.651112631066477,0.8796992723909347,6.310350410208235,9.596872771885813,2.8362675951300034,4.5644523706766655,1.2144158186298915,1.115414039705711,9.623668544646447,9.357534914786031,3.550519219220604,7.628466580020578,9.781530498811934,1.0351763647648649,1,train
3.7581027533472335,7.149076772953349,4.196736824102733,2.733771604455147,3.691168345766763,2.7715305749298236,5.412878669772785,1.083850342440733,7.026629442822911,7.43571532198097,8.398251764098505,6.928290481156097,4.446147761562896,3.315760253896446,9.002722222926446,9.247281893293756,3.980971805444576,7.4675484546052,1,train
5.1563121029575285,7.156110203006133,8.227501705253651,5.8077073748598975,8.471689546720766,8.468834345684877,9.288851478205784,3.193576827608493,0.7890378560436706,6.4909298731688505,4.761729545708839,7.990387928305144,9.520104721947027,6.9692040440172605,2.30080872456052,8.439191441377238,7.020966727680891,9.56468624772248,1,train
5.946206836562213,3.7516355326706576,3.374814312974072,5.913043879625132,0.5872546314769622,8.235086196929748,0.497185122883409,6.916783718407217,7.61654213718664,2.389104057497231,6.481620252881567,5.19967913772161,0.24137379849225815,8.805105676793888,4.696467869332418,6.45725647115071,6.240368317295443,1.1414544726146914,0,train
7.1660278992068545,6.769266655824971,8.646026312226503,3.9784031590655387,2.578684777041759,4.307594344668963,7.567706192909575,3.1442331868668605,4.897608411540429,4.805484295162779,4.584046881224308,5.315781634502741,5.608336617369625,5.642711336489171,1.6438613308804262,3.095624885386057,4.782148781625661,1.8275929976078065,1,train
8.840298242090718,8.792312436941724,9.728882326172185,9.154883781968648,4.324292154980026,2.2188167656605873,2.8534819323659697,0.6330813515561307,3.6205200637711608,1.0798343977704161,1.6341415841758633,3.6834398594644755,2.3774608681307385,3.1163097918315783,2.8389615268447823,5.642008833798036,5.237157694275098,1.3907280711750314,1,train
4.514134411723552,5.1048594256052295,2.5458128435186795,2.778102702603573,6.469305578130136,2.6157149641290625,3.28834098878809,3.258499967263453,6.848830849114805,5.347463684468967,5.727370632712132,0.3842442798898382,1.1131885050491142,5.53429972939024,5.232070771968791,4.210000524039016,5.432589228553378,8.690580616459586,0,train
6.215441770159804,7.100596401268855,5.683265741985582,8.017491393922398,4.659923258116225,5.467794923288711,5.3718418897511775,2.2311559485275954,9.438008814226006,1.1121839951812462,2.300256752916139,7.909932820495989,3.0951304227588605,6.56402554880029,2.0048653379415393,9.717609976895718,9.089178524439749,3.8847384764332715,1,train
7.654082849305388,6.991493606780696,1.4421063101843703,5.019651788884375,5.904229733567991,7.553083634644409,8.743440990268702,3.669434453486937,8.395052592625582,0.03435079006397723,6.820714626377818,7.63259813823609,0.25160289795121416,4.317661138838314,9.756792206358442,9.588426915393033,2.186143455528433,6.944134220702868,1,train
1.6025887872026003,5.2374047399544565,5.145956659175441,7.156416940277282,5.85887613829839,9.104808862452755,6.877873933353041,8.406319668486509,8.926589162233224,9.319058537291875,4.424125542982072,4.57630599379316,5.106303044118187,2.138899599591171,4.176298083180354,0.47853398977515726,6.495849867547562,2.186830473484773,0,train
3.1885592645863743,2.570779016624596,4.300233744992515,7.7120532636074355,5.7598905950547845,3.535437885340772,5.21228029172565,7.378230039085056,2.0401641349969513,7.020490850345072,7.631457862513029,8.789743168866245,2.4349906320541868,6.382763565111572,3.374080483624675,6.591988883086638,0.9169844764016044,3.9872634460868173,0,train
4.835178090138143,1.4591252611165766,7.87633775943423,7.316332810133344,6.809150963164324,7.904501841002163,7.353345342582653,5.986057718740571,9.851381862876297,9.8662732549484,8.313457898279275,3.390611231625434,3.4590360797937594,5.465485164124022,3.8699446748196866,8.197516031257027,8.375370558316417,8.47327423989903,0,train
8.128562722063291,4.9176413908328795,6.622770894961925,0.6274763664740246,6.007479163693078,5.772798683872252,2.052580523861124,9.005998222241052,0.6235882581454866,6.172288825828413,7.889464016627406,8.30303446118537,4.662032084835241,2.307444255604244,2.1433296417260914,0.9020314672323027,6.766295490255526,1.6511496222061817,1,train
9.364826432411014,5.143483460729143,9.949477119111224,8.731905525283501,3.9603384365004137,9.791464276163861,5.886128661770344,1.7781364909788233,5.657493563521504,6.604747673169867,3.626494258851307,9.252495862588466,2.677808706100011,7.543013244343896,8.20005474770413,1.4459335312932098,4.376116479415904,0.8933624459764888,1,train
5.223486171652521,6.005321702120936,7.84742397808963,9.71082631696145,6.565075419028989,7.776330822040485,5.958898401808833,5.685338902073608,5.31068062669922,4.951033875707157,1.7364365117008063,1.452319290619234,8.572560533674439,8.805943177076228,4.822454371201338,4.328435265492847,0.5476361732809687,3.0774330315848264,1,train
9.405895164990747,3.0088628443003813,3.445961020440125,0.8209972999069237,8.67217461860875,6.332188046774623,7.163549845300759,6.862474429994032,6.416309554443773,5.917438663195877,7.470461126900956,6.4000506271845925,2.0511138595604193,0.1526546080711888,0.1915128781133546,4.546722894294577,7.3138733115385,0.6868248898742502,1,train
7.708492296045469,6.8905278076600585,5.680020807100278,1.88161843115776,8.776929154540436,3.3067749596789664,4.735776085118194,2.82499205783847,3.428590059578797,3.623862084862189,0.620176779399626,2.961790238413485,3.9920670450841387,9.475049912261472,3.609850933541592,6.63086949543445,7.0298931432881595,0.6358649438915553,1,train
5.541961117128686,1.8430025713259224,5.985741995699351,7.047542174464611,9.009381042257408,8.487837543332127,4.03847015001684,2.9220829230505996,9.51994877195747,5.669446147289023,3.2566590095754977,8.069141853400831,1.3640741909439635,9.883632190869653,1.356288734693668,1.2382490438457594,7.348500303277064,5.166020182360434,0,train
7.908895614198352,5.994272939026986,6.164073255126159,6.3787744606259045,0.26957964522288824,4.728596132435767,1.5352076653992996,9.65938753729821,3.6079802900387294,4.68642227227008,5.4344243881974466,8.203210272369006,8.716211729864666,0.0584628630505557,4.966957710531368,8.658728252529826,2.3072924349255466,9.866468952958533,1,train
5.083165760673177,2.8046285042830528,5.385591912915733,2.115717699827442,4.904077817867179,1.6807030392956634,7.86794904684781,8.130328050642634,3.9621401587681246,2.2395944357106643,2.10742852933946,5.693367420962879,6.016402876543872,5.141017409570433,1.3954524678002789,3.794089420012247,8.796356001882087,3.535300958178782,0,train
5.133912532157901,9.420479419713068,9.428676718588664,9.366408596563963,6.739198652202186,8.502592926148846,0.6408595342346135,2.697701855816991,7.547367905530904,7.918322087467899,8.433911183436193,1.977745856034372,7.084198167776046,4.628051735427987,9.986251901975107,1.8559683305278651,2.09341344399839,6.043028427662112,1,train
7.572400194726156,7.385667349399629,9.781244686757336,3.049379430677864,3.9936089623147044,4.697685561142709,2.015815752288966,7.701506274029512,9.509079220271948,2.0206818290869375,1.887577402517514,3.366288062849514,4.275145086762412,9.821265216318537,6.587412029684202,0.2601818190031935,1.5199925521306823,4.459095471721444,1,train
1.8085415532801297,7.620001954890784,2.9082559909624894,8.847312608560152,8.221965398780966,2.2253159268468603,4.679178272124034,3.973110656320987,1.038627111695548,4.127537711771412,5.8259645341925115,9.717502843607397,5.753582189499179,4.238949554282108,1.492226124968401,9.477572088002344,5.915614683881793,2.737140816803698,0,train
1.93747890887373,4.45978719064858,1.6360923845548352,5.31399561428416,0.1634233272509178,2.012719328467274,5.636243557765303,1.8851223415792207,4.757885583660216,7.40373147634144,8.181802577119925,5.087687100237242,6.640281721882912,6.348277939632011,2.87122033318978,8.722726211746584,6.088723417585276,6.754079819614792,0,train
8.976553433921454,5.769403169928467,5.960386707354614,6.515777735365088,9.512002439485395,0.8330264373934082,6.128373780581882,1.4367804400564521,4.560554969210141,5.127129157480922,7.869770887254647,6.929663808184545,3.1405303760058234,7.7573092374674015,1.8035996171744195,3.142696404212857,8.710452282923166,1.9955562383128667,1,train
9.862568917226849,6.2023254986905965,6.546706897039042,7.302362566436034,9.319339235186423,8.954600863186968,2.982521141240473,4.476381275208629,0.45678204949984424,1.18603301310089,0.17615019507633,4.419309047955484,1.9598821860003268,3.6584286875037852,8.595692276391038,4.837729618505854,4.628809379544652,8.446922198346877,1,train
1.6329627926797834,7.285761121560017,3.6676603251609663,9.608488949276516,4.649638003733275,5.322803181326412,2.100419148590844,6.221109062842116,1.0364379268631185,1.0180481183047763,6.977089091445819,7.595249621549564,3.371436634073812,3.023371627386149,0.016636214809718775,3.9548318675250025,7.724446991273504,2.7125409758839734,0,train
9.656675513286103,3.297975845129426,7.275728145125358,0.11384426727710784,9.625497911208967,1.3867891292312462,5.487804623995133,3.7638376549226304,6.986488078056519,4.3581766443040895,4.27842476496775,3.5864261613870276,3.628436977843803,3.708316103659034,1.439802847949908,7.585100770796663,3.0081483423266517,4.8555076132990465,1,train
7.226724169348974,8.50405305403205,3.7078931599617446,0.7199739636572144,0.21614266810550342,6.849685611801989,9.660817958970851,1.9112787064067083,5.006186494624676,5.974593514347589,5.0658387703459296,7.699190764767986,1.8093147630962825,6.2561125938950575,3.796387082257091,6.135475864859532,8.880286073189353,1.3263773985965543,1,train
1.258052857418349,6.604166309211641,3.254654190675578,3.6532876549885573,2.9882769451035673,4.861310851846224,9.070142272963018,0.3769866602087846,5.5481467712862305,3.6811326171200798,3.507782158115452,9.263052965914826,3.2175948416391,0.8578489324553396,7.756686758599033,4.722545578258078,6.05572794099705,9.309967627561228,1,train
8.12336187034656,7.188088186530569,1.58512235711318,5.944556765483448,4.7800809672575015,8.982669254790483,3.646460046365246,3.083459077624985,8.058274278517022,9.55422025664801,8.783342859822081,9.068020926856772,2.3197278330728635,6.805918649669738,4.18842942490136,6.008871577012124,1.7276539769226518,9.22679465954886,1,train
2.2396032220451643,6.382189663622313,2.1427607449685935,5.972709229484581,7.559414435560693,4.4245526925743075,2.5701220394692093,8.700812989661182,0.1520775912666572,5.285124512791935,5.648121462370385,6.94890294672004,7.353372363235751,6.954068869983196,6.43537281402415,4.563058867737696,3.7944263290276883,2.9939649234798926,0,train
3.6791269187336826,1.9144264126357409,2.4760214950006767,6.030528056628036,0.5023998436136479,2.6684497649792407,1.6274946696722803,8.26071605775135,8.823135102592563,9.986967903593055,3.5435618226303034,6.653438641057983,8.086343925005345,6.269164052467675,6.526716403625886,0.6427664126100252,4.93430976797499,9.491949065290541,0,train
7.17864678192527,7.157512818911878,3.790267507033868,0.3570485638305809,8.207413101419723,5.3773958400767095,0.3762615208342146,7.528702356430248,0.33692061740160817,9.314662055822213,0.5293468806839907,3.9149132833755287,5.3164794435196345,2.8886332999890705,7.88328017761672,2.3579654367580405,4.713409437372197,3.411870512080198,1,train
4.580929601453642,6.8707912935987645,4.130784583616707,6.700653231866048,7.662938937076048,8.953676312462843,1.0705113389899445,6.762211120159563,3.479939927364234,8.33250586951378,3.7235905209167353,2.19724651532736,4.796909703279235,7.863205829773857,9.198345991912351,8.334368181638641,0.08398734793302887,1.4176021600654187,1,train
2.787742670415697,9.345831956208016,3.1009422159148543,8.174143006721165,9.901728525646277,4.392801502043014,1.325605606913951,8.500859421315926,5.19778716481694,1.9607223246654115,3.0726889677852185,8.579582570582888,1.2958498512609373,8.426868460995548,9.019903553345582,4.926461377240585,7.620648607603292,7.698140438474081,0,train
3.770800152083979,4.752627620408578,4.543053884617655,2.934389353782838,7.268047337298529,2.289636887959514,2.7156969314083366,4.858896392479507,7.71839711830869,8.620194019327842,9.45226840249713,8.58674218551634,2.6653027680574293,5.829534112100935,6.81191322698808,7.220998388393163,8.554879378312432,9.433354184510259,0,train
5.9498616361413745,6.875064772798322,9.314061062472287,9.983292268996363,2.7424467556179666,3.994034725834762,6.867164568531246,0.22690468413186338,9.723375495853134,3.2270220529378877,8.070998717978057,0.9748072882819014,5.9791845001957045,8.286040414961533,5.973510944298841,7.386195537473,7.715882947355411,5.283775813298646,1,train
7.775641486732239,7.01291986927886,2.4611233588755295,9.324111960757337,0.6219709247261718,8.955589933366866,2.575698343744409,1.9764856533374553,3.4550201374226908,7.944548441781253,4.165404973755625,0.9702307121750309,1.937803560440594,8.626157021072348,6.050824529931647,5.67606954274062,1.3678103684263831,7.668038846317512,1,train
5.954211184408628,4.280875911460427,5.335039881299206,9.505285734259989,1.471369042236953,2.209357146144505,7.917916835121693,5.385604983446647,5.987147283841781,1.3116342922546798,5.300334265248482,8.424735985958916,0.49201236275526417,2.091580232045809,4.528602131747083,2.952937600311424,5.739789899806791,9.106453498498228,1,train
8.228994590735008,4.311573488386058,1.7203010783843664,2.316184130041492,8.364374984461303,6.911450667235854,4.4600033937229195,1.07938240760716,5.132283003245099,2.708649816988009,8.102316004469358,1.450074590699303,4.629067016743388,1.9032149820803845,4.168426884541638,8.237642895518821,6.672572160411455,3.3943004149762865,1,train
1.4032011677473433,2.183354461876458,4.885996532052315,8.19497099635721,5.927030783268291,2.025621654542743,6.821931549526447,2.901027946231908,6.525177555769189,2.380726447462754,2.7788742589301396,0.9867456915515771,9.533210407242299,3.2114090660099173,0.9114811228801734,8.877001306524766,4.987377578847694,8.33133458695036,0,train
7.951055076057738,1.868008361530616,1.964482155931751,1.0698696565228927,3.0526638929597096,7.787714052088753,9.699653570077496,7.688971818398468,9.309706533197897,2.323551596232228,8.872648023915152,2.0012911343236137,7.442379652483551,0.03227646752291924,3.3011668745659364,1.174063918268009,2.0121229131360674,5.983403334373175,0,train
9.33739678988515,6.41918271384631,6.655841584361126,1.8258768792282176,7.673900232886208,0.3497378969541576,1.4620349633107954,7.075661181484396,5.6778411049805815,7.874539729119264,0.48390833715281856,1.2401667033860586,4.85718132455175,7.33527954821576,4.8404926518000355,4.227158704637968,2.871211838597423,1.4793948255921907,1,train
2.4848863995462365,7.108592724464687,8.509625306332929,7.2994193275118455,3.5569615221313566,8.022811658276847,2.822259586252851,3.4210742285541174,6.828630636090248,2.99211132330245,0.19308621134405235,9.48428959061028,1.8952427204869515,2.311425629621797,6.76101930337762,3.5267532419568903,4.9381777390075605,1.5780453311409348,0,train
4.94111250928669,8.593067567486074,4.3873333319913215,7.496567538101053,8.516746059877747,5.658643718665112,8.558503571785558,5.2218107431027025,9.728346214986658,9.753308723909482,4.075597905872427,5.6621197000140855,9.91967894605729,8.721127769915242,0.6352534512065766,6.17996817050046,9.286379000191763,1.4565942040588842,1,train
9.888504924972388,1.2923798787678678,9.66244840741446,2.8801910222267493,8.069482316056165,3.3149855605668987,4.822746732765692,6.230555254991358,7.765234457042055,5.909640158051931,9.575012891529353,7.924025389627221,2.174899805547602,3.5037651319159693,2.605137738568538,7.719407794241712,5.871019413439676,9.036133432690544,0,train
7.791241029506118,4.435031924883863,7.276624716210239,4.479100850337088,4.811173148697414,4.452420427208466,3.3535960521438177,1.5465685128807616,8.592458869597358,2.0632829131389583,1.9086307953517934,0.17965283460134707,9.108279829180486,0.09225436629175854,8.571218247313336,3.1954782947204476,0.21852943142935843,3.4639264377459122,1,train
7.668940825362832,2.074224018919701,5.238514673398003,4.944293493026879,4.869947726099632,1.3478305067924912,0.7577382991797565,3.571882620376793,2.7423850304534447,3.52072775848453,4.904137595524318,8.740798518864828,4.772198978077826,8.323154304323811,5.3411272101814955,8.404891321222955,8.683864082073109,7.4161097611409055,0,train
9.223241375713227,2.781448457372665,1.9750903963393671,8.110576127858899,3.290598424422514,0.07080639933830013,7.933762937707258,2.8058949698486977,3.925517917807937,5.127387053202859,7.611360754868967,8.225323111025556,8.717200323584965,3.6902388793506633,1.3923590807465769,1.302052459469758,6.46658291540385,2.417186112942181,0,train
1.8530923184835633,1.854922505213446,8.995884821610936,0.165529440079355,1.0377309439975313,2.6923693976098964,9.398316439888958,5.954185696428754,1.8397045458841665,0.3209935367049832,8.53300949294727,6.572570244469562,2.1379896524495354,7.6874074047111565,9.385931852398047,9.231140324864903,5.779157457287055,9.230079261739995,0,train
2.9793486490130503,9.463750149578471,2.790874842631627,8.568098125950772,4.671836926991922,3.1064714684973413,4.2922262153957105,1.8856818737819558,5.497615304288326,0.7633755335227566,3.098840808577381,6.878249422694394,8.439731903641185,0.8683953288623658,3.5284517052430155,7.8361899324390505,7.857567674661765,6.878252857775778,1,train
5.767340078896669,9.944245637924682,1.2814424797514006,1.5071115098951338,9.857336645304017,0.6207365510820784,8.340688254356918,0.6157662464818248,7.963174880203808,1.539139506917978,1.2825167541381954,6.809126860699725,4.428736714788495,6.896016263206666,9.550267178600219,2.866065809965046,3.4640990710410327,9.052118010516272,1,train
4.701828967270491,9.08031195754172,3.5111353863839767,6.820318202734192,7.984061050685574,3.278565120400978,4.12069043625507,8.8770851970527,7.680776974853981,3.3232718101858416,0.29298345727012065,2.0448897164833846,4.457121246124669,2.618771627532589,8.251401470013274,9.121187978803002,2.552771532233231,8.742575023667825,1,train
5.536843486882551,8.465235110192195,8.755497783719921,0.8699548395979328,4.004625146445338,0.12799809976456578,3.7957395151827034,8.854697353486593,6.890017218697394,1.6386823147421725,9.766473449549073,2.0927722906849633,8.05512300185929,2.742626166050658,3.2421564802856073,5.588853291285832,8.954885814883157,4.379396657435085,1,train
2.7218078859879156,6.801630202879684,1.5654009843662955,6.824509031856739,4.314137623109414,9.011971269617218,7.215496592846006,4.951227426289969,9.433386869614464,1.0367247539020785,9.0941329150686,8.559043809748504,1.9717484500750837,8.484441865213592,9.710860816232826,5.661042523927547,4.5221977992964115,1.5465550059601774,0,train
1.452055420612088,6.184016898544959,4.382280671154133,7.142290820967709,4.734226875818258,2.937049460856568,8.64508018150999,8.229772920975682,4.132817286206542,9.946752619919726,7.3761036672281275,6.108639187587136,0.23591656881783662,3.9802023018552513,2.6603481054448808,6.772608294351855,3.7892211276202814,3.664206493518777,1,train
1.069780349401875,6.975552398609678,2.3005576316129175,7.686020119481144,0.1419610542060501,3.3544283391634098,8.20451341526236,5.353511826688764,2.260354606355696,7.107842771892497,4.376269340306251,2.213676238981357,4.696239651359635,4.272457643380886,3.484177309360974,2.388014035757383,0.10430301670245279,2.216169581973464,0,train
6.727799968036072,4.98245738603991,4.856819037823151,5.913812981511092,2.640698930809097,1.3889988810060572,3.172486608840525,0.1582540041358904,7.944246579089397,9.578635039921219,9.201539933609787,3.0483381395611264,3.290421582597758,5.903215083779979,6.2297910508359795,4.000056723612091,0.03904336557240762,4.0647332353537005,1,train
8.287477703675876,8.5336238747075,5.8429924928926695,1.4354947350494707,1.5594138903470023,0.5042387224799294,3.8006147108280874,0.4707910217633715,8.29345678061702,2.712825747047397,7.310845390332191,8.84134907741587,7.664262079054752,0.706752326387049,9.281696714012789,3.8301491761170494,4.042670028453289,7.788289339244474,1,train
4.739625859860736,8.503536522333748,3.529386467190287,6.948946807210879,9.345497455862901,4.177128357588664,5.04727508989554,4.260662459783658,3.069652845409464,8.213520532839528,2.210988759560917,2.012079659299414,0.18790782002440776,6.1504020057889095,1.5664706629225589,1.5494596359358892,2.1658005680353543,4.429507188690003,1,train
5.40149436658323,7.842839229057519,7.086980987049412,3.1264039434901294,2.4112756699954643,0.5975630176950653,5.583980082221128,1.0541013201826122,7.433903995240679,8.654992823758029,8.478281189987836,6.893566456311041,2.0923172709916713,2.9172348013515514,7.386516174955329,9.926661711116155,9.27629456295607,3.0338643670020127,1,train
2.392629088721709,9.611765479580198,7.5378514405346815,0.019277918539800654,1.935068284059226,4.691280456274979,5.372672977297984,7.84874176065296,4.00887499584345,4.957495595200108,9.37686188204666,3.0794183272901146,4.183193822158557,5.663885103839875,5.228323262744846,4.966720153464176,4.789587233653209,3.6157743503584494,1,train
2.468633744453556,9.969697883834955,1.8927915622754792,9.173148417563915,0.11682145194057969,2.442896713517132,9.263924834566794,7.8628764731596466,4.157516241012564,6.247493332295098,1.8058959424004972,3.722117964517632,5.90712643277497,7.583681365477487,6.789323506272597,8.245430032371239,9.132272801749206,0.9626509170018616,0,train
8.446747379919886,9.330693119386709,1.1064768157676323,0.23117235886290222,7.642759736058538,1.0254702703892227,3.17024748536039,0.4340235853812424,7.670890982072676,0.4148398977393819,9.472434877897125,3.404525129477255,8.367109331736343,6.106635315703505,3.73427666050012,2.6971288131812834,5.359309400129893,7.561632834389227,1,train
5.546158812975734,7.391017084634262,3.406343453087526,5.6747287007271074,4.7259781888069865,8.629020090745117,7.824814610740482,3.4646984230350797,5.883309066729047,1.5848353731992626,2.721026594465419,1.4834992919894396,9.404846441102437,2.3934306469134317,5.115570718136712,4.943933461816005,5.013365213753762,9.471751762242718,1,train
5.67006572080623,8.604200146765884,5.301609038327791,1.474632029762415,6.995060555728857,8.912722356577655,6.685692892892488,1.4848483767169973,4.637918445730927,1.1317694268856815,4.992942557446574,2.6734649514506295,2.404475495845505,4.4760723021244075,6.780305548219442,5.417691734417814,2.8214727775650683,9.177582740778856,1,train
8.055088394583645,8.736962173690712,9.711239177876108,3.0016289636058135,7.818516673765263,5.751076924559388,8.988481496553232,0.8287901976937917,0.78628028500761,7.245270718831815,0.17769594197765137,7.7345911348508025,8.938089340804769,4.535922120239601,0.6134365089689253,6.564373096916373,7.731065214357093,2.4875217408080417,1,train
4.1477410637708365,9.853992319815417,9.261919435756614,5.3447935428979445,9.740444859816694,3.548185578428825,3.713276698826843,4.236398062214421,1.1279732606855397,0.1288951404447647,3.0701417207919466,4.140386028485926,9.67039957041864,1.3460290427400567,6.959316366722965,8.576500895109302,4.257423538249609,6.054170890703908,1,train
8.81690831463535,4.850901230678473,7.00078081043925,1.8348437072378965,0.08791650027341724,6.09612970240327,2.5117503741368497,9.791183054109437,5.628039876188447,2.796304737677857,9.2621987681575,6.7094653592358,8.063321790277625,4.77373723129952,7.5780476658111535,6.830589076032478,2.8603078437481733,5.8307988032342575,1,train
4.968257979329467,6.368547955581081,8.392740785259436,0.12332056818814663,7.633274095200376,2.7066180927355843,2.1697503305663988,0.20237691824563253,8.891143442172494,5.098601635531863,0.97105469344556,6.393997824652478,0.14929162228025983,0.24642379566834682,3.9898773811901354,2.3978734128583854,6.655538470652954,9.225147098062816,1,train
3.652850913067761,6.101504451530074,3.388265377985821,7.520569168536884,3.6592033781365663,8.166341191285037,9.353962891988836,5.858964040403988,2.807680150380385,6.760046966219835,5.215290585857567,1.0941772309317521,8.31740885953241,5.142828953143318,9.975055909905231,3.4618962374052176,9.589646617510514,7.3645173194885984,0,train
8.570963864211079,7.06638339771811,1.6201869646680556,3.290697562043613,9.453409433900637,6.954154093940375,1.3113390632799482,7.682070343895272,3.336342911100153,3.6668173616402866,9.062067514243374,4.873527403415626,5.298494280169046,8.690626078376575,2.103612898949665,4.774474822293325,2.812863694710889,2.9422879311775807,1,train
6.144766466740091,1.4654826504673566,9.1524524329146,0.7112835940340223,2.5927961877367167,4.25768054809411,4.203023529458559,5.367885735058331,4.782679674707786,0.056437786924730116,4.9874150936225,5.978805485301995,9.379883633881832,5.169777991093591,5.652142558015924,3.7187629959206325,7.342238793242688,8.299872267998019,0,train
5.207661144429936,8.066101381657717,9.381285747539906,4.737221287369719,8.75435183418032,8.830992911691212,5.751594641802811,0.8056823807745572,3.985589408808814,7.572096228566378,2.1505403246688326,7.915411305904606,4.750845988836173,7.608396761092936,9.683948752866417,2.044363423091866,0.3657720372942874,9.509923729134485,1,train
6.702849480775865,5.291381002516994,4.380904172144517,1.0497306503874315,9.798592566421876,8.46341395736789,5.753070706550999,3.115394201403255,9.095275393307226,6.756984204474947,2.689396349287545,7.870089198061078,8.07850213008895,4.031047522277614,9.902553655873245,6.045774634392717,0.2985874464674865,8.857411192449927,1,train
5.196379231369362,2.568814732329271,3.4967028421970294,4.874927429366132,2.40740023780054,7.17337467899258,1.8037664274393017,6.4355059886143495,6.486792670828523,0.11950492944139968,0.8566338760049752,1.4408391315556957,2.309970877659725,8.265714489925738,3.8049627157971786,0.4128256407863562,8.245504495450827,9.710779657248477,0,train
7.128758123556881,6.9314468130386615,5.393333088367796,9.85952976505587,8.646819857641837,1.828037201142274,5.142819424897188,5.823367581632189,8.791919521071112,2.1233600447186287,8.300950051733778,4.908953928400514,8.946930553810201,4.877286789581545,5.627856700029742,1.4099824831074936,5.246976790792011,7.818317938457234,0,train
4.459184279369062,5.387160782667348,6.8385548232184865,7.722429362989384,6.042912297169668,7.222979637320337,9.136055444297902,5.540158234315344,9.786056669263711,1.7752908595073147,4.3815601964049,5.362936844491904,6.092601111343407,7.089959653556037,6.357212913521275,4.264292597618767,9.476312387247125,6.487505000404079,1,train
4.473974609761112,5.89413254011382,5.499174101400239,9.8390919912555,4.568642184258007,2.940063747045137,3.7162175741592063,3.564952189156262,3.413983495800854,5.32197379344542,7.103389223033356,0.3361283070944421,4.614566320818607,1.8979345215704269,0.8533732979065578,0.9347465362384255,9.359156977418268,8.608992426490946,1,train
5.652080181909718,8.167419769907895,9.811146687011409,0.565061357154143,3.5167947303625646,4.564363690739671,3.2084436960240206,2.2554816574042844,9.886073470445975,4.317129293092686,4.763917866836474,0.33531564303644346,5.335569822388964,5.7923300039015615,4.895800311872742,7.818830691802913,2.8406934742927312,9.970638236733189,1,train
7.472368380611083,9.03644737543727,4.496699206741432,8.207772116754203,6.140153859228288,0.29649922675781926,3.771960281310769,0.17904203196034252,2.1188852930316013,1.0360592389270795,6.212215026133535,9.160846050843025,5.4396313047828375,3.472528458284976,0.5188579533233051,3.66308626359983,2.7833916996121277,1.9426824546808674,1,train
1.2267483349074568,6.724490352687416,8.001983158049548,4.879636933291454,0.8173285869878699,5.523892580593259,2.7653742992109454,6.565600964250727,1.9180943100713133,0.2148624656653153,4.988688081244103,9.633073571342422,9.637157672560397,7.78572066289377,1.7045589683900764,5.267373381421154,2.468379243616373,7.042416892882754,0,train
9.567639324765851,3.597831215637998,6.497042261539781,9.105820597656756,7.10015044013625,0.47202715896948355,1.6707794764413286,7.492705369163117,4.821453565778011,8.524624449239061,2.6191415772129565,3.6856687220370477,5.941168801328595,0.9851071529369781,4.906091228924877,7.061837848545089,2.51098104650581,8.830362945571238,1,train
1.8455013449595383,2.201121843238676,1.8984872553593592,2.2413060416280817,4.913385319990237,0.7520901991994688,9.717405447766744,4.722588582901776,0.5430342473792205,4.574848324971411,6.101912400724526,1.872474081736002,7.527677007806571,6.59707375839524,7.555568590570351,2.1585651929678096,1.3134196854206825,6.355031708840241,1,train
4.543544295448516,7.403831811999278,2.954501058241142,2.721964299670679,6.49622025984247,1.7846682478293219,4.1200047796814125,6.993062692013191,9.855345034593718,6.7882147890853055,2.3875665750305677,5.033707779829991,3.132007752061141,6.89018030792988,2.926582731038374,0.3661915420235218,9.137494226842499,7.774469141432059,1,train
2.3975082512904775,9.124698786481586,6.521658230489027,6.421791956984033,4.682029235496237,5.42349264227504,6.972927448694669,4.766404758089973,9.579233844460003,7.372751474437215,4.4424145079846875,0.4565207135454519,9.841358143816144,2.1322201791048823,3.025480454421099,7.656653942777255,3.4803840518023543,7.275630129065115,1,train
8.290664260962892,1.733747520331766,3.5346373597584457,2.927033159704874,1.5838782432398735,2.8593057768886943,3.333190076686331,8.990918694407714,9.053834391074142,7.51588443560705,4.855285019557824,6.826698725002764,4.850488046393757,4.210520624383217,8.779042192395556,7.845217119073543,5.056862645248444,1.491004368693739,0,train
6.954010574734512,3.577502475799997,6.71457564401398,8.127160331986861,6.832397801259202,6.269461983695762,2.6642657190531303,1.5621160558014346,1.3516854894198704,0.420190112447153,0.2529589170724944,1.2219959235899325,2.8364839758774316,4.7556929875097955,4.300065543239283,9.054502341751999,1.6806782995897829,7.2070427838941455,1,train
2.8296600295213703,5.626513174532427,3.016839595224794,6.997957856932758,0.5131543326383725,3.455550255085551,6.933710588963239,2.01849030378376,6.869824349383938,3.8023319739146135,5.253784035174308,8.136891842278477,7.254152260901722,0.38765706921038423,1.787033928962397,6.205235696002346,5.608791873817388,9.436962199655222,0,train
6.072830948836523,3.2893199309913568,6.131025722766288,6.768943407696593,0.29652904767438093,8.591276160036763,4.439475535692885,4.892861912563681,2.920602940561966,9.087750007539853,9.099259176103123,2.4039238829273013,4.094106407374253,8.985746104787003,1.3012095609847962,2.992465015868234,7.5033808025379045,5.302090652792263,0,train
1.1404231786905554,7.976775793015166,2.8517545315867587,5.577569016575072,0.22320861460064512,7.740221561098052,4.1714164698125265,1.0885058793764313,4.517938174200474,8.187244039466501,1.8302676767883708,4.098827832050809,4.1098595427734805,9.281058760621004,0.9857254209527277,8.505673836066217,6.583941162053545,3.6664359646277624,0,train
2.1370426872622086,7.0798831390045605,9.664712672506193,2.3752681337628045,6.218904772464814,4.990848915387418,1.8338179546371536,0.9708691767736277,4.160360027368419,1.753676735385733,1.8071305730068055,2.1879046891482856,8.742476118520067,7.420377380939,5.0930832875276,5.189875456271103,5.681078172443677,8.294850461575658,0,train
8.09963943447446,6.40831045091537,8.875208371628894,4.444771130007787,3.2143334073978638,5.387591735812992,3.2782201700013394,7.3618721076636895,0.1125686557087735,5.6631982559876315,5.643721702262,4.892353239226015,5.699637522973369,5.418779750635595,3.6810440284613213,8.882485804197861,8.34553297989251,4.220937368052114,1,train
4.797277271305256,6.7207375053562695,1.781051097138498,9.250426175091885,6.830226523207275,9.76909720512689,5.529773787144075,2.240154802793919,7.386148739729993,3.274736133921561,5.535610962517695,1.5712323709698195,7.337164433879835,9.66546802220159,1.7587116453619756,7.898349744557419,4.069392833110244,1.4661785385835968,1,train
2.14066428187145,1.071644806258062,4.815411240826371,8.190762946189283,1.5991366662787043,0.34863552978497414,6.1051746179573865,5.689975910612728,1.842815050534431,2.587319917423229,5.717127338139517,3.9703113546380053,8.972423053014074,8.24303368696144,9.467376038307037,5.927175555921808,5.822460714998924,1.4238936522040035,0,train
9.819734392013515,4.596492883650022,8.013347937490641,1.0536066914620845,8.824506908123857,8.465018197652988,8.721883343523944,0.035864551598904226,0.22260717075016534,6.404899001718938,6.521487253336078,4.969820342108251,2.203344424732027,0.5703548512524903,9.802873311223196,1.85199364221731,5.649409445986087,3.888490499497536,1,train
4.864944741838701,5.797449204009831,4.2393186778004415,2.174183780572193,7.375076312079071,2.366639508097128,5.858947685984358,5.927847100259966,2.8367489926875056,6.807166681789761,4.992757424893156,6.3195965680132975,2.537206603063542,2.801963700465817,0.6438710780928392,2.0824005560698735,7.233286491190107,3.848240914408203,1,train
5.484711716168143,6.543984060763019,5.8889528552204,4.624595668599126,0.5561643113093817,6.791975880971971,8.029145076589586,0.9427692470753846,0.49687695176793056,3.6861709960954947,2.374088001252168,6.915192925780218,5.286609042766111,5.3129704982822235,0.5075912879586064,5.301732642034476,5.6748326466738686,4.835591349532137,1,train
3.9407489736179295,6.477346128219347,7.0744129848168305,7.315523251787557,2.09175827091187,7.177621353513749,7.676127495598082,1.9483529955104772,0.13726845605328108,5.507530123452396,2.314745542320206,9.470155602526143,5.662968755106718,9.204080380422434,6.851170558136697,4.900397654729412,0.49842229128943316,1.206382272027542,1,train
2.4206890866924473,8.417602492821654,5.127615885910247,0.7750628034934226,9.956801915268274,8.323681717010185,1.072424220347854,9.029538691890725,1.2594045223500505,9.056294744979294,6.418787802018674,7.31714961609696,0.2349578412379938,8.521413133416889,9.216114599819894,4.271862597381769,3.6042773590004993,3.5047754337354133,0,train
3.3778911298295995,9.759679784213056,1.616270050144542,0.44328327410728896,1.6054583783946008,9.56835341488656,8.386243636754319,3.432349652537141,7.983935878995182,3.903047256902994,6.5941428235331685,1.220216671293839,9.068884350111558,8.078166415601444,2.0946295870989595,0.5060821361120671,4.679148164165287,5.393623826307304,1,train
3.131144544708869,2.9168658789477533,7.424822124251224,0.21194518235956195,2.594394547775105,8.255154038113332,5.062541887486326,3.265469549446599,0.9992064573685089,5.572725629678775,8.891784029128331,2.730531917710173,9.423645496237022,9.191139075915071,1.6305970847718887,5.354908997233831,9.805187989323304,8.061515384294104,0,train
3.873058379186951,6.739794556483394,2.158065064946523,4.275666620918487,6.623572259332882,1.171640756605623,5.65438481379969,9.091233846930361,5.9719734104198885,1.9433403436301,9.250898303213738,2.5407815404816936,4.617308703407846,5.6860319584579555,3.9593643451808602,6.501936748772158,9.644958732648872,0.9561192790720063,0,train
7.522804091003342,7.821448393951584,7.304168792092272,5.408218353464321,4.8928733786945955,0.8384196195258098,3.8619794189588443,4.930074438695695,2.9159201919630116,0.31200662785969113,8.701179345046139,5.2341162926735905,7.624652843945766,4.6177944678290475,0.9935380748160616,0.12955265056987852,1.9716178253443484,4.826977819819427,1,train
1.4523046221173153,3.7891105840457264,2.753929492852108,4.296539474319703,6.99246288086651,1.7812145040961502,1.5693539032747705,8.484552140003066,2.2935015854455276,8.75358547659449,8.838016212151365,3.605016166263292,7.0162566512275815,8.218389855977268,6.857295797220865,9.293168443081843,0.8677328495451042,3.534226986278919,0,train
6.965396983149544,9.685996594160692,4.792714549678502,5.130195883460916,0.7878192455963318,7.2254036083813205,9.559254060430774,3.2449501959884186,1.7030812055607059,0.09443325638888722,4.951134869284641,0.21073111588932436,1.449585968138939,2.936490318702213,2.8536815509460887,9.740780528435534,8.068601075600835,5.613021295849715,1,train
7.244298945228275,1.5386565257089349,6.827837077106907,8.176165315469245,2.048236577896115,1.6229053299941232,8.046074982729204,7.178290312697353,9.390377115387304,2.8547068696537026,0.7505170936674488,1.1325436017834511,0.14259954324349677,6.944338607241255,5.201383180109238,6.096902982754303,4.155727387707606,8.240539278747194,0,train
1.845985897117553,9.893391425534375,7.697842726616833,8.847230983196852,0.7599946658561207,4.79970719444961,2.8523977924121025,6.642306535316905,8.298252789681484,0.5572241693795166,5.03263344162179,6.5047803515018465,4.432301979324676,9.995869028131828,2.4320830612680133,7.251411568652843,7.08877255393025,1.5657205150619102,0,train
3.610469493845024,1.948497149475994,8.027945369972347,1.542685588436813,0.7445140028538078,6.98123534404223,1.3197130697463821,6.936551839451024,2.9227536055061365,8.251742600436556,1.4899657273051525,0.839810494525296,9.270437861290944,1.258216598575117,8.624505055180084,1.42874733268464,5.93159093098198,0.17252463549093155,0,train
6.7806406409015025,9.192975820059353,3.503934386181472,6.262522913435983,2.6068701691244422,4.538673638880175,7.065042047781841,2.6810744997167935,1.1748430090843853,3.3068804500447033,0.09824602227237467,9.530424290633883,0.5629851268301322,1.4051024690001412,0.5175665146016384,3.7900310291942443,4.998914732776837,6.405635734326949,1,train
5.752457511348562,7.281406407186573,7.955917828637643,8.191396938086713,9.282316246845753,1.6460756160281098,3.7395316863097494,8.816674365386927,0.7317648979537061,1.4359331894436778,1.9633885103846882,0.85416975274625,9.691265075525568,7.913542916150332,0.3584176227682101,2.432253759008769,5.044744461593414,1.423219134001833,1,train
1.5433139749206928,5.138322305291622,8.867315952314337,7.358708982748703,9.279224327958342,3.80499517863122,1.4184255624611064,4.078153535632283,2.3552120680097053,2.801425405987704,2.4575635687230113,2.8024720777932153,6.492398279062311,2.676386868926804,7.22172522468438,0.7097358598858572,2.277025064400946,6.022427059125897,0,train
1.2705970882306985,2.752850111219615,6.7598213913670175,0.7630366300029057,0.271222440835438,8.876339980393475,8.425716837729999,8.147374589087997,6.393495216362278,2.13867155011871,1.0804505996700053,5.126006050132751,7.1498563406023585,8.948987300342294,8.161422598256939,6.969003262720504,3.6524199282453873,6.287881366413222,0,train
9.672863375231968,5.970617551931463,2.6838866569049236,5.910129169862758,2.902177226316046,0.7894191063737732,5.60688386993259,9.976811490350544,6.10174002077756,9.96683651811234,5.96038038782292,9.411517000026686,5.337770713827927,3.3203117337456267,9.509566724927224,3.728846288570351,0.17634991587135995,9.216214894817622,1,train
4.3663135768944406,9.470385012546236,7.595390700265812,9.776702138158054,9.867529909579492,7.7640653118810246,7.963998771280663,3.099270260890592,6.613756552311435,6.397649375669064,8.121088207189596,8.5563513363728,5.1501253585245905,9.942657474515082,8.978774826267758,2.111214299720795,2.5946909874635304,9.834366435631685,1,train
7.198098890756512,3.699865069402732,3.513450114266764,4.788803711422435,0.9720805121536069,8.186967439156017,7.740040540609076,1.504398696646646,9.890596825502659,2.6847036285559156,3.4989979793652912,0.4759839024540735,8.469993979977957,2.542774336897785,2.5410801638761535,3.6102461556372867,5.169678515452071,8.652502368129563,0,train
9.705847840963468,3.472932838004935,4.965381156592771,6.135074682784941,8.88716111112481,8.073562985498466,9.8184473897143,5.388040934806836,9.19256702368824,0.16561469243768778,1.6927151691617526,8.10610622562097,6.482188490852444,9.532300752757523,4.561170141772262,6.059280996685668,0.05980821393385294,0.01720198897846248,1,train
5.462115387600422,6.2757777727644735,8.679313807888366,3.462226262451437,9.293082275653095,4.521605137878145,2.8706120397746115,9.869700556636916,2.3825928507592,8.288046130814648,3.1608180390885297,5.43957984213538,1.2097856170481391,8.599736144323089,7.922373838750354,3.16196062095101,3.7678518797931804,2.980444584608718,1,train
8.149462429301296,2.543474167670765,3.550092460769179,5.503479892783844,5.915974232206754,1.0551060031549597,8.395372798340441,0.5729876759732688,7.538809809274982,7.8306153515127175,6.289845079815897,7.217456233553445,4.107001434747428,0.2131794841847534,7.102138204997611,0.4298030442409795,6.089287755226309,0.33673965468188793,0,train
5.085469295875111,5.730915597977337,8.529057923410955,0.008622619870434223,9.473569095264022,0.36659561918375716,4.153583035373922,3.216161227890547,9.186228331776249,1.4251222581789358,8.51455798986276,6.816568697102917,2.1517003495808917,8.076247560626175,9.695087827367432,6.430727195463212,7.1072742906063935,4.260056327170947,1,train
6.488611208474529,3.984905890189691,2.801224987797183,3.6002515082122954,3.7679457748133647,5.176870009266779,9.46185576291381,1.5568262187084392,8.572035949651104,6.828687310924405,8.139362962920831,4.093549931006936,9.20514125254958,9.94220924406285,8.53936389839894,8.969156660272537,4.354778166040397,2.3156793616368763,0,train
5.062278259988358,2.108610878684374,8.874415024010796,8.948942271412898,8.71060245956233,4.187926618630486,8.823415956648846,6.076948233978361,9.115591454177466,2.742806191845799,4.095300332144308,1.6859617910216085,0.6320527270475607,6.767006991602873,8.794893346643033,4.93725446700831,0.48711513022773323,7.0801585355059125,0,train
9.04038157388592,1.1844367841701868,2.9654974875135407,0.8204165562955201,4.818553339087272,4.405704014597369,2.754785821846153,3.001555268251861,8.792341499242648,7.746184729534288,1.9086352042785715,9.46353556824037,2.58862496326443,8.593178987080952,5.329707957079279,0.5521409847332936,4.8408026774482575,6.843060147456529,0,train
8.52704591536969,4.522727953286541,6.595436384127016,0.3130613307269281,7.334978780710461,8.418117930325241,0.40879351095018945,1.6251084345963873,1.2411137569660735,9.372732472170318,0.590100335447723,3.604103499541087,2.7017420271686787,9.783686411912369,2.7836975760464533,1.003044739674166,5.8837601617062045,9.08961311751911,1,train
5.667971769158971,5.431335751392599,7.602483415399794,1.4119789774155478,5.213975982900674,2.1190593899420462,6.068945458285554,1.8111912907660743,0.17021324902952495,3.1908007197081645,7.343158524106529,9.413919577655278,8.93835670713293,0.1229343350101364,7.499567393043317,8.693637536940255,7.572404396917638,7.128831490763084,1,train
6.962736332476067,4.72720003710555,2.2047265924926505,4.361985532684509,0.7361962733398553,9.561990754179892,3.3339580375541877,7.483540546566957,0.4564395497321272,4.5267699127631955,9.665606927490899,2.548089191513181,6.942635604535078,5.426420206971327,7.553035036988368,0.6593509907374007,7.776050358644392,3.2635339947595376,1,train
8.569452373005822,9.846107292047163,1.6948310648443263,5.772810970088064,9.153462349569194,6.049364541853942,2.9663995691066747,6.515419389187161,9.689253212821358,7.982627077223637,7.769132395003783,8.804906929982533,5.161465343565097,3.187700300791775,5.169476778111318,3.4122870198390185,5.538386524315154,1.425299992653758,1,train
8.708500829609768,5.125828293892998,3.5260061025246623,8.019428166117947,3.450382710925143,4.1326360765495815,7.388182250717504,6.6111545847468065,7.295083762929961,2.4015032801222325,7.555624220534104,8.36461843789454,7.123624926564175,1.7434514813593172,0.0050697997404369755,2.1913017887221176,3.669190216300864,4.841626485030823,1,train
1.9197856401428184,1.093794852444583,7.919565014236311,7.726038559737472,0.29447839169237766,4.975832814023868,7.882149478838265,5.75111948488801,0.23886463474096065,5.820280486013991,4.314548863016615,5.970063301179595,8.396774195431425,1.5904704042697904,5.9267471242802925,9.717007414991333,8.33542154216139,3.367900888676234,0,train
5.959101640874324,7.768926506900789,7.602774326328885,7.748126247586653,8.551443230263231,9.077294412399432,8.20373736565687,1.7286842827930982,9.647150894322987,0.6326792206737419,0.48618610906408843,2.555576994059854,1.2819841521248498,4.8436109950989295,5.859002336561895,0.7637576501227461,3.1884597562223984,4.253755478858023,1,train
7.907285313067376,5.8859298693210045,4.0427250829816614,0.8444731153048413,1.7683684335291472,7.4400212442047,3.5157295782385924,7.786283996164119,0.27301592275857045,3.3327528180886534,4.841588624751135,3.418823328578754,8.893100312927135,9.059845336966863,5.298217531368791,7.454409472432134,1.4086233353347688,0.2875604925698705,1,train
3.860872376538417,2.6832034524752646,3.0824409077558697,7.124504548373793,7.359071205180216,6.685284080830012,2.2182233314291366,9.827363931919237,5.973744552438323,7.977322165385986,0.6968353833264573,6.054898848953211,3.1394529896892753,2.6835175336086747,9.718302856098553,4.03535808894829,8.443778274082273,8.38029225026309,0,train
3.539223752337191,1.2649299346437777,2.5189565710217456,6.099624200744201,3.842272650974717,1.4126696417269446,4.197873051841573,9.643236540103363,8.99188413139719,6.524620596864985,5.4210702774461,3.9724024302863645,9.75602535236169,7.639114923247744,0.7615765403765373,3.237428644081519,3.5332636737838428,1.8497247036101216,0,train
3.0223993677974095,5.033865375425053,2.679750838064447,6.181771435951397,2.994285544968255,9.81829679696295,3.228627400439935,6.812719342914165,4.921214340381413,3.8169625520015904,4.364614409244262,1.999660645170237,7.043869630997126,2.803277928858315,9.842806264984198,3.687322422201044,9.991368055020303,6.19967331744718,0,train
7.585305587517699,1.5237441334686772,8.060353757127094,6.228420260397391,3.770196478071801,1.1323803700978363,7.015187591514125,3.1842860857646658,7.841094636463434,2.9352314919264355,2.6834486297509317,7.1941672440968745,7.147070861202854,4.993787968014871,1.804180298820215,2.1851830391573035,3.537245438022664,4.073488395447798,1,train
4.292229304700225,4.780932662254897,5.885468955092892,0.2066134144056364,2.16912139217171,2.2054491070338256,1.9133722054773505,5.201359384359522,0.10259435783348536,1.3566182918231495,3.0231291720861977,6.5113248963985635,6.403087360593801,9.51074960736046,4.050663806494816,0.7861134668236347,8.381193345257635,0.2532499674264066,0,train
9.55667831618232,4.511475956429734,2.8370499294103126,9.456194492158783,8.376900240874434,3.131941912428612,0.26030088313855004,2.2588382762934645,2.5909815848855544,0.9433525601744386,9.686521458139916,8.824726792919401,5.648852587404562,6.087524424350735,1.424054164546541,9.141378710393408,4.94383253935843,5.138274788806516,1,train
4.382825404016715,1.9821293427681432,3.3584729555503796,9.682702221784925,2.064654524395287,8.232763125418881,9.681837152007546,0.1553453585352893,4.879724221190289,1.7226313395790005,6.890398195400353,1.8624298589625954,0.8029055508528948,3.5096719981330016,8.234669958095143,1.9482272906650777,3.7521658539640077,3.373528841454023,0,train
3.1914504692240415,9.76103876695644,4.877975221716424,4.906727453200106,5.746071009732869,3.021617449706099,7.615904655969464,6.923367113721696,3.1658086308699165,3.676630600527756,3.7569917350644566,7.732901205517665,9.143059962010978,1.2454049437903636,2.5595353814587227,5.836800319739865,6.391507240850744,7.758936103925114,1,train
7.410024175546745,9.771386150523622,4.595510544978934,1.9615964253761031,6.1478329243977035,8.772066829734223,2.1538944248478864,6.473015971760164,4.174962679608684,6.788729396352389,7.835258156852354,8.64373841034938,8.87964087510873,9.619211218488104,2.536009671457574,8.119371209091527,5.702156157023137,3.2825623905671906,1,train
4.727416375794558,6.6440255508284345,5.014647298525707,5.351046429212082,2.419693230418196,8.244059083339563,0.4309503037805529,3.5840167561952443,7.616830428814395,8.675836019037606,0.5059100437985298,2.1623011492928166,1.982763200175579,9.18069438951841,2.678798730282562,3.7334660014657306,6.759388322258103,8.202642279627366,1,train
7.904457004891801,9.49502499207925,2.357221768866371,5.120271305286641,2.365776569917728,4.973288738746497,1.76275649206591,9.14189822289484,0.6708590513133084,3.079579320910498,3.1107379752438313,2.807794351262629,9.602185377056479,1.7011122694929726,5.019813421796493,9.584596265340283,7.06495780931675,0.4870481552571537,1,train
8.70061572138361,3.280751834083409,4.7768620357743545,8.538607374267492,1.6570104823623932,7.433057009291079,5.787346607151385,0.4932075355374921,7.017294636194452,5.210509183445884,9.691104865896419,6.191663511912902,7.90499595104098,6.468697414835521,3.91774611694621,2.199999479272164,9.319657162688623,2.947802811217329,1,train
3.027135620236686,1.879303488142308,3.770111731996775,4.4706052323955845,7.702595445008869,2.6584586438747992,8.816947539438413,8.494456403222006,3.8800506044980168,8.7625746859952,8.186073361525946,6.37086189202542,6.8818354103004,1.1978629704041721,8.079407655882312,2.564462548144144,0.27820508673533584,0.5552729850616112,0,train
9.841174014869262,1.5657745698615178,1.9027517583159557,6.421073281911661,0.7456681583807845,5.603464963484043,0.32666211287647573,4.918262607549236,9.641271602141972,5.311294469987871,2.1049249850442586,3.934420289839189,1.1923745511194728,2.68307668546241,7.852791724650316,7.094832650287508,5.7567202882614845,3.5149349068717473,0,train
5.53011235109695,1.1672278326577237,6.247130956809121,9.243173873026493,6.21454252605314,4.676382557345406,5.371451578550099,7.37654308925371,0.3966189930857933,0.9805821240123314,2.736902386695419,8.999007095228034,0.26095866668270906,8.72314460372294,0.2837041768416615,6.240769742639602,2.259338818401372,9.513622961492276,0,train
9.75451140618088,3.431058935467103,5.89920838360546,1.7002438923885188,5.852188311171599,9.017177036451413,2.554978108323036,1.3810002608199001,2.0184299667874273,6.609975190350493,7.392475034542546,3.988624931731437,1.6882519381089245,5.315342297287767,4.598977240962498,4.914243698571749,4.5015520342585145,1.9224072040957607,1,train
8.70862894979869,4.684847059336695,5.750777153641675,8.326303756625657,9.974311939394758,7.721542749157137,5.585829181073935,6.124342450116766,4.826618446364881,2.6448395008051397,6.99185103118232,5.987520230053747,5.1553429901481005,1.4804601814536922,5.1468251791710635,2.7665046043286523,7.742382781378488,3.8351662771260697,1,train
1.9469486156067544,4.216228959599517,4.822315946730229,1.6322153645382054,6.931878175283103,6.993834399077064,7.869532970769636,9.943243587141474,6.437442189970425,1.6412563690469684,5.71111743656102,3.8336441727905335,2.2717498084270837,7.33596583141733,1.2901436834250646,8.276500534880698,1.547172655557414,3.984920760767733,0,train
7.824782930118265,8.222536121311965,7.001733932973495,3.454216486136329,4.424753876551872,5.472838712415184,1.828354965088167,8.584982304422148,4.857138542293246,6.2148558376759535,2.656791455372942,3.1605327929155482,8.361610970168398,5.144533512162244,1.1411077848923368,1.5837744005199472,8.06850511861308,9.005064808633197,1,train
7.210170856708095,1.3630588646124036,2.019193875300328,6.148058212408321,6.642435888688706,2.101636581059909,4.493571145499503,0.12647699841788484,8.514588637964204,7.3693092502411055,5.141525464457441,1.5768894401628408,3.8593257729331656,5.92759580813606,0.2778012350087644,9.18606745094331,6.52292131524543,3.142705286686689,0,train
6.710902594339148,6.9012225545162496,4.112397835804275,9.455197887656833,6.433317061912747,3.2223149403324225,9.739078198283757,2.444226450415252,0.8341070950883411,0.98993197121654,9.773076235436106,5.464655488113925,3.959413970362876,9.54409464949033,2.63081464663969,7.060457410261361,1.4387841968581117,7.467617983624828,1,train
5.195523745429216,9.647607662289897,8.589342597452482,9.014260898978936,6.960801631235861,7.41968653705659,4.845190560228384,5.496490417821949,9.131844301168657,1.3704738711723519,6.926738908642621,6.552423922764186,6.649767340466289,8.01772213581825,9.773479644787153,6.603971025049851,7.012803805043738,8.321044477767616,1,train
2.1246390596877625,9.523799049022657,5.157730589917953,5.113867586747417,9.14304084716337,7.504773782435601,0.2697023068841853,8.467126509103936,2.0273841795463277,4.5127537564769185,4.944730183641646,7.53569957858633,7.679228606535286,6.830960688720657,3.974247664475521,0.2339947427612754,0.847784883404783,4.23743383817555,0,train
6.714130596568029,6.825425785478045,2.1758055778800207,0.25513757588930375,5.537426732492573,4.264510252587124,0.3009121600544551,4.761838952196225,9.982776262780025,4.824442877483882,4.776703900265291,5.625001224336094,0.3793253812891251,6.6861746063248715,7.6727513248080434,0.8531577607466212,2.542725500839287,6.533110926968221,1,train
1.3119645256878738,9.755948989224612,9.500412557205012,5.441981504505388,0.9917550530087405,8.818283743362983,4.192477874234239,3.1086583420623493,2.6718103432907716,4.496196093408996,6.788176092014226,0.11331074519990936,2.2417568033654756,7.780168605447954,9.198629811235856,3.2533087523544637,7.8769099501700595,7.992097510614206,0,train
3.1991169670938193,3.2570236671401207,5.600852411644411,4.557899339838615,1.9298497091960753,7.759882757849637,6.32903972830942,4.735382874234841,3.4798790030625435,5.315141850786441,6.203695358297447,8.776890563283455,6.1311820900765035,1.0141829459094132,1.6918969110125326,3.32223731686402,8.6868295751848,5.11915806429211,0,train
9.421591408774816,4.533399938179855,4.957668270885742,4.8745781751918225,2.987951943538886,0.006694135898330789,4.3437219569938925,5.8767184717765435,4.095268918362756,2.440862208515191,8.727155769251228,4.029880904335975,5.113237463931481,1.4372449195617276,9.832214783809395,3.089977747065349,4.587080046539555,0.9822282206704014,1,train
6.893119763402354,9.902299884830848,2.5228676906401533,5.897276924308575,6.0275561727811775,8.363414985322187,9.71541462729675,6.191504625980924,5.373877739861639,0.20821310285293215,9.012742359446124,7.946329611328094,4.700211314692896,3.1302101263030457,6.966336080788926,9.479652838038922,8.991223687840703,3.262513165745644,1,train
3.4661706882610663,8.283024958698055,5.363739034943407,7.993853240851424,9.058315537910634,3.0208754204212154,9.498876639498937,7.593905618175642,9.996726226365407,4.88707455675311,5.237155813288457,9.830635961994126,0.7976814875024962,9.730982135416046,4.425458732291108,7.481385486378292,3.6807739697737185,7.5204367151079685,1,train
1.4115938425974357,2.709044427329629,1.332437266265628,3.070387363271778,4.215566218541138,7.002075056991463,7.301253868852853,1.9491562826150133,2.7212068196833403,9.058363643258879,2.6183812325067057,2.2268192911358318,9.787517923377887,4.397590852897841,4.962018245807922,4.1195090392901355,2.321697426383882,5.755704031512453,0,train
6.690175987973003,3.3423872287281786,5.170060239586247,1.4161506312915295,2.7086571108723447,2.269713044920384,7.047456774811351,8.51089870099266,8.915080246486921,2.1907373995488544,7.576842866128773,7.518150285243306,5.5575143091843495,6.672641041126164,9.804561578443034,0.15364359472999412,0.8580475445771729,3.989439799422371,0,train
4.739990934431853,6.050708680234736,9.89792998629364,5.89242620178922,7.008095278571956,4.4941724041807944,0.030660692400571454,4.939918766324229,8.254694165731951,7.2052142643393315,1.9122592444915287,8.944807219442497,2.417251577879652,9.429637082319518,8.01994880570789,0.9912915790836907,8.546326858104479,9.949870873765754,1,train
4.808520494903915,4.758865284548169,3.754504878977362,1.06111127956788,1.172145801879575,3.4544735104649305,7.415033680204951,3.4559207285369595,2.248307834757246,6.2242070713517545,4.890518920358266,4.898803248966466,0.3961595517415839,3.7407124897836375,9.132646958404953,1.0978971947944305,0.12758063605532777,4.571761292099237,0,train
4.700902361199907,2.146157086733222,1.6046646633700603,1.8224999558828159,7.324118665521767,4.559988371853626,7.940886936828727,4.9049850283891505,2.854157521443126,9.641336053741263,2.269271293132622,7.892741892867889,9.261864522017687,8.80655883558628,4.83818778800388,5.892535986956816,7.4474817012009,9.920502266721106,0,train
6.697631350905964,7.910549292620821,4.192360850433358,3.4547678914464655,8.019123646149565,3.820102488379893,0.9053129391977843,1.6773177379140825,4.679412043810938,4.327992560308499,5.831346836749455,6.458740142104088,7.492482871645593,9.301454538743318,6.800199779124284,1.8148540192349483,5.938717276136385,7.351479900067329,1,train
5.722219224264123,4.243975305217842,5.937493652080102,2.803336892932178,0.02823207318993881,5.275769761192441,3.763489132629566,2.0553830517048244,2.416490789513319,0.9304527296574072,0.29767014072212605,2.652195677348411,7.700668862728767,2.6204682860896944,9.680437693278845,3.694781752535692,8.7421819195315,7.767243848194928,0,train
8.783289836500792,8.659950091862218,5.604743721212164,2.5613978224123723,3.1231054025118263,2.053021301634738,4.732936994234963,3.0971977925948844,0.0632830472794832,5.3319591760216,5.356654634038868,9.83111816198196,1.352408046866802,7.202911268283126,0.74551840597745,0.8670925952620279,8.240244577867259,8.583595983471076,1,train
8.237919758142718,2.902184653892643,2.485951156145606,0.6996388486218441,5.670967063249066,0.5280998404789139,6.306259883035414,4.105134552030318,1.3294999856738998,1.5972655704422867,0.6045604591103804,2.7255373954754116,5.794334501919788,7.862882056426583,4.375074967851862,6.30631337342477,7.3270220597459605,1.9864223511508305,0,train
3.11944668512194,7.343854818372828,1.4685206675802769,8.677640864756599,0.9636599602234652,0.44215462750663237,3.78370587550335,1.529633037856356,7.040077640311844,2.0577155404464795,5.752569942263403,0.3097275102616803,7.24478389143848,6.494112226162483,4.377977849994348,4.263908911891072,1.2100177166248094,5.147680208310032,0,train
4.045659075282036,1.892766521326747,9.187371070555342,7.7937976777007965,4.9941999673549144,5.222073652970028,6.508406840670142,0.18116663207255135,0.4657519867162585,5.053942940640348,8.477786417698663,7.377984512110932,0.38422643687405666,2.9800103175253367,2.9282170417745492,4.474576239017708,8.735161724345717,8.354802774118843,0,train
5.156810044560078,3.876430763088935,7.38791929050861,8.752203618992416,0.6287900521803214,8.063282949604258,6.7817575491118385,2.2817704974318764,6.4556386858336605,9.849169056673336,0.41984661158300907,4.590906376710768,1.017513938163186,8.03532641896529,6.481592448172594,4.156087274453611,4.389093828323032,1.1706478483467986,0,train
9.31656929944698,1.6580728918735983,2.6930691827581015,2.0835103347178885,3.194462374559869,6.099607571264562,6.5285697247761485,9.994580130467034,8.738333668711121,1.257821403348538,9.707542293671791,0.6353506524013763,7.956424016237954,9.439959974053009,6.657776131003812,3.2127420234009865,0.33775781989649256,7.811766961872786,0,train
3.5527980602088705,1.596917410422763,1.2549579961861608,3.123244879397281,4.066735541114318,9.817205859110173,1.3694636712584574,3.736975411775425,9.807083848829304,9.647542051585852,8.09849825273954,8.595104832220075,8.229353987463599,5.030117049484405,5.277528116437278,0.3925385094406353,5.9105894868999656,1.166245457883911,0,train
9.42337126648273,2.376651583865202,4.5162324698200145,6.203506346355115,2.5609684918420816,1.5745726736402577,0.9617335076061073,4.082704639864785,3.579356204063715,3.601918895587132,5.298190266723408,7.123398808048773,8.531407684832896,6.685443275498035,3.6076147297146113,4.706500952116409,7.750744144417888,6.070005283505933,0,train
9.398906241710842,8.444865113405884,4.026505812540713,5.533802130208784,0.83636682004397,1.443412405230965,9.86282670983692,6.8099813454846085,4.158746238667799,4.590788597855307,4.158166251702777,9.075514392451225,9.807583194703984,8.302032051526535,9.156297153284623,0.20883846346720358,3.027229411622525,9.867177369015543,1,train
9.542457930124392,6.729897082028606,1.843733640542974,3.7547777170702714,1.4242881262170182,7.013928571996452,4.667790321032457,5.62151445561523,1.5730310032957118,2.361649926642303,0.7368038339048766,0.7416728624989377,6.994827894202129,5.050729306595229,5.17435602649261,6.9395438109999485,9.435087304742005,7.027184913382632,1,train
3.5602116990802553,7.664566771811677,9.947830249439964,3.009064103716308,5.317399053330243,3.216659676215321,7.69174640256251,7.355402200148561,0.8130978241712961,5.52135331628249,8.11468579298804,7.883436730344849,7.713068876493754,5.808224772054539,6.608622524776382,8.376080195798647,8.297248451889228,4.364595669005203,1,train
4.07129448319538,9.287662314289376,5.4552654680733195,8.6102078120965,0.927939101408003,3.730664301360318,3.959844667996335,7.96786756396364,1.2837026941236962,4.757887326144447,8.8553822556349,9.219692894733049,0.19153069953128488,0.28908094484099034,3.2870769899255894,8.363307023760887,4.6285019891737855,9.971881270836537,1,train
2.83680944409002,8.058676280815552,1.7697597143129409,3.602278213221457,9.382942595339724,0.492093157489929,8.098809867352083,6.489371184387535,7.204199983663534,3.399038421419358,9.24308540463317,9.687190531157416,3.58890105341078,0.5135974322686321,4.30995840904459,6.53574257168763,5.51829941081956,9.73664477568643,0,train
9.12215333336131,7.985552543730016,9.978031847568444,5.022695249737076,2.9773950513072323,7.594985966314582,7.058484777070379,1.9909026121344031,0.7377450498847504,2.716201445624412,8.11251687423615,4.048672073205766,1.105617595803976,9.721735546333619,0.6973999520668173,8.284888441273647,4.911081298862526,5.789094227546737,1,train
1.523349498259792,7.89827689228428,5.178299002956772,3.4836575871770217,0.8700729980764421,7.125829695143411,0.3895992143133886,7.865530693174301,1.95472838500946,9.106686684800062,9.886370826551307,7.650381719639478,9.171474069980729,8.756080177807608,2.469385639591415,6.764811096454081,1.0750914986455307,4.20604568122052,0,train
9.337004812027564,5.400311875278963,3.8259559485916146,9.326724006628533,5.644498993587558,1.615847991708227,7.537078362017176,6.532563473665473,0.7425754983448007,8.914537126792789,8.529758752469423,3.5460504111644244,4.854820264276184,0.8065336785913624,7.319110056639325,9.346023151653425,7.79811532956037,2.004660253520486,1,train
6.859226018735115,2.32408665608582,3.520136887191779,8.076263168722612,8.617735315263888,0.2802919268946158,4.743212418830442,5.099698843273926,5.1525699141566585,0.6651954350014477,3.015882890019488,8.873098608565483,9.41930401352328,1.9994887334655054,7.192082539257672,6.861737374349055,7.971091661595072,6.050101372527265,0,train
8.027032257362064,6.371649602629983,1.2999373998525852,2.9763760833825414,8.30911287156625,5.341816574435201,5.556415445399604,8.801963636963213,1.8639776854931256,8.362243991962416,9.675289795020127,6.249341562308174,4.188022763429665,4.755091674031489,8.356086730720738,0.9778610850818192,6.4940762852894,7.16541600990145,1,train
4.852105616149642,4.396295600027198,2.5677609146485207,5.564582572574458,3.769351385352012,7.718794866512516,2.382392271043984,3.9280654580800767,1.20385369039252,1.590848419242633,2.8596447055257324,1.96236837642619,0.357352550596044,6.571567660747423,6.2836246823234525,5.932851341989453,6.24336910675032,0.9712122272775814,0,train
9.415341348123231,3.3831953551194003,7.849266870956817,6.457177176850356,9.60391035093448,4.303616005076191,5.3682383911276075,7.594216984835329,0.43213936084238846,7.839193080416175,5.8752836023621215,8.939872388390551,7.64578387822298,2.470611056583667,5.225270194522683,4.492295710851028,8.210815214192262,5.447288769994402,1,train
8.12381265697945,9.31329313326026,7.25994352839948,8.743186783753984,8.440062320969432,1.7516395718304922,5.877412141775652,3.3327628343285367,6.21221986592146,6.474104926660981,0.26431616981999695,4.177585482130885,5.998460537297396,5.617776383169742,0.9014683923278166,1.8372141872514403,3.625460412300836,5.087865677478622,1,train
5.0236889912552085,1.1643721088822006,4.286028584959004,9.19378115159204,0.8911366981604196,1.9395714521152252,8.01895874730182,5.545534712551267,3.3067885894854845,7.052664525990453,7.280325063545851,3.362285434147525,1.2223762733716859,1.0370105032013277,0.6921713047187716,7.9137677227658365,6.486879534104251,8.899055125461807,0,train
9.443206174570705,4.5812254318516965,5.558517912816971,6.21615323402059,5.791152599774002,5.677214069748273,1.194519253527675,8.687198345956938,3.834730198514933,7.376666203348055,1.3983585354126538,8.417011139911487,9.932262324568617,9.655349229874389,5.417050617199339,0.7597840448440318,9.98062439568953,3.990970643266787,1,train
8.839705938160677,7.745041617131978,2.07498692286923,2.6749010521280003,5.610933466983846,6.394407367471916,6.141285228908896,6.574540867428595,0.32715300049178775,6.721870094199929,7.713396704793385,6.299108183371509,8.347622762441727,3.998818738268397,4.084664108687848,0.7390185403516469,6.129312645977097,5.78345552599478,1,train
5.7122010615972,9.288070856130693,3.1418792546974905,5.169773296016237,1.3557993780104338,4.10795245986321,0.3027158414119213,2.2219733851356005,7.13932291210665,3.087230990301437,1.78975678860666,5.026340472785442,0.3306436507900956,9.407151693685739,0.11437223231490323,9.145440937145429,6.278566597311804,2.7876697851918086,1,train
5.601301529681647,8.075030072251744,2.315202594881297,1.3242962224559929,2.7783747488941613,9.799478805557348,1.7699413793225771,9.885300556075713,3.270034654402836,3.2092624708764648,5.074761616094995,7.1944667401802995,6.869534401183771,7.056134581034495,1.4308198083993284,1.6454352412049211,6.076072212123066,3.8294368972812576,1,train
3.664290969300588,8.803525982359782,1.794572323377532,8.710616185135532,0.35870408806811915,8.044171528476301,8.793695753758456,1.1247387647930662,3.534593979191821,7.900864603613156,4.897203395226804,3.5025074333354955,7.277044668083166,0.7769672870936317,4.771589792275829,6.90950270996415,7.851544339827794,7.978108876316127,1,train
4.034573090838644,5.532174075483636,3.33065500562784,9.338789520967996,6.162984821062948,0.6636465344199105,9.608300103055686,7.983073114556913,1.770010630235821,4.232936198844257,4.972397085492506,0.47677100961475705,9.104586721724052,3.398306547137271,2.4158983667249556,3.2458439769174117,8.550090196897685,8.566368211510136,0,train
7.695521552190355,2.526229034648506,6.408699507054086,4.664832081832044,7.4467592357561605,0.6009945135896311,2.488722524183824,1.0810828981753051,7.585572897794512,3.0763120605539895,3.6735654409379315,0.5904386721720434,4.106317765044441,3.913186717625756,6.024945668418527,4.452761368911919,8.357498235610352,4.341450759827032,0,train
2.461650762752717,2.274163192716637,9.141045954231927,0.3249894239228013,0.454861123938064,4.344755033453863,7.481915507151102,2.7933349158948664,2.9667230367280615,8.742213770809188,3.9950690469055017,1.78828074530474,1.440677729188119,6.443179798179313,6.086511334526801,5.46274377366754,9.171286517473968,7.526176491034424,0,train
1.705743480883693,6.272037529936978,5.0742886516847,9.17366060510733,5.071873561007872,4.535603049050828,2.261207145818286,0.15134029385738157,5.588586593795146,2.633026429609039,9.28905108290849,7.45775217684717,2.332908210381879,0.26489990315292755,9.640143326809437,1.742949192467792,6.251367175073609,2.6849250704298644,0,train
6.626376051378616,3.4973053108593968,7.815186153183522,8.0142644139088,2.801008382961162,8.92311068407182,3.8929995613563206,2.4339881188065036,3.780249457605821,0.8652302072123963,0.6461022894494695,3.790713486854229,4.980937009592666,6.392880492476943,0.12456041195590628,5.599522738072345,9.0604572622161,2.401542406957379,1,train
2.10674522448624,8.055321171380383,5.7786321869824295,9.765365339973705,5.883768991458909,4.380135699736989,0.7490902002782474,4.958052334612109,5.8924072122794255,2.4928351039700516,3.716331522225673,3.5600228706327752,4.4220982057644616,4.192693306426609,3.5815315130755607,6.803483370725828,3.8107918350880854,2.0340911138495477,0,train
7.524883371645196,2.769291604217549,7.547776350010908,1.8345890459522218,7.396430460979195,8.6729383959743,9.718195032061177,3.1778960358648387,0.9271312466155945,5.192028623784236,5.3025655099967315,0.3913467498777534,3.8557890263797114,8.690320725043854,0.8052382425122673,2.855184579072408,1.1012282421980557,8.790419884065031,0,train
6.999669421836944,4.822057494304382,9.411174191653954,2.84753081115813,2.4285144037674797,4.583335680359481,7.370806071827513,6.826893956890389,1.0290303175668947,7.638975693020344,7.420427722185254,4.071603768611315,4.475453108764327,3.4460554693674217,2.0069729443713333,7.489858304511178,4.777805156343572,0.7735166988532061,1,train
1.2240813578224845,1.5194256126468908,2.185346747390405,6.931621264397872,2.2835150582561994,9.629202215730547,1.9957711082154994,9.175032585642825,2.837187233401486,3.55211121654758,9.026697219778422,4.964683345749021,4.038756119810606,8.305770235582406,4.580378853709334,2.820583728393704,4.178324112942712,2.974929194420154,0,train
7.37422170408828,5.844892821068157,5.729176161627477,4.123141442445981,1.1800795869757863,9.788580242806711,8.009853926703974,7.514399513998903,7.7959186640523646,9.937500318187922,0.06337513470222711,3.5974999853082847,3.6628991960328037,9.22142428377361,0.3350477021992848,4.832635979203545,1.362591182092232,7.334728179238458,1,train
8.76497602298411,8.981417417478427,2.4783509893572457,0.19004969506490776,2.7703481342647795,6.158476534159848,6.319588359532304,9.954851333037874,2.6766539533850944,7.352161812883131,2.668309840795068,3.756935253773258,1.9993461048813732,3.25195649803361,6.741350122625437,1.3851158135787978,4.195375301514442,8.017736635891175,1,train
5.681689815953052,1.8280912237366584,1.7163412475721105,9.4942737920677,7.331525020483079,3.9861813186371062,1.8785706134294722,1.9289767590242646,8.504522874871265,8.492002480123848,5.587349655200088,3.448990219474277,6.259900040672976,1.5407505085656903,0.9852567388254918,8.863700268595064,7.334238231291868,2.870350764909296,0,train
1.8238734771939165,9.017890329399464,1.4369936970972417,7.551966093864973,1.6044041966871891,8.59413810422869,7.660902602215515,3.5334134450678834,0.3218299271340186,8.544817554600723,9.366537710671883,0.0716784117030489,1.6142719450368237,9.093328428916072,4.661113009871265,7.749953574621099,0.218171956995048,0.8466431512773442,0,train
7.677138588237402,4.592217722890358,3.281508039246745,0.8997904099047027,0.46273684153705585,8.222243983301745,1.835849034517365,5.8086595583131375,2.6734777031747567,4.274076001029959,8.946753716260623,3.782528346713171,0.16314680874961796,0.11618626214340178,7.8331090494427436,1.2644124596286976,7.6171533897515,6.3012235434760955,1,train
3.261474291775184,1.3751698766694211,4.187486067902817,9.229497171318716,4.641698660952185,7.097933041730319,1.7823902145621107,5.186473431660957,9.926066686381551,9.761515122416945,5.649634651492455,2.9478482925302507,5.285905887177678,1.915731398800683,9.04213502131443,4.268535734276336,9.437512803415713,2.9387533042414358,0,train
4.413105301785192,6.539083863608017,4.385745429401554,0.1800560261611761,6.7364350319144535,2.4787006318234805,6.332550094627829,6.587005409868617,3.4946611355777057,5.780878890307997,6.107762472668461,2.328859109507977,2.2181409633980853,1.079464150487417,5.643011413115988,5.084735364147853,5.3581216202004756,2.597074542423079,1,train
2.926630375404911,4.362430426059998,1.8280896495277,1.8306840245302447,9.664558771879108,3.9909989520442677,2.8373509334900406,7.993253765906908,3.885523818059692,2.7202325602901603,3.3552231549820934,0.9716408972980972,2.883873384328793,7.625067966210485,7.483497305259185,8.409993767705235,8.342389733859397,6.368167323608102,0,train
5.409536276177847,5.57079477829239,4.174492296714888,1.8544962517023444,2.259144732429481,3.600141669605618,4.5720256325738005,7.9730668916616985,4.912242331582616,5.91955770279026,6.179904757197115,5.143306563577001,4.995834121037338,7.8542792749471655,2.9654153134477257,1.7127670467162082,2.6929349018957716,0.8472007390491276,1,train
3.366420251677426,7.994158434172352,7.415472103826437,3.525971611316625,9.69416938955719,5.595663220902448,5.0789751988820875,9.833464976418332,9.827048227956608,0.05751362831342255,8.857253667093275,5.358602422430728,4.420694623106776,5.154660896892834,8.283105456426172,9.592838032522078,0.7956027395163334,5.796992270597631,1,train
1.2706067043013114,7.239843315343332,7.244789149809093,1.916080590309287,0.14159207438136034,3.8754131133250946,7.374075583990743,2.9243260557522897,1.9378089571553492,5.880690087450286,8.732371639711138,1.0748448554396606,5.820511653970662,1.0318681182170841,8.108954415779571,8.624742165895876,2.228298008382307,9.168024024696763,0,train
8.637432418311434,8.640690265016227,8.47121380997652,8.992976647881056,9.608456081291454,0.04198167058481528,0.6821838575147643,4.507758167480472,5.099005228394095,4.030956402153772,9.252554300724212,5.804124944438054,9.23568609704751,4.382727116751328,4.350713834011416,6.0460035044535685,7.563148561810089,1.3231326073389216,1,train
3.7837437140858894,5.214136502082588,6.974501046821553,5.203353217965328,5.711916196670106,1.9567324481620985,7.361520044275793,3.4171200981953973,4.115424121964405,9.086890836210785,4.717121770865184,0.2796489897721488,8.278233009019596,8.791901698127777,8.933793027058844,5.077356709114719,8.272170426011348,4.139391058505613,0,train
2.0981801686256984,5.466920776878287,2.217652364573147,2.5508803810807725,5.993821683564353,8.435869379865915,4.667802815646108,3.2918014101604576,1.6844470090333907,2.138011119248956,3.0850356043681373,9.477616599735113,7.277577122563057,5.457933084384019,2.9590678620906052,6.521495248510568,6.619740173165106,4.278324543016039,0,train
2.976761408601482,8.6929633871262,5.136155671206034,3.0929617172838753,8.211105389539478,7.8621207787900085,2.886256699863221,4.3098606698161745,3.2544303352854334,8.506741295035038,7.418471066678003,8.080987203803193,6.467380779116229,7.556830898479793,4.532514858892008,5.083143176277927,0.12665207310713855,6.75152057728413,1,train
5.818048397635245,2.348806443134519,9.149961953516318,1.4211799557972193,9.489594321653982,0.5834712440503931,2.53406185637418,3.081298039355026,3.156201612229589,7.134027438130789,8.439743064327816,4.933055424735628,4.052290461712499,3.6824888107900855,0.4566017811797485,6.901264098513887,4.957516566800868,2.333726272618286,0,train
2.3717366343458153,2.965032756264399,7.98972487124666,8.751125335699758,7.6566799345282375,2.8891118179949604,3.187731973905601,3.7145791220500834,1.5703613023331242,9.41341382018274,8.22687419943724,0.3090876906618112,7.614637264887141,2.7526827526743847,0.6477381778679203,3.8491201186481163,6.465365346800573,3.622238274428222,0,train
7.309643970754699,9.987907246161102,8.539798435724734,1.741255004470168,8.499075385334242,4.1061496471158865,3.6353696181975357,1.5965305287257536,0.29689246495495647,5.096687333736218,1.3039005182387953,1.7150547990036713,2.5184348210180616,3.959828264988674,6.580052087963361,5.525126593721277,5.002742271912228,8.315066173303432,1,train
2.907975540761356,5.587819445417673,5.851389476461966,0.5881006493688457,6.337674802374269,7.486200280239857,7.0161571635410604,8.141266182105223,6.407726028623994,9.528856753637516,6.010621045799299,4.254672224525463,3.0185301310296353,5.526822641584883,0.08248931522722769,7.999213201825654,7.292397871482387,3.5848998843949897,0,train
9.248639621615022,1.3731117408253362,7.844672185963043,3.1664422728395225,2.57915911912174,7.888745959767185,5.568437803529113,1.4013247410198348,1.7934262222405561,1.5415944227206368,7.631938123872059,2.759464930969785,8.489350975071924,0.9489469994191113,8.804374776036815,1.471908959854722,3.8671819469714475,2.595171886685522,0,train
2.114444520462766,4.773083219096103,7.146167349273399,3.799340393717726,9.849681289495766,8.292059911502855,6.530283924845291,2.0407667172640154,9.92755488164902,9.070696721760227,0.8949647076785905,3.540930407804094,2.5560872900993967,1.076555156313549,1.539544580722274,8.688659527734483,7.097790241268579,2.192676580563452,0,train
7.004900469692461,7.256604325741168,1.2912873673034762,1.7286057749586248,3.4860999140473847,5.392705017921936,5.33113026966595,6.101842224112831,7.864195155128703,9.69141859970938,9.004649679765954,3.600530470501464,3.253983231741888,4.315250406876027,2.3764114697966896,5.295386731905616,9.931561365251989,1.4634215131508077,1,train
5.752692210730946,6.586027755748657,8.421126928042032,2.290680592433325,9.436706263690322,5.536354387028934,4.400431715926234,7.146112218525834,3.394534183285672,4.018536944471971,1.2402558204208691,3.847792625227279,3.1334731354348824,9.05801287019941,6.480319425067469,8.535766874809413,5.067579007016861,2.7480620170253856,1,train
7.309903399590565,1.4183235438212292,4.947539689194402,3.9424591860116354,4.322084095415882,5.23748126457261,1.9267733170819268,0.45649883806067826,5.867786930875679,5.49509421865161,1.9026064480369975,8.218862720276203,7.978892421071981,5.341704557007284,8.144663045530656,2.2694821645997996,1.4723757870587517,5.565208802099465,0,train
8.737326156948685,5.901703401251005,7.166489358010097,3.228105606881926,4.9923890453058695,4.628529174455998,6.787214460424246,0.3650964507411325,5.742816495555872,0.16777818390690147,6.03106199783017,7.731892736474193,2.528471955962639,2.952451290351651,4.260300725803377,2.1612367650672537,3.5057714449679134,9.659622866174512,1,train
4.988524528584042,2.354453994203848,8.959920715240907,6.886823234256406,7.388319037149728,7.718051564115704,5.9222716997648295,7.388536856875033,1.4521739189671856,7.314661229308886,4.872963504499835,0.09273937833959245,5.726422963398614,6.940699500213196,5.4068702984214445,6.908061470886571,9.176732555687002,8.65809701119608,0,train
5.909183874859164,1.728520744328869,1.818497802873086,8.951857200307046,6.723247369024671,4.0296820088300676,1.387976031813981,9.746022337801527,3.637765631990999,8.953287970019854,9.969145113960622,7.7568636303310425,7.872861827635274,2.7156563220334204,0.7295228091625261,9.78221514712299,3.4711193883566747,3.341701221519753,0,train
6.238701752656369,6.524806364572278,4.540255850901696,9.234308916074777,4.648311481321947,4.991370428075522,5.21089481633985,0.9717848460610523,5.161165971305191,0.9116902447741815,4.554405928898026,6.001461030185662,7.294090941236435,9.487247539676444,4.7289370749220305,1.8492618878478029,4.472293778574198,7.492228864305346,1,train
2.697522969434109,9.66319118877897,2.8681918726550135,9.459299394808076,1.0307838261281055,4.968153866256316,1.9348197139286505,2.9107122830332424,9.811643125091164,4.21896801786472,3.531328727808062,9.234968828554477,5.34572739831379,6.031003279725055,2.295346086692769,1.3898292487963637,0.11469447012370293,4.980490391509037,0,train
4.601326803849006,2.4141654679624507,7.100042847411252,4.805356591254041,6.598286731611412,7.100216107079475,9.677182509694909,9.095617180179376,3.1809593790187485,0.5033025123547608,6.046608153804179,7.415272308936843,7.985926826103729,6.208175765800296,2.3020734734317374,4.900177132029543,4.8764991484570475,9.727156841567364,0,train
4.468853398083809,7.527866370702843,2.5981641178810473,4.694591106944028,5.214112527645668,9.821130421419978,1.4749491112587665,0.35814217314047325,0.2733700473430456,7.573208147880543,5.590365190560675,7.675791346402861,5.972064449880975,1.476006694913371,4.505882349663848,0.8980408844096355,7.164726840501965,5.584997243559026,1,train
2.2130632585634595,7.371462686690924,9.210350555182378,5.560124524165796,7.91673922595133,3.9286431002115316,1.4807297206097825,0.9971831292773581,3.1381041196977333,4.728255448044518,5.676709543100445,6.866916766356821,9.770619954348728,9.736944035892478,3.2690796359621,8.352298693491887,3.814123216846683,3.807401767404406,0,train
9.726784177183152,6.8217638895435835,3.913859425342883,2.546945455729955,9.966930889782923,1.7203973629830738,2.2923629467702975,8.843733612679257,3.99463919819687,8.4093007784132,8.033350107032481,3.2597493276798604,9.681769206424018,1.0058029422996873,4.142216025441298,2.3604193895174177,5.322631129610375,2.3933259896317924,1,train
1.7897834145013718,3.732346721353657,3.1797146754811183,6.801182078204259,7.370333455966431,9.709423237182852,8.052400704203533,5.45173469217901,5.386564800122664,3.9645735714868136,5.524429800180339,2.8766447076808555,1.535728894676467,3.6702510651871734,9.127443608256463,0.05552154063298009,4.358053514895573,7.054046001707814,0,train
2.9301331388338596,6.514809201087191,5.979546008501952,4.2700115039642235,7.705883107153085,4.685648274604515,2.950713638441985,2.1313710034144173,4.018865817954074,2.701431366575653,9.32985196518962,5.2406480837931255,7.446234149055954,1.1024266024767315,8.343061387436382,2.579574942455818,9.951361690856862,6.453388524308744,0,train
1.8277707197601627,4.805899367814788,9.677520765693112,1.2348830115093667,0.5236348866180429,9.321586191093292,6.956024539972648,2.0899190891270503,8.321447069029912,5.61294513774657,4.807908369387875,9.08360299575857,8.847832153625571,2.4916053751404643,5.723176757597955,7.275242280163506,2.450905190593633,6.350567628184254,0,train
6.2157714931213555,7.64754143051546,7.608687877239942,5.329531651241721,7.479977508662261,9.683254218976291,2.486230361162395,6.56282347110496,7.40356283473543,5.129355198592434,3.864907450934693,5.85678139342564,9.935836716434812,9.073288647225368,3.672208946035921,6.047963935305972,4.3769695064992495,9.27540139028507,1,train
5.7433281867270045,3.458141550209687,5.28013473855142,1.2131979375854451,4.528912016803755,8.66940710429133,2.2099689428247036,1.8143177086814521,2.633532687929762,0.551315724088921,3.181851283393379,0.5684556196488377,6.712297084691383,2.9303363858800746,4.2185393354933,5.272019084931324,4.904351943137762,6.740904952741504,0,train
9.322331123382112,1.0328617505585656,8.249633385702069,5.684621514356757,4.3391174689469425,5.309662211794932,3.7296560542596193,4.275783135517632,9.946764370968527,0.9673677123683866,6.081823030497974,8.472315654969764,2.8769428111317366,1.0077633012066167,6.683650632368462,6.624169769895994,0.43862303814554915,3.24594697319621,0,train
8.298378335968005,1.1431418412112,9.998035187649847,0.2854168574990512,3.0273377347368466,1.0934065646130253,6.537259574204873,3.394619540626805,4.342091580653965,2.28405616973265,2.7110386482723325,3.8634569587502057,8.853950346970839,5.370934743079459,4.514577911650525,4.117918775995556,9.463893981940819,1.0971439719895126,0,train
7.328718757667535,2.383897592102828,4.387393084091962,1.7402804567925,5.017705206267376,7.374398079129839,9.653888191973708,6.024408178066418,9.495868777919597,8.376203856220673,3.4964792094488217,7.974971258487659,2.0898896329314076,0.7254916242413822,1.654116765569138,0.8566364143272109,6.714810538951887,8.195471782463656,0,train
6.430438782871857,6.243379034101906,7.241262979564516,6.370765202390771,1.003273166799158,1.1882065346611592,0.1525651716578713,3.075971819612465,3.7215974922596473,3.1181053089792243,5.428487280870243,8.767527754313178,7.060533581600311,7.583977926120594,2.4725772433548086,4.897142936277897,5.223477511102148,1.150624814327048,1,train
5.23691507195867,9.951622640605208,9.427380524047498,9.201240533294234,9.19605763740231,0.5937208302314745,4.088904352465076,9.108966592501472,1.5012708606050051,8.910422231379737,4.926502466042764,6.947682350982376,5.1484582366221385,1.8453564923692611,0.4489369540689181,6.9391578015854085,6.84958410078551,7.975604613587564,1,train
5.434401965857517,3.2670899497902015,7.3476035815224545,4.5694605943712885,8.085015301017094,1.373615862419253,2.6465576933958737,5.213685066091932,3.284854569017547,6.5587206634919015,5.732186732102857,5.791174166652691,4.150582082656824,9.42833200325285,4.716863098081319,9.868832550241805,8.15353729283508,5.44133310221615,0,train
2.2554946759389978,2.2323502842672727,1.5023415744556723,0.67877422267555,1.2932325776700515,7.602234140603872,7.542239121417995,3.5214840727476027,9.350580492138324,4.390649225859385,6.247793316351836,3.761686721014321,2.2404583348429794,2.565640656043696,3.098102685545392,7.523537364177128,9.16608476714564,8.356696617341834,0,train
8.64430773546638,2.3652561502395337,7.377812019738308,6.427374506294602,0.32134839193658116,9.291811507371063,0.6325083261829678,9.410858159532157,4.183497996899939,9.29101969321684,8.59444692645131,1.808767455062914,4.602164117501376,2.9879343498849966,0.28015898997493127,8.636796720168089,9.246660104819043,0.6257961569800707,0,train
4.410181943738971,5.01481820554888,6.356992901588338,9.046415195654182,5.437179665833245,7.900612463690553,6.359193207527616,9.406647534971242,7.294930379830941,0.7859151272213816,3.0153131411662217,4.039808014514561,8.748424823648627,5.603607790194614,3.832851346638395,5.090521757741512,2.4331959558196603,5.817444800425061,0,train
8.2233047431954,3.1989877857271813,7.848571523613268,9.829113975714655,0.38846433319118856,5.901695329677081,9.435361601872517,2.760216772676717,5.502262762307597,8.629602101857172,0.2068745091253532,8.163810245664656,7.673562034756753,0.9114383263126591,1.527290695573491,0.6199887148116023,8.189690707204305,2.879660884511522,1,train
2.6134892588186696,1.4229960827778858,2.245402229214842,5.451456000553616,8.057370664614922,1.3447590784118846,6.6922096028569955,3.756706201794965,6.88249679217383,9.971303969696976,9.752021436628986,3.181247422793331,9.13772773633384,0.9248930595590266,9.079384063152132,6.544741613633169,1.9496603327593542,6.877415289644175,0,train
5.823770552963073,6.884239511709102,4.2053444712286225,7.054079861318642,2.4922168696853317,7.115995638280138,0.55079192729379,0.6160124882497076,6.539865549971439,1.312105369109764,4.1361502595367945,1.7394627754467373,7.914514605702848,6.664395021381138,0.563334995269682,8.019688557598869,7.077014798088833,3.4964634474325598,1,train
1.3745166441373828,2.9613318643436997,2.0852664062430044,8.121522704708504,2.100966325912599,7.54730365663304,1.194727753236533,4.171060239093802,4.07318093783887,6.048582427988142,4.138818398859757,7.772359103473917,8.169484917449461,3.075393732538868,2.557517546974204,5.732226460033938,1.2420950626032945,6.283415949536851,0,train
9.647579054806211,8.624321030552146,6.505184092638824,2.9763414240294828,1.695958791938904,7.504643311315807,5.138053479760031,4.231289433526875,7.26819209856076,3.905270899018217,3.3490975765984823,9.613885948239428,4.598073902612343,9.804095822864758,1.934092696671783,4.072725147620771,7.309791188450326,6.322342158756083,1,train
8.45364535161712,2.5261543856774993,1.0291149907322084,4.826510650392328,6.728691490361081,0.679390943506154,9.144350532617985,5.758701263400705,9.442015836656507,8.646114904605245,2.179219623354439,2.770882266853376,0.08529352176769534,8.445026122079383,7.8193565943419605,1.0320009974814437,4.771106138244992,9.651667993550605,0,train
5.616522053046687,1.7072088160138748,1.313933798562383,7.063351570034877,5.087090582757515,0.1405196164830358,8.838261107528119,5.233150461614798,9.473499209481304,4.493701236515582,5.1318720645245826,7.830016862495208,7.850064640724417,9.39652880452169,5.349995142284215,6.466016441650821,6.051103618226616,4.460045319097304,0,train
6.867164094818085,6.084715189968454,2.1501886751137245,8.864065018125265,4.409241786325007,7.326298465516795,1.0718783620488948,3.2693093370984916,3.6391505456581474,7.7055222013498925,9.01691800189767,6.165840909861603,9.30816378363581,9.45002324911988,9.823506839668399,6.322636360781254,3.2721649740626226,1.277549784743024,1,train
5.3111532371115056,7.999376406701963,5.657684146961728,6.633408218479201,8.119496844595522,0.5687581650215445,6.530723490288132,3.889893338291092,9.911290884975624,9.180120686589703,1.3191138830478022,1.3427591291872132,7.978839193715308,0.9547123070079166,5.408808842530415,2.0109815956442976,7.1761030214444546,5.3556877223408605,1,train
3.105041197362553,5.999882419671501,5.734508585631908,0.7540762731390771,0.18629255330214534,2.314065634485191,3.4489273562736225,7.238597054869817,6.245949359401148,6.145423077166091,4.2276435224080355,5.220559293867448,4.827171187665139,0.2682349112311355,9.197606128904921,7.424508802249322,3.2502442447635005,3.6144294347314974,0,train
2.7832635114951105,5.365231926376312,2.4899822749474394,9.880568767538708,1.2906419329931385,2.6403492378218427,4.247436812126538,9.32777978858616,5.403422502566664,1.4946697959970445,5.625270847044009,3.249274664868682,8.546600026048903,7.360499460361099,6.802796562874198,5.21936928892135,1.5997910779431956,7.716823814026802,0,train
8.054671099449019,6.803517661650702,3.866351274849843,1.1434384604918313,2.4184623141480066,3.710753897457335,6.698102001505735,6.607040013673075,9.279409923211094,6.535950607036886,1.5900565241294828,5.929458407044651,3.8926133167388377,2.2669492356529872,9.690830763152071,1.43641974610911,9.218268100318639,8.080712041670466,1,train
8.699403714840699,8.272106421205642,6.1196315353601305,3.2008464464552855,7.753446482448892,7.379924754763582,4.263846304478505,0.6158797869871324,6.899330369395724,4.130651528230967,7.433817050160641,4.655966591789782,0.5610269844101357,6.545457521816801,2.3568631741522097,7.445448420649969,3.865618642253427,7.71000046490731,1,train
4.409124802974473,1.1881206339603796,3.713785742122694,5.980537004886725,5.386422560869032,1.210887434315846,5.609529696401996,2.999608084210501,0.6682922470506136,1.5148289456072173,7.701851275994165,5.825888848484533,6.036799594773315,0.7384598262815001,0.8752682311677684,5.61046756436057,0.8020417485561349,3.2677990135169823,0,train
7.1154616885944,2.9800252545600747,6.002739293349189,1.4106959022848675,9.268531362317777,3.549182164621617,6.713918821462409,9.53179434253766,2.2105958268104775,7.792765023872729,1.373986352413783,8.518635518981522,9.650889261890146,8.085247943734625,8.601271593504846,4.289972735567488,0.04802303842076805,6.610454910098392,0,train
5.516041866766061,2.7302007838088507,1.1050352331757525,2.8975864456984093,5.184181953399747,1.8600617960533183,2.1900375270623673,9.771743997279161,2.4357796220850103,0.3888020992561314,4.731563781205398,5.458525070908854,3.3248961895860427,9.453997615899748,3.995197211890793,6.440377484289149,0.8548813734421923,7.8528306831338295,0,train
9.067880095974996,7.122902358346487,5.028368788622723,4.896569550585529,7.009898937671467,3.472919628871157,5.673466747503343,6.854852762532621,3.1188807917658234,4.894384129263538,7.840725876122422,3.9355112953125126,7.786278961012827,9.658809428315962,3.827545343286227,4.093021407444141,8.164002869384095,4.170231546264472,1,train
8.70671126482228,4.229980557365034,4.721358057927913,3.127820889331119,7.089456941860364,2.439392065345727,2.617391123781505,5.092964177567315,1.616253875353787,4.563057691225394,8.654701933805617,1.9971616862393593,5.218088240207973,1.3143973901322181,1.6074044915831243,3.767352607427058,1.99401513069279,4.74524853214132,1,train
4.716161263802282,7.956148777374375,1.018735608608841,8.318935941103168,5.726251742985701,1.8240952039381675,2.8582267831464057,3.3590978530761992,0.8529654960446664,6.509399363485561,2.786212081303251,3.9825570542421063,1.3884501162663099,5.067757596246613,5.875401365809784,6.0065557518025585,1.739539628647624,1.3747774918295386,1,train
6.289601116049949,5.682223882891153,2.041974267625199,9.312067329509116,9.52494533839905,2.953312151928258,7.561510788418614,0.2636369137834005,1.5875173157814138,8.346379844907597,6.776421912301851,8.687150437154294,5.861561736866565,4.278020125579082,5.822916080768021,2.0993885778496724,6.709527664496355,1.659354601867813,1,train
1.3923737049180869,8.878232813529152,6.8461045100458575,6.894216604115081,5.411535149133609,4.96948933361049,8.750556834031276,4.81754923087327,5.552218321516969,6.765479947975156,3.009419320762853,9.061366170328311,6.816455269268392,6.469987696850542,6.818547809321245,7.402157169694036,1.654858907900737,2.848930217386183,0,train
6.181958473309224,7.399679940650588,4.818201197406738,2.902348668917225,3.956010373613492,6.869730280025155,2.5878142980728116,3.1873682485967003,0.3520309001413502,6.91887825920009,0.44802627057555333,7.840613155937106,5.62049743806495,7.427588388574994,4.910451545775426,4.403534609175291,4.04178168788185,7.465669503417164,1,train
4.6211951224463785,5.024364056307722,5.34863729648445,4.180071422562182,2.8846166334107073,0.7789318860933359,4.802669949589536,8.221756233693123,9.65078278936968,2.027375390006,9.438433410134179,9.16992070623204,4.565890408788405,9.333737454626233,0.9825370598857419,2.812957813724588,4.098989313037691,9.987456578095523,0,train
7.888719438024899,3.7753435674565976,9.18767653231932,8.909901214234313,6.624894262000197,6.659978777385151,7.5348696691397175,6.871618597113541,3.634741151888056,3.6325706959504034,8.92532948500523,0.5438522122986245,8.246277814519104,8.732905645113133,9.92637430340722,3.0392171971796578,4.488745606998417,8.112044119895707,1,train
7.951929160289667,5.0720756642085565,9.072791071481356,7.822569463040222,8.913123671579784,1.367235550264213,9.636469375009453,7.041837151972157,5.529656986991051,9.598917504612851,7.179852356926726,2.128733007207119,2.457944601383437,4.674199029468852,3.910815971541494,2.6906593660389664,8.498215982206249,1.1718004068490206,1,train
1.3918662849463317,8.991794818497192,7.371120596282768,4.377146245779967,0.45699244298585073,6.752830770635287,0.17117260251131916,6.557558235340638,3.70956760472212,1.2120552245108496,8.354225657134712,7.9056934784084385,0.6993970481906842,5.008053393996857,2.5997393945095215,4.867874603552641,7.500791868201084,2.9992230850751067,0,train
9.864811853276455,3.265865278172636,9.606248529072117,2.921610338312729,0.08393632278737129,5.571402675552395,2.9639848250123957,8.768918805963358,7.716651064945586,2.3178430719873635,2.906614430294634,3.5236946527700908,7.840471375495039,2.1419746341837707,9.169378568544067,1.5507672228288782,7.970478330520148,0.4629516273262513,1,train
5.248116087001357,5.219639933186643,1.826288131120724,9.922448352556193,9.242911558041824,4.858315060273885,5.020895539393264,0.027079229133650795,0.6145246838411356,6.461227401704514,9.12339621295557,6.226309671950533,8.739825000886468,1.4645924021001588,6.422400900455684,9.277347483909065,0.6454982045183688,9.094431525668934,0,train
3.3248850428049916,5.493471778110004,3.9884586732195073,5.565011051539322,5.7349209724369885,0.1647731970526478,3.4453230141241633,9.313205187391551,8.356296851330887,2.2763932884326064,2.4923826018474635,7.8800717480391445,3.1624999990783556,3.1966903266360793,4.081311255282963,9.847343561865738,7.270766501227753,0.13798465921010195,0,train
7.8558955040322465,6.567595064229964,5.383649033531344,7.519459566515183,3.2365255347529787,1.6988988723926346,1.6548128031137788,7.336943839792052,0.7952289427794457,6.830890425766381,7.636029640744615,8.098133007997465,0.9755710085234492,0.14183464259571177,7.020060930664803,8.913645137630743,9.637227024020454,7.046354989120101,1,train
8.36533996049981,3.9913274128580367,4.162478602458665,8.960832011046602,3.2016483764408643,3.4022918569984153,0.9433321903271696,1.9631372854047036,6.445714829170782,5.997437298168251,1.7224077650751057,7.106806335968274,5.983439221666461,2.2775581792033925,8.090975266808728,5.671183975609084,9.039378981880134,8.25595931734975,1,train
5.368495696895555,6.3694911567249255,8.278969508994216,8.579961735214106,3.168623227926629,1.1068991947239415,5.2344449339793595,0.17046548366145498,1.5189877436308519,9.120965102977639,5.018465872699146,3.736843000832292,4.492098327189843,8.832791952926147,7.548298341632968,9.044312514157376,7.109445233793641,5.222033469032629,1,train
8.118573179173215,4.232048694035006,7.450955735706727,5.055362477884227,9.756291505586432,5.047735328940055,2.0133864593488706,5.514109332890693,8.646298310414926,6.920388482437989,8.910362947377577,0.02484547593672448,5.209385346061163,9.69311694144608,7.875079877536867,7.493483688593341,1.0748091298464568,1.0533448584039395,1,train
7.660580588465853,7.686258139640797,5.69214676544176,6.072770559236027,0.9373826270739549,5.649436354039429,5.959582755251183,0.09719630161033721,2.9130897090479957,6.833155816560675,5.581419254199284,6.011261977084358,4.650978327199914,7.816689025068429,6.9130116000728625,2.304893569670562,9.186167372578618,5.701645090381426,1,train
1.3612499675400538,8.578463860120252,3.38737139709199,9.423019946675726,1.5625745982164585,8.539847406392306,4.837095085906568,8.919316914012704,6.722729492437232,3.9804170154989214,7.239931113171256,8.593914973832995,8.87485486511871,9.205656087154734,7.549424383422703,6.256822137198995,8.177852413066367,8.294355474930137,0,train
6.478956580232292,5.166601654430367,1.562078806478024,2.3351481979587305,2.5429513820311236,7.495183482558822,7.5912670999813106,7.675746280888864,8.73857530726815,1.5868687424243055,6.023575049801159,4.598046233853722,4.59157059837748,3.601676357071902,2.642038876741941,9.059672639897242,9.610143356063055,3.7630598770804458,1,train
5.625084321700521,4.5788647743052175,5.462573052367435,4.172242867524033,6.630290664516637,2.9721237020532976,8.88246557414225,5.28367834170473,7.0730821760084615,9.533254992309924,5.3520895597431135,7.074741807788421,0.36509493041002705,1.6927398925757242,0.5648748766352285,2.292536353943536,0.5658171340160856,6.166642815260429,1,train
5.131754807071192,4.186149151380459,4.7806842502680285,3.853512536466143,8.004917481608452,6.289914601271811,6.9841676479862125,4.342375358750601,2.009933380264525,4.2406962014665694,1.6916591291035032,9.606764079647132,9.52795056841509,2.7955888348758275,1.7847364277829192,6.629345096121587,2.5402254958095805,5.382372137527289,0,train
2.2243417082621253,5.973022954834126,4.608967760645667,3.67283370592574,9.270071570177095,6.248521249842321,6.591754869983295,3.0464419694045652,7.1519531520634105,2.4044034093386246,4.5179861458651,1.4189227246008418,3.2965545101881744,8.077591343782357,2.1302452985367504,5.9038686030028975,9.27865235469948,4.380468951504098,0,train
6.546396057807554,5.538330553489574,3.3259283961140156,7.6628134356213105,5.279177387162536,4.413000642932091,6.785583313347496,3.658869926355426,1.2946535209502663,2.5327249439634505,0.836536523769722,5.398959181052304,2.5050855452865606,9.727181244105688,2.2680475722112825,8.059488942398552,5.586664029108901,9.633280348374655,1,train
8.657685409859125,9.444020511955213,8.630330164204338,1.42140267992795,0.8777481218023631,5.508398215911182,5.167433045889345,7.395507448775635,6.014376162373621,1.2645022687782392,8.399869744525885,8.891521560336829,6.378068957410205,0.009566425211466889,7.081233909698719,8.555010059282504,0.829042346937825,2.935394899424264,1,train
4.427275130779617,3.2921186606799564,7.966026637081821,0.6511954609795367,5.643515226079514,1.626871077542148,9.720298996865735,9.275454732414875,4.774587726210103,1.7574528847969295,3.8881477557982844,0.9205545915448321,3.2869590410404004,5.962610853284884,3.0272658955516074,8.128218664691383,9.76170810627522,0.4972272734316152,0,train
3.642878748800395,7.782775342319725,8.44043220828371,0.9412148819596955,6.868633629373797,0.8480854405331484,0.6082935778945209,5.126951372372749,4.468057717723191,3.362804848084673,7.81682308543986,1.7611050942239537,4.130931139418889,6.599832186707313,8.388087619855185,5.569137923939352,2.2636970569355896,5.623096581120192,1,train
8.072879067877052,5.511083702688821,7.0265166025752865,5.318056948982831,8.9145131893106,4.549790068374868,1.226604068078776,1.6675207475456633,2.477686925182272,6.461961424290941,2.126654940043524,0.9567393726673035,3.0423353582904946,9.13680498289722,7.339388368204434,2.8069092349806715,7.235169071471236,2.4664808249158163,1,train
2.401425577663111,9.362769224904833,4.940205667971005,0.3182350798266942,1.9704462969451575,0.49979602552170377,1.3734655598500256,5.214134487781683,6.6557497574865625,1.3804286692241063,2.734388736987822,1.0505599972313262,2.437949891221891,0.3396269489169368,9.018740925165915,7.96264800623317,9.093458185077466,7.300112643708324,0,train
1.259575210723939,5.772626583565713,1.6968001246064888,9.985187395319215,2.5908960913663046,5.163523816650187,3.9548374175267096,0.8638824501886511,0.7579371571960669,7.986629797208192,6.663211359457285,5.648670762510201,5.573737408121983,9.425733261971116,3.333327382024728,9.051125277839766,4.339648029367108,5.139057272305324,0,train
8.227442281209669,7.479970259271271,4.403425511611752,5.891712977782388,1.3530482468740834,5.618218364664954,9.248136180120225,7.865158929551914,5.942264513454609,4.187801284193345,6.435068640767985,7.995784856443789,2.024156069917067,3.742086871615756,2.8468511269341468,9.846545126707326,8.426746244451643,4.226269307754907,1,train
7.163452688439915,9.14972593340193,2.207830532660312,2.35941405013101,5.103215352684943,6.160079841376865,0.8340795323536032,8.114759432545817,5.543402657967343,5.528148577377332,9.022921333866595,9.662792982561319,2.3456705054806113,8.3080598582154,6.214627975603384,3.643599500096358,9.986108859342234,8.012325994883383,1,train
5.156890225046901,4.809208753467357,2.0092117453933245,6.093506534935706,5.889720555114792,7.66643454802817,9.6793486171587,0.2018636034969079,2.40841220266827,3.9975445484579195,6.258105453135827,0.4513895974943416,1.2159060767004803,9.170462354295486,7.759592127245114,8.877503809621416,1.1479796803646036,2.4698799821267583,0,train
8.846412563559932,1.2151551039972943,9.946611615237616,2.962559403396585,8.23283785173315,7.267267473659799,8.581414207742538,2.184943887787779,5.98444129243788,5.756106595205871,7.790762108067178,7.399108544341915,9.811775927833654,7.925041806160653,0.32407522517665543,9.844309154049071,3.1654245630644215,2.4941744850214063,0,train
4.092585880601512,6.766366684233931,2.7203897966779342,3.3937437488622244,6.115976837142757,8.618714693023794,5.497184747933393,9.963447024275244,5.032534003564839,0.7606689940117428,3.033835870613909,6.972668168787751,4.104916105927622,8.320319568545035,0.8664753540639902,9.045939541798772,9.052926926030846,6.308526359962795,0,train
9.630194596239043,7.943208286102048,5.308295636737166,0.5691096687501007,9.001580100043583,1.9756048316113606,3.9987919773039806,7.3479322864789935,3.6632050957531472,2.570238838036655,0.33474740160380656,3.354489324061436,5.349281845316398,9.717982508272717,0.17868269120201896,0.42104301556856627,4.213853399950561,9.895556112402588,1,train
2.041153762910854,4.456204393934779,3.1993208000943434,6.302746509593624,6.4738881658558265,1.744355367973064,8.212012713886395,4.209666792598799,3.517832344701696,3.9684746510720323,9.523673465443451,4.919934215940598,0.23312135114718968,3.191228228818667,1.0045276767201927,5.710094093780171,9.571999139089357,5.988814159290237,0,train
5.369457965710735,4.9538650048529576,8.022916258207687,9.735120950715825,6.148233997817673,9.320312971063151,0.7571662334586748,1.1611512214850706,3.4559339915006646,8.70716224118044,0.24608337612891384,4.587023722506986,7.026946670698853,8.425856734925222,7.681541771769603,9.503973125187445,6.00432216900975,3.476929999258709,1,train
6.640246913886003,3.6984246549927233,1.0165038834352529,8.954195963795415,9.818883068710168,1.7327432111433927,5.004882842646668,1.3187582503926887,9.031576034143344,9.638176443583292,1.791776525963017,5.622273783057912,1.0919182452661536,7.70927439584994,6.686262743579539,8.50169826238431,1.5420975033778883,7.7625539706184545,0,train
9.980441751858052,1.6872293521425892,2.9169807189171975,7.379845197154168,9.293970606350273,9.141118917204901,0.1625546318696547,9.638252862887871,1.5438184971500335,8.808912882483442,2.2096927473091155,1.7381974868686678,4.589896811330371,1.3266572125538867,3.0027250830650267,3.841467372779588,2.8230149728245832,2.5527040667866654,0,train
8.336936843285246,6.245140882416365,2.1961600459413324,7.301271834345613,0.22963192654943732,4.9208809374340845,5.652253842802666,3.7532405370543476,7.8281250351802605,0.6727317461783444,3.742535632176388,1.3308650047164228,6.910463893101242,3.027361353526168,9.322977431996003,8.910765777561668,8.229210674224225,0.9905175180011228,1,train
4.281433802708936,4.078904959727706,5.729574541368749,6.947068204513672,3.97529165529402,3.492087423526029,0.972043357701432,3.464817542713843,1.3063254591041629,8.117875781205628,6.428857392604318,7.811025728728174,6.981880080005266,2.3662968903067205,2.194663073327887,4.642951662055534,5.592502700361024,0.7646744900360825,0,train
2.077018614477443,5.109991044436151,5.8010662545838985,4.474178426133859,7.069640118624594,3.003230044489964,8.520881046603684,2.0515560580176864,6.804861557329874,8.69604757559515,8.177345347879186,4.515795354997683,9.51491664841838,4.190632635392234,2.603767104652679,7.728925979330467,7.820346550037605,2.6220654851578553,0,train
8.591364855932419,5.917048335086582,1.066355494507504,5.0916200460337855,5.414218039028741,1.3859106591635162,9.496128582495768,0.07385226917463683,1.253262440923717,8.544278436975588,7.220481555642619,8.263972443121627,2.994997971672848,1.6322713841479353,1.1961651089423253,1.9064122938526096,4.684396103040081,5.575650151443513,1,train
9.106262904633155,8.970310954472737,2.575420794502309,4.0166847565810855,0.22082724201559656,1.3350404207136213,6.682681840244373,6.97105253142928,0.28727763075628077,0.9242218776170896,0.2595565211071649,5.952423291874361,3.210572251076489,5.525165877543197,3.2448277919673907,4.138428340772499,4.128040461610455,3.0710920776808024,1,train
9.944115026083278,5.782495437579401,1.8365097096608016,1.1439069104880417,6.34622254058682,1.3520193039554407,9.001028541573522,3.5712992222696394,8.524537310040492,4.028532852243719,1.1370527721534773,1.7789035406224374,6.488929825287872,7.670341608625066,4.524848948810895,7.557615222785858,0.49901898915626464,8.015642231389768,1,train
9.03132001676627,3.284335696124251,6.648361317614528,8.184641672415692,1.2437449529565558,4.432735954529746,7.903009604519315,3.394220919967087,5.7685964650315755,2.5196859463238708,9.534258059827788,2.772876250622204,2.151664767576238,0.09490680478848823,2.5659349333997152,2.8754205889410445,1.7703479910233233,0.4513300300193934,1,train
9.012511471125428,5.26720910670555,5.863547286556953,3.212043137332854,9.027803228755568,5.982196888345421,6.3342793962259325,8.7194019354393,0.7729653794058833,2.5758839961481117,8.007187508666835,9.345596390443538,4.95412040693946,8.281112303833071,3.664997577407606,5.448433795917095,1.9086258843076909,2.9994700743942824,1,train
1.5804979989098304,8.76109945181952,4.926367484231363,1.5568175683859353,0.4013439420752951,6.438021613519024,9.197666649174522,6.835197899328831,2.5365027147911254,3.127238000533714,4.509483744928452,8.626420978230694,0.3841554412470305,8.728733838931706,9.46877555135719,5.904123157739203,1.0676906873604641,8.372763990550947,0,train
6.73345948358121,6.198546600160629,7.230527918445192,0.12938018300082121,4.804761476100704,4.33454467213079,9.251366103736508,8.289822285629286,1.8032064625370259,0.5481384842607651,9.59215900729163,5.97634669213758,8.673744517298363,0.4616560103372003,9.598148332224413,0.47611335905728636,8.925328954993926,5.397500288643561,1,train
5.55179545349079,2.509716630730168,8.911547611672477,8.092359337223732,0.6150798123827139,7.411545685866009,4.918704535167391,2.5014733655195167,1.607818236757823,4.105035215779189,7.342445885872587,9.287350513029986,0.5855661419068892,4.232364780023642,5.280153031692202,5.700785827789723,4.477947134473381,7.068311477612176,0,train
1.583673049322855,7.612578004353701,7.031958043103229,4.235735135710276,2.754542829411424,9.395466464445974,0.23580270917263446,1.1921128192612007,4.011639749758633,0.9880877099864305,4.315584143138499,5.526316478591355,1.586661807924088,6.196183853957498,8.776927688874137,9.673562289857129,5.879219950631888,8.84537950856404,0,train
4.5682493239162,7.109769306593009,7.421493280749269,1.0290491385900657,7.474831473394201,0.06399952806829812,4.997136437096775,7.37186802384854,0.25465667930951064,6.4611344467333955,1.5788973711193,2.0622054424658764,1.626920699910468,4.819577160885633,6.585367591297082,2.2972788830220594,6.647213947745707,3.2307180223717094,1,train
7.030182910581065,4.364639593636928,4.138016940266654,7.068845807939125,8.125426719890687,3.682679741297259,4.640216271341861,3.63654560526136,9.929409639148826,9.770100514629904,6.208569812734318,3.413357406990696,8.483628728067725,1.0593985253038507,8.235298610722142,3.217915512158138,8.935472050379616,6.20330438071492,1,train
7.03864495933168,9.857812071651727,5.265154611621297,0.1174599932997511,1.2853305203526844,5.443945871151202,8.906569784201455,8.362726271321222,8.04045105553803,6.188045420526929,1.6090199842807573,0.2160406499159484,6.108106247488877,7.358948674840403,5.016631469310335,5.348350712605185,1.189933936890517,0.7144388215592834,1,train
6.633099390586491,8.400115954461194,1.599328860162631,9.271319423710287,0.4255010729273645,4.896494503146843,4.8370904565062744,0.24037638107933024,5.794203209801124,1.6322801316896451,1.69433292228374,0.09447925157856973,9.416369784840104,3.8919287843883286,1.8598828893754082,5.118449413604486,6.7012499165227615,0.7463196434034913,1,train
7.48959343310628,8.9873982096899,9.100873981032915,9.972711749247601,7.683134451393261,6.759304577619385,5.133049933240316,1.938622124386289,0.7758169880505272,4.388661632683687,3.407979286707903,7.514809140148576,3.4711755746553363,0.296271160012479,1.4222818302535722,4.706885154361875,7.0228989448737895,4.315063584024075,1,train
9.952738735011735,7.361714146599307,1.9428694173239385,6.28685634314661,5.864917294815194,6.96624128178234,7.7794746671243695,3.462788585604444,6.12669252062231,4.984675567874034,4.775828529252049,6.4992278950274525,6.212893212351155,7.896523714103903,7.880559428141734,3.224886510342404,7.935458160710322,2.1106386568340527,1,train
1.3612661566848656,3.420301096885882,8.322741438935187,0.4311136096993795,4.085588185515686,3.7858052624984753,9.031815702322426,8.125056837028845,1.0110207613229905,3.274617352345097,8.003420533940233,8.045252656734544,8.77888880831546,6.8047315537016475,0.44852229976555025,8.033566699533704,0.39318473290422595,4.221381590915213,0,train
1.836620423547954,7.438772595898798,9.616631892326206,5.573892009644502,2.897500068343154,4.6956263457984315,4.429654433105541,0.7357971360704751,7.7038113637782075,1.9035236116143972,2.701909572533825,1.8743842899459728,6.444760267021282,2.047749523108032,3.6822484796942936,9.997019594847423,4.640454660427375,9.021953644391207,0,train
2.656457406373545,1.6039863124206692,5.666455664269166,9.316393903874015,4.024492735353844,0.28846762083955757,3.677695327830964,1.980904359938862,1.5963230033092113,0.09333005349276946,8.661083449164755,8.133466364654826,1.1260527464572834,7.625579400947555,4.9573005565677795,6.285255384727058,1.2518023830033376,5.37169149069592,0,train
2.8332058893415546,7.686556329463338,7.664124257129872,9.016221037110503,8.555468143488273,8.468290493536202,2.5241764538182556,2.82821790094552,6.633768998592199,5.38589439981309,4.646701763714437,2.6861203608569237,5.107167579888413,1.4300091230928058,9.859724468108485,8.243100454040064,4.715727188959967,8.396344412836624,0,train
8.76350812902398,6.811482359920641,5.408496399478682,3.3670400603767847,4.145410184611813,8.835217291417894,1.9704327847639014,8.802949311145403,6.710422310423255,6.124170572229022,7.696083705138276,5.023442522658192,0.6534863449120909,6.753632659293265,6.41534162356633,5.770730037853292,0.7058443366784906,4.327781561900999,1,train
3.758170170894852,7.488966913953424,7.984877390553641,0.3985293817842206,0.20882043608328238,6.047388095195906,8.941315221096794,4.791738704817713,7.73558404262892,7.864240044751907,0.31851690862410464,0.9650248383383953,3.653661056546149,6.152642027557854,8.168214624586197,0.9012702185355315,3.22750891472242,6.523485095003214,1,train
4.370924473279663,9.861797426424468,1.118849311516828,3.758153753991682,3.2397193210876774,0.10567802543339555,6.428727214632314,2.804790938445386,1.454015424161147,5.343031021783493,0.3453731997799592,5.586682385386591,5.598777481557942,0.9051631534347249,8.969171367931535,0.2934129839164501,2.8954014847884633,8.317626941981935,1,train
9.66364895884502,1.5105941513491552,2.130927865960621,7.753811156293047,9.79971038092395,6.585184091543694,3.75176557159699,5.917680166788245,5.222234500959093,6.803726874029773,0.32732414478145455,5.231350912504032,5.314036870466095,3.6364194478752943,6.6287718822646475,1.4770939232193514,3.8721491605109204,9.14278595256344,0,train
5.991177991611676,9.521872260055844,6.373559883683145,2.4804199060995513,2.383117274441453,0.4275647480749789,0.05147140613919965,4.9865518283525425,0.9987524297136552,8.739097307262748,8.805764259629004,0.023594821170113134,1.7050890950107633,6.306820275203602,6.184847306355158,2.6867160018002822,7.099962385450887,1.7762616644573836,1,train
4.56079067078427,8.334014405781534,4.438671052385083,6.7528336063481,0.7542579426192075,7.8466023173096335,4.8963153585503205,3.3192665223213345,8.478271333888692,9.337093550441079,0.4687159527290874,7.398659483208718,1.4842455588120484,9.878026747019215,2.4546884060836227,2.8892664447671033,7.694356374445032,3.158039700481977,1,train
2.7001063595222536,4.44655873971153,7.9666115392067,7.369376032392452,9.386889238188976,6.678454789057415,6.854733081605274,0.9160712975451035,0.8431751609681604,1.7704716752974603,4.908215502105747,4.270835210133679,4.669618478384065,1.3865370984553271,3.517703156541142,9.526179586551432,8.467288350575457,2.06315266518577,0,train
3.446126482957938,3.620465760247535,2.4068835572491496,1.4511995563680213,7.103493549156834,2.3777126968960838,9.870822726694048,9.570176791968855,7.542030967648835,7.9250085373217525,9.30081935684447,6.504040683845449,1.1547295598913343,3.680628119723984,9.191897387866902,9.813567822942234,4.630400956515888,1.2332537099624863,0,train
7.965644660032102,8.455430959380232,9.975212747248852,2.1394256993994487,8.721105968949722,9.603654878763594,3.7464675094929034,2.839033420961531,2.469321218846683,2.53926169818223,3.4281742951273566,7.749223188528368,8.668027512507692,9.247004418376925,0.9180428707834509,4.692880870111976,8.977688159944172,0.458962208519863,1,train
7.287677470599961,8.5234537431607,4.5885897299195655,6.817138179738942,9.757884557031995,5.356701184387775,5.0333814177894425,4.1309641215248245,3.4750054555821084,5.547914113086958,9.643670769835804,4.2463942271848865,8.718193408847258,4.5475692008505675,7.64740626899421,8.682714918824091,4.225335478362685,8.54667894498396,1,train
1.4608695387900197,4.300312900249298,5.574623515881554,7.303351889656108,1.418238953213552,7.773381711778404,3.4457108334969764,6.339521770293171,1.4067439662444936,6.335696926582509,6.319295842491832,5.20187087297168,2.0616166761982213,8.194275817277141,2.4734871441524495,6.312445011991103,0.09477280744383587,9.053888638473088,0,train
3.514139169033725,2.3994720385199124,9.93802917888878,9.543487344074919,9.613483926578821,9.377945861615784,2.774408998500073,4.081869253854399,3.949200674552097,6.048039466207902,7.473014938762997,9.160025016906488,8.756404848394466,2.445551584786604,0.8369751664147318,2.178062407228251,6.809728503005834,5.449072443357705,0,train
5.131859170500393,8.023195940292574,5.124051000581221,6.369126326875954,8.96423512789461,4.2720089930593215,5.258092991645985,0.36265644222235216,3.6523694952763117,9.433160438549887,4.99134318917052,2.354330936030269,0.34623981114997093,6.146960364443997,8.484153482246917,1.5845447732485718,7.847643479329221,5.262235360509062,1,train
5.922633904261133,2.5550434157419826,6.372534154775572,5.153415291431269,8.948370175498784,7.204119116904836,0.9774883211432106,4.011326120132617,3.444064594920293,3.434957062394852,6.0427021294770515,2.289106816400681,9.237094947421637,7.510865961745651,8.892296828954503,8.59183232924456,4.800117762365289,1.6957011834824542,0,train
7.800784967172744,1.315770341240555,6.089831464927424,1.903305487227046,8.437803757362886,9.144418910612623,8.190240698121027,9.803715587806192,9.487172241370288,4.7094666064366955,2.4564395958172547,9.24380662081241,3.6268246440425314,3.195712766873987,8.78575489213204,0.035300764404835316,4.569883598129614,7.456902820907337,0,train
2.976892974492165,7.9378893677627875,9.990465598510443,6.34936860801716,9.87825937769038,9.743117692801725,7.727815630185701,6.686393823894289,5.953392309677628,9.388664313848821,3.294667326815477,5.981909001544123,2.7955461519419122,5.0170339479478905,4.222128286888292,3.836526078476955,1.9979252839832506,4.263772455926351,1,train
5.387270136668768,1.4079960106453444,6.973871733755951,4.710098434816706,5.679955441275133,2.2063370633652712,9.269274543816785,1.5554716593564755,0.5831383559209002,6.431531773473832,1.263266644041997,5.814443911117997,4.322615790450443,1.7158713720693541,9.62835364857467,7.670050073769743,5.874705804778092,4.9150675881381005,0,train
7.849464351869837,1.4060779792112492,1.4662139133074876,5.4560570900311145,3.814970918043689,5.701726428408157,6.851416138920823,1.79727679537396,4.456765476660541,7.635236760474596,1.0073267358350324,7.522889360355571,0.5206632959969326,0.25717302233253414,9.468209749082614,8.790401777137282,6.020425504533002,6.731752044413409,0,train
9.441491749974045,4.2062520846721165,7.110981142282865,4.627725676690371,4.977286341275137,1.4620574743553494,5.1754479967634754,9.6033547892337,8.37025174412589,0.6256510084056255,4.075438364005355,2.344503833496221,7.273383299094986,3.081533203593633,7.779710454527579,2.801318915748877,3.9013889886424757,4.664276525965706,1,train
1.5335323572113673,6.686438075646229,5.267555613832231,7.736839392705499,2.755063956248006,0.9550450479707917,3.795354783259696,6.14786798837902,4.449073530036043,8.418706411773037,0.7377883514797734,8.360899396018084,6.1598041150187495,4.734206569757209,1.5520303957430814,6.508860026504694,3.4968463275895854,2.579526395599623,0,train
2.893712044393731,4.407650356586033,3.0698421440634114,1.9593030564994163,5.270126728579902,0.4352938653184679,8.727332081501556,3.272421311098168,8.430318083099223,6.069655693428066,0.4925609521883345,9.806769848074333,1.848983831599097,9.57175981141167,8.007448411574412,9.539297593692206,4.637483206986126,7.751790947162074,0,train
9.521747940906971,8.574479066553767,9.162637066376233,7.761100748195129,2.068082560937233,8.217402218273266,3.1127874495979,9.786991892235728,2.949165174310382,5.570500609647735,4.959879660845667,4.42175152830393,3.248984554227212,1.549637908333772,2.080114850350933,5.17973571542811,0.2213858886351172,9.705699804548606,1,train
5.117222056709836,7.542448911300934,8.437607815669393,0.08784202823009846,7.4963857786812325,6.0878189918483985,0.6698302178357396,9.381049727089385,0.37309008031414903,3.9008201537925546,5.141300138851859,9.889113273162101,2.846800995195642,7.77092189365195,1.5128714358300588,4.466482371818721,9.553641970673583,1.0744595350467456,1,train
8.341432035782649,8.055257364117335,3.727139099847329,5.1243178030695224,3.328363785527435,0.9936203744086436,1.2727210869966221,2.9855530040932976,5.428268164512527,4.406870406658726,1.639183447539606,1.6628253130162385,7.617038790847443,7.965075786613168,5.08741213969945,6.644894246533234,7.257923809470239,2.257398903523087,1,train
5.965282503943848,5.636948657096396,7.572897534525122,0.19893442141579398,3.808805405237422,4.126983276081991,1.6244564205775858,8.794666000491464,7.5319496388082205,6.311110131068254,6.937462355807461,2.6752919346583806,3.339116883716219,0.02902047951021891,9.986563291673892,8.676559715247256,8.66340516641845,3.3283913992238268,1,train
2.890398532791307,3.220619804339776,9.395143060093442,2.5201552347786693,4.839900214333071,3.2741593362317136,1.0828934903360277,8.981752807612454,8.247344552513965,6.631180382082892,2.0051301678649844,8.189994620162743,8.688535020852699,9.26889527707872,3.3078363774693234,8.00386629638925,9.352186694890804,4.089260550015713,1,train
1.162868089030623,3.0363888449742804,6.730024000738325,6.485845443316174,2.542265246776847,0.6353495779479645,2.0530193277499533,4.889787983065126,2.2418015529754265,3.620801279128215,9.482301774932111,1.93277225185558,8.668326142375056,6.194728404404234,2.7988173942626258,6.344631386247804,1.0965205138348932,1.6182530564627462,0,train
7.474652859681154,6.557074235645499,9.78142079966349,3.0294647247222164,9.764681923147187,8.666391096574142,2.688721839528477,1.3835033105955097,6.456607631898023,2.0731391750666495,5.7100284085406505,5.694624803714783,8.897442015784522,1.549175188814017,0.9402418784844457,1.6206848337848445,3.5399822899490827,0.5826905834945351,1,train
2.0622974962125156,3.3115921322315263,1.352159555773809,4.468904921526575,7.969883130192087,7.771386783347991,0.18426146420856826,2.4030137867062495,6.495384075499069,6.673960461985483,9.590610151705915,8.530720584659129,0.04476486815171543,4.814225481224033,3.667340914536209,7.198680034096654,8.80967911338351,5.983239186566426,0,train
5.5854488357773,6.693553886632771,7.460270223215166,2.518547689647731,7.120277848354232,9.347855828112294,9.446544212059347,9.920293084042854,9.206710531831328,4.8711987367313565,9.017333342096531,4.859616848065036,1.35148490270953,7.384079101466724,2.03314502773451,3.0448778698014456,3.0657215067395827,8.761126885587055,1,train
1.8730777907688552,1.4764658168917473,6.730768436568139,0.11800919058419956,2.561306324413964,4.60175184490754,3.321204365128043,3.911827295876109,1.741046377044252,8.279508489771574,2.321127360190842,2.1277923596313597,2.3052619290051357,6.908591956854092,7.822073813219705,6.393621126124628,0.6447066712856286,4.526385821899083,0,train
5.134573165925511,7.648455849889101,3.4552352709584504,3.579517794239999,4.714667569197417,8.022769077280206,0.9230336162520258,6.848343569313629,4.018830107825718,6.354827580849699,4.531405567727258,4.749961966220737,2.9600322298766137,5.50517126944381,9.604964700523212,9.040830383533848,1.8389192523826525,3.8174105643379876,1,train
5.061214422036718,9.455114659112894,8.262339711592732,8.247669845377523,8.27182877008447,7.640258555940958,4.703978480392552,0.30870018063953175,5.93026522886907,6.652222075584095,4.780492791783663,4.5245383066985125,9.206649206899671,6.397491993441973,5.902687976255149,1.6163920861574665,3.5996664987404605,8.807023689934447,1,train
2.4421083745511165,1.513509401001514,1.678458123311093,9.918365787931924,8.001958185221463,5.498877387412117,2.2353610463081464,6.458255162330011,5.123648214242928,9.843696884226903,0.9654109554147816,7.524774414304456,7.679389448853355,9.380799505260098,9.010515143923918,7.308269780256962,5.2515111618971835,7.729230535560837,0,train
2.336487081314626,4.688138980344,7.220653041088768,4.115119219408402,7.037142773944504,5.7071336932152334,2.2735215558512714,2.8478670991952084,4.335148410200046,5.576288809802793,8.842854941205749,3.6460649058538976,3.5652478140730226,6.637863447329689,0.9449236490202384,8.228773313504728,7.759914383219757,8.942909594768112,0,train
8.561678970207105,9.343328854540603,4.779057419963107,6.031482268097635,7.960860782032882,8.775539967450165,7.660729006212673,6.055193101844765,5.029426503605629,6.635850646164835,0.13947017348876933,6.080057195012374,5.505215121437561,9.684984915919307,8.441002803872538,3.6668139001027313,0.2606628486210971,3.0459348755864757,1,train
6.555745451535571,4.525809012417985,5.9443382731363235,0.3279290110687405,8.567380942309224,4.493853591967223,6.066153085711865,3.6542172195383316,1.3688384362582373,2.640742975692408,5.5290266137983215,5.370093992949871,4.20863889369926,6.535054793753399,6.255313940519663,2.1686555381270667,4.410829667758438,7.988187297696946,1,train
6.969846761357386,1.7943317045170426,9.02594779318737,7.953593961973686,1.2291693887471367,4.1652340454251116,5.422356060724115,3.48479117426146,6.915178202176317,7.944903110747729,5.002019807399003,4.041285357099306,1.9699135108693089,0.9889143583741045,0.5716410474601663,0.7158909845022354,7.167220326164422,6.049813283328161,0,train
6.447231841321051,5.22751680694713,6.687642280732579,9.087032747412746,7.899142581433356,7.403177586040477,0.6351761713480131,9.385620121815064,9.975066741038228,9.77588000489982,2.6844179180238203,7.810838520603314,8.172387705784276,0.9382739208906998,7.292791972410681,2.069688830598965,3.8399398317869284,2.528210875874579,1,train
7.595755794717621,6.436270501119452,5.825031921816691,3.9359393558814313,5.363228253561402,1.2052436163725766,0.2431978108726529,7.590221876199274,9.66644599336924,6.362411182727251,7.882836348303858,0.6760960489312051,6.091267297042612,2.338220887822746,0.7971374477313375,1.460172172510198,0.020515533574131384,5.733259010950158,1,train
7.3628682303558595,9.57478417142389,1.6326894400579963,7.972719636018246,2.862418486873861,7.684611439689517,0.07184990711879502,0.9245939206772991,9.455643677098815,3.934165418904251,1.6956166267868111,1.5650023201797192,1.884205324523065,5.964890253033234,5.920998531731714,8.794555710170538,5.691077015227638,1.8369038194163556,1,train
7.559588280095583,8.34926270682443,7.137147188140368,9.381221742877683,9.885647778867309,3.8546551436138046,7.37005530002278,6.376187259496509,5.785918546294321,6.807133912521284,9.838207011922492,2.735775980268078,8.806155915814637,1.6551586759763592,0.07050081959023013,9.21121114600956,9.432763989759282,5.577186611548778,1,train
6.706509914576372,9.733266174450463,5.867685863032337,2.942749305765797,1.0712372985304786,4.52591063838553,4.135130137117966,6.775707987011939,8.934198243132592,0.812862673916882,0.027831561901603408,4.145835453360769,9.760973079205217,9.463429728598237,5.565223863557379,9.159551119035584,2.860859856139232,9.817672131986907,1,train
8.624553289360374,6.216776592558141,8.872965476880537,9.54065491336886,1.5664041002128337,5.234177057771298,6.584144212724502,1.9574385165770536,5.016355339368487,3.880804634935089,9.377365564082346,6.11856578800552,1.90912896526656,2.63903468115948,2.3860722985127394,4.461580156336628,4.097112571391804,7.525915736209569,1,train
4.8110383517527335,9.180084582316512,9.46836941775043,4.8953131521221795,8.488406898660303,4.4474296776987,5.806469221477295,8.892305291052244,5.237645204086997,4.2601543746756585,8.579940228829361,1.473706236099941,7.209837602572752,7.477319245985877,7.710412138568814,1.7924681717001245,8.87053013680715,1.2998255213982368,1,train
5.30940216576288,6.5040678800033715,3.520940905314286,1.1972843670691058,1.2462229135869685,7.405640282117496,2.208174524880271,2.0650473129014957,3.0303181388556135,3.689098481003066,4.708681595193685,8.513489296645883,2.9308357573486434,4.41482485728568,3.0166873189265253,7.616729804975083,5.013108013716754,2.2030473148106724,1,train
7.513761910846818,3.042871373044668,4.7515349782958936,1.9870249748490887,9.950366567154553,3.4525707945745365,5.283278900271324,1.9565835697269374,3.4498678784586168,2.1316987744650726,1.0348683955945903,1.3763350475835034,7.0453094829357905,2.6378805349122447,0.5196104418436143,1.4180554447035543,1.271858565928603,0.030159619395988546,0,train
9.035755688754632,6.592510285075449,6.0244322335836875,6.083223060606723,8.632275799503493,4.529134662317899,8.627350712945539,7.5849170119471925,3.8433310138122465,5.737709196544235,0.6422375443017658,3.7572078746551973,8.854141324330001,7.051118996572941,4.135656375499389,0.5453730014571112,5.226261238318028,4.434143817300407,1,train
8.497451201337512,8.246397388653273,2.8825182391099857,2.3052063274861956,5.983004770944992,0.23665928876405284,8.111703002644635,2.7548947469125427,3.503206788639752,3.1882928606789704,4.647259497978422,8.284673199288555,1.2925795591857037,5.862482991332165,6.461831259856608,7.049773244387928,1.958176947791227,6.556459263495976,1,train
5.56761319836915,9.839994376879408,6.728563773202997,0.11864626072380702,2.6553664552103395,5.798471094841427,5.125600804164119,5.287606051751281,2.864979816934886,3.6022711682562614,2.797469718565857,1.3011726029486859,4.028453722833104,5.597246322865262,0.8556042932491703,0.5395654506471825,7.185581470272776,4.6811589131105915,1,train
8.72640444292116,9.722437278706554,5.931649509204919,8.511112972067403,9.2991607191631,4.981825090310728,2.269025880058886,8.762697370466917,4.642632215564615,6.643007235884626,9.226621068059664,6.689894073390591,3.845340127733344,0.4755816201306273,8.193935658182731,9.537861871067753,2.6769846125907373,1.1492161621919739,1,train
9.51731870912254,9.221927166748385,3.3266680908711006,9.230070172034704,5.293976430014956,8.332506900911726,4.41040710923965,8.855495911478132,4.032310802955349,7.320828863205158,4.668297902884388,8.533147271042145,1.522498789640253,4.928898307619582,1.6636070529482627,9.915173035591888,5.171034196174356,8.149855563692004,1,train
8.551270159715038,5.620819552890556,2.8461504682117504,3.4423325507800606,8.78668250580634,3.843576357508952,5.968981172051846,7.630572417630184,8.76811420556586,6.531009424220921,4.645637652142261,8.755350450215182,4.084217414775271,0.844928019988288,0.1528085040384819,3.299344475089229,4.392977104853087,0.7761597346533244,1,train
1.6293249384957604,7.245763382065411,2.732779215210211,9.806213102325284,3.045947763789828,0.9711365731667365,6.79085696582686,6.606729354387343,4.9786531925241135,2.8574535490015096,7.357331423880936,3.6618899595194687,2.480792679520384,6.631369052010112,7.415817121865812,4.871437455640034,1.3213284624329469,2.9818095947755427,0,train
5.206008297857114,5.795235404096323,4.4949443947163905,0.0634261558363991,8.552367056710807,0.62217207117785,0.27930290853640516,3.7753343806897846,3.6217115674473854,2.680802441218858,6.908524118927999,5.1290575069435125,7.002058960921974,3.874232753294027,2.1350336016951186,7.747932153872314,1.9119611080611687,9.12739979212092,0,train
1.805799884838578,9.510379843590894,8.854845713369022,4.262142606777371,6.664568710116559,7.284786694992382,9.305221640866213,8.408266054215328,1.8102335122192825,3.8171991479142733,6.365309165509794,8.793376730249548,8.599866709016275,7.470542311215933,3.0843321097419887,7.040115723763187,3.5589818520640035,2.5301072710092107,0,train
6.365092999812242,8.304370242959509,8.42951905122113,8.663835302587401,4.455544475891802,9.847437730706208,9.399570263376082,1.679844072755562,2.9586025871365274,4.502553514428022,6.86708385877667,0.9606649738571449,9.657635289300067,9.518358888722673,6.662425644756318,2.250232000654039,5.253110868401506,6.328691002300005,1,train
1.097022281418594,4.588504580297006,7.64757560777044,0.8357009627779377,4.831242581006578,9.58697441726963,3.8479733431821783,5.347701531110279,6.309082371738999,0.6074070015124899,2.8241846618776876,8.3651459066839,3.5850616566602245,6.709048802207468,3.617939512039926,7.922168125530204,0.6777372535048931,3.2170686657928083,0,train
8.85467516244979,7.047493153807319,7.719243235355723,4.486541064468273,1.3693184327865182,3.9734916958266533,1.556015478897158,7.843933089035824,5.168453082409046,0.8572639148702976,6.5239930305561655,8.8042174387364,5.836226697806531,7.253945586498726,8.947195715947707,5.510858812031585,2.0251648597097924,4.609787709499763,1,train
6.7339448615090385,4.8389159365445416,9.159415782620137,2.5258011683280523,4.486053092923794,0.12619886813056036,2.8649739204669435,5.299549539939354,7.9880039786589885,5.282558804686353,3.691360914018693,7.901051899944907,5.837644010279561,8.319503557209266,6.233643141149442,4.441984233054282,1.4406271435306373,5.7760071261032895,1,train
5.057173410294988,4.001761463030908,5.373250488068932,9.72389752244034,6.408320296962382,9.487673247637042,0.9784212447953933,5.093326085692265,2.526469049927619,2.365314706880958,7.272536469154465,3.971949290235597,5.886677171327825,0.12506500350663807,4.2344299765577595,8.676004292096351,6.088285951666354,7.778465755640194,0,train
9.569817399679804,4.320253514161573,4.54411665974919,6.152910678795326,8.92565812508655,2.9396622635459826,6.12016665492697,2.2167774980024904,5.167769215567816,0.4518602297242602,6.358448730766412,9.376000246639077,3.3841039624012756,0.022571742095941483,4.2664257415928635,1.668985667660845,9.613952015468998,8.622329415144247,1,train
3.5340246397899224,7.438854683920698,6.5991914017167375,7.882702916495965,0.11050542317798451,9.775199457886348,7.642412750310434,1.5564234003476207,3.2414750728841204,6.4464155137619805,2.466988966089201,9.865419005301225,5.525941882816329,9.341015872812026,2.379638205673978,6.327992650998966,5.93404332153713,6.936242257659769,1,train
4.0789087405984406,1.06859596340571,3.90100787081506,8.784220864985667,3.365441298231582,2.6598315035211884,6.034092940163641,4.191012477659777,3.0611821740945446,3.053197730285402,6.357053764068761,4.555334517191661,9.032779080924916,8.720877068396003,0.1839856691827091,8.428568891189649,1.374795530620938,1.2668189547770181,0,train
8.797286781282937,8.597633631265023,3.487319931970573,3.9557524886405773,5.664362454611379,7.175184167634994,6.501122352049284,8.596585451347798,4.371999987151433,4.224643109241698,4.300818067532316,9.024570617355673,0.24495233915915904,6.026914037512025,4.301886904428775,7.593543179188665,4.696257667163644,9.802945309856488,1,train
7.489183035656008,2.4876395418628663,2.6308435379998896,1.9135174239228803,6.560395422342694,9.133865984512834,3.917561250527475,8.719429891469444,1.5048706149624769,9.790993082421494,7.8906532252640815,0.1529290832802943,8.756837377693614,8.25897906537037,0.24625753854608967,3.26739109146292,5.558915629090501,6.021654650494791,0,train
3.850127083566652,2.7752672247205155,7.358403309801164,3.3380724944014126,1.0873164036660243,7.162682763607167,1.1195055219396466,7.442789126057007,9.568559131951611,0.3573814806205855,9.09934359252034,6.0192116091763745,9.430283776951974,2.8596189760931043,0.2025000176565439,7.634891222516189,0.0397394766366288,5.402664832705408,0,train
1.458165917216232,3.496542806602551,6.262413936653726,8.615296148096089,3.8442201659337383,4.2807051406386165,4.93396087772913,5.2299155436273175,1.908256963108237,3.8903506337239624,3.8013531144810875,3.0935754564465,3.818663466711455,0.6320507251921792,1.3163418118359882,8.118271834410457,7.616482898246484,5.4004181179435236,0,train
5.89196092423809,6.093869956042507,1.3752309515129226,3.7722937919157884,4.784770992457149,1.9037645677679904,6.343258056550281,1.6127488576132154,9.846043762249211,5.481518354477672,1.4576160112477632,0.42722401906494345,2.2814715416589326,2.6444394772376456,1.52779147772226,1.0283273277949168,6.306290631866003,1.6378769809768112,1,train
5.108692621027149,7.503794390726519,5.59693322339794,2.031438317620482,4.264434479560278,2.6398667241139187,5.566221171861776,1.1534240462791023,7.247682738037225,8.838017326710434,2.0026352704510852,8.453253256507864,5.036263356244036,9.909188503476168,8.395134009651514,9.48381402971549,5.4427660953863946,0.7942102222219971,1,train
2.461783595987658,1.5342358414044328,6.391090236499785,4.749000126574443,6.135327297054246,9.969308909900779,2.1361387355392414,3.8156747226192533,4.116486240345141,1.455478091361715,1.538510092373001,6.457808906878457,2.4435579622367785,5.675101464478446,8.203123533980069,4.308457372994919,4.529112829028086,7.68755377854526,0,train
5.767565852673543,1.9234473455855403,9.29882602324997,2.312589663944994,5.706003113096783,2.0864995801042694,8.342812236054195,2.6254258805039496,1.780035615821488,2.746642908619857,7.041090955814536,3.250216777540844,1.263065246856122,9.519279010722839,3.051762844004485,3.6884091001319463,5.2627154821045465,7.864326532933567,0,train
3.601159293318534,8.645832403228916,1.4086540930440998,0.5098973732161283,5.790142383826444,3.4899331908240026,0.7328384014001454,3.9691294419635836,0.017083810041778058,0.07128018032250716,1.7121673514863267,9.405742980406925,4.429175591466833,1.6739221318512842,6.376492106309863,5.168111382343119,7.969673245619705,3.569314117446303,1,train
9.384839474657332,8.227683184167123,3.5401741105594753,5.917570746565561,4.45520770752529,0.2965717575122062,0.4765357464172637,0.250689890982122,7.523623353627111,7.473043939103777,3.7621574166158,5.040470926652217,0.022749225200654477,5.590559257510669,0.583035800818148,0.09361937951569033,8.438705358731127,7.791505668283653,1,train
1.5640755873844965,1.7307960613413291,2.743810487936935,4.718734386416017,9.643897302868927,0.07455002499240582,8.50714551340462,6.276287969240316,8.418331483763605,9.074878624084787,5.315411531759468,0.04276825226195102,2.0770276785301944,6.0612378511167435,4.036298173985134,1.1917314161701098,7.639787948275606,2.889654128115743,0,train
1.8795760777506756,5.364992377936173,6.435093096311321,4.572537402574279,5.748576181107696,4.408886156287376,1.741395694466823,2.273742438233878,3.607847192410264,4.541568316220767,4.085861872726246,5.508621586231051,0.3094895309916912,4.627950169972975,0.7997128719773128,1.9629244009335145,7.47097531427806,7.437143568297197,0,train
2.282020995163897,5.001290724568495,2.5722057460752135,0.5425778123510483,8.19090156385738,3.7077894582958457,4.170087048405431,8.923247543807317,2.3757841034945173,9.37617280632751,4.1021467540026375,7.956300493959443,9.442730976570749,1.965485446128743,0.6216434837185958,2.660445648672176,4.9426515190482645,8.419505582836834,0,train
5.253836241313107,3.713411042600344,1.139345202807894,4.178990060079252,9.330003121759251,4.558296645279523,2.347824611911442,6.271539653545545,8.840273082222353,3.3268156709412713,5.469749962043239,6.2711827749403914,8.055509798303468,8.746287624373347,3.8993277177810004,4.305096950018913,6.334044023140817,3.515078662154502,0,train
9.968420015572448,2.515075866344403,2.278175921428639,6.829891643745802,8.249043021674714,1.0102618785972761,9.267528668878471,9.896094994898498,8.72197399949487,5.5741432146068695,4.826995565826186,5.245150885322696,4.436609916021613,3.0289243441514433,5.133122899063991,3.1859754607316395,7.779454908133598,9.787803086440602,0,train
7.39010304714531,1.3806351658023446,1.6232065980281378,3.26445946737955,8.202089282269123,8.535000721038644,8.121029607303944,8.25377733840868,9.47028323253707,1.0111127436479228,1.7461321916120354,2.1659937288202737,0.09816464218154852,5.779289284366522,4.207380925973878,8.155258908475332,2.130963365045911,3.398334528934898,0,train
6.075877563837449,4.7753754772724495,9.211441418002943,0.3681392465077493,2.716951102114731,7.699546421588862,3.211524601332493,3.2868541586462428,5.012046545212463,3.550758490809959,6.731469173462749,1.456770996794452,6.571930243447096,0.11587148458644725,2.9544878462203594,6.600825791206133,3.8656276720552727,7.643214105881052,1,train
7.593455609358309,2.310671653765661,6.594074160866532,8.59936422279252,2.981566070287051,9.574533010768558,3.1863004858084154,7.652244475307195,1.314150095659482,7.576086204558603,2.6978432513978143,3.6533330231188312,6.472234331732696,9.600605036965584,9.63360903793404,5.941669974033993,6.8102301266702305,7.73127174455886,0,train
8.822432571587097,4.830231060242477,4.755807415648104,6.192247405685799,8.434942591575435,2.924507986697501,0.8933775356338158,5.028787141859256,9.466078801009534,2.29866178341678,5.539603839510906,4.269994078655821,3.372487061541236,6.0459048586315145,4.252393951866905,4.485824556265785,3.975855979328128,5.303849433583771,1,train
4.306955536179505,6.16186334858327,7.770557126305446,4.15621666236479,7.537382174827193,9.09085017240742,5.565383070897857,0.6843626743722264,5.83262577619061,9.323762314344993,1.9059509392684348,1.4786250441436977,0.14154830358491965,2.005420999862392,9.023728387185542,8.771160917501655,9.480534990091225,9.683647360002773,1,train
6.337126081554235,4.639178862544225,8.695019613886569,7.048263036306764,0.46256481775680536,1.3391921447209953,9.803524467927147,1.897135182911569,5.399982618783062,2.2770298953444112,5.434735090950661,4.546219900748652,3.2347715656344023,7.265195295409565,7.218638952267961,7.55530615850335,1.7574263185597783,5.7074109489028535,1,train
9.417319200198415,6.080864188925272,5.118081980684306,0.05239079380427669,4.483893471216489,8.834356823744459,2.0483937951773488,8.688580439927238,4.23209034796095,1.819462674451534,2.788402174900926,3.983681391150058,0.758541616643521,5.544839338717794,6.933311469773954,3.147143936910078,7.260254419321329,5.5129887868247165,1,train
5.457671936839793,3.449915991314353,2.1380750407491886,6.596881407154406,2.1889660101503585,4.472224110602148,0.7743589180159516,6.052246452645561,2.9218359625484416,1.2668685977961724,8.957338354846497,9.542569633549554,9.29659606035716,6.100102487783429,6.8654910665953075,0.8056297590632511,2.9678671119301656,6.286922783693125,0,train
8.640588271605969,1.8489102774033412,8.088531551591435,4.054956924783417,6.168946636240778,0.4684899888890881,8.402518220644815,0.4398553274422101,3.659955149336783,1.4577724140353554,2.56198288469778,7.4621053402480335,0.9293258297278573,2.589762579039033,1.9878229397855762,8.98775055586549,5.202430364623467,0.5067388931478345,0,train
6.4098334958829355,4.372376649528147,5.872975349925466,9.456947544011195,4.763880345386799,4.15065923105236,0.857794522895744,8.635223625980458,0.44406513805979375,4.775535101797942,8.948681625335654,6.180636841696132,3.380181298556054,7.379443690115549,8.373024974151038,7.466005586891934,9.180661931099257,1.3605297347813383,1,train
2.301683973133969,5.55378483314572,4.7937182850300175,8.458705662730505,0.754290125565451,7.352090571938991,9.600355650869302,4.749391764964285,2.0599829638339195,3.988297617617005,9.488982116804026,3.6667603510987954,6.5838654767691835,1.5550160973549465,3.052283928035624,2.102575724759388,6.617217888472541,1.1952296416977293,0,train
2.8020619882867974,7.803368532220422,6.288003431587498,3.9341033118924806,8.597984943993918,2.225024752242125,5.6694881013862215,8.594739556552845,0.046610708154688485,3.916443466718096,3.4063697333269394,9.15496076829048,9.19778393263562,1.1495893292432502,3.817195351512156,8.40601566641479,8.870150812634627,9.896753888637162,0,train
9.318667002152532,5.070427182273296,8.364327772609036,1.4256591263187657,4.110846565786442,9.653367277777734,0.336217343402444,0.5441465627508058,0.5275773793614136,4.102621533405743,8.204505412251766,8.297710459897061,6.386904736574227,2.741339467562942,8.883201751934378,5.121064094253718,4.97566987395273,7.95747409672641,1,train
7.500818447405443,1.9418153585422695,3.435821078115664,4.885432269884483,0.36525037756931167,2.809432568214958,3.280151733424245,0.5434594975420692,7.5600015871163215,0.708015889533472,1.3636410893451445,2.7065032554547863,0.685332878269882,6.749055883472764,3.5863096133943797,7.470933314769362,5.396695791614948,7.449535806853632,0,train
1.1088681525306172,8.107054333406111,1.2816132712744408,2.48815898778205,1.644818802798118,7.679979851806662,8.394825388200518,5.942932885752449,5.518350506226168,5.195915197979225,9.697666915051888,1.7920714471430255,1.7331875883916004,2.183594207536067,6.926542154833704,9.962993457322412,8.841736461290127,8.477093961877198,0,train
1.84362811871081,9.02379258879122,5.973644423864561,7.188117878524012,2.555365619798895,0.03302364140780778,9.798912658782847,1.7798784840534154,2.485695139587556,0.6141162961065427,9.17042710229808,2.351102201885571,4.760001721239546,2.577361641675692,3.426873366665668,4.186200367411041,4.489975280654333,8.749106775504101,0,train
4.041902179892947,5.270222010961468,9.251491216971178,8.95748070483167,0.2474930493553007,5.449306817133173,7.206933722680635,7.350414680819263,3.35809780578717,7.5371665016025435,0.25008738862717816,0.9179352241668248,0.05647810545778009,0.0323632258032458,1.0499656747242336,5.442130106873412,8.759764227278856,2.831253926916668,1,train
9.41149690180036,8.632641799842173,2.482957973436673,7.428207731783285,7.9579454134094005,2.980966848342459,6.055637248715206,6.955873646899494,4.874881096965535,6.036737184967636,5.127459647393846,4.900950708005725,5.1133265206334855,0.34179831972070196,3.261101006957421,5.908795128575606,7.519726148915611,5.47824703828911,1,train
9.798908789582732,1.1049733611602703,7.571243692067563,1.3148309439892536,0.3807310848702816,6.272224483239417,2.290533345491168,8.964004523539732,3.7414068517523913,1.1107233783009818,1.6761023531933095,4.32656095775166,4.646921969759671,7.513571340332836,3.831643961501092,8.557436912513012,5.880945210649827,7.470350250396441,0,train
8.398159117697446,7.2208595744445505,1.944804957030107,3.2089223788437984,2.2493970343523726,2.815566686177604,2.4218446783128,3.5036459516305527,8.199856293806109,6.900669777079588,8.850808229395017,7.995837821995718,5.4665743197121355,3.6171629683215842,6.098984903796444,7.747304422682509,7.545647009915372,2.8241149685131814,1,train
7.7376301656552045,7.151142590541829,3.716458721326509,0.17150110873007773,4.809176409588236,6.511348036664932,5.259482055847091,6.317661784221313,0.1070334230951886,3.8312790544221698,1.0651599525745281,0.338350365866783,6.133977005976456,6.181186262410842,9.2925581548573,7.377222718617996,6.888216782493087,0.3888984210483015,1,train
3.6759749340608407,5.8784409562296425,8.081815666252997,4.717083952471562,0.07045585149745293,7.41639634633109,2.78724964175032,8.576060736820247,8.306558112975846,6.797988849494373,7.899709729666711,2.2810946282815414,8.649636719232664,0.7331449836794846,7.568605158653021,9.603859671249017,7.414791362212545,8.439863201813981,0,train
9.42877411830232,2.269630025962922,5.372466062765868,0.31293454382030683,3.8139914348499113,8.040107253369534,0.6659386007022405,4.916155748718349,9.645182312132247,5.834639959715905,7.175816323382844,3.4804124173242323,5.626553037216055,1.4301518676691483,6.121032849935926,6.451507965875844,9.893645885494543,3.2037236834574223,0,train
9.328174230629887,8.771503533634112,2.7083084551665264,0.5688537207156041,0.6434831641324379,3.7676133410710158,7.062897095957068,2.579001088890739,6.3454385068236165,8.872276112215282,9.044144681719324,9.479585729897021,9.392379919805977,1.1387656225086573,5.791800804694498,6.562147020166517,1.4158851685113172,8.75941557248909,1,train
7.025620463023115,4.302785722726414,2.5212460200826174,2.2461613364313084,8.32773009453382,9.917443501137003,2.054995050766524,1.448277395419224,2.837322932038928,5.8638225607805445,7.439492891181817,5.236772779655637,5.598336588315275,4.801273298618932,1.7452787110173795,1.9498769603483046,2.899401996590849,6.343225657095851,1,train
5.014649698453766,4.964524756646347,1.6676535582472631,8.23217322289291,4.096630036786053,2.6355304546841065,2.286187174272265,5.836347899898423,5.698012490405649,5.510679063982822,8.679046950023631,0.5381216008522349,7.673383986872717,6.56220902035379,2.4186180062006635,6.574338857803683,3.9215117842486746,0.18822127305088587,0,train
4.598932975534018,9.112970521341408,9.728651921277644,8.753395180200904,7.48637213662961,0.35330973656572007,1.9471355939754686,8.272598377689155,3.950688673639516,3.7723584010295763,6.884468457013573,8.299828855256512,9.494448355848634,7.583452740894364,8.761157242871798,8.775562269762876,0.25619329059878404,2.1943452749214165,1,train
8.903878706145624,8.675331711396073,8.766270946257725,7.806875963488964,8.811484143729306,4.367599008184064,9.131991293993595,5.268753938549896,5.289756977587302,9.94637128672495,2.2479914891287747,3.2275351619674253,7.554769943839828,9.436604504545441,6.368041227085448,9.809057764021059,6.415194050732853,2.355231613033663,1,train
8.038188532455106,9.313107803161405,4.4530874308519195,3.183904433871192,4.016965915598977,8.171893069924321,2.048237624888005,5.461542325472809,6.98423225404335,8.482341116009133,2.8779583705070477,8.410305905200655,9.196670821839527,6.5936163849086,0.26180819907084873,4.107303658487576,5.25277464373631,0.2269112905448578,1,train
2.32703995340983,2.240188418636668,5.839060101470103,7.643879876059817,4.547328111993346,2.075591738512814,3.2688470394580884,1.2888347036536019,9.26137427866578,8.078577036931478,0.01953905188370353,0.2339939699353677,1.0865394882597512,4.046902601732301,3.7864673697858597,1.8634884259349571,3.2721941172312508,1.2293743192685291,0,train
8.076091683548654,4.597262400469097,6.238789208233284,7.632199814337012,2.179996688745598,9.811097792677995,6.127501220575338,2.2290341117844683,1.4827673488767878,0.6116539953389977,4.370934827283063,2.9973448975812933,8.862245021603414,9.055076237598374,1.9141970246048257,6.428412301533805,3.273988438774534,2.600116534746065,1,train
4.809808450764913,4.901300084390743,6.014477458927482,8.779259024288237,9.74875336536395,7.072238089493648,6.827681750065958,1.5578939835459449,0.20172560522659033,6.749292762919275,8.80786554480948,9.354219010224464,5.541571609018932,6.3629300720142155,3.9052679041029457,4.716143141231619,7.6606804800562776,7.101948801171606,0,train
6.311201413937535,9.388713994004616,3.285468563651983,3.5806197465152856,8.740543296075376,2.9845255291243635,7.228820045267794,6.5475925396789245,7.373152234181201,2.7915318146157055,0.02975175365349525,2.024514311692529,5.049366117209864,9.996449685392482,2.3130100515753704,5.071739346831576,9.144767968056156,9.713899043945005,1,train
4.628788989148895,1.8310621853503497,8.229317406341991,3.6326008124452027,5.336301409998832,0.8832027159805655,1.7222536965741275,2.3211049510161095,0.1475228725193134,5.640317429444651,0.28268966710136123,2.186144220979269,2.2711449669019967,5.069572689352012,7.747613222935735,2.5486894854328943,2.1619604446532206,8.346865164626179,0,train
7.92767075770596,4.629882378502791,7.538645905155072,6.069033950307942,3.6886529796867293,9.939626443677964,5.1584885030105685,8.861579752432677,8.426419694057422,5.508175429124689,3.5188187640877597,0.3328331300695886,1.6018728030396878,8.037143971339608,1.267852106227233,8.474628314359936,2.585917125947357,2.9750840180261595,1,train
4.653209002552726,4.743611071113726,6.164781682646111,7.713859625843216,0.9680121397209918,8.455954424609775,9.62580045288974,4.1736753971124285,7.05745547503927,3.849118062920107,7.89902597917871,8.966384661532965,7.39294470155882,1.8987543636738147,4.30353296288907,9.7501220170663,6.832792645975041,9.447584445729316,0,train
3.4663373549486662,5.192293229896235,7.114177265397176,3.010380814131209,6.509070812908418,8.400656018707357,3.5288843655672855,1.06846943343471,4.064520792935438,7.792924450068127,2.0849066746148006,1.3773938815996722,9.830321661855981,7.309173201140591,1.111185083363696,0.5862728271398565,5.730621827075595,8.899931839338752,1,train
8.051485143522337,9.633432724364893,9.449523793410794,9.42801984493771,6.556939360845115,5.296992465212624,2.1576768578429872,3.0254375701390557,6.971512465606175,1.1903585066762234,7.865807228324025,5.662576595865037,9.626965725508406,7.5641543971748915,2.975752868521316,5.6379047631773975,5.4120376960672285,9.526861515871705,1,train
7.286805549893734,4.342235853761539,6.891473464998693,2.588625734794896,6.018115600873001,9.594285572634504,8.898259885585457,0.11510441768577295,6.154798135035064,2.589384042396816,4.8365943338023145,3.562845275246765,6.009268305490574,9.593519375741401,3.190592535111878,6.652629022066746,9.372348253380064,9.407661088074475,1,train
1.1315123217898115,2.7187381064379075,8.789569898770655,1.0511594883861874,8.952228235457941,2.4126489395380704,7.715619680812891,1.7743468035001564,5.7834243470566,6.918622999129952,1.4211978077151133,0.9879588389581395,0.8681318953695683,8.904599832522514,4.6050497559422565,9.838798392035475,1.0396314201541512,8.915281718168917,1,train
5.028279490420694,4.325669155238799,7.036165389981622,0.5748566756478191,0.9881271495763888,3.7509157353110245,1.6094715379415803,3.7762921713157773,5.348592985511758,1.2025244415450276,8.637236385009038,7.69168981200812,5.671110512864564,0.3432212582593519,6.019859024325127,7.643199675768335,6.322734969144345,6.09523331385443,0,train
8.931281926687188,8.474493734068595,2.455701806339806,1.124114174852544,4.792742767263617,7.440349547213265,5.6238109619965595,5.861624917501739,4.429674103427347,9.619999324444725,2.4841038877454755,2.780241104533019,7.7571385224061356,7.68392817847988,4.618331056080297,2.0584050164992576,8.492071557271387,3.2217207264857786,1,train
6.432804830427201,6.473628241302078,1.802951928276345,0.03667282270420569,8.787091447267077,7.315758518735943,8.12670712076377,1.8807830730995923,4.425944677030143,9.431297323896281,1.122956509244899,2.8620142261371297,0.3778058170221621,6.065164499945902,3.168015738873864,8.446459385267815,7.78393378694804,7.154841183261398,1,train
9.626993806699346,2.2225831928098683,1.5827786586025407,7.1222829346625725,4.74708118341195,7.548692468239402,9.286244409025903,6.624758587095345,0.2458273370152786,7.70182646765826,6.324969787132947,8.06704635840375,9.961860433056097,8.091198128877899,8.281340903502128,7.639583474276147,9.696850247982766,3.8223752752977944,0,train
5.82892659222357,1.1542153832109592,5.185750768068528,3.1763958143085724,5.37857847492408,6.924786250463689,6.13933653742966,2.5367429931736996,3.3311680858197135,8.813938788766356,0.48853711319993387,9.824365961948747,3.842669633161695,5.3814431635375275,9.976675504246495,8.584946803961932,6.815884642805234,1.8461776637052518,0,train
2.8687273257081203,9.970395586692083,9.502496355219508,0.8729104975048219,3.1289827341558563,6.9642539915195965,1.4121757432288573,4.965743934221628,0.4762277434067608,3.529269216380271,6.7743481484557675,8.320509085683431,0.23622909351916244,4.2975282938897665,9.171924282208558,9.636225108306288,9.147436200250361,9.746129133385695,1,train
3.0692765980424315,2.5645590587734164,5.9311424616821995,3.5825501782147375,8.838726272224696,0.7689148255385658,3.7383761235883606,6.020680381401475,6.023828925749546,5.044814418326727,9.062317881078775,1.8805208587110123,2.138819997067344,2.426500655093821,5.9665021823793305,2.9769075422413662,4.821201532007292,2.992987248623601,0,train
8.810719190040498,8.641755122810789,7.099358961168267,3.233031287797008,4.702998602014183,7.5369162439005155,2.8743488904150327,9.424547363601118,9.657136394667086,4.530278774823283,5.483072896355169,4.185425212733013,6.449816936582426,2.2313528448130526,8.072729374059572,7.186400460097375,6.305916577374603,1.5289046413942298,1,train
8.569630221465358,9.670817095187225,2.680165939284689,8.141691537904258,3.5554611539821614,1.7488829333361822,5.325743523487282,6.550298520522382,3.4722202562458437,5.258765170095925,5.5683875085737276,1.8977953690766014,2.8548259140688383,0.7884572634489406,0.41031741173987,2.5829727695248583,3.466338194028137,9.656721093604181,1,train
7.423522901376293,4.512316549768801,6.045773049228406,4.584496983681739,1.547930994070884,1.1380959496326049,2.4801559158024467,2.293739584165826,0.10325284544784874,3.074054542879967,5.056696670478651,7.134318441487636,1.586418410537429,7.4348283763048055,8.170704984777611,9.206437606273333,0.6550666878240508,5.459525999658942,1,train
8.815151159907035,2.932393481598639,4.606648783637641,6.124588233127631,3.0816508874106905,4.168314348416191,4.5837217928356075,7.771478238249387,7.4414422181512405,5.390166489276186,1.9534016748024985,7.630113606553096,5.25165949927503,6.300775667729485,0.11387148077411258,4.402614872356033,1.282499509930931,4.687128864503841,1,train
9.87176393545897,7.348982381676428,5.735854738042333,0.06823067945974315,7.808089845577632,2.6844356567658965,4.388775199673976,5.898260639993472,0.4938774147298375,0.08320376294234211,2.434697467616005,4.198600564595783,8.210265913416453,4.124373534034213,8.731517818056446,8.446944178472043,5.873400871280897,6.965467482816116,1,train
3.816053137918328,7.111591133939218,7.831707438765873,6.742420263886664,0.6013210878881936,1.993138058662638,6.124562836926929,6.0325518356551004,8.247917125533538,5.868204602447767,3.5088549443181636,4.513019660954467,9.638142073928284,0.42918967204630065,3.6796929943870307,8.002580635354665,7.703373491311027,7.329812368897373,1,train
2.998008605021549,8.869800422842555,8.33002842993979,0.09762936713408887,5.735607596408581,4.853041208729133,1.0114041516774563,4.433329950947181,3.7422657763874967,0.7040482528608527,3.0877749679368574,7.2265771399863565,2.7990684841487568,6.4689017223197665,8.512932210729769,0.8085800325092918,5.8004465535628835,9.296276996087677,1,train
3.840113611481612,9.990858302413937,1.373087126646818,3.409376673151919,0.9418498737569014,5.63144897977274,7.676878734230398,9.791366014803945,1.0251364776263572,8.46312164982055,9.297388665057845,9.244746882853573,6.701210923633534,1.4657447376458876,5.741810411409308,2.5284499317761675,8.611390026015048,8.668340323175304,1,train
6.746628582547716,3.6510828891558624,7.576056811099672,3.851457999410479,1.010421939064693,1.3984440906996576,0.35217774208971653,9.827807392895853,4.667440229523537,0.45577853351160935,7.7292956353312725,3.167990539050841,0.42426555211519945,4.388735464286331,1.3454930930114328,2.6299911455529923,3.8472200318472627,8.717983317586636,1,train
3.8415784131375217,9.08940138332902,8.713948810971958,0.957140150000737,0.5389168435348524,3.727377804007803,6.826113759281521,9.076583117032774,5.978032432780955,6.202869312160969,1.0558171757631174,2.9564561819048,3.7739910028568846,3.1757462895829214,9.05035026450671,7.079439493576434,2.2497830742162295,0.9104016621372735,1,train
6.1443564420489505,8.85623779944331,1.069624262250619,7.5162333563727035,3.2821601399271563,1.3179565767768575,9.4824238430874,2.1446505554790063,0.029358829533142616,3.0599912218031933,6.24877169992636,7.83255666883781,6.671685910876431,4.8647026359029475,9.940502507412624,0.4010981394379298,8.26768577211443,1.5963744064394125,1,train
4.973877537407343,7.4517335608004,1.1258683871981172,2.4800940145625883,2.2940728478386143,1.7057264858769539,5.04969956311466,9.99896872567658,7.128632303606732,2.800384430539081,3.0380431224708793,6.49112109062807,2.105420681720378,5.434131592711565,3.1872681765749156,9.24295456384486,6.003823861980245,1.6645937016294965,1,train
5.28382391720792,6.040783617387209,7.851514466841143,0.7558227212249191,8.928496556829232,1.0486173893200124,0.6075353253898585,4.958882042536898,8.840727486415387,9.147236759409799,8.915848864750549,3.4346634989546154,9.718574659488002,1.1924928092830833,3.222676253140675,4.8957756754739865,4.436440723230755,0.6877306697587027,1,train
7.990629251223451,3.813636545645294,4.301469823924889,4.608311341623268,3.712715987792632,8.634539927717514,6.087152580515442,7.031522813845994,6.323429164058066,3.869103879688148,3.5394378888551814,1.6089010031792017,1.5128558362727207,7.32433033458433,0.8476399524184708,0.850129647533906,7.432947083321868,5.153722267421249,1,train
1.0873357963839434,7.966234392482296,1.8096837606384693,8.053029148527163,0.629954845857682,7.833511503791593,5.326473918581459,2.366585463811479,9.403819256474149,3.583994347097126,6.015964930470989,3.5932674974189704,6.817470154362479,6.51291902591055,1.214247219465484,7.393506637298694,5.607194304223913,6.603811308318076,0,train
2.442587067145462,7.826519521207782,7.377646098540439,0.7066898210670769,1.7839345129695994,8.640706938730148,0.23775650084418065,4.547429728162693,6.381971500633696,2.976337468178828,4.722968708460039,7.571984384937981,4.214855983612812,7.1415572166850625,1.8713705700761418,9.456316094911855,8.402341002398309,7.434346700164973,0,train
1.55677870749438,3.648903033058704,9.479882677588188,7.811270837923496,2.824252239160222,8.428699328093295,1.224966700764999,5.3247920530132475,9.401736437064477,1.4934438244334303,2.602926316150702,9.119714165833724,3.3372549989472047,2.874853426449179,3.4474503577937723,9.516006123573387,5.706555195026351,8.143189141214197,0,train
8.913678870883825,4.515410674125816,4.210477100331096,2.4299110524066423,9.013763480575925,1.4092537091205726,4.698073591631333,4.615000665655414,9.210804518185885,0.22135346654485355,6.373441990206013,6.4394022916656155,1.9518725221486832,5.098275811028953,3.6713326912240674,9.533511287731258,9.502560203443412,2.197546178938876,1,train
5.20814512357819,4.817659656229871,5.671597327844161,8.295076353670286,8.932252631247064,8.795831538395959,3.3635268612886127,5.301814508210222,2.8360107549760127,2.29917536651853,1.0588074001274306,4.381025458903146,8.227192298187447,0.11701160968997759,8.02943367154931,8.357952312486182,9.606514396638694,9.468440039810385,1,train
1.2348757380979327,3.5871473449126077,6.614859596864394,5.562738173500076,1.623168846170897,1.4755244459346484,0.49734647674662513,2.1610490212748177,5.826985269435385,1.3283225465277182,7.2731812504813025,5.543746379829133,6.693710367198093,3.4222877418983733,0.1958878895642302,7.375487701550202,8.26762708262256,8.861404807673415,0,train
7.31403954591925,5.54217120960765,3.115920008990667,5.908870280277884,7.626864924660674,2.0485022283778376,9.354121419146932,2.7936586185016763,0.6443811529478194,0.7656820166463685,9.729479630391822,4.15513701667334,6.230640354739698,6.651504717379659,7.864451695042246,7.824544321743989,8.29751830199389,3.9656662505460405,1,train
6.507825888853221,7.953058867169085,1.7436566273686769,0.4945196711109001,0.42858316467892177,7.370416373259282,6.925571154369714,9.750129431109317,9.625921271961271,3.5702424063608253,6.454292098052729,3.227475050394121,0.08502420849235581,4.131576241074786,5.1344632335791935,2.443380186241325,0.35863853162725445,0.1748401946481981,1,train
7.397993621043216,7.808059532476618,1.7293316434271702,3.102598444321872,0.1212148303988736,4.925068961250468,9.564719623541752,5.078381469833686,6.0255096383423155,0.48542975938094757,7.622449855435216,9.190075995595848,5.40326073130066,9.736640345185934,1.290109540068488,2.3039215364677768,1.1115296521508322,6.557741389434405,1,train
3.691050429759678,4.151265205963174,7.9045472674424975,6.0408740363019735,6.449040637007403,7.05915983495386,7.7443014491516005,9.904549557213793,4.360884169255359,2.61977212276993,4.080567827979477,5.690722175553507,9.192278659458763,3.625359835484172,2.9824487429117905,5.794708017155213,9.993438094342956,4.496836481827056,0,train
7.38460945783643,7.206524492280371,2.3665430314160556,9.652751234891904,4.612522353463989,1.2644019245609617,5.492632460303037,2.3447987882795127,9.758222223601475,1.5933711787239457,0.38035416056866334,2.3671442861740086,3.009784315674927,1.9510702894337129,4.658625150872213,6.0894410161352095,7.765124649247232,1.025843505155326,1,train
7.655732451977979,9.406735684380546,8.025004442269115,0.5749939132078552,2.6176404165505307,0.6551484083599746,4.8663337002704665,2.3679791980882747,8.554548432272645,0.7688805665391363,1.0461678357952653,9.581231021433354,4.68840404232645,7.957004862037645,7.218248009522183,6.460696847602028,3.443853269724746,8.072360416077128,1,train
8.231070745569484,6.261765002671911,9.649217399659248,4.050500010285715,0.3505104782076218,1.5234369952365234,7.363387434584723,5.406304659058265,6.659591352916413,4.722148808680875,9.40467627808798,6.147680574056116,2.6230433059365077,4.494359482986473,5.270355054306206,4.568426675489099,0.7699040602774598,2.3820375198398533,1,train
2.9860588082641963,3.353442188830007,7.688245399559044,3.85175539986782,2.187757105761501,5.231383451931394,6.856110136982033,4.451148972271602,0.9379306022820211,4.247965801146191,9.247159242416307,7.482042464359139,2.142577167111929,4.6042107229287605,8.699916322859998,8.554872361660825,5.472873421865648,5.744957836928762,0,train
1.4470799874347624,5.041514542366656,3.266029579556447,9.855896535864497,6.556232244027917,2.9912699189253624,5.322461299760799,5.214479751543804,9.030614979767336,3.7739869279353844,4.696009642965382,7.707348416861856,8.826145696454192,1.968419478792749,6.280006548355733,1.7004958234345535,1.0641068108368312,1.179172211885836,0,train
5.081163861310496,9.152438545745728,2.4057019607626855,9.064601511720035,8.421231366609598,4.669283791149903,5.076194375023894,7.352801926874163,6.286589984614023,4.70237664999726,2.8694355464032895,9.071659814776929,8.872787681590697,4.723204363113105,9.38267802438824,4.717240264058207,0.9280820176958415,6.532080123221467,1,train
3.911785940490717,5.367523766760653,6.261721762440793,8.669397486264703,0.37218109964953894,1.6173370520617403,1.702622616824322,5.228733134464536,4.303808331789483,1.7042555240599855,7.602467069666511,4.399499763424515,9.55566427887638,9.785805712544994,9.99499120154554,7.144224631207874,0.18303597857789344,2.3877207229582287,0,train
1.703166810755106,6.350753022558347,2.4518740588646843,5.778910022172776,0.01234681671484994,2.5325348203448783,1.0175746451744827,9.309142279838424,3.9606230111420784,5.76590980068625,8.041041295143925,3.887684458062446,8.470473175140064,0.9465155814392945,2.758196281213816,8.32506978701405,5.074646268874249,2.506569067520358,0,train
4.562400345479427,3.2074488871942566,8.997254664507158,6.066047102616109,2.0061058322215377,5.479347897255511,1.4475812359213713,1.2906117800650518,9.381045083061743,8.533154376719072,4.226882690209832,8.543725706953232,6.514758487757541,8.764374365670394,9.765768092552282,8.761895971222968,5.668417414806152,8.777304323632142,0,train
1.963295260576479,9.37452586482772,5.266437607251027,1.095183426255708,4.820211533377218,6.773983757117177,9.96705096847845,0.8383866538321816,1.7979480581139862,1.177562455311234,7.397624658528585,5.654578185780169,3.1522935336731583,8.806873246404116,5.1820039767188,9.45369734001684,9.104623969557329,1.5447539266371013,0,train
7.30444571506265,4.567665359675262,1.169503607582714,4.471858138263116,7.823788722070369,0.10486477207228728,1.4467939565829402,4.562382219754473,6.905453461207837,3.5897326313463394,8.385845387025023,4.74937397603146,5.7344712406697305,3.476174741753564,1.0859382820641361,5.788858562528757,5.975186242033631,6.543643604926927,1,train
5.723916554688014,6.182459970881415,8.64573593177549,4.983665872027104,9.335700937329444,5.483067800241837,0.7658734167840364,6.577338404373233,3.6634791362801367,2.830952540683316,1.439807092565547,8.66187096848724,3.0080265414191345,5.570606774638396,1.8474122485807032,1.3868506958168902,0.1440919707610122,7.350958723338811,1,train
2.437709237651361,7.54295673737022,8.950036262315917,7.040380735664464,6.894604283101024,4.716882108897727,7.605193597258638,9.119685763066569,8.347445401816696,1.0515917781126372,2.829895577819148,8.604192735881623,2.8638391997317605,9.002918986268956,1.2037696334206138,2.2646680513314243,1.6231647064227717,5.346327663182428,0,train
4.733625088010389,9.624514328056849,8.275896197419288,2.3242278501987332,9.84169025956548,4.878355058255661,8.046777189049175,0.9386643294302077,1.3602276866344731,9.876090607487782,3.4731622801518247,4.780656734311421,8.624962330624946,9.346885108491222,4.984511223683159,0.49267149381000186,0.10342331469748389,3.923627221013742,1,train
1.7454348127953665,9.496790351024568,9.934411196453867,7.961345266091779,0.47510982355396747,3.4764318911131245,4.745692021419348,4.996563935377763,4.3978070862940175,5.935193911512289,5.339488995893444,0.101326722277435,3.1694282582073416,9.922166507211024,2.736709077276158,1.0552038744438819,4.266432402832315,6.277485493773644,0,train
6.783045539616012,6.713942494929054,5.304231082723248,5.949623384862167,6.7807780750837265,3.3476082334463495,5.232488934925142,0.6668396936204946,2.1100860288820966,9.411171760935916,5.47898900927717,2.855235494176289,7.112866797194236,7.923178163996489,1.1965765386002292,7.79740945272324,1.7821150444404998,6.95052644069535,0,train
4.173555856019873,6.849830933746048,4.262092907461263,2.5036494729538084,7.203458875474025,9.958013206680954,9.912929307424132,8.301249138539317,5.471997498267487,9.156127851429732,1.9022432224274777,3.0683309486336396,3.9229837851401106,9.367553373600925,9.583723236731789,1.4917194387631216,0.023165497215521524,0.26934648509328696,1,train
1.4621799968456075,4.630547724514224,3.9793701449837697,9.710461883861539,1.5582785220526607,0.6545590585281891,0.7287156069887835,9.395990403886884,8.68929035834211,0.2610445192111277,4.991748084835002,8.434676044775141,6.168494888668684,0.25307651150930144,1.3833217661728758,4.725013052388133,8.800270644168148,8.777811539743867,0,train
3.9405675888956666,2.7329212584332274,9.071937369786973,4.408573313424229,9.438039779175945,8.121010729848319,8.865719741105634,1.4286251975061037,9.396094371486543,0.4367238942141638,1.663572324887469,0.7523344159412559,7.142369001421671,9.52345221403992,1.332918039759129,7.796114754378783,7.234853878817762,2.5495737904984015,0,train
9.987978629695768,4.526352142651599,6.456972539309695,8.376267912896454,5.133231756829052,1.9268226944414213,0.36195862211756746,3.7622011410689646,4.6753257638350405,9.925823844894513,9.45019140974034,7.7580074054286055,5.18239290635918,4.583646327136939,4.601325362624882,6.150276995124049,9.480978932477186,9.281272551626705,1,train
3.0803939059432697,1.294147689071706,7.214719248265775,5.675308523918016,0.3502566883538616,9.190289387740403,5.869755151496401,4.9324193407769945,3.452948862390819,2.967803827054661,3.2854106663339233,4.052077606885971,3.330336203739753,4.997717050289951,7.627695252648029,5.860408918413283,4.131624984324339,0.9134992305322787,0,train
6.853639865485573,6.448772473496661,7.870455574836127,1.199968383365424,8.287488039823815,9.451144623742127,7.635131625589865,7.660882023121265,8.509388164765927,7.155283646255186,8.807540623442918,7.480861035146624,0.44737644353628037,1.1173925575886956,7.204372872657912,5.298216120737901,8.297044562735813,0.30100216019198545,1,train
9.064173248348904,6.748996177794507,2.937068679116413,1.6921834004287095,0.3547248520076107,5.553378740801307,5.267151608635766,5.893425258867293,9.454323244665721,2.12027489554951,1.7208240480371384,3.4969923671457015,1.1423655706654035,8.29590452872099,1.290414734366151,1.8240978107125627,3.8995442876375144,1.5519317861665138,1,train
6.9920753503739395,1.2299131016021976,7.357773428975708,0.0018892783754353992,7.7835300487047405,9.266378427692235,3.8194564284842993,0.036808715800169534,8.395729042492205,8.322006876331292,7.769610592462196,9.856056353979325,0.9334532842178311,3.860016977151669,6.309549742801717,4.475481712267349,5.375974813392061,3.6034107845920493,0,train
5.101573606296015,6.186807159153125,3.959575260477395,3.702303215358781,5.780328048228104,5.82886244515536,2.7009149097320972,6.041028181934012,1.3591163598488132,2.8088054485208405,8.949054470298538,1.8077454450095543,1.453579238253554,3.368711312778432,5.366345143898763,4.6865393302590865,7.698663390894536,8.353741547194897,1,train
4.284906277247193,1.6689013912349369,3.788877535781765,4.884744229176018,4.357798549637857,0.287091826731255,0.9742528698462938,5.228564227007897,9.303913629786761,7.077056322320133,8.325051052735013,7.512851080170221,1.618446655246838,5.440214844077023,8.862498443826478,7.92911849385039,0.5380850137031734,4.762532621076189,0,train
9.403077759418572,1.5276251463365902,5.965047756807364,4.962407271907402,1.7565946789269904,7.696807363124588,2.936686958380008,3.0317887476927274,2.1569246929806942,1.78598358012794,9.61978229296591,3.876730419466182,0.8817297727130347,8.197566939261062,7.134151167647371,1.702358759762349,6.23928044848401,8.070010013534018,0,train
4.451531507893193,5.286389254577831,8.996555090409718,7.083885023581123,1.4691348875169608,1.2848482435001674,7.2664661397040184,9.973851786334874,7.482442757111237,3.504057461330645,8.672770911199075,0.8346813963268485,0.9603084346424351,9.65552150207136,9.182284557413755,0.5678811767571046,0.8539278684377172,8.625910905215209,1,train
6.425652744589081,3.3408168467923804,1.7301544262447588,5.343690730324543,0.9001161000587388,4.929302124263261,3.9001109035004875,4.890442530399067,8.915108943474419,4.28978067835912,8.999693179424863,1.2080085618130898,8.150855817354095,3.389728713735364,6.959158869810457,6.020624779445649,5.648672684904024,8.905002950344041,0,train
2.2336818917162753,4.2300104355262595,4.862823293048945,5.473774849722616,6.066235845441195,0.5870560986261519,3.730669872369349,1.6494834703306305,1.6280759358213137,5.314902803685024,4.314612591677584,0.8683068520320225,0.042485081189371776,3.2955801617555647,0.8804094674267426,2.574284916420523,5.064171592755759,8.30537682285765,0,train
9.28595319987582,5.950901083805645,6.942016900824165,7.4196935564688085,5.468875141443496,6.988048025780832,8.12504500627766,1.275559471459452,4.3637301308283005,8.669318834745189,6.227729970011612,2.3528567320263982,4.100315216685556,2.6190214919072297,8.617943212947527,4.049324690573081,2.246415900988695,7.08179622663224,1,train
3.6815335797474966,5.347272124596991,9.180210901409678,5.288255125448066,2.3827796091936015,5.7068999183795635,1.5847920467199061,2.7436080513400487,3.354405628447872,4.690236700858568,7.39985502126547,7.428975910967907,8.909298059300202,4.79045196390598,8.391293540524384,3.3088521329115563,4.875283240071213,7.051611832535018,0,train
4.399679811646592,6.517067417325162,8.556651889719731,3.989193178550968,1.5439319469651358,1.5392741256771414,8.827028142548588,4.338842049537269,0.953550972327939,1.4218245355182546,0.3594901069679024,4.438909406342274,0.5485676241369009,9.406049623101424,0.4993819210956718,9.133646401546116,6.813748738754023,8.941943079771551,1,train
6.329351282217553,2.696535391899773,7.539643459707757,9.00710594798424,7.480111664820981,5.973405898639948,4.990474331674442,2.1207477826079977,7.435030426340724,4.988356304556669,2.253911117024461,4.2659830806934895,7.900779496642649,0.3176560360862146,5.285324938070795,2.7987125194485896,8.09482858449117,3.3070172145853816,0,train
9.309051457923069,2.390816233737503,6.783552592825203,1.9546071023124334,0.6281030886561478,9.84026352983959,0.9567543515180144,5.198338891242149,5.346214812240866,9.202371399546672,3.1295788815722183,5.049397938639889,9.998073428586297,9.666116178372913,4.279805309608049,3.3354179073679937,6.009502183495657,0.5922585949019898,0,train
4.5000074942820945,8.641445793412203,4.195121001621273,5.108335933202848,5.367236428557542,1.541249634228412,3.6768735350477044,7.543949986133301,4.464184326756141,8.19266715380659,9.488213474753826,6.971122328169192,8.824415975569098,0.4760478287499159,1.9550296521554844,3.2067004654022178,7.905351099571375,8.462901546989585,1,train
9.93936630330676,9.184051392674162,4.117405920702492,4.785123810829579,5.372274105499258,6.745844566962967,6.739254276861888,4.448754849526445,2.0331374237182964,0.6874745369997604,6.484456875329377,1.6095724836823344,8.46558386630792,7.2791191418634025,8.940802409785237,0.294582299858166,9.34319054448916,9.742345665059283,1,train
8.985132364881776,6.4904371036247595,4.6260836952445485,9.172863824006296,7.862697648379742,3.336927613169338,3.371917329344656,2.7793789263345547,9.509365950168187,8.484908306953884,0.1444094102153981,2.9153220260523827,1.2749923082415193,7.650221515803172,6.050570480307362,4.113789173525516,0.3655850065647781,9.327932545685034,1,train
3.8719524895477986,9.067828490185446,3.8612803140870504,9.534008520682125,1.364411413010822,1.9135108259995603,8.358996159660204,3.219770156033687,5.719264454211555,8.32041034850484,8.233628434287816,0.0022463464450039883,8.686482158950826,0.46844535233959483,2.7895584142686927,7.4571665806844525,3.9167424849224073,3.1556799510273184,1,train
5.739277280995339,2.837524843983399,8.46168691011472,5.103465793784068,7.0266435798695825,8.53160423781376,9.915677507831706,6.507585006536831,8.518171359513019,0.6430569042292511,2.4162710486959416,6.9927853962865525,8.375785934654568,2.1183685605379043,0.8488428595258313,3.8638606043359047,4.724864807249296,0.3755428018424467,0,train
7.802918916545749,5.103336506993604,8.187852554621871,9.575567057397956,3.232543937256974,2.4683246567503527,5.372190919209864,5.32685628757127,1.757124935536094,2.544029164470473,0.8367945538815669,1.6292633051772087,0.524490619478476,5.886574311168738,7.276097421716695,0.23612826067646808,8.63214340618401,1.9846497433543897,1,train
8.567218830662815,3.682847626035421,5.94083526349255,7.7392561695751585,9.353867310752511,1.636514197378388,5.970157119265113,7.369057609281131,0.8940053362461908,6.593896037166425,1.7873352079124172,3.7238640347031096,4.810757267073781,4.980559353612369,2.7555522395396306,3.1934295586244064,3.99776921866821,9.067526627009867,1,train
5.704168187569715,7.512352612829708,7.466752728478198,6.987066191537773,7.033148896266511,6.7929712881178625,1.424970030677093,0.1431387068752732,5.497607222610306,6.594164844172299,5.438931942137847,6.809746831193719,6.8324742697791,3.525630465001778,7.717692045438569,0.9948072533373242,6.732166521515167,0.20967053749988307,1,train
4.068368073807379,8.115908506510515,8.382609692448455,0.9369436199836312,1.9617348939238777,5.538769210829974,8.940363106614841,1.0192918942237783,8.108177193814699,9.440396042515532,3.5785878592440623,8.908003670352509,1.3845120002772304,8.220044397896851,3.1156408149465764,7.046621286396919,1.957925822624973,9.456582813285335,1,train
2.0697616827694376,5.931209548879475,1.018754854092466,7.68644757356638,9.972865002715517,1.5770231222249043,5.135057030124981,7.079743750511688,1.1631830820793354,7.224719049133319,8.40556192557899,5.12148289536269,7.861798158951132,4.35696522988898,7.935331937776474,7.952961547903957,1.8606409555646986,4.4323690093360995,0,train
5.153989798177044,2.4034179037633323,3.1408352710677625,7.053423192964132,8.964696755958068,6.522262601907004,3.4083569074038755,2.969855041872097,5.123286702010098,8.763548087544375,2.9927277767305815,4.5982470226390095,9.259282051058374,2.341488612223027,7.812735671101843,9.057139711443215,0.13853173038267164,0.2790566608954548,0,train
6.561827812858538,1.4034971189994214,5.39180154199094,4.81771635793499,3.7606696315350363,6.416345934639941,2.2178241556385316,6.414243933013357,9.075656813525907,7.997740754928739,9.032073171944097,2.4154782905235295,1.5342471466552332,1.5756665704137685,0.12643742721329732,0.07856067144103474,4.694063433766614,1.522966644764736,0,train
3.1266827989075723,7.021352321119459,2.1188536789756287,0.16770094702708627,1.8339384731565755,3.274097847464769,2.23974140938871,6.858623741353073,8.236821463345564,3.924317861153744,9.694409011699362,1.5933286052555562,0.692986398583294,6.277993745069299,1.8684668169750684,3.0051466209864186,3.4853466354386695,7.873039864484368,0,train
6.125268349002639,6.057255019470255,9.231705780742004,4.476470094271344,0.6309421858026731,1.93760769631675,1.9316035752985539,0.21484736273534644,1.6637480026634854,5.070566372633996,7.121995266855725,5.439663025833469,1.5883560229770943,1.0926233015050713,1.949634795713825,5.141940146510792,2.8935052125548855,8.563797343062678,1,train
6.172813726746625,2.6724726371552316,4.056035768146491,8.215835622067155,3.3568680635550328,3.2214682945467055,2.6367511599923943,3.9954875778676415,9.248777995882367,9.953024795238683,1.7894277028796113,9.729423151236773,2.892064710718738,2.146714006812389,6.3142917627573345,8.541466162034826,2.4014485892932025,6.20181798158851,0,train
4.948496490349898,2.174799358492576,3.8933311244434994,5.443171293239751,9.61438797801486,5.149797826982566,8.760104694189067,0.09146683437143643,7.512749416041192,7.456376317542457,8.929733324600607,6.939786060040297,4.8034523125270745,0.2357502159216096,9.17644885370086,8.12937922848697,1.9570058693326475,1.0554298082014213,0,train
2.720304328666661,7.535339389238303,9.212642150915716,6.292294873238559,1.5775526083794156,6.733412994518294,5.9313348145191185,3.953474579383025,1.9029489862415838,5.686460644042494,1.8928863843076449,4.076798203736481,9.300681080814837,1.2808367699661694,1.7972200502792257,6.22678323863838,0.4082442588777768,0.7450555075313015,0,train
3.2398927676143305,2.545516439574118,2.318679126601946,1.777878406136827,5.970978643540233,6.930174260304971,9.30794565656527,7.1081825552209175,1.8509395896703895,8.759648502266007,5.401339899303398,2.109680832865285,7.957616255297301,7.602644992362046,0.7709469510399725,6.500106480767331,4.37189514007372,9.056640539520846,0,train
3.5440712521711797,2.79430337725404,8.647631018409507,5.665741227756045,3.0718585420985223,0.8836703866104356,7.142873185398992,8.287091756333941,9.71409000186069,1.7115751738825358,4.903136930474631,0.4242716837971894,0.5624395583685071,8.435343352380585,5.874921804062483,6.270402915225874,1.6463147700023162,4.137002173232128,0,train
4.196315189833644,2.2658968648695463,1.6882389106145377,4.655252449107366,4.029232227404522,4.192855325813777,8.469222467364338,3.011568602651933,9.296887137427369,9.87853457350302,1.4256190918956868,6.411660989223446,1.2961942707642349,0.4210477126626011,8.10446363404829,0.8937941152679341,0.42946351847077513,8.716209746868577,0,train
1.3527368332204242,1.6012789926745423,1.9613630946648395,5.831157516431508,8.902455875515901,4.332452980113919,5.94993515607397,8.827341701096822,2.912939591174284,9.50590587554765,3.8586390425715846,5.404068003208017,4.166535211673566,5.2381244964941835,2.012971675617604,3.470192149684226,0.2125815764172423,8.35492765792887,1,train
2.7679548421400963,1.0578907597463654,6.1711133360956225,1.1416282278920764,8.662274721994342,4.604565901154842,0.5502912522624614,0.892398864520727,8.156774084140908,9.315255348281061,1.7092306398566304,3.276699289882008,1.0964321227217377,5.614307845836894,4.691854187761404,1.1846038489421384,5.46116785521614,3.955349275026554,0,train
1.0360070168623052,9.364944048049573,1.487282978424236,2.478448113763685,9.327993525779162,8.674480385448593,6.3630244783749,8.713420621290238,4.7190237548637795,6.176632191517913,8.564876963493237,0.8286548519733128,7.292593050559927,8.694251282188313,2.522791496822302,4.906330937727107,5.432539196795544,4.605369054674613,0,train
4.524232580133872,1.6282685304040911,6.285508940175164,1.1007918645368686,6.227015593574427,6.283926141315362,1.4784884111529195,6.952810149751492,3.427442812190903,2.491171661340088,4.356626819894261,0.2853658064620024,1.7101612987842285,2.707562663302596,3.643631350741469,3.9840927984462873,6.037695347934725,6.148322537687988,0,train
3.612673794116592,2.058061660500436,8.818682016964704,1.017824302343644,1.494890448002546,8.212807747490112,9.642601378509264,0.49100358989913606,0.4843480471635686,2.2267006200183195,7.257053487494105,1.4778967119099806,1.5145420801143616,4.408750564524754,9.46041488327282,3.5656114952382323,3.90477566857422,0.06969797976964509,0,train
2.5837233296184556,2.8059646512353704,8.948874796980718,3.5230685808083697,9.794570005084536,9.815984665656218,3.1992765585031058,1.965166416569637,4.439036674623093,0.4214429092310068,0.0003258880905787631,3.934448482893486,1.7034536437000036,5.412030532363813,1.9903454276940624,2.7087977702092267,2.187607573263468,3.4042252568696254,0,train
5.474288038644197,3.43269150657692,1.5854835163061909,4.703243068923795,4.008002243880004,9.935198121925229,0.4608207410583576,7.091971544608972,1.5966718945332359,6.994117063932778,4.812623944799306,2.1154049796786154,1.3203202287384463,5.866910118897265,5.079285012884364,9.710755859456238,5.6613406813839084,0.05534709167793528,0,train
7.643405420467463,4.016946549598483,8.10092689867401,6.8927672332836,6.408187002698575,4.83575082480902,2.738889384869554,2.6197578041096548,3.444821691247678,1.0680174368691775,5.108217490896484,7.100738438460513,2.1362294680614182,5.71422088821271,1.9769387173750508,7.835123653919959,5.839457663300967,3.3547590582101283,1,train
1.1234292925699427,3.927745011058571,8.640867894124112,0.8696707358310551,9.180978550740226,5.683580353561464,1.064451885581058,6.695854628771787,6.207586835241714,8.507577983080967,4.79601421665151,3.3725095256241797,5.1604832667084874,0.20461150231476655,9.672833557792986,2.510115038561347,8.980780205975217,8.182031754591147,0,train
9.14044022623908,7.7741279004057775,1.7286543490414117,7.829581955522633,0.245430706802795,1.1951086506303843,2.6586981710754722,6.034580608215671,5.4045679384135745,8.113269095037742,3.810193251445181,0.2172614890851543,7.714125938818808,2.3933023984367887,8.620893103764915,9.883302393871174,9.792782232473437,2.662458762621913,1,train
3.7870629860025113,1.67783210136256,6.376095859233524,3.696500636662212,1.1353608637479184,2.920806119525147,2.362487936430453,1.274357753515254,1.6523062428408242,5.784241761538704,2.528535009296716,8.40713350232424,6.274505140105621,6.075314026014489,7.33141326824223,1.9439019720535333,9.7597054277623,4.2455624878876765,0,train
5.076590784169143,5.2892085650220855,4.787868466501887,2.2917460960656824,1.5780704322904182,8.154741470547734,2.780717059394928,1.7985872851971452,3.6856991709865063,2.9493947556005926,9.616716026269811,8.93889915322357,9.358849017493139,8.290755716169018,3.94336346848719,7.976903789291701,4.9651064426687554,0.46353475128584565,1,train
2.5561457030009413,8.513542757188455,4.9983147171833595,7.412529636199676,5.679934142634073,0.07359804121582103,3.5223672643157347,9.340729761631753,0.9205530639269155,4.200912695415392,0.5466080091089187,3.2446183828468786,5.766082593001713,8.937563330818975,1.1980723663057624,9.266879738014158,4.938823658975133,8.248363119679954,0,train
8.290861134257232,2.1423198703090547,1.632073983397223,3.412331321702972,7.749907952476764,1.747103754172844,7.121728758037148,5.105103537541648,7.833207765063332,2.8186906673012757,6.417629401904844,4.972916744024399,0.32289963327515214,0.2357641095575802,5.578926463729967,1.8496404265185051,6.14379792912294,0.9298265349730495,0,train
5.394002256634361,4.985365648606969,3.205260191852125,8.827094799955951,6.013634335833583,8.235388742947622,5.1065434614263445,0.6901779600920199,1.6914214020268314,7.882921171770238,3.4645566257745184,9.17519677567258,7.117758530585782,3.0620523733096805,8.279913810350028,7.138322305591326,0.861325616533134,0.21847580712519243,0,train
5.306260680392758,4.881556559056814,4.273194852135359,9.844841367155672,3.79423732948738,0.8989871420374906,3.0367622093289626,7.671249487122637,3.7007437830301337,3.4349552112755255,1.2405287063435522,2.0110442001217423,1.3887643684040685,6.5930821846804015,4.111455348648568,0.9165950122897026,2.652744333558311,6.3694362991522,0,train
9.375585383334837,6.474563774643276,5.245429591371198,5.329458020905618,5.593923267453354,9.890480115393677,8.105068857550593,0.34708814115497644,6.08076574877882,7.529448852499475,7.285189790819938,3.6779139149951243,5.096978278125573,2.3279207716524883,5.4384393131690985,4.688106193820596,2.5391491706687708,5.214286815931507,1,train
6.598616080385014,7.982047411861561,1.3941453322017905,7.277727119020648,3.08964521907476,7.355734666788956,5.769394092690438,8.033003746844727,4.6420348875468695,8.48238334023714,1.795197261699203,4.8666633187228205,8.545135039261298,3.337104867382971,2.8795901385859257,2.476442226597423,2.689770178139005,3.0280471754642466,1,train
4.879708455630044,1.4453684060134404,7.1650758009356075,4.290098106921675,2.2885802535205713,6.324020649256314,8.960225506490415,0.8192244771246882,5.025222347184041,1.8130672470918208,7.135500533249958,4.184215783290818,5.761307421045431,9.403213130544232,0.9740280174566907,8.468706528480235,4.044255689453454,1.188444232411806,0,train
5.200179486826094,3.6464998719180017,5.201235322051674,5.100491926506484,1.0091455353974421,4.520615832833937,2.986435232375416,6.583285773878957,2.5384710387248512,9.7657323539072,9.100764050001924,4.294104338341137,6.206684221199823,9.44977594598003,9.237548400760323,2.136665143031997,1.512311817052523,6.868943030505004,0,train
3.949567991176499,8.273511185241201,2.388518469034914,2.2723141124926274,5.082863128883143,7.531258658663211,9.378948055788744,9.630275035947877,8.359699860224811,3.309855741077371,7.265706033354007,4.151226501564352,3.6182525163112467,5.5094118195776165,1.6793459207822092,6.479538169375219,1.571865128929466,8.300844341219541,1,train
7.90885949403423,2.484587801872826,9.213558280621278,5.052910067843285,6.090539968383522,3.3982985898945905,0.047716160675761454,1.5594448050547116,0.9827238618452228,8.097844736048424,7.986336440819562,3.3425522543396093,6.715018415327494,0.9857859783208534,6.697652088436121,8.807752066113805,0.6692598267371563,0.08984071474178457,0,train
9.019975752404818,1.0846498454873224,2.1463855248500057,1.6311830533768679,5.533303522783802,2.615676686877163,6.905386618844482,8.631926870476923,1.5304693199685993,5.003424278487519,5.609972964789041,3.0692626890437733,4.080920754305057,7.497726227465472,8.415065561362514,5.5668751764223074,7.182465741945671,9.787303771543028,0,train
4.289319078045743,8.87652491046981,5.969880844787622,5.812020126151661,4.718115377642745,5.517283006387485,7.047680418415628,2.0175648663738843,6.960343593929551,6.4844441271116136,2.134007612790425,7.182346772475783,9.178366359055337,8.693785205608556,3.057179264451558,9.606293779323384,2.0999041123488715,9.61897721134208,1,train
4.8229312587252515,3.62991840469784,4.98188457318365,0.3058640749920183,6.896339113895208,1.8960408900607062,2.0996080584060195,3.644323485749114,2.5372566351120494,0.47847574721530894,1.0461546815476719,1.740395830781175,8.683480498917609,0.9802583493834738,8.114271025796217,0.6824159004286501,0.31864682976104786,3.9920855508343775,0,train
9.259132092633148,1.7721508656723863,2.7410686672237827,2.572243693094717,7.990734166777111,6.723185845957014,1.6375713573756556,3.5575957828243943,4.195958981964844,9.297531418186237,1.420714811907251,7.9215210001228815,7.379727656352131,8.280524973464606,7.431270458619608,1.5189654411475773,8.783016136520509,7.2461801261251315,0,train
5.437168538895696,8.44287354543378,6.784851560643949,8.131610638929159,8.474989149823788,1.2354700272594132,8.553849727264984,4.9336248514229535,2.2135737380070197,2.4476841728656176,5.902742068731435,8.953112924699852,0.8933943918225384,0.38645267976956665,6.578205404359641,1.4598346486010927,5.82935624243123,3.676420486834121,1,train
9.859558747836925,2.0811779362128946,1.383095748690982,0.12172934186413631,5.76535687739076,5.109327278604276,5.864649059293035,6.044106168581496,6.47542573410333,0.8123112172764013,7.561342809093507,4.753021433194073,3.143726483688809,7.793307301808748,8.702530354358204,5.639201749991242,1.482869126442351,1.9556232114416883,0,train
8.014283548238975,8.532056169936043,6.538788284009228,2.9905370163987888,3.555220311590813,7.742674709710706,4.607388493605842,5.88905595817393,5.1024906034554025,4.329186972961172,6.271842077421108,3.627290242144724,7.448009057681882,6.640689267528858,8.937234588515414,2.915271036784828,7.809742547618925,4.5903907639666786,0,train
9.659159933602297,2.736393840819546,7.357466180917367,5.314172608625439,0.4613246953223227,1.5352486617199634,6.635072858178549,4.923642313641889,9.055956844626824,6.319651609492178,9.990610312821005,0.16471884526757186,4.329939103774157,6.659290361424172,8.059795496521,9.528059008015662,0.3595616625372178,0.18628701708601092,1,train
6.109200158390784,3.049783754905219,2.049566983304631,4.772351438487338,7.952792359450593,5.145146609345856,3.025055578413327,1.896680074239333,1.0700604110041934,8.314712278026107,8.891880972797392,2.0660712672064383,7.960598141030434,2.243380723206619,0.5209722184920362,9.130311952936438,0.9193614811269568,6.574857523584161,0,train
1.2862607929067431,4.588031868430421,1.7562657391647978,6.8740809743121325,8.64429695413935,9.995255671043454,1.0875048805341014,0.4811125973842967,8.530160027465628,5.371594471770679,7.950327251656523,4.912269874791285,5.0655612022188805,0.3080843355524099,1.1332854566340567,5.216778827716084,9.764783751282508,4.407203162867911,0,train
4.625224287029608,3.471814979842257,7.428018694489237,9.363104613668353,6.767035136854589,4.784480152625115,3.6189337687367926,1.107945779308268,5.596515444938065,9.967450551011463,9.884054549432228,5.107682783531299,6.221400290683647,0.8093517190902555,0.6466629555360104,7.848299175784415,1.5187161157879914,2.5553805914406382,0,train
4.304708204280396,4.4247873446689185,3.992000073363348,2.6641066868375507,1.9994761717221876,1.4958682197404294,1.1507260311289247,3.8207337563369856,8.328581457424383,6.6855401789464715,5.561024248957104,9.800465811876748,0.966222327277757,3.6530469450277616,5.229877447896376,3.948161208690885,1.0614400057463191,7.377849505035994,0,train
4.027054046354964,9.63632354438205,2.134918962550513,7.7722316403259315,1.5147110793035912,9.327454423743664,6.092401818021845,4.614011108260399,3.720972536339362,0.3489689046059641,5.916735847159708,5.037463840882003,0.7259896427569412,2.0885074858680133,4.913122901070356,6.85562033012787,7.391908660553096,1.9690375911806168,1,train
7.646451130106385,5.776530680871709,2.6158552581460217,6.62205547693178,6.143195491583042,0.9523413557841076,5.67325559950141,4.988308488666813,1.9903374256673967,4.251619574622914,1.6250823659693614,9.048765839805924,8.065586258017966,7.389050293214845,5.860635079401114,8.99174992959124,6.491183105147737,9.007427356653437,1,train
3.9318553728575902,6.796233667482038,8.598792464271687,2.6937835204758507,8.458930002019343,2.233428624855893,3.4097995469981743,8.362438490648458,2.0059009342735634,0.3022600277639764,0.268665105787943,5.335936815042096,3.4739933186810292,9.857636440444828,3.7351170182412186,4.92289774201347,1.0016798316727749,9.303602369916797,1,train
7.000692106033025,3.989347383194622,3.267457323616271,1.1420744486402845,4.132137462044414,1.4953737900197717,6.290369586457494,0.12680204068655554,1.6791225101031793,4.188137652372203,2.541856062271688,2.19791734040637,7.356062818519243,4.919527739076681,1.4842392334341503,5.647437073942353,3.5068404108810847,5.785254311235123,1,train
2.0707741202013157,1.3114053279063278,7.67337115895937,4.893515417377423,2.784259222222655,2.808591812718796,6.541569650203128,4.323560299191824,8.040722606550812,4.400993257371008,0.8104742506543283,9.258096803079926,8.884287707128674,4.5917117709833954,8.063062024477125,9.169655928997166,8.364167180156146,3.549867514205558,0,train
6.480305676199716,5.576904316485701,3.5805042375865166,1.2006450207097796,3.148392794443109,4.722384499521935,6.700332135479824,1.5878722737326068,7.638446429701803,6.509285476254405,1.6985939200548705,3.2776941734980394,1.2022108780684793,1.909368810396358,6.3551555071847075,3.635379769577831,4.939822265766742,7.9562068209824375,1,train
4.589998319956508,5.492550612993704,3.6361463121742337,8.881661369135692,1.2455469513960815,9.95133537368784,2.6928877139449883,6.247163828241172,6.113167610062348,9.707622155794667,0.1956544425689133,5.431800362760742,0.960918053451808,6.7126854223949515,8.294824719936258,5.153011278355029,9.273498394696523,8.359469761166487,0,train
3.804549942167441,2.880147950077581,4.993648784184138,3.3473667476599145,5.026333867961778,0.2698063811066598,0.30601748279852736,8.020674167722584,3.5718291477999653,4.226762857505485,1.222211131669122,4.696105688122232,9.531631383419208,9.936372101004228,3.1636937248636587,3.6334090827676038,7.570688609669992,0.5129610505040216,0,train
4.306011599516111,9.373376529950802,2.9779349991458464,1.5665290328711001,7.308763208938513,2.359943516478361,0.8515968581897615,5.698027153257856,6.6939359199907225,4.806563089646897,0.025511108402674898,6.909842996085023,1.6042477688872436,5.410694774605237,4.746937140249957,0.6057028630115313,5.205727643320532,5.215512528264792,1,train
7.772424410360553,2.9159909764818663,6.2046676913915455,9.996869426331813,1.6732723984509112,3.553350702042135,1.867630621579215,4.023778208882401,2.4810664256922377,8.196041778875731,9.338882001702292,1.848559181178695,4.275387173936661,1.0445275715901103,9.476545206252982,6.106748115813277,6.052722686743545,7.7391733769972335,0,train
9.371153108784243,5.2001826489777505,6.016870836102039,2.3657413539736263,9.375179198675319,7.539021188684557,5.799950751507109,1.8496597540276005,4.975445647449604,5.05477712997437,0.8342518634602691,0.2814059187508322,1.1084680529201762,5.083728966434576,4.815636885852527,2.2196152196332317,6.299804546281971,4.975137041019943,1,train
9.372408728919751,2.5197191562356225,4.92091631725075,3.745923098908337,0.8215895629472603,3.609757354116645,8.781063946010368,4.5565979025319265,2.2196152080266316,0.5794845759378386,6.382420640678483,6.528481068537348,0.6135169561807874,6.589576131215916,9.647344829267489,2.6096178596827144,3.677162008570858,3.93841090096993,0,train
9.389020910951112,6.585545624394915,3.9131430030425514,4.967009921348627,9.322003994996056,9.369740101032058,9.92665470613687,2.051523966380906,1.3529807012052908,8.527946694382269,1.787870247341271,4.1241230549619,8.39149803238373,6.02723974437248,4.046678621588348,1.8265470434333053,2.11996824629866,3.2403326766149556,1,train
6.090849985827447,5.873883594854922,5.746979695581134,8.575681342876187,0.42716783385255197,6.834330136684307,6.840095150506803,8.963954810011876,4.393473747728189,4.631353744037928,9.537071997012308,3.2890819386871604,6.865487963177158,3.532946175036067,3.840260749640442,8.400431153892534,4.812025793063048,5.794700401907717,1,train
3.1324129269510435,1.7344996355055762,9.176694713737511,5.640221423884922,8.343782220299307,9.400949476189336,2.804220585756231,1.2970622467775883,1.6895863588712356,0.6547968758037215,5.895682786832647,4.324434623426892,1.2449783724730878,2.897548583809062,7.791128596557621,5.055387780204512,7.111710579807995,0.2894173178694892,0,train
7.615055294510008,2.14332678540218,5.707790078579947,2.1793301050948832,1.6441820866750223,1.4862268877261242,8.536858459986,2.7060850852227403,7.267393929295826,1.7037710996000544,0.8215466573556918,0.30540128582733583,0.2575611324472882,3.2830896483944683,5.59909617565644,5.566211738827432,2.810240791475608,2.8123505817858216,0,train
7.638023110083026,2.945507937571845,8.902126486632163,6.633118530037149,6.180719654650525,3.5876965520430826,4.706487138609553,3.549235655904439,1.386083817224082,3.173341867028072,9.527864984207849,9.44959078201552,0.8566941701901798,0.7177066479494865,1.0468345487422703,8.628863705631455,1.7212419896079056,1.2012497799119315,1,train
7.849748697371605,9.937322917260436,4.401277739831278,4.038374569654236,8.93623739168673,8.888901103168717,0.29112290197375823,7.724965082073194,6.1129686445991,5.518268685470521,1.1008192716858656,9.620470711362806,1.822926843817626,1.0135676034341767,5.509369575991444,5.590339905617487,3.0689391653519293,7.5632585430412345,1,train
8.747212096029777,5.0735494137740424,3.340012617884878,7.963802840035577,4.514948200635915,8.16921511882115,6.889403218446032,8.35511469705518,7.763960124536552,9.697056718157686,1.3203490506185922,3.906712359404284,0.2349146084644127,6.2836057168039385,2.514037870111924,6.789882871729769,8.139321877376355,4.608142054171544,1,train
6.317312908143898,9.27614272747305,7.975506615695891,1.6601787399385193,8.282492426849188,5.7936286104371835,3.241195975549762,5.909685671980904,0.16748846344752932,9.718569425251523,2.6863016156859243,1.3366390892472735,3.705941944024318,2.3863018553353363,5.552946335643072,8.554035027349022,5.719139772778956,4.678626595213,1,train
6.941870865300104,9.44784840120278,5.674342952993751,7.38799263389227,3.3936750150225214,2.3996203637024838,5.958661162326643,6.905124003283197,9.361839382178808,1.3083607119231566,9.827171596569192,4.5576128483250145,4.034847855920902,6.856692568572199,8.197626252958838,4.035726172682665,7.386394229792515,2.018571526068361,1,train
9.636808024570124,4.747530259119683,5.56051613778066,8.56349370913689,2.5656371215031184,4.845330419468814,7.727106610566149,7.078510527270939,5.843624681643883,4.722355080803626,4.349422444076191,8.719082035078861,1.5651729374962187,5.895910685393341,3.188845895843453,3.417883927427524,4.750514188677463,9.679378420598102,1,train
4.327770191099427,2.2011861953497736,1.688113912809608,9.186544513671599,8.084127795299942,3.096490569926542,5.443311267563301,6.44323148143526,9.552612726692779,7.549975982096429,2.0788902901513753,3.7613954573624895,7.975743153874458,8.58117041965264,7.14069614476922,4.398956336748332,4.867011542048626,7.450408510556988,0,train
9.326907099438374,4.4366564280239285,8.887672409170763,3.2505568414904373,6.004931861343553,8.893400313109664,2.6202764627502972,2.8035817283883944,6.940458527667177,0.08369188937438876,3.593683741409488,3.802205052888926,3.639492552428496,4.168052753425991,7.635429871233041,6.11593419519151,3.8056350837907305,3.610850485095521,1,train
3.2535055860310806,5.234466252608372,9.01962532510758,8.995047992006194,8.926651788392604,7.121396495261613,6.299353704857867,1.690897275854587,5.389703576525177,8.02459655560982,9.893530434137988,9.804630249378658,1.8842918504822848,9.885929396656826,5.67443960493624,9.059407782953457,6.911269549944458,2.1306215256377037,0,train
6.346653245204322,6.029685716196158,7.092702218977017,7.050069419249716,1.3671701210891263,5.013546446782778,4.1942992816322,1.06345665952983,9.079508854631307,4.154071141184982,9.978734201015534,5.2438472891490555,6.210058945320752,5.584761847990192,2.794403771790831,0.037470978912936825,5.361045626609741,6.7317414835530265,1,train
8.250844021820566,3.3661823321170914,3.0202261365816545,9.902917469103059,0.5112206464076163,8.7809375587281,7.496764810334373,7.95376563217483,1.2502254941856772,6.303234400686984,4.2268542255103405,5.151190377878763,2.6810860204184275,0.1480539113654855,4.167680820539199,0.16427548686750892,7.416293665385001,3.121126611879429,1,train
3.296954193308302,7.699825232958211,7.213362599946035,2.8644841684456246,3.4495613320040386,3.69132034677347,9.563942779106965,6.085096495092173,5.042955821140876,6.386360765583602,0.5859264006745724,6.211904443003137,3.6576131771821494,5.596432557784824,6.339507728721165,9.313053593237049,0.8629786248651505,4.881109123563934,1,train
9.191460619638448,5.245860156585456,2.440466073049138,9.736445003080586,8.218582702352768,9.638646173197094,7.737180161087929,4.593477532063803,2.0869512633842593,9.939905925553308,5.503151158083841,7.345182625119579,2.263957783641859,5.907597993232155,7.548119427519632,5.146019134088581,0.17102434309787862,6.888912152502302,1,train
4.171382411085647,6.955120756248343,7.073613412341142,4.736481475295598,3.233817891495352,1.7942615966438225,0.15543788957413263,2.69856551121594,5.976116758565418,8.345856526318542,6.391635338231416,7.145015022878168,6.4332424619424735,5.960594743321332,9.095756270726516,8.662714124739123,2.863371056091676,8.913812107013307,1,train
7.20163745710352,6.139788344339409,2.475537571304365,8.828694487145652,2.795271318727192,4.354973344568217,0.15468218451246574,9.425967809177846,1.5541011570929708,4.8839682791920245,5.4288600406631735,4.611752454365102,8.217342300214872,4.737854210004646,4.698739118945272,3.899303559442581,4.908767571491048,0.7307952266037732,1,train
9.06808339166328,4.6601598279774175,8.026298552801812,6.33780662884774,9.401773399259248,0.8016937313580852,6.531751540072076,1.0101288697879984,3.0992111679696874,9.913187687374888,8.092784489114988,5.384690526447272,8.593752259845942,8.912736142820792,0.5558180010385028,5.653446871812764,0.9162801147134747,0.4442989418945331,1,train
3.956635266450819,7.899506343255924,1.3105971492701411,9.948280289224755,0.16198077036882697,9.033433713573148,7.988257857286013,5.344942348037691,7.141871494087489,2.782297592143108,2.353165891948008,4.879371705766655,3.2035316064766195,5.448768617434599,2.1413459455297823,7.937262669915287,7.1595507368450235,9.012689997914595,1,train
6.968085900152459,9.714098701719958,5.225889856510789,9.451540875056665,6.399416251915859,3.488161907365528,4.256801819997649,2.1458155288887792,3.672904324756203,5.629221115432151,7.111381561963133,0.3172055221326675,7.529787424469289,7.135311099438125,3.0879353821990643,5.871628522224659,0.5750834325730048,5.9585792303698835,1,train
4.266919879686407,5.00607588037895,3.422944941311644,6.193169009067233,9.932912128126949,2.6957131641750207,0.7432939566879881,5.176554365210021,2.964718857758055,6.693776050694379,0.7134823931022416,5.558803749562298,5.306150638390392,9.238610134762906,8.934345507031233,3.4428362632885676,3.115258786695436,4.301897307117784,0,train
5.4938744249082365,8.346443887786004,1.0207047414838262,9.424914497464055,9.898061199567474,0.6984555008692883,7.818103409456234,7.28749587947163,5.124269008980312,3.8658436750171243,7.842530032486657,2.701661971944106,5.007090451982873,0.41462003367377265,8.643905117164103,5.236601539244505,3.4943744715710157,6.259992212291722,1,train
1.2198346476997963,4.486269530499284,6.104027749474234,1.839305543884866,9.786546074981537,5.569275866869274,2.8388701655090056,6.865460153283469,5.304751633222801,9.199616687025484,0.5047155939266823,5.235450830008631,2.409187773118391,4.049686042718335,7.487391829160996,2.9651836158888214,7.344766068888932,4.798387054484042,0,train
5.27227204462284,4.879870730419964,2.1659295676434738,1.1276480765730135,9.081802231255391,1.0949527455465036,4.489865571446964,8.345753119309974,8.568120430782965,3.0730006429198897,6.273190532643985,1.3780817572132331,2.844884056095258,0.7067127846842092,0.872504378145208,1.5534307859667584,7.1867977964031295,5.871374025772634,0,train
9.459195492765293,7.87509182265285,1.9529362073177297,9.089713345845649,0.9383018689031852,0.7774351285059111,1.349176951315153,1.9308202002457164,4.369542352212019,8.273326163493657,8.515135648794448,2.3841753018709824,9.129472106980417,9.815147363605396,2.0511691059427517,0.30995575287707355,3.4877297476731783,5.268328593964114,1,train
3.953832619857572,9.239935127479711,3.9259249327267782,9.611275132272425,3.1248133732276715,4.510685910764457,5.749229424313008,9.266281159676932,7.590236642499133,5.850582652187354,0.28330418995423656,3.885186790143348,1.2313616866216814,6.100655631412937,2.26203348813884,7.162171051455227,3.4001667896148566,2.6819479567961304,1,train
2.3248985111809537,7.034766147497594,6.284086363381723,0.43834352571222257,7.444755127338252,1.04519333997671,6.703927145213317,1.3040057824772877,3.878076090582617,5.742363187849438,6.880595865999824,8.944209569886429,5.4644534386449255,9.809699435476944,6.8772816715407545,5.2419931619620295,6.96285703542272,0.8769041441725367,0,train
9.360507102606215,7.833017562153639,2.9446470000236906,8.230352030616196,1.5528517002938058,6.34512638303013,5.654058637899694,0.8501830114230213,9.4401991617559,1.3562584524249333,7.534314935627399,6.672478738477263,4.883379014916997,3.662260923516092,3.421460135415799,5.156228093698648,8.666136768889325,5.0561057732667845,1,train
7.916168406117617,7.6852125996738545,8.794812179218898,7.21820278971691,9.11655643556538,1.2906704326676388,8.732847871929527,9.84051582591036,7.936211016485276,0.19376776132344342,4.715128733296979,8.332678218433308,7.115014975125064,7.796362766129733,2.282202471725588,2.5821800806432824,6.1702548783373325,9.869374902232535,1,train
5.532017744893377,3.937684464765378,4.638679556313518,3.453111686705883,9.286910777238662,4.818766894982983,0.2656923413635981,5.089136365783835,6.78289049633258,7.007089335744316,9.736045748187038,8.186013124676991,8.631441456093425,4.159288406042859,0.4585632929505401,9.113540413874238,7.912241124856536,4.927867413460431,0,train
2.628627949517467,3.708076292621874,7.40480099631987,9.729141187252882,6.379325076516098,1.5899142308454928,4.780049265954053,0.14749061212862125,5.547417632451197,0.5235818198305053,5.260234034195593,1.8771568724778886,7.499977800309146,6.405300319691346,6.876763122945707,1.1894763489374727,8.049608743084033,6.596314827961339,0,train
5.568773051992318,6.8569361369151265,1.850743267541677,0.9560929737081458,5.745758872990351,3.65134467004939,4.519102592795465,9.79272640584094,1.3743143854196327,8.717097601991119,5.177232495345059,6.8360567388542925,2.2316011420492288,7.571093833247373,0.04764239128604464,5.798391798588222,3.734372801209439,5.928793098664938,1,train
6.610954794801065,5.287579802479852,7.145583804319146,4.349785519420246,7.445040080773195,1.6483567499706753,7.467313917385432,4.94990631930677,4.144722042165503,7.545087824262346,7.474609862805485,2.4858862704369287,5.334692160156765,8.144146617823674,5.8442449006101285,3.195918937718539,7.345575115266888,9.217127278767256,1,train
6.886781940967337,3.038944097391981,4.8150664016314675,3.804753354575735,4.506769917783395,3.0370329719566866,8.99784592075118,2.0837717765337818,6.680034273823447,8.890520187580044,9.749021692698182,7.437519469132737,2.31469302346457,8.272875098694614,0.6967914805585051,8.4436620101824,2.7620721615475183,5.835423063828643,0,train
5.462126952869195,6.518880687304365,9.48947579273599,0.9560473617280274,7.072365967715793,1.4576668730541498,5.693724830825903,9.986260987593264,3.3362433345118383,3.0448162038262208,8.83970269618747,3.943430115424622,8.968396091272487,1.0017534612171186,2.2071011306467425,1.3286663285234313,1.4302446077665865,9.331644783837303,1,train
7.24611741797524,8.508018249694091,6.782895967485401,2.6605516567508336,3.3918335721228887,7.897922128680468,9.999085486148775,5.052069621884071,8.728325457415613,5.367197029673845,6.063016723644646,0.45890907409853465,4.667886280061417,0.7381299338995495,6.810221822661841,0.8402535118014764,2.1499310420893494,8.232926906791073,1,train
9.591781744579,1.7259264908262648,5.962281591433419,4.128588454256272,3.964289589414902,2.5827320364834447,8.763677470931047,1.109143633561095,0.97983620772079,8.073275658849951,0.7868725552780487,5.97741319762021,7.398774097385226,0.2888067874985345,5.575559370447546,2.3458747822792327,5.685292206353763,5.694589676984654,0,train
7.164008603066419,6.424388373460172,2.079470795323189,3.209945963174088,2.88901893312117,8.651397418046113,4.907508831620554,0.6284527977722465,4.241891142277945,7.904443158149751,4.507103858976095,1.9464853027530937,0.11103766797443737,3.7250201374843273,7.720049804088865,0.6607526492198323,9.976291851474736,4.327593773356554,1,train
6.368553854634196,2.905360868158754,6.88661756552021,0.46924694081286966,7.514042645243455,0.7955111204332532,2.722765170403585,6.555223423059462,5.497896727834359,9.44265498921578,4.4955470541537235,0.6402596254231097,9.46460033294896,9.506631756617763,8.084729850742384,7.7702644936002745,4.3339752033978165,2.636771612165787,0,train
1.546761236183865,2.6486220870908133,7.922992014865147,5.282706422564548,1.40336382173039,2.2224390601594624,7.276389585900312,0.5211167238280168,0.3902763042888102,3.2664085604830606,4.15512973340017,5.23462878370098,7.563117301700313,6.634291759114129,6.30002032470422,4.013861870845645,8.483321208422488,8.881967764142004,0,train
8.61865566990269,7.574737260866106,9.00487492271829,1.1761481403850504,4.464334036397986,7.6724190831365675,1.1626440006551797,2.731157403619463,0.9538596239345554,0.6509102983875703,5.1435742423923525,4.606332560241179,5.617057814153573,1.134702563804374,4.575642320197243,5.962490139552433,1.4390226681060247,5.143717898832893,1,train
3.81015996813269,6.442334982391563,3.0005610861388536,1.2048635652804829,4.877048793859952,1.772791449061526,7.982170737779936,8.204185547479453,2.7887643376359605,7.274142058045994,1.6673595756508308,5.347626862088962,7.179065800125509,2.7195071819547723,6.603508468236301,1.3833734113787421,3.3966119044787146,3.5185021803857044,0,train
9.135569832318817,5.027945498068644,8.59618495921268,2.8972337888583057,1.2187511882245494,0.22695530699383903,8.127753027671835,1.7226343213130335,8.641270805775719,9.298852800556777,5.218112407300069,3.307724863864654,7.861265465270799,5.640413571954602,5.024348964052557,5.211339420637735,1.446437229881854,1.5214821359256059,1,train
2.7645050604041885,9.07503905602097,4.899154341058735,1.4952479897467064,3.9481233925981165,3.996133184230566,9.758597931350481,0.23964434922743694,0.26268025117043625,3.185757691403075,9.674630118261607,7.784324907932875,2.878969090975515,2.80143342673329,6.10290896781041,5.056819971113042,0.11944971128205917,9.540654930075549,0,train
6.32872786045296,8.92714338159681,3.5274850548718324,9.629313242261542,7.655692340239016,2.64884887506015,3.132595402177981,8.540635710796758,3.5869963195936148,6.717723891288335,5.64990720813787,8.986557725796342,8.273421542303698,9.949030189824175,8.258214623924902,2.1902555147133027,5.534688292841762,3.0008080887934643,1,train
6.6269057154278395,2.743264631691825,1.241335183155666,0.9337304431572413,3.592857612967536,5.802473040424641,6.0410019024404,8.648590239838105,5.844217916702249,2.9715178553554433,4.72623245936186,6.093374584053022,5.113186568572585,6.716535749752213,7.398916963749383,9.317646732945429,7.167538633336546,1.3334753722402481,0,train
8.632445491180777,3.1780227445387013,9.84866207767918,9.853050297852121,0.0737678484712212,2.207168472914777,7.304253180752626,4.649452882146971,7.700024135449005,3.01228061601467,4.042675950999552,0.35385461968083565,7.99309956489234,3.8630204169459548,1.7277317003806136,4.979696948838489,3.526761114922865,2.5800839165871503,1,train
9.357231218830815,6.1372147116671965,8.312326279399187,4.260816586665349,7.8303254292680435,3.2700386149462632,0.15539973639307592,6.846883047572097,2.3109195173159214,2.3547271710687845,4.227035088870119,3.0154187805880674,6.859167114109617,9.179173078623684,4.473264712650624,8.245005338212483,0.20103074643119223,9.48437880023376,1,train
4.755391337731726,4.422452190779984,8.561059998213242,8.577703572530478,0.2954313125606145,4.708832195486918,3.0691749874926244,6.651061570812807,1.2824382403366197,2.9526354096416507,3.3218997221597735,5.4192636260301486,6.756927485046953,3.704051082486423,0.3422433941771619,6.551076991064354,1.0931436379520676,6.279402000605353,0,train
7.069420701251104,4.496176182913625,2.3903956323248208,3.8050143839209074,9.271016510303038,7.527972456265375,1.4143849128078267,8.694000927371054,1.866097276519063,7.400220852614106,4.277638855145637,5.44783256039576,2.9011355669569383,8.358670532881995,0.49990360827983915,1.7398633370160976,2.976664367656807,5.31853069361865,1,train
9.889726879501351,1.9485823288153008,9.05201427950786,2.168502876758709,8.805822692668833,3.4785768953248297,6.7476293177024225,6.406618485596654,0.8606255082388325,7.914891285300892,8.88328178953694,1.6139188163921636,4.8564113799890185,0.7548567475135315,9.798935603444718,7.903032039097687,7.640779820852648,7.895318520538492,0,train
8.960694282823361,9.108119413416112,6.166562264795138,7.44468091405036,4.24254187799227,3.6051080832800753,7.476690288170339,3.14982680077292,5.754383302122072,7.375135188554651,6.762000516170698,4.519688122860109,0.7368355275577265,1.3123296270267548,6.851236565532045,3.272984859727579,1.6149962627695535,2.9855599031921995,1,train
9.418720210403254,2.753332352574021,6.59527873849494,0.7389175161442607,2.243300461766229,6.687455521707135,5.028783371618275,6.003504246808069,7.180108383860388,7.79326576683157,3.8877244796788926,3.8069791229739547,4.266083175077608,0.7432026591132912,6.254842902205512,9.011634078034817,2.9663600655374776,8.98749232921836,1,train
9.95214822375958,7.4115784347262865,6.093603347731754,4.902412286390007,3.519205796814897,3.0246034429472,8.22998243680098,7.715604718484784,7.970207641667928,2.0463859436417264,8.761816581434374,5.630582519316433,9.372231805355609,9.476971660654838,5.440665094418402,4.536721324273932,6.877255611466957,8.274298344531974,1,train
1.247826774707418,8.083608954934583,9.011030111805818,6.674705673304143,2.2744881219019373,0.7213825364362969,7.696609770541186,5.010134375498271,4.211281957499969,8.818707597901449,2.7980718832276286,6.808362683930068,6.8298004690702925,3.0393545433049374,8.809720796664704,3.0565830470881696,0.1132714318877337,4.441769342957638,0,train
6.978582598830986,9.7150510956825,8.31586726774488,0.04569526004330915,6.530054078090756,8.98581629737292,5.143467691717457,6.076114835134604,0.3043048532128756,3.3928991875219983,5.9883379657776095,1.597797870555574,7.9725130400731,9.691311937203837,4.382471629733412,0.8477913962250261,7.167419257684875,6.718503839777103,1,train
6.691706883809294,8.618935931203248,3.199176104333936,2.420630744915081,5.7908450759952395,6.093580400097256,1.0132037392911175,5.545578249310342,2.0658236845385325,2.658409642269741,5.119661261306988,9.876928792458298,8.966338853073758,5.543576545776128,9.133904134798906,7.275432596656034,9.349877495363893,2.2700058992976127,1,train
3.5299632894156043,9.913672656122436,2.5528459017018075,6.472023703323831,7.904896436946263,5.871618432291558,6.54808417936923,5.962882419917258,4.556221677303773,6.904447769031484,8.621651644749445,9.973320187271439,2.5501881146385985,2.3140536930954303,5.7413644819691445,4.754561005988386,5.479760342467943,2.0585473876270868,1,train
9.432459109072292,1.6037180229109478,9.11835018370998,2.0892344479829648,3.2706428670832577,8.976308557639026,0.19384967350238536,4.484877431692596,6.974592634803152,5.237885490590744,2.4869035119875758,5.077240145321731,1.4099211231656439,9.033868673181846,3.6182071977831667,9.580126401333454,3.211960132156423,7.309310350339283,0,train
9.366011811903268,9.194321711303294,4.047518170954696,4.603232268130589,3.8899139619343694,2.913949630012298,0.03691439363685878,2.75466469160408,5.997433364134693,8.573934850842457,4.602714440739399,4.562682050129695,4.913150402349253,4.78079853857176,1.6905368889989725,4.079131908276957,5.926542060475412,0.4525269151447897,1,train
6.071324023656958,3.654974889813809,8.987777373007457,9.87911381520243,4.497397338855317,2.9597394691783094,6.229842682454974,8.96563345174139,7.054935820829085,2.7696439245027706,3.9120189395088065,7.562074293881582,5.161459033752978,9.986683518105238,4.396853793073969,6.916656599816608,3.628953928526264,3.167601820950688,1,train
7.543984630654589,1.255896181973241,2.759202478930044,5.809110696694972,3.626692860672347,2.8281870962770417,6.101275930498663,4.568094660141496,0.045239931878564565,0.22564349400122086,3.0708683325133657,9.064083552516525,8.865518250158464,0.648024782040576,4.193288002608087,7.905560391250744,7.978917622099235,0.2241378795662896,0,train
8.00358573899848,7.922991980419235,8.681035982510862,0.42162747331413675,5.392381217908846,5.371078594699316,4.340411560204701,9.322756778331565,8.967460061670863,4.025062882116162,5.087333977037247,9.009371849181235,1.235851745963319,4.590170789164829,7.010490765537096,8.898782914491516,7.256803735173024,4.314143834589554,1,train
4.651923231604341,1.7588229778741895,1.4084957047077635,5.083922158854487,8.88866776842025,5.151181587260738,7.769952187644358,5.078877702362461,8.947274852743185,7.049908551056859,4.06088023667459,2.695056920862312,7.926791699585078,5.593636024917562,8.36838353746273,6.217740009911495,8.669583179432786,3.5521589882228586,0,train
7.415176286506653,5.035628171515161,7.626095758765487,3.4304022809237367,5.278155236259861,7.808358771005829,6.784790137634069,7.434549775150527,2.1234026082298643,6.810138791288466,1.0809206389171944,1.941430220283339,1.469308592558809,6.255440743823809,0.7107521241131454,6.374747724538884,9.272609590731793,7.863538432256884,1,train
9.37598928154898,4.751855489134524,8.820482612809698,7.387937112778884,3.016799538317435,1.3822274498098297,0.4377899648371564,7.072615114628309,9.027522269597089,1.3082181849140972,4.100958222108759,9.06446982983826,3.501872027242009,1.901143757082222,7.117222479055101,5.980615292703243,7.16570251398837,0.10363767360226595,1,train
5.143750010388913,8.50945998664707,8.33668549347006,4.764745695320968,6.481950592876023,0.6665235573601469,6.100534802414389,7.587055197576012,5.102321356825429,3.9923219353418213,3.5386540912510576,4.795642947628453,8.23289756092098,4.550787883867258,5.86999709880308,4.9850729914899,2.6616071329221302,0.44775750682411686,1,train
7.779284012733182,3.1621424772719644,8.792990511761928,4.4342523330321795,7.198810266510093,6.857776671912048,0.7859386147434022,0.5354417931021016,8.63441681181721,2.065830513987982,3.2892167668561854,7.737385049147548,4.673307961971497,0.4196453633036423,2.3745172418860894,1.9378541801032256,2.3777638905622354,9.522534619615216,1,train
8.3617750803182,6.892085786439943,1.3200270414078918,1.2759411838640144,2.501848589384066,0.1009257612148351,0.5119940823161551,5.929410206064942,4.8274539615253005,5.378679227260714,0.5897708148465386,1.3075305915515667,6.114982859427788,0.596175362819793,0.3073690241181226,1.4790960064673742,5.230502827017311,3.249653654283118,1,train
4.630383280337406,2.1882210441541967,8.830608177786832,6.224099841229118,9.505638946712399,0.3134080773765402,5.811230033006329,2.001488031427021,7.938818463574524,2.6457270640120125,6.416094471026955,4.020455196154266,3.933403107816148,6.036205767487478,0.5700657743011706,3.3980043473794543,6.007366247737801,9.022022555308762,0,train
3.2924073935195275,8.503240344970376,1.565023801898072,3.74813973801708,6.7791173880536535,4.255779955604567,9.354855465381162,3.5670165118960906,5.824255004042511,2.1262513887051746,9.598735872943044,5.4031117462502465,2.646537780286009,3.588426621483781,1.1707566508403489,8.41594260688949,2.326294468864143,0.3073708395441288,0,train
8.833551276470628,1.0456804760469884,5.071831795582127,2.1221548235717522,8.306363781428402,7.42837371672019,2.853027002074419,3.7027409527704735,8.46549827676433,3.0338617429925407,3.0883302613528674,2.8944783567953447,1.2736085625450733,7.764238006063643,2.5347988496143548,4.206437752369466,7.919303113633677,6.7055395150248165,0,train
3.666831284951353,1.0835530808724578,8.883047030591944,8.132267532022011,7.544828401803177,9.637562444396151,8.687223049282274,4.908358118893256,0.16188862874980114,4.581333747686639,1.7704878135783642,5.504129519208091,4.924590608716231,3.436738474374997,3.7628636241828617,2.329273418490642,7.777130908450506,9.778668422208995,0,train
8.978540272293047,5.5015146353940265,3.483513652963585,9.116764952254783,6.532322685150343,1.8046052696784698,7.213653387990102,2.85875150488347,1.7462673491704395,8.916056295649783,9.402898510238884,9.988850012225267,0.619049718342155,1.4677022202794177,9.009756992307212,6.757271597591319,4.0685580710263345,4.771784998452463,1,train
6.960984703682133,9.78959828812959,2.8169026079796406,9.822058727646931,0.1770208888431002,8.014978630759295,0.2024637000430718,8.788384808902933,6.865434127537694,2.8685069082983796,0.6249319279697674,8.628332860574321,7.086082169852928,7.887352326684772,0.12621733999660822,0.5861263720897025,3.763295054014224,9.883528133361327,1,train
3.8450870875913337,7.786242703473533,1.9320820670026753,9.707749794876886,1.2853902594458932,7.28758115597,5.982545898527334,4.7994438550796135,6.47803376043289,2.0443858451114183,1.1645476211008199,5.2588471854542735,6.849093975078184,8.415450483981097,3.2079125476416204,8.406975848406015,8.40779725656158,3.925611465794213,1,train
4.460897979991921,4.540085189950355,7.657711633900544,1.1901302434720862,6.193938547224363,2.224392856576044,9.999978052184336,4.724814854357193,4.440031557594963,1.8384733514184015,6.770000249376582,3.652597031743942,3.920149656598783,8.423206686613513,4.239953790917898,9.673217806590396,3.918116969070299,1.0143407696538287,0,train
2.665646114826218,4.439667527183941,6.525529482059396,6.407705986954145,5.427215342394742,5.803041871878344,6.958244472442826,9.852918878757066,0.6238326514361026,1.7915242127113706,8.852888973613418,7.465861672678999,4.679942053672358,8.369597736226238,0.24885808434419565,9.896947322368534,6.5479595165241244,0.5683053590239073,0,train
4.922802581061342,9.570180751979994,2.7327444186449985,9.909033765330223,1.9500556665593827,6.855707524215427,0.16267461635373848,4.762839506250794,8.197791724514381,9.419340518816345,8.51027105264813,8.381178388018592,1.256392564416976,8.704396987164976,1.9601260084256422,8.802155321298375,1.3365624898805506,8.017541137437368,1,train
8.4640693089695,9.239689395281474,7.804102326291618,9.947467990504101,3.6065204208904964,0.41482546716358204,7.782294456148788,7.1484365276224215,9.499179491522254,1.9681756433405528,9.580012265238985,6.258659214902163,6.640154049852559,9.288445593327765,8.025331404109185,6.150239409146291,0.13622195664479086,2.1946228858735184,1,train
5.020973469856342,3.260172420106682,4.844407827443205,6.571477089721505,1.5220151726417641,0.4967830296259401,3.995043673504709,3.102280573860571,8.753266301652099,7.8564872386551885,0.6830218888364881,0.29492782277789953,8.926474500193724,9.703548356158858,6.110241339250148,6.359812974863093,1.6350590546021726,6.2330698823803266,0,train
8.992408503833365,2.861339833604524,8.057182253257738,3.424308868696715,7.866896762117489,5.477427265001703,6.124720894535779,1.2096013453049204,6.264391162391383,4.046330120981531,0.27533508828077147,4.978105822943125,0.0752260623864831,4.661572179472787,5.47756327342541,4.678997899389397,0.1013033139102626,7.635192013328699,1,train
2.5416050254656772,4.605515082213222,7.797458708937002,5.598826310413124,9.774161317382726,2.530773411458348,0.26312935331839205,6.762730078356345,6.05888386158438,9.511080747838065,4.6761888507989715,2.4980267351455296,9.343115950458907,4.363817773838479,6.745260003105612,3.1326376012062584,8.541084305376462,3.0403012599175483,0,train
1.0357961410135743,5.9521270468612215,5.987147105560226,2.4092077116092083,6.7385364748703935,6.88785193703589,8.353192583214854,7.53311626245726,2.424431882510918,6.235089559091395,6.559564646215712,9.794427452449012,6.4063306513840566,6.8850194683999355,4.565789157759617,3.144723366227953,8.506676852398725,5.7147918189814675,0,train
4.001935726231265,3.163782146833296,3.775617081682091,6.293530381860073,2.3953563143344625,2.107271294238199,9.252969162158378,8.96567545295013,4.7279547695648425,0.8159206189997792,6.328782379780412,8.397774141180331,5.888371130046944,9.783527477704832,5.199913395337358,7.888759576195453,8.158940340964017,2.460163038505301,0,train
8.218559055811188,4.555667169771407,3.9643790420474536,4.931341086060801,4.80998321731949,3.006051227964538,6.541013460317262,0.1630199945037325,5.372556844598963,2.844916644342069,7.691643407303596,6.014325297661048,0.8879520272541841,9.7565001309971,0.03227729327416551,8.843885925828538,5.26228846441989,0.25103115789110064,1,train
6.732918746131677,4.460148427409765,4.93376056965819,9.363955683352835,8.61361603363734,1.5390170952163296,0.8491847078615955,8.987503900859304,1.2850348888564034,2.017419847037768,2.7293637716367822,2.7936180367784513,1.938928738894693,9.076164890566123,5.197059519441543,1.953468000334121,9.471294385302711,4.921106907758343,1,train
7.870414785671771,2.260408458110221,9.193672419343576,0.349462913753843,5.0324490156312285,4.055203691418098,1.7028026030996635,7.072089622265693,0.2530114403414929,5.6381476391363625,6.712720208862869,6.900748792067636,8.519086574424271,0.2512615218622438,6.107100302694731,6.4545150258416175,0.33145559231828714,9.353489178588445,0,train
3.043930044435858,1.1200068949108282,6.3737635465511016,4.6303881600656975,0.510879324887874,4.438015428398122,1.5818593688619431,0.6630423672960295,7.786638634675132,7.76842405478355,8.491106938811456,8.924082012756644,7.595939377623406,7.688947515443245,8.391836794902996,5.148417705699691,4.524457404623164,0.10989905051942084,0,train
3.4595298620523205,3.457511172136732,6.261316793824365,3.2979141540702384,0.2496618127343997,3.092126098749538,6.6018105091564365,4.908595949671868,3.204374657279412,6.900422858334703,3.7733498424012533,3.7439608466553254,6.104966414197328,0.8096413198543873,2.279840284760557,7.0777061906240775,5.30877688001668,4.377261957924182,0,train
3.440407870948778,4.945079407531171,5.344140907678883,1.8372756467606077,7.443773545657467,2.2490999635683693,5.27294630881984,1.415024641651098,6.127788123004802,2.7801144478289497,8.870252916522492,8.41598767565977,8.067391718847155,2.274772401083951,3.31723563568765,6.662410882267822,6.563887287399369,1.861425838508498,0,train
7.3490448434282625,9.469124298664294,7.9203540954886975,5.782819096705807,5.653969463748299,3.1611484423135296,1.5644420333123155,8.23910062764091,8.757375151230981,6.402544524998434,7.060896204042456,5.6095300309555896,0.07201588811954873,7.588574242365266,9.037200958080021,1.322269429003382,5.3799207263157145,8.159721081629376,1,train
7.887300410329055,3.424647545965996,2.41659803208493,9.433116086480196,3.99290716090555,9.909775023898824,7.572747327234804,9.67942812739687,1.9500733217824506,2.017472184442618,6.6970761562331695,9.825103838506685,4.37737619912797,8.23771328697355,8.55472198274175,0.5253712827463886,7.771003210808991,9.181450334219965,1,train
7.790795966587874,6.344133497430196,7.182410736438465,2.649742060744545,7.803573593051957,4.045893383908465,8.757481564149789,8.876782322000745,9.666056459291992,3.024287459112456,0.6653883396097215,5.123036549472344,8.267707987106668,0.9861441868984033,3.391584562167125,4.449638261745967,1.5745936686565842,5.552817742447821,1,train
1.6606686324232127,9.408882594032464,5.502183281909163,1.106866518126598,6.83490147966587,8.31192193161588,1.9744027900663863,5.812921319655767,3.2511624011159492,8.17860949869115,4.3907979125986305,2.274434775716748,3.471684196594765,5.4558696335521475,6.930561738334632,6.292526728759652,1.2388961924428576,6.479438303263645,0,train
2.891490690297053,7.444920603286907,6.962274531497306,4.680990636918087,8.170645684228647,6.617288899391371,8.78072845780768,9.384312622562069,8.049394613203452,2.2873237714857595,8.034356103493288,1.5287665650735638,3.0171859762076614,1.8783731937675274,1.3094807102823636,6.795359386011365,3.3266686464671382,0.8212954776191261,0,train
2.1188803080068856,8.218764803253308,7.2899625729090705,4.26166429107957,9.910182311587992,1.4008101186328104,4.779224199308862,2.8592177727394805,1.4601959807570686,9.016710508143547,9.389542256883933,8.575015017550319,4.365517472781971,9.472633424550807,8.258437235584935,2.1094333500122566,5.778626821793649,8.242022432389085,0,train
9.038434016640116,2.8430888479666434,3.657060941174559,6.686784986838042,4.453665020341449,0.6042816823315811,9.588169062156117,6.004322016301019,8.0422635997096,9.491857319597678,7.944394995824745,7.929716456602206,0.1697901364913068,5.669258137390322,4.94018768263412,7.208156105003136,1.1432801625488442,0.9629327086253558,0,train
9.826463796268042,1.7844400837157497,2.936987009048873,4.011702517712501,6.552604148769213,9.163718146526204,8.614285515318612,3.2525229787922316,3.8018408079045676,9.633964009472693,7.53724538678785,0.8551370234435451,3.690329910175829,2.6291044746633507,6.260124811800889,8.604308604157962,3.1938020715463633,1.1424846679392076,0,train
5.3467972720202726,8.82561618648062,1.3480804057470002,3.096140843581223,7.7513910337878436,8.860032087381002,1.7490059785723422,5.9097382876798275,3.6356136756971225,1.716337794192072,3.86539275364163,5.378123463392022,7.436050296381634,3.3115602698101707,9.089895752533362,1.198130515490382,9.860675698893314,3.2647202226672247,1,train
9.181055902373778,8.99984166882846,8.154431280004758,8.308318884120983,3.539656318802633,6.370163423570521,9.322990878342551,0.2205190108034405,8.783263911484571,5.947862823801201,7.7422453476727195,0.3930449224371091,4.245439956284283,6.454118202643674,4.119604505043308,2.455838676503946,8.236441680654385,2.0416660414413923,1,train
1.4807600811499988,8.708968847038786,1.1793819333807924,8.099597031609896,2.9688050156951515,1.2336854336274505,8.707218377247326,9.150081877620316,5.703409890397472,9.317740252843977,9.826683399611454,8.85324136909935,1.181847062254131,7.317536665475468,8.649946191344396,1.9548253001485905,0.24876359062619868,4.901786794251876,0,train
7.734088197790815,9.61850284782151,1.7540311346649198,9.972021967949798,9.524389564794655,3.485236367559531,7.189455015335194,2.733762670744917,9.6001875567974,8.542834365601665,9.363501414750978,5.07622898735698,0.7944202856939397,0.6861705601472423,3.454863409505405,7.417677080478635,0.47629476685937977,2.5250880362797057,1,train
1.9457143841725384,1.322443307193812,2.4829469045091583,5.66518622841516,9.446304236726823,8.514697997245543,8.952196946612151,8.485777507759392,2.405000581169631,5.774919831806771,1.0555379332679093,5.960645754089594,0.8285681761097685,9.061492630601984,3.976569548253588,8.211181025553945,7.311235818852831,2.1847150015873518,0,train
8.593655001688157,2.5927168659309614,9.60825073093357,1.833471102869546,1.0709870725246284,2.926433208273751,9.379659062222013,4.589812729169646,0.7665368713591125,1.7448007715056957,6.671625800191764,3.1398830902785657,4.272291390631082,5.55161667303879,3.5972874331158753,0.1913275079120491,8.796976206064462,6.407916689765166,1,train
2.577864001129298,7.112433414117679,1.3431425315625134,2.6522078184589093,4.941358724251689,6.089058033092072,4.098723535167772,9.131370693835043,4.484039620790551,1.5295602659429508,0.5685268809283439,2.848461588527532,2.1002679692114192,2.6383790925011983,3.95059453522559,9.886966701683795,5.9638840479612725,8.64857617139532,0,train
5.943322033701037,5.059981151459857,2.655003589751362,5.859953976801999,8.656262599141924,7.344544146675825,6.662104731421242,6.928676638601794,7.312705540204316,6.51046697528245,4.131670183917667,1.666160383689429,1.068580389741819,6.10672951153202,4.3717165782054215,4.7677451027519115,0.25363295028802635,4.9026660776910935,1,train
4.074391336234873,6.970201332786722,2.2916179303691955,8.073160464622717,3.8129091463395195,8.097737012664023,6.0612483565104665,8.984681903892568,9.054851195996829,0.7554215668130426,8.36109542263108,5.776710784637418,2.9466736290602737,8.28906302201326,9.277368347568565,1.040487857571294,0.21264303238855198,3.6495665268143695,1,train
7.572335170927663,7.754550077489796,2.446244836380843,2.653436880230954,4.7088988496755295,6.669243365705321,0.43460999134049993,8.002703205521183,6.213596552798876,7.995169997247982,5.230122503436805,6.261241233131118,4.621226692888321,3.9081794314699083,9.739197105807968,4.869249312273672,0.7047566484799439,0.2185677778148376,1,train
1.7904476368479596,2.5778823639092927,4.87892996396228,3.5143789496906495,7.6810019265820575,2.328928666704957,4.052096159351438,7.67454057888083,6.477912314599612,2.023163553952049,4.542417686488679,2.8686838994844823,8.831783279701487,9.019135986476547,0.8643020944466651,7.391192224898032,9.186809705370496,4.562489572710268,0,train
5.279728516937607,6.1598033478461724,4.978890025560627,0.7858687855079316,9.834910724752666,7.498885500014481,9.864411273158343,8.974366597933578,7.024292424053815,0.49420888403040597,5.2006552409135605,6.9655558104569915,6.158411750951411,8.864905573919064,7.333672208815605,9.817129268682537,7.1514600787859015,7.040569376665596,1,train
5.95014265446041,7.314333173989683,1.526734688903451,9.445739457732467,3.0835096856251454,6.451479562591946,0.19582340786786223,6.545505691670042,1.2510918734658838,3.2750892233429187,0.8616237234858248,4.327237430192218,7.926306442688179,9.163548915094012,0.6386222404570496,2.595178542971368,6.532606497928402,8.243021286370656,1,train
9.30640382226049,6.162753807843785,5.514871356434356,6.984827544817448,9.05062008670759,5.9492292379969385,3.583436508173985,5.101290068049275,7.750443405273098,5.717528944978062,7.01152939639659,7.145438547627308,9.773761200486629,3.9554893669071047,7.1443851012710144,3.8763022322681495,6.5809798381752955,4.736930037933069,1,train
4.096887188805927,9.861806839022275,2.678626874737919,7.564237095159942,8.126848867019918,2.721182047297236,3.8282527140386238,1.1483819446846188,6.855482731379543,4.913285043153815,8.22074933672101,6.335286503391497,5.47368288904126,5.300034124878983,5.1029370233328555,9.831324105715275,2.0771169810505907,7.326799338586822,1,train
9.489233415843712,9.123599250422812,4.218160919133358,0.3532974293076119,3.796789115326459,3.8451718687983694,5.471745899324882,0.1879259574923664,3.9042112510013105,1.82662870112831,3.734945214193731,9.480661187491734,1.6520026372275276,9.798849295388733,8.62263814430966,9.526133376005694,9.65043063672718,4.3868263652295925,1,train
8.98808786197322,8.56714860243474,7.019004792441578,5.529405826193718,7.780097667286165,9.71073031134418,1.7993888410891545,6.709388165081025,2.0182797295021073,1.4901097103993843,6.365606796608195,3.2644327846635135,5.264830587489393,4.08548717074016,8.451852684961125,1.574556019439869,3.280240659036582,6.073956239119349,1,train
4.778731123542146,4.8964024467152125,5.304386874853945,3.6030802393064754,4.115494631274408,6.393898651633856,3.5413161605169554,0.34101432784958474,2.994018693159642,0.22870906700159677,6.726027320462828,6.084341680557809,4.647113282992241,2.8363805747463666,2.0126805141088844,7.773173019163783,6.300904558027545,5.28311925736616,0,train
9.729435131663598,3.3337338539106547,7.031082673535753,2.831431388556979,0.2153155548981489,4.81664233985343,2.8900139402678073,8.529870780808825,2.9558964421613787,3.2151427864319473,8.18376897694488,5.443463990502906,3.967789357402862,5.439214484324372,3.125697801720775,6.275610838046601,7.717362206128728,6.537611427837832,1,train
5.108543660808503,7.85313793620634,6.271471661323207,3.4030911232460426,7.181092023229965,5.139690336370207,6.438019877595755,2.228595123431669,1.985369385611906,3.6240267419596317,2.272670751586489,1.5683542422230667,4.054599301446578,3.4829955819172675,0.42509851336966387,1.3696408739183785,1.584047271104535,7.588256297339018,1,train
4.725560366221158,4.211995341729732,3.735822175970835,4.557808479645207,7.862508925568101,8.866666745461488,7.894594538724752,1.9492108767092131,5.02915598034778,4.981147249686083,6.562592398774434,1.1644655940130066,8.748058483132311,5.493116353734965,8.700393793812424,2.1028485103493866,5.580057418467389,1.8779828966103207,0,train
2.8445008792222684,5.338953451874997,1.8897377065843024,2.0481677793895434,3.5978878899414823,8.009562916187793,1.7346265760614588,9.666152786579808,5.8790951326212015,5.155808742794099,7.530053754074269,8.880723055304143,1.48118905186566,3.918654470351143,8.836854184765023,5.65901131867577,0.5387209927415293,0.7379320035429526,0,train
2.5351854449294304,4.608579487634087,6.086814056969174,6.617628880336145,1.4603038956066017,6.796565992522494,0.511558137925826,3.1970978583220298,6.2928617102119695,1.4251058002280725,3.43515262526338,2.130199557378174,1.5346629719766702,4.890143146340909,8.11487795799708,3.6262042986946152,2.432069571718758,2.609822357592686,0,train
6.356689956119035,1.4268861920887654,8.904910932333536,9.999915683333118,6.311643005727218,7.248165972466714,0.8498344926756751,5.281896073927358,1.9519930715366962,4.345166173255214,6.429421144364408,4.7192290568022095,1.1627378442483094,1.9773681486617278,8.96133528282702,9.081692943167972,9.522569965641745,0.4127752373386051,0,train
7.422706918749998,4.141120423020791,4.720976721522204,8.720167287893346,9.980110444840934,2.4822003307290794,0.8211363997217391,1.801547860160826,0.8130423975187984,8.081985021104284,4.321135299912429,5.982814486554394,2.064835401705917,5.650859761788423,9.834355980112043,6.022442868052533,5.077117923194477,1.1437599392061992,1,train
2.7860480020903275,8.729686245802105,4.849291587183785,7.9160914007509025,7.7569605924191585,9.429270671564979,7.203648626111102,4.038314015222029,5.8470265774780685,6.2257110506572495,9.591636252335183,0.8835496214231486,3.378639378365164,1.8524686310182181,1.992022574996637,9.091705578668991,4.126035709518526,0.9378633080659005,0,train
4.11074411601762,8.95055853736941,5.869721605368159,8.286175207806393,3.6904312339105383,0.618621910847883,5.9281067473781555,5.518409651805048,0.11839711853080859,0.8153212813821187,8.815911289560619,0.9027505498484112,7.297406814636452,3.0179853297924852,4.895079309135749,4.770524598518172,7.777573254303397,2.987901465131918,1,train
7.174649432868955,5.644714129270515,6.774582925929013,4.14653100299166,2.736124365948206,3.9546765505884798,5.303326955535023,2.880704098788225,4.186522945942414,9.735512025336511,2.555527189744872,8.80348653861915,2.8168576888373043,5.4550142534388035,1.5666843687747412,9.919200019030017,2.3135435354568,7.292567109365516,1,train
7.117439734540664,5.6182657120130735,6.941240600804117,9.52022299792418,0.1796494270353033,3.2746915419412304,2.633851557584265,6.696080369600606,4.267651965140725,0.5306506839705227,9.256824367012888,7.71599511626092,2.406706043126323,8.798893049114886,9.165067822505616,6.570455118840459,1.7168073731553601,0.6396710722614651,1,test
7.353045951121615,6.6547877867132685,5.346463778091825,1.3056877922750953,7.578076896715965,9.286400389794201,0.12792928177093987,7.8944192055826,0.27261542781488735,0.15452840653844446,8.907728224947073,9.90955053895518,8.2445493165828,3.2232908533207483,2.548855486504471,9.306530768561077,0.7612307009182395,1.3320883839208297,1,test
5.131112296324287,7.042667791240483,4.467302751190813,1.3896930538379015,8.373166650203267,5.328985653553766,8.018955737780782,6.839776145314465,1.1847672359488948,7.851091534740048,3.2052678064076034,3.562543492472261,5.525897698603658,4.083631825105886,4.53694848751673,9.559828220534234,3.048782047304864,1.8509066686991382,1,test
7.114056520842963,1.182015573749753,9.264246671651565,3.5424324792423145,9.08950282639107,5.937457066150928,8.636816069810243,8.427124557632293,5.696330510242361,3.4498639111648313,0.08763586046688476,5.997127724965105,4.7289207456073425,5.076814375239199,9.767517224534316,8.992042032356,7.975363545983651,2.1522565219795817,0,test
1.3173098860276458,9.3674750439943,9.651013824848029,5.328845820320584,0.015866392748654645,9.536973015719166,3.6502846174200987,5.603495427941311,1.1315766108708092,2.989379235107771,9.79603571064564,4.7721299279023555,7.755344038067912,4.912012760893683,9.81058338207183,9.475423816844764,8.52787703103471,6.51779187509956,0,test
9.513065639858462,5.215776064620913,7.33381025069141,2.2415418905936537,7.408576218639452,6.958197127427885,2.1377830402139297,6.801708867766908,0.0493460758958808,3.543954370706822,2.1885852549751164,1.6335530431815415,1.779271929493843,1.6072647411877838,1.7772231652032044,4.105017442485627,6.1218138833648155,8.242559054113743,1,test
3.615153646217319,3.727538816058076,1.325719497398775,5.888976740435034,7.230036444164957,7.14091562574894,9.00770497584286,3.8563730671452157,5.71866731545196,0.41863382375440295,8.986477181145329,2.2794460696562657,0.3561735713843006,6.802762002586209,6.629316820775322,2.5984000685253674,5.172582826606557,9.24372753052337,0,test
7.286484873980709,2.8349730319707485,8.780187085556593,3.830005510291974,5.540661739563494,9.421002628695685,1.1376072155111383,6.984949189407967,8.764492657730615,7.302231614169167,0.3108173974651163,5.998608022969496,5.6075136255439535,3.298378926515164,1.194474526028012,0.068236008867395,4.462281024949498,0.1881500966698324,0,test
7.641542493643232,1.1308747487849131,4.42232561484647,8.383982832958774,7.348322140559893,8.524417658293752,5.740093957524318,3.6554934591824106,2.9060523203908026,9.125575293892224,5.2359140190983435,1.8677535543084667,1.760140671824626,9.043971589636872,2.3454358960851773,3.1212539839737374,8.17302368351381,8.603923396970291,0,test
9.134773158003595,4.6100560937266195,2.421741729056103,4.2082085742324615,7.033268313646758,7.505489621267769,4.0635901058869415,4.98349317078739,1.158911478228094,4.037689103321339,2.588757856478491,2.905038965500064,2.1493774171549007,4.137933185203504,5.29705928700552,2.50499398960766,6.290458423760835,3.178808593078367,1,test
4.5792566868011875,4.119188177750245,6.177099991248887,3.7358511181047014,1.4804214611162536,8.411566417993392,2.088048626066623,2.3870025748024917,7.4813885694313385,3.5495477726574673,6.284350421885334,2.466217868908447,5.052585449578817,2.6159162246007375,4.690541881057899,5.995873925594313,7.572823773101877,5.330038600414672,0,test
2.82457976361283,7.835526883100253,1.886775733737456,6.4973022522197095,0.7251130228572245,6.52326894948179,9.94776255849526,5.621958913913878,5.19418257015571,8.570860015853306,2.028132950857895,4.274184870555519,8.545168269090563,2.54119501934937,8.442014221687938,8.55586520834541,5.107138129982724,6.313172383242929,0,test
4.055625416428646,6.4288153350565125,9.384334244566558,5.6415887733161965,8.762050099247888,3.2847447149752504,9.336654181293436,7.163943686048423,4.162754285666743,1.127027384149708,6.669556777846668,2.564374793937051,1.24518033725594,5.365058556673807,3.8948701983261094,8.91000723355833,4.3133068247556094,9.897858517135102,1,test
1.5386267501763204,7.853789490427988,7.200634702804819,0.3563049080359437,9.558195784344235,6.350992585384827,1.6067487933787317,5.650504950005101,4.8239334661685085,1.3334243323842843,5.098783508626683,2.1872427065451094,6.163390933733064,7.96815563804068,3.8421735462022366,3.845294899119721,4.67529844880667,3.47595318289619,0,test
7.429318062336765,1.9990326622902743,1.518955886608245,4.467864580838922,4.8462071606006605,8.48703594802257,6.087062797304831,8.976016188884307,8.63745133048465,1.1367663857615762,3.4838508453968284,6.107918076910029,0.667242533228185,4.305793814890099,5.808087947387608,2.9146691460619865,3.532345349811543,3.1601794622710475,0,test
5.534200848681385,7.893336426028591,1.7419249587734942,4.416675925824132,3.8863384419752087,7.930623379820405,6.04775042441811,1.882356939709361,2.675833364497401,1.7995363864816893,4.2072449075976195,8.45877721454205,6.005006549551197,9.502023442652364,8.871294958464672,6.959845353877517,8.604677468291372,6.1521273231072025,1,test
6.2309878731948904,1.9183408226670269,4.911717167048347,0.45481031762005575,9.365174954729422,0.8989025640901982,0.8683903840896756,8.823745773024669,7.918845819945752,4.756705236128294,2.0033703797716598,8.396873642726433,3.4334166920494322,7.07006090101249,0.5371691116787414,2.750353380599364,4.8544784979394535,3.0006738065489804,0,test
9.470015330116643,4.395033348068867,9.280514048743555,5.216939797138317,1.5777151792766209,1.2390039168986056,3.651125160804799,5.874614037988297,8.859722587002548,4.4898262725307845,9.624204330442815,7.471035574308368,4.579464145966679,1.033277592871662,3.5515345011895594,9.434181522906721,2.5081496242469936,9.21419373348026,1,test
6.332486457870087,4.069062366882575,1.8149740038655644,0.8465248954716575,3.5220987876775753,8.70616135143963,0.9525732411039156,5.759466899110965,4.802240831941137,4.00228685922123,5.469698558063408,7.776102212747223,9.81902325912493,2.745371091944455,7.270696995569641,9.571084853956481,1.1036630467472786,0.6293840674933093,0,test
3.2590272440590407,2.7979205426504774,2.960767836642831,9.343315082718828,8.840827200329057,3.5883170219008544,1.6262863193309318,9.335663580796504,7.856512341566631,5.964690591646111,1.367586738448383,4.888373624030244,1.395983633654082,0.6358427956008117,5.213331747883122,7.407803880831157,4.940998787389291,2.972701970125846,0,test
7.102812452197411,8.85513487937846,6.971830038124552,8.858863209044275,6.612954583842896,6.313802557803498,7.875182678568381,0.3896070143221475,6.881850135424548,0.11613404683651574,9.426509272440946,2.480626283905835,0.6606723673076864,6.077410956346839,8.798005731462574,5.104886606266531,1.9339545739658415,4.890429787001346,1,test
9.527864480005576,1.957453060278365,6.89892630020746,9.458589658074647,7.570404365168642,6.210583392627268,8.582837871899772,4.248197169363078,6.749436520120926,2.4633893688982478,9.459718838501974,1.1293775934682626,2.3030375353394894,3.5963112933257246,0.8244777872269671,7.544604642945042,5.230185283214885,5.993511457711307,0,test
9.370726494278422,5.618282381859614,5.369918810884317,4.2910595204905375,8.22817624242197,7.2219674925187585,6.093418709619413,4.489104405614751,5.322497941326551,6.294887776391883,4.639437588460576,9.445452576057326,7.943080107997675,6.9983376386326075,4.380576520669656,6.143333498377053,2.194314085327884,7.227151728048206,1,test
9.85624966652793,9.975436480396342,7.27946047193199,7.894716723911792,4.680930292292419,2.9938093847137512,2.558007172101755,1.0128291955652224,5.6257533774443145,1.911155646909155,9.857516543119646,6.595456954991393,4.3756028449751465,2.893890436866301,7.449806048301406,4.776119625478423,8.261055279078157,6.240574610947335,1,test
1.3776627699028792,9.551797354654298,4.511685500146355,9.494742209582492,0.9697219248191391,2.975097469265208,6.84337583810858,8.976734956611486,3.6310911427080397,9.966242191136397,3.216520558427627,9.047499729852559,2.4404585494199384,3.6334736435669623,3.206184475094899,5.927815456650396,4.235950906712526,3.7676439921804974,0,test
6.045081612463441,4.996880554727299,8.233197459082783,8.47496739495267,0.9557616451464146,8.798865201071091,8.625384789897023,7.550611191903652,5.705334521825829,9.710170705874107,8.60514435639982,2.0219829611336193,8.44595603486422,8.757468831669819,3.9654695948556107,0.14347694928750543,3.7888060043153695,5.868653013812476,1,test
3.4271423505744414,3.8716345859745775,9.799350309874324,6.276697635882925,4.032995449326232,8.572397234061336,3.711017975597257,1.6144606431444308,4.501648600266931,8.132536615491674,8.531861940578493,0.047840668217488114,3.2910663012814134,4.43190018129523,9.499850551466002,0.1445753844133535,6.418919105058239,2.6762743564062785,0,test
6.360932702059174,5.6643633729861484,6.770308459602094,5.738121818854605,7.55404733178668,8.117472822274713,2.2064364553577676,9.237917963269346,9.377615217287532,7.562845483682205,5.33943620411857,1.5503944921092838,9.931926750353217,3.9989551581168357,3.3587646894675194,9.819602838374221,2.181004162674196,8.43081496088006,1,test
7.121922415945963,7.776886643230379,6.355342986474099,1.8041615548536438,3.248713937601655,2.7899430849693916,5.393025634846861,0.6170460284624346,3.184616001502456,8.64454671029067,1.9052416439914666,7.485438402102449,6.082965927085188,6.491845045428224,4.14776083595049,2.526578047867465,8.798457576828575,9.585770258147924,1,test
5.427255342839114,8.02495432984647,8.793371132718358,0.3396872469847767,6.3307647879442275,4.5038483548447426,1.2773805867310284,7.719073240980548,8.955431643671423,2.244858959349859,7.945422136274523,5.533197835627815,2.28641949707473,8.040439565943348,8.209124970539841,4.157526396561268,8.908086896535135,2.0171019770543763,1,test
1.372898578322693,2.95835959904087,7.415934356147887,0.4541932418424999,8.354276963007912,5.876154953431591,4.960076998273816,9.971330188344654,2.196755902799803,9.69391462617932,6.568371500393598,1.7153569343235087,5.354835431627254,8.948245762059054,6.023871562252485,0.8195918427598647,1.5849197657651704,2.5334140322478857,0,test
6.517108710310078,9.83562221038765,1.7504469307520076,3.75231302685083,5.3953186180542065,1.9803242197273951,7.651499082941818,7.045699271853554,6.522826352742461,9.73465246629755,5.80468444785493,1.3510810037626997,1.5723845661276248,6.200421630524712,7.673619100658954,5.321989155584669,1.5171796744506327,9.380823145996949,1,test
1.1927671283958534,5.291116067251591,2.9596779577530548,5.342206566858203,0.15764197468472463,7.41068878074676,8.845289149864191,7.7123650956295355,1.5699458844489833,0.8471502773513495,5.478096001524389,7.7408711900625455,2.767787637180632,8.312855608214306,1.021244018912849,9.560713940833521,9.607016129421924,7.89941197739984,0,test
4.59092204359429,7.280778019248482,3.724581485152804,3.863806721867924,0.37139035080820837,2.74123281507935,3.5056148843041757,7.524532565736488,3.5745578586253113,9.175703305314327,4.936989788578188,7.406771263548103,0.634239347761345,3.7491023392580427,5.4982828675278475,5.971117537548306,0.16124138627047646,9.344274443054895,1,test
5.133045478087937,6.267753057549041,4.944089262183075,4.1128196398958705,4.065342313633242,0.3423427719826133,5.113634590353689,9.842747225158705,9.780873199445399,4.663954434643589,4.547254283017223,5.909667074372623,9.68903662246365,2.8685532607644317,4.7264318099646365,4.501923933428622,1.6120360584131332,6.353964530742275,1,test
8.335931664447555,2.0218197442460584,2.0208776724352133,6.322004555132361,8.626100342070584,8.240145097919308,3.7985752565344058,2.393016738703655,1.9772298206932415,7.835253075569994,1.654278108642857,0.39499980585221084,9.482055191037114,5.163082433181078,4.264260772993355,1.932595779061227,8.147732674639743,0.6376868916936018,0,test
8.16220023045221,8.956020473039551,8.457827967950669,7.6536362305036345,4.621084772099059,5.0850370392805635,0.24389516409886403,2.5214840511332373,4.207397444005646,4.7192198152254115,1.4046195070183576,4.986173339758494,4.997992529875324,0.3040973435843186,4.86043205787556,1.597361600707623,9.664109457534995,7.3210146328736805,1,test
6.4432334321944795,1.394449523428165,5.838408741386979,7.065018306236328,6.1684102726836745,3.417618937593432,9.526148914913971,7.420175063716186,2.452551302240813,3.45733369335672,1.5299850418559047,1.994782314111223,7.646195088166588,1.1830594051781151,6.484359705655639,6.533651382670262,8.27501739387656,7.7313404078744785,0,test
3.375144592694738,8.593914699793478,1.0030021043676878,3.8381733948954855,5.743778422018267,6.551774978912861,9.67960237305489,6.004573957410537,2.202683074550383,5.290046765539048,6.6127222820552225,9.72939644148941,4.973430985263355,8.188617094451793,1.8505018367403891,6.980075090954752,4.104030713283741,8.522671914916527,0,test
4.776072552666776,4.8536319792659475,9.63441052819597,9.914283789030213,5.094747592918215,0.9970167839424904,1.3996657638547372,7.720386643690742,0.40597569273565615,6.235000455627269,2.3861077535043718,9.730625705356966,7.386456460865488,7.296663810116723,7.045633372188398,2.392739868933057,3.3929343644312393,2.995843656405066,1,test
9.098617613354332,7.909828045668228,4.773463363378574,0.24349383590635654,2.570345106979434,4.210381589061253,6.748142152983609,5.32329870854328,9.449043798721672,9.326772072393606,3.4221948672809854,9.20745172259706,7.412298808951494,6.330094491702246,1.811432190721598,7.366678804946925,7.3370265216798245,0.5541138746268648,1,test
3.4089946947242815,5.032429022928067,1.9109313905035417,7.103885115805596,8.571503843466981,7.046197127461364,1.5562900143042713,9.749189181544232,0.145645449593661,7.829881499126915,7.250216256913885,1.414080416494815,5.649013266036444,6.656083258610228,8.803987856689595,9.05236747496132,6.058318569231142,4.499452396343609,0,test
9.387909726123713,9.358018263373168,6.569524662085219,4.533040279391462,3.118321207688574,4.736639541482295,9.465077100982633,4.060663071915979,2.5862755450387165,1.0875320717548576,7.354538183519155,3.4615746082898937,0.8099397500562522,0.35273729858498637,4.787654218471495,0.18286725724117492,9.037919652343442,9.973351532427994,1,test
4.4286001001877375,8.361180149767526,9.094032847532446,2.7710970337309537,7.42141793079083,7.650911644817112,2.262900072872882,7.7330339581134355,1.4522235365971659,7.78042650592443,6.422326487648057,8.167060342435159,6.562032527314034,1.3130618029713559,7.661064540699493,3.892630252954331,8.525429901443424,3.0822007757303793,1,test
1.3890585150967911,7.739416377961694,5.870355139768462,1.521487967888484,8.080366550585902,7.7933320666916615,3.5267445666005184,4.77567071120018,9.534517378859961,2.3790009939687407,4.8596809182161955,2.6424734409154462,8.471376272004873,5.1507183662992775,0.48697479654986275,9.035131759200379,5.947784408343544,9.312297672289171,0,test
1.6961217272768796,8.792757873169109,3.271985217198968,4.6892951032267725,2.153163016383771,2.272266464622479,9.337066996260916,1.2739132499198547,3.220803260708326,9.111650926235583,2.3568574254343555,4.846782687028482,8.977411274924794,3.5123641447028264,1.878191550529812,6.195430563168303,5.583916001881189,8.315359025417864,0,test
1.6851404665847718,5.513146225915651,9.174143045935754,7.841000921982333,6.709038010813843,9.08152720289447,1.8326279458197037,5.961383792648162,1.4558799418659285,1.783585445125323,5.72274369123488,7.958433825158827,4.731326371813846,9.769731277836298,8.619328641305295,9.13847840603579,7.4815028689200265,2.8482506576698627,0,test
9.679391007270992,4.606817399800168,3.29259491298776,4.739912033623651,4.62154916816813,1.6820250395802205,0.927306518973785,6.607502746877286,5.324343065409679,1.377243391965809,3.081962088769301,7.942348703231731,0.8845359109358752,7.372311291759238,5.5529162407954855,2.398949322428783,9.256191858200784,6.685036161488604,1,test
1.33921508717035,2.0161586395038515,6.864685323858219,9.131446298764743,3.885456429329092,0.6129508625690427,2.7183408803426645,1.9072915307429439,5.217795364857466,7.475604882131778,6.226899473707227,3.9406964389635544,7.845774006420467,6.14051023895446,1.3938557357908254,8.867721796434392,3.3072076481869415,6.9510562246364955,0,test
2.006390890110149,5.828568997196812,9.10945298792922,8.353251218111026,7.398114476114142,8.373255971544866,3.9220505754800183,2.809595500897876,5.407489070614227,0.5281749987174622,8.055612374756096,6.1901109267720456,4.40425927867806,6.252420361188086,8.29894802588927,8.961394955322177,0.353875968992875,2.3764857832970323,0,test
2.5514070969648905,2.198387476647486,6.829831233845823,8.872013938247171,8.780065695085305,9.180097171199945,9.426246905558047,4.098092201206493,4.217765407043759,3.2431639140061232,0.44958271374599734,8.35765112624221,8.374320766209909,2.8487629929102987,6.883739658408833,2.6258688866911672,0.9255969927664243,2.238288460322342,0,test
9.393973583835583,9.917232855380172,8.999703752550689,7.293799969788801,1.0058635404002636,8.07605369088353,6.5913168945893155,0.828948258633091,4.958194809039106,2.088888130525095,2.877437241241081,9.160070987125064,7.743790092218184,2.1066578813862336,1.0985890830251144,7.210174305109929,9.767929774382747,0.060464665038637566,1,test
9.211756931048058,1.4539965162406203,1.0423643946411447,4.209688817334751,1.0053345311555961,2.1181675218924467,5.678811250809983,7.817731924425592,5.482194020655205,4.800615798603101,2.6131587812386394,0.4004841103902268,4.481551534981405,6.513799558353538,7.50961195622539,0.8103576464275641,9.781454219390017,9.817657212539805,0,test
9.198450851673734,4.266178915233789,4.875623588658067,8.027742788014029,9.98602836841333,3.39487404294605,8.19095215572368,8.35810099366029,5.64015823566809,1.826983063658394,6.000098341659382,0.35661269854319055,5.185396101602132,2.500359910612583,3.6224591274568594,3.6922542438150066,4.111463840784814,9.16059597316057,1,test
2.45411210285274,6.321952813467854,2.350404272257843,3.535676322489698,0.21805748649366574,5.285189718566411,5.509726863813866,6.801488951813108,7.000120261750482,5.063363753304454,6.435342651913767,0.1321674552419172,8.091562093077796,7.7575221635987965,1.1563792102117654,3.734719052667006,1.7739805955797239,6.403194877981287,0,test
1.0867288463934424,9.638820905929814,2.627544290510413,5.852784170835394,1.515682000138645,8.184540350140942,5.314897746957511,6.623716483211823,4.345267368445591,0.3307987887012964,0.060456467741371034,4.0096477755245505,5.2531481209546795,8.50291802118812,7.462804530190365,9.391958982645017,6.694898693625091,0.5132861107661679,0,test
4.980822019741685,9.823236532854311,7.705083038040591,8.015875374964663,2.9525916403217503,4.603611347937945,8.093510726402826,8.185795024942395,5.342025322458628,9.898497076274442,9.011232578483359,8.30950774912822,7.964021295050278,0.8186861976733961,5.417146754396539,6.35256103000195,0.16234290529287154,6.1626230331520135,1,test
4.859754236742414,6.150149796379364,2.643702930511955,8.184315450743641,6.688704450896027,8.270809761830925,2.653131897166129,8.143750552669179,2.4941806054834172,7.506222479770184,9.041153619876813,5.553471081566891,1.6763474626277797,4.939617168714871,0.6371385692222131,2.8854280119506126,5.95669873603248,7.87798136672297,1,test
5.680324477723698,4.968744424238269,1.834782048793783,5.3658190151605805,7.36454892397912,8.485492768417638,1.828770765058616,8.466419570751349,5.919883227766433,1.9426056005548964,3.6257910263612283,9.297426288197991,5.423230358941281,0.7397672505699204,2.43627767039459,3.315501093710569,5.475629345680231,0.12039935081703868,1,test
5.922056979454503,1.0730658036860836,7.913035924240338,0.6296100132254512,8.13776048732128,6.596733743711834,9.555849777115018,0.11287990037509688,2.167970325026939,7.759093726005835,5.1249828250999565,7.138829340347597,9.12866670247764,3.4783747301283308,9.74156013470429,4.041735237112759,3.8312244668597772,7.642127960899333,0,test
5.298888284755201,3.687320397958364,8.962820047974493,5.71579607127823,7.30364077388523,5.9923188002219945,9.08220533935359,0.7729556459818843,0.9950421966931622,5.339978467957856,5.917294670400529,0.623434146059958,1.2511421716322169,0.7313955596946575,7.404701806603802,0.9225071091182746,3.802969693496634,9.243859756849632,0,test
1.042256832986118,2.975869988632083,1.1426019046837097,3.300289659013913,4.973137041266748,0.749928052209009,4.798729463867185,9.236470156567538,8.265453481148507,6.682770063361241,6.941637835835637,4.1821977140383515,9.542129916713609,7.436225057945914,2.5579067798486967,4.9832965803599,0.43399936824097707,3.3182957746164785,0,test
6.562606543125864,4.6528678670284025,4.722188964132204,8.828917655593854,4.016627727924615,3.6844116773651336,8.875010597776573,6.302874638038166,7.597609528843476,8.049875571521868,3.2335432059218903,3.187015042515249,2.5866705402533094,0.21466922960673207,1.008102930962772,8.55571901111162,2.118727719215383,4.694594088408108,1,test
2.8079026088795747,4.963188308960375,7.163581255318919,0.33158601841742685,0.010814985812248601,6.058118720481432,0.5755244932101822,5.189942181196963,2.3306944221934978,4.26058238434479,9.882209713083464,5.788186206558981,5.161766864125957,8.75086903419998,2.452912423693,0.49035855825337427,3.432109609365451,4.097089646547911,0,test
6.883478712380057,1.6842124711664137,7.077142630670599,3.835090810650472,9.865457859798392,6.68973795259658,9.921391938485563,1.9323084766766152,7.739744914184667,1.4811956913641744,0.7094210597071571,0.964162528225645,9.510974439913458,4.486600336576307,5.512500318741511,7.304037063079418,8.814956696129531,1.3023409772778005,0,test
3.053808830009209,2.680617642707222,3.543988889296098,0.9976297134910261,1.7867489064948572,1.104048553194773,6.249238006003765,7.703842292258486,1.1941693811625942,2.3080947621392154,3.320518364726194,9.019892215894647,2.975990425042804,2.864485181483112,3.6722037379916053,9.444157135578735,3.710301486536658,4.489262016216703,0,test
3.4665643019161423,7.901721047003031,4.2955877641200395,7.337758125491538,3.1392946844053107,9.736178162749752,4.038257157347612,2.876636745887472,9.921365867057863,6.1377211859726,8.990766329782682,8.669068810327998,4.41104858169677,6.194633996644548,1.6240623185831193,2.9324706179136295,4.374400548360637,7.833757643490377,1,test
5.948214695900162,3.6987233624487104,5.91067859234411,3.3042843679254688,5.996456830332538,1.0012898490593136,6.167415727391856,4.146956271933895,0.360203890995795,9.156662733511919,8.747957109615855,5.827467361076069,2.105507431094271,0.7500757196883978,4.800250995703902,7.283414564252571,5.86411685889132,4.2032220839562715,0,test
7.682700352715891,6.334465036529879,8.602656585625663,7.078486042837044,5.528951654048916,4.339180406547635,8.446099560533508,4.760185082491559,8.729968227532924,7.660227644281068,1.539518921502132,9.247508248136135,3.177287362847203,0.6672500649773805,2.23883690492902,2.368308296411765,3.709368071332406,9.073158421540615,1,test
9.766433753354496,3.3559656905294744,4.151774774830456,6.378090457339006,9.434036551954847,5.371437218029552,2.1842952809185103,4.742278217501596,1.8643572468628955,7.806350904847566,9.008171588422075,3.1771466239347435,6.760401148328572,1.82067572257133,6.381564777463132,9.785144077767907,0.636859502286441,8.54865988490415,1,test
3.3573470424322833,6.165144125543705,2.5802571613944414,0.6992534668777395,9.34720364379089,7.360975723683949,0.29389303363938746,7.676673392997238,0.6822044955537454,7.01797895418605,8.556374907207857,4.35716392945054,8.28621507835429,0.34004856474113,0.049751493784239154,5.89280010284814,3.7010550019965436,1.731466575894477,0,test
8.617212608699704,1.9478187591928424,7.806708072824846,9.074231326910953,1.7213373935204757,9.312592023026497,4.947384045445743,8.082856371368948,1.5303257909868007,3.9135967920754555,4.9927842635847135,1.532191268859736,7.313577996674966,4.276793895216734,3.0493708506940296,1.8227767403311401,6.5185316284831085,7.537235367262323,0,test
3.6070109244217656,8.234605459038328,9.191573930394592,3.6168166643508695,2.947664285345135,1.1431322796198429,9.422295558379497,5.16665174809657,6.03812431192864,4.980498759440328,1.0878763161595284,1.3152827852342908,7.920518632546384,5.4601929781636755,8.451520718437278,2.8528658711088717,4.700876083902329,0.010431466365620201,1,test
1.3410206273202387,6.203717944211437,1.3165500131462056,4.872593274323868,6.494662142817638,1.0481536268963332,9.854318612100455,4.223457540076085,1.268682247540227,9.258573312383138,4.543616552125375,5.8700451578657145,0.48918568485675773,1.1423867513619046,3.9604851767922433,2.6798793260962417,8.101746398520776,7.090166308818873,0,test
7.227355977149562,4.9709734638135465,8.55429353378281,7.932347948204121,8.425259346573831,5.552271744902626,0.5771460187059674,3.5280595527966385,4.343544700103057,3.867755410783765,4.060494994943365,2.52451866050568,4.413334813763168,2.3610224608267583,7.871115861747432,9.986725215671955,6.359305115754919,7.509035922800095,1,test
8.16240858116539,5.842814466831225,1.2086671452657265,9.76190569919593,3.9544995686021203,5.340335735675222,1.9454477513265334,2.6824882000669072,7.752417189424082,6.297461596661371,7.237676203716269,0.7227013680422667,2.238538925752036,8.757205797971041,6.4435832084586835,4.787495254062552,9.952832354268304,3.0588472753832185,1,test
5.731686502510974,7.46358691326949,1.1711165632186964,1.9717934544145965,0.589010738846788,3.298438217709434,7.351046042884023,6.69281870869288,3.8654085358002654,4.950173329168889,1.0793804773718563,0.44011066850182856,9.553365077333902,2.54532405999357,5.344734263920703,6.100142160821401,3.2610507854528406,6.785036726953831,1,test
5.922009214103576,5.929188153165907,8.09462360152904,2.5409374113923033,4.173532723632859,6.005459432966558,2.421774322102462,7.713193844288019,7.898738503311718,0.7709179431506441,2.252889808072104,1.3582562829753753,8.863930176308429,8.89992295391979,9.061641331007998,0.6150272018921032,8.936832974881293,3.581705541745477,1,test
7.875896518159636,6.818977127159931,8.937691102218253,3.244942937402392,0.9972964437320786,3.362852674897857,4.346371503240788,3.5782308417457775,7.758602629648679,3.7772595786258103,3.103346118478636,1.7000652092600987,8.88477007579229,5.889705891822032,0.2896226387092615,9.395126866027791,0.5604989541997851,9.999725358451911,1,test
4.206940329327213,8.50087325398402,2.9905444931273673,6.269933813222455,7.239039420355584,9.17730291639338,7.051532149201718,8.612956801316312,2.7625828353485127,8.075054745830084,5.389586698969345,1.3297697634195504,0.702310655372137,8.186477501751114,6.46245449159832,9.593989346765767,6.939420297726389,3.64252872240988,1,test
3.6471998764076408,9.86597178973235,7.941983945805471,1.5297637009454002,4.770951247131202,1.9004134634791758,4.896739733539867,0.6330001863067358,0.2666235208065071,8.63563141676966,8.53174865985157,0.8790426979313304,0.34171538210641894,1.925844865854417,6.748425572919656,4.33381505871745,8.334039920564129,7.251590991428154,1,test
6.739907835612784,2.3639804051174815,9.278695524444467,6.950173012590382,2.6730996809942575,4.552972645235846,6.114611958578728,7.761960021878128,1.720594393149788,2.446010645932718,0.942752148394479,8.555567749407384,8.340092357737195,6.5092529002742,6.140667456513082,4.09514052468556,6.237591867727471,7.208119372357609,0,test
5.1377261088509325,7.214190610750149,2.7402172651520424,2.2790960587597473,4.073178526854283,0.07426525043114363,2.126796114130045,9.815449462827267,7.000077313843822,6.8314443643521,2.0992619129795678,0.6858053657000562,3.6247860241931127,4.768922318387004,2.909859394001991,5.829151685632098,3.593721271956831,4.4339782930079,1,test
8.501915698906238,7.566862670312892,6.982455949207474,9.383882151475708,2.0534371611935445,6.950645252619115,5.298579212647829,8.281438523997739,6.755865293295993,0.06647420843262863,2.9484403554901952,6.165053074110288,9.519461955928698,2.262883970735973,9.499093871267831,0.15595029629767554,3.971265882064239,9.076728619149641,1,test
9.90196137104775,7.657377828161006,8.553993006950813,1.3013615890776542,1.5926074121989808,1.7910367615597311,5.626223751079412,2.765926739625156,4.685824315822221,5.3366309794710896,3.6782687232471134,5.407168133409775,7.79904504830829,4.992886133551955,8.094033174015703,3.2137656000823034,0.4529030725079297,6.3690442012025255,0,test
8.774996859473166,6.174876688638615,5.875416552780448,2.3747795620042678,4.128988732410182,5.122255937654173,8.918203482783596,0.5897382927696249,1.7380187922263324,2.7325531012979685,6.431996019458569,4.077311342471463,8.34426683289641,5.167312946686628,1.2039119477408533,4.597864289966673,4.289453244508392,7.14493730731638,1,test
9.89176478698941,4.453332719301891,5.643046730359614,3.2681453520039803,1.7463466161824237,5.638538827960615,8.694839685542119,4.8743077046542735,5.515864294706617,5.163271312727692,1.41984628246132,5.564140621018039,6.149076346923518,0.6746657754747643,0.41226658485235546,4.771335413280717,5.118108507926181,2.4646199743855446,1,test
8.414437567355586,4.742594176377013,3.3532235058120325,3.025935087803501,0.9586190611282464,1.3107100591187626,6.298940166502538,8.479238607600328,5.199403782137186,6.717063354146847,2.941586648747143,7.3997144861739095,1.7139865144272048,0.15286624224996603,8.591955331768759,3.580477125448489,7.56805139121112,7.519673254923357,1,test
9.177490493377343,9.009410521511873,8.912808091267989,7.384668205721016,8.118530710170093,6.074497966850014,9.498120541960349,9.41389564016377,6.935479186359,8.377413570012886,1.69385898516477,2.3406746698930823,5.475042738110069,8.237123210977828,2.0588098729457602,4.450817857107636,8.149221622222386,4.8908165883735455,1,test
2.596582304428417,4.137414312976729,6.183603208548691,8.534467006629086,1.6745786850339428,3.0707701129378204,6.211762443303713,6.0668928139978355,8.60290515324307,6.785071680263748,2.014431122042332,0.14589724052478825,2.688454044367925,1.9833070133541975,8.711308189619945,8.39062898377664,8.347796000639477,8.938772744754763,0,test
6.042401792575858,7.948226166599616,6.8520945506861715,1.433745749242178,3.1379067672734173,4.865205508397138,8.561090525422907,7.963168780866486,4.556828205443014,2.1131751932767315,0.26521714911742267,6.150457497713603,0.32675316142274813,2.0251825859821073,5.6247682056450286,5.323237823527082,9.501759619607409,1.0402221843485093,1,test
3.831028430973849,1.2049509500432567,1.7163648486746863,8.303430243314363,4.703400526892381,1.8745692404097947,4.528764042620901,9.420343195721165,0.8076258163861638,8.347864955972996,3.2403928126567227,6.100623474482017,2.299733338951593,1.8537041540958277,4.917720190091838,2.526393743277163,9.159853454114828,9.65324786660204,0,test
5.802211286631097,1.8942786756375227,9.989387962072714,4.892056018457915,6.018654328621851,0.8650980458428037,7.438394474723411,2.776261274963836,5.661324500842099,2.0556861541813785,2.689511879360702,4.216727472202475,9.437345936797044,1.0382431296250938,4.215521725091164,1.407066101719393,9.842466695223438,2.745417066401985,0,test
8.818905167597364,6.3389851715947305,2.357815610078762,6.533102627634413,8.403288481089401,8.975406994480537,6.81492572956083,8.31093418130875,9.944645079714189,2.5056002678413805,9.361317058282953,9.952961356673999,8.306628597065725,2.9901590739683193,2.4115508048868284,9.299278882492219,3.4677458795829184,1.9628565995364,1,test
5.4691789301963345,7.07590249795013,7.6977714115363876,0.7945213600329593,5.066008550992659,4.065979953411501,2.5050584158309084,9.13997963111009,5.553764966323817,8.229854491638356,9.495809591949287,8.727618498720613,9.186454253197569,4.514683030796311,6.198676524243877,5.833391997205033,7.708013537206254,6.551082744346858,1,test
3.7406449050155257,8.486095226903679,9.21204751537324,6.250893004319544,2.065696026109559,6.675473430095219,5.616115596413771,1.1227588418885592,7.166870750838905,4.031476623103264,4.516933170472434,0.23055636957545422,0.8003581178359753,6.343451858947642,9.051868823668244,4.210914282531459,2.2206589523498286,0.17596554083117222,1,test
1.866602767073436,1.3311619626003024,3.437925060045104,5.230607364168117,7.185271122617256,0.8192044247467822,7.136430217880751,3.1201346060000548,8.72191586120433,6.262112533249624,3.6473144110223563,2.754571405268943,9.091546012658164,5.885645535244515,3.813042798992463,5.717141947165633,8.98569489003206,7.199344601714838,0,test
8.34328197772627,5.717582352134968,6.839191310560057,9.545598204396144,4.035937154155096,8.03511122661014,2.718853292097829,5.5871617209294255,4.67849307657497,3.16839213914089,4.964642757735886,0.8200139947902352,3.250756198919156,8.078354834094442,0.48096769762416725,5.040454704976628,4.615415334530947,9.066429253185905,1,test
2.1894348259136054,1.37004564124011,9.790655105644046,7.271303068633755,2.7883913359611867,0.7940098148404562,7.587153315373895,8.402148439048343,9.201892674460478,9.28293725388873,0.7375507824400696,2.3599917827625316,0.2024186231756664,8.0914391413563,8.984199263675055,0.3904253583158501,7.683963906456718,3.1505754773198147,0,test
7.88226406853392,6.599025961066882,7.672357460319771,1.9090671076672294,0.5677081629795533,0.9418107895564254,3.722167814620805,1.9728688736974498,4.110471983236044,0.22046268068401043,2.5304537130578195,7.80773413178311,5.044058964368187,2.9620490919671583,0.6559108916021528,6.250878705154358,1.1265151716819266,0.709334854315663,1,test
1.719946211105624,4.383797418607943,6.675690101256941,1.9763052733344821,3.6979131226538287,5.026881527843113,6.4824412875981565,1.4080265443196516,7.493565835563861,4.232317989014519,9.397364733987443,0.7224911287788016,5.637612814971062,5.93222987858463,3.862230845607646,7.750356445041151,0.9290839773274517,9.513564569031384,0,test
3.830846847047812,8.36093690686464,1.490665512289278,5.850938549718614,6.68187812039981,2.7091814630032065,4.422976983987972,4.354189871314206,0.9761441672467452,3.327549743709598,2.3185275235354075,8.605420561346529,7.775880734715507,0.1260994643846869,9.908848393284424,4.194205250225731,5.403063110410919,0.05753066842346888,1,test
9.408190362666057,8.703937638948362,6.246406542766948,1.9111213260944138,8.056641077922231,7.363021499325674,0.6403943124549294,1.711650892470965,0.28272671732568977,6.061894135249579,2.413878222964556,6.041718845672178,4.936580379999365,4.762376411982076,1.4900493116784919,4.64618221513307,0.00715951071736276,9.816165150574669,1,test
9.134845636289482,3.323669463900518,3.3959134497458465,8.560186580286752,5.80565181040286,0.9490663844583003,6.327823751258148,6.774232680900312,5.725876884962558,8.541885788839576,5.070324032633734,9.603186399642045,1.1869091474771232,7.732896802631752,5.684821391254681,8.754555608642681,5.332210887449794,8.310170065242472,1,test
3.718273963449082,7.681228536102573,3.717459564941316,1.4934660267007227,0.6809094282163441,3.700084708195408,5.567081999902323,2.3827609705648856,9.598906613397794,3.8748757525740416,9.349559141831449,3.66507627499597,9.32997326699078,7.75291357783826,5.392210159916826,3.372954542350366,1.0573174058119705,5.0071971279644725,1,test
9.017670514506731,4.54237131004811,5.658003408819693,7.947300033692521,5.854391029693779,6.249512371181936,1.5419141481662257,0.38379025875548756,7.146935583698078,6.656623019429235,1.6867618955072228,5.149010497822965,6.200681708569585,6.365953646935857,2.497753368576273,0.5492384891867641,8.807788343857164,1.8392695878841847,1,test
4.966199647524361,9.890137910818316,9.177562516323327,3.7822878387557077,4.473306496016551,9.129127581756375,6.224006954714381,4.713210770184217,2.855575913528564,2.3369834567207515,5.681897431838923,9.896635346172731,2.824329854579367,4.37415250308741,6.795095161734497,5.802084243888791,6.905573558753724,1.3914454442511548,1,test
7.917289579466583,8.649825323836994,9.188491295556537,6.37628169389575,5.850859296376453,6.446304655876876,2.203666415107566,0.11769342325409715,2.560975826600782,5.298439144630146,4.8187521568674345,0.5683515471521827,2.1628576537631505,0.6504701174729366,1.2729010282643871,3.0275484919108973,8.06186634187516,9.010747615923403,1,test
5.868935717532971,7.898490183214611,5.940111657671305,1.7629251237245225,1.285000137968909,3.8010307362458216,6.513267916790186,0.13707622301254663,7.455060496241977,6.801559696339668,1.1343890922331612,9.679746637852398,2.607310221951613,3.2838531361945575,7.319991811330238,9.210536751798466,4.785624961121798,7.702591748299364,1,test
1.041598321400734,8.516624841485383,8.807976049655258,6.2478423720264225,2.9088718475943995,7.563634465217675,1.1774225241423397,1.7087735319319342,4.942812874058415,5.175823536452334,3.246566500897907,9.38040147143187,3.3967687373890354,1.8449531485157822,9.626430408659557,2.7528001463479104,3.702741697531431,7.8714320838996645,0,test
2.41368677924529,6.032507198990271,4.46103619681961,0.13514959840598917,0.3564556301213673,9.150541999395896,4.126668910039589,1.6353140655029241,0.5351837293049855,3.0448441390188696,6.527280303260316,2.650495228303061,4.364763341311258,8.015284762380851,3.4368092809576933,3.7800870617615825,0.04982385939297895,9.245339239260046,0,test
2.720509511911561,6.051336851837174,4.361413789529997,1.4009682879360508,2.882830521060762,0.6183552486278288,5.168448226693552,1.7494317203125853,1.7226580599043406,3.247063891607814,7.325111378896477,9.585533284611444,7.893874316531361,9.592003249149274,1.849984268610303,6.156909812667925,6.95400501630922,9.69065361800904,0,test
7.221949809064259,3.0956168803775914,1.7928979235327414,7.295293411717232,3.04144202777459,8.894229691776975,7.87445056115212,4.033790750263949,3.0223602350844594,7.7429079315016756,5.889146771559669,0.8608318815236637,6.444117828201166,5.723424948691738,0.5632069002775331,7.049063157129516,9.854296678830623,3.8288235636183954,0,test
7.067729296322344,6.780298263324074,4.885509192370218,2.2520147423061045,7.791745427696276,1.4922436190676902,4.789876969316063,9.200525896190499,2.822729596269041,1.1457619647855233,1.336964621911093,8.009643336111958,5.739879210600513,0.7943129088446066,6.4542221570591165,9.264505117654657,5.442718365187846,0.16105337309538448,1,test
4.032107743790044,4.15749193077175,6.160347438267958,7.589896021836967,8.61306921120248,1.949622787205605,4.011329209310672,0.4036738481560098,2.3657295264322076,9.291602224995316,4.1580102344225045,0.34628470822794744,6.106025546352797,9.057852685286242,4.262824315778744,1.4778567669551146,6.35901343831661,1.406353568705686,0,test
8.599498633061442,4.120873457067426,2.0553208097585163,3.6658045681453832,1.7658513244547525,5.586111811258576,4.44150692257426,1.8370910370290072,8.86043691279451,1.3152641503349827,3.2887253147256468,9.129130914042891,4.6165868180678284,8.93118637014398,8.791965828766687,4.44349251781701,6.631927194830871,3.3803574566484293,1,test
5.700912145791275,1.4164885724221608,1.9540884799027352,3.721023867647608,0.4581063001147556,3.246898274319987,6.464828767607862,8.08699229233758,8.667135449852488,8.524401670668794,7.886413416067373,7.360453632157212,0.6512552993688858,0.34102882109939614,6.51560908158787,2.5281873317256642,7.3265308246729095,2.059898714284918,0,test
5.764510731527321,4.665974472466585,2.798097087421348,5.122596724609798,9.610868626947749,0.9660838225370727,3.0748739469733066,9.90897127810255,2.096231337378871,3.952542022695975,5.750375216526224,5.230306577022926,8.764242697035375,9.220096860556527,8.490609935475543,6.66731874525055,0.7347420143979833,8.430807856074894,1,test
2.7575354304071613,5.066920671161525,2.602919758768091,5.3304248597641575,8.590002105347974,0.5954019386831244,1.0701200048708537,6.083247795762464,3.5353060955493296,8.293994567518054,3.9237276131630394,6.637788283122937,6.1162005676795115,6.206671217412518,0.8480449060688455,9.883754284480679,1.1364810106452294,4.333929504445301,0,test
4.79940262064325,6.501867303541349,2.8316652533607827,8.933121861562084,3.8909158062578553,7.840481827337698,7.951535147978043,4.922401621417699,7.998574933779833,7.599785818158252,1.0205286985068474,4.4697335114669245,3.136941377246798,9.485769971153008,1.0836430505845007,0.9879535912374215,1.5960609252653701,9.095025665251145,1,test
7.031931343966036,7.594458246587847,2.764942505576231,0.005544752934966146,3.8878060247477664,7.2504261428183,0.7144747357110193,4.526123137541703,5.944220952547367,8.430875766133736,6.358532815098479,0.9281774550534982,1.4457270058481209,7.363766855511171,9.039974499376896,5.2946552722863105,0.008026067431455841,1.95965564821718,1,test
9.908873592343816,7.321553099301957,1.6178484139978293,0.26877679267193644,7.172000653827094,5.259868853781006,1.826382395979138,6.688358879963124,0.5859029402824412,3.475253472447999,0.8045888019586445,8.391763945936582,4.700906064085014,5.030677801280529,7.598124424832503,4.721621527353259,2.6129597205582433,2.181016405926889,1,test
7.227064788026504,5.574699811449819,5.206676105211539,5.917212772076912,1.160748489369685,0.6309492048542387,8.13824251260559,4.630982956411078,6.640060896467544,5.8505151133775355,1.8384874473152002,2.668542065865754,2.49521271602295,1.0923135224716196,5.621100607084926,2.4432958778609493,3.0596287084072826,5.500090158847302,1,test
4.422841906631277,5.667968954176271,9.538556282845972,2.84247441327849,2.1024668140096003,6.776528343155265,3.406468305669741,6.393617845996419,8.63702939237395,4.522368917968409,5.139038584220076,6.324399117188299,4.484590093159062,1.9847787014468332,8.232840567657238,8.755207136743051,2.8322434814568487,0.48590934569461064,1,test
1.8853136435879128,8.232851872990368,2.4899190068293446,4.711231360161337,9.794610613302703,3.599608130504989,0.4153596846919738,2.439625081527139,4.426283299359967,2.4975232796043443,8.27241313261692,2.8187769900439505,5.568311297717249,3.4129653867097387,5.612198326227761,3.750472622675156,2.5820377199178504,3.7668609456340487,0,test
4.133539596952872,4.497435348568853,2.672932951964627,1.7169419366568683,9.885527970817193,9.262544715651611,2.5389403430058763,4.53379456353097,9.562086498189355,7.532810557728137,5.532359803235719,2.4850326717694227,2.1306659336165525,8.166342281448422,5.666207355590734,4.2121158517572646,2.725564927675289,9.895565965926174,0,test
1.3873911704194302,8.849275020106424,3.8602318886885194,2.3711099340951245,6.629104614984351,5.978249488944397,4.806467182703641,5.198161463678437,6.0527127141068915,9.572561979310573,5.608770355027945,7.643220082594858,9.17436482937435,8.797535720546126,9.987788968057362,9.0696456124241,2.673335459986702,1.2871982126735493,0,test
4.515016797236375,2.61170777446333,6.639478238758998,2.2562876012489297,8.136358262604967,5.161692198213728,7.555287380964576,9.86939956839149,6.109647447822014,7.104890729476351,9.048830813824996,5.720694308753079,4.07551093485396,7.735867992293889,7.183635379317384,5.1609072474798605,1.9769115596267195,9.022311883973778,0,test
8.459956618575397,7.486787333041168,7.93443106567761,3.87719376441108,5.204496960290791,8.514861324558456,1.5480087221910854,8.258856705865007,5.835826213494389,9.804877653464168,7.761697283272742,0.8309811582518056,8.881704853765836,9.984452345893976,0.09201159586424978,5.728015504502885,3.251774180745204,2.245540072136797,1,test
6.33539680155338,2.7536890868986132,9.435431491486456,3.918136888643832,7.0449919240887,8.727134855603975,9.842120128864066,5.7714497521465455,1.440432517160769,4.76202333202707,0.9399827819826223,1.2992218861509164,0.7430397047342274,7.065431249621197,5.461166011403925,6.914721159347556,3.835362141929167,0.9181245352900291,0,test
6.384233042191611,6.244762462981503,7.040752858732043,8.229663503470695,9.246192029911274,8.901289421339767,5.011037113313295,7.205825655531232,1.2897487105326721,6.679736873571117,7.4476868292344,4.830210065417731,1.3995177975222994,9.879411181896186,7.416779979701821,2.5875147738947035,9.273992879775001,5.766528723314952,1,test
8.06619297584422,7.752257055981285,5.273786049158162,3.661180546872713,2.5840945010672787,6.015460933936202,5.495976803329617,1.1272086740565168,7.683327828134075,4.358711234034486,7.30487792590793,0.4396908008833733,3.551198404577498,3.38256527456391,0.6551782385397964,9.477226222663562,5.808238240074992,9.03031083349305,1,test
1.803044720233585,5.961946326552646,6.863472695403015,9.007049122172187,6.212279244872453,7.91560604904852,2.186892975066365,4.253779345638921,7.548375681077544,0.2937307054494809,6.657946175128796,9.580750082149905,1.8833100785301538,5.3371933576575,9.383009911426253,4.846075437126437,1.233276781873851,5.1863113710332565,0,test
8.656755653976724,9.886768844127191,8.84583787967436,1.038829744436106,5.361665673431109,4.644132367604757,9.078341251291317,8.327639351929218,2.929569891892576,9.598176994631139,6.876518468067127,5.298534115344907,7.18250436727636,6.578392759306642,5.1153307837070265,6.388365731809788,0.965506048845528,8.638892554648624,1,test
2.8137605839197875,4.976639811922049,4.870632152475656,5.5547908366587215,4.31090789748064,5.254717024078454,3.0173927307371065,0.5102929209241513,5.2802731747686735,4.87975746088839,4.1369802082330045,5.235941519604028,1.4238799671961477,5.284731832866952,4.271707999587506,5.536736217238639,2.5648328154193423,0.2312408253376752,0,test
1.038578009461124,2.883658106014227,6.501305334259574,7.1235953799731835,3.7455960016104006,1.5202319510383322,0.4074930610966776,9.547386956842741,2.574011084752926,3.3318192237799336,1.4785203695913407,6.764073197193086,8.616479889083127,2.3403432032707783,9.280146296674259,0.3202118990166736,4.994266224215309,3.743478320198834,0,test
3.1984140887158956,6.411114040162323,3.198677294233024,8.268958477137483,0.7251161293897435,0.8847976421017356,4.741990891086775,4.232472904518241,3.448467924051805,1.9151686476008212,4.372313452950389,2.2500301740528563,4.5357555887791765,5.201646264586034,8.934175258299682,6.184296851556558,2.0600486137495446,9.832825879592477,0,test
3.8857968826486418,2.349599682456258,8.185535027386955,0.9530372406023713,3.193478199232408,1.1490303412323433,0.9706496922371088,4.431642015185578,9.709816945261968,8.657827869758163,8.585777868838289,5.723493511254451,8.406197050082465,0.4957976851613788,6.3817467271480774,7.330677165218333,9.226192023760097,8.027141307704555,0,test
3.0133031626254105,1.207020017834737,7.529506745064507,5.515294922224371,5.482871555036017,5.1754308146554715,4.666722266684264,2.161293087570267,1.0594404712041727,7.207289482815716,1.5731490398792891,3.1469270534733287,0.5859112357347251,5.3114695610241744,0.44393114209252516,4.68221703802631,0.3900498085361015,3.6151324385114236,0,test
8.582947626441094,4.287099562093257,1.7973937945456169,6.2101368274133195,4.927950092819797,2.429689210205127,7.882984209579957,7.233119807895822,7.6848834680340055,7.295742638198755,1.3959365520420641,3.5934097406002143,0.9968052823837537,3.831092238978435,1.7104405370621,5.525150534456032,8.919145710617924,9.659054357453915,1,test
2.7024614716811888,6.799030891955597,9.528813397393336,5.447283506464214,7.1784208236858005,9.13679701941364,8.828400597844109,9.98882331849073,4.893856176574486,4.347126984278567,8.257171072153955,8.9075061667974,8.197443708059593,8.519198244386853,3.4735932196400032,7.75300214708632,8.416134289702176,0.5872791134413913,0,test
2.9676107962896925,2.7521788059936063,3.5862321491711904,7.106378906456845,7.461916381613407,9.567290420807323,1.9688920246024577,1.997375831246293,4.835790493986538,8.035524066080521,4.323054582332011,7.556114454409032,8.339547601378257,6.039294713016688,3.741431181240349,4.730765704612315,5.098908331421272,2.489836274324163,0,test
1.3141914984257774,8.665647901256376,9.26855879356312,1.5284689803706775,3.8952586800284053,4.0786369110030325,0.6712025116794618,7.758235511406446,3.6820688765820764,9.945330870948894,8.211806246834518,7.117464740343483,4.963533723631742,9.397054398567699,7.944686133919108,8.640837788300216,0.08206309411103341,0.39890488161460347,0,test
1.8735034985004744,7.535571976206867,4.320342107969584,3.2168610335287626,4.225139993567564,3.7596689516256463,1.3910229506812066,9.52450491505154,9.831967839523301,6.183888201662175,0.7340035872818096,0.821920919123994,8.544735814719349,2.3635636742408495,9.26177127624824,2.5531405067211943,8.37151007867008,0.3864406014590005,0,test
7.333103594385161,2.1119080393869933,3.154783906197346,4.171867317152764,6.097855188917935,4.5429438387947405,5.778445690593836,9.3760528714364,3.063519783175599,1.814041617996185,3.7352135388952323,8.787201110426894,5.109102056238777,4.141763631861894,3.930653705727156,8.237308224082163,0.1799602154580282,7.842829888752034,0,test
9.689071617126544,1.2872400034052671,4.904982170064832,6.828427728230942,1.7707514810850755,8.643004706687071,4.2348849951553715,0.4752791904376308,3.4435964381447315,5.0503302208481315,6.387668033774517,4.430443860552636,1.6864257642512104,6.16876484298256,7.611685197817596,0.025402034113449767,5.210015368482272,3.739361195549069,0,test
8.179212035860052,2.1864238189614538,6.343814596546139,0.28559011998063877,5.854023968876591,4.065837984663206,0.27412910089963605,4.327966907686795,3.9566952602612515,2.6643662791929623,8.833680388645842,4.105842725978507,2.1330457612556764,5.300140036308184,6.298255840590703,6.750255882390148,8.387577357283227,5.751880054229254,0,test
8.446452116659643,5.634577600134525,3.771381473796569,8.91629853999596,2.3454714874881812,9.619475242429285,6.967943356211258,5.959719881684271,0.5121931707846916,3.9822266470366907,8.526244896155864,4.7122525750960484,3.2874856252571383,6.363552984714408,8.929796506538919,9.355617027102689,2.3532168013565844,4.957550882438541,1,test
9.888298096653806,5.005169392242715,2.8668528744030715,7.1389827509139545,2.1718180133608045,3.4234476831136664,9.973131424281021,2.281123600230013,2.2389438183074386,2.0535511007239893,0.7850600980400757,2.6689752854849615,4.061228587847299,6.780591567241878,7.123086157061939,0.9829755012000974,8.238175250714598,4.6279109939838055,1,test
1.737466100712885,4.676516294931019,7.199511246017458,1.3645776151868627,2.7108427747461015,0.30759435088191456,7.853279972608599,5.8485938163257,4.303012895830606,9.411480923231734,7.562402709551238,1.9047158550981003,7.514816487453344,5.865737607087109,5.750728116517477,1.5950378681950328,2.9734923522705135,0.987130290226228,0,test
4.843015331685559,8.473958916684497,3.825296588616994,1.3466384158875477,5.071167096313691,5.320099594903576,6.231520150794369,7.1212628994527,3.165225061196307,0.4420961803200085,7.73474351518232,6.759281890499299,0.5327170551302041,0.5553034047114269,4.479183538617665,8.100173863272378,9.547882717208857,0.8096239611874378,1,test
6.5999981036319975,5.56869714600536,2.2798217855656855,1.8965845135243897,4.348527683415323,9.846019316568285,7.642197213190098,7.07730935185987,1.1563370158011854,9.623515365336985,0.14405722575950852,0.2845802822707688,7.215606940082987,3.947997378744165,4.054921209436016,2.7758309115248547,8.189594111271216,1.6053962074178751,1,test
5.065863266502281,5.014658090201799,2.9721602287964193,7.524373753750848,3.681374968383201,9.473724277192693,9.962206542512673,3.4649229029413195,3.1701461379580023,8.989089860895326,6.6460081761849885,1.462429942168989,6.741102776815017,8.321540296723654,1.534084974854325,6.8350665684921585,3.412262938065621,3.4020235662795617,0,test
3.8718424964850096,5.225483405744669,7.0986498287664155,2.803028480370905,2.4379363026659906,8.330901519418909,1.3753337489945883,7.342055697842328,0.6086738931922264,2.2489798425147645,5.188371541336605,9.56174416886682,8.589259059895918,1.7013996805531129,6.35896290771443,8.687614367055472,0.02587794690095624,5.520292379642587,0,test
1.2729473714781705,3.5919668551849737,8.798220331737127,7.267863340973667,5.771108201139647,8.630967633987995,2.615272755868925,9.7366989617831,7.623107652382613,2.901498746769345,9.83039134372503,5.725214922060538,5.115969127383262,9.402232866045642,3.589962106216733,1.1401485257907629,6.842641200700027,0.3353595099793705,0,test
4.303573069977877,6.690855638095308,3.5412016642655466,7.927491588807621,7.4179063178456985,5.481672361379623,1.7464643356028664,6.877314245740326,6.549660307240317,9.054107628934252,4.653128481538915,0.34102068121491635,3.539908334764185,4.862309947105161,9.307179760970895,5.230327438404569,7.128037837710673,7.712833812930163,1,test
5.23327209923199,7.511255062796767,7.890867126376379,9.527414056331438,3.9502049209287247,2.6564193172956463,3.5475288927104853,0.2611720375734339,1.0167597906782244,7.268825535504493,7.143976146656472,7.425370816173054,5.930113960450274,9.03627700636521,4.5464257416121745,9.242983718243556,1.33101559923686,1.447949062612719,1,test
8.219903486151209,4.338458090335246,1.9460646006337867,6.35582449570212,7.415015777477261,8.494586881946631,0.1175536782687514,6.726884279914343,2.0232946778870375,6.2091500164013755,3.6680085429477947,4.532232400081465,0.819480012626933,4.603982414073809,0.09392698355439322,2.262335817106785,2.950958188502769,1.1574924421208899,1,test
1.8658036467461616,2.990256275322911,4.048489088106754,2.5210002171409815,4.902468186211167,1.620296298746292,6.830275261720291,8.107752745271844,1.92820786286367,4.117758170650046,8.705637399937723,5.455250267513728,7.607003335159655,2.898494915245263,7.944260447719981,4.519746555970952,8.755210625036131,0.7172739054222066,0,test
6.094558430971389,2.4272047004876476,8.577420727563414,5.93955491475057,9.146712973415625,3.165183453399595,3.221127514462495,2.06216079873668,0.5562645911962694,5.139815979021119,4.441109230597965,3.846151491326851,7.4660946321635455,5.038676590695373,1.7021508077556335,4.195993829548249,1.0608352432457058,6.288318081701885,0,test
2.5941289102138496,1.6238688567612938,1.7440070370321958,0.12608416867792793,9.582303197221961,0.9125337995424021,2.2675612617558727,3.4592765790160374,8.268250178772146,6.360879199152835,0.7723909830651565,8.649167179641742,0.3964567377424333,3.5379112838975124,7.936100734531015,3.8590800187539234,9.048950634388163,1.3147432737486153,0,test
4.004039671133076,6.469279259303236,2.045279371312847,8.53988223086537,9.097038361572974,3.18299074194368,2.170529867275656,0.6840708197826384,8.53070152876419,0.5321974832024645,4.825294564634595,5.273056922435675,9.814356397432372,8.678272328327777,9.94080993644004,3.072813082534267,6.07171157985873,8.017049492142151,0,test
5.136081619034688,7.074074800824114,5.735976820107782,1.5641716504402736,4.913876177175451,8.262255774667928,1.3967397659054681,2.886362389359313,5.543612588179584,7.978466881000674,1.8405850401984092,4.680806945958025,1.1732424802893837,2.0789922091191624,2.4984301444435575,3.1846096380415814,4.000263810590859,4.513628529507505,1,test
9.268487793828504,3.656448170877968,8.662955254497689,6.8925605409799315,2.545994946967186,0.6137476576505729,4.393440702806809,9.209339613215588,7.901166995090355,6.86176021155133,7.015300760114491,9.509895326760406,3.997993596963043,8.183608330803079,6.05381652266702,8.65445107211028,7.00671634699427,1.3652395115361804,1,test
1.1619823089685744,2.581690311067774,7.469764939724763,8.784872508707915,5.587190051274433,3.119357986980832,0.01514073539149341,3.6234080291369217,5.917629968839806,5.223694619160773,4.316117797868722,9.37682302081724,6.496817310139269,4.6678306155176195,8.05961930304864,3.3093856163883686,2.7462495302615206,7.828517059345057,0,test
4.245160486800588,5.4108568615525146,2.419787114856124,8.138260961938018,4.295661722498103,2.7470531350660723,2.0427453308171737,3.3717128879380587,6.395915896432868,5.213648805458345,8.837625874061853,4.286860690327096,9.2585770054989,3.090486236140241,7.446131746918605,9.296745396097345,2.009589957958029,4.876416886223933,0,test
4.007543155846076,1.5082085652800292,4.71991223018582,1.1813121539145721,7.7754182037888055,4.245671289295506,9.13199380805059,1.563108087640962,3.3749956155668492,9.425381506949421,2.395733868315487,1.3395553499270263,9.998401893355318,5.251963872428483,0.05398344037773839,2.160342869523657,0.7757026342272288,3.6964354631093332,0,test
3.1132569449086693,2.1730103457444527,8.589158115735092,2.934169570435763,2.033016099565592,1.287811927886987,7.908184637720067,6.9237182033863025,0.069174493072659,3.944171006610996,3.6966333116869663,3.0616344540389138,7.405502378979179,7.288639560900623,5.169466879855763,0.8799565669265785,0.32806731562383895,7.779041320058056,0,test
8.216642868529988,5.251790927894429,9.089280653085527,9.661350374522291,8.494638373252592,1.6900953154456977,6.2249246262429665,6.458896834813803,8.38257478178834,6.040751395793096,4.643336913183642,6.601391967568423,8.250135756262877,1.8370823937810443,6.573116697510476,1.8445039313229672,6.1382649679851875,3.6439351535365914,1,test
6.3791892619031145,7.302300481539784,5.483241114450253,4.508422592512074,1.3695278107995557,4.551004396510675,2.568338279726877,0.9011804481125907,0.291802209344888,8.885877187594119,0.8241532379423633,5.463129576614022,5.551579147784105,6.585967883631135,3.1229450982713347,1.2999371382978875,2.3840706254223107,0.6396775866612747,1,test
8.339150020110262,1.374057118662321,8.978652875086322,3.9096169462956576,7.669814209638779,1.2686459504420933,0.868328119941425,8.91413971982131,1.9429474610872621,6.128781231653737,9.921147533169016,2.699793028885229,0.9427600768398114,4.185122854215537,4.370645510362245,4.916249169083732,4.4548905788615425,8.284289879826215,0,test
9.357457249725398,8.976216024709741,1.8687613686155908,7.723016992018328,6.910388550089501,2.407085580840158,2.871261055582467,0.7762577348547506,8.601954523352717,5.9368464144362845,9.196704343016187,0.13353050041934877,0.9499460599832743,3.8153414687822096,0.07733167211830261,9.57725010177828,9.826726057223764,2.8624583604113027,1,test
8.93786236981779,1.246621674338245,6.40214936311197,7.48754713967977,2.960953440928292,4.629121148342944,4.495787520580102,3.136767888775951,7.79969671900611,7.717408374311438,6.390851022444641,3.1361389657538696,6.375214727172729,9.755981637539858,4.8674314524982085,2.057045474434407,8.494227982438103,0.07953126724496995,0,test
6.072041662452158,1.441482950122166,1.457362995620823,6.494294635198416,6.72424765320927,7.389858667872874,2.3525817884302205,2.3360818737205378,7.601576976235198,8.481684020017088,5.699390981255594,5.561433681239871,2.1824616996444646,0.7908356169528996,1.8487180638443879,1.5191735485698532,1.759708878410794,4.481764245000933,0,test
1.7644370565846683,7.168945978754128,9.45295033857536,2.425012023756538,0.789427010372683,8.382270946869182,8.867230679708413,7.668763376082245,9.772341584496193,0.8213838652316763,0.6706104044114647,2.837489726449416,8.301784298806734,4.188165055697813,2.8283418738818034,6.802778155681567,6.187171992444352,3.231131106157692,0,test
6.958345670821285,2.8028057839606784,5.226451485925794,8.557603131871423,7.310219794944109,8.678662722940448,6.404670346375209,0.3039959749879839,9.818434534234584,5.36964523812078,2.044851994051715,9.142597399442641,9.704810154117707,2.743548638584242,0.569318208620222,7.716082172531157,7.595392591052915,1.3681934083421454,0,test
6.778242820923111,4.311926513992356,3.1424698537069102,6.901940274738508,9.980502676869985,6.194520295775138,2.1162406229440545,5.173843110451352,3.1978239271449005,7.461760262948741,4.731819956753651,6.3978021402135745,2.6063690524804475,6.053526105718209,4.886511752742448,6.038530743945591,6.977734965579298,1.193619188267756,1,test
1.1758687138314234,9.915985557122278,9.896373770006534,7.860733181540219,8.997583309884545,1.89501004132402,5.791843370953197,9.675815367365303,7.218856528663257,3.7944418780918667,1.907904133945062,0.12209722267346401,4.9359558836249295,1.6211750529058866,4.889147156118457,5.918110170728731,3.788041428180752,2.5578863389923456,0,test
2.091343725965034,1.519692575150856,5.148364693237777,2.6319786552110047,8.280452153003532,9.213591763530031,0.4031370248583721,2.6088570461208214,4.690318126224437,5.53329531098762,1.648892243858523,9.610600195973518,5.306265267454688,2.677042130440509,0.04326200932824431,4.334843279701143,0.6211485698053765,7.874365415149329,0,test
6.704113815469949,5.28093856840405,4.297911866095271,8.56551359651214,9.306412043680172,7.577235825937866,7.745008563437361,8.71766594196759,5.744420244954029,1.2068298934291277,3.5409440549551174,5.4359683573334845,5.377142432580375,1.4476878230643742,8.903007559099859,8.18678722513527,9.762796071130861,5.945932206205922,1,test
4.552205821079066,8.698691775160409,1.2569516770182738,0.22987794375777804,2.1395603481607885,6.970408961108026,6.795390634558647,7.758669045500964,8.307271860356051,6.861968978751296,7.360774124842161,6.805570064443477,9.262954745766635,5.357257289456284,9.036328285246347,6.327719149753539,2.9857348614220047,4.415485175541756,1,test
4.57583840363516,3.7088988606248994,7.159761253644271,9.730761874596858,9.987343937793566,1.2092230443546859,1.1049566533097621,1.3169469890182306,8.594638292261118,8.659306064739646,6.222774847299477,1.7776328214176407,8.20907488649824,6.956627703558986,7.26951565397777,9.175105886882331,8.041260835863994,2.3978669250867846,0,test
8.12079371457058,5.392175889981481,8.555165391900447,7.340819709080294,7.557210791829657,8.739689354297846,2.462259778722827,8.90575775629535,6.235540740393092,5.371604071992502,2.958450067410535,3.1663523677328973,1.4493345472945085,3.187402009824307,4.36836503319476,9.324415727250727,6.535781067071733,0.6655893687140391,1,test
9.550033999001952,1.3686965177772912,9.891288594811163,0.7213237655749649,1.6840807219421883,4.227813579287272,0.30326232535764497,0.7703677912228879,6.047049092982557,0.15525461995394507,3.733438952711224,2.891353920301686,1.43691742332825,6.8953174194102065,2.789741208111808,8.953311748090629,7.417756537156065,2.6368150380857704,0,test
7.910833223638111,2.9085670404562305,2.187189710749962,1.523504233135391,4.21824334716502,4.091995515427662,1.4995419794183718,6.827109555051364,5.142616698552861,2.2728732762294603,5.252986168320492,8.046002173419827,4.520637385900357,0.6727669692985738,4.143615606292343,3.09265976562899,0.16643081608893828,5.013650636990673,0,test
7.353318702957635,3.9752274933372487,9.05675949925408,1.420897787167098,9.035505108546468,2.325984022678246,7.315817938268277,0.9136487058002285,1.3167430626144927,2.4852888268562987,4.484170499959963,5.576274617097832,8.595739543550744,8.053510110886359,3.6106318811738793,0.0980192357712828,8.848817428660341,0.06476937704984143,1,test
4.440691193672599,4.105726556093333,6.486298069081946,1.7826058190384209,6.953365225685715,0.6486259492665714,0.7395497771548509,8.586700603994228,7.923619542725222,0.5520685806124725,0.7177429450378514,1.8203135791125402,0.8372857518955046,3.135141472842183,9.85026190284852,5.3259863301262325,5.039544190776653,5.494501591310078,0,test
5.953813722820386,5.1403465463676,3.917100473928525,2.5836894284866996,0.9637296255090255,0.42791781269477247,8.667249426824226,4.469423099818856,1.5967425385349043,8.261442722247818,2.418455740522738,6.557777835396411,0.2325175630937082,4.764438518760042,5.278883010170354,3.7411231243116685,7.1532883310821855,9.24680786423717,1,test
3.344399529636581,9.115031694378484,5.106699941557462,6.842749645183015,4.466479318953712,9.832858205481042,6.662895078660618,3.9747572681695464,6.8782331972266695,0.03584957877107997,4.562833906522101,5.9698367769998475,6.344477945847128,9.517446961299928,4.703734569466875,2.6174859519519966,3.172561494825202,3.4770439771601893,1,test
2.159508652962176,9.364508133718152,5.993344390008896,9.70747834017851,7.468188756999876,3.2116333303657996,7.389774885463592,4.057624417278638,3.473913580109512,5.610064954586987,0.019037385503212212,5.72084834962155,4.884443578434143,2.0699785193451,0.7956145809550419,7.209204958521402,5.164349803319768,3.699761166594203,0,test
6.6448085268904995,9.63115603612004,7.919333454479407,1.3928291872400878,8.176904592287071,7.766498118462119,2.039924000396299,1.8163114821771165,4.256739146505422,3.1895374968753742,0.7373393950737839,9.612236432664051,4.817838789943916,9.505298879044478,8.717069558554085,5.958264620777209,2.9287569243956457,1.6680333115702128,1,test
2.4960337430955812,5.757569110445559,7.964619074758693,9.757669886678954,1.1346863368620208,9.081438679490674,8.870549114046232,8.321886738822357,5.529853177869894,0.7608816841489474,0.5962644148279395,7.204674518458204,0.5462956911691819,2.588414981737791,4.146085217305463,6.89928045364563,3.445070550810004,6.294228600995474,0,test
3.785231198043923,8.697549018964015,9.76857999383681,5.34809873486135,7.067369609226088,0.7629059312875053,9.323703791686969,2.9061941815452466,8.048876290397686,3.208488044679507,0.6543554539467156,3.1022592921019188,9.793001981878287,2.358773608821344,6.125921005201108,4.732655454257033,4.0438290422543846,6.614172548445016,1,test
1.6033794207616987,2.4240989750045876,7.196343937818555,9.833162667363768,0.9171534620982003,1.0121422593940044,2.026420267724701,6.897714220437403,2.6379957742176154,0.4219919948556161,8.234847499758827,9.306771709213882,1.1977631509268172,5.319262630443448,3.946623600451078,1.5432624260734962,5.4517494110089215,7.479919958688469,0,test
4.407569079665517,6.2537707324987135,3.574808761425887,3.087701672825005,5.506849512011374,4.262190688792998,9.835893754527294,4.566509256407732,5.777609633635557,5.048590332003001,6.732123984305051,4.978205186973494,6.88731240483477,2.452176356958733,3.817362464540711,6.631381064440264,8.839172391165652,6.58344270929356,1,test
7.708433436113696,7.559049374537153,6.93445232072872,7.1554727267311105,9.243788897911193,0.6503675640241136,7.531076305153338,1.6383222262031683,4.16426168245298,5.01470829952625,5.907561874803892,3.0749677759454066,5.083692889286265,6.737740273333185,5.907205629109661,8.387363159275084,0.7632508182760367,3.583834199067708,1,test
1.263723880164188,7.433068543763086,4.657969685407521,0.24056878439662976,6.025711219428526,6.810098758876522,6.5043754496518975,2.3500151077494627,7.181118619718349,0.9680621645716858,6.166873223480193,2.356452798174018,2.2000673387892067,3.3358093285118127,8.730790675535353,9.546889471152154,7.652655900161255,9.083851815755763,0,test
9.68311879887295,9.226133589129502,6.711768092857628,7.357275763415964,3.841159402439854,1.3244118142176953,9.014327461627937,3.7242841716712416,6.92658128006649,0.04910409387822168,3.2731859963028374,5.706205022579921,5.3925303555793285,6.945620623835716,0.17738062126465004,5.54167260564363,2.045582486885956,1.7070671153498052,1,test
2.674355854771992,8.010088226022324,1.7210829171290771,1.572801114437431,1.118905704154326,3.004688752073755,1.0957340601860976,9.193936538990952,2.538424694912279,5.905063289586963,9.851037680983731,6.1540191048207005,7.507950095591683,3.5598774413710954,6.565257400687182,9.76380920704507,7.708595642021761,7.5348058839799945,0,test
6.074650980459575,7.317883993054824,6.862420633091911,8.740955931221357,3.7319041842717438,0.5723827061549602,8.494789886204732,5.4003994953413486,2.288941354614825,9.412575211153971,2.8324867335984183,9.291486932843528,1.1604260594903315,7.435744958428425,6.2105494729739,9.120592105745244,8.956525213522848,9.586077277449098,1,test
