A,B,C,label,split
0.7891032089003864,9.95534741829396,1.4356357565887898,0,train
7.180961554074696,9.295824630365365,1.330540255205074,1,train
3.1217073590051636,6.128363920359004,9.264845343691734,0,train
5.5218422868962245,1.0577726910477614,8.94088635464329,0,train
9.414369965388799,8.04798161391159,3.5587744144906654,1,train
6.786731573779076,5.823656753593686,3.2701341760310343,1,train
5.5756952468363865,6.637200443312352,3.0562883550164126,0,train
8.627458438533782,5.464233604608113,1.2796419761735889,1,train
4.712382491971292,4.715929657316915,6.921160936707944,0,train
8.902828984924323,5.027416072872214,1.0624032952641635,1,train
3.8673135863744794,3.2268740399433766,7.143976362874453,0,train
7.428183547097837,5.638410547042371,10.995193575814232,1,train
5.146608918656089,2.3933721944510458,3.6271892449305576,0,train
5.720118363487869,3.6873365474750694,2.8017942416711294,0,train
8.226277522546416,6.832865856985231,7.412122951709534,1,train
4.926377354072504,4.436327220344708,2.866671789919445,0,train
1.469026422302599,5.808567767424279,9.437764332110191,0,train
6.529604640663196,4.228939731831234,1.493209686417179,0,train
0.9149993576595612,3.049795737372233,6.751055325444461,1,train
9.789763256902454,4.673248675293532,8.370070126611692,1,train
8.807723259513546,6.671742248869184,7.834253289541089,1,train
6.097851936603183,3.3199186879783578,6.8187383866261175,1,train
10.954389476454837,10.758744304808475,5.941305328315566,1,train
2.0466160792948025,3.2986812981277787,7.014084776099075,0,train
10.075718604504345,10.101274002775252,9.716993749270989,1,train
6.3805470977636745,6.951799963634743,9.787605458154538,1,train
9.88546891432345,6.300302829905589,7.548427907820248,1,train
0.8087571796843299,5.839924047983175,3.5209466180640474,0,train
6.122337157575108,9.577471256608026,7.972369498262378,1,train
8.047059076910468,3.54272638161012,0.07760243047820681,0,train
8.37022372058018,8.711330531534118,8.862937609841389,0,train
0.5072504793550776,9.724860332532256,4.054782158047612,0,train
8.759809946946962,2.4516933970720696,2.6968240836425945,0,train
5.240924845130203,2.112780492787419,8.590221448134699,0,train
2.5928595847511167,7.1585718264077105,1.113171836203212,0,train
8.867995162981119,5.743575271525761,1.7132570276505865,1,train
8.2525027174186,8.397865515212665,4.115827851632867,1,train
2.877935556934198,5.854606423578355,2.5712649758572756,0,train
1.301375641420031,9.504403941319268,8.575336328475341,0,train
0.16759224416604446,6.291665918810271,10.847045208471537,0,train
5.987951148988606,1.8594510013304282,3.1569336378566617,0,train
5.1162976772910636,8.522348284711915,4.088479344650914,1,train
10.663496224013686,3.506109767437556,9.832386105362534,1,train
7.703962190031085,7.924734863160752,2.9569112028671802,1,train
3.9021122399391235,7.3890800489491975,5.1013261468279865,1,train
3.4388146859949718,2.5223667996965036,7.660570443647112,0,train
5.5432455969719445,1.8894754981969575,0.857028898746608,0,train
8.311673219626728,1.4015380966268218,3.1211150115266793,0,train
6.915130507591553,9.690998751332156,1.3126556544360066,1,train
6.053818861062455,2.954533593017109,0.9610521525820914,0,train
7.623432805454845,5.486617553867131,9.73345728508189,1,train
5.6770629498892315,7.862647059297519,4.012363616399859,1,train
8.371290432497146,8.361808012583428,3.6523567639804924,1,train
1.9399018277006486,8.569958608141595,8.41861712059057,1,train
11.192114447115495,5.617834493363144,7.449303401202249,0,train
10.770490644529643,5.49489015482623,5.63593797374843,1,train
3.3451335741271233,5.645660687188571,4.344402197122108,0,train
8.888159402436411,9.109190029114636,3.184258244607707,1,train
9.87074351809147,8.463196110169182,7.410734759796093,1,train
6.370692019830075,10.122866323550102,3.4680054328808896,1,train
5.83706334882147,2.4051167374232207,6.547395567052919,0,train
1.5629079599252207,4.003681751191633,1.4297881582204233,0,train
3.648531446284552,2.26156628555104,4.047977823143719,0,train
6.710521213642912,9.64799766392903,8.711312809240255,1,train
6.973978422150287,3.952223474566441,0.26222970293612513,1,train
3.1926616734325366,2.4658490220041225,5.487877195206599,1,train
2.6386759812902243,8.33233195544198,3.3855100592446816,0,train
8.283777409952014,5.687725729870841,11.049694697587709,1,train
4.192691697877713,5.711967746001452,-0.3177545714722405,1,train
5.654024626995221,2.6299428422645903,8.356007944418426,0,train
7.522952194640967,10.278257743372945,2.657309425344498,1,train
5.563398606593197,5.48060684279093,7.326427600589225,0,train
3.741742994869903,4.459917866036203,5.519507401950143,0,train
1.852508180751573,3.743662737312034,0.46561970186578305,0,train
8.447025822735464,3.0937182043479905,2.402732960882928,0,train
4.24889668716912,4.1410733830122135,6.271030336605195,1,train
7.000133766600827,7.002511269325618,1.5569703104347756,1,train
5.405593593149893,9.884944188149644,1.6638443574020894,1,train
2.352641684964201,9.589534057735825,8.270647700231772,0,train
4.1459769479641,2.4175615310531158,4.89596837046911,0,train
8.691665923651742,8.022323731131095,4.262618545889251,1,train
2.6631497802448147,3.1548944156683483,6.624109826631785,0,train
6.0086261067277205,8.718898662578983,2.1322093860161306,1,train
9.78009609856636,10.098202147165118,1.5553409745116629,1,train
1.4428568318614232,10.6330974157489,1.0256236422059875,0,train
8.5440877547883,7.601250222157472,8.031857019881217,1,train
8.394801642426287,9.082048252897318,7.6312444486705315,1,train
5.282322424754716,5.575492759320769,3.3890010609811796,1,train
1.5493122954332084,3.9467797888421767,4.525002716461625,0,train
4.1191601270435925,2.905326106186457,7.74599262791191,0,train
3.5002400757691703,7.814856113373898,8.478126906909914,1,train
4.161285719592985,6.716195466256175,2.5219868512433328,1,train
8.815190665211343,5.190048774920233,10.691280593533017,0,train
6.07570020365036,6.863551290169783,4.951060546878638,1,train
4.890338158400992,4.207774878048624,9.141966003041686,0,train
6.961437727776776,7.519034968487571,4.933884484197282,1,train
7.413055484030446,2.483452540408667,7.918499687807713,0,train
7.416771465685516,8.744256844422118,7.633399162959223,1,train
5.324930267272681,8.608562999097744,9.995932227922834,1,train
1.8388122732498675,1.2109888523993253,4.991943446749209,0,train
7.51766231942367,6.8165736986076455,1.7832320621993412,1,train
3.2939482612463378,7.932389883130529,1.047273404291319,0,train
7.7783671738148366,8.441233370309769,7.484615808001989,1,train
8.752856527064887,2.0196903346403374,8.531732550985883,0,train
1.6076705255518027,6.148181221940118,2.6018852462477975,0,train
9.953680772168976,8.342368325561202,2.002595794212914,1,train
9.379684645110178,9.053324996872558,3.6308328149739095,1,train
4.76068223449393,4.344212498958827,9.507057158811042,1,train
2.8106586639289617,7.469254929622753,0.1490685829767875,0,train
6.8890586327388785,6.829542432026402,5.535218443586357,1,train
6.520935191360472,3.4753837216606516,5.2885513021770105,1,train
2.164804196110961,2.856004235802143,4.601974308392388,0,train
2.8582063086319796,7.198516142783274,6.786484665074833,0,train
3.257256500251724,2.0272878834214505,0.48347143962941597,0,train
5.538123276757221,2.716051117152849,8.926536422042293,1,train
4.683211389874397,4.418406104263098,5.4681306077165495,1,train
1.7266780758590072,1.8064602468011677,8.370862194424213,0,train
2.802281244974321,7.186991556472244,5.265099037113726,1,train
6.3939722754675525,9.252493242794404,2.3295115546404688,1,train
3.551794764305198,2.151580579074705,1.5434511299117757,0,train
2.636096611868964,7.164482644176889,2.3708800513152366,0,train
8.58220428905311,9.998714089742304,10.277014363560312,1,train
2.857005621806466,10.146302923640453,1.3465583757168136,0,train
1.6760412638782423,6.0421422423117095,4.61618725919958,1,train
7.165350797448548,7.9656637798883425,2.713017677838462,1,train
3.0954573448400153,4.765671474936412,1.9606104019136847,0,train
7.246325304041187,1.9566975182766255,3.3146045903184027,0,train
0.864163716625406,6.793239106193747,7.852231439518794,0,train
5.594329751682407,10.134188196744834,4.334280939021841,0,train
10.506180061358863,6.233234760029664,7.363093149266402,1,train
9.086346479120893,1.6016183306963685,8.559911235277385,0,train
8.280470506199194,11.77305641070249,3.9796004839590147,1,train
0.8732772625650373,1.2111380577958122,2.8930991103651627,0,train
9.930373377369133,0.9379440824765595,3.27578106489403,0,train
5.403602135893166,6.850709642022454,8.717472197944295,1,train
6.57267300445972,4.7202084470234835,1.2644267209373685,0,train
1.6833725718250467,3.8085730335492216,7.172638735338063,0,train
4.952399276925511,8.566916653354495,3.391722365298365,1,train
7.576942714525806,5.545158259655177,4.004511590372205,1,train
9.20800744894797,8.088678558931242,9.419571089382563,1,train
7.877956244782861,5.936307207570098,3.245245062723435,1,train
6.543656248775886,8.986029120000666,9.107275421833648,1,train
6.199820455833886,3.7057249839162285,9.187661825362232,1,train
9.311915264642721,2.3673089304340458,7.273156705497689,0,train
5.408566391552948,1.0239769034444854,6.420888151962259,0,train
7.263261212698692,10.439461010430175,1.8494415165921176,1,train
9.375333856566431,2.603052065957158,2.941695901484839,1,train
2.8133424497063584,5.403976824634574,9.650442161784127,0,train
6.1333113535574295,6.941667430481756,4.597690943344012,1,train
3.6108365266676046,2.5617110236846763,9.653215258743845,0,train
4.689511358293824,3.7037797507790535,9.438367411744023,1,train
6.896357000935056,1.5613432842942094,3.9228389577968725,0,train
4.097913393740319,2.4965297840722402,9.534240188635666,0,train
7.8293711780012565,0.8269672045546526,5.24903340027346,0,train
11.022495932020327,2.8741977276350275,6.307870623678761,0,train
2.4804918970875094,8.992468548972058,8.053092863588631,0,train
5.4360306584991065,2.383434384758417,7.33852723606913,0,train
2.1406833970668204,4.313854286234248,4.26240213542599,0,train
7.737865918520527,8.103360807465481,2.6397630292249796,1,train
3.0203765996365304,3.8736375109041634,5.60646323184293,0,train
3.5026613958755144,6.694443356183931,1.2580460331251688,0,train
3.847761255921709,10.020794283003958,6.113486641334856,1,train
1.8463439667480586,4.209261644229386,8.661109870688959,0,train
10.293671142406286,3.5906944147321327,8.771189945665068,1,train
4.9993297807985115,3.5800902487691793,3.494552606947166,0,train
4.457579120867602,4.348125357066392,4.177665587104392,1,train
0.7794828162471039,3.6991312748064855,7.182128427392796,0,train
2.7405571662051096,2.732165059960275,3.6486044064646896,0,train
0.6519760129865695,5.882943461749414,6.156498239886169,1,train
5.372458798338248,2.6611217369923788,4.224375694274273,0,train
6.633739918587772,2.57523351058797,7.760008762288549,0,train
1.0651023695903947,7.747898031289706,1.8651816576667066,1,train
7.445812912017084,6.266816576656517,5.028331695129207,1,train
9.715473899420655,6.970085958727925,4.6891029787220955,1,train
8.453430985155817,4.208811480151325,7.879078545552922,0,train
7.287218374508905,5.3216999124926945,9.570440121175858,1,train
5.536637861006632,0.8505207105236907,7.377098481469194,0,train
6.635475088688798,3.3641592703586642,5.077110275763824,0,train
0.9303594559165764,8.761270556396257,9.524534320992288,0,train
4.430355416679822,3.472997714912935,7.472085043662869,0,train
8.916286491709238,6.2706452843510805,3.88027786600389,1,train
2.321791841330671,5.529324049109964,8.779915959955627,0,train
3.385923582624396,6.913769157574438,7.251776737941696,0,train
9.89596630168616,0.9285413902430744,7.691317184143816,1,train
3.380307764427378,10.149542651341442,5.9933475784362535,1,train
2.2151952871532403,8.03242431289244,7.263626372272136,1,train
9.02022698281019,9.197869725462208,10.220947361242207,1,train
1.6497011900935115,2.8359704199541884,4.980842961210543,1,train
7.4523116123919015,5.598879496174485,9.334451731868915,1,train
9.020173856099436,2.789681611149034,3.975367596406924,1,train
8.059273346259264,9.30025610337757,8.698757864357638,1,train
6.658119184220904,7.974290517563286,4.402838882046462,0,train
7.732842286256236,6.047777119001317,8.335770468228946,1,train
6.769754268831707,9.421015979443112,7.582393306346042,1,train
1.5964442112284598,0.9753459032164057,5.198918741471393,0,train
10.252423439476189,2.3975651272171623,3.0051408885863844,0,train
3.4412426730242753,8.926845257803043,4.679278761107351,1,train
8.611836683749761,9.47277519236889,9.38185973544107,1,train
2.434096779447529,4.399382066065478,8.528867879411926,0,train
3.0690000963748068,6.355491734651808,6.301414016910766,0,train
6.966522212919794,8.021469174576985,6.757480327527837,1,train
5.2232994805946245,10.281587636033189,1.216913048663978,1,train
5.771286250634837,3.867994129712143,1.9383560554670292,0,train
9.595870713201064,4.560264213141352,4.095090301390239,1,train
1.4797986730242232,3.9735080945448753,9.325531188260515,0,train
2.6555002994072465,4.128185333776942,2.672453281346598,0,train
7.175138239433206,3.801623209681555,8.362903527275586,0,train
6.34401877901946,7.839254875279974,3.68583418652636,1,train
5.056625263321569,5.013802865916872,8.432405273071234,0,train
3.927018488881298,4.709129443064331,4.233966274822,0,train
6.6356997774754,6.16291369488278,4.8638955107647295,1,train
3.6671671843282208,5.662257807872116,8.74318760630138,1,train
8.001592317614227,9.34645700026693,5.023726479299622,1,train
1.4753198866858415,9.077464130004214,3.3947009353748614,0,train
6.6609917059497645,5.091255385257732,0.17202764028965023,1,train
4.2350627290463985,9.172112897507674,4.672543034378204,1,train
6.8255517177578,1.896655462839314,5.926763154455636,0,train
5.9768839931823,6.477499108522845,6.34488738425491,1,train
8.606052125291129,2.8436880371223086,5.456955062915557,1,train
9.94039655035335,9.308654163183963,8.093207827897821,1,train
10.019976941203764,2.3465852342387343,3.468793224849609,0,train
5.240225862528068,9.635170571421009,4.9597121584075134,1,train
3.6300586977181384,2.916546604150056,3.9619529758588405,0,train
4.780193231892568,1.0942714656699075,5.674123294454138,0,train
6.460475235155019,6.856341762284737,0.868649656453762,1,train
6.520681698416111,4.567513418381699,4.9270665490377645,1,train
9.839554786118365,4.07349117220382,9.877496596109296,1,train
6.3080157701835775,5.517446659730079,7.580611911911389,0,train
6.760918439426964,8.213616904940135,2.8440187624486684,1,train
6.381807661297423,7.083373593380656,7.610457966595038,1,train
8.004884410219624,4.065970028379295,6.195870161144711,1,train
9.742426977419825,3.053272639307699,8.5920717611537,0,train
5.227346858233095,7.021314649759628,7.127577981473735,1,train
6.110410270501999,10.18635688362538,5.077806921850212,0,train
8.836120272919283,3.828426615470148,4.742407198295536,0,train
5.539405845188807,6.418611001600114,8.878555075100344,1,train
6.977381866205452,1.746687600744136,5.58986041315197,0,train
3.3535352499887168,8.90311903467076,5.603892360399515,0,train
3.550677498794644,4.8820858180905295,2.0463222418443965,0,train
5.961741404766623,2.581959441994073,3.5692184219575607,0,train
9.06549498139505,7.016760872199354,6.942116753755493,1,train
6.415934398307238,4.071426808875308,2.9596962820096233,1,train
5.0827063990275905,3.7974607327024987,5.434366597638098,0,train
5.790540214292816,4.843250080776445,10.295923189563016,1,train
8.985098271683496,0.9946444927995315,2.8014017758340586,0,train
7.740204532085311,6.546086760368895,6.496797680534305,1,train
4.335002717979219,7.00191462481367,4.586350379113584,1,train
2.7266748781277492,1.2943392311867374,8.088328199212206,1,train
8.92807709120506,7.179975220411766,1.9562228215268989,1,train
6.204020789508748,5.179839340150982,4.639405611267296,1,train
6.403667821840103,2.1743600905597678,2.8280842988351016,0,train
3.280746737271659,8.430171073069134,7.1127732115539075,1,train
1.5157552875911375,1.10483232748136,8.117731229999773,0,train
3.4271631818879262,2.5695841510662634,2.958737304037796,1,train
2.0992125440656197,7.825629350693083,5.7875373501116645,0,train
2.009384307185161,7.150353774101027,7.939272697936849,0,train
4.36784403995169,6.1135000016070995,4.905528172922692,1,train
8.384139165031721,9.078664466851464,8.945362048094314,1,train
5.656440294549104,1.7101862651916944,6.462993200999968,0,train
6.310347730578365,1.1322114254661197,8.534161843306217,0,train
10.040273503270424,5.039317724039851,9.10204977729082,1,train
8.647881759169554,3.42286855522363,5.109053801408273,0,train
5.177710222684182,3.219784266753261,3.995348095728514,0,train
3.267562816703916,4.101802481388509,9.460400306867344,0,train
7.724373643577756,2.4072842437588844,9.548133524586301,0,train
4.033679174960946,9.670569187645407,8.376230399707776,1,train
2.259279499076892,6.826647104223632,9.54098192052464,0,train
6.164497006743357,8.59047922870708,6.835491616827074,1,train
1.0263949669986796,9.021594275889111,4.819310368456539,1,train
9.187740432562409,7.14481879236086,9.25672206055968,1,train
5.93723037300126,5.466506606607698,6.533490211402488,1,train
1.9319227832151635,2.811089130279222,7.830442229527928,0,train
10.000480003806738,3.529022160067106,5.174992719665098,1,train
2.390938259412538,7.947157564617249,7.6256946803145755,0,train
3.6227923050868767,3.9225259391203036,2.4925995528716327,0,train
4.24516424522269,4.982385656518593,9.06846281180292,1,train
9.565903807457756,8.480657258474716,3.617919406960777,1,train
1.194577356714175,1.698187229199864,3.518663008225664,0,train
2.9727798092603734,0.2756810516714956,7.586795746656373,0,train
1.186140580090754,6.5147371469286135,2.446581337996312,0,train
4.886855762769359,10.514098118376566,4.207184973089915,0,train
6.8108497016470615,7.6915928575172785,9.299358597742696,1,train
8.772884206165765,2.8958176224698984,5.018306858942566,0,train
3.060060909883105,3.740890002769856,7.459296413778321,1,train
3.5894739844886185,1.0271005968906861,6.970816965552598,0,train
8.40180095762119,1.7275358488036385,2.986150814385414,0,train
9.001861492194195,8.516872899145643,7.487358164130821,1,train
6.472653637034252,1.7275834569853235,9.301809828104266,0,train
8.021901325854401,7.719204627342362,8.031536275456645,1,train
8.200660502071235,6.456963075557609,5.557290433313746,1,train
5.030374630548189,6.75691712430976,8.111303206887433,1,train
8.909400507974762,8.15602323905399,2.9924387678934896,1,train
7.292966970822534,5.07000601253777,4.275601689679461,1,train
8.426952040068771,2.221566939036433,8.713007134735493,0,train
7.774667888477983,9.738900215006904,2.789444320005332,1,train
2.865146867413646,5.357859789249444,2.899411346854938,0,train
4.489596128884264,7.966343588404732,2.919818524909505,1,train
8.881015701140623,4.538043975822244,3.016822447306433,1,train
9.917739091460245,7.117728484401818,4.550260452010838,1,train
3.454901390035964,6.479385224600373,6.212934910182161,1,train
5.745383318301002,2.541904864015666,8.393212811087814,0,train
3.0563188033073905,6.143801152232435,7.642671123930081,1,train
8.198144026885457,4.608501791671531,4.500043917195246,1,train
5.839693458870315,6.430356091440529,5.090822683380193,1,train
3.9070742827120064,4.544600966529547,3.669589746193383,0,train
8.131638436915436,5.328806654831576,-0.18178916668972622,1,train
6.3217895905699075,1.4918732525376441,3.215019551643806,0,train
6.940154478515775,7.926895058335558,8.881514441580855,1,train
6.59141014176207,9.907306575514472,5.405888888843935,1,train
5.255413364871005,3.4904045170002345,5.246576172381073,0,train
8.394517608571508,4.997701662996128,2.9740318467634417,1,train
3.281596834754228,1.481325397817903,8.430462367849385,0,train
4.24675135339011,6.475986138680215,3.993150363476225,0,train
7.8217818284791845,0.845951251210521,2.424992387260549,0,train
2.50065242156678,1.2486085237336102,7.441034166376657,0,train
5.98438551262666,7.5051000668551024,6.079643441274641,1,train
2.7477663096437053,9.57441131947319,7.3331874804296096,0,train
1.346074923883326,6.993876692946365,3.5128566933369565,0,train
7.154830266436847,2.2366740131503415,1.6543704997656619,0,train
2.7052533269482435,3.6546961805054217,3.6097680416837155,1,train
9.081258623221848,3.6699963632223644,0.673286887349535,0,train
4.29258843605027,2.2368934088117958,3.875470644510368,1,train
6.475585402114556,9.039942637264668,8.285823262904488,1,train
6.376223535667707,7.619388180525471,7.234022037059214,1,train
5.053661981178283,3.920889062144384,2.9107536254477435,0,train
1.7911980397691512,9.686289015158872,9.475962482565638,0,train
4.481336818703802,5.351418202255729,4.921827294653794,0,train
3.49645237039735,4.288460044716181,1.7949306143477148,0,train
3.077486303110711,9.26690086427821,4.021787200378734,1,train
6.623889502655403,1.8086760416173173,7.542633198791568,0,train
3.1592911089720146,5.799224928497187,9.40432508047463,0,train
4.2264811755995355,7.130733301953454,1.0078246134651263,0,train
2.670932081024381,2.541514612402535,5.858813809402756,1,train
2.59599863069366,4.71386696843031,8.829108075082512,0,train
2.4411703895826697,5.82565745152721,9.304593565417978,0,train
2.7063115368137005,7.582065870881502,3.397757508573625,1,train
9.856017724793396,5.931121796928584,4.347159925820397,1,train
8.99879117839062,9.721610382361776,5.5595521881381185,0,train
8.317469668296983,6.498205703691285,2.924858300561412,1,train
7.10994832169274,3.6479209687776164,4.817685736427807,1,train
7.999655989077269,5.532664709671289,6.478732330486502,1,train
7.481123783849162,-0.6391332077176974,7.757186382503896,0,train
6.1265300267337395,6.082530161061501,5.222458716943583,1,train
8.790462796536596,2.0546177660399403,5.499366694466773,0,train
8.385551342199424,1.7183885217663217,4.973503534104641,0,train
7.440249459389573,2.0260377433951438,2.899909810673608,0,train
4.3710007911818485,4.1715594080557015,10.115160977000818,0,train
8.562205462641614,9.146095931228778,10.31641508837114,1,train
6.256547254115481,1.5133819048107293,5.9857766470911145,0,train
5.962692783625302,6.8647094676992655,1.6168889386735104,1,train
7.871763133431045,5.541948576521766,5.2007558533445115,1,train
8.7992281864484,7.789719048065617,0.777432733098861,1,train
4.696223505327818,8.305082993866023,8.876572383496033,1,train
8.206001166642404,9.13463409760201,6.869104342244754,1,train
9.459181846405789,6.068181600790666,4.545938699257874,1,train
6.467792496819793,4.498606642638159,7.778674925826384,1,train
6.3603702059370795,6.509394498618522,6.079693585635039,1,train
1.237993863449941,8.375026672734691,3.5864130794550495,1,train
8.434824963738912,3.304153621650647,8.522419201077593,1,train
9.680610220782718,5.966748903076546,1.0893387580644163,1,train
6.650749755816853,7.762570638144097,1.0945508789098963,1,train
0.7288219018454312,7.1590772277642785,9.274400722287838,0,train
8.282574169180947,3.138886124395039,4.106569341406736,1,train
6.53439462784214,1.5928470374632668,5.583936933865628,0,train
6.26950694936821,3.106959147656141,5.840110134983278,1,train
8.611024858900773,7.868097397028216,5.425760260129412,1,train
3.5812432909658725,4.373130393798265,8.047319773715756,0,train
8.071279577655144,3.037449833795088,7.353665890307111,0,train
6.968846832008341,3.3009508618199526,2.797058748770483,1,train
7.24441001967532,10.227588464366663,8.91430661361642,1,train
5.786026628609597,6.288664148411383,6.773083172368885,1,train
-1.088896839213085,5.850134997104604,2.354936822441818,0,train
4.960106179851296,6.962260460244303,1.366632403351121,1,train
1.0759234713410506,8.901909474622043,9.68423296787702,0,train
7.3869970356943195,4.983602708199719,4.179932026714266,1,train
2.2962023304385033,5.908553945458177,1.9098838807045446,0,train
2.7827388103787496,1.3502551209806524,5.818634387986883,0,train
2.656925345627913,8.103791885327828,1.6546426766811457,0,train
2.7947436394500285,7.676403067393386,6.524910166681676,1,train
3.039007596348573,3.5303237529890197,2.8226023040771397,0,train
3.316196440030478,2.787988953402038,5.04193253242155,0,train
4.784329606066131,0.8526818028471671,10.341093679399322,0,train
4.123788951693701,2.851104841983296,5.722562537193343,0,train
5.707123423864347,5.751305586959763,7.368181643210097,1,train
3.1522253709371277,10.462887562068163,3.0282437306344248,1,train
1.6516000813888745,3.0703001648071035,0.872567927170476,0,train
7.459927304277397,3.301789457298243,4.907643660777151,0,train
1.8900047925549455,-0.2722659920629378,8.16804714901049,0,train
10.011890340298782,3.7172669191111094,0.17581367906373746,1,train
6.184065822005766,5.5439129365726725,5.205810144969636,1,train
3.4004108962922457,1.7266931176320301,2.4538326727084105,0,train
3.2843370432190078,4.945545759189755,4.796465237847043,0,train
8.207896395020454,8.19777584173558,9.613524209250837,1,train
7.513479346501869,6.476565022296434,10.733459172837776,1,train
6.365223010056209,3.990403937376528,4.277402293758342,1,train
8.0985255732907,5.450498872196438,7.443645286015719,0,train
4.1521056586835305,1.7610922010926067,1.2251515473465329,0,train
9.061634007765889,6.389578975355104,9.309429964154328,0,train
5.878761963457978,6.936642377501238,0.7744731163293262,1,train
4.912623117710107,3.0496626579724957,10.46643215998906,0,train
8.404483559967773,4.464078132787402,1.5456254190944114,1,train
3.510788467015044,4.170308120087958,2.069814516592988,0,train
4.194469230983952,7.759180556930281,8.502501449900704,1,train
10.093382719043307,4.5610434885160736,8.568935171015498,1,train
7.1602392122855525,1.9627036307438697,6.878947206965408,1,train
5.250657949924833,3.2289077552488528,2.4317797052760177,0,train
1.2705558785618387,9.456783062132207,3.377878828055299,0,train
8.41355299133321,2.9271084303440564,5.953576134860011,1,train
6.829665108775848,6.363530444571024,8.645493383490967,1,train
3.6933904309489254,5.4154997599653445,4.770098827065427,0,train
7.382376878836497,8.249541366080745,6.371026378184573,1,train
2.0484241468055604,4.568299918740672,2.8917152853543806,0,train
6.843958293524483,7.654161471385594,6.665369826372961,1,train
8.962573329771006,9.303411467374223,4.283070201548417,1,train
8.456410919074731,9.367825523255648,9.512150718990348,1,train
4.750658686670634,4.111248814162145,3.376314452473622,0,train
7.145299277055782,6.306213741426175,5.154202644604861,1,train
2.9886698986312688,-0.570164187188074,9.131618334205102,0,train
10.216357389513073,4.0692729755181976,3.701183217113938,1,train
2.5906532676215432,2.8999593781235333,7.083625381766966,1,train
2.0814313944580265,2.2694641618543483,0.9066024342508834,1,train
1.1885457351460427,9.52701252270693,3.462075044169824,0,train
2.1071445493798024,1.2832928716028387,2.727666870187308,1,train
0.5818763380532257,6.989426917591991,8.286711305596773,0,train
4.8313168177452015,9.59191573418111,1.3822817534739245,1,train
3.745023126459965,5.496196260232747,8.028326973315561,0,train
7.563355647631819,7.632028995048005,1.5990310245598138,1,train
5.4271573845899574,2.016253863654001,2.4454147303123084,0,train
7.300260605676357,5.781711159184228,4.3441843882949716,1,train
4.92218269903696,1.994158356305319,5.630111047146037,0,train
4.3739671942658935,6.024364318480977,1.8338055918488225,0,train
2.059958175320266,10.0103131569522,9.29782477363153,1,train
1.3014272253991925,7.4774473521152585,8.595557921444874,0,train
7.2472733717494915,3.014263264630811,1.734829044683551,0,train
3.265033089114046,6.907827419234819,7.671672150658903,0,train
4.712418104304122,4.327684405470346,3.740446845918199,0,train
8.466028320898134,10.192817558645483,2.3774327488467986,1,train
7.05504498569496,6.7017129828759625,6.705622196781241,1,train
8.356779372167694,0.7671999364743743,4.2968251880317725,0,train
7.020407637436855,8.232918036347355,6.7133630322718005,1,train
8.559614690756973,1.6424421339415642,8.233543916094364,0,train
7.2516154013716685,8.109738517684159,9.872631244543426,1,train
8.832809044262252,5.899376915752283,3.1124656430931075,1,train
2.883322070104853,7.711785337646479,2.706756526098504,1,train
8.523844241214526,7.146104252381705,8.787202287090937,1,train
4.429370703972085,9.279615711718366,9.48780645368356,1,train
9.04783589235487,3.931843397636851,7.87380765806279,1,train
11.10026061929532,6.90652826557984,3.4514235054645113,1,train
1.874446183297071,7.341887616764637,6.159372520397859,0,train
8.181517411684425,3.281295745973197,7.637221594565002,0,train
7.612847083340852,9.166148935963541,9.504656323534677,1,train
10.490645569985078,4.521944945239514,5.5014771198096,1,train
0.7317257052478818,1.9925024005889362,5.623779754727856,0,train
3.119865203907686,2.661857256095414,9.197171419258133,0,train
6.536149960752575,6.188999388061645,6.046861806381899,1,train
8.075389411932203,3.504593270441228,4.213411564757361,1,train
3.8000191542738784,3.4653799399222964,4.308850749907416,0,train
5.676764493537645,5.441988718981163,8.131130795062688,1,train
7.525375262831189,1.4049364297877087,5.159127305027429,1,train
6.707807181053288,0.6958766508227225,9.88934598178222,0,train
8.411477097466136,2.5723883824777287,1.629417267342186,0,train
5.499880140382687,8.165517767626731,2.92927260817045,0,train
8.89977697255271,4.455200984635385,4.483275565496825,1,train
8.481777987207119,0.7837427310246338,9.085173494161266,0,train
6.55009161330447,9.03451319488559,2.4421678860533427,1,train
2.6928516509788243,6.963721716507818,9.66356518215409,1,train
2.628544498084717,4.217361985504993,2.440447217365276,0,train
7.170814172887126,10.143538074645543,8.528158872783129,1,train
2.038086342896661,7.245418334820451,9.824569432917636,0,train
3.655593358259132,2.858322558671805,7.9000125516137505,0,train
2.412130803094724,2.0902959561871697,5.093290342498352,0,train
6.996945263472157,3.2847973957218435,5.123476336724092,0,train
6.732859294940811,6.113953316061852,1.5905842443780525,0,train
7.005964119935472,4.226441479854709,0.650385592872023,0,train
5.884845946268553,4.693151221280033,8.587752132539546,1,train
2.1455600344849715,3.287433042836002,2.3707505155024506,0,train
8.871341881198257,9.898231596397208,5.303751466995597,1,train
3.7502098049666026,5.458080553571119,4.253353516953186,0,train
1.9888988594852144,2.9010468838224646,1.3160021089865463,1,train
7.237805525711217,2.799631900946199,3.250362353618711,0,train
7.979873774033402,4.132429880371824,6.801675455222175,1,train
3.5610851695738175,7.152823428235843,7.508523086883789,1,train
7.552668497438997,5.1853365298725365,5.8560499261786205,0,train
7.303551438890671,0.9271354892356534,0.9051983013417988,0,train
1.5191979851963546,2.917747730540179,3.53787599711531,1,train
1.464892250448282,1.15957655477457,2.230564729598433,0,train
5.734179732313251,8.082289565381803,8.169387677803018,1,train
1.6818412797874007,3.306537545937715,2.685317462724503,0,train
9.347496714095275,0.7494179105367664,0.7882059595995063,0,train
9.892647672778113,7.777263781814248,5.6211236490264715,1,train
0.21578770696442007,7.533338555059441,6.69273712815874,0,train
2.0550697896207786,-1.1027689089490558,3.131770278882763,0,train
0.38462207607589294,2.373934469819691,4.817682231818187,0,train
8.519220542510068,2.544308965389225,9.048266431078758,0,train
1.8555347360799725,4.9569116556186525,10.252063043756236,0,train
3.3356165831792537,5.495687754389469,5.571094697417627,1,train
8.4782781729782,5.100868282703875,7.218770624520955,1,train
3.9845187529688038,-0.0693140063935096,4.557906758553513,0,train
8.216120513176827,7.346319900037783,3.464190724611968,1,train
-0.9772245428061099,6.507603029151175,1.945374181742734,1,train
4.769352051083603,2.7936567042608633,5.212001594987268,0,train
6.596406949688162,11.22660978650339,2.8736257586875906,1,train
8.414879056595197,6.166251489955268,7.630190174071531,1,train
2.3304349565593325,6.9525796237834205,8.442258080261729,0,train
5.6770712640170675,3.366651682343904,9.307087521183444,1,train
3.6125669508179246,4.731679260645578,7.735044328899785,1,train
8.635877742315934,5.895515611317087,7.6602143078403895,1,train
0.6530947257336579,2.906344161689629,3.3372448637165726,0,train
4.739006714557607,8.30933380046685,1.890576653232362,1,train
4.276633358504965,8.258847127598244,5.7536465922155084,1,train
5.896407004968093,6.721828068373254,6.912962524224156,0,train
8.409091701154056,7.2650352975735215,6.020603488519366,1,train
7.051012865928876,3.4150830742902425,10.315353018017447,0,train
8.714744005684603,4.410385532620165,3.2910909475843475,1,train
8.676493697566187,8.438891515907322,6.726910093309852,1,train
3.8249211860021415,9.04024270661,3.1712589873321964,1,train
3.7155306869440157,8.894744220547526,1.2660671554728493,0,train
5.164553990155853,2.5542724536552184,6.0801748391049,0,train
4.097816270766765,6.911675798423481,4.41860337338079,1,train
5.143793729490459,2.8610012156183067,7.577227533477302,1,train
5.813036123130649,5.422266273666959,7.289669238918419,1,train
8.045746997853122,5.488802167388243,5.253623344863978,1,train
6.467029160167089,1.119520616947839,9.930708873939123,1,train
3.0320067005373508,1.7953411915669988,4.40022837662881,0,train
8.319401815230332,1.2836576808434077,6.827673169224023,0,train
2.5501957987523505,1.8625305635817266,0.26829034832340937,0,train
4.317829592091972,4.663810904629646,5.3345992590849765,0,train
4.607953831683449,3.754786950066535,6.644218602322556,0,train
1.9209786924969972,4.087457666105086,2.629038283727962,0,train
1.8627379306955079,2.7847520305261924,3.4909824999955306,0,train
6.855335523932742,5.9202475328451545,8.855774929403392,1,train
3.283492246451512,4.937065547459429,5.011604314429948,1,train
5.8665636160482695,1.0014840479572502,7.983502376708691,0,train
8.935430466526952,5.022019782420508,2.734446121030567,1,train
7.47744922486042,1.6634053799207658,9.346334804156545,0,train
7.676078461383165,2.765975603961882,3.990952612425085,1,train
2.9296600282137706,1.4920725218818807,4.295141477107096,0,train
0.8134311853143009,4.383229952105965,2.4328863666355502,0,train
3.361449599658963,2.492830301544516,4.351086837709503,0,train
6.156674843199696,6.618473950223879,7.384235901921914,1,train
11.452032506844931,1.768205863009383,3.4855287224684353,0,train
1.5195932515778736,4.964264209325016,9.906703500421873,0,train
5.508723341250841,10.22064880208385,2.387057915148385,1,train
4.74368033576431,8.001589798266583,3.56342370469837,1,train
8.521201566238826,8.419833067255237,6.154632415741329,1,train
4.1999626011293625,10.223226469533445,5.830506440194728,1,train
3.1004935830016924,1.384511357486962,2.949059638073967,0,train
1.1301802611754743,4.525862065038321,7.357431884414024,1,train
2.5621230557982706,8.30678595531847,-0.011296641600376578,0,train
3.3170908694081302,2.222828370154609,8.231729193869826,0,train
5.638065533102318,4.487120210564511,8.66744227268516,0,train
5.465099350171957,6.835151900139444,7.0386846430524255,1,train
1.2081482184525072,8.221598814626502,10.303391752404908,0,train
4.1325261129009,6.903357562345018,1.64598368514702,0,train
6.747832210122746,1.390642568839367,4.514918657876647,0,train
3.747729045779751,5.2324865749946365,8.581094852496122,0,train
5.085318040986861,6.016026313374389,3.773179424737918,1,train
1.0944761057972758,3.9557312966522487,9.120644056234005,0,train
7.630676762446395,10.937687051141909,2.8426248569032455,1,train
7.717246006660146,8.924143992044979,4.210478961400316,1,train
8.827099026989046,7.71608625606537,5.621522461741854,1,train
8.158455156042903,7.777150890339975,9.343133598127993,1,train
3.813533411781236,7.312907042923548,9.693683350894203,1,train
5.500324571060839,10.101505981454753,6.234533397022494,1,train
2.744961611231443,2.7976085461410154,1.332140228358487,0,train
1.7609529392775358,1.2163994917627883,5.5652671799770985,0,train
3.339666391962219,0.35891771934923034,9.109872734604588,0,train
7.724325723482513,9.378770911052507,2.7085973773159795,1,train
7.178418680655415,9.25298162907732,8.667446294514763,1,train
9.849964814136827,6.292574688781513,2.137200724223539,1,train
6.8233039583345825,3.0228051937051257,1.6228070788979723,1,train
4.843688543653842,7.13756149291499,5.089753981145798,1,train
7.42157693507371,0.28527387457399644,3.001130070485299,1,train
7.310089986370936,8.412758464031802,4.315740958177136,1,train
3.46711164261766,2.894084520788729,7.732338744324961,0,train
2.9246610701216484,7.884312512631352,6.475924088855767,1,train
8.675164078862812,5.449021855312802,9.13002497707165,1,train
3.160032827500901,3.795500719716101,3.8521169039418397,0,train
7.466169539592573,7.564857737745426,3.431354676530856,1,train
7.084489670377956,2.8207549319703205,6.572319510078245,0,train
8.164845674099565,3.878337570658385,8.239388229626515,1,train
6.172378372139585,7.161786974748908,2.7141713001390912,1,train
7.286174718954495,8.712266117802148,1.2689772678108169,1,train
5.48729967423694,9.001175614180399,8.974234877797503,1,train
4.872522685643961,7.168622350713223,9.65616652428058,1,train
5.6569704774848475,7.439415591917815,6.450152429894548,1,train
8.069677987125958,8.493712335766608,5.791964833938321,1,train
7.151930775422741,4.866038200977518,5.281251553800953,1,train
7.463988611426885,8.476127486636951,7.209892119174673,1,train
5.270734790576077,2.341055006362147,9.508696573208983,0,train
4.083866891340748,1.6130639553828692,1.5867365354573963,1,train
6.758007828057062,3.5290195792329655,0.8173806902061858,0,train
9.392946070300557,4.843198006169851,8.97693402167305,1,train
8.234920045945378,7.51455798376693,5.09744120659953,1,train
9.29242633211912,0.5171987846142668,3.976755650220903,0,train
8.80657435340037,9.284848264634483,3.076787897514553,1,train
7.443246969859255,6.948082659756031,8.851999774958916,1,train
2.5421940521522757,0.5636953595458071,9.251698851945672,0,train
5.632220189186031,4.618207123001865,4.9071755965038735,1,train
1.4859871441021069,7.1832879352319505,8.498024623996077,1,train
8.355159156418539,4.820608171101359,5.809497554632537,1,train
5.937576247433028,7.787137704420934,4.683383286307029,0,train
5.19531169374016,0.9264008951377898,2.5787331968466836,0,train
6.228679338959785,4.801532853517346,5.120876847511409,1,train
6.412785463143368,3.4023442172514704,8.784698345639763,0,train
9.077592573667474,9.850277668988697,7.992190054174339,1,train
9.61093660482404,7.015299338410075,4.364540024154043,1,train
7.1950238185599975,9.311020645231748,2.794441684152833,1,train
8.216489363093286,3.12646756382653,8.297396889414035,1,train
5.927792455792487,4.782175281796944,8.83967489185679,1,train
9.663198189452268,3.787024503544038,2.0576793255005117,0,train
2.332003859810349,1.2877690438640177,4.772834842849809,0,train
7.489920674605997,4.179552834387938,5.613458065826766,1,train
5.68057675128214,0.9407312887782446,4.068281472786086,0,train
5.264125646052021,2.1803611152151547,2.7444248151994612,0,train
2.278658916411543,2.713847344443635,-1.3419301748544403,0,train
5.192118645770617,9.402418727661658,6.550180873533843,0,train
5.206561549613295,2.614715199872698,11.187256384752333,0,train
3.7449843871185786,7.338963239002452,8.118476011050669,1,train
4.401683812998123,8.493434295003523,5.928917219909359,1,train
2.983899726909276,3.563053758510119,5.5844696079903855,0,train
2.847111056396848,4.103220436408228,8.549174303293796,0,train
5.165596958343751,5.02136077266872,3.5703457678544703,0,train
9.306870052469248,1.2226401496452728,8.893935963187332,0,train
5.971544492129652,6.072201940279947,2.932333897049947,1,train
8.509824603444297,4.745859469559308,1.6354924498399335,1,train
5.287645409391462,3.609266757928294,7.6698599594414985,0,train
5.178331306477186,9.429413568784357,9.353874943696997,1,train
5.637007625102067,-0.6313598675741368,8.379520217683044,1,train
6.531671464086473,8.595397548116916,3.7744676165277156,1,train
8.569197400849815,4.819962750939633,5.971091810999274,1,train
5.360680904257977,5.180850795624894,2.5141490485352715,0,train
6.873513557708453,1.9477036700295298,1.3227763672355592,0,train
0.4837573487637489,7.9673906075783565,2.6954690642790844,0,train
8.518554539390133,6.079685912553391,3.821836454477504,1,train
6.787415834354547,5.825049511040676,2.599693248340711,0,train
4.205087944249045,5.6268097294913195,5.471464306441909,0,train
2.2210580730075895,7.841669543777829,8.324623022996912,1,train
5.338276185476856,8.517338457485991,7.797976999041608,0,train
3.0372675164489253,8.025199308070853,4.892282461811995,0,train
5.169160577866479,8.721136933945653,5.0696191287358525,1,train
1.326866053136051,5.655957545242138,6.027479699988191,1,train
8.846351841524559,7.027788786737281,6.888881891928956,1,train
4.585590520645348,9.730816809443759,6.915928843559506,0,train
5.017395446098414,2.776584488174759,3.4911719224293742,1,train
4.077350140888846,7.120724905181273,6.648054005175592,0,train
2.5366759294387666,9.805774481628253,1.2760205531445676,0,train
3.027570600574034,1.2416079916051377,3.3703203389150476,0,train
5.974199560727915,1.5072034313001086,5.849339250408464,0,train
8.152696776274079,6.956331144457433,4.119861672041726,0,train
9.069998514736653,6.341638290269289,8.31403179234143,1,train
3.530808125963526,8.759337145553177,1.0034698176341124,0,train
9.125192598728441,2.6077306026288816,3.6437292953043827,0,train
6.44851535330909,9.505457482014528,2.78209382136458,1,train
3.860878679111096,5.036122472035814,6.5476108619226085,1,train
8.336817571950851,1.618482216236319,8.253528356714607,1,train
2.226582897414817,3.5716397076806676,2.22156791522813,0,train
7.877410083114612,2.732014064128902,9.871460150845875,1,train
3.6912733204972548,4.596352843924123,7.898016705601939,0,train
3.100685015739508,1.4484317634459973,7.909524837919254,0,train
7.268468979018977,2.7500571275954195,4.648240187907423,0,train
8.844743792653805,6.5065391735891565,1.7682445805607478,1,train
6.643883359674346,4.657491528358855,4.77789074837801,1,train
0.4320783402123639,6.8212714255092415,6.8460125498188376,0,train
5.391435158695006,5.684513649267123,4.3066836128206765,1,train
8.42489991234751,4.660506255543471,6.830220497171084,1,train
1.6760603277933852,7.705174797932259,11.260882420770747,0,train
6.455908796791817,6.995918205036391,6.498922780295801,1,train
8.685446962851492,4.4491322961678055,1.624262621295244,1,train
3.97697719144125,8.04126553123012,8.287977927837652,1,train
6.433389531106953,1.8735725184011396,10.14004095445883,1,train
1.6159495698976793,2.3825147972977363,1.5253868827793653,0,train
8.909259886464726,7.88636941723075,3.8534025210137237,1,train
9.027317628563337,9.059384001357314,3.236464653768659,0,train
6.37895896906776,9.767964863301424,3.7916223422795032,1,train
8.503671560537274,4.91306967632373,5.527532733184789,1,train
3.601351495137819,5.319128861504784,6.3313197390424865,1,train
3.068820779329452,9.688559744382136,6.000512742139557,1,train
8.14595276621227,4.044309387559076,3.3358353058647245,1,train
9.048942778854357,1.740281481154045,2.7335618769482064,0,train
9.59115247580169,2.98277642675403,8.83892062246712,1,train
4.837933855715873,2.6516963099646174,3.466227709118689,0,train
1.5236874731848653,5.099789168062466,7.20405419872302,0,train
8.05045102307798,9.293510774466903,9.867410618969041,1,train
3.960037990521311,6.9716244646832255,7.459309663476145,1,train
4.690783427194296,2.2665969605650345,6.891555155059732,0,train
7.040808871876483,7.200891654101556,2.5609421137150683,0,train
4.06294254768372,7.874570255436281,1.8062766902783811,0,train
0.3402578259469735,2.3071188204291193,2.669437333712573,0,train
1.3269463363136584,4.426199568370304,6.8532132456216415,0,train
4.474662173727225,3.9334215785638986,5.704611984612314,0,train
7.532574310693669,6.8578970752104365,2.7110609506409165,1,train
-0.017463344920262136,7.465147199998858,2.7428411659204137,0,train
9.10967242526557,9.179669444700542,7.254836955577965,1,train
3.5146611484449894,5.020609289957145,1.9542327816570273,0,train
3.9026771318140514,3.4761210635425215,6.959839947314715,0,train
2.09862024155752,3.38766290939592,10.001210972454485,0,train
2.237766344979935,10.12612365601202,4.073374491171618,1,train
9.491629950716137,9.45250808092902,9.42764882194262,1,train
4.5421546151579735,4.937625011177163,7.312150037355284,0,train
2.2648903272843346,9.158865300271783,4.4206254093854636,0,train
5.317229241074557,5.82286309989055,9.475949947980387,1,train
6.033660929485263,3.0876206771578496,10.092023963188336,0,train
9.540689180229911,6.286960218560634,4.076452250985472,1,train
8.146608133942195,4.286586069862182,4.206288650823448,0,train
2.8497818222047284,6.166885664863016,8.28766748885197,0,train
1.3397110395246208,9.258860558797796,6.19719404092102,0,train
2.2985962301762024,4.029691723940031,3.5617171179835503,0,train
8.279232798423202,5.80384433035807,6.3867012336144615,1,train
6.102966800907797,8.619120549100634,6.961038164878358,1,train
9.710041242440354,4.063582434536766,9.526686430192358,1,train
1.7284533337838843,2.066008108618923,3.072802465163847,1,train
8.156581629736573,2.900968407267033,8.751608398951175,1,train
2.1507386456829707,4.722806764736601,4.542093310921604,0,train
8.112266963689155,5.546358682006426,0.045255520713641584,1,train
4.34130354729535,1.9185645665980622,4.489539010244265,0,train
7.985202074216908,6.589075941305513,6.320065591670352,0,train
4.986846105124278,4.931123957557163,9.144984699959581,1,train
4.317740194213916,5.837867620108291,3.3706251380107908,0,train
0.4822884444563923,4.990578527147193,8.909595784802086,0,train
4.968312160147538,6.984001394554386,4.197052898752039,1,train
6.206481268449721,5.243091984661789,9.046391273584359,1,train
3.799054439680315,6.3317412564232205,0.6164572494757561,0,train
2.851177129509975,3.8770722995892357,2.108514864793012,0,train
2.716700166154287,3.0931662819556776,4.337280762772325,0,train
6.090699211469995,7.831041650135386,3.709005259730044,1,train
4.6265940253348825,0.9236383324458739,2.622220237477365,0,train
8.916949169866621,5.162930742123064,7.558130775071842,1,train
3.534891993300294,1.723638935005599,9.150041968318188,0,train
10.165805314618263,3.7377658193053116,1.1302528554082152,1,train
10.045710437899553,0.8073073738042738,1.9212544851711226,0,train
2.63202005381122,0.14779529604838393,7.887975953000293,0,train
6.104887217455608,4.093670326087273,4.624313480593956,0,train
6.968599250964675,5.0791189502211616,6.387034290695654,0,train
6.675006758384796,3.5216489022679314,4.421748344729139,0,train
5.164311406517992,1.9383989838820586,8.379967847122918,1,train
6.20154676734866,8.95393752107178,3.227631364933603,1,train
7.797868853843757,5.030086451969726,7.136022933881929,1,train
2.396808143138893,8.959938314168237,4.098744517467999,1,train
5.212070040421292,10.055759465727917,9.462938831612377,0,train
5.1164853043125,3.8066492388913824,0.7839017007978137,0,train
7.887625798290703,4.1684977438668085,4.173751824204853,1,train
3.2408126583805075,9.961574825527144,7.721093234829011,1,train
9.400716497360293,6.758450702846554,3.508490564741031,1,train
6.047724093959385,1.9925668959646345,4.805787008976149,1,train
4.285262796946047,3.9906277916730195,9.345908690764364,0,train
1.868094087371888,8.86348401598841,4.396812784266115,1,train
6.737884530742112,8.38956246734353,1.4060499541745315,1,train
2.3424371029237885,6.8872105670660675,10.150122894099646,0,train
8.921102156714882,3.862349444221112,7.785602231834126,1,train
2.9514194885914176,4.629606950552868,10.209341524684843,0,train
4.617879271260867,0.18373567544617075,3.5396051808564684,0,train
6.532092183862263,7.653493143990169,3.96454750502179,1,train
4.128763235721237,6.422359672546689,4.317892404334126,1,train
1.8458611686295834,6.0726560125132725,2.111357134793387,0,train
4.065330742282672,5.506382457178777,7.638468819070488,1,train
6.42463528973952,8.341101223726639,0.08069240773691155,1,train
4.83361023267339,6.720010732920731,8.573847797401541,1,train
0.9853913061883888,2.1244775537819383,9.883831304996983,0,train
8.442685942789105,10.097631516743805,0.577860877717696,1,train
3.3689726610158113,5.807233990687629,8.578248215582366,0,train
7.536080086520764,10.196494547278355,3.1019848659011497,1,train
6.552776370962385,6.302072285250853,2.811261087866355,1,train
6.725979321624802,4.281703164119731,8.712457524403236,1,train
2.464861806343047,4.051914927456917,8.143045990978715,0,train
7.18436938410114,4.152213541155939,8.322513188271763,1,train
2.9489781620479794,2.108559583636521,3.5494813778124934,0,train
8.485509376584499,6.009906894249597,2.169894338543979,1,train
5.987674792316934,8.578236605878113,1.7422684971502531,1,train
5.866544577444153,3.1375408428651665,0.5505312150977728,0,train
9.153229962381845,3.964787159593407,6.905703441543952,1,train
7.432167518267513,1.9751544283212734,8.120084999198971,1,train
1.9291991075528825,7.2954759314228514,7.646196214113018,1,train
9.36341834599359,0.5406516548339403,3.852708025739747,0,train
-0.0028514711012328497,6.074607205955802,3.7761685937026908,0,train
8.061369687784897,9.415578532658774,5.478201703388107,0,train
4.558143293227397,5.263408333553687,4.566259551937605,1,train
7.695653585735525,4.461253823117186,7.545186666487931,1,train
2.5915871478127395,3.44349190703376,3.3345940820698,0,train
0.10457998089055587,8.167583219129746,7.298024633676384,0,train
10.546925030010726,4.845486902260836,10.00880014673987,1,train
3.4239130451914512,7.27867069855021,3.78787417554655,0,train
6.674183097316318,9.262319299754365,8.215654646811151,1,train
1.751658764690533,9.545223468338394,11.334170981077218,0,train
8.225357880459338,3.2280965699674358,5.508704860399608,0,train
6.3177782558924225,9.411089274207571,7.4144458198383125,1,train
6.663344058728529,2.2828414074027736,2.0056741460321956,0,train
3.674461951111498,5.278505029358439,2.4825954971596658,0,train
7.254056432103971,4.354539223587225,4.905782073308039,1,train
5.405354167225859,2.3389549733357757,1.9338877207143481,0,train
2.2436558162519096,1.8748232048156743,8.153109132324218,0,train
1.281593596234351,-0.09578032755663557,7.35948985583028,0,train
8.946417763843149,1.8473662657355299,8.806665585887457,0,train
9.127630791213079,5.974235240157808,7.7978185942199545,1,train
9.695094420424812,9.6647980306776,10.932863972369733,1,train
9.101714873794517,6.783724763107244,4.002336872849862,1,train
3.7072262167792167,5.654601118621734,5.866034861205709,1,train
9.427251021706054,3.9279072131056325,4.70879601923477,1,train
3.902863193074484,3.817575795041353,3.7062086276771296,0,train
0.183469040067203,0.5745504594284558,1.091691930106772,0,train
8.655862442892477,8.837788133123198,0.37610912554831377,1,train
6.525750758334241,3.8230370202312933,9.57003202075157,0,train
7.962352813188312,-0.6581828129732612,6.724436267395281,0,train
7.108276770361807,7.857526279134467,9.371205563419398,1,train
8.248548194119675,9.658333934703881,2.2619979449571015,1,train
2.5138787342331272,8.959109138276727,10.124670186163332,1,train
7.027541756938557,5.144517674730837,7.097797570132723,1,train
1.4713095136244467,6.200949586522552,1.5734202454352897,0,train
7.686199924876751,4.203416996932826,8.854560259104906,1,train
7.3272621437351635,4.875916807062688,2.038127648738472,1,train
5.8923626210970195,7.0667300673568505,3.454925603216744,1,train
6.585857706990796,4.021185015606675,-1.0155381867270097,0,train
0.33493136013349933,9.806655770535892,6.042739028582723,0,train
8.192882145374647,8.182461422370308,6.341100261001423,1,train
10.735965903723587,2.0163093070804194,1.7594448304333898,0,train
7.548253360073423,2.4463246805370646,9.429028671905188,0,train
3.2594442130310717,3.8223828874252375,6.540869393957915,0,train
1.9942903762176125,7.800344246492509,0.9728875141490176,1,train
5.190892396827879,5.369902307391769,2.920442434873544,1,train
1.3598797345286397,7.693458642298304,4.400416215867446,0,train
9.840764037392642,5.992664914442468,7.628809859500584,1,train
6.612637819706132,6.478141488311095,2.6357447328710477,1,train
3.988136876788057,4.321411613786754,5.357309498825914,0,train
6.607653039782295,7.49673535477591,9.005411041745795,1,train
6.993790454834812,3.916680717478342,0.88694776881452,1,train
9.784381242061885,1.9926926234276574,5.762687275032241,1,train
7.123505004948138,7.11861891003607,2.1575856124281767,1,train
1.8266030420184285,5.918077743540323,2.3584359292538624,0,train
10.283717911143507,5.242397554405188,3.3155488465181913,1,train
5.723426314831385,7.507363716382395,5.551158252322587,1,train
2.090444284217583,2.66983220364957,10.322140858512778,1,train
5.993250272136823,2.715578001167111,4.869455347498741,0,train
6.0517571417573945,9.79609943729903,9.673980656814198,0,train
3.997059748118841,0.8304705303967403,2.1988912836073498,0,train
8.744809974290673,6.0271346842761755,6.040758948855782,1,train
7.0902468407147055,2.2073680248377223,11.20306296748511,0,train
7.513404624545258,4.24318234589462,7.975311085042236,1,train
9.2571923305364,8.385873176045797,2.49083603651006,1,train
5.080037334821689,7.754034554389401,3.2898448041301505,1,train
6.9950439978528145,4.8518539727052525,6.534532251032564,0,train
8.803469538798227,5.866606919562644,10.962342992085013,1,train
8.783444515102255,3.253428978409929,6.566991174594076,1,train
2.5205003986706105,7.421062950826994,2.3729095827409967,0,train
3.735424082392188,3.5483304287647255,6.93762986518098,0,train
5.888241106221972,3.563511756238519,2.892673449721376,0,train
7.261409671820378,6.151215981330479,0.041779516550603635,1,train
8.67446924537311,1.643510864918542,6.215287080970923,1,train
5.185790181749606,4.025952640588105,9.566376027191266,1,train
0.48380401224283553,9.340261886170504,8.352222588832735,0,train
9.625045678526599,7.261368204734964,5.401196363754993,0,train
7.347905257103895,8.279713474538914,2.229617469326554,1,train
3.909833818350885,2.513552785724702,5.068361744397844,0,train
2.1081174470312893,5.7761565146233735,6.073166992011793,0,train
5.073220016916436,7.111265832033775,3.7364632675765863,1,train
3.559135961455566,9.325623613773606,0.42975842965495614,1,train
5.160878694049625,8.40681777679985,3.189914414165602,1,train
4.479083302408822,9.518717237825772,10.089295370675316,1,train
4.349361657875131,3.0670284699354533,9.850771190972319,0,train
5.0205890435549705,5.40575783198998,1.9736184697746582,1,train
9.738928449660342,1.9735801254624734,7.706108153212712,0,train
2.6583155480346967,5.690473964994831,5.5060733127599,0,train
5.623360150705151,7.875795961337872,1.5182960012657123,1,train
4.017133656342598,2.2450191603023706,2.060926500669818,0,train
3.099184127267745,4.939214261082492,10.812441233548455,1,train
1.0546023636462296,6.508585846355442,4.783287158885299,0,train
5.069280258031832,9.351828681885943,2.0678589180683513,1,train
1.6448732567267978,4.916536777425898,1.7770246849638827,0,train
4.74879569179647,9.061259105832992,6.477700536368586,1,train
6.272729991246221,1.796440764079298,5.5314373999623045,0,train
7.25910488134036,8.845400898385735,4.916182019083231,0,train
-1.3868835648489553,1.8200882838464612,8.169815643344183,0,train
5.781821846438109,9.416349048468106,2.3911068554200003,1,train
5.919917380741914,6.271218467512874,2.20641686255686,1,train
7.427255172153182,10.979223939523989,1.8300989079427072,0,train
4.028620207611339,1.8517266733531714,6.42028017104027,0,train
5.477288477757383,3.253311311070215,3.1416093980169135,1,train
4.802634422929224,3.8096881013805364,3.460174985184561,0,train
3.4321703199489293,4.752106331821623,8.721712096199072,0,train
5.512949749501863,2.8805273064201358,9.288111774507396,0,train
7.515911612040812,7.1480726204061815,3.5443826467900164,1,train
1.2811698065026933,1.9095683881197487,8.774846916915788,0,train
9.42683514144064,10.833576733263765,2.209571527118901,1,train
10.172709970404803,6.900200910446239,0.8881770296792857,1,train
2.148363464248159,5.065510374541887,7.537127489511937,0,train
4.8789446466358015,11.109830853253971,7.570892214698387,1,train
6.3412880486965495,0.8885147302578875,9.621378219769595,0,train
3.9335670595418146,3.270106862234132,10.731855591563368,0,train
9.162916005607356,2.9493046230339433,3.0360342554586817,1,train
6.231546145228128,5.418913717802485,7.677567720470261,1,train
7.680163278427228,1.9683288195213091,1.7447448967550652,0,train
2.451414360290742,4.842526100129689,6.472503316417993,0,train
2.7633813091602475,2.21093435478628,5.209429846873863,0,train
6.0741197930512705,5.096097240410255,2.8614749787883915,1,train
3.1775724964392764,3.116648766090786,9.022159612981843,1,train
6.638521762806326,1.8477044798336497,1.1745431051131057,0,train
3.001692812516711,1.0856024940144313,10.218066225233649,0,train
8.239966208932392,5.163817724181356,4.913187766966079,1,train
3.9780517901188066,0.9415923593196309,6.949727407471266,0,train
3.066549518758362,7.756782670265228,4.984143542273685,0,train
1.7510920795870313,5.681213888442115,8.810116358143441,0,train
8.125859730385034,5.617866302130796,2.236069936855347,0,train
4.64392504374002,5.80437777015764,2.4080186172123836,1,train
3.4507446129619694,6.2680498900804595,6.720035950066917,0,train
7.4333814513132745,7.999971013335619,7.9136004910757105,1,train
2.930746283033264,4.0920564813577815,1.8025896188025317,0,train
6.577375314457714,8.318831019980761,9.846423288362011,1,train
6.015114397248242,7.383432615365865,3.1344349014272,1,train
5.729999614013591,1.247319932018446,10.053994983315004,0,train
1.1565705753611624,5.586122721930101,9.55180210715967,1,train
5.363195604461965,9.059211416800643,5.2476793788546265,0,train
3.13042287509274,1.033196373735849,6.6211157445375415,0,train
5.5392465713049805,1.8074095393196346,3.5791628395464166,0,train
7.680662861213097,5.4963448872266305,1.5067258208262095,0,train
2.4669220547202864,4.2916304082893975,1.8738675814258925,0,train
4.30185231250946,9.718204608786571,8.280461616921595,1,train
10.42094099892299,8.273159432726484,1.6417346782940614,1,train
4.7534549374017585,3.459291477134563,4.790684634013576,0,train
4.1062969757941055,2.684978176140632,3.8533064561431454,0,train
8.312011962523743,2.9233286852811693,6.2534179840895865,1,train
2.8218843859000686,6.687125366174258,1.8610383777018147,0,train
1.1447515630048344,2.2971002218229666,3.502036745932924,0,train
10.072866076051064,8.721822533656766,3.4447852885589128,1,train
10.900372380355575,4.822423641944955,2.399226468905898,1,train
5.599220454323881,2.3352458377580896,8.130711832906984,0,train
3.3623479669247223,10.51028026084305,0.05282952963326526,1,train
10.122508140892052,4.104797838875214,4.522895100102133,1,train
4.190312010184723,10.59410961751289,6.607655894018494,0,train
4.96100290677664,0.21378593045930017,2.5833670285104624,0,train
7.277183210697985,1.9573754120574616,7.022607497517626,0,train
0.6723881186683157,-0.10568029421001701,1.3930914663022826,0,train
5.276031050900303,6.18408679326439,7.04849434679246,1,train
7.315378977166269,4.040856431895597,1.799806830629036,1,train
7.6856951088925385,7.294290161822117,3.0542491263851286,0,train
4.732073197900978,5.9957306750968655,5.642817827075037,1,train
9.043753010584727,7.597985475623384,8.725117749705944,0,train
4.002794085398579,6.3891609105591405,9.210138347737951,1,train
1.8826881927567038,4.21732087557765,0.4253716593343091,0,train
7.906281533954124,7.131726758502129,8.719271587413573,1,train
8.792780684540743,9.132483590052466,6.894446342060468,1,train
3.5513306194217495,-0.5027166941005814,2.683576369640952,0,train
9.924551318786694,3.88892649625637,8.166267885404814,1,train
3.7921514659086695,5.400818035595035,5.3997144045505205,0,train
8.398516546425515,4.60713315684392,3.924151470229782,1,train
4.191422019274597,10.265766521277987,2.3500596968960203,1,train
9.449763717488802,2.455630602244195,10.38857260947331,1,train
3.4654490914223373,3.334447378134521,8.241328434385746,0,train
8.776460449931884,3.4745924301454223,8.576138053831116,1,train
2.0451640480797617,7.7764221312228115,5.215523102056869,1,train
6.333417278964816,2.9486403352548907,2.952068583558209,0,train
5.540863561612062,5.053288621350259,8.3705047290291,1,train
4.2765066021242415,3.3456094523066504,8.268694748816081,0,train
9.087322974273366,2.985452093076656,2.548631581654175,0,train
2.9082716971309277,2.6273005249164973,8.81151963334939,1,train
10.042916995684031,3.310423839917274,7.563268815694497,1,train
3.6305073769575995,3.5787024523898503,1.393960526492653,0,train
6.2619838933882646,7.6353393823670235,7.20427046269931,1,train
7.4145211766595915,4.701626286314775,3.3305595605938763,0,train
4.58049418630936,8.441427447018642,4.711039141621579,1,train
7.399082186221422,8.469266557387144,7.923287627565531,1,train
4.969050226468344,2.9579878864493825,2.065751632801609,1,train
4.562166512314265,8.514601245945162,5.18079711952753,0,train
6.27455056880857,5.524588843956572,4.747981532437169,1,train
7.520175418645654,6.498495737414741,9.238954271767549,1,train
5.340037319753401,7.463033469516969,3.6096566083464765,1,train
10.906231870492386,5.836912883826493,3.8814722410431783,1,train
3.191187885083832,6.2242223591569825,6.363656836844545,1,train
9.514830114673154,9.17679179843505,2.784172291818931,1,train
9.092235190741674,7.295629239759275,3.817281465214086,1,train
2.3125136561367388,10.083328622370175,7.796846266403797,0,train
6.408357714653295,4.496896743202646,9.052585760834596,1,train
4.786828514707602,1.4072324792198678,4.7704638129835955,0,train
5.683035793255733,4.777888590109522,5.316926545726421,1,train
1.0156228618369134,1.5373566854278415,5.407624872380438,0,train
7.011019705331114,3.378484142121063,3.641107167512793,1,train
9.87503729509024,7.271298076157235,3.335758273278167,0,train
4.530493003137734,9.272594011024154,9.702612202306375,0,train
5.224918328334698,6.783155260478042,4.578136172164332,1,train
9.911504279724083,5.203373801260264,6.591945229484826,1,train
6.015183097322783,5.693653335760788,2.652333166853765,1,train
0.4793498557206556,3.971127091026828,8.29929543388398,1,train
1.505504048219903,5.652584192418692,8.87960238849009,1,train
3.8212435638466173,4.652308588770988,8.877763241493968,0,train
4.264345451988134,6.419077400234534,8.72840785813551,1,train
3.1818091182685415,2.7073167635221784,9.730454540085143,0,train
10.109683457227934,6.185842545603556,9.10116749605287,1,train
-0.06121491348083907,6.134326741776836,4.486772552080686,1,train
7.6780079578758516,8.088558572828418,2.600935640584901,1,train
4.122454125940558,3.3638989479540617,9.261427125244259,0,train
9.03603636339115,7.701757609570717,5.052730556501252,1,train
7.662125107734708,3.9184901887978523,9.89462607924874,1,train
6.70572537802569,10.38517926503257,5.106263065888345,1,train
4.560832268756694,5.714349438391642,2.9292852879332116,0,train
2.111495342971409,9.43652356834289,1.681740345550108,0,train
4.172316966234317,1.130666762618987,6.337805142066769,0,train
5.0766646050002775,10.327609769711412,7.596811897495227,1,train
9.453229936550901,0.5825874508373949,1.1738980821721434,0,train
4.497281978404032,3.4595615382797513,8.941232077316931,0,train
7.996253849357402,6.794397921985953,2.540102919489482,1,train
5.074418210961095,1.4023536823734495,5.4205539445889315,0,train
6.982456758533508,3.109762783364288,9.205650753050334,1,train
2.8900596163925787,1.0631937593720426,6.268455854088076,0,train
4.5384317871642486,7.205793031210124,1.3166133419384756,1,train
5.63666024017331,2.917156638340306,9.702141445477821,0,train
1.917629830978194,4.56139399092402,10.241333734982025,0,train
9.344650524096423,5.384307786893242,3.81165096487473,1,train
9.488914668212514,6.862539375494391,10.459783734323054,1,train
7.280428989331803,0.8576139574141824,5.944640282929733,0,train
8.365670384388167,4.792621271963251,7.756647967299475,0,train
5.881237395387066,11.148952396428083,2.906759181306275,0,train
0.8706539531452504,7.221141461456859,1.8586161070249814,0,train
7.835076027967033,4.212652229201813,7.400653417635255,1,train
6.7667821707446585,5.507731883202658,9.042666636649248,0,train
10.843617412428355,7.281697769745894,3.4387107607720777,1,train
1.0995806595925457,9.297966531804077,4.143561561525063,0,train
3.8162306528321652,8.553619410469953,8.913137049185691,1,train
1.9028678579191383,6.050032343235457,7.030052310892927,0,train
9.061610429556914,7.499235003919499,-0.03001126921727648,1,train
0.5803632066688267,2.649928423124476,8.800481005681796,0,train
5.381323078513001,6.632764771856975,0.6558939179091791,0,train
4.106345471193552,3.484475982314565,6.44419043902104,0,train
6.257563336672852,6.078476397923705,4.871045001632183,1,train
6.900501348815347,5.649235699047725,5.269513345700682,1,train
2.6886353329936936,3.3033276118573536,8.549592152873819,0,train
7.623896674674465,1.6281851373739111,8.448259708276513,0,train
0.5012438809786731,8.707979315169071,1.2871469420580302,0,train
6.708812145128169,9.324029829098457,8.525380552427537,1,train
5.834871547116165,8.893203201966166,10.126010720696147,1,train
1.7973869794288384,4.629054990389612,10.152975846673886,0,train
6.87546510437628,6.993959455271486,7.162065857924694,1,train
5.585178702791289,5.989099224288061,7.968417399397535,1,train
4.24392138474042,1.0316465583311039,5.308344269585342,0,train
2.541691394053051,6.001110476714767,8.716146859029479,0,train
6.500861273491617,4.608167733977923,1.2220522438855304,0,train
2.6993300163641214,9.300398913366502,3.1813444380172893,1,train
2.4126786184719067,5.514622566049646,3.421600252819573,0,train
7.47851145939763,4.908091027502719,8.000416845600464,1,train
6.960614810930265,3.7782201368606634,6.990252467356699,0,train
1.848934712300193,10.129006470584207,7.333040168434457,0,train
10.079747632432026,2.531877592413292,3.9610495735274927,0,train
1.8034982540279945,8.841910063930063,6.020754496880877,0,train
2.2757052435089453,8.040230047258182,3.3714241187859697,0,train
4.8392776876371295,8.236573779313222,2.376651514258043,1,train
4.338936824938178,3.966235250733091,3.348360339640488,0,train
10.792005095403878,1.4927326246386803,8.158530474325069,0,train
1.1531833209303815,6.676043563784759,6.792076414609482,0,train
2.6733818519794057,10.38768389668149,10.505162972128307,1,train
5.200703905532302,1.7008921523309843,1.3499176733892364,0,train
7.143151422221425,6.768700898026964,9.052163969625944,1,train
7.449734862255021,2.8409554676285933,2.189024999052849,0,train
2.2760673879702624,10.051524692185057,4.0032567361281,1,train
2.9069658183922167,1.2314128759844003,7.061011988731081,0,train
7.674662035917597,8.108220038648776,7.406185716783265,1,train
8.120850597309593,0.8465010917456194,6.553851988924418,0,train
4.305625638971489,8.892643243263974,5.144973068047367,1,train
7.349015764555948,8.657707388994298,8.891413347981464,1,train
9.555250095361103,8.864269332695674,2.581142661380178,1,train
9.101877431129648,7.990989743694823,7.573625209414648,1,train
1.114464201546707,7.908197794388367,7.356349574965103,0,train
4.564024406404395,5.7766969438917055,9.23703495507542,1,train
8.675974858729756,6.310870921209011,5.91432728451867,1,train
11.969304319031655,7.696843631110613,4.064364821422831,1,train
7.122702812869088,1.3397899661398531,9.452682978411916,0,train
2.2072365364414654,7.04670460099699,7.787035913304561,0,train
2.1923041079444774,7.790368927294729,8.817621534172027,0,train
4.637512274402134,9.58713180196731,6.793408018705032,1,train
9.184666504786517,8.166204842037537,6.829771056277733,1,train
7.3217601916009105,7.8577635721905486,10.792743788169078,1,train
9.431025213115808,10.127874435278907,3.02918415237077,1,train
8.149662503626132,6.775749862290356,4.442574776858596,1,train
3.0339625583256553,4.550810512105109,5.447201906990489,0,train
6.7971734800744406,2.67155363314262,7.27432946511998,1,train
3.5046178950968447,2.55671375466398,3.806337653340358,0,train
7.42542874839856,5.4127847110579665,7.969027541793493,1,train
4.912797310712295,6.472189922568641,9.088736380756666,1,train
1.1555037396496355,3.5566902232200643,6.1254993045698685,0,train
-0.40095995883893565,1.658979938849562,2.4326867076803937,0,train
2.4760869882779253,0.6722424218321646,3.936380008236325,0,train
5.107166811539634,8.15100335246757,0.8661483810423336,1,train
-0.20465041322462674,8.225426305559168,3.9596682770813234,1,train
7.250028407180985,2.3753305844682813,10.850318863808427,1,train
7.687648291383873,9.38046103792455,8.705788599674579,1,train
9.408409455825547,2.9459323055041633,5.865783199696208,0,train
4.242063457805696,9.717496203445876,5.518281823976788,0,train
1.0825631432341558,6.202810703122142,0.16121281313818603,0,train
7.10062165879393,3.5060119722340986,1.6344730857144287,0,train
5.071509981767469,8.81030229328367,2.7225995285788454,1,train
1.4683529128674373,1.1092794006211908,6.823290368556355,0,train
3.5085816211504346,8.507466016503043,5.240207618134689,1,train
5.758531690221982,4.354381241454314,8.721255860747423,0,train
0.770530919259369,6.898083890955789,4.332082176789009,0,train
4.690396322513686,6.394865244263815,2.567531069337428,1,train
4.492073724492044,2.8518002684001873,1.450220243956934,0,train
7.488743016248897,3.398683658624315,3.853482787922703,1,train
5.403433227518001,2.38679171559029,10.77466737508975,1,train
1.976076306778588,6.584061232211813,1.1338687500700861,0,train
3.0973458648762127,4.604241545605812,4.257083139989091,1,train
6.766970705282051,6.468214671200509,3.973235239757661,1,train
3.7705230705703303,9.604926441578378,8.930708938468255,1,train
0.9887202636535469,1.7174070225089584,6.950285828514866,0,train
2.3357724273060336,2.8101716040407565,7.506454565786232,0,train
6.946296967952245,3.030093390231423,0.5479966664709598,0,train
1.35080292514778,3.7481037886451896,2.3428860641353446,0,train
2.4272920420552957,5.371246007086372,8.001158558665765,1,train
3.274469937538382,6.627526776186871,3.442041819722023,0,train
4.11372307626298,8.635545097260792,7.846451053555245,1,train
3.319953491623998,6.928860732824213,2.4027272575360836,0,train
5.4547343203129195,1.8618999081160943,4.027080062179426,0,train
3.283122275653422,6.394016538162995,1.8869641859068291,0,train
6.735657739887106,6.762613358298446,5.274905321521164,1,train
4.489686149448105,4.976799137447814,4.837436570848295,1,train
4.316836674816477,9.442158110981788,8.44776622184621,1,train
9.708488797168073,8.416741636018063,5.537298367103484,1,train
9.326449134900349,8.009762274735783,6.892769245385954,1,train
1.091471230891674,8.742588490679182,4.706123125556072,0,train
7.523262434756427,2.6441132424929767,0.24205168288999745,0,train
9.30162123416323,9.724875166037231,6.033762078356948,0,train
2.726304606945821,6.3178929495019185,2.7842136704092133,0,train
3.4158789622084695,6.703797187904317,8.76968849713733,1,train
7.248860964989593,1.2824881185152655,4.030655897164937,1,train
0.9564426269958273,9.234770437548756,7.512302105481621,0,train
3.007397843762857,6.18620251151399,2.189172494190735,0,train
8.474529369817763,5.697075192284742,4.051403260655659,1,train
6.093322240740214,7.882767552855661,7.658381759412594,1,train
5.592825243329339,5.337076190240944,8.13297807658312,1,train
5.656510607294646,9.230304576844702,7.1357737428572285,0,train
9.704376011321894,5.361159888843685,10.02695451960846,1,train
3.7660946243674465,8.537730696926406,2.65416071898401,0,train
1.5260188667707208,1.3250938361922793,2.664113028931858,0,train
1.8176412938446658,3.230616794985033,9.398962104126458,0,train
2.6170167505312194,5.7281423097160475,6.246760033360417,0,train
8.401006161751715,5.63277116174587,6.726270137224856,1,train
8.819759531592405,9.138637288857645,9.230020841795326,1,train
9.42237590133544,8.75817581430568,2.9761652783517003,1,train
8.750348717964085,4.7507952094832255,5.057787742234242,0,train
1.7997690231982184,5.537567168235761,7.60396545183164,0,train
8.565775704590708,10.621766214253428,1.5837225268531316,0,train
8.179556845077236,3.41131692285736,0.6299142750982714,1,train
7.290150884752603,3.7686515271541987,4.346508232259404,1,train
2.076033844875602,4.964692283001045,9.88677849376285,0,train
2.4122616624536684,5.908274363420933,10.672374554350526,0,train
1.3605291459081583,4.275545954936006,7.0324637893170765,0,train
7.665063652991206,9.464339200106801,0.41858740668395167,1,train
2.4658403320766737,5.941781041870783,4.223009604486502,0,train
8.347455616051704,2.154232312578158,4.32046488297045,0,train
3.0845112746635226,0.8062132266026109,7.370716644976858,0,train
8.37146693038464,1.311664062630475,5.764525815264715,0,train
4.0375122543769635,5.085631344457154,2.6349903708769298,0,train
4.135595712548618,8.660011307110382,7.542437796551336,0,train
7.219903841650909,1.5663255675488443,3.3928676515666822,0,train
1.5675656980026225,2.158490985137722,9.078360281706017,0,train
9.642021215620986,5.33832386470751,6.067162137205429,1,train
2.4008412932852794,9.6914930351921,4.533980905350967,1,train
4.164372460061262,9.100342893241343,-0.5879508090267342,1,train
9.562964676655696,5.07626569049297,9.608357996417324,1,train
6.470725343493809,5.86635534134317,6.236068219054347,1,train
9.20630102596786,8.633250280134739,2.782072647812976,1,train
0.2497699511545648,11.409519398771648,2.5870419911999543,0,train
5.035617705711903,7.844502011949935,9.390992711209298,0,train
3.0479042901915063,1.4710891093782352,1.54393774601179,0,train
9.609778373299205,5.787405752303295,8.970725734349132,1,train
2.3496871541334086,3.4976657856576225,0.30763533183801095,0,train
9.496007551157213,3.8290127545579313,5.11015582092271,1,train
2.674467809404862,1.2861951874523685,1.4560259633068446,0,train
4.650863171620017,3.858323913214077,5.558273318440868,0,train
2.8843415713023806,4.206973466621627,9.348169103066176,0,train
1.9241278357976983,6.803175778893402,2.230352916389447,0,train
4.3034405444018535,1.6044799433540191,5.94750095828397,0,train
8.090108244620293,10.04977347039484,6.907912948170968,1,train
6.0142067137656365,4.8507716436139905,9.27610923478525,1,train
1.9418574717041879,3.56029664611037,-0.26934756261032056,0,train
0.3962618426464459,3.0266380959844996,6.344985746651788,0,train
8.059022430364855,7.153920600790877,0.9327907096608404,1,train
8.579223617461945,9.219849204940903,8.90907750332692,1,train
6.612575237743156,1.889064260398826,6.3721377703326,0,train
8.145707435329143,9.075934163419975,9.426871652425598,1,train
4.193027178446578,3.9493486372445816,2.6580142130185354,0,train
0.889538508731919,8.065640939568876,4.854673974459992,0,train
10.144380346789013,4.019615931981292,8.794645984188703,1,train
2.3262927332595,9.030385241768887,4.3017838908347565,0,train
1.193114071259293,1.4074049511401074,7.719081766839362,0,train
8.591005714875953,1.9826678292255142,5.974053759722003,0,train
4.897522051141105,1.172792801184293,2.031840138814532,1,train
8.014600257170935,6.321624945012481,7.356513754157371,1,train
4.524778576775045,5.3496345218733055,8.400651315116441,0,train
6.515174082974548,5.89543253300824,9.067763469480145,1,train
3.7157813224864866,8.099683277487117,3.7254417126066928,1,train
9.792648368916709,9.975242331008635,5.015996799612672,1,train
7.451465223524247,7.323477975590308,4.1466668312568515,0,train
8.097029311225572,4.294018105586201,7.2199109088091316,1,train
6.414376626124794,7.868523043692741,5.169707389563804,1,train
8.91276623489742,4.9615271836180295,7.967210185071317,0,train
2.808845592859399,7.18926642268394,3.0906584231823278,0,train
5.530794001389178,2.192222635215648,1.6746501842172705,0,train
7.771327070943611,3.657173737863896,8.460273430698983,1,train
9.24448716464532,7.08550851119072,2.452979455296737,1,train
4.970441220184869,3.6327048715072365,2.739047514676613,0,train
8.140343169175432,6.474693100832236,8.165074624743653,1,train
3.4854165166227853,1.244667351877208,6.46939959830403,0,train
3.245021166765935,0.9718224749675477,4.757845920440678,0,train
7.6236412562551195,10.857364125338623,10.272998081676448,1,train
4.458301293943214,2.5821715313238904,6.732535012079568,0,train
4.404060936685042,2.3115963393508006,2.7410142489782774,0,train
6.916658483540374,4.057920479539639,8.598332614817451,0,train
1.7840698296256692,4.336612767743119,1.994600339962096,0,train
2.121914760751954,3.829582044366986,1.5644478563543234,0,train
8.084589818917873,2.9443059807595167,4.593136128903864,1,train
8.335101041028679,6.516361207484785,8.10081463531167,1,train
1.4647211185019806,3.0297057953344693,8.223998295265199,0,train
6.678530746196832,3.9447965087379293,7.480059156146491,1,train
9.802216455654197,9.933642481657555,1.2381078582967429,1,train
9.42769241066856,4.611730741617,2.1198482015539675,1,train
5.528055894506062,7.286899683094306,3.379968603032544,1,train
4.3270077483645295,7.48099653311319,2.9506087292636543,1,train
2.59724255853173,7.241327168849625,5.228866290985716,0,train
0.7611125009132749,9.177173368407878,9.652846892693088,1,train
-0.2738727153601621,8.475677628649969,3.160421308436318,0,train
8.004069315395244,1.8966087411714487,2.4141944709343273,1,train
4.601312852427177,10.266396870759763,6.798455559610988,1,train
1.6852673599072214,4.099631227322676,5.574897781017542,0,train
0.36312136513991367,3.9831788040114384,6.941324174692792,0,train
7.250241002731398,10.583413052245149,2.048373268681923,1,train
7.821078464158351,9.859821460790332,1.748128507239079,1,train
9.182597243946507,5.586658961540276,9.622317800164069,1,train
6.971351089521168,9.434175123914752,5.794276253211919,1,train
6.770659177272617,8.503112033502102,2.1085501136187066,1,train
1.1392574949568188,8.84545189351984,2.244934088860993,0,train
10.65444570553075,9.255244983751838,4.36769004484988,1,train
6.348949595954896,2.3852480987696456,8.227387692888943,1,train
2.629008474417651,6.7835943284974265,7.337729115973907,1,train
1.5414705677056033,4.559620885758724,6.466648997180573,0,train
3.172244582188315,1.8087468551876484,4.267530675565436,1,train
2.95459513400986,8.362318078949212,7.158460069471296,1,train
0.23235649504695455,4.69004678057129,5.681554758728903,0,train
5.659684394273301,9.459191983397409,7.52346506384334,1,train
3.1734441472745134,3.9985658256561614,0.11362786906128775,0,train
4.110902630257028,5.034667531693925,10.402398401497669,0,train
3.0599824461748226,1.0609179984523158,0.10133709605520447,0,train
8.17530106895885,4.691796923612163,8.083199650269401,0,train
7.993091924698683,2.5430695797519234,5.407814202480355,0,train
9.863287832414787,6.162918323606498,1.6226816459814146,1,train
2.2810513010928983,2.6054752728451613,6.5335067460279115,0,train
6.137729234435019,4.855172967307637,10.164304929116398,1,train
7.5777097385812455,4.85474299104856,4.460360321856051,1,train
8.69552855251605,5.271965212591067,6.161133842765918,1,train
7.343414739710476,0.46326229580278966,1.586179406628422,0,train
0.31556084518362104,1.5705817459982803,3.0801331313710603,0,train
5.307237113151289,7.756059747698768,7.004904919297774,1,train
6.773008188160695,9.135635502526952,0.32058854477469323,1,train
4.518232737194104,4.104634311401671,7.250847723943956,0,train
7.639860459458493,3.4894018869345187,1.1080224209882623,1,train
5.8734554027497605,6.3465230099927235,6.477233014405669,1,train
7.722131830246443,8.660985608886364,6.582517112877598,1,train
7.401992019609778,3.046571699940001,7.849495035051565,0,train
8.342006897487716,3.972177127844052,6.454130385369125,1,train
3.9481755585129465,5.95420037244201,1.3014278938061787,0,train
6.247359152076877,2.089411019268782,10.115329984014151,0,train
1.0797251999375976,6.367212789495799,7.907590216295215,0,train
3.060063816017069,2.8813575872845796,4.330470807498053,0,train
7.167347958470356,7.9348191008272,9.082833724961429,1,train
6.611713791174863,4.04350338410604,1.3155539439627508,1,train
9.161017557560205,1.8631319564064273,1.7828658678478335,0,train
5.447783155623852,4.238704259206523,1.3926074540396454,0,train
3.1719406684775784,7.144258201818012,8.884785019434199,0,train
1.2496213220041947,10.78463770262346,10.386174069336937,0,train
10.664209236892262,1.0384081770140843,7.602368277814215,0,train
4.990477284445808,9.12278770142365,2.9505216083218633,1,train
1.8224793605038716,5.664497365877608,9.524353782568287,0,train
8.712763531020887,9.210722196187332,1.2795553634583148,1,train
3.5324158743843883,5.349021005536955,4.1347573945698395,0,train
3.199646755771641,1.5143869226641808,9.512349159672905,0,train
4.085360894621442,5.508423109366753,5.2331790406557,0,train
6.867424687851335,2.2367815640377784,4.208280794961346,0,train
2.7323341213435475,0.8332222469817607,5.942007704655979,0,train
1.4557873667209045,7.7430601832663895,2.1484188225616605,0,train
8.404721994639202,1.959983094247795,5.527534306829097,0,train
7.0631398951464535,7.227199455065523,2.6381361984949336,1,train
2.2605595991009273,10.408869775110295,4.979528807532372,0,train
8.912354716753391,0.6792584065124178,8.004732601251897,0,train
4.057014401545455,7.438313603053617,5.346346483047907,1,train
3.3776125773800483,6.53377744296298,1.3736754087794014,1,train
8.05281956980072,5.787514067276068,3.461993209970535,1,train
9.850272417097022,4.942188835509129,1.0072876531165653,1,train
9.350780136343156,1.850095701038237,6.690502176242405,0,train
2.5338259252363975,6.770577476078536,5.458104128372242,1,train
1.2779710925463619,4.035733942874725,12.015638035389118,0,train
6.780820591920895,5.642987706593436,6.506520955094823,1,train
6.192481704102866,6.810367113215926,1.7882160355352863,1,train
3.0344467340191636,6.805900019349683,3.378720167397166,1,train
8.064517540322019,2.101149301004599,2.678467277084639,0,train
8.588091125641842,3.3490128819202036,1.29698424560114,1,train
7.680268992828496,3.5240910108302255,5.790152902421962,1,train
6.843359539335006,5.504745626544745,6.830825983577073,1,train
1.9538941971492925,3.0953555846834373,2.9583909011039795,0,train
6.764073355640037,7.4740337165272726,2.722929995948915,1,train
3.081666767606737,6.272044298837935,3.4155608393744212,0,train
5.843002027754551,10.260792326218088,4.073520524365545,1,train
8.913251175307867,1.8215372452322602,0.8697938364137389,0,train
9.785610513928942,7.879146684267426,8.163113902932148,1,train
2.741299749979923,3.4470329655304335,4.011242433008259,0,train
5.074569702391395,2.0040329624524955,3.0732511597426635,0,train
6.264326901159379,6.365167790391769,1.017156362072303,1,train
7.690693076101644,5.062050757350968,3.732133313795524,1,train
5.50315156751507,3.5078686684437166,4.909045434840108,0,train
3.1577225371631426,3.4525663124242114,5.734323307518711,0,train
8.48127387099882,2.4425737058727353,8.489721338371286,1,train
6.183505176282038,10.215859869417095,4.580646341666864,1,train
6.878020814329788,9.395972598622047,7.476481497433479,1,train
9.673904978756141,8.431104324965494,1.900789267998998,0,train
1.4868610701885436,7.936208499659404,1.4841007252876224,0,train
2.157493749117186,1.8601383244998306,6.288045565419879,0,train
6.484070107093046,3.1144639619677092,8.246605906744426,0,train
2.784423041472707,10.597675365386037,6.850079379894704,0,train
10.450205546784296,3.57386186243075,4.065181542124747,1,train
10.859560661643089,1.3933024196124393,-0.16697118757077223,0,train
3.268246818079682,2.5274596277233154,6.6127886265499605,1,train
3.6198619510437338,5.772824011663621,5.804551894967617,0,train
4.787570348002151,0.09693633870320073,8.882511137755321,0,train
4.105497769014313,4.989534571941709,1.2184348761976378,0,train
7.070550999243769,2.9196863788891196,0.7774979165190319,0,train
2.695192058364839,8.66980929012891,2.2225269478220406,0,train
7.615926137285619,5.910466052412018,1.6537396289147595,1,train
1.8738047744052622,4.801183181264309,9.479805728583466,0,train
8.961699416745542,2.900705938396101,4.282853738101737,1,train
5.13293542017267,10.011698618088007,3.4913810161640635,1,train
6.638385935483808,-0.03906852873631972,3.097957281292163,0,train
5.569112266332347,7.489054222731972,8.02489300376816,1,train
3.1360900729993806,7.14648170173453,1.300101796710001,0,train
1.0318131822663168,4.839895047964191,3.7025469934158988,0,train
4.981207328382696,5.4650736754416975,4.87765264613513,1,train
0.963561844419192,10.039806403055865,1.9421455465432542,0,train
1.7887659110084284,0.9139691943223147,4.918410734784874,0,train
9.088762082519866,6.345298845356892,4.739083412399889,0,train
2.676752377585335,9.581718920649157,2.577008285761612,0,train
2.7385580760747175,0.7745114672950897,3.987603959353259,0,train
5.758477896877417,7.169451710395034,3.6357420399931506,1,train
4.426333849136815,6.40412812482861,5.7915424785976,1,train
7.674411097148137,1.9196807958058733,8.486194177982258,1,train
3.929604604176257,3.2215789706892224,9.71294150310097,0,train
3.547495870054945,1.0291644222661551,3.0814653090347037,0,train
2.852709113774046,5.505107616212362,0.5053392064681566,0,train
5.969513737115849,8.013320695191434,0.9957096329950778,1,train
2.968752464449578,6.913657861843082,6.393589088084822,1,train
5.892681538876943,8.230467409487142,2.2252641684756314,1,train
4.410170668399909,2.5343382048672827,8.13928703774989,0,train
3.3823840269487455,5.745368105971076,8.244709710523576,1,train
-0.011555412635643192,9.075612834988428,3.05951574149799,0,train
1.6565843512319212,8.157276845407143,1.1470243652132626,0,train
1.561440843750996,4.038967310247872,10.278864121241273,0,train
7.320398877085494,9.90732723795556,0.9371879565692731,1,train
8.040898540346046,1.6843461992673716,10.835782139581818,0,train
5.025870011462999,8.694307622492756,10.578254275673778,0,train
7.621603764625816,7.946399648022448,8.330388865660506,0,train
9.475225815078076,2.2560548966645935,10.137713486990073,0,train
9.22783817278772,6.070578863198706,4.473276434455972,1,train
6.859189869472122,5.440423545749338,2.7591850267408677,1,train
9.584005071750973,5.55298191759355,8.057386952267931,1,train
9.898029387965495,3.835961403943116,2.052472275094596,1,train
7.581550836454013,7.183124915749638,8.853300311778396,1,train
5.128760696419773,4.971323003653903,6.256750814070545,0,train
5.67320335824087,6.961721954939091,3.4774668650887577,1,train
8.283580596468553,5.970048733254145,2.755047303584594,1,train
2.751048556552364,5.215163155868406,8.35090944608531,0,train
2.344380284907185,7.536283219026562,8.701781741951166,0,train
3.2521474484971598,2.7617556632966664,7.328798572611036,0,train
5.752840667793336,8.427248811426534,8.336972538119399,0,train
2.5983167793261863,0.9663527306143023,8.272376380989112,0,train
3.8629602198043136,9.39238944073745,2.2657349831589197,1,train
6.762657939304711,3.0730113019254763,8.399306766087024,0,train
9.61418770702427,7.2390806970379105,5.824684689477704,1,train
6.07426710487077,1.9767291122766801,5.371579609088752,0,train
5.601088290763313,0.6180342844826998,7.275440501254909,0,train
2.5808470006928355,3.081763785446284,2.8237515648790725,0,train
3.9691068697337726,3.4765869929087336,7.327245509092946,1,train
6.323873838130423,7.504557849326192,4.164740095069411,0,train
8.396716239158977,9.603912356717492,3.8912145014593214,0,train
2.6367901382010883,2.344965936328979,4.409042268263569,0,train
4.737024279609761,8.837016036127993,8.722849207711073,1,train
4.089476019010813,8.025522970922673,8.48702547962123,0,train
3.110520768931944,1.3652975764957498,7.0339776196704555,0,train
3.9190296134136355,9.47786175691008,2.1354258441048146,0,train
3.457267434774502,7.223772267989593,7.526193005114221,1,train
7.559293745727511,9.578373602236208,9.08679010191564,1,train
3.3565434636990257,3.5577985431583943,5.268863730300969,0,train
4.383650976138238,3.941565411290304,3.105810698724348,0,train
1.442658887255243,8.75461458191088,10.718486975994683,0,train
7.9797016868753055,0.6196948507250222,6.742711480876994,0,train
8.207824398936326,5.8447135119067015,4.785624581053884,1,train
6.040830949823859,8.297343318637555,8.462998527279016,1,train
5.067423699014015,1.168416082466334,6.104337919019255,0,train
8.601562905386025,8.551720531081386,6.89681306086061,1,train
1.3710977621267255,4.439888424870467,1.3074920588925862,0,train
3.959371385171024,3.165076165320248,2.4732350649173203,0,train
3.8715846356481616,4.9010336482252095,5.715662432116322,1,train
8.695025004130374,3.440525118225871,9.041837542210766,1,train
6.704984607189091,5.697443423362933,1.3130112783827177,0,train
7.988331931405219,9.032727863171285,3.553123596837597,1,train
3.1464225345069776,9.693836062729046,8.57676895696943,0,train
10.815599542678418,4.8831462677314335,4.204956506712161,1,train
1.2616895499292453,10.577737210402693,3.270016092537272,0,train
5.056457721500206,7.826413080555526,2.979823816157501,1,train
4.045464061027421,6.755247389411632,4.720531481513042,1,train
4.666773642774434,4.485810178868307,1.8472209322494513,0,train
5.8922253931458926,4.3135852261339735,9.896283010613555,1,train
0.8592736219841017,9.362952089524967,9.707541762077424,0,train
0.43592202668371627,2.253282781284283,9.055293675373145,0,train
3.233829835268589,8.677413875579076,1.5972851442201743,1,train
3.796052803857988,2.3895286736968115,9.144154210052397,0,train
4.99977887238947,4.355090700777087,5.598092865368777,1,train
5.589275730963308,2.1241984802792544,5.5359159452538815,0,train
7.711950021155527,8.801835334879433,10.533733262653561,1,train
1.9879452262063086,8.48200782403772,9.616349134073122,0,train
10.132693315929643,7.069689187501284,1.6728117599908099,0,train
1.8497096128389696,3.672531376420143,9.206217708822098,0,train
3.4940640792323276,4.524912476700694,5.657395881771211,0,train
7.981037461311112,8.645723171024285,8.378099633034752,1,train
5.696152363261167,4.40047651451417,2.595685012293285,0,train
3.161831965133206,8.31176728494203,8.06093560115843,0,train
4.587406432203406,8.30104014314284,1.4950487420801675,1,train
0.9366690965587663,3.4823825871868475,2.9531109534430553,1,train
7.3178314222270835,2.3573566727759903,5.495842932792828,0,train
2.8547526160154404,7.604467017912516,5.152077525018284,0,train
2.3972312925587342,5.961837039286038,7.043206730952107,0,train
5.077256213905297,7.57906745003465,7.73175585461196,0,train
6.84037468167628,2.7797769247357396,8.303344563060207,0,train
2.455238202223622,2.710575621685782,1.2430240641378174,0,train
6.89511373342971,10.651862743103475,7.035620770275377,1,train
3.850833457177573,6.2641418066042,6.1918179127581645,1,train
7.171803690381812,4.894961704844185,9.03693449028455,0,train
5.059711678584893,7.76728480731215,7.525315533499591,1,train
9.870207442166931,4.205727528030398,3.67177787589734,0,train
3.674237721453825,-0.8352936868695382,4.2553335378080375,0,train
7.145166161809713,9.2230100139312,5.69422117183346,0,train
1.7664359428124978,6.499069267798356,3.332901629107144,0,train
2.7273949476461086,5.8267786389608744,8.116143135749512,0,train
1.0018076353808032,1.9817230185631878,3.239141099277059,0,train
3.0200534499177696,7.1344006109816664,2.6431640249857056,1,train
5.982304890491069,4.102217566410759,5.222104108633824,0,train
10.446306589633839,5.17257663986638,10.481575240296696,1,train
6.825439192043886,4.513959153174309,10.0571273756321,1,train
5.227119306047262,6.365930105151701,8.154514261003913,1,train
8.278011501839364,9.666806418382357,10.140706773338716,1,train
8.919372410987297,1.7732133996558876,5.4399534331598245,0,train
3.9637529861703182,8.642699566714544,2.667299332726081,1,train
-0.9265839370794233,5.423729356907307,7.702988035888358,0,train
9.037351924702321,8.761495042266448,4.617265799457762,1,train
3.181877301412611,2.9108974959798415,4.265029104561096,0,train
3.170392385187155,9.810253533858365,9.877112147006828,1,train
5.612962396715418,6.4445009098326445,1.5288946952522295,1,train
7.262274186828786,6.032405506737053,7.294675474827094,1,train
1.4356163659403829,6.877752519698435,5.347224674417889,0,train
8.947218297316205,6.757804630925587,7.349761270114863,1,train
6.6870789360780485,5.720057552204745,1.0517351788644187,0,train
5.337517070620352,9.310305409648862,2.30676807905023,1,train
3.1846201808970642,3.3116911338855672,5.711780532680104,0,train
8.95561333770911,8.527035059367035,0.5899308157911847,1,train
3.8044324754088743,7.984875960556793,1.3120208165047509,1,train
6.294284918729875,2.218341859889135,5.198825498487388,0,train
8.454681530443578,6.535836602649235,2.4952474048489806,1,train
4.591761812411201,1.8621512327744734,4.482647229684162,0,train
1.312527785956821,3.929602146115777,3.6654533266551024,0,train
2.8764133507100453,4.587934765431514,3.303583929984979,0,train
6.331199335625712,4.679702023422328,8.752028721029514,1,train
2.5635003797948723,1.9054145496551453,3.3567863085627048,0,train
5.829785214941045,4.873295824038039,4.238344800485164,1,train
6.42689534657227,2.22679482503701,-0.06202613761913889,0,train
1.8318271901805323,10.238154962927744,10.477667799432746,0,train
1.416221835237434,6.743597326480899,3.198831160221297,0,train
2.271635575663221,5.321922820269459,4.658040218633562,0,train
8.485402419186133,7.666002144778588,1.0814953879858995,1,train
8.522549863787354,8.115485675247882,9.106165778567114,1,train
10.356227861687001,3.1052174920064735,1.7044945702802425,1,train
4.146312439319798,6.636804151805114,4.926386704121124,1,train
8.548006112648201,2.2354196184094173,5.048876150763391,0,train
2.141491380990866,9.616156025150577,3.0549840329146196,0,train
8.678809820888103,8.403656323304023,5.208549368207111,1,train
2.4300506477376516,6.493164323060757,4.534561920715543,0,train
3.391792085674479,4.687494183123583,8.171290654143828,1,train
4.3068873220225985,2.200526653659154,6.6094122946348275,1,train
3.5929460847247867,7.925729975560466,2.519828011963842,0,train
2.296929927863501,9.090956117603763,7.179888189928496,0,train
9.725664502200244,2.366171898964501,4.479844382327251,0,train
6.1508502748901295,6.9653370822580305,5.421204019874026,0,train
5.194961709213842,5.521179248719017,2.544171435145588,1,train
5.035560479293853,6.885387834163645,8.424433659127473,1,train
1.955487424472138,7.539953717723583,10.558866113724513,0,train
6.489641047293553,2.9000526643106848,7.0062283655172255,1,train
3.3440334520126807,6.4514053240915015,5.679643713388369,1,train
9.915071920691634,1.8961009210865047,5.776845674176353,0,train
10.437045509860399,2.4887506171702323,2.002757932316248,1,train
5.69714797056027,7.199523929592819,5.707861059978378,0,train
5.872599826496149,5.228126696349436,4.43986783765826,1,train
10.037563780188353,6.0091858376562035,9.746651925787397,1,train
2.861429857571039,6.453750501598666,8.211165791520838,0,train
3.7935321244187543,2.5017071341655375,5.76646040518804,1,train
3.911250451420271,6.348899543245845,2.3175482262153704,0,train
1.8803985775063734,7.437334709890154,5.02452289497804,0,train
10.493704468396654,2.1246554245832616,8.987168495451739,1,train
7.648898808664387,7.098904294751579,6.076417823791224,1,train
8.244787836935297,5.9581576928522795,1.5183273849883716,0,train
8.378921833963869,10.066187840012352,6.563380927960461,1,train
7.364570755292298,5.888130369069545,4.857225696548358,0,train
2.5341101635580423,6.82864800547838,2.0270655422553645,0,train
8.634088912982023,6.089093216492346,1.237441089000163,1,train
0.7680881852993532,2.107123741980907,9.049835777287752,0,train
3.5307079766258633,7.025868446809201,0.7621254906549035,1,train
2.5859842030339806,2.2645810940042885,3.291777988261922,0,train
4.977124506530599,5.8391322673134,-0.16537403178854704,1,train
2.7140334126848336,5.266600399557943,5.747711976249011,0,train
4.411889313248599,6.376329771635966,6.212452472222573,0,train
9.819053212369326,8.83668248279269,4.474216132676787,1,train
8.812793585943568,1.562695806658838,2.743066620561599,0,train
8.161270938486526,6.598557183531681,8.44197826534694,1,train
1.205769468224546,7.354160818605535,4.611903147503336,0,train
9.485459481241126,8.043197514421468,1.9961298897730195,1,train
0.6404570836815433,6.462048973475715,7.354510081035437,0,train
-0.1694594092897268,4.150938991061836,8.688761088473631,0,train
9.856531572766396,5.456537979845066,3.1262120254946133,1,train
6.285647556480189,1.6071721349931556,7.244717230423636,0,train
1.2527087118168556,7.427041656092206,0.4854669259448039,0,train
5.3469502498170165,9.85101475954119,3.755809201620546,1,train
0.6032221778967697,9.168395541226209,9.742961642111402,0,train
7.128059457923108,6.671458993099658,8.891145338365133,1,train
5.11776760104285,5.640011868275855,9.594636663093075,1,train
8.310748296330251,8.934437109785481,7.21179266899255,1,train
0.392723139726338,10.006370421175246,3.3408771598987386,0,train
8.109329588837728,6.176926049952928,6.2355806586059295,0,train
4.910140811103175,8.438539097365615,8.561469495868318,1,train
7.130793185554428,5.535680039436935,3.690935422326719,1,train
6.182442188481045,2.7039743064271837,1.874972190307605,0,train
3.390463765542232,2.705172361369802,6.92817913974226,0,train
10.951677255794818,4.658215181530299,1.72711396735391,1,train
5.724031907486483,1.0905305114097867,4.863872070435345,0,train
2.895073789800703,9.411907790925792,1.4491542549333616,1,train
9.033942438548415,1.9510270918420587,5.205405594172207,0,train
7.679630248012324,7.716061338944165,1.6805195784290123,1,train
3.9774107602289557,0.4737749283045076,8.188687022298122,0,train
2.820509723465576,1.2048924639465501,3.8830420310015326,0,train
3.3671496055167625,4.400222845541369,1.2662695657784289,0,train
3.883820727766892,9.872130790601307,4.4190688179265285,1,train
4.717343184613283,6.137859824811661,8.364702433962924,1,train
5.748058549214319,3.434750146123802,3.652065733490283,1,train
8.280838240951743,5.606756129163693,-1.1147868637883822,1,train
8.896564164756978,3.0811668567331347,8.734164925909646,1,train
4.398867771442052,9.211192969999445,8.704055202732047,1,train
4.06971111987133,1.4914584209291204,4.809615417092876,0,train
10.099942965857608,3.0465532512186115,6.672522488059413,0,train
1.9659332894343553,8.177538510379186,1.478738578681909,0,train
3.3599744035158348,5.544717709157642,3.2015839618530837,0,train
3.957870535828814,7.989882464704264,6.847433024595355,1,train
5.018616812087605,4.392343957989363,5.275464972748576,1,train
5.312050596857173,2.951895940631839,4.856012184155855,0,train
2.352728271067341,8.39494822859534,5.63875443277933,0,train
10.632493977301735,3.447404511940944,3.6379447656658352,1,train
4.622479795514041,8.78436096481469,4.163441881977503,1,train
7.424726986957714,6.066779374175952,1.5405567936310702,1,train
9.801772981995086,8.753323446950002,7.336191601094402,1,train
6.39654501086674,6.994918146546483,2.8129529093357597,0,train
5.5673982151765635,6.115287001735379,4.735101619001034,0,train
10.325695242037316,7.283688169471504,0.7929880787304223,1,train
5.328414250166603,0.6583130097744072,7.351252269110968,1,train
9.51757540490664,1.2979465729995632,8.677951897603542,0,train
6.466777982353852,7.321917123732016,6.573068845727678,1,train
3.629688210435658,1.8821465914769635,6.247066691116071,0,train
1.008651307634214,8.741570451106774,5.393709725212477,1,train
4.254553048805981,5.672303927565365,9.403467011088413,0,train
6.523504071278412,5.463154365913051,6.570327513654316,1,train
3.149806918646963,5.566688753020836,4.778710428509661,0,train
1.9947091491746318,3.5115281991213347,1.985996994530863,0,train
8.421898691729014,7.381492374254632,2.708518671283765,1,train
9.622734153861007,6.129864274671983,6.970346513515374,1,train
0.3201439467442375,4.468900053384769,7.694527096668546,0,train
5.022247187953058,5.085929837998547,1.6654405707438507,0,train
6.517784115106167,8.392346110090251,8.903676955762903,1,train
4.790553497315027,8.260934143316767,5.667431675114065,1,train
4.43541289624087,5.6970111363836375,9.560913612306699,1,train
4.725600082811433,3.0247734510654016,3.376509268578074,0,train
0.4619461448497322,8.829336984803199,8.177948940491094,0,train
4.17515971552843,1.4504473986948652,7.855873706754295,0,train
8.138430237209736,5.294572805816044,7.248207452659752,1,train
9.707463956197358,4.7654184215108195,7.067634737242456,1,train
1.6418864308325276,3.9205527076064426,8.276264187807845,0,train
5.9216989080370706,2.584409982395367,8.687748943965499,1,train
6.280758454486566,5.119054873122547,5.987636587757901,1,train
3.970470033943056,7.938580172420251,5.943268559966996,1,train
6.949462030654201,8.00603380825151,9.490085491004457,1,train
5.757296089451044,3.015545448706664,6.237736658899289,0,train
3.2165502514721847,4.663267527942935,1.2211343441800546,0,train
6.198289401173009,1.269510340410331,3.7305270257534136,0,train
10.307771166051827,1.4753957200471182,2.6961775156562298,0,train
7.060990987229191,7.907240686342213,3.8719387921503037,1,train
8.805096381606841,7.225650579528677,1.4936604530283821,1,train
8.913740166796458,6.5785362056811945,3.943543152382807,1,train
5.270625681520383,9.932584032834988,5.5135719494317375,1,train
3.532305862928436,2.3210152683738494,10.329942663960697,0,train
1.1398046156073876,5.070449026512552,8.910809044245706,1,train
6.677062517010382,1.5993370656554382,6.35345538705071,0,train
2.0719256893185056,2.2187942982108178,0.24407764086832684,0,train
8.014558322220047,9.249893183024968,6.451424964383784,1,train
0.050735012329721885,8.57404540274884,8.261023776128809,0,train
1.5752221479677535,1.9888831808326495,5.623588528665306,0,train
4.44829436937465,4.434602040765268,8.00537127195759,0,train
4.048335617201339,7.8942372567646295,7.2804397399218015,0,train
6.937051506940318,7.4582885245601,1.729259077755526,0,train
8.944515705755235,10.013431865074748,2.462326027750528,1,train
7.1849387704845915,3.1219550432769014,5.769884630371065,0,train
6.3812452717356445,6.7751566304332425,5.99139583401212,1,train
1.603630320883131,4.7247370787332645,7.4241226710242545,0,train
3.813970032293403,6.39660271534471,2.7151839882058826,0,train
2.520173062337169,5.734348008355449,5.649637880109716,1,train
7.212410984469847,6.5983406317201565,4.271953054335357,1,train
6.619579187997189,8.073724312215568,8.983951319780907,1,train
6.758043896107946,6.737713746907977,2.5684983788349482,1,train
2.4667907269543017,3.100218090868437,2.9358613503868343,0,train
5.185369742099052,6.545573508536688,0.8633609417517825,1,train
1.1636353258316503,5.022440435197814,8.347412068265964,0,train
6.959238792345175,7.5393850399492015,2.1562666574638985,1,train
9.391735695373495,6.918124902520654,11.172704846571225,1,train
8.688716726690586,8.76658614868837,8.158623584226314,1,train
5.605488737033333,8.674238941788202,2.6854223545023226,0,train
1.9167366574087286,10.119240008492337,8.8921848272817,1,train
3.7905997394127895,9.580111983105521,7.896246093963211,1,train
7.620459794934605,7.38713350374651,1.2904571377267593,0,train
3.615353277578788,2.7889336778393927,6.9044050752677135,0,train
4.025830839664485,3.116094561404628,7.851720232878206,0,train
5.225120955528076,3.7881679432143733,3.786016532311846,0,train
9.869052143423461,3.814966402542706,5.3043415043298445,1,train
8.878506622431717,5.398841325776513,6.376740603712474,1,train
7.2233800284670036,9.550703425216879,7.5680373784397155,0,train
4.822050539771011,7.608840643715237,3.8719439490509693,1,train
7.944377657251663,3.9503976167497044,3.462246046880708,0,train
3.5967542808582045,1.1894109395405077,5.759834585397654,0,train
3.2311954953664994,7.981504620625126,6.659747786166537,1,train
4.109683130034074,1.3384775849075776,6.458047779345319,0,train
3.78629418197527,3.1101845879146657,2.879700174827115,0,train
9.139521968400327,2.2284954100454146,2.795008801457035,0,train
8.541143255715212,2.4815396563278633,5.239717400414857,0,train
6.456171456352228,3.444180325393322,7.672198655854044,0,train
5.606178148165552,6.211646124953593,5.443922742927107,1,train
7.563603549375544,0.4516469309370508,6.472178146459826,0,train
10.598355584402661,5.707966495325991,4.147420149465685,1,train
2.1478345338943545,9.348027119394947,3.490548661229412,1,train
8.723876002379932,7.227185991413558,10.375665967534953,1,train
6.129093511683377,2.879597402376023,8.197757350693632,1,train
5.659419666777232,6.323932041166439,8.544641899867967,1,train
2.9401821656476583,2.6514144266300166,5.5928874480476125,0,train
4.465138959645899,7.163097618364642,7.211171713722976,1,train
0.9658820774731071,8.12458008140638,2.09953265173616,0,train
9.925303640472642,2.964213493598619,3.090747391590789,0,train
3.2692426041125047,3.99766597859674,3.8709523413522855,0,train
8.791572361686205,8.927277325676915,3.4548961514876932,1,train
9.180473888622455,6.367964493215343,8.419801394512968,1,train
3.5695929020264083,3.363992598256129,5.657406038041232,0,train
6.19658458575028,1.9250797911605582,6.777939547646008,0,train
6.368487753677771,8.479250007105684,5.7176334946993626,0,train
9.457992843062723,9.148335851147218,5.434511987276225,0,train
8.2741201857488,2.3579724036657597,8.69164393883262,0,train
3.6805443920156202,3.8186603320350407,7.175485112053179,0,train
4.240529809948207,3.2428537941499247,5.37121238534412,0,train
8.885991152896834,3.2357396859215743,11.148362223186213,1,train
9.321167176496468,7.687672101725721,4.931307937446688,1,train
6.7286588785809975,6.167155317441706,7.196277376528803,1,train
10.927631461527923,7.8998679923622595,5.708883310242948,1,train
3.9872808546699305,1.057866485674449,6.5438646339367015,0,train
9.154435349857197,7.9777781264125975,7.241836052839042,1,train
0.24306235638185836,2.827362499020821,4.14894177350564,1,train
5.0590877234141916,8.643948495394955,5.060160577695989,1,train
8.14349951425112,6.108796422010991,7.7248111381253395,0,train
3.052421594348096,7.04533615670258,10.362618910254808,1,train
2.870353650317311,2.612086847777514,4.973320591000089,0,train
4.439530809464694,3.0633846783082053,1.8532198953530283,0,train
9.4149412926313,8.041363929799813,3.436828047176949,1,train
7.116588505147673,-0.5976181795119584,5.1859765539138385,0,train
1.7162138074969477,1.573548953112715,10.744526222374558,0,train
8.869810291789747,1.6309857924247537,3.490713626069764,0,train
2.066419268953249,3.898966046187093,10.065004016108581,0,train
-0.0008871876433109716,2.111238687982127,7.842160151951752,0,train
2.0137982890393378,5.762383738314136,7.929670085392941,0,train
6.7617094193544,6.47718084732443,4.4490866764728425,1,train
9.629681164225559,0.48792938360914384,9.23076207913226,1,train
4.578724011328556,9.766934996553847,3.4548373481994084,1,train
8.350275300421027,3.4133134636167974,6.2443792276350685,0,train
0.8429205570718477,5.61884120492773,5.077955655105286,0,train
0.9581789067231026,6.283278507407324,5.782671889055226,0,train
3.423196913133599,7.322749649462412,3.620333088926673,1,train
7.701963698956595,8.343329807657959,5.450438985371614,0,train
4.202911412383686,8.96526974236401,5.685222861960199,1,train
6.063915526996572,3.783150454462014,6.413643117855077,1,train
8.51127919135976,7.429168519155998,5.239197600092788,1,train
1.0395066001338324,6.282681085130932,1.0307183751896973,0,train
9.07076856809466,10.223864290748315,5.019453654478284,1,train
9.182904944877366,9.062449220509034,11.447794095380683,1,train
6.1482218533099635,4.229998754446956,5.395792502815971,0,train
7.23514183642302,3.86590325587722,4.416325215196124,1,train
9.737718567738398,8.722911156024765,8.659432302019852,1,train
4.237982869409184,5.101583752930745,4.667125486244318,0,train
6.139752956389412,1.6712383326151448,2.2088393403067945,0,train
8.127569308781233,3.6005017356875637,5.782895081480644,0,train
3.066380478889278,5.651319045265472,8.042958668211979,1,train
1.6008050356315544,8.278067418483573,5.479659835881698,1,train
2.3209774265981884,5.70904342971883,6.3912254423014385,0,train
8.096681873713948,3.428639019519819,3.637368853815987,1,train
5.434140856405074,7.141002804531666,4.208170603897581,1,train
7.539976648636757,7.35837311396878,5.752713454794747,1,train
3.214211888926066,7.818358779708764,3.4723025316040115,0,train
6.588814702191717,9.677467830574386,7.385092157059015,1,train
8.334973923189189,2.9556636921633546,4.3664736301099785,0,train
3.843770770124237,0.700187417481356,7.827942334320124,0,train
10.660098034012915,4.514864815507953,4.496246510043786,1,train
2.199212430812283,3.372893759463323,7.689168248006041,0,train
4.264070492261434,2.256417059386783,5.177026797565715,0,train
2.785790360260592,3.192595293373495,9.10350241307049,0,train
8.102418819212007,8.980974874101639,8.6332806676402,1,train
1.379227639842814,9.75695031192438,6.464798038009624,0,train
9.061434975033638,2.56569680678766,1.440279066409655,0,train
3.6642139458376284,6.2802777861920775,8.830995624391102,0,train
6.779017318462412,10.023647789761473,3.1940749325636393,1,train
10.80776435171408,10.236023074278016,1.6855852893977952,1,train
7.679984969348834,2.806066969473995,3.1151629565799435,0,train
7.417111818290796,8.760871545706781,1.0837211652713803,1,train
4.051713794714453,2.927469347267418,1.065151665650318,1,train
7.5260759177589085,4.98671392364216,5.026566388340313,0,train
1.5159292911910476,8.85324752298373,7.29236739027351,0,train
4.824976960639775,9.16959655740805,5.232043917454625,1,train
4.722610536575663,2.040797642473572,2.0200495754850967,0,train
7.694396895322342,2.2319719256549715,2.0957347402427273,0,train
7.904380024869539,2.544203950715161,3.115729107347678,0,train
8.670561994720666,10.135485661087905,6.0862445242133365,0,train
8.290296485937274,8.581872879890058,5.971127194486357,1,train
5.600427769665478,5.783579100255246,9.549320295805426,1,train
5.6075520111011645,6.8715813856908285,4.236997150006834,1,train
3.1128016831094327,8.016884872812035,3.5858543588377847,0,train
5.23985423172556,8.704260007416952,2.7501741307779173,1,train
10.28638828614429,2.221246282951057,5.020737010428282,1,train
8.045991742228301,6.470673173382696,7.711011852773226,1,train
2.1979204159180536,7.452956744934723,8.148602544361191,0,train
7.739109898967267,5.4392119807287,3.045227068840699,1,train
5.683556073256417,4.4979373584143545,4.512985662112219,0,train
2.5469593202361214,1.746900218107767,1.8430970402087832,1,train
3.857991841529338,2.172851844418934,7.537278750069269,0,train
1.2221483068390582,6.419814523107681,9.983074404475053,0,train
8.89553464246932,10.19492222201948,7.539482671332654,1,train
2.177023989223799,5.319732791816008,2.6711609123841598,0,train
4.33002238286104,6.847211903713943,10.060325968148641,0,train
3.9525245419432946,4.825269130478292,1.4260962459584512,0,train
6.55326973402409,2.633013486926685,4.09259933904091,0,train
4.674544460261002,0.5281533785284469,2.126767578788946,0,train
4.411825107089508,9.142105322270595,7.0118094018651345,0,train
8.39819874653347,0.9022488379355238,6.326750968263431,0,train
7.466706216983715,4.783545201650445,2.8125376288108694,1,train
5.4192226092070985,5.047391447458568,4.669921068507911,0,train
4.891682341361403,7.957667462961633,2.7582706748263686,1,train
5.072676954115072,7.226823503105995,2.666227446507022,1,train
7.404520768504506,0.9960045673636642,10.128270331714791,0,train
3.005542071595397,7.100320006434718,3.8543440473668595,0,train
6.458608546300392,2.1221619586914593,8.068405052391583,0,train
5.515894344759794,6.173844095609393,1.2179074935676342,1,train
9.433719578696392,5.1938275640587666,3.409042569959085,1,train
7.708589704786205,10.605161433820829,6.681738161370143,1,train
8.015031764778458,6.09977038463742,5.507872558111195,1,train
3.914908749226681,6.996443560855097,8.317174420433512,0,train
1.9061348610961446,1.5504259345185856,9.290617336511401,0,train
1.8570953634040412,8.509742645026817,6.025898345639682,0,train
1.346330193889001,1.3247887329719068,4.71016886653871,0,train
9.324466738528281,8.413620515596694,5.563660055552117,1,train
5.576896864744633,5.629553678665487,4.045450808908991,1,train
2.2408568051975912,3.8914283439322954,3.2712343024293773,0,train
3.109912256751098,7.008726091738418,8.299235194918262,1,train
10.23088184738289,5.135254082651178,6.04062594876161,0,train
2.1965034691434417,8.225575172275267,2.9979240847330715,0,train
8.104418702818544,9.315689257841703,5.720856221191696,1,train
3.6297345359340296,8.994230548494883,1.548184058206724,1,train
2.9075496230828133,3.685771085892192,4.310997806260426,0,train
2.104972500565513,2.2220386890326775,4.523566355275377,0,train
6.577697241690659,6.089746803492314,4.7318473878107,1,train
4.0542033439648995,10.845586927165645,7.6954407173629065,0,train
8.221210248785544,5.943474694229753,2.3388966504035187,1,train
9.93013590522859,2.274262556182028,8.642738520951793,1,train
5.714268153299164,3.83468046285532,2.351294771190325,0,train
1.6680754436563805,9.934076385341234,8.272620654481976,1,train
2.153082037781327,1.479541671915139,1.7854564777736388,0,train
4.576355163747402,8.497377108481768,6.700906725834366,1,train
4.884235069281069,8.849422953454777,7.158531058170028,1,train
4.590193108582916,4.2430108537226054,8.109784664624602,1,train
5.395108291160747,6.016634669637478,7.903120004679243,0,train
5.568720596980235,9.644067512894342,2.8608520580453014,1,train
3.8729883192194565,9.145946655726872,8.641921209934216,1,train
6.216676441177251,5.646841840788216,4.118884556598665,1,train
2.5507716964461062,0.4878834810758915,10.06626400563735,0,train
9.973020453201629,8.12719513896972,7.479970068554242,1,train
3.8344741686596766,8.663836188503309,4.130854013074276,1,train
7.168309897067159,4.626720655962516,6.735907581128981,1,train
8.862721640432207,8.017396795913584,1.4311928149658744,1,train
3.024889536781215,7.461854399044134,1.5379139200508134,1,train
4.5532293656739204,8.413266491423501,9.524137638288561,0,train
2.343226583190622,5.8341111237863545,1.1646943263824363,0,train
1.20496229002185,4.648388264701726,5.379506035429966,0,train
2.225346418992917,7.02195233807508,5.178389467019634,0,train
6.151861951090445,7.302874516722713,7.566919683199514,1,train
7.139811267100331,3.30470174687008,1.7482859754978897,0,train
3.2198292826937918,6.863154054848209,1.6421846858922255,0,train
10.407029749663346,9.335607414217172,9.172639611913091,1,train
6.106789726456094,3.7536583884473096,7.88310939626291,0,train
8.339974819789566,2.8409716900499546,5.625136390489134,1,train
2.042478391175068,1.0556155104167366,1.6902129492625169,0,train
3.914389784642739,2.016012306037657,7.526958082928714,0,train
10.10213516738292,6.741511710871346,4.409824261324249,1,train
6.96063236828937,9.667633434080093,7.824453486599626,1,train
1.658808734961307,4.2697470610884185,5.216614051569171,0,train
7.200193443374619,6.547121131315426,7.588561443630764,1,train
9.407060959991336,9.227238653951446,7.613455160188247,1,train
2.5708549099219686,1.9979245941974848,2.9545380247129356,0,train
9.05023985072268,3.0140320411658585,2.769786084560926,0,train
4.601927158665739,8.625594646363828,7.9248448189642735,1,train
2.65667817671278,3.4068130860509624,8.562297607711468,0,train
7.939156497408569,0.15660114839108874,5.335875610760338,0,train
7.19186712331175,3.1890577288638258,6.110379903196595,1,train
3.10019276816498,8.170541804443351,9.116064691407512,1,train
5.559911214266721,9.152728460414723,2.1273800876069906,1,train
3.6500622316637226,5.075045801665462,6.763759100600711,0,train
8.585771437471621,1.9105250563097442,8.614318312389235,1,train
-0.5160924854895881,5.1677403668867665,1.260946069790823,1,train
5.067707402395926,4.29598236567496,2.4939033846560332,1,train
6.623750143274455,3.6854898155973785,7.182258566483459,1,train
7.113303046171847,4.225572826017689,4.737827353024178,1,train
6.23406702753161,7.955079251346753,8.496723880788059,1,train
5.071081837988743,3.6455627842965344,7.350860402509693,1,train
4.347285942117656,7.275698376079891,7.987434255572474,1,train
5.638390245986475,10.684425722616249,10.267912340923646,1,train
1.9747083557688403,5.00648350558297,11.013527205151716,0,train
10.058391689512629,3.362722280946469,7.8720968471116155,1,train
6.531108203629268,3.704092322114702,0.22172200595173508,0,train
6.50651827684597,1.4757205469202055,9.429210587256117,0,train
3.0850224981707246,5.759723970787463,5.692373561366925,0,train
6.491712914412664,6.307637225307175,8.427709573449489,1,train
6.435816239357679,9.481690972299308,4.628824299138198,1,train
9.378080554766333,9.751257565529016,7.688573730269786,1,train
1.5140116455231223,8.080458467734614,8.81551639415996,0,train
3.8388932901561823,2.158777470822568,2.1149819401612677,0,train
6.77039530840852,7.82870257363827,9.622700787018132,1,train
2.9025019038063125,6.494157147448376,2.6880746381102667,1,train
0.9205703082135492,6.785849062372279,11.165462643288915,0,train
2.1332689032941765,6.062885277384239,1.807570276791254,0,train
2.8476079637126963,3.1210902803109177,6.204901531085689,0,train
9.347809813683726,10.515493384208536,8.177452114893521,1,train
9.251284664862396,6.242493887719381,1.5698324175584388,1,train
6.466779178458462,5.994969342270497,4.320541335243828,1,train
5.1708668424602235,3.0569127622562036,2.652926261981734,0,train
7.5581741167928165,7.340774180372267,4.884135708111966,1,train
4.069284097241897,5.535427933725104,9.353704695848297,1,train
6.429176154645598,7.908516148505395,5.137942652483937,1,train
5.830009035935442,3.2465326323195898,1.180420273804088,0,train
2.456395354451465,8.504363510416688,4.257352411861967,0,train
3.2759660600319993,7.484235760004429,7.259105546556337,0,train
9.878762808738381,6.546747697489695,2.795424998446151,1,train
6.9641582386263705,3.529295379228285,4.741215635725215,0,train
5.2935143076747515,7.76347543254842,2.7984011682773975,1,train
7.039311652119396,3.6123568497473992,6.684595326120656,0,train
6.894705539217435,6.023835742982374,4.298376102601342,1,train
1.7347824189783603,5.400822179418479,8.750553279466455,0,train
8.274234038672022,6.797658318557136,4.484582855929487,1,train
7.629704735938263,1.9910287897346288,8.176536230805391,1,train
3.379646012107225,6.165566997157732,6.618021355232351,1,train
5.439226579828187,3.2318311257952255,6.564258052094688,1,train
3.046930276371749,7.508041470797062,0.6510934686298588,1,train
1.833262525164646,7.277934311698948,5.861401904617063,0,train
3.247899122691762,4.823368509047179,5.967432996234741,0,train
5.5717617510638675,10.076425232413698,7.676353571504014,1,train
7.134208080566032,6.303653389545647,5.859599631703656,0,train
4.0269263075910215,8.802631131145757,8.958462674494175,1,train
10.01172166590117,8.42431690808499,1.2700062892515689,1,train
6.081231302979458,1.7933334308037554,1.2998606153180685,0,train
4.877550646061612,5.063579335215257,7.154480126067055,1,train
6.989267976167046,8.57052507398079,2.7005560811790206,1,train
8.170628594926683,9.508163296728624,2.006067052953023,1,train
1.9553201776987101,8.518720238960219,2.926180094502864,0,train
4.208808792881112,3.274561717777211,1.3294414702673492,0,train
3.793389901115112,0.3533229966752842,8.119148387206135,0,train
4.957921141666273,8.427570809595466,9.943224012886922,1,train
1.945777700456266,5.81230419414033,6.500131898711854,0,train
9.084284118433361,6.800677568290312,1.342987364252016,1,train
3.6426509656462764,8.52787306997597,6.586863421078889,1,train
1.0602897360168078,3.3639668596418217,4.073475917078055,1,train
6.408005185735577,2.896723095183636,4.321243417696259,1,train
6.914229529352672,4.3728635808670235,8.999334220073413,1,train
2.696854533912141,9.37774215271907,5.663728531125152,0,train
6.128657917847038,6.549720350052557,8.576740050791646,1,train
2.2925034478059225,7.769977227665562,9.042907397709556,0,train
4.21894616549036,2.0933786012050595,6.733218181238846,0,train
8.960801222739253,6.121554676468383,2.8103943288690774,1,train
8.067185297639005,5.621834618414101,2.7407581276231863,1,train
11.364263408880714,2.504711250620226,7.7211423652304925,0,train
3.902188190072102,6.202010760428762,9.429841928150896,1,train
1.7647938939053416,1.1432614518482347,8.598537425148212,1,train
2.3793186301389917,2.0575687896327737,8.39061956067611,0,train
4.074848806705452,4.245227977228194,4.337830871282938,0,train
7.421197498712926,8.568474602671683,7.771039236736753,1,train
2.377165216419964,6.2656787004195955,6.273755409926038,0,train
3.6273809641591157,7.228371022370108,6.261678285024715,1,train
5.021600075291912,1.4678964523871514,1.7753844850532658,0,train
3.1769986195830047,5.260244032565779,9.582329870094911,0,train
5.83273291115751,5.780040591708942,8.06188996337848,1,train
4.65420478363697,4.013269000912849,2.9950466335437707,0,train
3.7094464128182607,3.6965754690364836,9.216825571434304,0,train
7.273466200158897,8.56816745353524,10.27232944958579,1,train
9.775965812476286,2.268584659538415,4.1901292494,1,train
1.6041309829639112,6.595087249491151,4.686658301444387,0,train
5.357478378233354,4.783848117338638,5.35058889051689,0,train
5.255392659323127,2.991428593526544,8.708272217131832,0,train
6.535796661241757,6.221631080634424,3.304955867533331,1,train
3.85518894145658,7.783036736220187,10.27524215540382,1,train
7.633725377915797,8.997164965647926,4.596558156125747,1,train
4.177342162017732,9.821906757099752,4.935965135791555,1,train
1.2361985042419337,2.303986107049805,4.418744583689442,0,train
3.6859458842378325,8.395897994934195,8.98767531492928,1,train
7.752419524468791,1.9286340702184528,5.555334681009085,1,train
5.94732506646952,4.655441597388365,9.851333119832619,1,train
-0.16054350744318313,4.380417996351205,8.788157095163795,0,train
6.104153262170218,1.4983799177932506,5.9678709583952125,0,train
5.097675707998713,8.231891662482761,8.478522466618665,1,train
2.2335183991713596,5.821957165428565,6.0681251306971005,0,train
8.913901447308312,4.399793688577402,1.8100579290825491,0,train
4.6760168851738015,7.012759673101073,8.072439911519822,1,train
4.303329665641512,8.73443310912757,3.5863861632033385,1,train
6.871488425924054,1.6394445608061439,5.913329738556708,0,train
7.795417048057839,0.9205716369084082,6.589553901068679,0,train
2.807455999029831,8.081433268781371,3.5777698211550604,0,train
1.206817668663295,9.200731545471271,7.611049399477161,1,train
4.310385043077982,7.277869477604326,9.242878237215738,1,train
1.7401403334678616,3.76503321887431,7.63673105014573,0,train
10.060550368610697,7.53751416339932,4.865644227218637,1,train
5.5451804745962585,7.652403883605581,0.890763029419928,1,train
1.2563212406944135,9.049872427163393,4.4860636212102225,0,train
7.22156068890827,1.9321405509989067,5.668322279248897,0,train
8.878918582118988,3.4134665552464556,1.2206829534062043,1,train
1.2870791898283853,7.7050682367050225,8.355481143826692,0,train
2.706494718911007,1.6131745084252942,4.809140610897511,0,train
7.185534328214857,9.425551046876661,8.816133115867778,1,train
1.5766156101560218,7.367643107990532,5.416118452247872,0,train
3.2083402015235656,10.852795871647558,2.3563490192683196,1,train
5.52621162369931,3.364687906181654,9.933826585803988,1,train
1.4480566418306857,7.707654312353281,6.499533821836636,1,train
3.0974614303995085,3.531745352521753,2.678185211473404,0,train
1.4212027304146715,8.01697478474522,4.670484425215179,1,train
6.848863721374042,4.077510810092314,5.047666084872887,1,train
8.968229602829208,4.647769600514894,1.9067181681171808,1,train
4.113899118672205,7.814845704053749,2.747410431533903,0,train
6.80776343066456,1.8555579604887376,3.961353750515247,0,train
2.0604822812962054,1.3534007753503903,1.3394294637427935,0,train
8.305510908747399,6.292526230053265,5.9130026278473915,1,train
10.542524841382843,7.74153534610649,8.869656792924633,1,train
5.967545627532085,6.129199664459467,1.7556195798645087,1,train
4.040764799589331,3.9762302606362208,1.4455748416899723,0,train
9.89922954461366,6.007561453770586,4.90580025359022,1,train
5.403006496706168,6.302906577529905,5.863829915134307,1,train
1.2248928432875417,3.3453123361725825,9.228745748647505,0,train
0.9938509060354157,3.4010051284651075,3.9814557589124266,0,train
5.713087791039788,9.643534970851377,4.0451824453870815,1,train
10.566446722522976,1.2451819107823505,9.117967635194065,0,train
3.0683591764924176,2.0585822340832163,1.7686264069274484,0,train
4.243362356991192,8.668219216090723,8.20224484675511,1,train
5.215053659050492,10.003784457850834,9.216675063785008,1,train
6.714972472619767,-0.0686993909044531,2.2276038728163496,0,train
7.371431024877517,3.9382330608776206,1.5720064590234037,0,train
5.6281227039726005,8.835302968258524,7.690867825864831,1,train
8.010692332924194,8.035037706749112,5.545963455619798,1,train
2.1452646770428547,7.522460858155646,9.000896216885408,0,train
9.967742477988102,3.827853409620637,8.796176205544,1,train
2.2802873128414385,1.4727413166009573,6.492628821767783,0,train
5.455241186094657,6.313634090298626,0.6826684325551675,0,train
4.420951848444066,7.591542089638018,2.181907335883213,0,train
-0.05633868342148318,2.639328578291949,2.543142331712236,0,train
0.8059406191061016,10.081119967872565,4.764035340733505,0,train
9.136460092789273,2.8473272618309955,2.2561017452226166,1,train
7.392541293727983,5.759008446426109,6.342407215568098,1,train
6.95621400386943,6.204774262989936,4.418846612162785,1,train
4.701190647637495,7.098610992961438,6.872165084034246,1,train
7.132548707176622,3.110492478667613,5.6232107885216225,0,train
7.874021655532014,1.9196995720118721,5.293804506072189,1,train
9.305624960745272,8.298080090972666,8.272227436798593,1,train
6.426583868779227,1.3482201787251138,8.398561466202858,0,train
8.695619764383475,3.663932810376887,2.4261852943612756,1,train
6.117436282160181,8.611204321434025,2.231367439399337,1,train
4.611417139432014,8.489058115162782,8.244784716546352,1,train
5.649507775210987,3.1441868898707828,4.265403525948903,0,train
3.473460960544752,2.233292862609951,3.414184202893631,0,train
7.448337133088687,7.551427261860642,9.420548735979835,1,train
6.015831986607953,2.4111139609275893,5.787657841468476,0,train
7.944595764731563,7.712595724833799,2.2054478606895023,1,train
4.740137100706232,5.579333513159509,6.36277167170486,0,train
0.458134749175207,1.980560662854132,2.8911855308840786,0,train
3.3775618239022935,2.7066477490740692,3.6787666325213824,0,train
7.568370892660568,7.791985814126532,4.569903009756789,1,train
7.320928414843975,6.945472904331835,4.335053802855393,0,train
8.338373800284772,2.7070233366622656,7.147294413142021,0,train
2.0551003743005136,4.206954102304375,3.4195204398497774,0,train
3.1169629114940642,2.961842240996873,0.3158909149645994,0,train
3.86325376221965,2.0750927703346864,7.343112318508792,0,train
4.027452525928309,2.507941419976383,8.305408264245155,0,train
1.0277006356952887,4.729005108042716,2.9257976824763414,0,train
3.4264549892075395,4.770593771584628,3.52722412304167,0,train
8.625598034393203,6.559315151465563,3.9069722125294644,0,train
7.649237854419612,9.921822200456184,4.889631632203211,1,train
4.413362511307137,4.584975111336588,8.503412176695972,1,train
3.22697569929622,5.229357486948965,4.125523575826862,0,train
4.185491756489366,6.518729760839795,3.955562876708175,1,train
5.290435415331346,2.0733444823481717,3.163301445165768,0,train
2.8667362413507305,7.989811046175276,6.767889007973856,1,train
5.285040679992548,7.390050324094153,7.790822716580315,1,train
7.061295101979357,3.1590139121791725,7.8813031128238755,1,train
7.199858538169789,2.616875484327325,2.8052893841422506,0,train
9.278242262566733,7.192868461965565,5.325523271247259,1,train
9.472858218785552,1.0154048887800369,8.209789003547165,0,train
8.516411268614902,8.844095900264612,4.497117481129937,0,train
9.514271013810928,2.6455615989421566,2.724277924899012,0,train
7.393619024566565,5.238560489080982,10.370011889469437,0,train
9.068142840393179,2.451696260618726,5.954521148765542,0,train
0.3885466051803088,6.136818833448711,8.48945042586483,0,train
0.6452608596479403,0.15171313337394676,3.6515879179657356,1,train
1.5830807719181383,3.904768562627022,4.872634246978531,0,train
9.66747655767749,-1.0417527220371263,0.9375871071531328,0,train
5.150951679206421,1.7914763532149354,9.505779318124713,0,train
6.267903316042068,6.218648913741299,1.935720017366182,1,train
8.272700861874538,4.0724604296367035,3.651296520932584,1,train
9.16089729250787,7.647638432163306,-0.012365302573619674,1,train
8.300634799931824,9.309829888966874,6.344990444472609,1,train
6.744111341724864,11.240432527394338,5.5228806127705505,1,train
3.3044016169074775,4.249994251093625,2.8880530939424314,0,train
8.322479427789315,1.3913279287561333,8.718266471256394,0,train
5.615655860579958,9.728045370566695,3.384492439397332,1,train
3.1402667733384937,3.736658423133745,3.495779634293855,1,train
3.743245711505747,8.523971132225643,10.806277942230226,1,train
1.297303153878293,4.086701789829172,6.016773558642528,0,train
9.259666665256635,3.8207964597878794,7.338596900904486,0,train
7.000027272915206,9.571326715691528,5.502674222068904,1,train
3.39428988257574,5.109511763775083,6.4168703775524705,0,train
8.590487710169363,7.278518457780351,-0.34396341978771616,1,train
4.3254307395085565,8.898068028844692,4.315737253475544,1,train
2.0684580229806544,3.5612934407595644,8.985397117231923,0,train
2.8348818213847746,7.157320258741864,7.972949708414725,0,train
2.302337932543941,4.509308282748728,0.13077122834359645,0,train
1.9424166560677811,7.8003210500825775,4.008566510306778,0,train
6.480025809310847,3.940540807470804,7.4212436780764515,0,train
9.82278249023529,7.83837695672826,4.522012812534632,1,train
7.973186320711614,8.023097619341812,3.689551484221723,1,train
4.033554670083575,1.0069274527925638,7.985844085800041,0,train
4.807900217153791,5.195252447740557,2.8599367313399924,0,train
8.926438711565279,9.36775868922388,4.183789915506204,1,train
9.546318766864266,2.4880488999604835,5.1075244636989865,0,train
9.285506935798969,2.352518589565628,5.087445497235344,1,train
3.023082199542938,7.459942315882707,9.464405212915102,1,train
0.25549762846522883,9.255354598741784,9.628393696195921,1,train
10.170313694147403,6.32666525510502,9.421905788753524,1,train
1.6327990406376265,2.064044575304504,7.474414963197736,0,train
7.245304161331451,4.091950708793355,4.160538992781828,1,train
9.331211844940013,6.17629874589073,0.3349177212455299,0,train
1.6254217011841545,8.084129407750654,7.301235125272143,1,train
3.612633677757468,7.066744687983806,3.9007362928366227,0,train
7.80820976879427,7.574768541359203,2.4205485564590754,0,train
3.748381553613688,9.197030074968746,9.471866326759281,1,train
1.6730326137135691,3.4353002868792846,7.145140069267626,0,train
5.977467620237043,9.208647627832503,9.82061458657205,1,train
2.158676041759028,8.841957430288256,3.3157964274389515,0,train
8.602190800208271,6.862658527860486,6.725460126148491,1,train
7.123451149125135,2.591238571793187,4.089450839308513,0,train
3.7567109078812457,2.471711549688256,8.040928322299306,1,train
6.480566939962195,8.495921090902387,9.423748370909525,1,train
5.532786600193237,9.346161662634751,5.013520783633127,1,train
9.81089310192373,2.1530643161220135,5.107443708593247,0,train
2.7468724746152704,6.943765624454346,4.0191468143032445,1,train
2.295927473357907,3.8147392282628916,1.497343170030374,0,train
6.957550945096025,7.44665864393219,10.434712628579174,1,train
2.7723638665594024,1.4499392553877806,10.039138283222815,0,train
4.834803587756955,7.821777522389213,4.485822722800004,1,train
5.435256940864728,7.247135670513861,3.2359717692302405,0,train
10.65767278015491,8.661983688930372,7.956173150477714,1,train
3.839694891552673,2.9301122098187062,7.794661356181481,0,train
5.694181119619809,6.010441378991279,9.83693591985654,1,train
1.0171751077176812,1.6897653312503196,2.394122712755703,0,train
6.08169651419045,6.5568067226716895,1.6282640647276698,1,train
5.9293095469320996,9.160409691057556,2.1211965599727347,1,train
6.510722535916427,6.903304043983349,2.7663925839466996,0,train
4.280578088704562,4.95902127127033,7.171362775332254,0,train
5.550379719536685,5.901963465291986,1.8675456294258277,1,train
4.705325973686227,4.671959414506155,1.9475900013606162,0,train
9.268657935576115,10.142436630454755,6.64626757872912,1,train
7.380473714015038,4.069545188218617,2.2432706039542283,0,train
7.163950408575643,8.622701047733388,5.659003157724313,1,train
8.347242633768008,1.1236380260939531,2.361268617224544,0,train
3.294353357141117,0.8423049939884036,7.28989327654512,0,train
7.805532949405098,8.995233008615928,3.5411166909088836,1,train
8.345806329110959,7.962724171534476,1.5396195424587413,1,train
2.3443680329520267,8.331233898722362,7.948348729361978,0,train
0.05108352983027453,5.340306633173436,4.943280618576711,0,train
6.693435139291375,8.918477057336359,3.117214548924282,1,train
7.171119668521285,3.846454760035915,8.330852839573152,1,train
1.775253119270189,8.583691448528882,1.3531962639260506,0,train
2.5894440255759164,4.592372560873969,3.987869324134164,0,train
7.30139201830651,6.751237063382318,10.28719846141072,1,train
3.4200290841169947,4.846239229748699,3.1956961370211383,1,train
3.338985630809804,5.9648660713986015,8.00164961636277,0,train
4.8232002994842444,10.373077532532857,6.969960242848548,1,train
4.767720949413313,0.7828302047209384,9.187498190052736,0,train
3.3350715170812695,2.5549712270566443,9.073969324426807,1,train
9.923691532212178,8.763720248030294,2.7626189131160057,1,train
8.40586672906914,10.467511771916245,8.973224634376473,1,train
3.5645808531586756,4.868429649553005,5.094153223477559,0,train
8.782626529091154,5.727502202275837,8.010595345360036,1,train
10.339469050361298,10.367386316315754,9.226364837494108,0,train
0.4544818188984139,7.987962792970313,7.383139319612178,0,train
4.79154876963037,3.0114067891341416,5.698624356035448,0,train
6.729777203573305,1.504101039159754,6.509082049852489,0,train
7.965605679188998,8.406605235484765,4.982811453030159,1,train
8.751122643266347,5.090400928442808,4.979611546626372,1,train
6.862721008882843,0.39057431268650444,5.471715266447699,0,train
5.251058430558274,8.102745349554944,8.323150238199716,1,train
7.63538638374564,3.7216155380639107,6.090556603365044,0,train
8.100913390621447,8.225910106912247,5.514510104663048,1,train
9.32133960320324,7.585323426309375,0.40698603230058117,1,train
3.698201646319202,3.8984264252414724,1.223518918296025,0,train
3.315654643302476,5.977833270758009,1.3569133989933522,0,train
6.933742619180155,6.0697435463392955,7.859422773883282,0,train
9.853677789453487,6.39555548137521,6.589022794066775,1,train
4.637522586020872,9.472142689263189,8.066320368139973,1,train
11.93908674959788,8.974056475353198,9.310680531519871,1,train
4.963490877365039,2.646017600460506,8.183225811559032,0,train
1.0867110414619783,7.705863603670906,6.474908269882096,0,train
5.989215515371499,9.861626491240118,8.131950449186835,1,train
6.986216432897987,5.875204453085027,6.025618380183601,0,train
10.355975000480136,7.459635695720637,5.8618436203816815,1,train
8.15941809860377,4.406990107818578,4.274624869030361,1,train
3.16108865456027,2.864459603107329,2.180423192028341,1,train
2.9256691209699164,10.239235382556666,7.528043047987246,1,train
8.94169365794209,1.7097665837227285,4.862655105852768,0,train
5.315437252107596,3.022869999964845,3.256362337727964,1,train
3.811969722331185,3.716419573671997,7.338934304288227,0,train
6.289368819146934,2.5752148879308936,4.3491242584628385,0,train
4.39631639847244,3.401749245938921,10.004546973040704,0,train
9.190075365006914,2.617729519131368,2.9465421250580035,0,train
8.261492673071134,3.8145273741201096,6.3395745140513045,1,train
6.78167149763787,1.5620914495106768,9.99855519802877,0,train
0.33749066677549355,3.9565146589171696,3.3792109343107537,0,train
7.722059540111438,10.672388177641022,9.415697050409644,1,train
3.692787164475181,3.505860214529834,0.08052773715611039,0,train
4.747629925366426,4.175356865568767,8.246593859322905,1,train
7.0896634174431234,4.164509897282088,3.2243316678417164,1,train
3.9238339173156365,1.698680281253173,2.4064386096442814,0,train
9.209167613600949,5.8347794241176665,2.034648498285663,0,train
2.697381027261746,4.116706010055836,9.391871400203073,0,train
5.827024229614059,3.656377290278709,0.7212716637026103,0,train
4.2204366969637555,7.5680083441700665,4.326770817638571,0,train
5.206060732343323,1.145651341467066,5.744003963807593,0,train
4.232965202059317,9.855309399599046,3.436739291385469,0,train
3.6874578871474304,6.830619255923086,4.024635289268454,1,train
6.19363647952252,2.5294384215248487,5.280994494678859,0,train
5.571407489101344,8.502840582088359,6.04465415762526,1,train
11.517224496076706,10.486984748330507,6.808203799529174,1,train
2.891577599169475,6.4565541872624825,1.8877202566205407,0,train
6.447070355297734,9.7370795030522,3.01728597825552,1,train
5.353757301334764,7.327788961975132,5.725085600805539,1,train
2.175395462713422,8.105839546993431,4.464093092888727,0,train
8.956153397113326,3.5424674893541184,1.862404424650658,1,train
4.432463284300578,9.306403003796644,0.9517311309490113,0,train
3.6801688219808533,1.0420986661827678,7.344804934435193,0,train
9.878306470844556,6.940302474296649,1.450823773657408,1,train
7.5593252608229085,1.040975096953845,3.7014699373754123,0,train
2.923400674325892,7.076926397799813,1.8339255581033023,0,train
3.0884852313955733,3.3984302372499586,4.951824536492709,0,train
3.6280813952561473,4.083381484439352,5.725155307623645,0,train
5.380136605240424,2.605919722063388,9.146207136864444,0,train
7.490453971160541,9.791203432037172,4.969198367303847,1,train
8.294126961781618,7.330569949642803,8.720222259992179,1,train
2.0015323861197434,5.152252352259413,2.283927059193834,0,train
7.750845398317762,2.3791625980622513,1.5039452706187109,1,train
9.94187536327987,5.083096098572952,6.772460508703421,1,train
8.941599303969376,6.4714825802946585,7.536722699858138,1,train
0.9147430409880699,9.228007309965308,5.528110772383464,1,train
4.916404321265187,0.7421292199652321,5.47146260035988,0,train
1.2401448648674909,7.0483141409383565,10.014972689279025,0,train
1.6618282642252904,2.8242473027245305,3.743769012758699,1,train
2.77084498507924,9.4498585401375,4.6477098170871995,1,train
3.7890606609631163,6.213832041377192,5.585690858551576,1,train
2.651375103682069,3.626511690602655,5.643358743633884,0,train
9.16386114866413,6.243357246944408,1.4257006655220452,0,train
8.637634183886236,6.6874182562436095,5.537131360911378,1,train
2.8417267296466195,4.418245320056711,0.5970760530867361,0,train
8.582553564088984,6.068687478345474,6.315597405378364,1,train
3.6431008649960006,5.420898021869954,3.83720181708647,0,train
1.2625435385677055,3.076448604175673,5.502569516234965,0,train
1.5822739789392202,5.2023342600305025,6.607275912003432,0,train
7.044413428623846,2.6253432874060576,9.142015222808979,0,train
5.8664089979060785,7.651735704431032,1.3294226116697807,1,train
0.2663176205496096,2.806863934107935,6.562896820741911,0,train
3.613366694508559,6.9689997813953894,8.36640462914368,0,train
2.7839343211097836,9.525257655307593,6.508549927526688,0,train
6.1006771373719575,2.2238814646567855,7.130357105370895,0,train
4.719280007818744,7.783928050970828,8.581790815519469,1,train
2.6288947384235426,5.253688084244847,3.8872312403665203,0,train
3.1708560832881374,2.056275364020275,8.60032474749828,0,train
9.824051979434465,4.633796082177009,3.031160852196416,1,train
3.07342700910779,0.5139491568568333,5.528833716930612,0,train
3.934135307389998,4.898708578068752,4.964603467939025,0,train
6.595525345648867,8.43937481397729,2.1213215559404905,1,train
8.273773891845643,2.8254418385043927,4.511706407312037,0,train
3.6215286090379033,7.3986007135759735,10.279426720314643,0,train
9.895464950626767,4.039215975054282,0.01567792361200837,0,train
1.3729427229997937,7.007162324648353,8.314291544641664,0,train
4.728681810212885,4.654882375872881,2.6330825687310666,0,train
6.114060668048319,3.7206823671841196,4.608052442657432,1,train
4.7380009552964255,5.954282479777277,7.877116238833975,1,train
4.103742923544758,5.995255297993012,3.9573637831085913,0,train
6.256632281981589,7.794214225209922,7.1587500427470445,1,train
6.324782589337906,5.215153995705031,1.0065406799072658,0,train
5.707334689506882,4.271172823606629,7.4878243503195625,1,train
4.200139551072264,2.723032772134752,5.1831423082107,0,train
6.670708169371564,10.137633913401864,2.7534048435368748,0,train
5.1679707180479335,8.469268605636765,8.783265060177387,1,train
9.593790308830656,4.632770998413797,1.3290160915565108,0,train
4.459381743471606,2.1165318254478294,6.936011901628409,0,train
5.561227433412508,9.927571903172502,9.412363508287118,0,train
4.984605846621358,4.4622880901756075,7.982464041809219,0,train
6.0775020175737335,5.64907232027091,0.5897225083168447,1,train
10.01976632384816,7.204956182873715,3.913577460843509,1,train
4.674217195409504,4.116906821122592,5.7533712003860025,0,train
3.866256877242516,2.3045449113318606,1.9911559310370681,0,train
2.5472679460984136,7.435710419728801,4.8734161590937255,0,train
9.44817781628602,2.1775480576823174,5.824284389622906,0,train
7.207477854138023,4.742651739976266,2.314005908587881,1,train
4.131920244808325,2.0172591908900195,8.460714261642202,0,train
5.102830243344478,2.91930346181281,3.2825101073685317,0,train
1.8778157701309042,6.885224670993557,6.271292429783626,0,train
8.24637249955197,9.168547781960893,7.197803233052463,1,train
7.449463652381304,4.210921760660827,5.084480534103026,1,train
2.8325450610640663,7.0524075950049365,8.566312361631239,1,train
7.796436791435538,9.67271605113715,3.5629774744662908,1,train
8.226349835417466,8.559617524587564,5.494617306283982,1,train
8.05339038308489,2.2492033204760857,5.614735980728551,0,train
2.618802841083583,6.719779087688978,4.918837258746023,0,train
5.771264615459199,8.760063045737516,8.672950312583975,1,train
5.326564142715596,5.886049104451231,7.108172367354568,1,train
9.018284931119942,1.7490356708296741,7.274855545561802,0,train
8.391044937187603,3.6650617764389057,4.5635502541175725,0,train
6.744503526993463,2.3178405756136327,3.926604780204667,0,train
1.9571375329844416,2.8262331368345124,7.9440555008084575,0,train
6.007135135798071,8.03563207859637,7.717617753284274,1,train
8.131785245473107,1.7997111739733445,10.052568280131682,0,train
10.468402653987596,6.123295104322084,6.381320135020006,1,train
1.4184755983479491,8.11612821481297,1.2040556864556107,0,train
7.805147156553474,7.467575863479641,6.024601580190691,1,train
5.935921595028735,3.1004552685680284,5.757668100708904,0,train
4.981031265414212,1.5288705113823442,5.296936299863594,0,train
3.757578854567174,5.6305402352140685,0.7091225916300521,0,train
4.82515491822017,3.152774108826148,6.631288356858603,0,train
2.579307803821008,8.090954951300109,4.087799168839482,1,train
6.467031501192623,3.054853932799121,10.627628448104012,1,train
9.810207923466958,7.849171737332293,9.530030491821481,1,train
2.9998619149369805,9.19001779273739,4.181850039780427,1,train
4.713892812362985,6.044776957945137,10.090478709069691,1,train
9.264885223647827,2.790216012072865,3.9404077227209187,0,train
5.250957003913561,7.640967686340267,7.661992419790149,1,train
7.457090736492468,7.60073692109822,4.737598636078618,1,train
4.851057793375064,9.921924293464963,7.678310886589187,1,train
4.950230827178151,7.279177051732876,7.879013142065302,1,train
4.642313890615301,2.62916683850086,2.9349641259350814,0,train
7.93687928037735,8.695972302211382,1.7782227311208694,1,train
6.822755776010351,3.7251717143051595,8.182810617687112,0,train
4.524832746671255,9.53585693636876,6.187834618627406,1,train
6.420674752797045,3.5443685359161297,8.898082793483285,1,train
8.016892597204276,1.090777003651347,5.49205290196066,0,train
2.1921756958744925,8.53697208792614,5.953568159025415,0,train
0.15266995009980056,5.691663099502236,6.0557330071849655,1,train
4.518553531259605,3.180508915852102,4.072476920515841,0,train
9.035746804611756,1.9667536233983371,4.822399877405443,1,train
2.943403868418952,3.0539246930878767,4.564126416362545,0,train
5.5634720855657385,1.8646682894423492,2.878231782601424,1,train
3.8824129489905808,1.9007204891586986,2.573431609531065,0,train
7.484470170149422,7.518874116602837,4.841463702787744,1,train
1.0987196957393213,9.867650764820958,5.354737519183445,0,train
5.829376183660777,7.449694381311437,6.4305020452665715,1,train
8.841005318148246,2.568092669268895,8.446025958223247,0,train
2.9790211505234683,2.3633013153345446,7.380281839165156,0,train
2.0090455132089913,7.8943176903112455,2.4689839033116234,0,train
0.7004451210588325,5.382108937296848,7.529114857104893,0,train
8.76776895324567,1.1974580894723297,1.790113551999117,0,train
5.126118205030834,3.1064008213040286,6.706065109312223,0,train
0.7286488573473663,7.879220703851845,10.122260817165177,0,train
2.6774602632878413,7.940034243476072,4.179852798391204,0,train
1.2878901467246422,2.7314956125013485,7.989977063075661,0,train
1.3947026960902527,0.9300532875515011,4.98873591338077,0,train
5.281130072224556,4.055014166258513,8.180855231078423,1,train
7.1966347687540075,7.395625392864048,3.963463607067737,1,train
5.875142932963644,7.285316952328847,2.467328274376921,1,train
6.236215292735003,5.654781989790577,8.617874992190275,1,train
4.970564956998037,7.01445385973492,4.1571350305418,1,train
10.845195892942517,5.6738860160865645,3.3802172352644018,1,train
2.441346276372742,4.252879480434878,2.547054553923333,0,train
3.7669843278530255,7.215410382680351,4.634824194062738,1,train
7.278955181995375,2.1157596339772144,6.594471185064734,0,train
10.490504497519197,4.500400663917151,9.736275770650321,1,train
4.501441170328478,8.930734203752925,7.025610915873137,1,train
3.6861218860989156,8.54077976474715,2.4574008306942643,1,train
7.213785343823911,3.6722011568722825,2.035138884308121,1,train
3.846247012359317,2.279023877364295,5.493848461472021,0,train
2.603766808095177,3.5005567326501486,2.2461983540944113,0,train
5.936171628228929,2.1916378842074193,2.1513223215093236,1,train
8.808882854973216,6.577171686551279,2.406985898071057,0,train
4.294855523972386,3.4650951179488283,1.6419942942460697,0,train
3.443045062828018,9.110528235955528,8.301972204028159,1,train
8.154173680276708,5.923324558878761,8.566565393941149,1,train
8.398800086486727,7.216995136902835,6.202228414441306,0,train
8.929301754591563,5.5326405097585445,7.620300028017493,1,train
4.184952627487837,7.4656616748850135,3.623606208107833,1,train
6.875141588675708,3.3100497926662538,8.001537725487733,0,train
6.0429425993882955,8.62593361796974,7.720712621901354,1,train
9.020813716886522,5.319523020159814,3.799344132489357,1,train
7.658315639293915,2.3566489646401507,7.386157037401685,0,train
9.160820401115455,1.4581678847929025,6.883196059000185,0,train
-0.4664384115111109,8.769422409674819,9.145716702267348,0,train
0.27893272508599753,4.604530339215331,8.660878827547844,0,train
9.40355267845941,5.534997008982662,3.701248048678754,1,train
4.531329644830257,10.227442563678649,10.54914024679716,1,train
8.054220760481575,7.157347689138134,10.215895545842605,1,train
4.959619398477589,4.088103461129611,3.8147669819589707,0,train
5.702716065412637,1.0065354746095885,9.140506417515166,0,train
2.7106848518616857,7.8470335645485205,2.9339399600104064,0,train
8.916190509515756,7.818837983413202,7.860889764661007,0,train
0.9455551120833907,8.546970010872364,2.036159510483061,0,train
10.441309182412395,7.652921385087127,0.6730539991604849,1,train
0.367848304151827,5.913860224638771,9.866001977021893,0,train
8.458972261573091,7.186620520050655,1.0195083299082628,1,train
1.1423967675289641,9.068370322873598,2.122757904117711,0,train
6.985534086338953,5.917234488091966,7.804064261158299,1,train
5.0925585649143175,7.507287056284513,6.128070990341213,1,train
6.808359947976922,5.03115560102726,1.7987217871259087,1,train
8.876269757825085,1.9418361093011596,3.5120692772082505,1,train
1.7365239309928562,2.365020451283279,7.588650885774674,0,train
5.280151607160171,4.393794259080043,1.2075869750788848,0,train
0.9478870421760807,5.43907571467187,2.204458109366818,0,train
7.505199390316583,1.327458652389005,7.333235456533459,0,train
4.8458745513665935,8.944231088916892,3.669847954914492,1,train
8.298861209107656,9.383071344113194,3.115756602617398,1,train
3.911342211088244,6.395227308078336,2.693777158932387,1,train
1.4395587173326858,4.566076017560627,2.8873474075872845,0,train
2.4703043280077,3.184620805537927,9.195098666912308,0,train
3.9475847450898245,5.700103999083369,-0.21174147391717857,0,train
2.319189533061822,2.512822895510702,5.2180293701641265,0,train
0.12059689499221915,1.6063042392936135,3.6871417112319156,0,train
3.7331284500902733,3.9685220419604876,7.645419761279624,0,train
6.115308537528389,7.833847476381171,2.4332248707653514,1,train
2.0214278516974358,7.679666131751116,2.230142362175651,0,train
6.982343677187544,7.193787874923832,3.9821991659131135,1,train
5.576443099045143,3.706997327443521,1.1613535064783136,0,train
3.8926396124874616,5.158061921682001,8.386499325682442,1,train
4.12869209427898,1.823524735106637,1.8378542376254985,0,train
3.8587248382824595,4.322764259813831,6.300469134118133,0,train
4.34319185885124,6.911940576138169,7.546244486096331,1,train
1.7311035198252887,3.6492344316613057,6.2983202691008735,0,train
8.564496438221004,7.863725799027799,3.1845098583335214,1,train
6.66928241083167,8.55682980649765,3.657408046878621,1,train
8.685967217232452,3.8599026221206665,7.488822976534009,1,train
5.65125749887287,2.592982585709821,7.950566020978752,0,train
2.7140290198359267,5.527255495973414,2.6507202448987863,0,train
7.68617945840199,7.967607704749547,7.69694467193844,1,train
4.653100207730808,2.2862418524084154,9.155194956496612,0,train
2.8622445696406604,5.941112510380123,6.0318638065365136,0,train
8.1311447485232,8.342729882918823,8.49578032816203,1,train
8.09390621607148,7.202996492301601,5.083420458125991,0,train
2.092031526671086,8.01516756231236,3.644900568166368,0,train
5.027814788914425,3.9889986293324826,3.228840960846384,0,train
6.757904776561567,2.8721542877056816,1.221345362286235,0,train
7.1380611848687785,7.434796559185178,10.318420457436066,1,train
9.267109996541429,3.3179223420107764,6.1738358644694795,1,train
3.926066226368028,4.673609151202765,1.472725909014733,1,train
2.494689831878319,3.8086524556712096,6.7885627954485335,0,train
10.139243717856854,3.161810801823673,6.380792597120469,0,train
6.7139695938000745,7.491165120591431,10.041423839938679,1,train
1.7715274149664184,7.824486462390491,7.2991035041185075,0,train
5.480036208640848,2.6858138706159447,9.865203995306953,0,train
1.2135505450940633,6.2861596437382605,7.424329012924585,0,train
5.801090090555398,5.494281682353827,2.326025862297067,1,train
8.190307692553056,3.6090125235965114,4.57668549391053,0,train
4.32990543371107,8.962406346251157,6.097186886906192,1,train
9.159295391339862,7.1553643705256755,7.625940775501373,0,train
4.1384535309591985,6.0378800775742585,1.3894648898476998,0,train
10.12210606230643,4.44632925408027,1.700071429539808,1,train
10.652499808223363,4.027810097586665,6.36000445994175,1,train
0.18630467972351772,5.27640866955133,6.337204487423632,0,train
5.536397482032751,0.9314979279560193,5.600940936429921,0,train
1.978776449599276,4.476317161385175,7.29760339642676,0,train
8.927960961403091,6.838388901697129,4.424776228513198,1,train
3.5569997753993983,5.600150419479364,5.077685533788589,1,train
7.512589443773463,8.749620648023921,10.990227989972613,1,train
0.856620171799714,9.997882437140351,5.01520079283036,0,train
9.350010138884036,3.6448816379864484,2.8272344301183816,1,train
10.671881971224533,3.210427550426363,7.746424430937086,1,train
5.6828091167617165,3.381496940469447,2.9276659494059243,0,train
5.527267380381406,4.335409985275773,8.186691335398368,1,train
8.514111229643074,2.01057835618542,9.436923004612181,1,train
4.126467746509453,6.574887649476549,6.702430073002741,1,train
2.202684801989011,2.4388739794019627,6.932546292539602,0,train
5.664050764749421,1.2809820196840098,9.632045594802987,1,train
10.084818263701832,3.011619449098062,3.0947575137905514,0,train
4.130367525383085,4.878744762622876,2.9302473850353365,0,train
2.8656536518230826,2.94348338062024,7.302882147798641,0,train
8.411344440555219,4.168735359922296,9.666615877119417,1,train
9.056449975616736,7.311425908562187,7.783994813569416,1,train
7.194674247882282,3.3784559980440187,7.243776247663307,1,train
8.046832539511804,9.449981581186833,9.129303161259152,1,train
8.734068466816272,0.31998686320894976,7.331970918687803,0,train
4.122622574906267,1.1549621818109697,0.7364416242689704,0,train
2.339225619386471,5.288990284790442,6.775899203141485,0,train
3.3728756522844456,3.750874242849231,3.325788309883071,0,train
9.198509193745673,2.7342065083454603,10.292368341856314,1,train
4.932992236984986,1.713401766023586,2.7777816475113926,0,train
2.417785083448483,2.2982947568995273,2.7842286157465246,0,train
5.624025461672046,4.168865415095587,8.979599303378885,1,train
8.742052598617333,8.418424808806277,6.4621925604664625,1,train
9.911365796315913,7.312369833408973,3.3434027347204083,1,train
0.6945536731474866,3.1662914012233796,2.9419155191911104,0,train
9.86761198104439,2.759630093472587,6.7176849501003115,1,train
5.939618279944289,8.42074973627087,7.635787684002799,1,train
9.089484860727271,8.001540809769548,6.8226357047593105,1,train
7.401008876933114,1.4553066072875063,1.29150511683902,1,train
4.076546066021284,0.3469878724266716,8.790942232311057,0,train
8.291850099667334,5.8627340358620685,3.7189355577112613,1,train
10.288096922408728,2.753519717434376,4.887233864005796,1,train
3.7360237749659566,8.614008441878736,4.944353667519599,1,train
9.060467980993504,2.832766592902768,8.894280035711887,0,train
7.790362982159867,4.841054537130593,3.4656348484145636,0,train
9.065649130522445,2.8526750416962026,7.205321784221289,1,train
8.825056161060063,3.098104680522648,7.354582659161072,1,train
9.77544122017662,3.8893445180085062,4.012860507550538,1,train
1.436637778220791,9.028243276780987,7.303466512257177,1,train
8.825598558849011,6.647107104620835,9.340211294738356,1,train
1.877592602864739,3.788445429536074,5.611802283310318,0,train
4.004887414787598,1.3383102711473205,4.434785953499012,0,train
6.940651889538319,2.0396647261019445,3.318131215530559,0,train
3.875317725283322,7.194088444108369,2.915671873567307,0,train
8.569794716984577,5.889874858092972,10.767598420239706,1,train
5.451633965997982,5.692535150490919,1.7186268554567263,0,train
2.8850039281824493,9.142245540571698,5.049419461252698,0,train
10.236922442872679,3.3869652020086596,2.1194984297571597,1,train
6.783716246805438,7.127783890697719,8.39486247830244,0,train
4.602113803998618,4.275387106770125,1.938675450203268,0,train
6.677963833385124,7.328736877615807,0.30864391405700875,1,train
8.175710567563543,8.32400770440023,3.466140387947265,1,train
8.154708051796334,2.0544631127793593,5.602733683604245,1,train
1.7067412798543424,5.258829529495678,1.9202397012922792,0,train
7.795610725623272,4.746090229257385,5.670348275608931,1,train
8.92322837114527,4.951605858932174,4.4739203734756785,1,train
5.931537568374924,1.6426939428977243,8.473510200758831,0,train
7.416799509810242,8.806521082371814,3.0102359531533676,1,train
7.753345029328314,0.11889414677504573,6.94582811154578,0,train
9.923408685066637,9.079286769092002,9.025389654510322,1,train
1.4842278641785547,4.195929245508583,9.461396381757446,0,train
9.480600124058519,1.4148343945844837,8.440689884232238,0,train
5.805120074746194,10.273750810791167,5.299344602496327,1,train
5.275084700894008,4.272825706835249,8.375314242222645,1,train
3.907716730768578,5.734692058364165,6.1831935976937995,0,train
5.728920639786094,5.62884229354832,7.319315170223395,1,train
4.17493463531975,5.229889426372814,0.5340225950830804,0,train
3.5505357369602635,4.008799732447125,9.879159056592279,0,train
8.738058791963201,2.132546647277374,6.278023617624647,0,train
6.748991998553592,1.9082667095509835,3.803328818319362,0,train
8.265916504344728,2.5622814670281704,5.563392860919243,0,train
8.392710237649538,9.269274042875072,2.9120564390222263,1,train
4.5602161321759205,9.738339426205608,6.069977044831532,1,train
6.668873157850686,1.3883540669115908,9.786480065006973,0,train
6.703988927540497,7.605143220960767,3.932625311752365,1,train
2.06282459315413,4.805323527370433,2.8459210068739003,0,train
9.866709555770656,6.902218529152532,3.07175239276967,1,train
7.238468722699384,0.7970271345167264,5.785436051394378,1,train
4.360810661485758,6.787331869877057,6.637162175410429,0,train
8.10308502463346,3.2658432315445456,5.571127262462102,0,train
1.830425785109899,4.481037309706062,9.780947149246423,0,train
3.8685805079846265,7.188990051293194,3.5844263928440245,1,train
8.933908811512918,3.6272242787187667,4.499747423779323,0,train
6.741807042120284,7.699038600044322,5.727301167300096,1,train
9.411679481050244,6.043095206240377,5.033927034170235,1,train
1.5694932648664381,3.1154997612610518,9.720960353455421,0,train
3.9642201929164576,0.6456790340105913,4.289675258454176,0,train
1.766130505607952,10.898577552485184,5.265013289282699,0,train
7.56085586441427,4.416120706727057,3.863672402009393,0,train
9.345411170150923,5.364533168255462,7.5623426322921645,1,train
7.001880204052964,7.888496719104479,8.933207673720506,0,train
3.385936479094682,7.5325050959232795,6.681166309394143,1,train
6.8902723788912255,4.372239888192649,1.5851886217813187,1,train
9.12013020718799,8.450878173458625,2.8520284926916424,1,train
4.887978965239169,7.652774158837779,5.177830962393492,1,train
0.5770035091058063,5.104135312595377,8.575710782411857,0,train
4.265019613369192,6.701513611365196,7.216094266563038,0,train
2.541292308442982,1.9558982834759753,6.185703715962695,1,train
5.241318199114818,10.002120144622541,5.431885885279621,1,train
5.532156409711623,4.9050180680106665,10.243049410597205,0,train
3.14714313025552,3.83593915949717,8.623445472640835,0,train
8.073686288260667,0.6495134026849572,8.344337484272302,0,train
4.285015133178602,6.654926930112679,1.0366863307756733,1,train
5.23870221295273,1.4743905174796512,3.153564215818072,0,train
9.896338109856178,2.7123525679177614,4.527973537413416,1,train
4.47980806923643,4.99188076346779,1.1670151859631823,0,train
3.465626840895811,6.882574017957321,4.915951854196683,0,train
9.047252624137048,4.574400784696346,3.1218743135566025,1,train
1.897929912539089,2.0574128676413412,5.245803103467647,0,train
7.882872552649028,6.472189346094061,8.606245324072693,1,train
1.043720447625549,9.966802050394751,5.701256713964024,1,train
5.337620141332177,2.5745381332325814,9.331780673528048,0,train
4.954294413457542,8.562243702381068,3.8093261240088023,1,train
1.229757975835173,5.90413333779077,0.9449454579697996,0,train
7.698024125146305,5.276963488422598,4.844021347139443,0,train
4.678536953125906,4.432675769567281,6.46068792608324,0,train
9.271102633059279,5.189269433608894,2.4411311923879015,0,train
7.233319241490487,7.92605655392868,10.114390143727448,1,train
8.244449862739241,8.446343251254575,9.709651251859238,0,train
2.490188402350544,9.07701121788886,2.4985157691866036,1,train
7.576086238895293,4.830534628310263,5.368122325868345,1,train
0.6318750601680451,5.421259986369592,4.841560374697024,0,train
10.045557051249473,5.554884395632209,2.5544837238965568,1,train
3.6221761064780056,7.967741605812748,3.8312524181939205,1,train
3.4511868354542763,7.2708007352964295,2.1985070099315758,0,train
4.260940561761445,8.77376615718281,4.1070127307949615,0,train
2.6733065699974237,5.35800973001316,8.740229956681997,0,train
9.279947926999254,7.82127539166511,4.070647941062023,1,train
7.523345971718974,7.502607484862477,7.86110712715288,1,train
7.3460635752702785,3.796037904185026,3.677658605150217,0,train
7.070090544465539,6.430155161795431,0.31412942699850244,1,train
6.629217113911723,1.1900548928808932,8.501899716060882,0,train
2.8091414869712548,2.5004417283134406,6.899485210213916,0,train
7.900994669406603,3.562533466905239,9.156315084728783,1,train
5.185276277911412,3.0266522292840468,9.26961564523772,0,train
1.7724216717055532,3.7951983799826166,4.481506095217396,0,train
7.8359417513875735,1.469474965422188,3.2404409357392283,0,train
8.889810513825891,9.948511034046303,2.84710105568318,0,train
7.361139951980972,3.727218681596079,12.442558721608068,1,train
2.941396208759115,9.135673016591163,9.045574739157344,1,train
8.930158510041801,7.7518049201385395,3.139028808312058,1,train
9.48361049613376,4.623766538563275,2.017622919799,1,train
7.99421712943499,2.3313285224350215,6.338615990467509,0,train
7.953504832606508,0.8516262434236468,1.2277696226523858,1,train
6.974852389920742,7.542601519321685,7.0539905806804075,1,train
9.014211973647344,4.528119236467173,7.73878380880566,1,train
3.2699850019009284,4.926982876338563,1.801797185516672,0,train
1.392017720437873,9.668711999661769,2.699002688060488,1,train
2.521560005953237,5.939106858184744,3.726296282121026,0,train
2.1453247041635968,7.196910025094394,3.506507319887331,0,train
4.320620998004944,4.946396688020147,8.676963828892093,1,train
4.864057203898731,4.3601269131956055,9.907575529081594,1,train
1.3790660916749793,6.807139849418688,8.28702830988472,0,train
4.51192838683782,4.580358475394297,9.459342499989004,1,train
6.2079114355180165,0.41719757085538745,8.505494186685212,0,train
6.502328210763771,5.317662271558927,2.1202598559167356,1,train
-0.7438648331352526,3.2173825402058585,8.504013322168873,1,train
6.47941303290034,9.377989732095035,2.0887902279619994,0,train
6.865355199414304,3.6557711555794543,4.159858030045929,0,train
1.5189901966812793,8.124544188304554,6.394565474547513,0,train
0.4700191830630336,7.195829330941731,2.203529188367869,0,train
9.757833914398866,0.7044941472783384,7.2312775102528555,0,train
8.510291605118217,4.900391419983176,2.472386634219188,1,train
2.847815158259782,7.4278941843016115,8.538449622658645,1,train
2.9714585294873537,6.69974865154462,4.570297965545519,0,train
6.800293081793391,7.969057351731822,2.7968931697532633,0,train
7.259456520591052,9.007845831221571,6.411030025914802,1,train
3.033860281641374,4.873506212493143,9.047878637041437,0,train
7.529421012873339,7.098376055268478,8.546387493677754,1,train
9.851447513172708,10.179434937123279,4.412567117589509,1,train
2.138513695951329,-0.4047073555982401,9.240117569233902,0,train
7.881441541697242,9.198587601949376,4.375856041608383,1,train
6.691794916848658,7.779707542523149,2.498629841422429,1,train
8.23144445527835,6.120732299699714,3.046940614070466,1,train
1.566977205961981,9.578349375201832,2.036720125411243,0,train
6.6297455096448,6.101663948778269,7.723600566267226,1,train
4.505482184699211,4.060995265186049,8.504749259965486,0,train
4.021805945866412,3.6132809963779406,7.255508146283592,0,train
3.831532497629114,6.704834754784641,3.191477924470409,0,train
0.786551556963649,8.23110983144538,5.718927101998651,0,train
8.003809636878609,9.0265566053008,3.2759510208089813,1,train
1.470118942599072,3.1080431712715777,4.717317702222124,1,train
5.033817056886942,2.691352101316612,7.3076473591404705,0,train
2.308990585634072,10.188038576413302,4.808501814883744,0,train
3.035321520373385,6.660301683315562,4.4453163758225855,0,train
1.5162899328607895,4.23882758941563,5.238935040977633,0,train
1.0462175346773264,8.342974938619879,9.515804231875377,1,train
1.1223556758863995,10.424299212830432,1.7439000557215105,1,train
1.7876979787333243,3.092356478583118,2.265716367071189,0,train
10.337303217323417,7.288526851478348,3.4614982629944255,1,train
1.6297937085993097,8.488756806347396,2.5933712786205207,1,train
5.640518960990942,5.785567045097053,7.734510238617884,1,train
8.349886179834336,10.631422305723019,2.5423861858304897,1,train
0.27894924321132886,3.2748906573771768,5.54798827098079,0,train
5.612163734589571,9.216899330655178,4.832692780003895,0,train
1.7575086536826103,4.875807279086953,9.652658716621062,0,train
5.776438056245851,8.889758133309178,4.720286994341163,1,train
3.0011527187605966,2.248931679980167,5.968943083680788,0,train
2.8342395133670975,6.661715989949464,4.514656931516095,1,train
5.855605092400701,9.304894212432218,6.905608022966562,1,train
10.404107926729129,6.8374625378083564,6.967952206753996,1,train
9.952593767170821,2.960254573605721,3.7947193888700315,0,train
8.417849943418398,8.56094343057825,3.882692377269762,1,train
2.141878472910456,2.247392529580263,6.0738519372485245,0,train
8.129628225003142,8.89178264681049,2.05739904981997,1,train
1.9823773937709912,9.358011795213457,2.8658401575004753,0,train
0.9299239417740699,2.4271235657728996,3.5187025381006083,0,train
6.265946373375514,2.8173235214487216,2.489685667099331,0,train
8.083253270075547,0.998629708319497,3.769929311054609,0,train
3.6731019545639074,3.365708418090436,9.099149586438559,0,train
10.252786586566875,5.0152396885892765,6.937695280551,1,train
2.957857790106341,6.3936864427128075,3.9550953930124666,0,train
6.063330367041471,4.382375921837931,3.6588609502094305,0,train
9.767521604810165,11.253814978060245,5.340937696272362,0,train
1.7512158035488123,8.358543500778259,7.844858281618703,0,train
6.831331464372938,6.264504325439784,5.087754985494419,1,train
2.2756260814992455,6.228694649478101,9.970188833478172,1,train
9.10622365812779,2.9110609351360006,6.733130119621921,0,train
8.00700164069987,9.128291224497389,6.262706308453912,1,train
6.600713205034993,4.827413891414799,4.743634243572984,0,train
8.073780828703514,3.170023036243025,10.8449357764445,1,train
9.58494003819929,3.4337492143244956,8.45438741946654,1,train
8.313289723127843,7.785992974633907,6.789288276410762,1,train
1.6324859859976804,1.626997302284956,2.177474406596957,0,train
2.0774617498270946,4.966156400723459,4.1984709717778035,0,train
1.3395993969426363,1.5371518397907964,3.337739852480056,0,train
4.763667764135835,10.030802007807036,7.362602245841935,1,train
3.010155927473591,9.139543391072689,4.432719586627182,0,train
6.018253211999335,4.396836128976044,5.591926490346853,0,train
1.071621513004872,6.182851172726548,6.936891333730831,0,train
6.653297357491245,6.179568942539813,7.300599691153488,1,train
3.2702565218592445,6.506376032632334,6.434300800961169,1,train
8.316266679179988,7.134544344145871,0.8027600623720845,1,train
1.4840579754836192,4.883205790469253,8.860150461582691,0,train
4.43511132983947,7.031111300962363,1.9419202009981744,1,train
7.729694198477546,6.954640280945949,6.906548543401903,1,train
7.745360269023235,3.786890101180809,2.044059290975462,0,train
7.296371889287554,2.829110069409467,1.4324339778102906,0,train
6.515188490526141,7.33918611771131,6.32693697260131,1,train
4.648367380642568,6.067855108766306,2.9630909163887327,0,train
1.8524263314037601,3.9453509287036606,8.458799943832279,0,train
0.3857331963651094,7.467409563431331,9.06109166991951,0,train
3.0805315750099878,3.0892728035622423,2.147321367781675,0,train
8.873354640877258,2.219158925796882,3.541902401070516,0,train
9.49138273567657,1.6983737882301866,9.109572433491318,0,train
2.956425289560937,1.4475750466076922,10.147568691422412,0,train
5.00549775397665,10.554591730416732,2.960319246335877,1,train
6.842930962196275,4.7115567475362425,6.390421035338644,1,train
1.5600954590883735,4.320569920566672,9.463851609255594,0,train
8.44069834756529,1.7434511046121772,4.530966226374981,0,train
2.2972685189662405,9.016419465212314,5.198861603410188,0,train
4.192482523104741,1.7636087292956861,2.631449356059948,0,train
0.40357073344318595,4.666357320067927,6.2452608256877475,0,train
2.1864498985423664,1.4815359978351834,1.5451633832707152,0,train
3.121598170426135,2.1059588109849527,3.152806155321011,0,train
4.368397407888823,4.295544430177571,6.236543014208603,1,train
9.188727613925558,2.621428271868646,5.286635259286778,1,train
5.969254208068536,5.379685080220491,7.294817082547355,1,train
8.9777000173382,4.268032574403131,7.549073809739191,1,train
2.1010427571191785,6.349812542026136,8.48752943023179,0,train
7.4323173244034315,8.351720464026723,7.564122341949819,1,train
10.320358291874525,6.03476677750318,4.3754135982087465,1,train
2.551097390113054,6.771153181016059,7.901269753246712,0,train
4.027118086408289,3.9234728679052377,3.441423415579984,0,train
3.1781088773074027,6.201650015662468,1.555900327347313,0,train
6.834631734599147,8.647905701791686,3.2883795375969154,1,train
1.683143111905062,8.249918130232887,7.16168083230398,1,train
2.755912549022315,5.109837269241493,8.016814968129504,0,train
6.178945762687223,7.604921853222918,3.898644773721286,1,train
0.17387071692530898,2.4397684699503785,7.736918085345921,0,train
7.504693720967769,3.1613126301663135,6.070051881277147,0,train
1.7560033713060506,7.450998972658412,11.32884919670641,0,train
4.853006740915958,2.082732660749192,3.1798862909958747,0,train
6.830133589544915,5.756990502205894,2.3573173443167073,0,train
5.392525828882975,7.216866845854729,2.6508624159093115,1,train
7.505520027218056,9.925092221319522,2.643647151361683,1,train
6.001534647793975,3.670835054186969,3.5459309080728003,0,train
2.888000307766178,4.231803851400212,8.073741699578903,0,train
5.5381648028754755,5.412735605600638,2.947215631335314,0,train
6.876587342729173,1.5463781907588525,2.723116762449996,0,train
7.462252275571913,6.052110705160009,4.01247627345467,1,train
2.0420805437120473,7.745569016898843,1.2074621571701396,0,train
3.7477868254757065,3.2571216659387483,4.903796128480841,0,train
1.9680211499506526,7.019047390390986,8.383126925552226,0,train
2.253336851558766,3.9863085254409922,4.706844567716887,0,train
1.2472052563255325,0.9565150115646777,2.4365729393959774,0,train
6.13513639241731,2.685386177387382,2.495334240613512,0,train
1.5752955275041403,6.334825895258139,2.84619828592445,0,train
4.927164040129389,3.826894215155462,4.780568138981293,0,train
1.5441573894665654,5.276495323657381,4.231535764862025,1,train
7.346151523432653,2.3781291128275432,1.8593413820361406,0,train
6.104734000684232,8.982751429775535,8.681800555615741,1,train
7.425680974591851,7.509607396222635,7.837362595382909,0,train
6.934092838436499,3.100416798544366,2.1320201609508596,0,train
7.5588233379658725,4.343953205806665,8.187606762235932,1,train
6.368131452793294,6.685679082480709,3.5281465303054795,1,train
9.455196461442704,5.7399999129459225,3.9460351234449007,1,train
7.410414124073125,1.9839429825104649,8.029448385357043,0,train
8.104215958902452,1.415968689839058,3.3551537391950683,0,train
3.125903023244215,1.6552556747555696,1.7876102449389828,0,train
10.879879734805538,7.506146014197495,2.23088820866331,1,train
1.1024829573802521,3.346531966641566,0.9671486809895447,0,train
8.22510167474047,2.942692862843601,3.3253546148947946,0,train
3.572798851892605,3.329595487418028,10.308440538989647,0,train
1.51328977323546,3.7409673372415306,3.478520740382188,0,train
2.0273320297623973,8.3135559108269,5.3955910704714585,0,train
10.198280096202204,6.627427474421323,8.022093195979965,1,train
3.266783063979535,2.4838547044573005,10.197527110717271,0,train
6.796010610043178,3.3368437279322496,9.000351443491072,1,train
8.944686768641086,7.34491359972675,3.306682681172491,1,train
7.474285286326434,2.928634419318162,1.5046599880749663,0,train
5.7717268124104395,7.269107238155379,4.639919042007951,1,train
9.853548296024051,6.627014284126419,9.569421065384137,1,train
5.418404575384322,7.292267349542986,3.0230914635701893,1,train
2.4020802630369475,2.036355997186324,1.2301289066360235,0,train
8.29093272503597,7.282936222183992,9.028422531402903,1,train
1.0336796242429644,2.8727149610536573,5.051490895403861,0,train
6.482837054854505,4.370133680869422,8.086693108464251,1,train
8.556135183197394,7.357127435976546,2.309188476850357,1,train
4.891215205645194,1.4796009011185687,4.2532264405666815,0,train
8.054517857999173,7.331902175082575,5.378952181447606,1,train
4.365168311848411,4.0020583478842555,7.608032372524442,0,train
2.464692398527727,5.694230438030832,6.032587316240874,1,train
2.5843255836280763,3.4340612116926743,4.347973179419262,0,train
3.4874830172977864,4.122073185069462,3.410930998696078,0,train
7.709490419074056,1.6260559193809836,8.342039299621003,0,train
7.4846989240443005,1.276187477970054,1.5480112496226859,0,train
7.074666453517679,10.678240741602163,8.939453924884756,1,train
2.5709192297749732,4.821912707105968,1.5205693526101478,0,train
1.603264513686336,3.64074233881957,2.380999547553727,0,train
7.866616758303443,10.012736324694488,3.9011420645932327,1,train
5.871377392467448,9.697238958151862,3.8756524842449065,1,train
-0.6345368861955667,8.27195516999063,5.966852418392806,1,train
9.074031256974033,6.309094681605367,4.78560616817463,1,train
9.295801146439832,3.3300778300828435,9.91494505586088,1,train
3.7699617042666103,1.6934903068235698,7.167952401717093,0,train
1.0569149885052913,2.0095027104680456,8.864124622003219,0,train
8.942373609104488,3.0517215823442374,2.7683874511986843,1,train
4.771670691277144,4.917458678014942,5.613724779018263,0,train
4.987234543056948,6.598409771233248,6.179211783993956,1,train
8.050671029612737,7.1021384504577725,1.850196522863166,1,train
0.16843268224509567,1.0637264509304831,6.040555466686274,0,train
6.937996937816046,7.682641666340345,3.075036517509555,1,train
0.9263035972396454,5.414667732140724,4.66731920098541,0,train
6.788097697747507,1.6623512628928176,7.934882647516046,0,train
4.614217736713577,6.353826352103852,5.296286657376053,0,train
7.461911611166845,7.787324418336116,3.226538513378559,1,train
3.0720862656508574,8.274086970060404,2.82146816991445,1,train
5.382783353433108,10.003974697106687,6.329942825048543,1,train
9.48792903246759,7.733881548963955,7.810961671054216,1,train
8.283949991960078,3.5638365486621284,1.8078952894803744,1,train
10.14797464712974,5.252708427604021,8.670325014659158,0,train
3.759375326899179,6.4262544425072,7.4280837192287645,0,train
1.2287996212704113,4.510530114681395,2.9074462891290676,0,train
6.438725944203227,3.0468407277691014,2.909469515310167,1,train
5.984783810503653,6.9161834327709295,3.3452103897346586,1,train
3.9046569546921366,4.448895261150596,9.031663437441756,0,train
6.908016592351913,4.679096215366079,7.248881446756968,1,train
3.0791024497671176,3.7153798203005723,8.211913782497403,0,train
1.8028816306324589,5.67115143230271,4.277868525304731,0,train
4.07533199186847,7.468662347200597,3.912798166387971,1,train
6.290901962974895,4.007395580406909,7.070866428380212,1,train
5.155333468126184,8.114150782312732,9.744693224729144,1,train
2.8773495198718075,0.3338137053176222,3.2755544645708787,0,train
7.255505029152008,7.5314361929339295,4.127112267645382,1,train
6.370043065306418,0.6966814633484045,8.074197527935246,0,train
3.0690821253794915,7.434567272862727,9.092242730212064,0,train
5.150064860425901,1.5838313664311467,5.8739377525180885,0,train
1.2664794189974868,3.762169628100403,4.423769885685111,0,train
4.9666405654060855,6.32790742726872,3.242698947108161,1,train
2.7291969759140478,7.3353243351182025,9.476672545986817,0,train
1.2544296634153254,0.9145901981211987,0.2342502955778144,0,train
8.226198999894958,3.5491650106726533,2.636884472903813,0,train
3.596538428237903,5.27499873871062,8.144906186924214,0,train
0.41058974228098943,2.6788041974171435,9.508788095738632,0,train
10.471331108251524,2.2185430034889526,4.001554073205041,0,train
1.9370179042779236,5.286042828196108,8.578221648722828,0,train
5.6328601662445426,3.6473384151162986,3.111075671449071,0,train
1.184180966662539,5.202685871317965,2.1743484828498794,0,train
7.2266028793031225,2.8553342035079234,5.486004663325139,0,train
2.3304864222856008,7.57126088941995,4.623232848946953,0,train
3.2086494803014185,2.20073003434352,1.153944184988323,0,train
5.388198906706165,5.385710677084102,4.988167121893622,1,train
7.7242084450597535,3.002367428924171,5.407700641506426,0,train
10.552975349313702,5.608857829552368,8.894445248776377,1,train
1.9639386346858394,7.808305125969871,7.058611121995431,0,train
5.692997893869848,3.166399845746427,7.489991084809606,0,train
2.0594390895185213,8.375154958716054,10.223711819820247,1,train
6.9008103390668944,4.006209855545218,9.841979409598085,1,train
5.691836642180526,6.303160994878264,4.948832139373955,1,train
3.257681407201382,0.9743592104076098,5.116438747655369,0,train
0.9407380281680866,8.017642981271834,8.01752764288889,0,train
5.668232752299125,5.738181164505123,5.138341476959327,1,train
8.093785109607088,6.129061593138264,7.67182254679889,1,train
6.491162680558691,8.372764539389657,10.129686122109838,1,train
4.324043696489321,5.382430122825506,3.669622103553563,0,train
8.108867201194924,3.8668977216897726,8.280335944400054,1,train
6.644949676002033,5.219441389481062,8.796806235911282,1,train
5.734612124267846,8.151828183771418,3.94338306571638,1,train
10.148498989288768,8.35878813676798,10.048738806820946,1,train
8.373599617061075,0.770397928845732,3.033196043996973,0,train
0.7749608273459665,1.1834513938390168,6.057226481130289,0,train
5.249806692694996,5.748396455218495,8.508140536429574,1,train
7.312879868239165,0.5567463315034373,4.169076071225744,0,train
8.154143185165735,6.188549470706903,1.0960337288958617,1,train
3.099600725142632,3.8499560430493274,6.411250584015703,0,train
8.293384393814707,6.4966861152545565,5.869041715827675,1,train
5.329443968349558,2.853393771265992,4.747860653503,0,train
4.5174655090869855,10.090404184701539,5.180896889269602,1,train
3.126048312193052,8.905595701299461,0.5557379877576347,0,train
3.6728229188836186,5.499889235614702,6.923228162558977,0,train
8.23571133672148,9.839761355520098,7.2380320640782605,1,train
6.3642877495001,3.534323638929971,3.3855857512915914,0,train
5.655757806377617,6.981715248362912,9.334700529760303,1,train
6.3009559574843355,5.748443953470722,2.431034212736029,0,train
7.32837561632638,9.046507906425962,3.6761681748270543,1,train
1.772011474458654,9.30063918612341,7.912469286442419,0,train
8.748180281589836,2.6824894840068425,2.901620213900274,0,train
8.085785185472801,7.266859646628727,8.857563077962144,1,train
8.484718154025916,9.625119150713838,3.148209727367997,0,train
7.40834930656599,2.899891991765496,2.329720570422934,0,train
1.4146443678157794,4.634484822418459,5.645132085822334,0,train
10.106122170968986,8.561488844706052,1.5566578331760201,0,train
9.35673361507366,4.418000338500577,3.9974806915450607,1,train
6.235748359106898,6.925523348974524,7.593426315250602,1,train
4.2469617265448845,8.320965068949235,8.537902593070747,1,train
6.522026511998517,9.575841808357866,0.13099970586817866,1,train
10.773006351859944,7.189609274441393,6.219513798173729,1,train
2.986629555426663,1.5033515006253007,6.0580223315371935,0,train
10.033999070682261,5.56033284377134,10.137178349492343,1,train
1.5262386493977893,9.063120854254413,1.3137340456152602,0,train
6.892533059714595,3.3458679837723935,4.903559736874337,0,train
5.379709417114841,4.428460005217902,4.7369739679891465,0,train
3.5867734316995548,5.859866148007889,4.6210578268229145,0,train
2.98690017544766,4.922651845683294,3.0674679180950317,0,train
5.711679251888542,4.579015526606596,6.342071510754829,1,train
1.3960765357645146,7.5679257892902765,6.50960080210468,0,train
6.428494557491927,5.402669177010399,9.566524893449342,1,train
5.030103491832929,3.03490250693212,6.028995127985657,0,train
2.562514090246055,1.2978837112544568,7.770344111813381,0,train
7.400950386858091,4.5974200579906,3.5768717975298348,0,train
3.6215561282520787,7.320141404585208,6.9119956472362,0,train
7.512096157185275,9.091190791207326,7.264990468453623,1,train
3.7817225319474135,5.966710352135711,1.0767107724016554,0,train
8.836844208038233,5.417638039227169,10.287251056185715,1,train
3.5086463308908606,5.277262044761893,6.741407894287471,1,train
5.782529610605398,5.01541816994698,7.2156996297839555,1,train
3.216933730995514,7.679003550610114,10.513807012741218,1,train
7.4962459043440965,4.764374491614169,3.454032713674345,1,train
5.479118647386212,4.473886470105704,5.4515179551648165,0,train
1.1610048266644204,1.3293518515655953,1.7954535067402384,1,train
2.045923260005735,4.384024463670458,4.328378446337694,0,train
3.9206494083755326,4.084182825844607,5.112824248151809,0,train
1.0147160925015175,-0.17733185869761892,4.854275405751269,1,train
2.747062773431133,2.88993388152799,3.4693620642624214,0,train
4.328254574588929,5.439364415117976,4.127676640333631,0,train
6.130062492569953,3.334744915798662,6.6080170264046165,0,train
8.862483597137196,7.344484696209986,3.6617465932851037,1,train
4.7977859804023915,4.302317911810617,6.823666906671552,0,train
5.227849559268872,6.915029823644859,7.8370772243609546,1,train
6.262080319696809,2.7853479119174853,0.04498633747087655,0,train
2.31288446373717,4.4697385478937495,2.5612122668608404,1,train
1.2993085627250216,9.71141426469837,6.954377244898671,1,train
4.278523275738146,3.7855703202088944,2.9477188069593465,1,train
7.653996369478112,8.880924549728565,3.184578167675003,1,train
5.711390333380847,7.274355170424062,4.567069836740609,1,train
5.461923910491523,3.0943253358836964,2.5819749270536265,1,train
6.811206391110193,6.665326790235792,4.681075031230403,0,train
3.7419709520759237,4.6066249706739235,4.155664013285979,0,train
5.263927762037212,5.837177970452226,1.802611585107889,1,train
7.631921309147521,2.6020451501207353,9.534181035143497,1,train
0.8737098977669326,4.524958323666746,1.4278438262640771,0,train
2.3104911101480803,5.039221226604759,8.600343713244706,0,train
9.722022388899745,8.79141530494434,1.8107805056618231,1,train
2.260474144011589,7.0120566554662105,8.48170903988025,1,train
8.381608611139308,5.297350569582454,3.3000884498943712,1,train
4.143116724337528,2.863632140371306,8.17014482794765,0,train
6.68111947298969,6.499515477515575,3.1758356726421004,1,train
4.735914827624373,3.814192272150638,7.200522577064921,0,train
3.3278420369286517,7.687765452262109,6.819411121515273,0,train
2.5138991650025364,4.329380485559628,8.47041991398751,0,train
4.878445129580131,9.998591518839772,6.140668189022433,1,train
2.1173925078709463,4.979402224662822,1.7371814648651314,0,train
7.945606573794099,4.569861791236503,6.291265207684983,1,train
5.727708683048412,6.9117594204473765,1.4139174743813512,1,train
9.553456077599519,7.089677870716039,8.297753554435932,1,train
10.525438224731687,6.555917448294698,10.427446953872384,1,train
9.753767980406673,8.932935517792666,5.7076984549420455,0,train
7.611971478978729,3.298376785599669,4.74614978456535,1,train
4.018721289977605,7.304343984635109,5.228403065579911,0,train
9.528419765532767,8.409612741147832,2.9504066679089074,1,train
3.9405823062244107,5.006860983959825,6.515786804218454,0,train
7.490347783114856,6.245258232733962,8.905432716141677,1,train
9.259068132792839,4.703637605009,4.58944680624908,0,train
6.992796470212489,6.091351555857593,6.779822424096835,1,train
4.415630631850936,3.300923056618219,8.04661053828374,0,train
6.727694258551347,1.7525814567160163,0.8206963045214221,0,train
7.388299670206771,9.50084279212012,5.7694805140223515,0,train
1.6772108288994627,10.077857136001978,6.1816783956992305,0,train
1.7821406397705077,2.378820369639432,9.622298475921056,0,train
8.950074084165909,3.6743756356367543,4.275368581619501,1,train
9.949457278199592,2.985012440179314,7.071635043593709,1,train
4.248661538812266,4.240791858520854,3.6289576762679205,0,train
3.253780023433262,3.104156031197428,4.567730729704247,0,train
4.322574143359562,9.5354681960625,6.876486832746958,1,train
2.8955578174535894,3.9882282742648996,5.543038227359995,1,train
3.4717555129205335,5.144343945259342,6.841704030740382,0,train
11.203931975526377,4.345074996756664,3.2511024764298853,1,train
8.524110738280704,3.0583009559738947,6.254118754338063,1,train
3.070947214803482,7.724432905183704,5.986950961282962,1,train
7.711083745821503,3.0677312334935163,8.518252386710524,1,train
4.249503516406051,2.317929554928499,7.724551415564154,0,train
7.349452461520737,7.709305531589822,4.740794441263389,1,train
2.95443160821707,2.435743024800059,0.7076545267220271,1,train
6.989522731263536,4.293696407484515,5.83825535503666,1,train
5.214061753533796,5.317249850408415,2.2028302630231353,0,train
10.724276495077943,9.222288939779776,2.009556536164642,1,train
9.474430791254282,8.020432448592848,2.604144910241242,1,train
1.3000803589061638,7.293284378947852,2.157695067515337,0,train
7.712602205706914,5.632729734370454,6.804998241229376,1,train
2.201950269190154,6.721067478223017,1.2485259118730698,0,train
3.3790562436301808,8.081859985825771,8.603493253309264,0,train
10.272024058269222,7.4866496374080675,5.988859917169388,0,train
3.728624293333543,7.203526236539273,6.302898047424524,1,train
4.225284081935408,1.029567240973666,4.464164973096715,0,train
8.774666849503623,9.218602634293445,6.458651155216576,0,train
4.693964661120456,5.469849830511292,9.255083968931052,1,train
9.212020436841518,9.945426893735988,8.409863987297221,1,train
6.56291273206575,2.5150320716821204,7.276671043268126,1,train
5.118816967578837,2.6956298142609327,5.120636314739193,0,train
4.483856077364325,7.234283492128826,6.845606537169741,1,train
4.316541442497962,3.7665116569003665,5.035323516424099,0,train
5.165926395080149,7.888932113928114,7.0783888613478245,1,train
6.354523760323845,7.806843740039052,4.335232777379552,1,train
9.199401807526336,4.500122823596116,4.985195972985725,1,train
1.744156801902076,4.057083558572779,8.004690723209292,0,train
3.26655420187849,6.951110963434228,2.576271205185395,0,train
6.926970903656465,8.169103564151884,4.825439342689362,1,train
5.321527513788794,8.585862326822568,5.445692342157615,1,train
3.855861675312235,8.81727418427215,6.675231463261766,0,train
2.819359489287582,9.23060790803838,6.3547890368816935,0,train
1.5255608170590262,7.7093532950011765,1.170436336272791,0,train
8.981635779370617,5.1052327730743,7.108827265122675,1,train
10.784736898555616,4.209292661000001,1.3143360786177243,1,train
1.4407286154700987,3.1899824744101593,6.74586334916724,0,train
8.20107251435531,8.404920902713082,1.1522685236926136,1,train
11.156280477127554,4.600262476961258,4.585137072138615,1,train
3.652964152654331,1.4580433195291116,8.530943701146613,0,train
3.1628682088473927,7.023978095001841,6.4509471963021054,1,train
1.447567239072183,0.6972812646427728,7.379300541338392,0,train
6.212227623404496,1.3738515181026085,3.0548940684358463,0,train
9.072747868959341,4.0369245346541485,9.584302596017551,0,train
8.06632412872074,1.1559002917729537,8.589365198115578,0,train
8.590966406930281,4.704997784214593,3.957101601497344,1,train
4.709017265366238,6.869254256937243,10.701207300345365,1,train
2.9507198625194135,6.509607831472003,10.234065710558273,0,train
1.1851005788736766,8.533950091108155,4.289065118018833,0,train
10.745621069531069,4.318807451211467,6.551871324102782,1,train
3.930225953997145,3.254029824639502,1.7065397752509683,1,train
2.615308661346428,7.029582734930767,4.4497085741160545,0,train
4.238231453135879,7.623337429818799,4.440332742708901,1,train
8.308895806148351,5.2024067701737575,0.9041415840384832,1,train
6.249039499898402,9.038866194410524,2.7460247688785353,1,train
6.427170208224446,3.185481473488169,2.2047108518344523,0,train
5.247307747789434,5.739219138855406,3.0590451567654604,0,train
6.373110827211737,7.949503132584464,10.080220892848649,1,train
4.295504051560355,0.9393830553741471,6.385573493621971,1,train
3.753389573870781,5.5102643110322855,4.597230718216456,0,train
10.975948873141071,2.8554179061053633,2.5750801532291856,0,train
6.0158513992738385,3.1506073894963373,2.4681613983670916,0,train
7.039299290777097,2.9153238252515346,9.357856862369491,0,train
3.1129449396646924,8.257162135182165,3.370042463162812,1,train
6.4093659170548785,3.823523447118812,2.6605358082056068,0,train
7.663603228076019,4.1352997069245685,5.387372973392353,0,train
4.393161512300713,8.799574933908994,4.0304720900076445,1,train
4.631305209538709,2.9104343757236864,2.185725099011461,0,train
1.4819372264328026,3.618656012257247,7.273785560602454,0,train
1.2922790678335518,0.8539634419718456,-0.24180839556482825,0,train
7.801335186108915,7.801476484592451,3.272293516851053,1,train
7.363823146162048,7.026666299498822,6.075160815369188,1,train
8.731824001388748,5.256162564909352,10.411417972988303,0,train
7.743677897366923,6.742599738639827,5.569786512178911,0,train
1.4686811199130507,8.209569579817513,4.872619983620212,0,train
3.975224469176151,3.352605303259416,3.2787839571765036,0,train
5.292869643140577,4.322819160611634,5.964630120466579,0,train
3.040789216396705,4.687066650628658,7.465483579423211,0,train
2.0442361887866864,9.287068578362486,6.277588188669763,0,train
6.61635615907004,6.302203541200805,8.805889678936557,1,train
6.743247086474659,5.633221730829263,9.289885134948198,1,train
3.8979696224638833,6.514818947208349,0.8359934808045635,0,train
6.251091271628565,1.4844927521734488,2.2372181808126093,0,train
8.547513319134556,3.4144095500365585,8.038799699844704,0,train
3.914888594784369,5.006271706579209,8.548211801116055,1,train
6.204742213756768,5.290180711425006,3.140516345918389,1,train
6.732300796412203,6.2545352269681596,8.3577931199937,1,train
2.3023060687396413,9.34390840549672,2.310876045656773,0,train
4.455234931849776,4.5296883545206015,6.073100656202011,0,train
8.675115625006802,6.8906413978996195,7.734843642865372,1,train
5.83035638292233,6.535375174785314,3.898486870113255,1,train
2.900078922289727,4.654390673141832,8.23983446505222,1,train
3.78770293216056,9.022625273344502,5.705287791260023,0,train
3.7097576676279544,8.183960283654045,6.461231824154812,1,train
9.259812522418937,2.8273761358684575,1.8314137907100336,0,train
4.74791340987372,1.9345442666728567,2.9581195608481807,0,train
8.085210927878794,9.409330753231814,7.690317495282589,1,train
8.66549227625704,8.739463564908217,6.676745403948756,1,train
10.952538004559358,3.841674280914946,8.337443352904689,1,train
5.550364317002649,6.0507247907296895,7.037156559515617,0,train
5.158963702969202,10.50273102357811,7.409682373242346,1,train
2.1793694623632107,0.1852506469996178,0.181658893602908,0,train
0.8026674183822119,8.997432943163313,7.238374403166276,0,train
8.335261213632121,5.662545258588285,5.457279361721049,1,train
1.6122427017969856,1.3786108687378291,4.287347198297485,0,train
6.970945259140457,5.972683437508663,5.988498627459677,1,train
7.34764831717451,6.633394653305341,7.763361834745159,0,train
7.002175704235594,2.1550095401457607,1.3689067219447402,0,train
5.793187459708119,4.098267100064431,2.8645281653413925,1,train
9.020331018353982,8.910519170931341,6.275922355269656,1,train
7.434381831782195,1.1357698514373356,2.2827904079948236,0,train
0.8369328943856951,7.722048206128644,6.160107989241804,0,train
2.628585872743453,2.3921334467379882,2.9922862229357943,0,train
5.895594026993589,3.805316777702001,5.643308557928663,0,train
6.1032921491048295,2.065223144477413,6.957976723991366,1,train
7.810130152027061,7.316988574440657,3.1919651455926146,1,train
5.075191069481653,7.0394914487994695,6.967356988600828,1,train
1.9199600654015605,3.168273344394887,8.480980450997778,0,train
8.803619663863996,4.129095526934919,6.525063050425282,1,train
8.521328245155843,7.248652300766792,0.1712049659489745,1,train
5.61134942595241,6.979586274707679,4.006927756458431,1,train
7.489373362435342,7.743741065206822,8.121667178094686,1,train
9.265030596409263,7.954719784868589,4.974439944134542,1,train
9.131748285543729,8.577392106492972,4.652078830518846,1,train
5.200949607180979,5.759485596293981,3.2140409054651555,1,train
1.3366255353621144,6.95887313599908,6.081912941845051,0,train
6.4366800176367125,10.171383350261378,8.303394345602284,1,train
5.277975805421348,5.612460498392973,3.5518466720014525,1,train
3.3583692801617677,3.293930430191506,5.983798955992883,0,train
10.149950579995153,9.71084962193683,0.6063834409754585,1,train
6.412536416965883,3.944276348928957,9.35870826855793,0,train
1.523368090986693,6.225283487355937,2.4188720195822704,0,train
10.546513977304864,10.732617316191671,6.929833080667847,1,train
1.1179574244243673,4.515211494475471,2.099130744680421,0,train
3.1808378870239276,7.799961307938428,4.187338689586056,0,train
6.510371175216385,4.033208507607828,11.225968458849884,1,train
4.150194644674946,4.685977722815294,7.294051753099216,0,train
1.3092631256069414,6.772661232840346,6.160062396010707,0,train
6.132121759320587,3.9784402729182875,7.3149760532785,1,train
10.894542612311222,0.3124442485608656,4.534408140046675,0,train
1.8307870648619,5.890314493386986,4.05233678745496,0,train
7.392626269124539,2.310150993958067,6.270762261296309,0,train
5.917779347912017,5.603577042532327,5.778741052950662,1,train
4.467374069845987,4.233212959028247,1.5942308631567361,0,train
9.099826299510354,6.02202103822016,6.979585202196041,1,train
4.437541704696029,1.5866729761900302,4.2204416258485775,1,train
2.7524028091110977,4.841264503844863,2.9857411095229494,0,train
2.3661559370126715,1.5686462663754903,6.05226086948547,0,train
2.2748378665917697,5.544724669786986,3.3252201143630415,0,train
6.020574371731082,1.0153722616236858,0.30239113865148126,0,train
4.341959310150204,8.503532361863327,8.411183285074268,1,train
6.721816660148226,2.8517144006047195,9.784152615665004,1,train
3.4502866855141177,3.288098509572755,3.6938553332017525,0,train
5.843811747175262,5.672277215790228,5.771790520436157,1,train
6.148441068517187,1.9539385122303483,6.32438465480429,1,train
3.708714233621839,8.006030688454306,1.6121392366978105,0,train
7.191420290748759,1.4582879987952637,8.674898401816192,0,train
2.778235633175801,7.217004564136033,4.2849665876805165,0,train
4.862178924467465,9.46563818171336,2.586589420821922,0,train
10.03831020884973,9.426613492384975,6.540681498328733,1,train
4.769513150642088,2.0901837215321555,8.934903169037247,0,train
6.612822312723051,5.00597673531851,9.428862982490894,1,train
2.9297872414529795,3.089463482469843,8.350912865642748,0,train
3.504808709136653,2.933293164727611,2.587378504140604,0,train
2.12960040644907,8.929577872072622,2.682382195000696,0,train
8.327649076686873,9.027388202875114,2.211024032597067,1,train
10.04837615795433,5.25110522651156,8.434142258029246,0,train
8.021396839520943,7.599492851861664,9.147666756733072,1,train
4.009028473152773,7.324196939659774,3.5802628288361005,1,train
3.465624680951649,6.105229772074878,8.331423697164913,0,train
9.706035766842941,6.11359899874709,4.388400498213446,1,train
3.2803524115486025,4.926080856204725,0.5517657141765401,0,train
6.736097946923091,0.758223175251364,2.1808110984874167,0,train
6.290735310163621,8.005259488307281,7.246620931455406,1,train
0.9962049348028486,9.31314466453814,9.498614102316896,1,train
5.056690484717664,10.151489361998719,7.703887734230307,1,train
3.3966420916086237,1.9290083873679131,1.5955071901413762,0,train
7.436778494413082,4.192628391655143,4.062560020850011,1,train
3.4066223049843107,8.560371253428318,2.221695109197027,0,train
1.5149542617884586,2.9424504063699275,2.153088083072621,0,train
0.8393602352111509,7.851168958852602,6.363124973059369,0,train
8.76138221152868,5.491248525002701,6.487692661630968,0,train
3.062183771020156,6.40133437719663,6.658112692033253,0,train
8.477847918874186,5.2169959757979285,7.121001977183941,1,train
3.1093251140477927,3.756969743565967,4.829711103744754,0,train
8.931719410127496,4.1162451084758525,10.402689433028451,1,train
3.7880668726593636,7.714113657149885,5.129560709726325,0,train
9.761617362894517,0.5413639378598577,2.487673140770515,0,train
4.567285553919739,3.1368720209023184,5.211198723604204,0,train
2.542059212666501,5.2950738641155475,2.3129176776279063,0,train
7.070834909666791,7.92327090785499,6.933631709270312,1,train
4.098873611914445,7.03528347638889,2.5219120836303164,0,train
8.01277622909399,1.9285350242810606,4.3227794307677865,0,train
7.024323480097199,3.0978940703709883,5.641610032606973,1,train
6.965388897135128,2.5369386034820005,3.9616888911896893,0,train
6.309202291503945,4.59755513233781,7.035694554151159,1,train
2.8354161758142014,7.077405365201479,2.6584235901852464,0,train
5.700154678914321,9.193633481032682,6.731737535375147,1,train
9.024954610113017,5.552049411900242,5.264756888657178,1,train
5.833471780003332,0.06868756930231901,6.1887100892980955,0,train
8.388543801076102,-0.3002079926724579,3.4154168225935058,0,train
6.173033452852279,7.043056770356518,9.350938503639776,1,train
8.792150643556582,9.052213927912817,6.4605664947666,0,train
6.537692334918679,6.472153369354047,5.054993136911718,1,train
9.810209323971446,7.917098955037577,5.638951607008848,1,train
10.575085071233323,4.562202714037749,1.9563370060301026,1,train
5.014680486013763,7.686073201037177,8.932871946293432,1,train
9.116131162176682,4.523354962488181,8.872529211028459,1,train
1.0656515954700119,6.816075948778113,6.420637365407396,0,train
9.01882966663299,4.25957358900027,10.130619235194217,1,train
6.599743091249852,5.817575820342808,8.908379288385474,1,train
6.488837451111113,0.5382582759038266,2.743720429052561,0,train
2.3810922999659145,6.062793813355335,3.402432038380189,0,train
10.22390099077031,5.355117293183094,5.457899130648016,1,train
3.72582208812491,8.363375779408967,2.15435060870858,0,train
9.081265881524892,3.021827733222832,4.344910068454969,0,train
3.0829697168435266,7.15340655671742,0.9661681857839136,0,train
3.614255614044493,1.7178076450454007,4.6427724415258025,0,train
8.541917501321578,1.6926581796096483,4.9239365764046745,0,train
6.402146995900243,10.232323484665704,2.7437586505289406,1,train
8.81153387339221,8.372240697511586,10.318608933707962,1,train
10.042422504336367,8.398177199669314,5.010780958481318,1,train
9.186785913896687,7.2594453017134635,2.014593330607157,1,train
1.934148409059451,5.916699969184698,8.578736294554824,0,train
9.559047022382291,3.465314470954761,0.7067879219018309,0,train
5.8793496225860125,6.828217816610393,2.291294067024901,1,train
4.201842039948964,9.423355157202117,5.929627288791834,0,train
6.187136071362481,9.417853601548684,2.9895386529710506,1,train
3.05841157699892,8.086692679089975,4.52299242180618,0,train
3.2760495081164107,5.699858493645266,4.153228049682075,0,train
3.8199478616604194,5.070393904161894,3.755750519574115,1,train
10.097943034433511,2.240963286715831,5.384168015900694,0,train
5.424552229795707,9.280027161605796,7.161439459896375,1,train
2.3602314850636796,3.838233953881404,2.727587323396109,0,train
6.529525806184402,7.171887550048893,2.787222193471389,1,train
3.344737072846945,1.6481606120021015,7.12423565162554,0,train
4.022124322029018,8.149166986572219,2.7964724586145775,1,train
1.4473398063708491,3.1386227724173037,9.360291735741212,0,train
5.891177386680628,9.245214035287702,0.9507721709500463,1,train
7.137123476917611,1.5638543512142342,6.545441749659833,1,train
0.5050677492009509,7.169494214493918,2.24264765333137,1,train
9.446798380773794,7.674033470880187,0.4027098838786527,1,train
2.320999900402434,6.997492069998039,8.654558369260942,0,train
9.625258208453467,5.609863449537937,10.745236278676591,1,train
4.991856230503302,8.012607965658287,2.9173978815914814,0,train
4.270826991803451,2.6296613648101372,5.075617332031354,0,train
5.672098268018819,3.4026049933629867,7.024793048065652,1,train
4.349824950360995,4.112417507481123,6.621946599937446,1,train
4.455948571476541,1.239434427964531,7.304033609232836,0,train
3.3086559838633054,4.8263610093175275,4.603017117133264,1,train
5.5971803468473444,4.372713755952203,4.920705037496042,0,train
9.472556463376609,5.094135742297019,3.9406690281723082,1,train
3.1412552201749366,4.941831734854204,5.064986873002418,0,train
3.9130537085960033,2.5258634244653417,7.980387904323759,1,train
7.963612406471511,9.053263009513381,0.441207735458909,1,train
8.810692815131937,9.483350091429617,5.28718621155051,1,train
2.9413700250530757,1.8369402471391312,5.94882596986323,0,train
1.4885492010927341,6.922132192251226,7.866293728965132,0,train
5.019143341293698,7.155497192885121,4.244838335414467,1,train
5.924693133816431,1.9383797436491128,2.173827636009768,0,train
5.489902373387875,9.423249237821626,7.021023897309397,0,train
4.260432015068835,2.418781572716103,2.5515376163213785,0,train
6.749807283727529,3.5793219847796687,4.720564706379494,1,train
3.9072531395299808,8.011237533690108,7.212381156383257,1,train
0.022776579383529505,9.761774926560115,8.42866162277797,0,train
9.078235002511715,6.053259027658166,4.473912305128524,1,train
1.9122165140155845,5.709185529570356,2.9952404610515337,0,train
7.9247750948587425,4.281324432200868,7.933679199373639,1,train
4.164463463076925,8.52665017520949,5.9110816260809615,1,train
3.9472679429837614,8.556396394003858,7.269270663417141,1,train
9.623306281906498,1.4183610962624784,1.6066461489016617,0,train
7.881577872957481,6.343459563459658,6.211579748618229,1,train
2.016039105065958,4.094298598884647,9.998415259264506,0,train
10.902890869045075,8.914528017039338,5.244997039577033,1,train
4.120224691181583,6.41978056499315,3.2039458644465064,1,train
-0.3023929707431412,3.0448027811766867,9.030079566479776,0,train
2.89832617092465,9.387078199338083,7.746308010044216,0,train
4.770678656463689,2.815621279987181,8.757078906175336,0,train
5.6039502603967515,4.318485956085888,8.645881122995547,1,train
5.6256163974700115,1.5301538081768222,9.095699406822394,1,train
3.140671252888557,4.073650182271845,7.659198388934176,0,train
2.150010646505411,7.506115073876387,6.599783819866264,0,train
5.477656264705911,1.786654731418714,9.820463838045427,0,train
2.1693425175976113,7.206220866232411,10.877356499683325,0,train
4.8226331833229885,0.5768278060730743,4.568459059433804,0,train
1.0560245719641772,7.621725988571103,1.6503876055421356,1,train
1.9795125291400875,3.5476151272463845,7.131023640132236,0,train
1.109026096091629,1.81102201574507,7.682305351994896,0,train
2.7504174632355753,0.3015073444634786,8.736159099073843,0,train
6.21314827792652,5.78563566654085,8.42710814311707,0,train
6.337020382133781,4.6815875687844075,2.117129986631971,0,train
2.121402818456116,6.505220579575171,7.134258855323235,0,train
6.385019449159008,5.040309487390079,2.7684597393232555,1,train
10.67188980188523,6.034683588482789,7.75026726725234,1,train
2.845982548117392,2.8718223614751945,2.0863340455882264,0,train
6.524385318812169,3.520616471856189,6.6342969001909395,1,train
8.994407391820122,1.7194575355006299,6.079766027288578,0,train
2.8967838026310395,8.640667927450268,7.56935946456633,1,train
4.293434949139785,6.975322361827155,7.458599689477865,1,train
5.5586957978640905,6.073924873273308,10.330771529983494,1,train
1.653632068800401,7.3245528194162555,6.401327030276175,0,train
3.6441697292792576,2.78096397525568,8.926594518738707,1,train
1.3649296904419674,9.453244111595467,2.728222758391794,0,train
5.93441477142733,3.081907572469251,2.2626722024324053,0,train
1.490711266423813,3.621105645911318,9.018319245977478,0,train
7.655867362715572,9.382511457144277,7.906828400840256,0,train
6.225971049530702,3.3751435915076655,6.436881044937503,1,train
7.375453509931156,7.446601862908459,8.572350779343314,1,train
4.431373971504785,6.472937935204721,2.039306271184941,1,train
5.5215093779231,2.321988447372462,2.451260483877521,1,train
2.3480896172982137,2.0807181328689626,6.746177734730658,0,train
6.103638862445825,4.067974453324998,3.314596289853763,1,train
7.4413053972859355,5.138861112385951,1.83209188771181,1,train
8.301462118998277,2.378240586097263,-0.0845233170201578,0,train
4.571789279301302,4.96632652800201,7.8336447115194385,1,train
1.4046428463786667,2.326111418243644,6.026012225161547,0,train
9.04958167059226,0.7494125856050685,8.556820563273948,0,train
6.598359402210164,4.173966191504748,9.328001910710984,0,train
3.3625288212791493,4.081189445821211,6.129549838183335,0,train
6.109394568184639,8.157286774799099,4.426138613393924,1,train
4.174485743742057,10.264387207395224,7.682684808104754,1,train
5.672236446978615,10.919155490129082,1.4928432101836049,1,train
4.207367249496104,2.0255362454303194,5.712304829888088,0,train
6.957638818764526,11.235935020107036,7.1635753045578605,0,train
5.193805576500123,7.244434652740236,7.418594555987291,1,train
9.730841690021714,2.171317345125093,9.716451639307959,0,train
3.0629794097942735,9.53226102961792,9.26980878188067,1,train
4.874837715661892,1.7184487780702289,1.9754986935407526,0,train
1.0803652455291934,3.876205147001898,2.052513748406052,0,train
8.663214470321655,2.4748699450516085,9.196592606148883,0,train
3.155891084577095,5.144397576415511,2.439827285470357,0,train
10.284476410526285,1.8774192290292628,11.401342057981655,1,train
2.4624630059675665,2.1951622828059145,8.635168259391065,0,train
1.2914305295054973,5.307682723515051,4.717023578084676,0,train
4.165369942851822,10.21237285091443,6.222286804163177,1,train
8.970421651969088,5.693662466043911,3.216497066857549,1,train
6.543569683380074,9.568304938005662,6.84374221715472,0,train
3.4148405964671635,3.577047823138012,9.897125964576086,0,train
8.444033159178034,2.153715675125696,1.2474042693460776,0,train
2.3419197718355607,4.823433118423154,4.847084583951686,0,train
9.557929136634883,5.500828607287001,8.386079764380792,1,train
9.612747598031863,6.362508930822257,8.23544526234522,0,train
0.12485165189673686,4.756599382220207,1.6405903873964458,1,train
1.0288753947602465,3.0530875748288397,9.515930278829247,1,train
6.634512916580138,3.85824408442918,4.2690038576168545,0,train
1.5522084649841341,5.957335901935376,5.639469387680992,0,train
10.22842429147144,6.062612980770686,5.317260415470978,1,train
2.395586269638342,9.180091538676479,8.416515566733345,1,train
10.036815083630707,4.767748358978818,8.473224106186189,1,train
8.998284427633479,2.8796973140569673,8.58247651962018,1,train
8.668147973090932,3.39698612158118,10.426878305741845,1,train
3.592358502566598,7.267844581198357,3.95278726157403,1,train
3.337034195203093,9.494727285602032,10.327294307950787,0,train
2.208768586521941,6.503388008854746,5.207581179018627,0,train
2.6349130057414327,6.74438497329636,5.346320560542438,1,train
3.337750273202892,5.659594151483053,9.493536504344162,1,train
9.540203801245903,10.205777943400843,4.662812602382971,1,train
1.4144467534059513,2.0017634047942043,8.68443853271699,0,train
10.611394916931681,6.740638242827132,6.201996762640224,1,train
10.377391415193353,2.2502381409797643,1.4193192505413936,0,train
3.3633452156980415,2.4647414476126914,7.493564629513996,0,train
0.46026305491407826,3.713290606762595,4.117416810147048,0,train
4.350581353728194,10.603230128550527,5.0354600842547255,1,train
7.314655720657073,6.092088755269501,3.447458875812631,0,train
2.3040666226965714,4.744243669752539,0.7602459362531864,0,train
7.184434623238211,1.9022289288643854,6.240977389878874,0,train
6.1908982977313185,8.437463436471607,8.727093455719398,1,train
1.1177620461729743,1.5222310485606123,3.6359807763061873,0,train
9.364443942928402,4.589032600209642,5.95501867678479,1,train
1.2890656405720893,1.782762105946186,2.397668727897411,0,train
9.721110711722773,2.614646235849999,5.408909729675062,1,train
6.633621622032218,2.5187259904892647,2.505103072083682,0,train
7.513116284607094,5.721592078533614,4.3659260740211865,1,train
7.524791944680969,5.00947841057668,2.0895568731140473,0,train
4.6671643979221775,6.250550141462789,4.285772412104598,1,train
3.1167638951525425,7.398749742046408,6.85922289856759,1,train
1.0327744377546861,4.700199085773903,5.356570477684097,0,train
5.527409885712127,1.6896674623641417,8.116343918373316,0,train
9.108714413420216,4.066346635713051,5.482631554527155,1,train
3.3090632345139706,4.731675691441874,3.1718396255410646,0,train
10.088465964097702,7.029737353509364,2.4526815151362973,0,train
7.279662341381554,4.89985273782036,8.203737712824449,1,train
8.296317927668824,1.4020798356817088,4.96838414373802,0,train
2.557802639162945,5.305504297239102,9.979801565918242,0,train
5.973269468477179,7.825482293538585,7.090246130545384,1,train
9.1733559866903,6.806840395874381,8.916507410098722,1,train
3.7815123399142654,11.421419842787204,1.9770229161067254,1,train
2.021984757372225,4.682045217382273,8.77474026342568,0,train
7.745930532980517,7.430960881222185,7.719589055374904,1,train
0.16436568195817003,9.587671089572652,2.5933909694502884,0,train
8.35907029589436,8.712323893298652,1.7641992746894517,1,train
6.523430480003376,5.4397361259837025,7.666633104913033,0,train
3.1515451157581946,4.59393025146993,7.622937793314095,0,train
7.038824939830663,4.29028009720567,5.664393259725845,0,train
7.854455214283669,1.6122871487459725,7.677711509879476,0,train
4.524930252774933,2.801206734735981,9.468133257435516,0,train
6.008250266985477,4.292542873896198,8.083407824650465,1,train
8.165946409365219,5.212090242375129,2.2242913256296513,1,train
2.757957010991137,9.167635145125454,5.807729486262839,1,train
1.5118756488109573,5.089526363094295,5.675316233677537,0,train
4.145912735067388,2.702248583616483,9.942225550280035,0,train
9.44443569114083,3.664472239162051,7.244597809599732,0,train
0.9806379707154674,4.572779198681092,5.499883575464405,0,train
3.861495310618392,8.225155695023231,7.398542066001628,1,train
6.83626211286721,3.6727490138924717,8.237001534569018,1,train
1.8659267217103999,4.607373604195402,4.024294967787525,1,train
7.143094998726439,1.5419491054213008,4.707986748419983,1,train
9.125265229356591,3.1691189925387873,4.473805948368472,0,train
8.115027035342264,5.320861849385009,6.664058151242086,1,train
5.926761324164274,8.667001162703503,9.42543780010103,1,train
5.500356402226537,2.846347636024964,10.99804428144063,1,train
4.829889380291498,8.70081685741319,7.029409919358021,1,train
4.918180321801528,3.194151272869068,6.9630541830885235,0,train
8.346014020900817,8.957136451227042,1.7409844358429503,0,train
5.822974246274042,9.137978349918392,2.7196197880774147,1,train
1.5204270033497338,10.84575442636092,5.5552275181187465,0,train
4.0670156837981555,3.7293667091554896,7.6163365232525315,1,train
7.67944025725398,5.22001065237758,3.7922707457034965,1,train
0.6502181649511936,7.362816771018391,5.611981032291442,0,train
6.044145768218846,1.6467508553200678,7.959728735111605,0,train
1.8873497007905207,5.970089815311913,4.3470986834382215,0,train
8.559574790612855,6.384074917973306,7.354536963350225,1,train
2.565458365864462,5.547881877686494,9.338577145281198,0,train
4.587426225803203,7.693688482276121,0.9477434910536526,1,train
7.722323902288192,3.4701383146382607,4.423162530596626,1,train
9.721251695622348,-0.044248410049675835,8.611488778562233,0,train
6.392025760233403,6.9563231129625756,4.205627988671333,1,train
10.2535982717483,4.165384678287624,7.793248301997436,1,train
3.7684069510201645,3.4476902664550986,4.9223773240724285,0,train
6.087913357824526,9.748555198298844,2.8352695538637747,1,train
8.429712518596437,6.848175312311512,2.9032851341167527,0,train
2.880841082627038,5.389597825581221,8.1540479076366,0,train
7.866845203639553,7.826192660430815,9.187674881742327,1,train
1.7552851848734945,8.531445409421178,4.1650553297327,0,train
4.36777642997853,5.407039018015934,6.240976561275935,1,train
5.603791762552486,7.523451783082451,1.1778603823884397,1,train
3.2788907825283724,9.01105811400204,6.260794061050255,1,train
4.628504685337425,5.47600510664919,4.470020789246874,0,train
6.524221900641066,7.43873115688242,2.6001528001684435,1,train
4.217829502114679,9.91785092395744,7.439214309913457,1,train
9.039626997431595,3.3446858900391976,8.326341087941895,1,train
5.574406849418487,6.645698349046383,10.085585642740437,1,train
1.6491172424686449,5.648161603267891,8.776924338780875,0,train
8.733843025361718,3.2671569438771795,5.082616376076531,1,train
9.009242877516149,5.580666920382927,0.9646083319908436,1,train
7.733199805012711,4.989063465989683,4.54799047187761,1,train
2.5177428147539813,4.806249149682719,5.999965691834765,0,train
4.836767768147736,3.4505564611846573,6.480442278041409,1,train
9.02017587988021,7.413100596652691,8.50175207641132,1,train
3.444932019059022,4.995952351169574,7.366272516287496,0,train
3.40087813809017,2.3662852136451726,1.7331011238677188,0,train
2.537370969102273,4.714546155098873,2.218027757208403,0,train
7.761529199921853,4.357443202432915,8.428989220960192,0,train
7.798269705496271,3.0300707907786477,3.01400399644721,0,train
4.709362744015238,9.868818488826646,7.43343588896443,1,train
4.529477825232872,3.871993390504872,0.177892508396013,0,train
6.438093370518678,2.859221160797067,8.237072983878466,0,train
4.771630855147305,7.336647374749522,8.747061915223457,1,train
5.3274602428566915,3.843497245328647,4.049125489299281,0,train
7.953888207438324,7.840496911940452,7.577803051227381,0,train
8.051975714007478,8.139144901782084,5.728855510604052,1,train
4.154420639461519,2.275736135360217,2.2236940847802193,0,train
7.752875757823659,2.904337410750662,9.824955445670714,0,train
5.9977564247315245,4.623256789130378,9.648806456829469,1,train
5.668081155649058,8.674058580577075,5.2253685391085645,1,train
9.437825242806229,3.0030484952224064,8.46986788672817,1,train
6.548255328089443,8.989559778913705,5.514308988510638,1,train
9.432298113754117,4.853607831766017,3.381597211165509,1,train
3.22168961385656,8.63329216442495,9.357851203552292,1,train
5.0038121410767475,8.297849633692257,8.040663530991695,1,train
6.118915978822831,5.378957121009417,8.490961330499905,1,train
7.102646747592418,3.4111837448144575,1.1144574852301503,1,train
4.260362244773715,6.962434466740171,9.070347672685209,1,train
0.553013567336988,4.299455212355702,4.492890708831383,0,train
3.129703298995175,5.45166824320408,1.7000729964844605,0,train
7.591331847405019,8.155967672151474,8.02039949184423,1,train
2.1428730359108523,5.005201352801996,7.274742265067362,1,train
3.7187175865078808,9.418586708275448,6.712456786566096,1,train
4.344154098979902,2.6742967414572503,1.8600275479928312,1,train
6.811617001893856,8.127453292153039,2.517462186001524,1,train
4.304972650818174,0.9907555384426159,7.696406108072484,0,train
8.6084865761442,8.24829378938251,6.96768246107731,1,train
8.281406689476905,4.715864316828583,2.4197988515835176,1,train
2.7715775889911725,4.4157292454451875,6.868748822520783,0,train
4.961026451473614,9.272723187921809,7.506762107773285,1,train
6.658552013816248,5.395104404486618,1.053728032557765,1,train
9.764191064198261,7.546711323994292,9.407392556853177,1,train
1.0646185531253156,7.929231312635969,9.30351040117084,0,train
6.349167489474813,4.9038284572122235,7.995700717185061,0,train
7.502038457694638,9.412720819688863,5.686974983995581,1,train
6.156624788176232,2.457641113260934,3.768958228216156,0,train
4.993457462435202,2.426355251478546,2.9492153399591534,1,train
3.2026788414077965,5.077523768795188,2.006819858565356,0,train
1.1689141831563352,4.770268175449309,0.9514836456441218,0,train
9.57555329832577,6.771070244176555,7.031746040831651,1,train
9.768502518729997,3.4383275429837896,5.796235225069785,1,train
5.250632054621303,8.751606424786768,5.191614943698058,1,train
9.573936543840786,7.860258089431667,7.013963190230094,0,train
3.0040468011581454,6.201403529932932,7.975380750932765,0,train
5.901997407716368,5.61227719385377,4.016371873032726,1,train
6.470088716962764,5.326248282068616,3.154089377503793,1,train
6.859079563563008,7.816477471965506,8.429142966352478,1,train
4.618931732005069,3.198928753306126,5.614830722951249,0,train
4.434902485727579,0.41399560960737136,1.9295797486089143,0,train
4.951449037411128,5.192484261518338,8.305668939787022,0,train
1.9069266180818278,7.581254304620618,8.042298969522633,0,train
5.855533730955161,7.81063372710111,6.857133207464204,0,train
9.659444673718218,9.177387103280719,3.0899168667388817,1,train
2.974725414727604,2.2536641792022483,2.8228699174012726,0,train
7.757190823576332,5.45740240753951,1.7782601335852508,1,train
2.421602750604773,4.476371926809156,4.551626751260838,1,train
6.78818112741369,6.814497550367073,4.242787360886662,1,train
5.084832592387667,5.464519416038588,6.1162408302623525,1,train
1.8676595426550402,2.7102784333449903,8.7622935211473,0,train
7.2558972487005144,1.5773330161382888,6.7866376013234255,0,train
2.132054286618917,2.7146873930530173,3.467239676285902,0,train
3.8217031851949623,1.4431840185081237,3.746912708719401,0,train
1.5642408229386708,6.521231164822064,5.104991150854209,0,train
7.852786167303499,3.663526464572609,5.649005530100227,1,train
2.1162050882924675,0.0007447681600523115,10.148950612888799,0,train
8.294317194120886,8.279593874668425,7.260930266344632,1,train
3.6907523395667643,1.2701961348877797,4.803996749540737,0,train
0.6134285040042528,2.4347847176017416,7.872361090115445,0,train
5.943189029538327,6.006692680084086,3.043822042767277,1,train
3.446202967651212,2.3855357960981087,8.129428139269734,0,train
6.432664483047641,1.1390042413830885,5.408395022491486,0,train
4.223568802100684,7.6615513762788465,6.7106800630217025,1,train
8.189938692917426,9.875453058978556,5.755791355888647,1,train
0.6847383608577986,4.543471086842756,6.503813455884334,0,train
4.724670639210822,9.57216629080457,1.7785816260334233,1,train
8.438586727659018,3.5144412142251573,8.190341637428103,1,train
6.273293331972058,1.8122753948635801,3.3650097608385914,0,train
8.350594655885285,3.2443631820607166,8.103785167465308,0,train
7.781769033113938,4.886256540275133,8.805453516400632,0,train
1.087605014643544,8.26068644455079,2.944550744489854,0,train
6.671823602894143,6.795189723720841,3.437323999316198,1,train
2.577148617311683,3.9843625936931817,3.6512643590569374,0,train
7.578761938087838,5.256493421253816,3.0265532623140325,1,train
9.649359862871197,3.8819723250415916,4.0224779023818655,0,train
3.723658923693227,1.271742319695672,1.8176053535057446,0,train
7.1508259643456675,3.722343678944066,3.2641553021664453,0,train
7.188800105321126,2.7800800847750895,6.615106658087024,0,train
1.208987648003466,-0.082806668733171,6.50134123306183,0,train
3.4899384258452253,8.92727664626564,8.244408109089441,1,train
7.698649179191671,6.701202316319608,1.7701745959354866,1,train
3.5614587240667532,4.493087031699052,2.344168428734071,0,train
6.731574308012707,8.467053772759456,6.791112589371719,1,train
5.376953103943524,9.079608789665102,0.9141414085546591,1,train
4.300701616427945,5.390714561202293,2.1886812866093783,0,train
1.8467433373981517,7.58448743076381,4.485138632851759,0,train
6.804847299312124,4.9953370606877785,1.9033166727554844,0,train
3.8078839124014436,0.6366492512911331,1.5537161266111679,0,train
1.6588253629053087,7.145186874233222,5.709168640686675,0,train
2.9266611454421225,6.556169178054379,4.1847122074934155,0,train
9.991402572724152,8.582028743121878,3.682452446460219,1,train
9.012104064708428,10.620621534961366,9.637038221744959,1,train
3.7794823283908103,2.166589946976401,0.9948654243105666,0,train
3.582511501636451,6.259040269539579,9.861234321170224,1,train
6.874008143476041,3.4808674489928206,4.309195115630168,1,train
5.933916510192976,7.857851843330203,1.5096587305199272,1,train
6.3480230057542775,9.468078677223474,8.5292252035072,1,train
7.995150786961021,9.74165232053798,6.410647321003363,1,train
7.5878154415328645,4.482440215100211,6.122705305341132,1,train
6.784907024024503,4.96595082183728,5.988852911686189,1,train
10.3638154138444,3.3140633193384517,7.662798998022884,1,train
5.157118872806994,4.612063188593167,5.16445390781421,1,train
2.775808489241346,2.646671525771308,10.54349168977721,1,train
8.702121352451353,6.003277054547023,6.816337283366154,1,train
2.7785876489772208,6.424219687941535,8.51689353521948,1,train
5.928378981685544,5.883875349244119,5.505796336690921,0,train
9.688896101458155,4.841726718434619,7.870709591024813,0,train
7.77547740562593,2.9176294168747763,3.9885230833920065,0,train
4.849315592839015,10.08125232266663,7.307205462279633,1,train
4.421521726958081,2.815173300103908,10.123615721201595,0,train
2.5010092303604434,3.8551632622771757,6.842257760778345,0,train
4.996547488747006,2.2909103918154243,9.995140657254964,0,train
3.567489135841431,5.552503179650596,10.921762352488333,1,train
6.832187652466,6.683664976065665,4.357727278897091,1,train
9.651474231752282,5.107841098508731,10.009657546315207,1,train
4.67906314874633,4.8579866109393715,7.7161818614346025,0,train
6.7112945433640885,3.8640817309942777,1.414612022966447,0,train
7.370100222214965,11.115705030998557,6.774078635711199,1,train
1.4567114480239236,10.706853853969795,9.900490008095892,0,train
5.493416288421757,5.08293148872235,5.879904508444189,0,train
7.174695164992209,4.471506549962466,10.991385812879152,1,train
6.001273070033442,7.524361400224183,9.176278193831108,1,train
1.810799453543633,10.044810344990704,8.025995622965928,0,train
9.37333204920915,9.562380844482318,9.94721687366866,1,train
8.596283449793084,4.293493601553061,1.8966095526472135,1,train
5.795171676630344,9.738244855959636,5.9666946057434505,1,train
8.34752468155517,6.377199412072671,3.467725096949216,1,train
8.575375458342876,8.128868244940637,7.5360392253131785,1,train
9.34484233703015,2.1434128002256507,1.5016215488419458,0,train
8.857162193820388,7.9192324212684015,6.384923288192958,0,train
-0.13417376188064556,3.1492303465415863,10.216412936281657,0,train
6.349194359370078,9.666077584706503,8.85075734339505,1,train
2.8809897582130937,4.128725031243134,8.559890242954424,0,train
7.596914574331782,8.622419675511395,4.2032124789253125,1,train
6.706386488212454,6.751097421797998,7.963470842322725,0,train
4.025185615557936,8.12133867843693,1.4219374133578908,1,train
9.669697287495062,1.5049606808274447,8.788600406426704,0,train
1.340573607361719,7.496591190960282,6.045168809149311,0,train
1.7081389469436545,5.228853260198817,2.5880148944084693,0,train
6.81684878048638,4.133826646337574,10.101744594741914,1,train
5.132395925906498,2.6824271978042624,8.456272151892861,1,train
8.02202286919071,4.695685047204217,10.27373542749418,1,train
1.6884327875647522,1.6771717249588696,7.802018385776896,0,train
1.3677107741115804,3.2301305354815035,3.088949527457275,0,train
8.044294693403739,1.140305762846833,7.896859418905906,0,train
4.667819034951899,9.843967460996843,4.029002066542581,1,train
1.265764157854114,4.1881333098639875,3.0728459438591114,0,train
3.6916867332666308,10.176325449034517,1.8017494940536514,1,train
9.578315282376987,0.27731643434297215,9.267708895527633,0,train
2.758808202145723,2.3745038893441746,3.2584499838377012,0,train
4.065650103252628,2.174039062459669,10.859134332945288,0,train
4.957263614740457,4.651464556584615,7.928398553456243,0,train
3.05837822458876,9.153436881576587,4.145591542505841,1,train
7.507857826572179,5.578219025863512,5.737577275328212,1,train
5.9313470520659495,1.2853572475113684,1.2078244579804447,0,train
8.130537190229044,5.590655913452441,7.498186811095637,0,train
7.33151952005309,5.458159427334633,5.26626122456954,1,train
5.81099262510072,6.022797047749438,4.108513150430885,0,train
5.452715737340492,9.635076763389838,9.640482859010982,1,train
10.525683759204437,4.389083038979043,7.3301766221532105,0,train
4.592880239560855,10.153366054813938,9.309352510126953,1,train
6.0590502798775985,3.2114011152223134,4.6091373016163715,1,train
4.731120512178979,5.5795832799423,4.389684111749488,0,train
8.301475609220889,2.0008308435107205,3.855293871201134,0,train
3.0406490372547337,7.679432408519592,7.221075077614059,0,train
9.02254553288772,2.6199490089516737,6.363821609564593,1,train
3.9488474029956224,5.347697706245529,2.4948445295762958,0,train
4.660380234945534,9.147585223311825,7.186377659240082,1,train
2.2990364849005385,4.46160816981688,8.480197155628327,0,train
3.4932991728214926,1.55514066390309,5.1940440105464685,0,train
1.5581914040893157,2.239568557441566,9.688454477750742,0,train
8.122462703677039,4.249157476940021,5.36140804025665,1,train
6.317353993529784,5.218326888976722,6.452724366380579,1,train
6.253213261941215,8.484445681508806,6.3310458619875805,1,train
4.1642752087672354,4.106678668113475,7.9243383456275165,0,train
7.040477027711703,8.082314712885973,9.213962606870396,0,train
5.361357779463537,3.537359048189377,5.626415850719182,1,train
0.835411100845664,0.7999537124668024,8.258734411246328,0,train
4.994578168203628,1.5009413954831876,0.5044061356687634,1,train
6.572031482534927,6.7479423878087825,0.9264543404410066,1,train
7.072197436282479,2.7189034802507948,3.5912284547359725,0,train
9.566297417820989,3.8847765183259426,9.046196502317311,1,train
1.5872574207396235,1.5318518402404795,10.930907894763491,0,train
0.8760776582941663,4.502523214587373,7.756043597500999,0,train
1.4738922562138503,4.172409009065601,4.258657212233492,0,train
5.611860612916139,2.0361543322302644,1.2649039539493134,0,train
0.8054742071133181,8.366302827544958,6.848684453006393,0,train
3.5969610119311,3.010706469353699,5.385814491812141,1,train
5.16195437939937,4.646924543319502,12.208696782999908,0,train
10.697844763496668,6.354029904073498,4.662674035427312,1,train
9.863871812124673,7.333460162252141,9.18426963594975,1,train
6.846592187928343,8.267493369439709,3.3181287056218887,1,train
3.891287876001808,6.088258191513215,5.342283907690584,0,train
6.4178497825182195,2.3953175496824577,8.185808385467325,0,train
3.9561539031251023,1.0951525153653898,4.553352285778638,0,train
2.690513315071736,0.6463934236082917,5.245551324179746,0,train
4.7119323686909675,0.33369538225917794,5.546324594328378,0,train
2.6332037653695273,1.7481477061834099,6.7411633110058355,0,train
3.495565807147025,8.238621635983037,6.343465040053852,1,train
1.3404621189948074,2.756599347662217,7.655203442366008,0,train
5.046775679999177,2.52216354919188,8.70382757341493,1,train
6.361480451448628,1.3312132227855824,9.3247209585713,0,train
7.014916117735922,5.055472093724317,1.6523301023915817,1,train
3.714940965278856,9.351040370511642,3.9280241532392415,1,train
2.2362369843162804,7.225806462024914,5.221341378406612,0,train
7.460372264136705,7.759407101196313,5.055887286436066,1,train
8.158595350003711,1.9982319016999073,8.195891792774129,0,train
4.109170973448557,7.064518493060881,8.262432895729145,0,train
7.734756514221065,8.872741196779083,5.738385724038251,1,train
8.256511879962849,2.7603779794143755,2.918312131815326,0,train
8.125389002264134,5.890036630330537,9.582783680687434,0,train
9.720242908543586,5.521890167291085,9.743926951948069,1,train
9.20503218685269,8.167322188822162,5.947093646617034,0,train
9.880764712130514,4.267003021316392,6.896083867309043,1,train
7.736386376904909,8.758223107952961,7.080138844837067,0,train
5.753405809375395,6.425232689024393,5.608270863084729,0,train
6.106349533548653,7.891193758902045,1.3544729220903795,1,train
4.504336992000059,2.9520154974977517,7.925782837670845,0,train
7.24476089397606,7.444564855922927,2.2275443558189805,0,train
1.5831408051075586,2.6960849373343514,10.298226788155587,0,train
6.080642118770788,8.7501735330422,3.025247799157599,1,train
5.6073087897347405,5.072468977105022,6.091068614028365,1,train
2.583080871658968,7.803722991966276,7.659773323454753,0,train
1.2413466194385883,3.6933346047628164,2.4533572242987685,0,train
5.773528550423219,1.639106783813866,3.8934491209821043,0,train
8.72183405621704,9.59525234261376,5.316272181570071,1,train
1.3958243056362094,2.9817522358948407,3.885113789206193,0,train
5.197062665756652,4.384448173995041,8.608151163919068,1,train
10.77657591480489,4.588026855642613,5.348681675592383,1,train
5.07581520829744,2.384843584355656,8.483773992845176,0,train
6.63521521114741,5.132689166429035,7.527089310302818,1,train
3.2371788918844886,1.7833773757811513,1.5512036236341054,1,train
9.153744919096265,3.183868134026332,8.701217911895668,0,train
0.8934241794084252,2.544288143011864,1.9563439332553112,0,train
4.209321257700157,2.055302727292986,4.063882420219146,0,train
4.418225821837765,4.783755143102011,6.418892597175006,0,train
2.337775349456852,4.901502674865368,0.9864317749570184,0,train
6.484127299375432,4.000097298770285,7.552534479981997,1,train
5.163639192116692,3.590732630053142,1.9460901871414036,0,train
3.5765478983669126,5.193632049844367,4.2913441649513375,0,train
2.356557649660303,4.384346089272005,2.2870134358609433,1,train
5.5664272632621845,1.495291564366504,8.893573692924454,0,train
9.667338532086035,9.258495375410366,1.5469593752275763,1,train
8.209582293191577,1.7007446346195705,10.583381930520492,0,train
9.26816538325599,8.692507947379502,1.2670978094856042,0,train
5.775672268924737,1.6460245395902025,2.090931452241374,0,train
7.5690470706768025,8.366756032496632,1.8644039927945713,1,train
7.476168961140056,8.663250720255235,1.9180705754294127,1,train
2.0777672052844074,6.358103827498967,4.773400980430553,0,train
5.62092800410529,2.0755740479798144,10.744074227354917,0,train
8.54359359985309,5.316849446686009,6.3528233205543225,1,train
5.320094015553075,2.6996951279782113,0.7292918270445987,0,train
3.729974100307769,8.769910228063024,4.584607946449429,1,train
6.398146048986251,7.064717469252785,3.3218248196410425,1,train
7.4184778158966775,0.8141072474678719,10.113563907007006,0,train
1.0709262013979417,5.216470070877003,7.044191921611667,0,train
5.022705549705755,4.2507209240821675,5.275525609749635,0,train
6.819283251181739,7.409134571727148,6.694825808384109,1,train
3.581363741642866,6.993301231630021,5.283747190423441,1,train
7.3451506538857645,5.448410643196556,2.391388231853682,0,train
1.6711199526730434,7.2461618235608425,10.986113339162323,1,train
2.5423771900620586,5.556618709678448,4.301830742291356,0,train
8.446097732504397,3.610558459736135,3.163481706868312,0,train
4.795926430530238,2.197680666036412,7.332611999780676,0,train
5.641762014988252,5.527545102129563,0.10410555384685827,1,train
2.6725018917904637,1.8370907701667893,4.084680634221647,0,train
2.959972687131922,3.2926507235477276,3.448575902039023,0,train
5.734382928589596,10.694892581282934,8.630306628085108,1,train
7.697328326916213,2.4209240244863417,8.271534289717922,1,train
4.015594750705137,1.3050591877400668,2.4157314246012187,0,train
4.419148902299046,8.104748906868549,2.5340399730999446,1,train
8.353065331196909,10.595008651371497,5.103989094791883,1,train
5.481551575551121,4.106325771147089,3.5290354805781208,0,train
9.913661820740842,6.742027588908206,3.505112452224491,1,train
2.0396419720776446,2.81216007062459,2.7912503987728634,0,train
3.198271766626632,5.904041913285932,6.158808859593764,1,train
6.842209923844443,3.0434391255953397,5.946753797272843,0,train
7.404757470772817,1.8110434986001793,6.558327284678661,0,train
3.182964672458364,1.3231479664914727,10.20627509467204,0,train
3.8523259232763447,2.776007793925266,9.78534791306081,0,train
4.190463564196376,2.237255579406607,6.211642417761368,0,train
8.563408051938309,2.056771343948653,7.076400709856653,0,train
5.365580532930151,1.624198438423752,2.634563655548961,0,train
10.231571204028242,2.272181210074535,2.9025832691944116,0,train
2.8477497071389233,10.724433536964654,6.9417184050905885,1,train
9.626076072139854,6.859933245305128,3.482333174779291,1,train
8.785777315350195,5.655436185723567,5.432221943590201,1,train
3.052106299861001,3.1182550804362497,1.2009241050772927,1,train
3.633878080357904,8.797047750205001,10.56814340954375,1,train
4.742330160743526,8.17664646606674,3.395204503869723,1,train
7.302962932556541,5.021199446816517,6.107985426761178,1,train
6.93221706337327,2.5776709927146864,9.120404027612446,0,train
4.966887202856647,4.916334502465029,4.878792425867748,1,train
6.389616422307151,9.240706747563046,4.596453683414342,1,train
3.023919530309813,8.477236319973539,5.19012002019832,0,train
2.002972146558503,5.66009444533734,5.400694005064165,0,train
1.6876959365446678,4.419987611636859,8.46275609452692,1,train
3.2851862839103014,2.762675721886685,6.289589089512135,0,train
5.824557138829616,5.153737650581976,5.800276908862761,1,train
5.492933796361664,2.6301083988559126,6.023184995890016,0,train
5.112342814960725,8.089678659424978,4.055952171562193,0,train
6.375179842163931,2.2019132824800325,7.698497514116056,0,train
8.842724788303213,4.311759093104816,5.9142683676379555,0,train
1.4020618039459634,9.475204466878864,4.392253447151245,1,train
8.25206704857387,0.9563261248380537,2.4877100514528294,0,train
1.2579599565204045,6.7657307138443965,2.6722273179707186,0,train
7.269342487911912,2.5967396312264324,5.467042002800744,0,train
8.655626328268827,9.206581742058024,2.532388856562466,1,train
8.038360159978568,4.876152825735467,4.905151833207474,1,train
4.708299171308955,2.067602317779686,4.69315950236053,1,train
5.085729050846479,7.6551087330838055,6.526442601231997,1,train
5.6678360734884645,8.817738323718084,5.118272147951067,1,train
5.861667357349696,0.9203317083784527,1.6904903995851268,1,train
8.169894510766452,7.576877258273642,4.303613631430033,1,train
2.599968096453011,9.367962695346137,4.0716732787296,1,train
7.8688887211877985,2.8686058357646695,6.179753770913486,1,train
1.9388489235518915,5.929595986018174,8.667639527741352,0,train
6.638997440396352,10.567598245092196,7.453502929425195,0,train
5.798143581794729,4.121602326854993,3.7749600798547753,0,train
9.611120990393712,8.166690063325673,4.6514858402759245,1,train
1.8132983852772049,7.476338900724158,7.772743670031662,1,train
4.140741718439983,6.620284817985329,8.934666317276097,1,train
6.08111975545739,3.2069221117052673,5.022508395861715,1,train
3.291973415334396,9.768647994128765,6.264327011292198,1,train
3.2947001919265597,2.377072962985186,2.828670645298909,0,train
9.670753673596021,8.489845771659883,3.4946370852424105,1,train
5.445331873782978,6.213725873702955,2.6928116046772708,1,train
4.226288325576925,1.4097447961908725,4.853540691433596,0,train
2.259711944070766,2.9245457936164216,3.764687500988553,0,train
5.971427350953242,0.7647893612086497,8.74501528873735,0,train
7.686488341185256,3.4548604683618502,5.6856635996753395,0,train
9.312379206578358,10.219484555148838,1.9638446410663155,1,train
4.683921692064365,5.051389433446106,6.167326114299292,0,train
2.9249179704585186,7.249678105161819,9.69271931718398,0,train
6.707976729811091,8.779939305500589,5.720892765112155,1,train
2.9591577503203697,4.525226667170129,6.407687197553059,1,train
2.9007330133472706,1.1796326230769048,2.520762864859522,0,train
2.337938110232676,6.040921500423561,6.679070832165697,0,train
9.0517659576619,1.5969549391791726,2.537693065525437,0,train
2.1002636508843255,8.14228053909493,5.720590671941097,0,train
2.9764426292972685,9.055834747100143,1.911824893577396,1,train
10.17337867519187,7.03964738742605,7.04236135252033,1,train
8.014815635954871,2.893628974619188,3.6216944399983153,0,train
7.51358070490557,1.4802240587073565,6.21777616730107,0,train
1.1916004546940018,4.703534534633477,5.350886634947951,0,train
10.526879550857933,6.696702764523069,4.189257544101503,1,train
6.457986771986291,9.396369912108733,7.500965086177205,1,train
5.380434370096398,3.8299478112534064,8.56275166001688,0,train
8.818385979282958,1.1828060117813362,4.871827008337604,0,train
1.8105746464104369,7.8944340257328065,6.691546570964907,0,train
4.5171974288790375,8.241288920833268,1.886546213301859,1,train
4.857282518895243,4.419323048547561,-0.6450123330092905,0,train
7.6522774885311176,2.2905949924704565,3.1219306755277816,0,train
6.470752576718798,7.572916705388207,4.674516723956608,1,train
2.632967400262951,3.0301359673288757,3.7368267709358447,0,train
8.851418012452617,7.200839647256627,8.589712449663054,1,train
5.041485734516893,9.390944995067837,4.252440572527699,0,train
8.496168790883486,8.521677685694572,3.5573459892645527,1,train
3.5992318920213577,10.117852768683777,8.370940198792425,1,train
5.056021415999937,9.489270736835163,6.064466242418596,0,train
7.761155581783362,3.982077748700295,2.2735770214879953,0,train
2.9824802303177353,0.4507938038921864,7.1349602674265435,0,train
1.6306244008466206,5.995622343233615,2.7846244658998938,0,train
3.10607452183063,4.751910499269382,7.69275480217112,0,train
1.1301910905089372,2.8113369116003533,2.5493541719327455,0,train
8.276151371338138,2.8366424317534094,11.2607357692092,1,train
6.1635222928027,6.755587472326465,7.8668781872762015,1,train
2.1198776068415537,2.5062911330519206,2.6531401413075812,0,train
3.2561148166815457,3.0310409085235563,8.726595216992145,0,train
0.6797967719911313,2.7632837727123856,8.422874271826013,0,train
2.2992391778772308,8.733698167871868,5.663159278199438,1,train
7.1780239864005075,9.341763154666763,4.880879810107702,1,train
3.675899034997788,9.045006932628874,8.323183996576148,0,train
2.5139890180597395,4.123959781893879,3.474390070821455,0,train
7.199876001834305,4.053122062662078,7.22318560897466,1,train
6.235263389689473,8.55833707803908,4.8186169045480645,1,train
10.902399663285456,3.896049074085791,8.209757829168753,1,train
2.921430009365514,2.6653652922556086,8.108007673668116,0,train
4.183160923002379,8.757331722670312,2.550181361401587,1,train
6.538104184251948,3.226788447615068,5.267989050143356,1,train
6.758861409362199,6.852383318925944,5.376112685700449,1,train
1.6499310841278763,10.71939943143104,4.076515437190186,0,train
1.7104290829954434,3.874436300102802,1.8427326943255455,0,train
7.154413292298687,3.4875491100998377,7.722114418272026,1,train
8.265531439960016,6.230665801684332,3.7640456737160455,1,train
7.136137000129556,6.32630119609537,6.591907222333712,1,train
5.559673669183515,4.6733326906096115,6.653595880090129,0,train
1.9868562736397894,9.17515156989613,8.620636775633459,1,train
9.119796998214017,10.118685860279038,9.000425050077801,1,train
2.9663495911217845,4.420529135116255,0.8695755540382848,0,train
4.606135076988005,2.5564699116700025,1.5703505186222495,0,train
7.681451487872525,7.291990738937041,1.6377936895974348,1,train
2.296982367094002,6.013353133807712,2.5822264824258983,0,train
10.12995032329971,1.676751593680959,6.672074749746574,0,train
8.914863097006794,3.2025036381843663,6.5000861190616535,0,train
3.300488323313079,2.8344069025211445,5.563571154154776,0,train
8.954332256752611,4.60271271862451,9.239184541290278,1,train
11.396933054975962,3.980440172801405,5.896131146849121,1,train
5.842685398336119,1.8004974894696375,5.133579295655327,0,train
3.420269515410841,3.156889941669109,6.165281161982445,0,train
1.307173153729567,6.097562870894738,4.77969178584639,0,train
8.217894414857925,2.5504836338794132,5.55142197075604,0,train
2.138416307760856,6.455646897848206,8.122365858008518,0,train
8.589796865452962,6.169287344322653,3.735749442838182,0,train
4.200415820194076,7.26761073193982,2.7892045036069026,1,train
5.102738490016514,6.741181283545427,7.850347986836942,1,train
3.8822913659102674,8.513737873759695,7.328371861212051,1,train
8.088614613819026,6.033401557194915,8.584783611540576,1,train
7.393248822906304,2.537127275634675,4.084596936470648,0,train
4.9940961645965345,1.7115068695575064,9.647726799181994,0,train
9.278086726855454,8.666459828039914,8.654096033723937,1,train
9.470086030369883,6.1701937537863225,2.827667663429572,1,train
9.971368999643248,2.0940317424927937,6.509207903252537,0,train
5.660661543850092,6.0915905520543285,4.768424934158365,1,train
1.1460359018059096,2.6650666081718906,1.89955743359294,0,train
0.9710547512299632,3.698575063039834,3.1998453507297446,0,train
7.765235004880708,7.1052860417825485,10.60563561917408,1,train
8.365959437569835,2.389001881552713,11.103859819934689,1,train
3.865805894459182,7.7112003753940215,7.114706638827755,1,train
6.120037552431512,5.586645035991959,10.506577900562784,1,train
10.826972141250675,3.45635269776447,7.544007617554523,1,train
5.470400656372114,6.525489075206958,3.7980769459183366,1,train
9.600411706068227,8.772984209000596,2.6602679660866224,1,train
8.963591424715686,2.2468840052483863,1.3521907952756504,1,train
7.046419022489804,2.5082799711762114,7.142564012067389,0,train
6.063272648992662,5.653642896063571,9.861453817867359,1,train
1.367309625690612,6.527054536248307,3.5685718288315518,0,train
8.000712924609427,9.578827616145254,9.242221793633266,1,train
2.8143795756143595,7.767532007438441,9.801633800207991,1,train
1.8883915545719647,8.162436674384038,2.901406511267579,0,train
2.6600448929700766,2.9304714595959553,8.736149289719652,0,train
5.445160364037143,2.395116233979717,6.893882403013027,0,train
9.384623243288951,4.166157082726494,8.001982247531222,1,train
5.436352847657258,3.5315590352407646,3.093350190565185,1,train
0.9436860200355435,1.9316133132130746,1.7291720048066814,0,train
1.1732395720900006,3.5437992292175533,10.17807580891573,0,train
1.7884773686433801,9.384640156060822,3.7033823418190797,0,train
1.8878105352595742,2.3537869506752926,7.909713835928927,1,train
3.8044567611292686,4.097619874504752,7.23120790509586,0,train
7.5740622148366565,4.01971537426185,9.359556726609597,1,train
3.2469984843288913,6.60482045562012,6.603468958787849,1,train
1.602643082769162,2.988683690587528,4.341254450554265,0,train
6.575418276471301,2.5881969574303687,3.5629776392420265,0,train
8.411588265889414,6.545318403012988,4.875402846661692,1,train
2.1777811724106746,2.0624603021068366,5.78969357997819,0,train
4.447658286239185,4.272314773990606,8.620554168426136,1,train
2.0249588911152676,3.6269091935278084,1.9427143473523594,0,train
4.850950884171841,10.629073741697617,8.834280152349203,1,train
1.1274693102740383,1.628789208783693,10.28610235527033,0,train
7.740417835496139,7.555393597777318,3.1482624021674077,0,train
3.738291537497566,2.0119018869363905,9.017338211307733,1,train
5.715056492883731,5.356826458530085,5.097967745726222,1,train
9.174584381487811,7.965629364412674,6.545859521247459,1,train
9.470524062863353,6.283764538970168,9.918072491726777,1,train
9.454092413866238,7.4364169850835875,4.083653955712035,1,train
3.125169407220799,6.308709025335041,7.712491511845504,0,train
5.682744293750307,2.8979239463489663,3.228219550446735,0,train
9.798782808223294,1.7079711575298917,3.8634143595454495,0,train
5.9948570148157465,5.591726529503812,3.9917110139787897,1,train
8.185217365906565,8.526771932820768,3.2103228900643885,0,train
2.0245548698755496,1.079081991581043,7.8992960728402695,0,train
8.602801295505136,9.47010788435426,9.447656450121585,1,train
1.246401790545038,2.024687098220948,4.322091832307409,0,train
7.348547137801417,9.598966848064396,4.091505888966029,0,train
7.519967922836894,6.3001875579940485,6.656867855617092,0,train
0.5442484487755601,4.60831500573953,3.883047990724748,0,train
5.966778097497726,3.856199753678847,3.197417464153724,0,train
1.7962248657629818,3.830258130300418,6.334658854543229,0,train
4.903773916382238,9.308281276386356,4.767932410194997,1,train
2.5040551117292402,7.224756488841362,9.93934163951882,0,train
5.716777068055595,3.0831916352494755,2.6444918085676834,0,train
5.016127350311734,5.294141704465918,2.795912922906728,0,train
5.423784660632907,9.458820203103672,1.9203245588975955,1,train
7.375196165520997,9.915497753061548,5.85246280548619,1,train
5.855566449913975,2.172544401714032,6.92262128846768,0,train
0.8590438791829137,5.914169345807949,5.389868411026787,0,train
6.575493088163279,8.178817248396024,9.983630222335862,1,train
3.2632478420511193,2.320898350618256,1.7856360934417594,0,train
3.1597501253816698,2.067919422428548,9.265016662149929,0,train
3.723043588965729,8.241866089762203,10.0493270182869,1,train
1.009495663487518,3.175784225402517,10.09346598540791,0,train
3.512072557804742,5.775626230121402,9.498817255130193,0,train
2.3196143939605847,7.914991553314972,3.5830952914437746,1,train
8.252090188986585,2.428869668500282,3.7270269293854166,0,train
3.723495498234705,5.737999144542747,5.297094797386054,0,train
1.5290086782917502,9.366590228834836,8.971622811222334,0,train
3.486662667983181,6.259626234067845,9.588560361575926,1,train
3.3645794890268235,8.820032841769663,3.7746894686543144,1,train
8.148757550575384,1.3970746477670986,6.307943375660663,0,train
9.956826067939701,3.6411452517974423,9.060251557968387,1,train
5.578536779628396,9.596877951516234,9.990817821700263,1,train
1.6436814958875896,3.6311456718031314,10.149683380170279,0,train
7.548517138889537,6.8306791844468995,3.7629660576691406,1,train
4.980903791921443,5.336817928151385,3.8052545809977145,0,train
3.0930893171921303,2.988891360743706,7.296347622648126,0,train
6.960633270257001,7.82450408498815,7.97088888591878,1,train
7.086294184991516,5.049347134077404,6.795541111020692,1,train
9.661524333141184,5.553443023341829,8.46245172034791,1,train
6.93285492531186,6.6167127698489905,5.472483230355598,1,train
3.9585767099763185,8.754595700997047,8.250853457994767,1,train
1.706358099269613,8.15587302508047,2.8729819564033745,0,train
0.9024688919652748,1.6861584750611918,3.5553417668375364,0,train
7.540806958637091,10.027645886418565,3.0402887816413124,1,train
6.39119922838801,9.309465367797763,2.7651347442584866,1,train
8.754995723454426,2.083480526621708,6.899079130103176,0,train
10.28836078060571,7.844544137449384,4.960592408592185,1,train
2.0036925915070065,0.6883222106373998,1.678953723887373,0,train
6.529173769137299,8.748510212678205,1.6994218579350804,1,train
1.3362206982913694,1.2664597543995848,2.1179243172629123,0,train
9.613376711300065,2.7461043850928717,8.538208415867569,1,train
2.620840202473719,8.375766598294115,6.9162267178646895,0,train
5.462188233672944,7.010087493424997,9.298443177195422,1,train
3.3442108053702757,5.370573812086626,10.046000520810303,0,train
2.3296625683284953,8.89156466785851,7.839282171867721,0,train
6.191917032821047,8.249670544841594,2.6700051387718773,1,train
9.440397988177104,8.423884049995022,1.313692322749144,1,train
7.37045754913062,8.226030750035296,5.93208763794479,0,train
1.2212845030578998,9.478773381133127,3.719715688210999,0,train
6.86280587728236,2.43411724894655,9.155747155366239,0,train
7.638725727916117,1.5950678775786677,5.828177513837957,1,train
5.497161198314409,5.446331807772391,3.6392147064813516,1,train
9.25543248751247,5.451398094936426,2.1308684622118066,1,train
1.2715725490632899,1.910719260645898,9.953880332262843,0,train
0.8942295567019464,2.003741076785814,10.004903646151048,0,train
5.368423144770576,4.959438599695263,8.272261823895365,0,train
4.399184988002491,8.744113075234946,3.9659506439747236,1,train
8.034262675501463,5.427191468628525,6.952941386100503,1,train
1.8207521335743662,8.00814224329943,5.95049711460589,0,train
3.484695303718468,8.850961874448409,4.972302421371104,1,train
7.42527173372378,4.705823313492297,3.2534369027337577,1,train
5.471172312742659,8.184182372372545,6.091265082462698,1,train
5.373952695138558,-0.360646897167612,9.152363039490728,0,train
3.1345994892339526,2.107414515549671,7.989453410533295,0,train
2.0812501336268197,1.8222173777165132,9.487486035843176,0,train
6.8031573961521685,8.2358200338517,8.739569278963522,1,train
3.8749604593649867,6.88334321317258,8.077303494505461,1,train
3.46954809399254,8.028603438121875,2.4570276897141725,0,train
9.324661287289073,2.0245224426510697,9.540897923041628,0,train
5.398217385795566,5.0160415367591895,10.668773966145107,1,train
9.894596114543946,10.078552547653121,1.3797336117637036,0,train
8.544596616806238,7.164782644138418,8.392572288563764,1,train
8.814064158045662,5.535702963655654,6.159268016029499,1,train
2.617755324668485,5.692882662324668,2.6865756771512355,0,train
4.0552362060221006,9.587153571754103,1.5241124710714962,0,train
3.7407445764735603,8.574220048951632,6.979776266943352,1,train
5.755235025797443,1.4267360647986096,7.566744719399977,0,train
8.955483787423525,0.7922579636455643,5.360752060315965,0,train
2.7221658255752383,9.66028618261964,9.740620887470625,1,train
8.71000876662185,5.945933254195909,6.9630448202407464,1,train
8.259452709409736,3.780004884015624,10.44595041807102,1,train
4.234600394968008,4.894950329309659,8.59291817573628,0,train
1.9379808883774738,5.362333911826823,9.562625315121387,0,train
8.845117064995845,8.466263045469093,3.131738502044582,1,train
1.8215154506648918,3.1626999003044407,1.839168408853559,0,train
8.839333441651219,3.727156802020019,3.2737860973949964,1,train
5.2039901066389,8.094329282871715,8.770587177416258,1,train
5.6082236019273335,1.8368859324515783,5.299747890965845,0,train
8.868614321648238,7.6309339067029365,10.757832940276131,1,train
1.7884502337048294,9.742845856090748,2.604183770759594,0,train
0.5760370052186847,6.029936355016411,6.659591642843883,0,train
4.553886695160723,3.100558584843966,1.28022441156802,0,train
1.4522778679783523,3.270213074689385,2.230667785425881,0,train
5.515097461087647,2.448669253255975,9.22305915145798,1,train
5.161958269809209,0.35528580979773206,3.593986726110905,0,train
5.952750525491221,1.8398146335438983,2.7390698995307914,0,train
9.884039723482287,2.0119005628645277,8.741111551571418,0,train
4.858779886557178,3.7498984925745047,8.423691537684523,0,train
6.915230616434157,8.646309369907346,6.136984173391074,0,train
6.802174138336533,4.460282232520841,9.689545424803088,0,train
9.0627546541339,3.956533345236161,10.105290802324923,1,train
4.822844985589714,6.089553295782202,3.661816069576271,1,train
6.474325646407001,7.642484561441108,1.4572398300553677,1,train
3.5203901778254125,8.112259811269361,0.7604395464927469,0,train
8.738259598207687,5.3937872626585746,7.977153285998825,1,train
4.014187764328357,-0.3295530561939819,9.776931677598059,0,train
4.633336257534932,4.928595852051616,3.6449115474036753,0,train
6.350788969824315,1.3320474945946563,7.497850560553753,0,train
1.4608050067804208,2.9403641856596554,9.515014368397448,0,train
2.6487416469500324,0.915523404595516,2.3056690538674203,0,train
9.93381070006426,1.1090940526353255,11.094978118909985,1,train
6.437988864925579,3.9704139650345547,9.607172485546617,0,train
2.996669515480284,8.280536845816668,7.2382805961479955,1,train
6.080064794118506,5.971427297744466,9.135114699155906,1,train
7.165617634100859,0.555506348614129,5.379373182410828,0,train
4.708574402357556,6.3541104628181015,5.217422983339537,0,train
7.605985606379871,6.585387822820442,1.7287571787046179,1,train
6.200110042619392,2.5031697307228016,0.216841424147607,0,train
3.8800399253971607,5.306057394769192,5.6895279067878946,0,train
5.954215702199472,6.308036408540842,3.5948342494252086,0,train
5.513672232542985,8.500638681615309,8.564661848534632,1,train
7.950724725130113,6.204863827773796,0.6496446809213889,1,train
5.242088098243837,9.222885908580768,3.0240629356239266,1,train
5.0022090587149854,1.5740989451933654,3.772573971786297,0,train
4.6133005418420545,2.2343600057042234,4.129944908561623,0,train
3.7420264938847403,1.8875493802759533,6.404325157924389,0,train
8.966682846787949,8.965156151147767,2.789632226023482,1,train
6.589619857880424,6.62767960681762,7.126268806314361,1,train
7.969267161358861,9.064225714460969,6.224740213293652,1,train
3.519138265354612,3.217569319982905,3.971606964222452,0,train
3.358308840659339,8.775740079531534,9.883850999028283,0,train
2.824212763231866,1.8938830720500888,8.427887135258455,0,train
7.424236137021501,4.825848960663743,6.693201329484997,1,train
4.916294442535805,4.252819821845943,9.473567601836152,0,train
8.748670428965516,8.572165373858558,1.5727924001701556,1,train
3.5228909025557096,9.932103062273544,6.505397532694573,0,train
3.9094445995042073,3.496753471283382,4.65361902749099,0,train
3.9585021806577565,7.946543475167858,4.69979012539679,0,train
4.896721358171529,7.788377021404235,9.483871311958241,1,train
3.9681645503118927,5.422620542863921,4.599598232618822,0,train
4.069387197356278,5.6797952283093105,3.7179551240204165,0,train
6.721957887220375,7.912005963390849,2.25388876044458,1,train
9.516242910723106,8.314057423746812,7.564767344184733,1,train
9.536583725755406,9.216092313082694,2.0852227169524795,0,train
7.363349077745742,6.308995112574626,4.597945211896226,1,train
9.635872419618101,5.564874132655432,4.710843650863243,0,train
9.66858264856227,6.690301103213173,7.50191580292493,1,train
3.3933865368578617,5.264281649650216,0.18987548070211835,0,train
1.5407548152765314,1.0309050969279443,9.330605251605348,0,train
8.154825332793429,6.362175088906442,10.308816975806542,1,train
9.85219059419268,2.5993694465599737,8.209068231625277,1,train
8.981590960640583,2.8168442097722006,10.492285374014612,1,train
6.9818690600793385,6.167868108244029,5.599867679205184,1,train
4.408885881986456,7.979167272581021,7.542138995724911,0,train
1.121719448192424,5.376053722118615,3.378945334960011,1,train
8.944980109404948,6.733816298774866,8.148254487378612,1,train
8.84767725197247,4.037391832843589,8.302834866741058,1,train
2.894359904752726,4.845048541569948,8.725899341207585,1,train
10.669846540817476,4.218071750186148,6.0341489143953515,1,train
8.630024907403909,7.098154204611813,4.787916030757491,1,train
9.949140204386586,4.048833159791531,3.302105127585327,1,train
4.731864524301421,4.82206820785256,0.734561305981609,0,train
2.8183710227816494,7.921713493307831,9.42752607381801,1,train
0.838320522489229,6.709610612423575,3.6485813123982034,0,train
6.222466000852244,1.2978251550142201,4.900237565328891,0,train
6.499526198802463,2.6974085240897154,8.146043277828408,0,train
3.999561877436827,3.9338620027686226,7.5179078753476265,0,train
8.686206122647604,5.916826659469058,6.784277605365417,1,train
8.137246092525489,6.839376419600933,1.7904225550781003,1,train
5.4170130010017825,1.5664237627291366,2.0997203484132214,0,train
2.8324197885593225,10.01713252676427,7.856972107503331,1,train
9.219087171667287,5.207110828874078,7.978174812184981,1,train
9.113523999382176,10.65477546075865,5.11391451038036,1,train
9.198179859271107,7.812048932359102,10.67127087808732,0,train
2.71228741838093,6.47775300714949,8.446782920205697,1,train
7.174004658282567,8.329133044764093,7.728832618090584,1,train
1.7516046317798026,2.8210854208622522,9.66944932780548,0,train
5.935675788861628,8.59857131305659,-0.8172296859810355,1,train
4.472241801638413,4.05011259028668,7.76502871063852,0,train
1.0578775238860323,9.282270761170377,2.096426920969885,0,train
5.535563882499035,5.998696621401788,3.3220059486740783,0,train
4.114800895136438,3.8103486554141432,5.019007519835517,0,train
7.958440095924909,7.140383767905705,7.702680404708599,1,train
5.389941720285731,7.109094394490455,2.868321900994764,1,train
5.431133414722056,0.9754585654965923,9.166863411850304,0,train
2.845014689868446,7.952727738283917,6.521491960563944,1,train
8.832746188764185,4.9634238247620495,5.3925867349108385,1,train
8.959554354190566,7.491802522205012,7.363827667495743,0,train
10.381115878802174,3.435106159853565,6.286610655734059,1,train
4.943396913892624,6.118271383470768,5.707555079464831,0,train
3.4086679143021033,8.57010351044973,3.252229034711266,0,train
1.6694568112806292,4.72789990998184,9.011681484920087,0,train
6.825593522198306,4.998584729206504,5.885725487756211,0,train
9.906663746610404,2.2222968268679475,7.9634059325682,0,train
3.464703011687034,7.31679602723528,5.3340883776548695,1,train
4.804985768698959,7.7944734911955775,4.389231807343541,1,train
7.83339310746315,3.319733233583926,7.534431694869846,1,train
4.439060767726536,2.734132342210806,7.779036307264107,0,train
8.032062819897773,8.159140323133865,7.423760130232287,1,train
4.765231024387274,8.354108266750961,1.2766656846441233,1,train
9.593536313990539,8.098456042498373,5.624218805631493,1,train
7.041358680076561,6.056659266626656,5.448714530833011,1,train
3.9952080368087612,1.681880684962323,5.343400193435073,0,train
2.79502012178993,4.690161655258618,1.1587290642465755,0,train
1.3643502677245865,8.779814391413865,8.373664827788664,0,train
10.437169153827808,6.134924379756798,3.3847876918046214,1,train
4.225837532754123,9.488145107914763,7.516590955701758,0,train
9.395916822858913,6.7541026950666705,2.206007586490869,1,train
1.280661770246429,2.0487906873475152,9.946450431921601,0,train
8.435714232000567,8.286708169821088,4.173037257608268,1,train
9.122232089201516,6.92390847407614,4.373220616759727,1,train
3.9949446296251736,7.962828478338161,8.049715952874205,1,train
5.7825248133388865,4.498554276627416,7.765213404859518,0,train
2.759800104099149,2.7551958986216696,6.137473408469658,0,train
2.3733423978515793,5.769459384129084,-0.16932104140462112,0,train
9.045069702462358,8.630572928725138,7.409745381142482,0,train
7.2031390697810105,7.51125555853302,4.708576374590844,1,train
8.06827227076984,6.623145266044906,1.9717034802903182,1,train
8.861429157566608,3.6396561054549323,6.605815293927865,1,train
2.8510791353337672,1.4630309072916916,1.6796025319982983,0,train
8.103863265224772,9.207006669974659,6.654250184056368,0,train
8.951007293740762,3.0519835695106554,5.058510719268552,1,train
8.483858629609648,7.970836018450724,2.8357370163799263,0,train
7.42095280650299,9.08360730723016,5.4303799900250596,1,train
4.861008919803466,4.459411645125463,6.013142251690108,1,train
7.2157713132389105,2.6511197107001045,5.253248283166826,1,train
4.112112697580491,3.8051762740129726,4.035051431347037,0,train
4.185970177093621,4.503659033920252,4.904191573339883,0,train
10.82751678012446,8.512842937910206,3.095678361587824,1,train
7.49854322309551,5.646154497169281,8.150766203423618,1,train
5.951812976197051,9.138357006270425,7.414734485940547,1,train
3.880570754876567,2.4003023916845394,6.809623880032447,0,train
8.33174036625243,2.480023790856732,6.251805762035145,0,train
7.960877635072693,5.925550317967021,0.49942051914808927,0,train
3.63458667089822,4.744680486268573,5.972525402677034,1,train
2.790208228454732,3.455769972759725,7.285220056647737,0,train
9.190829314878794,4.176528517361416,5.774561237684409,1,train
3.4444796884266298,7.584327160025634,6.807951410003761,1,train
2.617141840977585,10.28128014001872,1.8307397190502033,0,train
2.014358568056992,2.2712695036209634,1.9480023411741234,1,train
9.081184672564152,5.649466871221986,9.753169688080375,0,train
2.8970311563121274,5.579874123860501,4.469888809107614,1,train
5.147378171758711,4.029244258735166,8.249649464822415,1,train
10.035531335604833,4.2875931021383344,2.0516177807130243,1,train
2.989220485091232,8.596557292464148,11.062467524650543,1,train
3.63855510768957,6.22489360276289,8.38792056463156,0,train
5.605210875412527,6.151857011057314,1.3752686456976317,1,train
1.6192900077448522,6.620777293982346,4.109009050367728,0,train
3.2121057804224753,2.2195462421183687,4.214974460347597,1,train
2.550285648812165,10.141283481939613,2.5277183477615623,1,train
5.433738677324449,3.1562089382277794,6.846187873034243,1,train
6.7886789989189875,4.85843313214452,7.144223916377658,1,train
3.214112718383235,6.834506471680731,8.85987207444847,1,train
1.1808173998807834,2.9536901172919148,9.47092142494074,0,train
4.96566674972722,7.133528682309952,2.889394970781632,1,train
8.32461133209235,4.480390766604503,7.781415910836825,1,train
10.856653416604805,5.989815616762927,4.081245937034555,1,train
4.681552140118997,2.0474337352908685,-0.02455770534545798,1,train
5.171709786984138,2.488092523230597,2.829532648036689,0,train
4.197177262742775,3.704217272436998,6.273724507701391,0,train
3.4589762279343796,0.4951394199115893,8.657603760649678,0,train
6.654105495704085,4.600522382216925,2.868674586138079,0,train
4.261031178334625,3.7143575810828864,-0.6662895672013578,1,train
8.685708066339771,0.991322789491215,3.993509583534277,0,train
8.663385635924445,6.963869835296094,7.157312172958457,1,train
2.0623150178043708,6.4076625578047555,4.013524797520814,0,train
9.003856647316741,9.812471160833692,1.151033159786978,1,train
2.010207692842643,9.042379741981415,3.301369378667707,0,train
7.811692180309646,1.0716584121562724,10.247283748516468,0,train
6.90102195516061,6.5078025246996605,8.916490726822365,1,train
9.055123650194195,7.470277773310636,2.8017424588155757,1,train
5.506184214481136,5.272000298864738,3.066816900956111,1,train
8.320018122239164,3.2822836819698917,10.401047448029807,0,train
5.878087044586236,10.098199181995609,3.9179382226095,1,train
1.7113904999501592,5.737473252172572,4.272756939524274,0,train
8.501990512394121,3.6502745385839273,3.129806421553075,1,train
9.698188875483053,3.7513234654654015,7.846480967920608,1,train
5.088382264744822,8.83672939018911,1.0457133461271126,1,train
2.0803825868836423,8.9778438510132,2.4869346602909297,0,train
1.385777341924915,3.2303377084034555,5.165810900229256,0,train
3.4056303099820946,2.5490745270831905,6.382628741442101,0,train
6.557337547290941,9.77763242218574,3.319030805930875,1,train
3.992191488804001,1.5656153227936298,1.6647951958879015,0,train
8.500130316761933,1.8528756660653816,9.380906002955735,0,train
6.126654153959065,1.6557818025460573,9.332728689889333,0,train
5.6943318787463815,4.670867936645955,6.662264225721347,1,train
2.410188275305829,4.028955893984276,6.194558563409775,0,train
10.89564629298263,3.7637576202641876,2.962385477239224,1,train
10.826389766868902,4.812768420502856,8.627928461956023,1,train
4.4746993183027906,9.843592224324563,3.806589559844207,1,train
7.83808591007632,6.100477300020957,0.7732488914923961,1,train
7.171219424285111,8.845760788722696,1.272060258375613,1,train
5.5823321566573085,10.957848440227943,7.250741219899715,0,train
5.089978347369416,2.345706199675565,7.473594861417744,1,train
3.2384982870638273,4.9145662355073565,6.734486731029035,0,train
8.164576057250573,1.849191541490276,8.010488678965011,1,train
2.3609051126298635,8.397118222174548,6.8941010439331825,0,train
5.755422407084799,4.409342443355413,3.832397931716717,0,train
9.15098337189864,7.441998529513431,8.662626967329713,0,train
3.3798801658818522,5.757085647347326,8.037756304614907,0,train
8.71790317711841,4.956279271257766,6.903602805234,1,train
4.631859023351223,9.902414016453173,4.983359569074472,1,train
5.560158848447846,2.5970095481674633,6.136334955471429,0,train
2.969240173627805,8.86160691561402,7.405697615958754,1,train
4.6734097126275875,6.6200761589236015,9.851963287909378,1,train
8.871393711109084,7.314459617193333,6.289278648566821,1,train
6.1030072908608055,7.394684659932087,1.5970328490993362,1,train
2.0194985940637467,4.2351525323007255,6.639468455023108,0,train
6.913234327776385,4.253259970463366,4.514431063558771,0,train
1.6993191843707418,5.094337100365552,9.13376992283191,0,train
3.6116348678490757,8.479062980537114,2.443963985506488,1,train
6.918885778402585,1.0486015640554665,7.28894729518846,0,train
7.83407978281252,3.788421231636164,1.238341113858095,0,train
4.146127700992347,8.369473503818584,5.287114075158705,1,train
2.644577715358497,3.3245798235662334,8.938998789283596,0,train
5.669854654914941,6.56856404368481,6.583839193875465,1,train
7.763555538833145,8.57559097643878,6.564913950663191,1,train
7.177122651320709,1.421060575019025,5.033081327404727,0,train
1.732399750661478,7.493430970413716,3.3182463957903,0,train
2.130478523299915,3.682661635086539,9.877557708456175,0,train
3.8946344340195997,3.248349371042905,9.379579656161019,0,train
4.946002266262988,6.333164806776456,1.39547037536397,1,train
5.950628112274305,1.0747330593232898,5.5189268050113505,0,train
1.1688943328626098,5.216583988997391,5.430036617792553,1,train
3.653431541725247,1.2707166423364264,2.5702310639141803,0,train
10.667207072325569,3.859908831223307,6.167214443268769,1,train
1.6836126821069282,3.8300152007939006,1.4902816199231652,0,train
4.063111596869324,5.194027040815582,4.356390292473998,1,train
1.8951095915328637,8.96091178617004,5.29624963923857,1,train
8.23646125190425,6.603346607456574,8.941374838140833,1,train
10.172299981668326,6.751471661706409,8.369635884009503,0,train
8.987234412224202,7.83942391053115,2.0052793432898426,0,train
2.495857414446946,4.3514615487535595,5.986517944296295,0,train
3.105901355462904,8.520715439122,3.0850536780559246,1,train
7.225284731984442,7.79784082786857,4.919977189071728,1,train
5.216263169325516,8.384773543758863,6.919539416198171,1,train
6.5265797213061925,2.730438448186168,4.884786309561583,0,train
3.0488032209596385,2.2720118740774975,3.763449049259049,0,train
4.60478135432227,1.9325730179591345,9.246511845217606,1,train
3.03924905153002,8.02846741108291,6.064431923573323,0,train
7.581607441403753,4.013198608246005,5.6469880534301495,0,train
7.50711946896973,5.311367163589731,6.214221019528988,1,train
6.43437024153173,2.9520024176713218,3.4810000451720833,0,train
1.575111805791475,7.380523907402602,3.821724247257545,0,train
3.484461567160504,6.358684815377182,7.928137287911134,1,train
1.1960417921064064,8.940013049310172,4.873554795514271,0,train
5.257638002332476,3.4722603786311668,3.1068609920778356,0,train
2.2191642180519495,2.1559526194473175,7.108407292582923,0,train
1.6826054291629844,4.344818781540662,2.258936596448001,0,train
6.082957713584973,10.429592581148274,7.488627426133226,1,train
5.544636815785342,8.502384582599344,8.387137422106218,1,train
6.415921507906937,8.428239966559303,2.884651624239151,1,train
5.851440311219254,2.650559038815454,9.964053597269489,0,train
10.077283915585111,6.972584551788549,7.253762027299098,1,train
5.849040437353454,9.863438106340995,6.923594863497439,1,train
6.045057695681853,2.637156016375061,6.665519502189874,0,train
4.917687140947609,0.5302710308987497,2.402117373353187,0,train
6.903228835991494,4.134072598886236,7.5594729846535405,0,train
2.5177654280883486,2.345203604880974,6.56105529712129,0,train
9.63807034320955,6.7384440370466105,8.498813496503086,1,train
5.532217915755683,6.42309226076995,5.160491744397905,1,train
1.6073362172446068,2.5653231933517553,8.12910203129166,1,train
5.071040594076817,9.57930281558825,0.9971296910066887,1,train
5.053775777471562,-0.4565998159887017,9.45967137738928,1,train
5.185609006891972,6.488098228860295,7.520113402091733,1,train
7.122186988618997,8.987470948165154,4.653423833556742,0,train
1.6501256846416315,5.317063339056084,8.184496983512094,0,train
7.541698626952087,1.6626205686756506,4.389359616518208,1,train
7.5562292975702565,1.4966205203637726,8.555059468040957,0,train
3.770152957436167,8.311588071053833,5.341947004455443,0,train
10.547515775320495,2.6843799019611296,3.387032507444805,1,train
6.702429266938511,3.903302157202051,8.376999866963144,1,train
8.651826566850326,8.637404227813622,4.631862507664674,1,train
9.595935781455488,8.06100489301207,5.006591676267659,1,train
0.45411022310414373,7.615234823121661,6.4144883882088815,0,train
7.635039068441558,7.676950724071119,1.0757717066231216,1,train
6.533067876466774,1.272007780101277,3.972415746106776,0,train
8.832661327382974,8.536900297655828,3.4314062105732583,1,train
3.4875672706631926,6.91514574197984,5.566463352809495,1,train
5.3121592600797785,2.105057851731389,9.068613777622875,0,train
5.081474528431498,4.877826211570366,1.0195481704662752,0,train
5.330118264091199,1.8104222238447365,1.7812580876837674,0,train
3.063914848451992,10.485197086048824,6.654765515076552,1,train
6.833067514487859,5.983574290136855,8.284528716376359,1,train
2.3242255858224325,6.437438814366804,8.094273753646759,0,train
4.608667767565712,9.101145640371406,7.282032218656775,1,train
6.714806695551307,0.7487633710651971,6.846469702722967,0,train
2.1772861183022627,5.1327893480780045,10.215825805524137,0,train
5.605434956950075,6.313605251075727,9.400637846516105,1,train
2.3158518814223528,9.240046831340518,4.637376543758823,0,train
4.991630427004028,4.7802163672613185,1.844267468088909,0,train
3.7618831465671048,5.027791210519178,6.81416944785615,0,train
9.536360742081438,7.835690728761138,2.6177386765781474,1,train
2.9083084737220517,1.8463396365538056,8.847862041111247,0,train
9.51197051961628,5.849117607691682,10.442602248815128,1,train
1.2290639881760164,1.0539308860252932,1.7886723154988307,0,train
8.596656165236272,1.9160289151364542,8.029115590753422,0,train
6.520973462253744,3.574959680839612,6.611023954074796,1,train
1.2018776130000224,6.592038184621376,8.509631668969059,0,train
7.2189286116540305,7.935390107226016,6.602542190768925,1,train
6.613410453320297,3.3979639590875945,8.34154120075027,0,train
3.5893039554493487,6.8280313859019905,7.064383261807359,0,train
7.427113436596523,10.038312340742428,2.027106669886322,1,train
8.535683185074754,2.167721123399137,4.784863362921703,0,train
1.1344874077681664,6.912832353625345,11.08123686077624,0,train
5.244380159907703,8.58651705255127,5.771580097886869,1,train
2.5676644508326243,6.892476760958701,11.426594500670681,1,train
1.2599534135613233,4.552851635187666,9.684347140525569,1,train
9.30460733525291,9.611656442648187,2.9218106673418713,0,train
4.082386613344148,1.038072136116805,8.948874585096803,0,train
9.157102092525314,2.240263442179779,5.966978601285692,0,train
6.123585881501879,8.514888687790314,6.303918535222613,1,train
3.704422848344274,2.4989700728691666,8.689507634602538,0,train
2.146844556769314,8.661154459612389,3.384332763546931,0,train
7.957401901585191,5.801541003786111,1.3900177634721476,1,train
6.101954170321412,2.795101725834103,3.5676924722575807,0,train
5.84583257080647,4.676336421700629,4.861185791338629,1,train
8.11330832035935,6.473540192723755,8.473600346901684,1,train
2.4135846005206796,4.433888401630104,8.86208431667989,0,train
4.726529737762246,8.897233952020597,2.0071369839972504,1,train
4.533100831641158,4.5913973545875955,8.86011298358427,1,train
2.057343893108075,5.860208177730716,7.542737481318538,0,train
9.698692596020527,3.1584498110410943,4.945721619765411,1,train
4.151052365206893,0.3052599159569065,8.524117196212476,1,train
2.0012232950299174,3.2611340973273917,9.711972771845428,1,train
3.3022208101424337,8.622439429528319,6.217175531193375,0,train
0.4578485009294695,5.007442373848296,4.276211470338415,1,train
2.500206759439497,8.169688012848127,3.512431526139379,0,train
0.8039304621885816,5.596532380055399,2.603377701027565,0,train
3.258027588319779,2.647558361828322,11.37153761465855,0,train
6.392911057509954,2.1647926433003084,3.015357337691436,0,train
7.121412848886367,6.855011162959739,3.618060476407993,1,train
10.394137441053122,6.92920408830157,8.6438605384302,1,train
6.854180714286161,3.9664803028273203,4.274131751759883,0,train
5.949053905730763,7.6852750579647156,6.957142347696278,0,train
6.500272541027043,7.511367398727792,1.4551822701966581,1,train
6.041968363682846,4.951248092620019,2.380521596668543,1,train
7.198036805982088,3.6797843747070216,3.3275531487930854,0,train
6.688001660948645,1.7823057843041592,8.043718367404333,0,train
4.526020532186045,7.597855940452885,8.69389338697741,1,train
4.135054262668206,5.745138767500248,8.025577429945768,1,train
3.272568028004198,3.698662163908189,3.7898370854763304,0,train
4.570260711760035,2.8472011294529156,7.071359856009924,0,train
8.317298553351408,0.6770795466234008,10.367499861477377,0,train
9.564864767443046,3.2131065083897377,6.09362382960093,1,train
6.088513788640556,7.156652010438268,8.991462511280965,1,train
5.102045343950032,5.162789443568885,5.886853170812984,1,train
5.610176094848318,-0.2697720858626178,3.7022141354506872,0,train
7.539096087424368,2.906979187454917,3.67909176681892,1,train
3.1589501421651227,7.059047138588344,2.4829133068003846,0,train
2.443736332296349,4.652501452298124,8.291196993086595,0,train
3.053996919542367,8.972721586114313,6.979732139480892,0,train
1.5114632367492329,7.54154423899199,2.4928864994918616,0,train
2.7731676524288957,7.001430750522005,1.340767698345301,0,train
3.1228833151126625,3.126639579074303,7.891574347113145,0,train
1.8649303639975818,5.763013406041369,7.006920809169744,0,train
6.158931873413674,8.067697007825583,4.82137688664053,1,train
2.8053870876872966,5.802900584287593,1.5685065137403855,0,train
5.2801308693984135,6.4362136993370465,7.303087262958139,1,train
9.834334986139638,0.7181723827901135,6.955127742380049,0,train
6.054637697901408,6.8376515055970515,7.387260905299598,1,train
2.8498279627845156,4.775080751858954,2.349880649463046,1,train
4.376609651475002,6.780816186784489,9.660899560908128,1,train
6.140010857000923,8.253368060012594,3.513054693487412,0,train
6.036098011374036,5.482628074180143,2.0418674991608747,1,train
1.0464785083517283,4.5443551535921,2.8037562829375786,0,train
5.9320379968162325,6.708923847654595,7.6837721319303025,1,train
5.797989116481355,1.2216691160445836,8.424059094668985,0,train
3.728413899677322,5.371272930927841,4.387415613531321,0,train
0.6931396232798754,2.834485362606761,3.2336341065945278,1,train
1.0977689741170091,5.930876710847839,4.493433014706953,0,train
6.950664694887799,6.818844465591416,5.839933509006259,1,train
10.124423855559984,2.5009648143029164,2.0854331520838594,0,train
4.268084640627965,9.365223904132595,9.39244851412125,1,train
9.903882143801843,9.17952536368221,8.84001353250565,1,train
6.771863436615899,3.1734894188771943,5.770876680136363,0,train
-0.17314340108655935,2.7480250086437605,7.893386651993233,0,train
5.500803348834678,4.589843646665195,3.2564499179942517,1,train
5.901649223577849,4.885720620993716,4.6390901840142424,1,train
5.265075027575347,8.500917878813631,3.8503751430193462,1,train
4.0737852493321025,6.677885118700187,10.759882702760525,1,train
7.501398334445884,3.7498579656001745,4.687565597085889,1,train
6.341204200881079,5.979455666134564,6.672420758989939,1,train
5.913471314632876,0.08990345569210745,7.399281960035859,0,train
7.356799309357632,4.767181437152884,6.92674118460236,0,train
0.569171380006888,6.673799911440743,2.2988362135975002,0,train
7.1760096054356035,3.276016182392467,7.24015288937896,0,train
3.4448698136405413,1.6727552316132106,6.895304020354081,0,train
2.7685552015209205,6.484693742334274,6.35872324125334,0,train
2.484981157124564,3.2529326182577494,6.230968918496709,0,train
6.77062491445677,1.5605734579046804,7.041560530853762,0,train
9.387381095475359,0.6571609157615788,8.754856576716492,1,train
8.680208488686915,2.010621109341891,5.861418896752411,0,train
3.540732838413081,8.107978990923593,5.197200228362661,1,train
4.854510012742005,7.411935866769128,0.711253134552795,0,train
6.564467394259634,3.247925847382848,4.606692477387882,0,train
4.898970247508893,0.2713112982409176,5.80932296985445,1,train
1.6245707088592818,8.260004373643355,7.576085143493321,0,train
8.640077333755434,6.157553460798521,0.38980748330177084,0,train
1.8249283636461755,8.142809564262363,7.484796170916374,0,train
1.4926111691770647,9.207683404525548,1.9776679185411037,0,train
6.485035479798248,6.1287767367379455,5.853823730644415,1,train
5.016892823416154,2.573578855875139,2.4236746137596086,1,train
8.313133816379178,8.668476733269326,7.65464735336286,1,train
5.800905586061592,9.447650428798203,8.09946171921855,1,train
9.408237696523996,5.817283241256007,5.073939163851151,1,train
2.623340818703028,2.5487869620969237,5.569691572688974,0,train
7.330155454799435,7.837904643905436,9.729160733716869,0,train
6.734356082514487,10.232774894447264,8.20631626366703,1,train
5.694495654544786,3.000064775994574,9.047171394827755,0,train
5.84612131511896,5.83508209964904,6.118731955844417,1,train
3.798594481682527,5.322192675311658,1.5828385697088587,0,train
9.431317396229028,6.831500529625651,7.978561199852268,1,train
4.042740910247635,7.345370986297478,7.554648269136131,0,train
1.663711141395428,7.7506681690030295,7.913709163254313,1,train
3.3296576088328047,5.0324467047829895,3.2849600350175097,1,train
1.4740567660143067,6.823840355243781,8.636467950906622,0,train
7.230096938751372,4.3900561704407615,5.54753407433036,1,train
8.216865805276283,2.1280355898803545,4.683523905572999,1,train
8.964994624343456,4.619174066691881,6.099236811580428,1,train
9.547378074148567,4.322959515374819,7.1163965058937775,1,train
4.954751965347135,7.705259214956816,6.696371047960185,1,train
0.21721056688435447,8.857243286084751,9.0523844076144,0,train
1.7559978935598846,3.66890959853733,9.006213118392397,0,train
1.4489003860936815,10.052657722753708,2.1280007993588335,1,train
8.895885726562476,6.267023800465708,3.2178951690566526,1,train
4.807641244066813,5.898155721476492,9.625248166955004,1,train
9.406220891232246,1.8609591359725413,1.7720507700542563,0,train
8.42188461061137,2.0510145321564903,8.60736328880881,0,train
2.865572338657059,0.7754127723367727,2.4084402369452436,0,train
1.2590970863218007,3.852072409047151,2.455032711682981,0,train
3.4949984882808067,5.425540760862982,1.2329408518320937,0,train
4.694200645542088,2.6467566675668452,7.38694816690228,0,train
8.276344021185722,4.772897765150544,3.7779237163341413,1,train
6.389919888202674,7.172647482429621,9.614284594128776,1,train
9.142894430400148,8.850853197992922,4.919436505683021,1,train
2.4735312148999755,6.643828309021039,2.759529708977629,0,train
8.597519589974707,6.86123515112076,7.699218693228442,1,train
10.199214245129053,1.8298679959447102,3.2990741666425967,1,train
4.5890356265023176,7.140269690223656,3.5686981020137623,0,train
0.9686438109364919,1.3290175721917457,10.345894686798877,0,train
6.352327642709677,2.6475805871046822,7.850337833723911,0,train
7.888510154063805,2.2172926542127502,9.04357683186501,0,train
2.5717160916314885,7.372445170042634,8.745339747355828,0,train
7.955050954989641,5.3549834831402645,8.277229256559226,1,train
10.047372595861065,4.330872715575871,4.670999483875936,1,train
4.867193276709175,8.174880072755068,1.8670546505105456,1,train
8.139809126682456,9.298994514886246,4.304593136200894,1,train
7.872655271808796,2.3252193935807455,3.546332639585994,0,train
1.8562306330031442,6.1891168675052,4.330547278982247,0,train
5.4105102758232935,7.9954685439872195,4.611508502587712,1,train
8.378601135647045,6.638039378399653,6.393572170515201,1,train
5.002529541156473,4.93505552939914,8.924691685659274,1,train
8.431383307623154,4.425697612415771,4.946211453981098,1,train
4.287435862151015,6.916924445655538,2.1567204176740202,1,train
8.978625681364214,0.7915189395110307,8.818761910131036,0,train
8.276367219940175,3.866798653579756,7.122785092668758,1,train
8.372449801555195,5.131416686010754,7.4268600449557605,1,train
1.3392392915652578,2.816641716081318,7.321866442809022,0,train
4.35780624957566,2.3144760917298406,6.888494709659465,0,train
2.4592330887697478,5.178674258100626,8.501388384386676,0,train
6.450319326470482,3.8947533340802094,4.690355745409369,0,train
7.961964332765751,7.144839616533152,8.601569978591879,1,train
7.582060886546096,7.849547540175328,2.2575933134709123,1,train
0.8658716598278967,0.859470878003501,9.21373469400815,0,train
1.0264971718882936,0.16901116568653696,6.423886753287269,0,train
1.5320066233088576,2.271240477817728,9.52085163144741,1,train
5.9696351507649235,5.112645107682266,6.816822938547488,1,train
6.72083415534857,3.097237658292019,10.027254134434965,1,train
7.570743233124381,6.744356318634599,8.6055041083932,1,train
6.7869128952654485,3.960116447911028,2.6328490097848816,0,train
7.372641398544901,2.425150557930466,4.2832644700084845,1,train
7.876141003348277,4.67792508839638,2.39739415112407,1,train
0.3565802449403561,3.861121183037972,7.067669258912552,1,train
6.3738800235708855,4.3758407889771584,6.9942989565794464,0,train
6.18285265131164,6.006223460443362,6.7776028473320515,1,train
6.257557552351389,7.238152241725414,4.906658110660217,1,train
6.236115013123771,5.278525030874919,5.660908941573513,0,train
7.40435799488595,6.994979488877516,3.473041446048916,1,train
4.892725139209308,9.332168043096921,3.3993484741516244,0,train
8.860036046019465,5.4039378325931615,3.3230179329193383,1,train
6.3758711500073115,9.723600416774504,8.695897059458423,1,train
6.66265988300619,4.411115747009838,6.643673502117878,0,train
6.031026007652429,7.379018217458939,6.263227649906184,1,train
6.658179513615518,7.684837429749969,3.9298502188588578,0,train
4.421479865197849,6.988081399115661,4.835579527141549,1,train
1.8026916525245582,7.692108283965104,1.3576036803293052,0,train
4.381654857490554,5.887002648000717,7.986004796351167,1,train
2.9229920910907454,3.9745452013615203,3.6824771124270126,0,train
6.491459610365114,7.120410614872869,5.4411367558462835,1,train
5.378295957440855,8.064465106064532,2.8738044300176,1,train
7.460403243072882,2.015499171341099,6.653307235268472,0,train
10.096219722163292,7.410725069985411,3.5195621775989383,1,train
11.00242223114606,2.699688262545217,3.715119575097187,0,train
8.967201838435312,5.601305815726008,7.292586045569452,1,train
8.93422130917625,2.348322289966828,7.959036540231991,0,train
0.07123308027104214,2.2469460690605354,8.192531871503787,1,train
7.578523989521625,7.848419632840505,3.697156126865644,1,train
4.296265439145254,8.573830765628067,3.76422538093991,1,train
4.121022222913913,8.43979917428549,5.391513426881985,1,train
5.257653907940868,6.637784777054552,8.113429784225902,1,train
3.7054074100397085,6.680511052006268,9.57614339245257,1,train
4.148505367724206,5.170919589578341,8.461251285948915,1,train
3.9074897246556413,3.640328698543971,5.789826364158357,0,train
2.240900294345869,8.189711363444708,1.5488926776495706,0,train
5.860078520879378,4.464155303536934,2.5399326034349565,1,train
9.437705014738516,4.915062783894983,7.889231367096512,1,train
3.878956934241394,7.074622437332468,6.384574829955012,0,train
10.117231944599492,6.859840848454804,6.0394593400100955,1,train
6.392422839591512,0.6054073798030916,5.410397444352094,0,train
4.390965042877967,5.676806160267297,6.381640398822907,1,train
7.5154233396259285,2.9171254803125963,8.763260292731708,0,train
9.674313594035903,6.95990863490629,8.90120867169028,1,train
8.28689902439337,1.251087895786079,5.43247252119985,1,train
2.187268018974619,0.824602971399236,11.408005542273447,0,train
6.202893077099353,8.722571662956282,6.911585254584436,1,train
5.606638802545307,4.145131383661813,6.59435547548501,1,train
9.881708930279371,5.467161507960702,6.050438087160916,1,train
7.503560577368959,8.880255867576118,6.4734729727931795,1,train
4.85427087268463,9.266555536715048,4.083369119875814,1,train
8.997788774941366,3.883170579440839,6.036920108609075,1,train
2.166613451541791,2.177462632387379,2.5579160948958157,0,train
7.336081343538569,2.766504599171108,6.887575654575221,0,train
8.566693948701488,9.221518296808014,9.614350847806008,1,train
10.940898739627812,6.654684457107933,1.8626292733548349,1,train
2.1884286516267966,6.205977762724239,9.710986935853954,0,train
5.0155287855309405,5.668871235577485,6.037635322499076,0,train
3.947767816304729,5.821187703659264,7.275956101652428,0,train
4.946186870352416,3.3625084275507717,7.067155810643531,0,train
5.529925604328589,5.412595659591218,11.759108697628871,1,train
6.413693198200161,8.13434048866069,2.384630615675337,1,train
4.675428497867717,7.068637913722909,4.424428065150822,1,train
1.8371302480885767,5.557827274954522,5.615543560068354,0,train
1.2888195455226947,6.604649159367783,3.5154626918775667,1,train
3.5409576588388125,12.391257384171379,7.306422943053107,1,train
4.719599405831624,7.886459164848785,4.20639393601107,1,train
0.9790250622311145,5.799631832827224,8.506011062551847,0,train
1.1156472401153668,5.549601106761236,2.2487811718922663,0,train
1.9311604644614606,4.915618543499606,8.114687295693841,0,train
2.2002527374902234,1.4301976004696155,9.07115238041805,0,train
2.7475142581448315,6.938785536313671,9.290028552202694,0,train
8.287840871593653,1.082321693467044,1.8255288302970836,0,train
1.0660762272242106,6.0783758547687405,8.739810556258666,0,train
6.788068159691255,0.8097543367701479,8.52893405752801,0,train
2.433683592191504,8.950979835681151,7.649040603863561,0,train
10.928467183460494,0.8799624467318529,3.411357230927387,0,train
4.940992585892877,2.194560959035498,5.212699413666342,0,train
5.784069113135138,6.533943067028847,3.0564928625484304,1,train
4.958200089651244,5.108824696183383,6.2483531817348625,1,train
3.774449948088447,4.829583910925969,5.635821073734225,0,train
1.9312826291274983,5.803168905301343,7.562994555078345,0,train
8.005857901873586,3.4384694816594963,8.56949637217861,0,train
9.338845175305863,6.836037373889746,6.229457925111074,1,train
7.415886444810226,8.017556446170483,8.541713401820614,1,train
9.68572437551078,2.215626827267379,2.9243245628899843,0,train
3.601825377890113,1.0172626675734562,4.60458427711268,0,train
0.7310000108716552,7.697336980546883,2.3488487125022726,0,train
0.62738792915614,5.605459021619479,8.293799591350504,0,train
6.282994990002397,5.134639041842951,7.880680026431661,1,train
7.172637833942821,9.338246940776333,9.087783733582688,1,train
4.502022934035167,9.441817759885284,9.693527860975026,1,train
5.168704011589247,5.860053878300163,2.492734342058715,0,train
7.681119947727843,4.058374202693635,3.6345158063284106,0,train
4.256974755641352,8.569153566913831,8.884492772899186,1,train
6.09570004799887,2.4299077117733154,5.392979770380743,0,train
10.25535983011782,6.789366368568634,10.325603734388967,1,train
1.7786323109621351,7.768977418275917,8.144628243107618,0,train
5.696599843737292,1.7779089472407903,5.149291583704889,0,train
9.949145444650076,10.612448290551178,9.326070955316585,1,train
7.058464165276858,10.021481343938644,7.090200484190114,0,train
0.4073958823284267,9.979964453489146,5.142079633045141,1,train
8.444470133219578,2.590353442064698,3.4676785960828718,0,train
6.020872030164154,10.222042702303117,2.0278025181000605,1,train
6.112608977109493,1.3933459048875076,8.32995539408664,0,train
6.0152783964977905,8.161951539541302,5.753190249946054,1,train
6.416414518845785,4.2877222649115385,9.449916226601532,1,train
0.2892840593788506,2.9699824706840436,4.96176272113349,1,train
6.736887437555194,4.669422342759461,8.369349174438302,1,train
4.0940511008107565,4.747044028132928,1.926045059064579,0,train
3.3264697133620698,4.097876642730648,8.672021420824855,0,train
9.70109449989201,8.819903934340914,2.004531431777361,1,train
1.4427610176639083,8.275517347623481,3.9341700274988494,0,train
8.116958191768727,8.807963021137128,6.05329964574636,1,train
3.4958496640842074,1.9616159960965818,10.479330653027324,1,train
7.699081449879499,10.716749469538222,10.371326509144648,1,train
8.17431272441392,6.319842965916515,3.8207259863927767,1,train
7.292665931107493,9.742166179497227,3.175062431118919,0,train
3.1297916187690835,9.207738168673622,4.721977540531481,1,train
6.91399538556524,3.4209863761277615,6.087049478384471,0,train
4.360860400235381,10.341793921985571,3.436812771248169,1,train
1.6130890720698314,5.461343204106871,3.312288136137326,0,train
3.888941405226499,8.323250408667327,3.5881767053592943,0,train
4.446739718468802,1.9608366777823942,8.354567135398458,0,train
4.166500072757666,7.847915206180498,2.347207475984889,1,train
7.013468497386631,5.2187720829837545,1.6884827720838231,0,train
6.474228033084993,5.727137730867566,1.8702781002118452,1,train
4.179861357309475,2.7576870778774287,6.576656521686008,1,train
7.060217465546778,4.537475050639825,6.205713451276064,1,train
4.503647392896747,8.623831207667628,8.820443215753944,1,train
5.130775480082775,7.142626152022356,3.253086007225128,1,train
9.267201305028735,1.8743479417392914,7.891844346128367,0,train
2.7875798944903822,0.365097169118465,3.423766478397173,0,train
8.340247336391908,4.06544375182154,6.1766871429671015,0,train
9.383087334234034,5.778952495746938,4.818008475023067,1,train
8.681737997084216,7.353968726229112,9.777569371371197,1,train
9.045734784096554,4.716222994369649,0.7687387058145492,1,train
6.931441278548638,3.75717024186378,1.9213873900670506,1,train
8.960036935264226,7.998370061654319,10.93909588216859,1,train
5.785570020072558,3.1737776935617426,3.1043415142767383,0,train
-0.23470835299906234,3.8332178011571747,1.9658868480663954,0,train
10.543457729932955,2.6326302113520046,1.716287202404294,1,train
6.035712326776481,4.406470642507879,5.6975108210517895,1,train
2.4848222314130477,7.144013658195117,3.834225479087932,1,train
6.873592530228402,5.584673771077367,2.286475060516002,1,train
3.1111743465786827,1.734209404051389,5.3192949204069775,1,train
2.515752137653858,3.1972217069242426,4.3292525863304,0,train
6.766065262360272,7.948949461195367,10.295782448445856,1,train
1.413073911190886,8.531992465030559,9.109750061199204,1,train
4.624282437862877,5.270741540825956,8.85715262922946,0,train
3.642151004401667,8.582292389774853,5.143498514893383,0,train
2.4233375204527148,4.898941208606332,3.1566157034050937,0,train
4.955207381922717,7.404033307697917,7.011853803947087,1,train
3.8255057071060445,9.212240898698175,5.412620511178254,1,train
8.107908095997113,7.600083634412452,5.500439363965287,1,train
1.3061302252509217,1.3757182609522787,-0.30584542402445947,0,train
2.1221253886189375,7.533221686322738,3.349509361569488,0,train
4.226673516949641,4.746795020192302,9.873750087826753,0,train
7.21498889790309,5.793201908670227,0.7333434348411478,1,train
3.5264926508835504,3.0082364489397,5.622525950096629,0,train
5.268209716253064,5.410205379677509,7.965536550300799,1,train
8.251112641596247,2.7931046776899784,6.413843510575218,1,train
7.2242447851075395,6.432352392258647,5.169677427238971,1,train
6.619003469073214,8.415089369846541,6.31772098820728,1,train
9.12014356287002,5.721601316632569,5.89841740280805,1,train
2.2535771195033933,10.066327422991185,1.1454867788332739,0,train
2.1194140905203858,8.690719724332624,2.043772411528824,0,train
10.31936473010632,5.158164451926821,6.87268823792449,1,train
1.5607156016964474,9.48279141926141,4.049731445458519,1,train
4.350807075741584,3.6473197924355505,5.654109358209484,0,train
6.871731264264419,3.545647564552647,1.2834754564755266,0,train
7.281143451341786,4.161299324067268,0.8570595331405165,1,train
9.885840290630949,3.884139752361428,7.5498668742782415,1,train
6.57272087724089,3.1523411689695013,3.803730846138699,0,train
0.5724870971843603,9.10978138612022,10.459687271263107,0,train
5.839204648954424,5.8291233232124124,7.041640090778818,1,train
8.248854227378999,2.1777488599123824,7.626249536332895,0,train
6.456977892629017,4.914097031618406,2.0675388067879203,1,train
8.493794083682138,0.19445229396357866,0.07182152457169888,1,train
0.9387078116597203,4.939014960322494,7.629393358661638,0,train
10.297371854393745,1.6662629392104003,9.538471999605807,0,train
9.193906021496929,7.88701349568159,6.9101156975794265,0,train
3.0695188527281205,6.269590051623494,7.795251702398456,0,train
8.833900332455537,6.863532962969752,1.4454473683605267,1,train
0.7319442062117492,7.286148987298202,5.328986571132721,0,train
6.699919433437104,4.238427671634711,1.2442028053574912,0,train
8.886972170193292,5.052018794106827,9.82632190351608,1,train
1.1497995533275565,7.860669653271148,8.021163155079268,0,train
3.667795758837407,3.5078443018999366,8.02353000544554,0,train
6.177123832899465,3.149009885032226,4.294494871253139,0,train
9.260455927850794,6.95191649573856,1.45364109629221,1,train
2.7468565039261197,1.946217862374154,2.657929224753519,0,train
3.6465555007671595,3.9224377451889896,8.35390719850926,0,train
4.051855629803969,4.822129979016909,6.6020545937741835,1,train
6.675558044004141,7.644228512447542,6.129721374611929,0,train
2.1915480328505104,2.9207304135371626,3.747665315246377,0,train
5.616363258066043,5.454629742365697,9.421361643299685,1,train
6.758813209884697,1.862774246099287,3.575344210236784,0,train
6.237311981106547,10.056566710102006,6.22785138280854,1,train
5.633595528194835,3.98128033385772,5.403970550781894,0,train
6.479084674729373,9.435260943534896,5.636613383455644,1,train
5.7303559159926465,1.7773413789652788,5.34027182776194,0,train
2.4544739017796537,10.741914938477091,8.654213513863118,1,train
2.137740486170066,7.115043180272643,7.326813299373085,1,train
5.556002880645131,1.710993723692549,5.094053924609805,0,train
5.511238251492558,5.180303417619517,2.5570403600110962,0,train
6.648995110745404,4.936362943351401,1.4405746206313017,1,train
6.8246574992109785,6.121344427247151,6.603416728134352,1,train
1.7919309168399504,10.041963316605859,5.532356927960773,0,train
9.195210306625556,7.9078814087497005,0.44313719796513873,1,train
7.806074659732857,4.89936394219005,5.785322904960694,0,train
7.88171631478801,2.622957876154475,8.773894376752338,1,train
3.7994271620933455,8.054530046152044,8.723551084090216,1,train
5.820546729972679,5.210929954387447,9.40677699530617,1,train
5.335288042565038,9.31774452857449,4.544597172976401,1,train
5.514772998170924,4.831040566595597,2.8360303651645564,0,train
3.8031613430898523,4.814627574151771,3.3096270392260445,0,train
6.237686685276504,8.36497542178021,5.446114561601766,1,train
7.220007887745883,2.4401275566742044,4.109666078764472,0,train
7.076513987980647,7.708963222962155,4.88752541890116,0,train
6.944014131312695,2.58867843486921,2.6486759872351353,1,train
3.0965980510554205,8.635197029646037,8.56354679275887,1,train
10.518874541639388,2.9060634145988464,1.3321193581114532,1,train
7.475919525282098,7.648289715323253,6.342217095970257,1,train
0.7059684090524857,1.5073956186639215,7.291984889715388,0,train
4.09810776746529,0.8028151409075155,9.923587059520688,0,train
5.0600226784015065,3.0697220631659716,4.497537772429116,0,train
0.8368164562866021,2.2751064828459198,1.4438080851434851,0,train
5.028231486817042,10.167718824993536,0.5891187117284606,1,train
4.852696084894302,7.422984772104156,5.980878542692817,0,train
5.609780847852537,3.8279298341839736,3.8727990891379656,0,train
8.65885817334939,6.028995734692861,6.00003794060431,1,train
8.348826733962262,1.512328657531433,3.935156944484583,0,train
3.360394036655326,2.885338904185151,4.894333080456345,1,train
8.842587146398534,2.8161133442752524,6.097083407764687,0,train
9.84407059764976,6.549784174081659,1.0234489096115187,1,train
8.355011729879584,0.7408087229685423,1.4850550544295456,0,train
6.603927252996542,3.063742496633742,7.154468816982252,0,train
6.540066089100964,8.59676881907243,6.255377779223213,1,train
3.1709709904594,4.8507727590639975,8.062437800454415,0,train
8.35811397950936,2.257998370918153,4.8669213619251535,1,train
2.8552816570734048,2.134622001833914,10.5645620903515,1,train
3.8564996227933417,6.3180902715068115,6.5071162224112165,1,train
2.014337710034427,5.122543181921441,8.8583039567533,0,train
7.337557369656258,1.6772715056575827,8.091095331956023,0,train
6.8238633814769445,4.28650062860836,3.4279971196307706,1,train
6.418652073037024,7.1238017324685785,4.049958228016662,1,train
5.096329944653983,6.842155867809298,2.595198014591063,1,train
7.801059933000813,7.433002156064655,6.0656123836762825,1,train
6.156061893268039,9.157654850638004,7.257177552089798,1,train
8.904563188745133,2.3805902798249914,10.098494924506895,1,train
2.0001078802670333,6.490741408130301,1.9841796671723195,0,train
3.138563160815971,2.5561483682576878,8.263114570121491,0,train
2.8723814115227224,6.518541137839903,2.111332864170293,0,train
3.31218956928725,5.7622902720584595,4.3989678131541305,0,train
6.296643879275689,5.421080847980057,10.264172551171002,1,train
2.5457390343214095,4.467861920095432,2.5777354862310404,1,train
8.929868956968399,0.5639451319845519,2.978124615068814,0,train
4.2374670455878585,4.1708956860006765,3.363399904324915,0,train
3.076959654864516,4.528234635392369,8.196633715613215,0,train
5.204754602734169,3.260845453072854,3.479829389442286,0,train
9.072883291754742,3.9149598136988724,4.695003590968301,1,train
2.6786454954617347,8.551550526257758,7.580752801256324,0,train
9.638557052297777,0.7601009623596675,6.501576988912733,0,train
1.494154007434652,7.51800839482237,7.338299969863176,1,train
2.757775448613013,8.208326951206443,5.505599036250484,0,train
2.134250574926626,7.318366483740882,7.164278788744275,1,train
7.750222157517398,1.2698075666428128,1.2316190874952457,0,train
4.470597934579122,6.1219589442111175,5.768256718471731,1,train
6.0412779459936905,5.496994364683589,8.046058690374558,1,train
4.651485047023614,4.373278127623717,6.118014756686787,0,train
5.823323521759598,5.291598698631413,1.5796899115748368,1,train
10.744410543469709,4.050587016070243,5.034942881373309,0,train
3.5613959731768143,4.970509685541036,5.289832104864233,0,train
4.83140833868269,8.535556112974817,8.860654090247843,0,train
3.4957453141425363,3.763174571562762,4.290972769352785,0,train
10.885792044646502,5.139521118613769,3.704147953044492,1,train
4.0132334422886125,7.903210519680321,2.7603416167597725,0,train
8.72727198597713,8.881608641625892,9.167049624321212,1,train
1.9308803169614959,8.206944568781378,9.117073094737957,0,train
3.6924560082674396,6.790398247732797,1.5113542591819962,0,train
8.977739624873582,4.688715789343167,1.0548561253157247,0,train
6.37181600117213,0.9786962299868708,7.03454036719042,0,train
4.079618158023482,7.129656651342859,5.0298952027541555,0,train
7.814800101299736,6.124875650649059,3.8686772290488225,1,train
6.658249731046104,6.012030378464357,2.0422778596342575,1,train
8.465778524526016,7.83851141706194,7.336821391610357,1,train
8.781406082800215,0.9917720216723345,8.47000631542546,0,train
3.212675150713621,7.83181695069684,5.948519644106965,0,train
5.425303342159583,6.680641174416927,7.5113097509754905,1,train
2.2280372388225143,8.788484317138733,8.106717537811853,0,train
4.828492016218916,7.655895574430344,6.235153642588459,1,train
6.7532335622588855,6.822766534522822,6.057123919431782,1,train
8.498314451270335,1.8310306797144793,3.3962748440393264,1,train
9.1416646600781,5.245432581636185,5.1515418940892435,1,train
1.5400994095148541,8.389244130651099,2.4984382842740587,0,train
8.718497622927647,8.187042006957137,5.302208176822184,1,train
7.230064323221381,5.312936330488229,6.372162869915723,0,train
5.530075069210005,1.1056889123422935,4.583726862721341,0,train
9.01781863219256,6.639322244664465,5.8527517156469875,1,train
6.406327653724407,8.67212250504641,8.096486085288387,1,train
2.217262321772354,8.96077777947076,4.046236047918084,1,train
10.593885556612115,2.4711591789261824,5.484456976801608,0,train
4.006895773670845,8.37502018944168,6.066377883822438,1,train
3.0326077686292416,1.0000548844409203,8.466041020746589,0,train
8.056689067146273,3.2635180735803813,5.149833991400353,1,train
1.5062563142451215,8.260382189834358,6.345860911203337,1,train
6.542186094853739,3.7211091239211957,6.072334580675101,0,train
7.958151439020314,9.546668143287453,8.670013834247538,0,train
3.1695060951142318,0.39411544969107126,6.88836317586267,0,train
9.637760327469788,8.389714545680595,5.492317238886287,0,train
6.3319883917114534,8.879273687619525,6.463535623127097,1,train
1.8583588110604965,8.320359658297233,3.9512503821397456,1,train
8.934023476016879,4.608801035246461,3.3840112334009866,1,train
4.2163671374824485,5.592293617258545,2.39797491832106,1,train
5.270717240509928,9.35182676871457,3.7430006174664605,1,train
7.259240322632567,5.70664952015392,4.762857688463536,1,train
8.696767030888727,9.085277904505958,6.481794183773289,1,train
6.715516329135572,1.5631690416733854,5.035946575181416,0,train
1.4170970985955358,3.099876555923391,5.796545669068791,0,train
7.024384779159672,3.606508539178887,5.176158860709544,1,train
3.1833059254626677,4.096922573153688,11.140006789498905,0,train
4.816726137583484,7.819064978876392,6.266520699389671,0,train
6.253247181801218,7.438822737298165,8.770089323325468,0,train
1.850806235760377,3.1515321195080404,2.278848193735028,0,train
8.206087581850321,7.393606789903039,5.809085045426534,0,train
5.642515717989658,9.979054219972623,6.78969782467529,1,train
9.4909967501524,6.920554487730728,1.5621228396275948,1,train
6.843886005338739,5.429480857578389,2.3742512566186917,1,train
1.918242740597336,1.8162559882484999,4.013921606527147,0,train
5.898988281701825,4.622728095430966,5.591686112707377,0,train
7.8340425925121036,10.055497858071734,6.023964694144043,1,train
6.473305030239611,4.711477759792674,10.151198269474778,0,train
2.52144705265181,3.478411265772806,8.667951310028041,0,train
9.528267712067374,6.039681027370456,3.5492797690031894,1,train
9.541979858681975,9.133190790414565,0.8454237747545452,1,train
8.972553612829305,5.839222802652346,2.0783862413941594,1,train
7.291406331650991,10.280349471436839,1.7053526666323109,1,train
0.927633776795358,8.761881248620949,8.201243210796362,0,train
1.8506534235801082,4.629728611189682,8.130776014030138,0,train
3.8787489023215276,8.579833451828728,7.440773164094597,0,train
7.3811611487184905,0.3201912602269845,1.120588532687246,0,train
3.0832876724957345,5.758075400846383,2.0367464988413047,0,train
1.9717387191430455,3.8421221853128045,6.94256937823563,0,train
6.294664280574842,7.520110695979893,3.1117704236950785,1,train
8.456113749342597,3.470479907527258,0.9057346895763831,0,train
5.135260851542224,5.344449788311065,7.674256070089967,1,train
7.287960801863199,2.6173784384683696,3.4378513382322504,1,train
3.416281455742933,9.76701075440192,2.9949461987910815,1,train
9.484196285442238,7.770860824796449,5.49299711876055,1,train
4.373789988229255,9.80974690035019,8.960375445557837,1,train
5.57907026469967,2.297379407243883,1.1473476859294973,0,train
7.580052085425779,8.727891850705864,7.6013806806701645,1,train
2.883152558426022,8.258794633588806,3.6430577974342793,1,train
10.160320488714802,4.646654657233274,2.2840392092985367,1,train
9.130188625099692,5.139646943333056,2.0282373507245914,1,train
7.625953852211071,3.1309622365068046,7.064151374221897,0,train
8.62755341905442,2.977079255573949,5.902438102520469,1,train
5.62375388907888,5.224405588753616,1.9218093308605193,1,train
9.170453351251382,2.0274584512759715,2.297366382788089,0,train
3.959701098839203,2.3148371969646986,5.5330868056392255,0,train
10.335446790847254,1.8109311020455932,2.5278077485971253,1,train
7.402273645496728,5.343306309107964,7.098874530968278,1,train
4.008886663785389,10.301710720803541,9.3585471227887,1,train
3.2114726768101125,1.3493030082978335,2.6874654310879844,0,train
10.291694181903091,4.628389448640099,4.811251489240898,1,train
3.2053734679887538,6.374573889653127,6.60735440166305,1,train
4.519441997510942,3.3295296749981227,4.4239281317182515,0,train
6.744162470894113,1.731846897997776,6.1715991335070015,0,train
2.1370995132262403,6.628057192911685,2.387136884169096,0,train
11.28486522587536,1.877674529598127,5.933277102104227,0,train
9.482486059724256,2.1216510903840327,8.022479341805054,0,train
9.755647158062267,1.2256693924028177,8.503808648448727,0,train
4.342711231282724,4.590328695637156,10.125594831100335,0,train
0.6401080444208799,2.216931018777377,8.437152546660421,0,train
1.3481129112118144,5.556724936612238,4.857007319924249,0,train
4.2333504729295175,4.664795025675904,4.726947084198664,0,train
2.6452765091011763,0.8930852338940185,3.8244482035689744,1,train
3.220382154246244,2.193296548178018,7.47346141860605,0,train
1.3476482318280245,5.1674539531569685,6.853950913212968,0,train
7.443427749751764,5.52132043916081,8.701326491499595,1,train
7.5850322708444,2.866914937047795,8.556746864166469,0,train
9.909705158739463,5.351485521218711,8.0612283447612,1,train
10.359667079377424,3.159914477229586,4.123918392255115,0,train
9.1311292510366,8.992303697542006,7.121743991258434,1,train
5.792785944828029,8.581353032405191,4.948290703910473,1,train
7.3384410226717165,10.664016971801415,4.19810862651353,1,train
7.277935533034209,4.858311979253173,3.1201994610098764,0,train
4.723888853258434,6.297325128393405,2.177375458910717,0,train
4.908228428624403,8.186432194585025,3.668610737814429,1,train
5.332193323048252,2.5046839555498863,6.598843702302676,0,train
0.30351902857839996,7.039936593115327,4.377379332719473,0,train
6.7102629797216595,8.107988039326747,7.104957867782653,1,train
2.286996129811504,7.999744579796457,4.786768188480717,0,train
8.135249853130611,4.59104094732482,2.349020926939514,1,train
8.009452312466292,7.975722587193746,3.000457727683029,1,train
8.740674470105251,4.376868210581806,8.957897759595902,1,train
4.294927016527709,0.380001598845255,7.195963723443695,0,train
2.054435178926716,5.650314935430959,3.607693194915921,0,train
7.678516354534173,0.4786947552274259,9.663116817463981,0,train
2.719589130986587,8.570867226857116,10.740741704383518,1,train
3.836887830377096,9.971745665405805,4.4613055898294744,1,train
8.223785782737938,2.296864947664367,5.027830488898207,0,train
8.224025979653375,7.999421728569501,5.036865087244572,1,train
6.432923750778237,2.1944389723035793,5.237206236006684,0,train
7.345601851920173,3.50946458445145,3.8671826493929053,1,train
9.067735531169918,0.9037549728323135,6.124425895728285,0,train
6.773280070820347,1.0135798674774925,8.012147688923449,0,train
9.088614364721357,5.449165075813978,6.866013913709567,1,train
5.033923962383518,5.743988932406538,3.5703606366109093,0,train
8.77846283615822,8.0246599637881,7.75312286748044,1,train
3.167560170448862,2.0594169920334116,2.926919890432218,0,train
5.73703912473205,7.346939103509165,4.844798549535813,1,train
1.4540647652839833,5.550723146127845,2.231400271717832,0,train
3.931246284204272,0.7030245825461974,7.386096118495065,0,train
3.4365839595869776,8.601064323622309,8.87115419391327,0,train
8.045279760169123,3.5435217232597367,4.687969490103324,0,train
2.2059439324571395,1.1828239954204263,5.651482905888724,1,train
4.590449936926489,6.739216208116741,0.39260827401777876,1,train
0.6122695349463265,8.194477076552607,8.650945562652575,0,train
3.120624469995472,8.710558610398513,7.799330571793204,1,train
11.099022823141159,5.4408099448353955,5.503926962978484,1,train
9.353488514933128,6.621163720634629,8.196879769079803,1,train
5.591641452053286,9.993872201127335,3.7544021400991765,1,train
5.33639559943436,1.2904484180361548,1.9460651594018352,0,train
8.82533523430878,0.8587151525023602,7.3360716538878465,0,train
2.5381825837669827,2.8113270865598183,2.2647181317831344,0,train
7.685036393739221,1.844566936805381,9.884070170109124,1,train
6.688522697298106,5.094493002272813,2.6534236726003497,0,train
10.390491651245313,3.0078788819146407,5.814896615217936,1,train
3.156384377382415,8.875491450176183,6.385142380245282,1,train
9.382432741667447,5.088754135653478,5.445075128706164,1,train
9.818997122509687,8.078998837278139,8.933848091000348,1,train
3.425590914522984,8.049865958603293,8.32754097353705,0,train
7.365429424213469,0.6306144437329981,7.823511971078501,0,train
1.7597744780204583,3.283582367691073,9.715622028337815,0,train
5.669214200937289,8.763845514464204,3.738807532348978,1,train
9.734049178694471,3.160963700041159,2.6987394149640442,0,train
8.298114032622543,8.179779149565563,5.957379076550895,1,train
4.785369104580508,0.8782331274474418,5.855806959030996,0,train
7.367624126514745,7.864987948375474,5.948684366479268,0,train
2.0819535271876717,3.2121745210042643,7.578083388892105,0,train
6.057896830102719,8.141799732530265,7.039072203983879,1,train
4.030078987927022,3.7997090285339246,10.064075209117537,0,train
2.8973641653283586,3.863609432759968,4.879732249085182,0,train
6.194511479367601,6.623923950377394,2.1005285720693596,1,train
4.41722965449812,5.260980519196507,7.452671878345527,0,train
2.087409495521579,8.332635578627857,4.049351666828691,0,train
9.463364585309593,2.4941037933788888,2.889741364726121,1,train
7.639725023376371,9.226765641233836,7.730529185598437,1,train
9.418196901121268,8.544877930175266,8.887499902895938,1,train
4.359817575256017,2.1977991241066315,5.837344507929791,1,train
7.35344229158692,7.014424289988015,6.772142747338313,1,train
5.117922838256023,8.284363219981197,4.27714527507111,1,train
2.9058817858859163,9.56084639070419,4.882306226616105,1,train
9.302268477515977,1.464003328336301,1.2802274438205374,0,train
4.299066202737171,4.983676679814235,5.455833380496376,0,train
3.178912691475191,4.734786259122567,6.222588907679896,0,train
0.8829840404128483,2.04815213209693,2.602548056892341,0,train
2.7186978487486835,7.577176198081402,4.564521582589661,0,train
5.037128067545788,8.176841824818855,4.188500207655567,1,train
8.028999999043071,4.222033265727431,3.4646536077615093,1,train
8.609614887414414,1.8806706162255318,3.5578642781711434,0,train
4.7590272655474575,9.081319124184446,6.945002013455673,0,train
9.634132056134257,3.818719834825962,6.00362341093812,1,train
8.609962385878744,8.490512320581256,1.8082686707112858,1,train
4.815575470696812,2.2278032357423005,7.594096092354915,1,train
5.909176796736373,6.3102293151532685,7.885369155542909,1,train
6.878595532098516,7.506737373535808,6.869851338700371,1,train
1.4892667067535312,4.640117754261186,6.195934949952799,0,train
10.610274708388214,5.874214306865531,9.596879146924739,1,train
8.523290601242197,10.356762484694558,3.788033409688119,1,train
9.873777645766864,4.653314272568319,7.547100980933986,1,train
5.412560970793814,0.49731281076200495,6.6667993363233355,0,train
2.146696105173592,9.736984738325539,10.403412008380334,0,train
7.953130076690892,10.364026158423432,2.5844897776251643,1,train
8.119751971444298,7.010412206180055,7.829507549119755,1,train
2.8132283770283566,6.144880935856257,2.1000284854730333,0,train
6.231311748319516,7.410772544438713,4.686955573893954,1,train
10.421640753178554,8.865198427423922,8.976244394820315,1,train
7.491507587422873,10.137711976241576,7.148758233023094,1,train
1.0092802099275726,5.011354952957657,4.029358815971369,1,train
3.899648916657052,1.686550176993583,3.7062493748653322,0,train
4.985782607669838,4.364946869480871,8.484561019052364,1,train
3.008156235656342,7.263919949552562,4.405438158063513,0,train
3.182161306664324,2.506600643343422,7.769994758475854,0,train
5.657119977112373,4.395509303316406,4.318789676051448,0,train
2.2718653158160804,5.257444246836281,3.5386026871474727,0,train
2.4797904470301795,7.22910855095542,3.5959790220706154,0,train
3.878170849504787,5.349266199428546,2.211109590504419,0,train
9.108593820781605,3.907319783114535,5.181552300891433,1,train
0.7645108470904474,9.226791767291768,1.84183754393985,0,train
6.2518436515542195,5.26343982229189,8.290726290145994,1,train
5.959866373731908,2.7274135145181075,1.262396701545204,0,train
4.711695426217562,2.4624944164540543,2.594085190850335,0,train
5.652419119832459,2.372335768530865,4.523084029443864,0,train
2.70322776907758,9.716969387322663,7.018457807695141,1,train
9.721375425548516,9.346537798589779,7.465442331846076,1,train
7.455339949178925,2.1343855363793782,6.787809184179608,0,train
0.29984348917824866,2.8884816467518077,7.78914784474145,0,train
9.715000977140791,10.036723383335167,6.998769937265905,1,train
8.886461109904133,7.253233149497359,11.008379050889806,1,train
1.7846824688771168,4.581931267173439,1.4861522744237836,0,train
0.5063068035576682,5.954641675201235,6.548197701809821,0,train
9.0427189480526,1.8840991269979788,5.269703606297905,1,train
7.565216193933541,9.62860791912894,7.318275228095838,1,train
2.355079727509161,9.961904187181492,10.126382971974573,1,train
3.3763563463402377,3.4937971761170665,3.333511791742292,0,train
2.1546588738800563,3.9906969322356582,10.09097649650446,0,train
3.2940575715666296,2.778001724244368,3.0354521149389613,0,train
2.3838162395848608,4.984131438207564,7.464350489643859,0,train
3.152109230826292,1.6632774321036012,6.10504632564496,0,train
9.72980617263824,8.028237185089328,8.234262512608412,1,train
6.714105302633137,5.953435063902925,4.529057902820578,1,train
7.120579113152637,9.087985207396688,4.4368041143353505,1,train
3.596403551057764,5.506638653382412,4.848307383025189,0,train
5.98447553513076,2.10268264783843,5.999099079203845,0,train
5.636484678674119,7.830376709500909,2.2153621118102325,1,train
9.812329626369648,7.581698278155561,8.391413012095443,1,train
4.765506978260812,6.012014556069534,4.670331254348185,0,train
9.229338016266215,3.786615862419549,8.725124577338017,1,train
7.984962353403822,5.420693445265659,7.107964103527891,1,train
8.860204241268399,4.919956387394359,4.861343447038505,0,train
2.4999639976669576,3.7066953118797454,0.7056624534557909,0,train
8.919036588777978,5.5268974160216455,10.496740260612274,0,train
8.088191811751093,4.173722517631263,6.460344336124901,1,train
1.862230681209275,8.792525902164268,9.753787973598907,0,train
5.42176847495803,1.6776371744364085,3.365781814504264,0,train
5.168703724752991,6.965786025090236,3.0626816021485803,1,train
8.793231717122062,9.01263023093895,2.4677138218116443,1,train
7.819405564400835,1.5854590462298916,8.742455995541498,0,train
6.649085330346651,6.922061637090119,6.738264185009513,1,train
2.858120916467631,5.060900989804064,6.497035209753742,0,train
3.4653590666812804,2.788710572017441,2.241153374194692,0,train
8.345657204380275,2.3218616476822174,6.986331244621218,0,train
8.351436910092639,8.84202738803939,2.024704727165046,1,train
8.198181886444486,6.095680231063016,2.287514258799346,1,train
5.32786908647969,11.17613767556995,2.761980878700426,1,train
8.438345107652296,6.0417405165921805,7.616657871250037,1,train
4.518089311272554,3.5871087415574303,7.7514334110071035,0,train
9.405173133960133,6.058500661282666,1.6710577291595534,1,train
0.5028799789546408,4.6339251159562975,7.819045365023904,1,train
5.4536975111568395,6.190236502640586,0.8046943102365426,0,train
7.518777816384292,8.427699974994061,7.128831738441603,1,train
8.613268411967423,8.347125053458676,1.6314907260080838,1,train
6.857423976531736,9.592673211716516,2.9699809410826687,1,train
8.94523688337134,6.1225293797433435,4.425853018957528,1,train
9.95540530794546,3.764108334658472,7.215727622866726,0,train
4.658370503074076,3.1947386179796338,4.6469194404227885,0,train
4.316145825919363,6.493392788887042,3.690793531353826,1,train
2.1895784878223523,8.01862979807081,8.320737533544637,1,train
8.109927310613818,6.018918159939137,8.501677052529281,1,train
6.122265727073994,6.969173567277536,9.157358809176154,1,train
1.8771158764551166,7.21052358531429,5.497086835185456,0,train
5.969112665418999,5.654628652802996,4.423243098238853,1,train
4.568046978009739,3.275323522161715,8.795935820690156,0,train
10.365271018988325,1.0137827459423465,4.824841617749375,0,train
1.8446999387829792,5.60153304066125,3.959557579508197,0,train
9.551515853498957,6.446023491795858,8.456036356590602,0,train
2.0240574314061237,3.6249073620113776,3.9788113731702444,0,train
3.8027683558907386,5.475483595301391,5.863861790570313,0,train
3.0194826835317503,2.056709396794006,6.0105226103871185,0,train
9.62209127854114,6.751262753300077,8.47409421305538,1,train
6.771552250449709,9.703377190421348,0.868499684423877,1,train
2.160748693567638,7.146594244723755,4.712725816007802,0,train
4.4683379880929515,8.25763432080741,3.1519862984809333,1,train
3.9473950209899353,6.16723525784429,0.5426053050010575,0,train
10.393807887326261,11.193709539139476,8.024580193227443,1,train
3.7710666181259946,1.9633635305046448,9.747173225785152,0,train
8.475615901592079,6.226820717098839,6.539748747404033,1,train
3.347404654086442,9.049695463208407,2.9741237123873407,1,train
2.818037253936535,9.138302210511995,8.585102677021768,1,train
5.136008544987841,4.975348488099586,9.965311629005635,1,train
2.083727448391068,6.050733278224449,1.1984921798579493,0,train
1.3455802968095472,4.328832267841596,6.606484413273648,0,train
5.927550482048211,8.484198212001209,3.422084224543638,0,train
1.7998055190978512,9.224939908051791,3.587819805802175,0,train
2.3655319173441653,2.0018440640810433,5.101194708033884,0,train
9.373971701157245,2.206492065781659,3.4859227528552914,0,train
7.391715999636538,6.8634251183281085,1.174093373732307,1,train
1.59220992220092,3.238176258883013,6.963160729048585,0,train
9.308830516812476,4.780093457236266,3.8082559257005304,1,train
6.1747290788322475,4.603484292447731,5.085615876257138,0,train
5.044704577457516,1.7773279527955297,3.8154006925466395,0,train
5.986668741031387,1.3867856747358245,8.444274471940805,1,train
6.6276397521550505,5.79294578298564,6.93064647120187,0,train
6.12430712131218,5.701929292045558,4.762696773106106,0,train
10.24364903477423,4.489286943183014,7.6795928179788,1,train
1.6074304103343238,8.65986389484036,8.680378749294423,0,train
0.9286466511183493,8.16133121766528,4.924031788917691,0,train
3.5905397033598208,7.578818743919923,0.9219809238527865,1,train
2.582152526137514,10.178892205798473,7.406381280841968,0,train
4.236029194439164,8.145831587521519,8.389031756646839,0,train
5.523932305799783,10.175847270089324,6.9941872713406745,0,train
8.238371492681786,6.127633511511151,7.483715514795301,0,train
9.895033807662983,6.184414050929434,9.21460105170577,1,train
5.0051510822083145,7.6758842334980715,2.6001321168721088,1,train
7.880917545653212,6.236942798862401,0.7244596403915722,1,train
6.525210797640259,5.906938563604037,7.2906225900171435,1,train
2.6488331063931208,6.856026988522288,4.443137051415869,0,train
1.8790843677773537,6.205604417178165,3.1000075007067442,0,train
9.357244315572828,4.601571718132345,3.516988254077937,1,train
2.637512664099313,3.1912026582051647,3.89307496630731,0,train
8.231067771441396,3.4564722808729464,0.9370564025145921,1,train
10.006113368256317,1.4459170624497564,5.093672695842132,0,train
6.910458794968781,6.299010934443694,7.973474656977236,1,train
4.618004914024047,9.050590636958466,1.6371665814249459,1,train
10.373825205101802,1.4412332082178527,4.019291122783079,0,train
7.372897177919754,3.442864910057947,4.470049330614756,1,train
7.727798847644834,8.77116117084115,1.9459720246889893,1,train
6.134838102219094,3.2365832056061605,5.962778017625387,0,train
3.850485547491317,1.8810047566572232,6.987321240606753,0,train
7.051830390455931,3.5016439762492126,8.378657929727657,1,train
8.93042385410317,5.095320518373084,10.048036005194787,1,train
10.073352216190413,0.7239953548634119,3.533300012532387,1,train
10.815364988979413,5.612910413594424,1.3426916461481422,1,train
5.773413432478647,3.4717256254619815,8.390374894475466,0,train
7.71644301787933,2.682440046724182,2.390470731721387,0,train
3.2650410533140026,6.989773983153704,3.1211723121241834,1,train
10.36604172783997,7.097697149270344,9.773553954771982,1,train
7.1539380305982,3.1352835843985654,5.225836226676408,1,train
1.4737464867539014,9.011996010036462,2.79512320026251,0,train
4.113588553603958,5.463455484220768,7.450999366521412,0,train
8.95639115861997,2.397355741490437,3.913886046970111,0,train
0.7620398740505159,10.120097345122339,3.4767477577016397,0,train
2.650132809848513,2.042095644824238,3.9727376889617445,0,train
7.28230086882168,6.149787748557209,8.870377992944661,1,train
4.4038433836175,7.293078392435143,6.206676209677747,1,train
1.117989736559953,3.216537878029104,1.7086307494422668,0,train
5.931305138492268,2.191357922916336,7.525812192132728,0,train
3.722766080947677,6.017042435696762,5.437099704786861,0,train
9.255029536374773,5.761104729743868,8.647039102227058,1,train
1.9437651900262596,7.223053695721317,6.042991845693887,1,train
0.9580527120204911,2.0079736773616395,2.7172036693072066,0,train
0.968661861710622,4.474036054149977,4.196956226824043,1,train
3.622243658117188,1.1435055132088543,2.678945540644883,0,train
4.8449503518317325,5.061534158389734,1.5213537900304075,0,train
2.1138569802524323,7.31874732406295,4.9616809940513384,0,train
1.2923529084466794,9.357083219773102,7.018695264801318,0,train
6.996207226929501,8.448070741474632,6.824582259142697,0,train
8.726425832438684,5.053081376303366,9.119030102576492,1,train
2.9646714657160205,8.843910867768527,0.8599475208023418,0,train
8.246189392614783,5.6299804967693765,1.130154859326323,1,train
1.5931443269830705,2.922059751141926,0.8446421502918835,0,train
9.834528878558332,10.861574392574461,7.082659777235886,1,train
5.232011926225608,5.796519509772943,10.003290902450216,1,train
3.4908590312015004,3.565500812157792,3.750314652179238,1,train
7.082934971532132,3.1743740425036826,1.4781228056165578,0,train
6.684238315594347,5.418244477963839,9.113485755136933,1,train
7.99411535054319,0.12295397105798567,3.625137726028088,0,train
6.3354153308156675,2.749522008578349,9.686634743274405,0,train
5.163441713800472,6.674861397731803,5.599393608691539,1,train
5.600917457878236,2.979440890448157,7.114743578496144,0,train
8.029781582711918,5.3861424661550865,4.767195965687185,1,train
4.063500853764088,8.961698528985053,5.285294779343306,0,train
10.269836408678364,0.9182543966400037,8.514706610981587,0,train
5.01936711636297,1.42503189501312,6.520934797854323,0,train
3.67635788260412,1.2138048159745365,4.7972639380325175,0,train
5.576033812916509,2.40517516585221,5.114853346788739,0,train
5.463017569432373,6.052213667013236,4.528067067027496,0,train
3.496085078611987,5.873328833473927,1.1583829775298602,0,train
3.1069796645381884,5.600467273496614,0.7342145682337129,0,train
9.028435983708695,8.596657835469998,5.8735818106547555,1,train
9.526936292937162,4.681863617300684,8.970766405429337,1,train
4.908213439186729,4.878931059423657,2.040887971798725,0,train
1.9363460631816656,10.057595835143966,3.145101990827459,0,train
2.7690910613523156,4.121673096402143,7.002090193783179,0,train
8.48766128988181,7.373025060425503,5.850623297075579,1,train
2.5986167852364077,6.3308595629269995,5.921971169778755,1,train
6.0484290193261465,9.21325881137034,9.362305591212186,1,train
7.196778994544478,7.773683576747077,8.941769865796747,1,train
5.482215096067019,2.9553970138548293,1.58173326123273,0,train
7.65151541003878,2.4725348363105506,6.687603912540727,0,train
4.371646970052038,7.938837398614224,4.792888763507665,1,train
6.464325157655998,5.550480688414415,9.582607640115528,1,train
5.0208958132699655,5.005440328043473,5.713321966276648,0,train
6.25359026165592,4.73907010964931,1.6301217187787556,1,train
4.850412337942551,2.8227297207418833,4.73411406046389,0,train
4.3386512574903175,5.496030417694758,6.595412762385141,1,train
8.66111291196449,8.193732400245535,7.636223094773486,0,train
-0.2710059038072945,1.785762118654003,6.651322417113111,1,train
1.506224427519557,9.393824384493485,9.80565335372445,0,train
9.321547254440894,6.277168201363123,7.8578262567165575,1,train
2.0910900695213313,0.993245778790502,6.886371535157286,1,train
9.288911016644557,7.633122756518368,1.5219792355961057,1,train
9.83023903333488,3.4809770990837947,7.347378553213294,1,train
2.5362429207440336,4.9830373707366356,3.045365413189794,1,train
2.162143325357529,1.0499233769970098,9.456899880599718,0,train
9.526860878170593,8.740628370359794,2.745988448376902,1,train
4.340562270995681,6.332049208250955,7.654898824245677,1,train
4.468898368928703,1.9122313268426634,5.389449008056381,0,train
5.902065367422157,2.378037791608321,5.861760640904684,0,train
3.5865899385282907,2.948909403799861,8.693751280209012,0,train
3.515611856010705,4.727258907911704,4.983501100555724,0,train
7.574213051084478,7.559062990596514,10.715187635159927,1,train
6.3323991393664585,4.8009290171623045,3.6524830361077556,0,train
6.625489662378786,2.488470274446957,8.215784882103474,1,train
5.752797628968445,1.2287431849333315,4.1690669563679545,0,train
8.689049180074377,2.3699230921982157,9.959392985742863,1,train
8.260885932226701,6.622046643308364,5.359016167464525,1,train
9.064978547138024,0.7729014597343199,6.240656638742024,0,train
4.693577276251837,3.817189082972626,5.292600284725378,0,train
3.5243568809346884,10.078491435464977,6.788039613487311,0,train
5.005448633795251,3.9780560994682546,5.14464633231145,1,train
4.720327339316694,2.044396160887114,8.878338408949148,0,train
2.122299378087035,8.901621913816017,2.7490902913466835,0,train
4.1448405168397695,6.07504206071645,9.412616444385076,1,train
6.610255013261135,5.693672309232923,0.34189454893565574,1,train
5.542631490201031,8.734010665291466,3.556533272306225,1,train
8.611273202539321,4.061373592243988,5.190333973845149,1,train
7.4426116457061795,1.0011249549280512,5.68750872498003,0,train
7.257778745938903,7.410366618778559,5.5179762432816615,1,train
7.6530932803451375,5.801421969291975,1.6074798950985834,1,train
8.204105758098416,8.720046009265966,6.979826005214828,1,train
5.303886474508394,2.9541648865980026,7.471846221938609,0,train
2.701197583628759,5.953896826555536,3.3944468884568684,0,train
8.109442573642381,10.496356573423647,6.7254895110376935,1,train
9.643718679595604,1.440057566582306,2.833164692391593,0,train
8.625870819436349,4.058433552386672,10.070229736756852,1,train
10.801838214775996,1.1973884204036724,3.627681368144119,0,train
2.7352331143134285,1.8048016831271707,3.188678502054843,0,train
3.906486258491027,0.5242209383808574,8.485835385584588,0,train
2.4369148475131626,5.592990407851397,9.412055216978432,0,train
2.7825766208354294,3.511597840102819,1.7029506046555618,0,train
0.6867214959532468,2.5646106155240336,1.9642877319299321,0,train
2.618052533128509,7.206400632020807,1.1382904519808625,0,train
3.4387906005793463,9.237455321458077,2.0856617078828106,0,train
3.048534559239184,6.071481211727527,2.370639853720629,0,train
2.191700680051975,10.35383248403888,2.0916756278516297,1,train
4.62169060364601,8.593461693556659,6.444239009266751,1,train
6.331978214206957,3.803544631919372,1.443880207368987,1,train
8.067875176594816,9.224283265493444,8.2276178583361,1,train
0.26647646899656807,8.53690835076747,7.2021983517966754,0,train
6.804242620008578,8.769735553606584,4.343937053484922,1,train
5.167841391046848,2.695021490616223,8.977194717156976,0,train
3.651166726279345,6.287308472585558,6.7539866939301225,0,train
0.7767272760730108,1.8860238778170038,6.344030220869996,0,train
8.769237629512679,8.773001981807317,5.017898427253568,1,train
10.060595284229969,3.955179087580882,9.10323310044534,1,train
8.456947210649282,5.394029539955131,2.250269452898197,1,train
9.074411940592327,8.859048871839622,4.983401696704998,1,train
3.2491822401469066,8.570213609194703,5.750032137672176,1,train
9.359178212386912,9.073339550268111,6.002159677901215,1,train
3.489992408171148,6.314329777891748,3.893532111374924,0,train
8.53019007539071,1.0692112771962115,6.847871771472088,0,train
1.825657307239461,6.7155014825196,1.210228324558285,1,train
5.089592152697236,4.859662557361229,1.3461860669634824,0,train
5.265364894798088,6.188035801473666,7.5258163268984495,1,train
2.506939931846611,3.2155111967541594,6.76176324612722,1,train
6.259355080342483,9.816088338822874,6.608351031181861,1,train
2.363535294893697,2.5220119653336543,4.92726026514269,0,train
3.353288884428979,8.153159542651377,3.9990729996534466,1,train
8.446504364274233,7.761982232967537,7.969229328735754,1,train
4.870747537842081,7.76441522984776,9.921334214521107,1,train
9.620754359830299,4.8905894828300545,6.157286072482309,1,train
5.605440761899717,7.17088655757913,4.66687212644525,1,train
3.119621120405437,9.287966269863901,7.443894622002267,1,train
8.651062316423616,10.983441914392023,7.26176611339182,1,train
8.212193223529495,4.069864174332287,3.9121195832979727,0,train
4.634764904484857,7.8872748088356675,8.490702169898444,1,train
9.161172928104198,8.074141327960989,9.831889303124736,1,train
3.0818623485274697,6.9060205102043355,3.0228432004062826,1,train
8.87752907135083,6.306569271797232,8.655517523055197,1,train
3.844976860586243,6.359472966574348,5.210545297880108,0,train
5.288111542262058,9.099378178828646,5.810542926272221,1,train
3.139145651664801,6.808000861704086,1.6625099278556075,0,train
4.022724061410355,2.948509514148862,3.008558081733309,0,train
2.670000668791251,3.8349644147737476,5.367507272607705,0,train
8.451973872556794,3.0614334184956213,2.9298294710976593,1,train
6.540024173075636,3.165780013908055,2.730673732319456,0,train
8.757117196235946,7.627002624251226,5.271750842450293,1,train
9.955950926617158,4.780312682745009,8.098815098092269,1,train
9.550078442072968,2.257811257068443,4.160437026231692,1,train
5.407443325053227,1.0818978335470963,6.639354806786894,1,train
9.657670337593228,3.7504239190256206,9.004600591064321,1,train
7.79863146883074,5.140203469498943,1.667394096667595,0,train
0.22395661276136258,9.447124649592046,2.4906438744262482,0,train
9.452490653035195,9.605021890621181,4.590009106937412,1,train
2.1495287684271176,5.0623396465369215,8.592565272180716,0,train
2.669779045398616,6.822796229908989,9.926902140244586,0,train
2.4566641379667766,3.783355124788522,4.154309100221672,0,train
7.155639605671421,3.4391647703325963,8.486083862793803,1,train
5.849440625875408,9.076654316795404,4.137285631492844,1,train
3.6701411198409404,0.7122226481798505,4.257608794478361,0,train
8.436784375960423,4.197190145695266,0.7408114767300544,1,train
10.06022238782189,11.19555171705158,4.324241229088136,1,train
9.271804764922964,8.858286219283656,2.031492006193095,1,train
8.482617651744732,5.671251644439842,9.450754466146769,1,train
9.469635496845886,7.64098354787082,9.190386600571975,1,train
11.138941178073926,7.204676237709533,6.524085712266178,1,train
3.7621606752357355,2.693089672488222,8.528724300925312,1,train
6.108863964568465,3.913240958539748,8.92533306347937,0,train
2.3867850758500597,2.2152960620106046,3.8311586082254556,0,train
5.700931524014663,4.237226041813654,10.57850903102613,1,train
7.034636551560231,6.645886470536926,1.2747624192491185,1,train
1.2496145304554458,3.7183016216028575,6.280733749878468,0,train
9.114782535318538,2.6832737968943956,7.2157194679444165,1,train
4.490426055368771,8.348471413040084,7.227400751550657,0,train
1.3821866919780208,6.550327769803883,8.62496922777876,0,train
2.859524979127979,6.079380951004362,3.4056194538408326,0,train
2.5212829137857335,6.358156715978764,1.5342663003795742,0,train
1.5776577595576327,8.161495022751298,5.6524723725650485,0,train
5.897220788524362,5.405616638448461,5.831184961063892,1,train
10.971333579927686,8.762195657344057,2.2344389939944618,1,train
4.1486975611486505,4.074780675262091,3.5808022227468967,0,train
5.028844694488679,9.794270495026995,0.24821279743421354,1,train
2.1454590994855116,10.060921757128417,6.19461837334022,0,train
7.767602695226923,5.607719877144065,8.015090549555651,1,train
1.1944003808261228,6.494450149322124,5.562346424381585,0,train
2.149751013994205,1.712799165009609,9.330549815000012,0,train
2.2458813184057513,7.143356865048546,3.2350547458268704,0,train
3.003011739927307,8.177729126053233,7.017277903130739,1,train
8.071417115218035,3.5612758433978797,6.6125622054050615,0,train
5.6174567544491,7.341232179741481,4.438564525300597,1,train
6.719678336955712,4.670974773505344,9.285277371805872,1,train
3.3585304139372547,2.518528327181179,7.9346628410829165,0,train
7.670172765386387,1.9867792607518673,4.7806850885131436,0,train
5.39412593301798,6.628207156319145,0.8647704804090779,1,train
9.086685693935781,7.6592012726219,0.9894915234167627,1,train
2.3811307048305923,0.9216722235056387,1.6229502461681027,0,train
8.427420155181693,2.6550626433405418,8.81601647145721,1,train
4.767627791239875,6.997245739211601,5.446042482353036,1,train
3.0087883434847056,5.74403234278128,1.1575790956497265,0,train
6.408155335544968,3.412518728037306,3.965304153123584,0,train
7.95349623762232,6.467010748671136,3.457690816334953,0,train
5.786914071662299,7.269706118238649,1.8933853152961597,1,train
9.105671852543079,8.612449165548643,3.402796431892063,1,train
9.225252499865931,5.4330850947291625,1.3825331279635387,1,train
9.25469254694332,7.89540235321555,5.260106209008482,1,train
3.0844962260396374,4.633552718717278,9.114788864967649,0,train
2.9493371499953422,11.09157291171875,2.2227637537608196,1,train
9.781968642454974,6.770445658212268,3.4105078987028654,1,train
2.0033730487461505,1.8878785727277774,5.8448016443320565,0,train
5.106533521616257,1.7018830550496364,1.1554108769606672,0,train
0.817489304395727,3.7259674513932524,1.0218509117594805,0,train
5.220612654990917,10.192097386423065,7.802077587719152,1,train
5.9375681036852574,8.471652038069813,4.303495580118839,1,train
3.778650619736361,1.4278593872206482,7.593373701601932,0,train
6.072873320390308,7.028548207444991,9.506420356513535,1,train
0.9700872893189065,2.038108206962113,2.9313277379840206,0,train
5.868892081803021,2.6962525559670056,2.936185238177463,0,train
3.0323233914139816,0.5307207265005178,3.542754676625851,0,train
6.1326807104339025,1.576941343910995,6.838298388158966,0,train
3.5362774981919296,3.932096232759892,7.247479399542053,0,train
7.047384345148191,2.5018823196680047,2.2078921630146757,1,train
2.1370991135276043,9.023651725553814,3.0373435677936276,0,train
2.812292096135292,2.7633587779030604,3.3085239870359437,0,train
1.219674764748058,1.0602330604870782,7.348733367966473,0,train
3.057481729570353,2.8320003676300605,1.7220144368083412,0,train
3.7250658477838905,7.304945574320487,7.542539490375046,1,train
8.166698342977012,9.060901351413557,7.340338569487835,1,train
5.600877716450698,2.031055124906253,6.797528945731278,0,train
3.3572796879953035,7.4434735841341375,1.3313296029638875,0,train
2.3079992490391703,7.424712891170719,7.437585538970809,0,train
8.995739979735083,7.253958473883398,6.457993354317978,0,train
6.4518811366519095,1.878185470311756,1.2129150993210995,0,train
6.640594837597286,8.520514940784127,10.850133303821405,1,train
6.585985641596316,2.633834386908913,6.070255810500492,0,train
0.8140424292425684,7.668950694292086,3.9313331106253493,0,train
7.622026266495939,5.065969075673801,8.685228060869129,1,train
7.348875443033449,3.662497123013406,7.733749450363125,1,train
7.486570236634636,7.6362119762453435,0.8321368874199415,1,train
5.122630690879957,5.596622757318281,7.859796823944035,1,train
4.2883318369061305,8.80691551534532,11.100814165436026,1,train
2.1655837286382797,8.613624868622573,2.6662939498027836,1,train
0.9111566731252043,3.157094769097164,2.2122273137186017,0,train
3.3627356441211376,6.768320364254676,7.120918534884035,1,train
1.5779054602641467,0.3270659213697802,5.082201346304252,1,train
9.561901120577625,4.073770831492585,8.185715751428509,1,train
4.004726744941286,-0.3707388397240414,6.238765415394791,0,train
9.631693432903015,8.409015765921486,9.394333989338062,1,train
8.990550142420638,3.4550047965046944,9.110916423372261,0,train
6.754221826031589,-0.020218973927395467,9.347690773630433,0,train
7.620633074603611,1.8986255156682277,7.320729087998208,0,train
4.137289959588653,5.389905976755015,5.115841824088981,0,train
1.0882375623932778,6.770167560804578,2.9695515811456934,0,train
4.721591826361711,9.095992368346622,9.053755064598342,1,train
3.554999880878608,2.451444783924694,6.507358186447609,0,train
7.85138068437012,1.1059258173894362,11.428144329512977,0,train
7.259305795655011,3.7742871537176668,4.672597684533934,1,train
2.027098593418274,3.6083347035282616,1.366479430301773,0,train
4.963762747902963,0.7205336211708462,3.875294337925347,0,train
3.310446524227867,7.18524455268936,5.317755528647943,1,train
8.6715479748181,3.4706647743639913,9.091612323898437,1,train
4.64899774892498,6.132216963271187,4.217271551619095,0,train
0.5809856951553116,5.681425181445934,4.855673941601373,0,train
10.0639029508596,8.14363460590722,3.642582782496702,1,train
7.977663002286462,8.341937722720568,1.20569399747028,1,train
4.708234487408569,5.723788495083144,7.235154328027994,1,train
4.539031142702421,4.432585926146748,6.934968248836183,1,train
-0.12042223533849827,7.78811454501078,3.5209753855556434,1,train
7.625283817664117,5.627127080893576,10.13330197126023,1,train
0.5033277800158211,8.625746186022948,6.321681299109272,0,train
-0.10323662519136545,2.39669143467929,1.8877026117735523,0,train
9.749458643128389,7.018457070338476,1.4917834675825663,1,train
8.41397233215233,4.18754355857695,3.0158307252456433,1,train
8.526021721026357,2.606979771771436,2.6552840442761907,0,train
8.3062205953982,8.235683465146568,0.47029555110400323,1,train
9.63362482239792,7.192937141359599,6.782859719148763,1,train
1.7292778361584218,6.654467191974081,2.279234132666079,0,train
2.5169196896800967,7.966065495346195,2.198325532388381,0,train
2.3152914244043545,4.853278004737484,5.335175959857375,0,train
9.681223772835708,2.574210945783383,8.837671148331122,0,train
10.491847342102538,2.192211092947424,8.809020922708727,0,train
8.309400036365252,4.411592107163304,10.383566809687217,1,train
9.58789374353837,1.7768397390702437,-0.008185067205220387,0,train
5.902892270628186,1.997762503443151,3.5917059999057757,1,train
3.2803074159617447,3.3215297080545687,3.895249856591744,0,train
6.0969666207073665,2.555658516907532,11.200770638326542,0,train
7.186646037090524,6.792308540574467,6.682450188198971,1,train
9.265403181175099,5.831244559036478,3.5388044993364773,0,train
2.3994117193077322,3.8204391213991107,8.325390843884167,0,train
5.655081713116205,2.7686566067700316,1.8775047169215264,0,train
6.714971498722845,4.5584554281120315,7.572768983220586,0,train
7.708958701058054,8.048891627623453,2.9124217770104535,1,train
10.47197148457621,0.6878680035338552,9.238784504940421,0,train
1.8470494103762367,7.795798392349819,6.475210912083213,1,train
6.249722540969277,2.804669170063703,3.173848017101592,0,train
4.938582792208936,5.335702949890413,2.8176335845213885,1,train
1.0125799182827842,4.726913469104472,8.37993301579915,0,train
5.441746575962582,4.591022521400985,9.467864438362268,1,train
5.682253693475519,5.977381077356817,4.9423438287518,1,train
2.712945023254849,3.3022750017354165,9.75756625669681,0,train
8.879876763960437,4.252200960626277,5.920317826343344,1,train
10.142365738031216,1.261123877071347,5.236814602948365,0,train
5.881576092820808,10.354354756521383,1.3642767637058348,1,train
2.241020314103666,7.1016987489658785,4.754624854529497,0,train
6.7166311681895285,3.2003703298779898,7.971655595674967,1,train
3.059392148807212,4.0413333767096775,3.4634565166642544,0,train
5.000678644435183,2.7906551948414524,6.018313923537795,0,train
9.030414181128918,5.910103019648415,5.288358365820606,1,train
8.806654863827164,2.7203356038322317,10.077280957517953,1,train
8.074709645882772,6.679874639616928,8.699642431096423,1,train
3.3233050760160285,8.43872335352524,8.682821052854901,0,train
6.846921301256376,7.478155852941751,5.666657918155378,1,train
6.45184878928651,6.399602448548685,9.417521504571921,1,train
3.671942087656287,9.752718954485806,8.511119684069024,1,train
4.97821594830201,7.275873151450799,3.2971116629542236,0,train
6.502692429985144,2.147542229140419,2.8898079537491643,0,train
1.3075610999147793,7.5073039191794,6.164430198467334,0,train
3.834426818796996,7.464889776378604,4.3919224034549424,0,train
7.844605589663388,8.057499143230222,6.934892182418672,1,train
2.464879332340187,5.156086723511996,10.01141789396439,0,train
0.27210821923764916,6.095674699719304,5.140585372779377,0,train
9.027294030227285,5.9866194218212865,8.61411604109725,1,train
6.082414414444279,3.389501759968525,6.686880154847818,1,train
10.540739344731218,7.02625041778136,3.5440098838863996,1,train
5.924017356907193,3.4664180076539415,2.251732536085292,0,train
7.358136038479653,4.7007302145376,1.7849621332758692,1,train
5.972545909536768,1.5317372927761825,5.84191067710793,1,train
10.160053259027459,1.2792064029348806,1.0144752176465275,0,train
6.670647132383903,5.153295765234157,1.82654719885773,0,train
6.03834283498537,2.078806993029483,4.878898359971992,0,train
4.734057878688649,10.128572286478986,3.9720945342380185,1,train
1.6643886028624237,8.704494379329262,5.1549811300950905,0,train
5.522227342968564,3.843227673640816,5.560491813032982,0,train
4.779743597947596,2.5629045183157064,9.190200348727021,0,train
5.778166942371959,3.9234751644059083,5.954265318275078,0,train
8.290443320764677,8.125325158219038,5.4686893060869535,0,train
1.1072625925156716,3.2072184213081156,4.345031199925594,0,train
3.765724292643614,9.111432874932188,5.806580229182701,1,train
4.422997822701822,2.135039519101152,7.141838420094173,1,train
7.781726343319153,2.4001342958697123,3.5738019996613586,0,train
3.819376927201423,8.416333098677086,6.3213630832745995,1,train
2.2601619475719783,1.2833362909309638,3.9017745276369578,0,train
6.075742720835684,9.586390510261118,4.272145318152158,1,train
0.939466033962496,2.7077965472537824,2.591778129586321,0,train
9.093510061069878,3.259874861928556,9.342388374906818,1,train
4.845644914584524,7.337516356212396,7.611478984638184,1,train
7.7533400493609275,1.8925935034203691,2.111623849422603,0,train
5.84176595082434,3.1975239713338324,8.32763212357308,0,train
3.720690418359484,5.782819551939653,4.177223730576913,0,train
3.239410292460832,5.20291925537162,6.430119081119336,0,train
3.1427659749748607,6.724002421515986,9.06525812274268,0,train
10.027436393375904,2.0542545547183546,7.301717334986734,0,train
7.9096176645918534,5.1936437479848525,2.1861269719885295,1,train
3.228409743442927,7.683294726570276,7.151516173183807,1,train
4.933136474624686,0.7462576328449275,4.497662386839159,0,train
8.912376101453528,3.0465667641382597,7.9089272901067345,0,train
8.826933860961367,2.247249960318149,11.436513830926316,1,train
0.6419408168472489,9.482021975135362,9.4709190882717,0,train
0.019682806144313947,4.318203389522765,9.058910720965686,0,train
3.1462649196692998,8.631266496350317,6.187749594379825,1,train
9.92068599968176,7.9793619815161065,1.6327628340983242,1,train
0.5037469242200174,3.8265248719685636,4.549694866609986,0,train
6.331869578158168,2.8556875060045064,3.0332410086772588,0,train
2.4994637313343273,2.1001138832840027,7.663974338007855,0,train
7.384219890096572,9.329893795097368,9.417453471565011,1,train
1.3588210052505034,6.45138298984248,3.1634868877334608,0,train
4.377896189045952,8.283172612073527,6.011687651844289,1,train
2.6257686277919396,8.601515697242244,8.540665020448396,1,train
8.505490209783002,5.342133120066396,5.629593419906123,1,train
3.2113922783523057,10.28040576079394,6.39476646327237,1,train
8.854909375351657,1.407846165177592,10.448185867589174,0,train
7.9730089557736745,7.208954255642132,7.4856544070961,1,train
6.362618788664825,5.465351847528881,5.2396783488837695,1,train
5.1803475415220985,6.191436459525573,9.521217367569104,1,train
5.679500676701865,4.225074620183321,7.4139332174238906,0,train
1.4014199011018345,2.049321819394484,9.274939924700028,0,train
9.516209424493653,9.482572818667865,3.1115991764948867,1,train
2.8861287955235686,2.2400311819957555,2.9774006470790364,0,train
1.3094616712520946,5.825028479424419,1.0140456744557842,0,train
3.086271366447899,5.964853197309315,8.529697452126213,0,train
1.8703446173595808,2.020718495604066,8.869714495771415,0,train
6.713727246187431,6.666142655639712,7.018196716287256,1,train
3.4115429101519936,9.581906476486933,8.112233565243258,1,train
4.81352683976011,6.989564497296295,5.451481200840505,1,train
10.180879668053485,6.218519591453025,6.256682839575006,1,train
10.478957276485293,3.6077693629622125,4.074275158774515,1,train
3.5974960828104408,8.362524919833257,9.524218271869207,0,train
5.46304620870941,8.290093767253524,7.947500709490459,1,train
4.752886190607782,5.491236516637017,7.060179282201558,1,train
3.0659628949934974,7.5280862378872895,7.914825688750489,1,train
10.00148391499672,1.371399435915268,3.6245376904675295,0,train
2.0472432627216013,9.729038828151642,6.561204432069267,0,train
8.456720199025678,8.4403496872198,8.80981019363388,1,train
7.4382233343124575,5.63152918345632,5.230039639111995,1,train
4.689626471837142,8.680946481266913,5.812999566632249,1,train
10.831448774584427,6.94779425753763,0.8065894682653398,1,train
1.6831514967212526,2.829504280373262,8.657189391191718,0,train
4.955021388164218,3.2561398618301354,2.070846049358435,0,train
4.6071472212356275,2.8833651870440495,7.060395186429263,0,train
2.5676174227197506,5.907885012859025,5.029621470007583,0,train
4.943113784048803,5.726223774037535,1.2082481875777435,0,train
6.688186241727897,7.090285705225511,2.372348213540856,1,train
3.9833701595613054,9.147645982832586,5.660190167784171,1,train
7.713176438214143,6.322036807548124,7.459248622346504,1,train
11.49758848143668,3.4878166414646654,6.652945875365969,1,train
1.5814841748507438,7.505647225582004,10.154260639386505,1,train
6.37063023792537,4.892755748480615,0.7560112163119044,1,train
4.875217461869674,5.417434330570989,2.3007963513941787,1,train
5.277051942654242,4.841139531455772,9.71313292062851,1,train
6.554587179145356,3.9127706529986304,6.913996002661096,0,train
3.760057031243537,7.948750234228145,7.143420464806531,0,train
2.6123642655579307,8.886015320826116,3.9619875623374523,0,train
7.683322075512666,5.167059185974576,9.711379661123697,1,train
8.34332380955745,9.81418427603856,4.661837829825657,1,train
2.6306102084529672,4.360547785313586,6.147219558028151,0,train
5.801203785051097,6.102175808997236,8.289682570169331,1,train
6.178860339083149,3.4916036215306754,1.844030079538006,0,train
8.125245850687184,6.6575948351741605,2.6418890188793775,1,train
0.5301227531230132,0.9328539437097689,1.115068006773754,0,train
10.448244438311566,5.566579102534966,2.8635947627427774,1,train
3.4196324784164607,3.7024414996456554,7.770477481808221,0,train
5.466399069592984,8.830502541643613,5.01091076615083,1,train
4.940720974244762,3.850804592256558,8.002564777299845,0,train
8.855171940894845,5.668811583506895,7.023627742114656,0,train
3.9399036720442107,7.94920861733285,9.443665251988318,1,train
0.7964192955560601,10.933440738856671,1.6034247423312233,0,train
3.629545963409304,4.180131232314597,7.108163381582047,0,train
3.071371426185529,8.509136829565154,6.360520792909527,0,train
7.064179146693973,7.4599143309706815,9.881699570465432,0,train
1.4069705915090842,10.322982924803009,6.570756464977299,0,train
6.266261126386934,1.1257166968912427,6.903221650283571,0,train
5.3241663378029696,3.507458991296588,7.8014409997301915,0,train
1.867752882351746,6.284782297599752,0.6828538620797397,0,train
7.995453795089356,7.526210156561959,1.6195664277651893,1,train
6.280021479726267,5.241112965162149,3.3421152673310965,1,train
8.49674479274779,5.470409204555559,4.717445912040948,1,train
4.092300869685973,1.7106469331853074,5.957225342103573,0,train
4.440767167655969,7.0162640486935555,8.586968650287378,1,train
10.062403274502842,5.626803603836021,4.053468577418893,0,train
1.8258201413514015,8.273528655850802,8.86978847394844,1,train
2.296899473194241,4.995910368595207,6.027621266215222,0,train
3.8608515831981585,4.211703073875473,1.341170885746903,0,train
8.160534617574406,5.2823618710481455,4.997245310032939,1,train
2.659709337153678,4.196977983579252,9.630945088283921,0,train
8.531621067587666,4.969940072905615,3.5596641227682815,1,train
6.036076859112432,8.455363911728508,3.2204130865325653,1,train
6.966965649742578,2.4333800558055616,5.239259435862574,0,train
6.9973210883529,2.476687741497061,6.683189904018763,0,train
3.1949229041854705,9.281255483131394,4.822005147883955,1,train
3.4051176907467804,4.177058434155522,7.284004655852132,0,train
8.428035009263995,9.204574404779587,2.8798973488819826,1,train
1.892782060073208,9.977935051547353,6.406589904382136,1,train
4.05168875704902,2.8773580799906595,2.9015581541950617,0,train
2.3319764344165512,3.5687190931641424,7.074270281023755,0,train
9.368674410514608,7.577288083047723,1.8520607059578773,1,train
6.124574125547798,8.619243108924323,9.647174141811437,0,train
4.8126740883827805,7.285272444408773,3.965824739331933,1,train
0.6454583545844719,7.544897356714471,5.635749221892652,0,train
8.619249156385933,7.255870582502616,9.159841292236749,0,train
8.238992903435145,6.2283007933418455,4.080902284603257,1,train
4.094217250413737,8.667340748036507,10.253929551754682,1,train
5.731661670734425,4.124605031078149,7.549071219797721,0,train
7.503773132189172,2.88919659499979,5.758759063880524,0,train
5.166081511307983,4.437225802621069,8.145035693435625,0,train
9.251537109365456,8.281419442046731,4.437789846909221,1,train
10.060432757892977,10.32809789263203,9.45071685935828,1,train
9.866096520451988,4.76229241263655,6.019802571438991,1,train
1.7724507150248425,2.962252489159973,8.445653319868036,0,train
1.6987014090457606,4.313333307689593,3.7127617285813863,0,train
-0.6568173311678884,6.464423636568601,5.379708653934111,0,train
7.445497254796068,9.43778494928723,5.3677156243427095,1,train
8.899121518209673,7.020336262816836,8.053641472360871,0,train
6.349487401287564,4.747854483010565,2.0797277426063934,0,train
4.56771919152731,8.577612871825234,5.6966828739826285,1,train
6.81512151246541,7.31947642720321,0.7673797997878582,1,train
0.9533003058726759,0.9583185059213146,7.912887614147634,0,train
5.140806847090979,5.942097237934021,4.462161865253048,1,train
10.420044418005164,1.3861562370321652,8.769432604726264,0,train
5.813719480121547,6.382688635196972,9.410374278930693,1,train
3.5456853054753483,6.18651359446045,9.415646585023067,0,train
3.09289652264191,9.72975972243448,1.7357739162045185,1,train
4.966975981767157,6.715454732094781,4.737446782378055,1,train
10.853827656732483,2.175126850338767,7.736146513720859,0,train
5.465362904187892,2.3033153484776876,6.030100249028168,0,train
5.6044969680678935,3.28336487932852,2.6672666663577616,0,train
7.380671299858699,9.74324820546666,2.9389080760581847,1,train
7.29318987907193,9.71465108086929,9.88380572563539,1,train
9.624301363670183,6.12338058027225,5.153358004927365,1,train
2.285130614074639,9.10996143568474,2.872276463000266,1,train
9.25440524351162,5.076407672421738,0.40572309954322217,0,train
6.151801010755059,7.1885253005037075,8.196139622648941,1,train
7.143106689940719,6.6775161794959805,10.805054699558061,1,train
2.461842330641528,6.830163654585407,8.464534923813538,0,train
5.0439631604354895,8.451876112108415,2.6905454058903246,1,train
7.967936307096556,7.404277489018851,2.355439233984455,1,train
1.1375729909729488,7.839911614027542,7.957734462635676,1,train
1.7670569860751821,6.050667272901843,2.4262221854429193,0,train
7.591269820944765,6.855498508708519,9.478410169362132,1,train
5.045473682815336,5.4811453545432975,2.4084516765481556,1,train
5.898460057146584,6.418334230675613,6.539884141429103,1,train
5.719982572405215,3.7669846258209736,3.295409003927198,0,train
7.547903862894943,7.148725715016748,7.228118656009597,1,train
10.214724157040374,10.082220902850535,9.678983876520025,1,train
1.5451000420699899,6.196642176951237,6.7274280809210545,0,train
5.529455318740297,4.197154511511855,2.4027127226176495,0,train
3.6848349063352357,4.011297236038674,9.595846782026046,1,train
9.433742201832048,3.1259102169097783,3.174565287791044,0,train
7.450361987311183,8.781677416677292,10.115226060143062,1,train
10.235977834664649,5.746290381305909,3.918067363443053,1,train
2.2513669755947614,4.246959220732892,5.7474691778636275,0,train
7.483183140490965,8.93171064396445,8.269207982911613,1,train
1.9495717444084881,9.492294727752526,1.4813180192249296,1,train
9.783586034008975,3.9340463090084814,5.345931246434975,1,train
5.486689434092157,5.091030513515298,2.554038947390299,1,train
4.499508344640133,5.9041113054465715,2.883078727236532,0,train
4.066929475214951,2.6829515133535864,6.107560944226658,0,train
5.577623268559584,1.2062014477857388,6.628407422351277,0,train
1.2732236812639757,8.686585198438706,4.1118181010793515,0,train
8.545568570002601,6.70843074045231,3.5202560598923602,1,train
1.3014982607625825,2.3670517406799005,7.487000794349058,0,train
9.386198018324894,3.4923184329164547,7.740437950800073,1,train
9.102458632441408,7.319211522316183,2.619132926116841,0,train
6.5367880178101725,7.8300228573184185,10.44853393260738,1,train
3.8730498561598052,5.06609147804128,10.957766695902576,1,train
3.1088266283474293,5.877151082293823,5.861912916909781,0,train
2.601607628918102,6.858554465127435,5.35467919261024,1,train
1.6867384296692984,3.512758149884184,1.9632343935342582,0,train
8.843833798700944,4.036812571740215,6.222198289538907,1,train
7.403707415922894,4.869856897942554,9.282577595602358,1,train
8.625572461439976,8.357200740056083,8.803914531007376,1,train
6.7033409065671705,0.9687626054829068,6.067993178088855,0,train
8.24391841726699,5.1501352959473365,1.0556893125003841,0,train
7.092063211096691,1.571278386258036,0.16749882737917932,0,train
10.043881573860748,1.6117537879454178,1.154928104065946,0,train
8.781778595987184,9.034933683121078,7.881319257118783,1,train
2.375144171072997,4.154036420090909,3.1669015860068153,0,train
3.7007363368528967,7.7928095618350595,4.018681409062312,0,train
7.9100186285158385,6.081154618184428,10.278421094447339,1,train
4.305945720790566,8.04540378169723,10.902619497320195,1,train
6.6125139698925555,3.1676104785786228,2.709973197641114,0,train
5.28683764796158,6.753039536733357,7.687535785086573,1,train
2.2439075759613694,2.2250040810253853,4.629632614391737,0,train
5.788891729610893,5.02684650635473,1.775122017920326,0,train
3.612733089671952,7.224228882229505,8.258375041456206,0,train
1.0807455097321836,9.076968141489582,6.696363145540559,0,train
8.931528868860765,4.957861899626565,8.239090090619117,1,train
9.12650036424937,5.719697048082756,6.850106557533855,1,train
6.107123160000383,9.801692611851271,1.7795159011035102,1,train
7.211997492760542,2.2041189672821737,5.97161545885482,0,train
1.1599454582542648,2.3320714999423817,3.4387392199547024,1,train
4.671323585208025,1.7079588293442365,0.2817564146723801,0,train
0.8115238272398161,6.192950268751119,7.785003661165245,0,train
8.578808780024433,5.48788383114587,0.5970338587376576,0,train
11.184717476450857,10.99242212003362,5.984973075006734,1,train
2.3854454803750587,0.8253423110248538,3.7606236643275848,0,train
11.19437020540336,1.154743153022349,9.572814710222138,0,train
6.002446977580716,7.753460374813031,2.199467143247273,1,train
2.058940327741025,5.231203095574602,2.299313041853791,0,train
3.7656114786964423,0.9773094821381816,2.213307521491846,0,train
4.723140284538243,6.113003943069297,10.815463271825568,1,train
3.2504904628778677,6.159951905025262,9.609414266422542,1,train
6.488155983585694,8.35562696146995,2.651282775140109,0,train
9.581724055594394,5.840394161092774,3.117744750055587,1,train
6.927995030702408,7.800135748743502,4.312350197444398,1,train
4.363854324277639,9.132306653055656,2.539423298611437,1,train
3.00619440354379,7.622662739375457,6.802086797821307,1,train
1.102874573906749,5.29206746827282,4.784504349729504,0,train
6.409793902526662,5.451610533578686,6.0003749463378036,0,train
10.697997218435562,4.542874068691756,2.5384518152925395,1,train
4.738471131479503,9.25280206872706,0.5519960433049409,0,train
7.214010385543633,2.378049660176475,7.180970356111247,1,train
4.337761941086137,6.853315172183926,6.090082047460471,1,train
8.258172056461074,9.006880678176511,4.024068721531033,1,train
6.47992995137346,3.9604948338254813,4.380598481943837,0,train
6.328025628342036,5.2474896089745044,8.535991675555616,0,train
2.6768174996827963,4.519578609191642,-0.045595394158524094,0,train
10.730911654875376,8.577524981513717,4.867862090335002,1,train
3.3420823577247476,9.203538839021208,8.277791013843753,1,train
8.590605542373362,7.8796704743331185,3.7221836287092787,1,train
8.509721194807872,4.229069648606665,5.543715568906516,1,train
8.633414054111725,4.1268862014077445,1.9132833912956309,1,train
7.2097079650097555,7.263772851181289,6.603929384169611,1,train
6.707329379391334,2.1496753565141105,7.816447549318133,0,train
7.13453466982813,8.269098292758974,3.6613946322617554,0,train
0.8905663509545481,6.70611811044424,5.690242974837348,0,train
1.0831324632132255,4.255117882391256,5.137958135265334,0,train
7.895084279390539,10.888594565667677,2.4399998368095464,1,train
0.18380281190190084,6.575963152920967,3.126497773965321,0,train
6.042761759020726,4.640761383657164,6.316684560663048,0,train
2.4906563388222764,0.34061486783011063,4.297329025152908,0,train
6.913579394617086,4.2258969164457145,0.44802634134481,1,train
6.39735057648365,6.421671496044834,7.426716734918917,0,train
7.844026003088512,10.505714401961063,3.21651437957561,1,train
4.3358902352865085,8.158282106170622,6.1740017568336585,1,train
2.193654874836768,1.5191809425126028,7.060766060792544,0,train
8.175883920086104,4.964708373668996,5.064851984691723,1,train
7.943356327107739,2.223660334827424,8.574941288725231,1,train
1.930352321612454,10.440657664910491,7.928226253972509,1,train
6.093999922369764,5.099835773776231,4.726293608280931,1,train
1.1103361145020252,9.610264289750567,5.330330727140056,0,train
7.428715992468749,2.7100640332545782,1.5757121613521985,0,train
1.670798709037549,8.728756489451312,8.161482652110557,1,train
2.474537209958657,9.205861747372875,6.915910197246316,0,train
6.5762548951950155,8.019710939898458,8.221301602474268,1,train
7.4656438014658715,1.4201313268943165,4.479266929806559,0,train
1.0279247581413309,2.237433844157373,7.598770854132066,1,train
4.416793700777534,7.561095807524778,5.9691191638213725,1,train
5.992337845195643,6.900583645803758,7.902804886923011,1,train
4.080816739123606,5.991395734899334,0.33827391798796347,0,train
0.9529768512369291,5.103982678172158,5.074634130947387,1,train
2.2217401737813507,6.542540472264787,4.150289476810647,0,train
5.158914148423788,3.8795436747689838,4.308629025378722,0,train
5.970632927791593,3.5001571678112735,7.276640302097202,0,train
0.9775756609594828,9.460266994061001,5.735472451207435,0,train
3.2780430157993736,2.3608528709166365,10.285952113908175,0,train
6.87743122738809,9.483704725355516,9.191361642529849,1,train
2.1064135232342664,2.729092810032778,10.726976066865555,0,train
2.652466835072207,9.87133061507093,5.404920136802813,0,train
3.1671626117389238,9.209642482063504,3.3353824275361754,0,train
8.091537576259277,3.603799864678547,0.38600221495145215,1,train
3.079401356562677,3.468440866602526,2.7729859870884757,0,train
4.535139380408124,2.2054774522228717,7.74440480521917,0,train
3.3879471191826256,1.0073950096306985,8.619434156428504,0,train
0.8538705799727266,8.430763270534872,3.6777910130088234,0,train
6.73555279917784,5.822151139422233,4.165346601251005,1,train
6.075091276101633,5.083615833879779,5.403194715820266,1,train
7.169278986332729,4.5574971392181585,2.624850905550998,1,train
3.706134936190353,8.015728007600268,3.9096604498642216,1,train
8.012824641901103,5.878192337732183,7.177435332410721,1,train
9.105763279323998,6.498315642418352,9.039407713313015,1,train
1.9107249083896563,8.875277725468628,8.848818442438231,1,train
8.779475343805725,6.228957980429901,7.376128949371602,1,train
2.707118022795666,7.354400815792375,3.8083900461190905,1,train
8.59570498393804,3.95946720157735,8.105379780855593,1,train
5.5672199635423425,9.063706578444243,5.239012556083265,1,train
1.167059222178037,10.684728867684143,3.7013786822667623,0,train
5.982322960709762,6.669967854052747,5.299236175061408,1,train
7.895769940881985,2.4309747114995637,5.998444956145494,1,train
4.39076076706984,3.8984808014388306,8.353065504329432,0,train
7.208733899169394,5.145347951254651,9.405606073224735,1,train
7.094724340946914,8.57105724206815,9.009641163349965,1,train
1.219010410878499,4.023329566810289,5.421321041266554,0,train
10.30128464813164,1.8018571083474435,7.658225848649147,1,train
4.995561108527586,2.1566893231007302,8.095057270476158,0,train
4.982749686724942,7.907237613719949,8.708975138186945,1,train
0.4994913847124923,8.195118036298856,5.922178924931994,0,train
7.09233244946966,9.94040673048512,2.674669896669667,1,train
4.000591549195302,7.548241146415505,1.3657640301859613,1,train
5.814776064060555,0.1726462242571143,6.26422004703929,0,train
9.21478563572292,8.597445082538867,9.232118722343227,1,train
6.396449455231451,3.56510556149921,8.778769306220028,0,train
3.3783659114228612,2.5382425481935558,8.672877071630293,0,train
2.2657811698840993,1.1587658687934284,7.521080937341233,0,train
1.739273719265202,9.17401385393497,7.982656503650406,0,train
7.199889978649374,2.501103784884356,2.783297969920158,0,train
7.0749815786124435,7.84423597990017,7.595694325572308,0,train
5.613294999425355,2.2872416168030067,1.747752611611305,0,train
6.07378095765495,4.1183058306886675,8.113812385851677,0,train
7.588243665775379,7.530384544949955,4.798934272979022,1,train
1.449010998308397,9.254269659451179,2.60479397787097,0,train
3.6964143321141645,3.3918566471609846,7.693800589754783,0,train
5.995127481267636,4.611374865668756,3.7161380653788534,0,train
0.5887093402447733,5.061815803342392,1.0780544744895306,0,train
2.100850279341135,7.65443727458593,9.128723026204801,1,train
2.3561095175727402,6.723654222377612,6.3914385687221,1,train
6.3797410537516805,6.979301724660386,9.458268610680006,1,train
3.3100981540535908,3.5327047843603063,3.2037871282456014,0,train
5.758564622800428,5.561169853584063,9.22776388752158,1,train
1.711499438487449,3.2680811889800023,-0.1871749470659827,0,train
3.3954196675783272,1.6736323068301848,1.833609332655966,0,train
7.476695420863846,10.132277128084503,4.842569938081216,1,train
4.4315953914182264,6.372478373580111,7.168339077130147,1,train
3.1526447890334373,5.554276957161857,9.261911659014972,0,train
1.7069141308196043,6.249801262265108,8.37916525702139,0,train
7.498189187447157,9.222875185066343,6.990172005228261,0,train
6.316462592421897,2.4209261104115125,7.292808786806452,0,train
8.414979009506837,9.32113862230456,4.451325293507302,1,train
4.1015776060199824,4.915510406837626,3.080270575935064,0,train
7.349181745512517,3.7415314850903636,5.053098782701147,1,train
4.561470638377825,7.782904969483789,6.217374489266382,0,train
9.556571136955183,5.992504001642874,3.7725323727561726,1,train
6.942463300564711,5.300791429770817,4.663418553079087,1,train
2.380068556738766,1.2094901014909079,1.8888339606200093,0,train
8.697144382994558,1.9895772024206773,9.900910405078058,1,train
1.055339609602111,7.491370213140335,4.974238231091936,0,train
3.6803115517226463,3.032027648149061,4.601765801678423,0,train
2.1652882059553358,2.3632294875620383,9.084147958324085,0,train
3.7961834228476876,3.749037901139407,3.2674493406802068,0,train
4.696380061352334,9.425672939179721,2.695431355962923,1,train
2.483109161964603,4.614550103626253,2.2569794823230453,0,train
3.4220660194436108,6.181784540129765,3.6362572899435843,0,train
1.4231855365221615,7.339535627719586,3.584910090389813,0,train
5.616626369273538,8.356403357123341,9.219197491620703,1,train
4.894679653916485,4.041981750844729,9.360512993299508,1,train
2.3990647152274587,7.904565975941646,3.2598144458756533,0,train
4.093321791169854,3.8554258115623314,7.320068187956898,0,train
7.207271366470981,8.261212670845959,2.5733659091540675,1,train
3.836552972716012,3.124853731492898,5.120965183028907,0,train
5.7043548195572935,9.101050224120563,2.399439165241749,1,train
5.767575203189428,7.8430095722569035,8.439865219985021,1,train
8.678738386660413,3.0532755070283377,6.757737609811487,1,train
7.2945033651462845,7.698922757832206,5.419799114833166,1,train
9.14208547724647,6.758325631406456,1.4468064193972916,1,train
7.730392938763249,1.9636380357785763,8.726147216961982,0,train
9.047898147854413,7.32417816821802,10.099721696034141,0,train
2.5788347061324592,3.9179026764381923,5.378515932641521,0,train
5.5396888462256895,5.692531174368069,1.5790783250569693,1,train
4.911436225744874,8.899382929088883,7.228244963446154,1,train
2.8359152226684134,4.240117232889588,7.658720491791792,0,train
7.2783850099527365,8.585944919697239,6.699510106532325,1,train
6.599664545337951,5.775663885722344,5.898994754899573,1,train
6.173396212013595,2.538903282460745,1.2810795029062247,1,train
2.8235289538958432,6.627821661766232,7.0130970242112465,0,train
1.84205123914104,3.7583338960476684,2.1593425847399166,1,train
8.84697815244126,1.0544430616256715,8.349796845116474,0,train
8.863954397147491,9.387484672363875,3.6483675026449043,1,train
1.9756923819557233,5.803332925395037,2.0392759188955005,0,train
7.2100623705938895,6.340759086984502,3.741331967472804,1,train
7.55028763024802,8.356869175153017,3.690445446173766,1,train
8.680453222438683,6.5933006121519115,5.068254394907854,1,train
6.114665436343387,3.4897514105088048,6.300492636826943,1,train
5.315669131581788,2.770485679081644,3.6335912048859833,0,train
5.037473174839525,2.0647426648444482,7.868425167833894,1,train
3.0438173836657487,9.106949154501098,3.380591296533084,1,train
2.8036665070397557,4.576040290295641,9.072696099843771,0,train
7.293761008693866,6.172943629854828,9.942623190797345,1,train
0.9153929963943067,6.4160851252974895,5.693975149169223,0,train
4.0613803669262865,4.423306917448391,1.0746092409203654,0,train
0.7712544252358233,6.002174588265695,7.77219484671538,0,train
1.9616349529819472,8.959948856424006,8.703435721570118,0,train
3.4898857223435704,3.7412145250020243,3.432431068483484,1,train
5.9409703350266385,9.484084592425914,6.722495398729676,1,train
0.6809810174563484,1.0748341150734537,4.178526048132348,0,train
4.092303413836833,4.845329553419709,5.033527555451111,0,train
1.8383844826436955,3.561662937845272,3.093766054791429,0,train
5.459199492137554,8.267036816854818,2.5580911260622488,1,train
9.246500754169569,6.333808856105701,2.4246269780939893,1,train
7.5141118675362275,2.0975062629740204,10.687761867722696,1,train
7.504681035219817,2.954945919192112,9.87152605233305,0,train
2.606243606390201,3.9618892749159524,7.1379376406462,0,train
1.4960919590260957,2.8812579451996108,7.050889401120449,0,train
4.57569436053739,6.0898587872754275,0.6764451314852259,1,train
1.737208515942009,7.459754561051368,9.9391719033854,0,train
4.789679535877575,7.8283356434239515,4.964413360984322,1,train
3.256650756196172,-0.2663090830183965,3.7355260324358737,0,train
9.373934077359872,4.979005604281442,1.885889578983048,1,train
2.0906557331169604,3.9748864647081406,8.818655291668072,0,train
6.2536173467540985,2.41135873108566,10.589454343593813,0,train
4.599507891762603,6.564081160990555,7.771312211902674,1,train
9.200329410946713,3.700954574437264,5.989211535919127,1,train
5.55218063725178,2.04074135114183,5.7675572595991325,0,train
9.321632318917146,1.928178593996663,9.19739146228203,1,train
3.935984741514983,8.087440238293407,4.706666270220907,0,train
0.4788653161999944,2.5010584855969924,2.717747238673474,1,train
8.314613789287483,3.805534106514695,1.7846079128736856,0,train
5.2715816615625455,3.0597641628862564,10.306878088754084,0,train
9.002056600595514,8.264232267053558,2.4796912455363986,1,train
4.7600242851435155,8.394034251217334,7.89887563842362,1,train
1.8916555562230224,5.812516100203856,8.160264548172751,1,train
1.6645531279329318,1.5195026274740187,3.2515612532411122,1,train
4.410487681908386,5.547183334339024,8.150938075160278,1,train
7.777999655955355,6.699324603754569,5.986440570543468,1,train
4.882265445186266,7.897906625102816,4.8377880500641,1,train
6.254879534651404,4.161022678886467,5.009132048116522,0,train
6.162469855342343,1.0107477002561471,8.338938551464404,0,train
7.667416291130964,2.364560247583513,3.134093871633945,0,train
3.7142900051528973,6.724827450505731,9.349666811126838,1,train
1.4408309595415012,5.019951646096845,2.7989274275624436,0,train
7.06423948581743,1.1653189413533025,0.8682335059798943,0,train
5.691590060099494,4.409332261514759,6.190958540909639,0,train
5.989860057878339,7.167983191038935,5.825958576268262,0,train
8.481022603198527,7.7075751945787125,9.666741615922692,1,train
5.669989394956037,4.646160852391371,3.5674253500718542,0,train
4.496284255611865,6.297371153433472,5.895160841008428,1,train
5.362703822830718,4.429163668961138,7.318731580609121,1,train
7.67830102383926,5.136810535886655,2.8482824926925825,1,train
9.503980640320329,6.832666524854737,3.6918019554876604,1,train
4.117274343206664,3.328011604883217,5.8862515501316315,0,train
3.559329417060852,0.6542051462445875,5.141315384402991,0,train
8.439792385810492,7.318636178281822,5.225982891774025,1,train
8.819000887018527,1.224834565269582,9.383357381857973,0,train
7.847787795178567,3.394186071093216,6.605613531379449,1,train
5.008215983909751,10.448092254436272,1.297413907696587,1,train
0.25398883944288064,0.6446661896669151,7.698698414007408,0,train
3.361339074610932,6.123327052349529,6.692886308690289,0,train
5.938503327704669,5.151457169233397,8.465142730406914,0,train
5.357377644377758,4.7480084184280305,7.273430063086598,1,train
4.260947467615823,6.184145477482782,6.609134757330564,1,train
1.4738300178822177,5.725100675007718,9.133361950487856,0,train
6.184763534200828,10.000115417853467,9.000299693275077,1,train
8.5784589450265,6.321492565187029,8.322104006093186,1,train
4.061486550429248,7.543200026468172,4.035123667668931,0,train
9.303888001706904,2.8078897213271206,3.6597460238816546,0,train
2.713956399746369,5.719855756314927,2.9694832814212213,0,train
7.661036690189083,2.238444920306451,3.2430698711105492,0,train
4.226964449184592,2.1885763865882835,3.192827753727373,1,train
7.660988859114875,4.864107992764658,5.641894433549761,1,train
8.092491703155565,2.1783007273062127,3.806125096341563,0,train
6.026576798828697,4.231582384306615,5.283504679618181,1,train
0.5905332254900459,8.260991072420579,5.886238962352506,0,train
2.35512731859405,8.532396174880496,1.4275471387687375,0,train
2.0554650501987735,5.2328797059534615,8.110039893073301,0,train
4.369531254239751,1.8375925298574691,6.504724476386638,0,train
4.782274816630733,7.171983844995485,2.434677272075616,0,train
6.0045575791442625,7.13347381698401,2.3734270011891754,1,train
3.78876987546493,4.56534452450777,2.4286477221856564,0,train
3.0085743611745177,4.7196711968573135,6.908995981709867,0,train
3.072653616063562,10.019258711106229,7.3169333047358105,1,train
8.317978600935026,7.029719239484867,3.1180305139337086,1,train
4.490217839830839,6.380515935117229,2.798115828047656,0,train
2.9334706964287127,7.3286863594971035,9.118671931473564,0,train
6.4137005268264495,6.176216455490929,9.445927675554806,1,train
9.240214128909088,5.78361747324008,7.763803633244314,0,train
6.310866552827081,6.354988684070921,2.0083659505074434,1,train
2.84036769880855,5.68304900048738,10.583503038538566,0,train
5.879292706018447,2.4183701249194978,2.350280748252387,0,train
7.564865308214432,2.7658154798850165,5.651874300817518,1,train
0.523139180399586,6.2558440860279525,1.5698579640955306,0,train
6.234487208990941,2.2283325413878794,3.8053328448429653,1,train
4.326725500059033,9.315054296215504,10.36353864500679,1,train
5.831694449531683,8.013451470088595,9.158779864198916,1,train
2.3369352722764867,2.896384644865082,2.6351917530808593,0,train
6.040992645693506,1.7273922354545916,9.211292114934,0,train
8.751782872449843,5.779833138523337,8.54313610638326,1,train
6.965813775980682,5.938022055912687,8.135359510499217,1,train
2.536079020896752,3.845609668517491,5.886358106606516,0,train
7.310920991359653,10.147597597197786,4.5319583935757635,1,train
9.643777071707751,5.159742301385077,7.795866751291338,1,train
4.088004733083411,7.768678288858337,8.9413897034672,1,train
1.9508665742988995,4.6295116807143515,1.6720035318871924,0,train
7.610684609240575,4.435933951271937,3.25162299120292,1,train
4.007955132168909,5.861049235604313,6.765054553126374,0,train
2.7163416311670807,8.36965645319962,9.437794754365987,1,train
2.6097218319528794,4.346412965582671,1.7211680036971264,0,train
1.87429154454228,9.817227940478872,6.375603587214705,1,train
6.38760121167235,7.605527214158012,4.176688939405601,1,train
2.632938582955829,3.602177494913934,10.191306609261204,0,train
4.661715938109218,4.18711651795134,4.2970255345127475,1,train
7.630456599258279,5.786361905925112,5.096620228993466,1,train
10.2727840004201,6.247756120959738,4.971989493099596,1,train
1.9527940358366698,0.8074856952411411,7.701103454538887,0,train
9.288784826768525,8.179354952892758,7.491614708369034,1,train
7.457677696673257,9.051802442413916,4.371290375495729,1,train
8.341706936375251,7.683888750181431,4.422838032595855,1,train
2.4202428673130942,6.150126817611448,6.0007559226570315,0,train
6.8873022704065905,4.430050012179405,2.0917369667329164,0,train
4.732623947558027,9.023071984931706,8.765878384768481,1,train
8.316882027411785,7.954772094080329,9.403069696442495,1,train
5.573872926336373,8.458901475833656,6.086592668122504,1,train
6.080381609849528,7.921619963145988,8.200048667164754,1,train
10.500198234865213,4.329519613049461,4.540681963389412,0,train
3.130419839594966,5.430655327725123,4.568204347043324,1,train
9.252138660750733,4.817842026494066,3.054713746013344,1,train
5.770616312395504,8.38947282535717,2.1708928116833355,1,train
9.166371519245976,2.341708286756561,3.1436267435103855,0,train
2.447232809389781,1.2622179319766378,7.220388628897292,0,train
5.467400428891285,4.878730133436845,4.0773896769249784,1,train
0.6507190313828748,7.877391333211681,7.895923585240307,0,train
2.00241317168527,4.5158531115751055,4.408857341222049,0,train
2.896675514254155,3.304733706201638,6.790185022083117,0,train
6.246417949333883,5.121469719671859,7.053912920927137,1,train
2.9097852572733243,6.926705214885373,6.105668009092111,0,train
3.015383247794463,4.623318815675567,7.612731036218564,0,train
9.342706314724943,7.232631323638193,6.301985867535758,1,train
8.364882075270819,4.550146739271973,5.514486703620356,1,train
4.900412284444718,0.38930697797370106,4.680960829538644,0,train
0.9067633554251191,1.186094918860725,8.554511691095502,0,train
1.8225843727117348,8.237416851146143,3.159453725172015,0,train
0.7292376910624581,9.617963973214442,10.804429814324246,0,train
8.269366287600459,7.486863103808592,7.179704208096883,1,train
1.1686411276605868,3.2728004464700193,10.128084634574169,0,train
2.600921356887808,6.5432189735154775,2.0438479494834754,0,train
7.984257737045977,5.352378556088565,3.9578587271712378,1,train
3.917213736404733,9.111082355049383,10.823978539140242,1,train
4.677084803035844,2.071300774975066,1.9573881533826505,0,train
4.087196489667587,8.501873156358721,3.0042803834453147,1,train
2.155308621106732,5.9091352337208995,2.652702094335937,0,train
4.736895455582522,3.4582237131592626,8.512312155852415,1,train
2.172585897886882,4.2800406017954735,1.9745221093729248,0,train
7.285464139876202,2.627462556801496,1.6429421150100127,0,train
4.888496894517122,7.227794343534147,1.1204301169009199,0,train
6.202176966127957,2.118952459931602,8.98418250632106,0,train
5.625048393105216,10.060884420191671,5.34486655964599,1,train
9.14412668283069,8.25035895573501,3.31029088632579,1,train
4.834301887781923,3.5261548154634426,7.147312360352144,0,train
9.946406819152664,5.155562797815824,3.856399719898344,1,train
3.809258202212492,5.387938192600929,9.118950395109014,0,train
6.8699762411176515,10.695393477526606,7.535690856241544,1,train
8.21711774552656,2.4665667281063746,4.894847094772688,0,train
2.5316448420761004,5.1414562973373625,3.4906900428286685,0,train
6.908596420020054,2.1893988640163267,3.7409693182882107,0,train
4.487934413531207,10.223404738941849,9.094060084137546,1,train
3.3548186250320358,7.783838245389882,6.216597611308188,0,train
10.0421946976942,6.529007568092476,8.640333493748873,1,train
5.329818489170905,6.460192282785638,5.644163276905863,1,train
4.400035531397136,8.11082368251333,10.104783199164824,1,train
9.770186858929723,0.557753232509069,4.288297635111902,0,train
9.622903060276037,2.020690925615465,3.464702453443078,0,train
7.41624239182463,8.168203921344752,3.847214281315688,1,train
3.08061839281073,2.98701207364479,3.0066439231793156,0,train
4.549006231987314,8.943813479865405,9.070310627019232,1,train
2.9664784432300326,6.061997669557228,2.278175507558295,1,train
1.9825087554782934,3.8446603480019004,8.18090224264425,0,train
9.846814647176636,6.643426410499348,9.40018521126108,0,train
-0.03221031462977697,8.051932286217038,6.039458890993296,0,train
1.9251611521986693,2.8565644109945625,2.136820894425705,0,train
5.857446930163071,5.130003442649141,5.623465998395904,1,train
8.843662073687902,4.154244629686833,1.5532255501418422,1,train
2.79535413022736,6.851031820945767,6.5185281621206554,0,train
2.97523288117924,3.29910986034261,9.135604770818242,0,train
4.09131555015373,5.826542081826309,2.6618879463323686,0,train
1.6140235188743235,6.566803157592535,4.975778302668994,0,train
4.159814062775047,10.684143302899663,6.426716576312984,1,train
9.62158481388492,6.709288026261313,2.7262374172143597,1,train
9.221570796192658,6.3151524832655515,2.620217675455161,1,train
4.7287260318707744,5.486704295991795,6.053350129317957,1,train
3.8918593892840216,9.843875878460137,2.314144240680283,1,train
9.651714239410701,6.491697149337057,1.8844014199857884,1,train
0.6085006467316578,3.6412366821222615,5.210451733044314,0,train
5.991435634434279,7.175355242209178,1.3496132543983503,1,train
2.7459302810447106,5.675293871422163,9.40796898745783,1,train
4.123779998995808,9.113658573893932,7.426221181190757,1,train
4.877704344850488,9.813940227646382,3.3271630092879683,1,train
6.026053376442509,4.959376618201809,3.4086309787799003,1,train
2.069897786400356,3.9069479560918925,4.958903056806664,1,train
8.87884403106871,7.9340044167014465,7.215174725573997,1,train
9.152574540175676,3.6465288675788887,2.174209924769542,1,train
5.830534576928892,4.8248164153417274,6.641967255141913,0,train
5.05242551864462,10.690948178564017,7.407157837272457,0,train
8.57652480605041,9.601767491027507,3.3113483904140186,1,train
5.0195304569368515,3.729924074189861,2.3256214317434982,0,train
6.483033201585349,6.6515928853742174,1.9622691090151503,1,train
1.151303360811134,8.990196845748422,5.472530828263273,0,train
0.7368805260362016,6.032263354229326,2.442884734695332,0,train
6.67904513354591,3.7843538785408386,1.6807324388363973,1,train
9.109192770346107,4.118258088343172,9.408925766781811,1,train
6.022406264933151,5.3570724458951196,4.626154043504766,1,train
3.44694816455219,2.911201662519828,6.409137482992174,0,train
5.951927978018678,4.012354006167013,8.12781072282452,1,train
4.3132000337647565,1.1052949651304127,1.07832004901402,1,train
9.181026674670003,5.615874182842301,5.1424572529459605,1,train
5.427293056371772,1.608341300165748,2.583342834618645,0,train
5.9617190676266,5.086602399469385,6.359061224724009,0,train
2.2148000947771087,8.368580034717981,6.515587351090251,0,train
3.7182159960530248,1.379737641517281,4.532732072721,0,train
1.325592185130636,3.9862660293469356,7.784247033606653,0,train
6.295527246412975,7.517099822702914,1.702692370700442,1,train
3.627147167712637,1.551283505489195,7.115876421015981,0,train
7.378499950769978,5.754516788063313,5.2264438394937915,1,train
3.356594069737193,6.900859287941938,9.064216451426056,1,train
1.0063663339160458,2.722309974985594,2.3168979162356873,0,train
2.8905943982319493,8.924252842500541,0.6395445701434352,0,train
5.617141828428105,6.089638062881832,4.906679607250601,1,train
4.394193438485531,5.135694119603331,2.3841588000659946,1,train
6.39663422839101,8.871677314457934,1.2366099939841553,1,train
4.735361060300378,10.025238819410488,8.52032789840796,1,train
4.875805142586513,5.813938479649456,1.4738738548608397,0,train
6.677772771843514,7.43848257334831,6.341917537878172,1,train
9.784549914292821,5.687909114290182,6.8062543970867,1,train
3.776494619596125,6.05270250014794,7.7950933682050305,0,train
8.137347411586118,8.674801615472562,9.271950319277693,1,train
6.75607387870725,2.17294632212025,3.2859228276824486,0,train
6.559507239229588,5.8565595757745195,1.593351471706725,1,train
1.8854881107782917,6.515266556010151,6.98023158111978,1,train
4.944853609462084,9.644513789954885,2.671606012276377,1,train
5.9974083853364055,5.145711887653854,3.0937100378957316,1,train
3.2475384374626817,3.9747475480982337,7.1810660656516525,0,train
4.1842667359912324,6.537031732459691,6.797179813748795,0,train
6.8850096546995125,1.4629562467761597,8.006056993867112,0,train
0.1202924009584222,5.982092750567202,0.6644037226110799,0,train
4.651298816844974,1.267468583420917,8.964838373987982,0,train
5.771742726440427,8.487019790926404,2.344697027909055,1,train
5.341889216890321,5.451271957091286,6.944288427063153,1,train
5.1996543096781505,3.932598296310211,9.772380225260132,1,train
4.371788579800028,1.2779716593656674,7.565046011557663,0,train
8.478545930332652,4.261922168634707,5.525646029129721,1,train
8.013860696381954,3.381862297602476,6.195353908245403,0,train
4.339717375774757,4.9585290643920175,1.2105203256509052,1,train
5.583383654016962,9.41569622777856,0.6851364606394423,1,train
3.751437039907495,8.213885201846878,6.710599514234885,1,train
8.250837395499298,2.510854151581474,4.0728598587767175,0,train
5.822916940243462,10.488854082563595,5.338744471258468,0,train
4.305692720725685,1.1566911276819565,8.122137180389075,0,train
9.155323896599985,8.863979078057376,3.123969985582968,0,train
2.6392707412583505,8.970753225333691,6.438555107845332,1,train
1.6341335395731877,5.080433948420166,7.5287595341583335,0,train
3.6729880936316324,7.342244408571373,8.399723073528445,1,train
3.773666556259231,9.891333778126228,4.4813000849426725,0,train
6.148189825309843,1.0071548068827512,2.3856290127547735,0,train
3.9598286930202935,4.761392385484272,3.537585623257522,0,train
7.75430835771899,4.9038072367169,8.574723401566816,1,train
3.755053879261502,5.836013472461656,7.474047317429679,0,train
2.4925313568064422,0.7639921863353356,1.8507229730768464,0,train
7.577623164002009,4.536560750922287,8.427203511172914,1,train
9.223825983184637,6.955214094754108,0.2880926205198253,1,train
4.068217766156942,2.886276103185547,5.045146868162605,0,train
1.3687452315665645,7.902591303967624,6.624610010655268,0,train
6.461064835747968,10.359436320607102,4.880506975105219,0,train
5.08485167975666,6.388468396122291,6.644029789710408,1,train
4.2160007688387635,2.8873856637883084,2.1307183347383383,0,train
9.224397582165263,5.59786002099673,7.649927543019375,0,train
6.856338578633242,4.9664165945818635,2.9171438220288053,1,train
2.2065815964712403,2.564775160483831,5.96785195774541,0,train
6.97787046882857,3.629544765769,2.9923033653277926,1,train
0.938921012161182,5.3703658410945865,4.797703797302168,0,train
4.626699540477921,4.155721689256779,1.1124306757779192,0,train
10.331090219001887,9.25285529471147,6.390862513469073,1,train
7.797809936028054,2.907493265182093,5.057814024062583,0,train
11.506891385367835,7.099506300582669,4.18334541453986,1,train
0.4528546383904758,8.146392467548049,4.412228606201172,0,train
9.173023773741654,6.539408034689761,5.90869793916529,1,train
5.002303883327207,5.135622287251092,6.176941557847344,1,train
7.772529620273628,9.552271525901574,8.46653360815406,1,train
3.674191475603402,5.365420794673212,6.186913101546331,1,train
7.468889064449923,7.233479233111831,9.831753049390853,1,train
6.790417681817978,8.702784025986773,2.8839485643559453,1,train
6.206230976746344,5.280708958953981,5.613708804710142,1,train
9.792949002251534,6.2344942832386865,4.128656469104755,1,train
8.865518094477792,1.7466713021489138,8.045240410642148,0,train
6.162875191779596,4.422840645555863,4.760973425101497,1,train
4.92585221390083,0.9092867536964481,8.53874650873071,1,train
-1.154760587032518,9.143375080412133,4.05410794660086,0,train
6.324229208332243,2.6746329634963266,1.1230462176499931,0,train
8.033660901585167,1.1661984458232366,2.1510389493730844,1,train
8.04568664770203,6.685843400080216,5.702559140964996,1,train
2.0427514086804144,5.863327056355556,3.4982431761015915,0,train
4.030166868862821,7.211603103608238,3.142278084914497,1,train
4.322651887349142,2.9454543485038185,5.4064164920715525,1,train
8.85660010052425,8.623310275177595,8.656400802985816,1,train
7.506443674730095,5.339664126993824,9.647556821083556,1,train
7.2464173257171565,7.846203622260182,4.1217443847665045,1,train
8.387468539295313,8.282971169019952,3.386084981516115,1,train
5.838345825696782,2.686705284764038,1.973214851783744,0,train
8.915382016543518,3.550955401421541,3.543212621215791,1,train
3.983618798686643,4.774817023721815,8.060023101439146,0,train
3.1752597886291083,4.573104607066099,1.9914158565076794,0,train
5.195523791794147,6.37506660290904,6.013397656313812,0,train
5.588717231996981,1.4265957085530878,3.683569412455708,0,train
7.2116430737041695,5.556832800306828,3.6140210202110232,0,train
6.556470256013748,5.896760324236476,4.526310606242178,1,train
3.088952155449904,4.0204603491897295,6.15017938583779,0,train
6.756929226618662,8.838944713106693,1.6756847624466706,0,train
4.827399301363676,4.645870023533498,4.576207580298827,0,train
0.8754903892068256,1.7621983745653502,9.557325242494027,0,train
8.593346586471636,0.6092234444042268,5.793221984828503,0,train
3.6924893862051698,8.967043846000157,3.9445556985015124,1,train
6.6023429209722755,8.511083600549767,3.66090008152037,1,train
5.5909403413937016,6.133028461614863,4.782261164353433,1,train
8.362234141049148,0.6414900105141014,6.585732269687793,0,train
8.7121064655317,2.5213400627929485,2.449803866363985,1,train
8.448722148916907,8.426306971869531,1.5913330098885803,1,train
3.413750231276498,5.9433681140443255,5.54564562061895,0,train
3.2932670447707135,4.006905660804171,2.557852917950495,0,train
7.351633321832754,8.015145211445052,5.155332247366566,1,train
4.896812183047243,9.379948326519926,8.518365634687111,1,train
7.295777276044144,3.654178706801636,5.679514956193564,0,train
6.3351239117950815,4.232610371202119,5.562706854980208,1,train
4.455044889131899,1.2366178597819284,4.244767801799132,0,train
5.812859848749239,10.454224934717951,2.9603194565058653,1,train
6.119106635603577,7.182521416581169,5.224447899944311,1,train
9.489977480398576,3.388811094140091,2.1103250018909705,0,train
7.315534200370213,4.8725176514715045,1.7338185966152648,1,train
3.3225785126242604,5.937589318866317,6.8375302975255705,1,train
4.303137452538963,8.795072426386433,2.529013569714704,1,train
6.00084141273288,7.207377423057567,9.121428589535723,1,train
10.104951445688618,2.1262023570487756,5.415953594656107,1,train
7.4260052666174365,8.60508174850788,1.3320829376910002,1,train
3.6528078720948463,2.590518168049546,3.6425631701198,0,train
2.358955144763689,3.198498794034691,9.910660540344947,0,train
1.0452147657199715,6.735528912586973,9.465855615460345,1,train
3.697665200729199,5.705208002944269,3.4148922126214876,0,train
3.9245855623275308,7.499415152568888,5.260697640694921,1,train
9.394688302680732,10.840893255339186,7.459517695894076,1,train
7.425980815550216,2.0874569609206954,0.8959046631893264,0,train
2.836293834163441,9.142664056757992,5.130287747135145,0,train
1.3777931438101585,2.848611289109083,8.297358666353697,0,train
7.2433183057143635,0.9600574161412114,8.254913648164925,0,train
3.118839587890454,9.363340107405701,3.3997182401723234,1,train
1.6684714693648452,8.345080960479219,4.712137082035772,0,train
3.3848215768065986,3.086008134431584,4.080421124068506,0,train
8.879895795395509,3.447486843657501,6.051356245779292,1,train
4.622051089297899,9.897808335408047,6.5238003988546485,1,train
3.3610217477336324,6.7542761447548365,2.5426267463548573,0,train
4.613566797625246,3.533861261313223,4.324433829760411,0,train
5.234032602998277,7.172166234584201,0.8447491997797579,1,train
7.74866002235582,4.938720811738017,7.971472133524419,1,train
5.825734571651182,9.555243982493538,1.475487473101789,1,train
4.751382906676747,7.955393998913525,6.1965688510814525,1,train
4.366941167275403,5.604705510472381,6.371673991800323,0,train
4.214037461117968,4.182931596045666,2.521367211647967,1,train
7.110373175187515,4.981969736329427,8.1212625681703,1,train
6.32247301670737,4.956259345237476,6.19539007359402,1,train
4.198175186857403,4.868177644163366,3.7047651349356747,1,train
2.062978267133092,3.788862446341244,1.9383598335785868,0,train
3.5972471839302957,9.3226522464033,2.9873412758362528,1,train
6.8796590305158665,4.716991583734075,3.9489937898698946,0,train
4.112475752826859,8.920863431518812,5.897006106465152,1,train
7.65686020395502,4.472053521170185,6.5113572283212315,1,train
10.067298094028633,9.685448700075804,5.401511429218136,1,train
4.7463478890521005,4.832744786691294,0.944020614055089,1,train
7.129948045531172,4.407604790621414,2.8276888391125263,1,train
5.604521120069009,3.4242451308758786,2.068162350776169,1,train
6.992195833711143,3.4272502107074145,6.895948753386217,1,train
4.896038295443217,9.109907343280062,3.653915431935666,1,train
0.8361365067793938,4.335134258794871,5.057724789025385,0,train
9.575205124634435,8.597951265086763,9.169945798402212,1,train
5.370424738609248,3.202816055874849,8.54920469496705,1,train
2.5720043908574763,3.663419301362691,2.404835785757001,0,train
2.111937829027057,0.8966849768852458,9.482202934183885,0,train
2.589516123152112,6.2047530644660185,1.7623132531430383,0,train
4.3417079999541635,1.2261244177639823,4.375217788443065,0,train
1.5305583105726963,4.956077303078186,3.575170936419166,0,train
3.1037053251694,4.976852786547728,4.8383785961831105,0,train
8.333768756502106,7.347229338374577,1.2340476486584326,1,train
7.154145105138805,2.4738473329884503,2.2215566909372253,1,train
2.903587719881018,9.052358254735992,3.7021652891018597,0,train
8.541448947301637,1.4889771385555843,7.525475524414159,0,train
9.180542670793908,8.85056706678108,3.2935370988832173,1,train
4.027414410556711,9.725557928727172,8.039285922945846,0,train
6.126651428245201,8.96997445069905,5.246141275924901,1,train
10.468577395910142,9.173954856542816,2.965683560178217,1,train
3.4924412126006175,7.827583385944843,0.3406186303878751,0,train
2.99719518735208,3.4298183924999344,6.16119685859384,0,train
10.200136689798768,0.8143046215859531,5.13225775869282,1,train
8.719722884907574,8.504429147914603,9.238498176730454,1,train
4.801514784045871,8.686180734534638,3.4405555401638743,1,train
3.983838024475428,8.2167152572618,4.888819717537977,1,train
7.634468792638662,3.6399526748546602,5.48866911365508,0,train
7.019398393123934,9.419264906333963,0.7373453540999961,1,train
3.4525813008935553,8.310364506992244,7.747345209283384,1,train
3.239427852133394,8.072468658362816,1.4793605166266919,0,train
7.4053205168179135,5.003024447555123,4.201819399669215,1,train
2.2305761721564537,7.452921183591604,5.246212527345983,1,train
1.736011435106483,8.339616179363064,6.13012362909139,0,train
7.799095399328905,6.921938505771944,6.153708878678518,1,train
8.472418661570902,2.0003447215993333,2.1167706101142287,0,train
10.98554128760534,4.189298581760754,7.6772095717148865,1,train
6.279996433332002,6.975995389409364,8.272090839773353,1,train
6.879384901622023,4.419170764080174,6.431648112485689,1,train
1.7066406480204008,2.464352861276691,2.5394593193631225,0,train
6.14423535745602,6.998992893223448,0.9874035513419781,1,train
10.49638623256887,3.936253105025994,8.30660071149056,1,train
7.489014701014287,0.4663849772899329,4.928925708788789,0,train
9.024195142230171,8.78997363453464,4.360056194614524,1,train
5.847127858052283,7.413941470132263,9.545464339407852,1,train
7.921302059850106,2.7042793057559176,4.177769315448542,0,train
4.751198227792288,3.2919741619107907,9.62316203751481,0,train
1.351454063964394,4.750317333334609,6.367294028692585,0,train
2.6644136786412496,6.05294348945116,-0.7848170169166861,0,train
9.931675823683067,2.3900281946227646,6.674911125426105,0,train
11.41233887034889,4.182944930259662,6.4043641226359975,1,train
5.491024750013476,7.1571985085393965,6.081993591261596,1,train
6.745909718196332,5.003966418486678,4.498886297477047,1,train
0.6363793497688484,4.328100931331596,7.172471308909582,0,train
5.09766609253831,7.817173020468312,9.782285026529635,1,train
6.008789497944919,9.891982243200498,4.454477429205911,1,train
6.463839804232566,2.8627057139919443,7.175840711227693,0,train
4.191782987655128,6.618494621010797,2.2747109257517564,0,train
2.23410057111098,7.026327696090159,1.4030774145804634,0,train
6.9636463845098575,5.9579068161759805,6.450760346083244,1,train
8.456686271385687,8.41957206563182,3.6456868230073574,1,train
4.21514163109242,6.77561448083161,0.540596961461835,0,train
4.5387849072331,6.962224921343579,6.351031232611457,1,train
8.759610880046509,2.797956252614763,6.220831007364446,1,train
2.2050729206689246,10.689196265993372,9.630654781935759,1,train
6.248600793230652,1.2779953506865391,0.7783171578679042,0,train
2.452670741387879,2.7810179614292507,8.755670701330283,0,train
2.44907629713219,3.418309996678132,0.9805363324965802,0,train
8.758314318645418,0.693771820482473,7.0476829316120035,0,train
5.163673761626037,5.661421211696259,8.287190338017332,1,train
8.352808617670977,4.2523930231873734,8.976265188620086,0,train
7.66389342348094,10.073470001245106,7.223584773356541,1,train
2.2781773023329523,9.255487526204414,10.454745582825435,0,train
-0.5857692477921426,3.5349105866384902,8.647758345259428,0,train
5.007849005648541,2.9050181361389935,2.0001689009893684,0,train
7.379961034667158,8.913542920992427,3.418339955408501,1,train
0.19014491669464118,4.353905149389897,6.245756820364461,0,train
8.391447638947465,4.7093905978233925,4.389442535970093,0,train
6.135332548184307,4.390892661655481,8.564131785546458,1,train
8.17607592872591,6.512613053445923,2.499680454186445,1,train
7.3765385787155,8.494140812946517,9.609755074713057,1,train
7.561543384954007,4.524952467992069,1.659249642845818,1,train
6.966107180998699,4.9526759360403565,6.30586039383788,1,train
4.009595853205297,5.186304369354882,9.35649869311764,0,train
6.426479477707158,9.264338323584811,2.182409848887666,1,train
6.860883548225376,7.602594172996551,8.569080086906375,1,train
5.438352654202023,6.77262318130445,5.011563731564704,1,train
2.288391668314227,8.725830042649484,7.1051044730258095,0,train
6.764154162125502,7.763589905151065,9.848828922283762,0,train
2.916997413823445,6.928166942766696,5.352525708877052,0,train
6.479027510868558,4.194920957564301,7.5602079223339205,0,train
4.51118504425973,8.321109778178384,8.153550722833653,1,train
10.195174301623311,7.642860651589556,4.22529497670773,1,train
9.724987665393526,7.608091101616029,6.793108530681087,1,train
1.8762103097425133,7.489222971250467,8.315414626382184,0,train
4.060479231331352,7.547612978084642,3.344396804385953,1,train
6.678033466275654,9.060501944169491,0.5491673874935814,1,train
9.949681926485637,9.445947605990517,10.872433059359341,1,train
6.263962971624531,10.828096059402348,6.7115692276282335,0,train
5.382170929001977,2.341797487053597,8.14640920184636,0,train
-0.5104307471059291,4.946209084098353,6.422799953739149,0,train
9.08259511123777,0.8298766057570743,7.513236401172193,0,train
3.560215001838766,0.7378200624501189,8.72092749312258,0,train
7.193449239435503,6.65526757023235,7.745712227830753,1,train
10.4318031700649,2.430533946523475,2.809055327763616,0,train
3.4121458887562963,7.03741664240684,7.168886199054579,1,train
0.7229298145200445,5.642211523703913,4.334215620833073,0,train
4.658625667271876,3.013891482588365,0.8335500575094994,0,train
7.283235881082156,4.992228437096455,2.8747152901075608,1,train
1.928018117793868,7.411980754971135,8.66344235033429,1,train
4.739463129037534,10.027551431876491,7.258960110972281,1,train
8.875454899851073,7.735740679836066,11.166048497592108,1,train
7.404335431134364,7.764835425571332,4.9083274768593,1,train
7.70559191758503,8.04115570920197,3.4629165881394117,1,train
5.992727945624413,2.9911582831199715,10.073944982938212,1,train
4.535055355832284,1.5229530326719225,5.17599295634446,0,train
3.685661638220186,8.177882870580541,9.77299301740352,1,train
11.313459471385304,2.8593621579282646,2.7712253990005014,1,train
4.817819395251845,7.69625880078253,5.113028706338787,1,train
-0.3549264800169665,11.188211109216711,0.3190645804839154,0,train
6.091381508416164,8.70886111736604,4.673161091812303,1,train
9.380981946629543,7.920862737601354,10.381069875074097,1,train
9.052485963674139,3.951940372023813,10.236679812155334,0,train
9.036273281108757,9.050453790095306,2.065892330325503,1,train
6.225562851576727,5.682495029102784,5.23699802758548,0,train
2.599561969435587,6.543885657095025,4.456113923065604,0,train
1.2951437206897713,8.497135787273221,7.37199621031378,0,train
0.4244923520459589,6.390413408891326,4.76348000500985,0,train
5.4070937511315815,8.032838132561857,4.4685837969422,1,train
9.453949280949086,2.7276025484123267,2.0670129589004356,0,train
2.617088324964382,3.840662095282971,1.8108736040644684,0,train
9.16531038346444,4.913217759448877,2.898408730290532,1,train
3.267924514058125,2.5006253568493224,1.2392752449871396,0,train
2.5143670229961685,2.8811528744691826,8.319535366306592,0,train
7.668976754208649,9.358408835260667,7.7497633730922555,1,train
9.043006620470853,3.6054766979226938,7.1776778749100965,1,train
1.0410758556891395,6.023479416790292,2.809013322281471,1,train
3.263359301563156,3.1043620812147013,8.410866327929174,0,train
5.540023293902839,2.865281272423698,2.637827243272156,0,train
1.8783770534634785,4.285564085542885,2.7105577202169684,0,train
3.06691821566111,6.604834632952943,6.94036794009352,1,train
0.6219554172229118,7.32443559334827,7.350472731131383,1,train
7.470356194673972,2.34294649659235,3.596986499260743,1,train
8.885580740827006,6.110945275191883,11.162408507991461,1,train
8.00804009427723,5.941816044264179,2.490860081021606,1,train
5.7793390175401385,7.854687037447055,0.9850236285115628,1,train
9.431362765469816,4.262271965992758,7.176621419928354,1,train
4.5678444792370865,9.887471845346779,11.208415059338996,1,train
4.045483863131477,8.068779247704027,7.092062384624328,0,train
4.731290006214024,4.692280828795576,2.9919331517009273,1,train
4.992985758191636,5.154527043323414,1.2368018982734457,0,train
2.7184345694904217,2.4761375773082426,7.203522724577969,0,train
5.380135275006433,4.823407906900044,6.536156325580854,0,train
1.9420650262773034,6.442193048043435,8.360005143952336,0,train
3.9909280612713887,3.3300373001572248,4.946004330661686,0,train
8.368250658670185,3.5959510419289464,2.154443857579378,0,train
7.291175721287435,6.002743173919447,5.736760279869945,1,train
8.858856962150153,6.6872201313901956,0.6142968151133159,1,train
1.0632092705076925,3.8463836556005764,6.980715245554447,0,train
7.466473542320704,7.964862161692676,7.350023858984287,1,train
7.075549964071391,9.54557071942337,6.513419115190508,1,train
1.6768212362664578,2.0720331107866374,9.30368070785707,0,train
6.681552273916046,7.789859853746728,4.81431898845797,1,train
5.706890065123226,9.32984200698383,4.0445513552029295,1,train
6.659981600167389,5.962410472215527,7.7841892277577545,1,train
2.5316151610596087,8.690626967519302,6.77356278105016,1,train
1.4462971518962213,6.446451197845896,7.43111670076108,1,train
3.312823050207352,1.8989849536336276,7.454179028435224,0,train
7.527904501259067,2.4525683469468857,3.9182840187785404,0,train
9.00939175533163,5.377782979396327,2.7844609224798273,1,train
6.4707353875738765,3.2708921221921123,3.501733133335119,0,train
4.534125328047079,5.170202993633653,10.395868302759464,1,train
5.498316509618933,6.796726972637993,8.914677294833325,1,train
7.186054986097242,4.428899538720007,9.006538670595084,1,train
9.415829937447683,6.914254010082037,8.245109990110349,1,train
2.1183167901724778,5.83285591050417,5.701819880480479,0,train
2.1080378185248834,10.139030101644808,5.368778832936232,0,train
5.17575215449299,6.941836628709548,8.694909546494571,1,train
7.107032709987795,6.254380699046081,7.335956974704509,0,train
6.391558974600193,8.63035852321121,5.923892507709169,1,train
1.9147249246622549,5.908921943855037,6.024600816112615,0,train
3.1115007026930623,4.88866048475538,3.638485489698192,1,train
7.719579949868194,7.493267458374692,5.40947003657742,1,train
10.390098398852054,4.411089144269173,8.13728172514962,0,train
7.231211757724628,5.418450031369786,1.9958350724122533,1,train
1.551848068919771,7.5451704409873495,7.153275585018457,0,train
1.9905588959690987,4.422753094315569,8.922333871119625,0,train
3.2951986817749437,1.6078260169369998,6.1332854209989165,0,train
2.9728803990283437,9.946278711339788,3.405459172837852,0,train
5.206639940528514,6.39439384884459,2.619578249343185,1,train
1.0179060822462218,3.9635897291637514,1.6622400074365409,1,train
4.842867738546895,5.407500199869373,7.31815399711616,1,train
2.3508161718629133,4.934297432977714,1.8311171082775701,0,train
4.7306880975189,9.165123405410254,0.2070911054295681,1,train
4.370113273231502,7.558356274551183,2.4171861018061556,1,train
2.2307755910906826,7.027553902396051,9.06884296398178,1,train
6.463217472892771,3.353162883943557,4.017951739207654,0,train
1.6361839878377298,9.301737485845056,2.0717821864960344,1,train
8.001116821725832,6.570435114886794,9.286935539859202,1,train
9.88547298075894,7.23180240021749,5.88718785669125,1,train
6.750751062012297,7.445640246868263,9.900093958830794,1,train
6.370523047692466,4.056382929825162,2.7479313567937256,0,train
2.393645725765492,2.8456378336108488,2.4305351002543563,1,train
8.53003932534767,7.45111766000374,6.977603857422804,1,train
5.8612080621087825,4.954584738911893,3.514438604104229,0,train
7.219809015130259,9.19411806176381,10.177071873883275,1,train
9.603787594557975,4.575688455496663,9.783525162888605,1,train
7.248671763598116,2.4063931059860404,1.5343218820793851,0,train
6.752280194096247,4.108256192665661,2.5387866147755105,0,train
8.205222472194254,9.01928792793774,2.305279241223551,1,train
5.974213588896431,5.218176436715353,6.782211000452186,1,train
7.863525546556788,4.488065217049082,5.475892652601408,0,train
3.7821929131103547,10.747978095945344,9.016952472888118,1,train
2.9052343937493257,5.70459654903887,5.247879304248714,0,train
8.548403807047505,2.4962406926417553,3.755707452797326,0,train
1.5374752537705936,1.6896130590028446,5.634461903919694,0,train
8.230631279366172,9.154840154746049,4.603502185795909,0,train
7.555698885422763,2.9676848494026684,7.341605326338288,0,train
8.918065833347024,2.9355717948433337,0.7962679359154151,1,train
2.940150346804646,9.603172810781183,8.572728447248247,1,train
6.037955994761449,6.436913681554316,0.8532398996762462,1,train
6.679564119448688,0.4665356153231317,1.9900778390311846,0,train
2.132246462546167,7.2463818356947005,5.016431175251096,0,train
1.9098187935228699,4.449552501245185,2.16583263845719,1,train
4.341683712248277,3.8069852325032234,3.3516948769141717,0,train
5.6272113576218725,2.822551955563807,3.172782283284912,0,train
7.31786422481681,7.958486304603855,4.8269899702454895,1,train
3.1071298630668434,6.62115709381464,7.828020163256051,0,train
5.45212500370066,4.126553211486861,4.012218013632019,0,train
1.9318885093176155,2.1684699762526893,7.801771981838278,0,train
7.989353521678072,9.870581628399197,9.60880176773115,0,train
3.154085672732978,4.480553431876586,3.017554028266282,1,train
7.080672054209997,6.194125104626308,2.9455926902221856,1,train
3.0379213627221247,8.97840540830093,3.1221096335509158,0,train
7.434801052770299,1.6941180566923242,0.892215082150884,0,train
4.759644047392108,0.35104472516033125,8.974512893797852,0,train
3.977631302352149,8.361739708285539,2.014616647831363,1,train
5.505872437051371,6.197146336190351,6.535425693319307,1,train
6.397368325858845,6.259776516742163,7.766118717133664,1,train
7.56897594084344,5.973390333006783,8.500935825795217,1,train
8.539344924883599,2.284114289076669,3.145201818778224,1,train
2.3008220469435248,4.406216399557562,9.079409550808613,0,train
2.6505606461786635,3.1844312760016975,3.3311136182853303,0,train
7.120357966930705,4.13763334109665,3.594549548386496,1,train
5.798800837835085,6.931112275060278,2.3208315832396194,1,train
2.112310330221823,6.7655692114070805,2.5556660841680197,0,train
7.093984923348709,4.583994323448942,2.6000486459216403,1,train
4.676761829436018,3.371695468326243,5.819800418339938,0,train
3.5469389876478163,1.4982886141007372,4.8104672905913315,0,train
7.8433404448058,4.818622297691488,6.156572161057385,1,train
7.186591550816406,6.57369208974372,0.4473204626050751,1,train
7.915075256262932,8.24288377566216,5.239295229752645,1,train
2.439186694486311,8.220206558269364,1.093900190723448,0,train
1.2915109213079303,2.3963200408413696,7.389005641900316,0,train
4.205724549504178,9.932536430144769,5.766899617545267,1,train
2.335106365223285,3.3378453601227385,2.6601140661629756,0,train
8.864586117929138,4.53651075930297,6.442069754167284,1,train
0.5336314546084115,2.667814860927427,5.639014408565926,0,train
4.214818442705295,4.507953634957223,4.405745277149361,0,train
6.662989481444822,1.0020694994160293,8.995063143253947,0,train
2.756047031361143,5.170428654148464,2.913469254691067,0,train
4.240450270829854,5.715632038479801,2.353051881770056,0,train
6.032539696148632,6.979448848743477,3.349293908875148,1,train
4.683809035033204,1.6926517203534024,4.014831261110052,0,train
2.699688864149911,1.9348765310595737,7.937320377025445,0,train
9.5867550094796,2.736964247681293,7.475986921962656,1,train
6.335421320256166,6.424591495055867,2.8331043290839166,1,train
4.020589943820131,9.223282358122223,0.2073643138449952,1,train
0.6221335240931642,7.69335678812968,8.696002473936526,0,train
8.790078928709828,3.5353844512782016,7.13373692433665,0,train
1.16838094440605,8.442337499712071,7.719679126214348,0,train
6.235507857133565,7.087626722919685,0.8192149045417249,0,train
1.681968214563443,9.497945767391133,4.686204750782225,1,train
3.3991562509190487,1.985200340528241,5.26497556045905,0,train
8.914885029131952,6.888017870566049,2.4225633214426816,1,train
6.909770092213115,6.3159839176772055,6.606884106625397,1,train
4.91095162907797,1.8131427680892198,5.652378266515324,1,train
2.703118438415406,6.803838337586452,7.058206251475235,1,train
8.141779398961358,2.3153047584381072,9.388609756237217,0,train
4.257191089428219,1.731351552462696,8.183378122226832,0,train
4.275941768309462,9.315472627196883,7.914594699296265,1,train
9.082129623603663,5.833843555369093,2.4621454037083224,1,train
5.986396810067579,6.364657688464617,8.77995195492551,0,train
3.9772178122839894,2.133027520461421,9.105577062474064,0,train
2.077775495858208,8.434095711245485,10.878431769665672,0,train
6.612946266944646,5.579747350178091,2.9577401549405877,1,train
7.2874630525704145,5.222091920510957,0.519151920374934,1,train
4.000290723730917,5.101671453880735,8.951325482460634,1,train
8.165109126338349,4.585178488712685,2.201676160073105,1,train
2.592389617918124,10.331385946573691,2.1534445082543887,0,train
4.900518353869343,5.56337298439373,3.5178324409780206,1,train
3.023950606388035,5.00179016011044,7.199115236718324,1,train
3.815853066761906,6.16574048173557,4.044539278213136,1,train
5.684893544251402,7.72087905993344,4.960365628588272,1,train
2.1842343183898767,5.989842445961466,6.904324387946213,0,train
1.382536710921117,5.646156815018062,7.2662359454422205,1,train
7.965204032422284,0.2288960972060683,7.48877716616926,0,train
4.712375394204402,3.9366889848053974,10.183839229918913,0,train
6.309395034072728,5.098643495674813,2.740613838433264,1,train
6.4421246516990625,6.144357166876034,4.410031954508943,0,train
9.275960048281448,0.9564817119293695,5.8625260180371805,0,train
1.5091246121678639,4.392556249397479,7.949401526289891,0,train
8.909534633579792,5.305130311013646,2.4851603224930137,1,train
5.554955684499223,7.786086489654116,9.351369959820618,1,train
5.04060369318009,6.716722471590351,1.6380038142991427,1,train
7.663363827355619,6.038809914621789,7.6248848005251775,1,train
4.174860998066897,7.2414267352689015,7.444986243733146,1,train
7.010758765102153,0.9844498768108858,3.4741360268310886,0,train
7.9199806046104255,9.49221603243738,8.490622817801382,1,train
8.974142656387825,9.355029222400441,3.888757353281595,0,train
3.3024865809840427,9.326162227156876,7.737797493092756,1,train
7.966619307318266,5.332030466212933,7.183232956050203,1,train
2.2473152108418946,7.279104153042867,2.2291929773890544,0,train
4.991323301760502,6.663258201274208,3.7125750273689406,1,train
6.986153788432083,6.456396133792963,5.573435772851411,1,train
9.32483007940784,7.7010520777884715,7.920381091211903,1,train
1.8468763019794647,2.0099594563535756,7.337532381719088,0,train
8.656655051171324,3.2124393678660073,6.085179422128251,1,train
5.406685583236273,3.432320778315232,7.0928168541925825,0,train
6.950704489299438,10.3147008077231,1.8583571284042153,1,train
9.322739498698676,2.9159444473419853,1.7212476920387094,0,train
9.873505738403965,3.5050108332726824,4.774632924797508,1,train
1.574299400778346,1.6482571468385243,9.059193559615018,0,train
7.740644944202456,8.789320055714466,4.319450872305589,1,train
8.370903246060182,1.5027083615754828,3.7018018745502483,0,train
1.646656988055105,0.5258156615378784,4.737248385283418,0,train
9.825093056886216,2.8483539083805773,6.316920680142753,0,train
7.016180831742037,5.204021234689872,1.4647612613450824,0,train
1.5611117422950727,1.4971630057147913,9.645627560496154,0,train
3.2681515854306227,7.209692804202465,6.261008838605817,0,train
9.927884565545462,7.36241411535374,6.737677963787744,1,train
6.4103173722155775,1.791032055965323,3.3458948984069563,1,train
4.656650282600923,2.7792307395650386,9.391490562331303,0,train
5.090489856233572,6.292122783505257,2.142004941142651,0,train
2.8007120541086215,5.398727847389089,4.220001419564511,0,train
9.161582137577241,1.2355067000910038,2.524866281180025,0,train
9.582927915000871,3.777684958941228,5.414617983535008,0,train
3.853054387485875,5.641109956483405,1.36582950545248,0,train
5.369934133100031,2.3049615089125877,5.8722620315870495,0,train
2.874962412860704,5.763590067427062,8.270326585821149,0,train
3.067609050796347,3.346256401954773,6.009859080798009,0,train
4.633889372957676,7.936926966539237,8.039900710078712,0,train
5.170020134826433,5.3442506555330995,6.156130897435037,0,train
1.8176761465781226,0.4724449321187859,2.275995296471925,0,train
9.160690296715968,3.0528986931034785,8.506842366673721,1,train
6.934016144282069,2.949615598119104,6.028492637170539,1,train
5.575147145043355,1.2954135038104542,3.166295124240594,0,train
4.654723212634529,3.8988589230951125,3.160556398865373,0,train
9.714487938693521,6.9085058134823285,7.43767937769622,1,train
8.560541010978897,8.05249179841904,2.304813643310763,1,train
7.835226791742064,6.3246860876607975,8.454845730716235,1,train
4.1430690360988995,8.750874672361018,3.913072429089932,1,train
6.869982633686671,6.396456573242511,5.803059948471973,1,train
2.724962339006879,6.5168071887745285,1.551517152578773,0,train
8.427006700474339,6.561384886451108,2.440826405514816,1,train
5.691602714139291,4.4904735986382,6.58447520999528,1,train
0.5386004391830448,4.567309750255399,1.4059032768764184,0,train
4.82576691378015,7.899813825147358,2.746976292773731,0,train
5.82588485301548,1.230009721855907,8.844423583177289,0,train
8.44470465089327,8.608666059276672,9.986854533433213,1,train
7.356468812007213,8.4163974824975,10.194062208977003,1,train
4.355356072663937,0.955698606956974,8.17507364058747,1,train
-0.026073318040422233,3.72746198481053,5.557876751014327,0,train
2.142653245432114,5.367504534764348,7.877000342063695,0,train
9.168290881373025,4.074606649164085,5.167695533170965,1,train
9.737316785440706,8.429078993085728,6.50517778666463,1,train
5.732591205057419,2.8261300826942213,6.3907590882331196,0,train
2.342751981798014,3.6469968237879207,8.765031474247948,0,train
2.487341396585688,7.495267936765266,5.665569014840014,0,train
1.3683283093014869,1.9129093458841018,7.360473178720988,0,train
5.956101178490944,6.198620664948401,9.35165496182817,1,train
1.7958491663621978,6.327839401585711,8.380173749111538,0,train
2.6910255645079344,7.296660020876891,7.538666837152439,0,train
1.751747135161536,9.52845239765329,6.379588424177921,0,train
5.485770927671673,3.916993383969638,6.729685025563621,0,train
10.960592312030807,3.3411142106482394,4.056390130912795,1,train
1.14944789667802,5.812754531789012,10.389442384052867,0,train
2.8590299432748094,10.665564588489179,7.24537507761523,0,train
6.671176242213911,7.335149013923486,8.391334661015915,1,train
1.6930274905269018,5.940049283421939,4.433318187604362,0,train
6.850083655870734,1.2905644498114703,4.8054873936668185,0,train
7.87967875828417,1.6318158286992697,6.652166343680601,0,train
5.159223568798173,6.6791082188023685,7.449115443863292,1,train
7.0677992638635,7.7971978816108525,7.262189711163635,1,train
2.4175085073563625,3.8932175331482757,7.557442569829499,1,train
3.0026682631956985,8.09813228906557,3.530257091074464,1,train
1.54715571110988,3.678794143758461,7.197481800134579,0,train
3.760147655824518,3.257829168180833,2.7844500011164315,0,train
10.054252792333589,6.173298230813085,7.674799540898542,0,train
3.269311291850975,3.5463798884477296,1.5683955583660665,0,train
3.81378957505779,7.769222773298043,1.497653436966959,0,train
4.170829709263909,0.9003801828173716,7.65363767990205,0,train
5.756782603744474,7.121074565228273,6.044868623045438,1,train
4.496765592076236,4.4454049032791065,2.1425144711089703,0,train
2.543905926575837,6.765409293970917,6.250222245756713,0,train
6.018006463378634,2.8362171433303627,4.2392427722813,0,train
6.421019603768817,5.992380341296994,7.909422671893247,1,train
4.271027059439171,4.5262139568289035,5.3927808660794945,1,train
0.3989191031400867,8.575883749138624,5.345556186269506,0,train
-0.05305900588007306,7.730376355323056,8.876346891409478,0,train
9.20337300391235,2.268344997064312,7.636340344427111,0,train
3.614491297289823,4.306549070117765,2.557530905368824,0,train
3.001592338883095,4.068711957297745,4.602304693392097,0,train
2.1164177098133297,8.655110234991401,0.5605730951792895,0,train
8.382737033260135,3.3097566693513976,5.637347473366452,1,train
3.5360015902946076,4.701946779866933,2.071791770516782,0,train
2.516346787907003,9.132713069349292,5.708139390858664,0,train
6.272812366156495,2.1654907430675117,1.3827855881288968,1,train
5.434910019013761,4.948261760142016,6.427619780655121,1,train
6.493096554120779,2.4406828067851514,2.572398840112775,0,train
8.235166110296209,5.1932963886701895,9.142377635498061,1,train
7.70715660828017,7.154574918309344,10.921290693832052,1,train
4.257092013177631,2.77903610063641,7.704987137318604,1,train
4.336375222079951,7.753965239788052,8.640085678780537,1,train
4.629077717574048,5.656694565334931,9.101020195839954,1,train
1.5983179530965046,6.119923638259374,9.037593652732268,0,train
6.741467632406796,9.163048947931989,0.9064256966413068,0,train
8.573688862000456,2.900749670328618,0.9568919117520616,0,train
4.452441421691013,2.5583548070050255,0.8949269060336649,0,train
8.62434132696787,2.357902935423019,3.068931362308095,0,train
4.332631039010691,4.937829838176497,9.321002762247197,0,train
2.84466370449826,4.565407540534969,2.176684236224451,0,train
2.647872002905492,4.642330214064046,3.647014224271344,0,train
4.308672915118039,5.834523465241045,6.4325319388981965,1,train
3.970131180058923,2.2663323783081344,7.732199259064293,0,train
10.153549593087197,5.9975035928921745,2.24647459672326,1,train
3.343833759700265,6.861994310983103,7.456447380499566,0,train
10.696188023821318,8.01296973417652,7.692645779896704,1,train
1.1790541017841305,1.9235175379384128,8.637459666373585,0,train
7.2419546512644875,3.6466661064986896,3.8734114549869805,1,train
7.656764230909433,0.9820587690961083,0.4553494167393306,0,train
8.70956504330663,9.000585994794143,6.6285418499931925,1,train
3.8532904254991536,9.46464985180418,5.227877306111346,0,train
7.309920770779724,1.2560551088502425,4.188989492955127,0,train
7.506142312692328,5.776727998450179,6.882961284247506,1,train
5.2277808351603685,7.934036980017169,-0.2015268897617355,1,train
1.5295559561514618,1.816678920124625,9.413799194051995,0,train
4.742482671355994,7.502266510166884,5.803884391360871,1,train
1.972256241865305,7.095516654638499,5.1653385170652175,0,train
6.448765715199678,8.966250137971633,5.897683518191154,1,train
3.2916556026048096,7.5894458245351375,4.339524067914912,0,train
3.959510741445241,8.38547969363123,9.53425217091994,0,train
6.257599661152485,6.5103861609592615,10.385493023578961,1,train
5.8555632332785414,7.208080693300367,4.829475942193231,1,train
7.189799718689621,5.591289908596453,6.777551955140906,0,train
9.467716159701768,8.046215675422719,10.011031047737864,1,train
2.477301680689153,8.699952659360871,10.273317900787777,1,train
1.2010719567046535,1.2058043209396851,8.019626238736675,0,train
5.16375044853492,4.0595765254069445,5.727666227221948,0,train
2.8613429857080943,5.2912270558004195,5.119583626088523,0,train
3.4641666432180926,9.151908029744469,3.2169206933300387,0,train
8.692762895552235,7.851753613858339,9.656731977288283,1,train
2.8700070547944794,9.429492301733603,4.110789047622912,0,train
5.217060056670687,7.859318491038929,6.378694310717281,1,train
5.843568535478259,5.047114700917804,8.882395831603397,1,train
3.9204187423719525,10.247129370040229,10.311195987855127,0,train
2.6497483257738184,6.947640113528761,2.6428584514691633,1,train
4.815842841263624,3.645929651825435,2.1496316846040098,0,train
7.827058301450741,5.733164652332789,9.769466010241826,1,train
1.8091735499177253,9.863490246251358,7.067862305133376,0,train
1.552182525854127,9.204592811005766,8.226119733973901,1,train
3.751087303818738,4.797788929380134,3.3480229837340145,0,train
2.75079459170609,2.9902298225259187,3.091705901997938,0,train
3.733731543949239,5.317524339430918,11.244695111909106,1,train
5.466796740153365,6.101279816420003,9.125303324462765,1,train
0.38891984712864824,3.8762851139151224,5.204990090483775,0,train
1.6286713842880491,8.653911519631459,2.6905990301530838,1,train
3.7201390872173254,7.615919081153125,4.683820040780828,1,train
2.1890011338076656,4.8554149826688615,4.347968189604245,1,train
0.19267913404000914,5.3453162405222585,6.216796065413428,1,train
3.2859172352129162,7.441664830078051,5.657754149098265,0,train
8.493593269088874,10.252919512921789,10.229784589880522,1,train
8.62327828895083,1.3582721533307613,7.374950858922217,0,train
5.141301895872109,3.788108463900607,5.141226185967397,0,train
3.313051242155786,8.502346390166375,2.3096236928091383,1,train
4.43984821825874,3.4183439182742963,8.677777496319129,0,train
5.631713449926608,8.746820539568315,4.250854984004267,0,train
2.86433059437715,2.9118719187150086,9.828204799569077,0,train
7.209707856710963,8.702750001640366,-0.08317759899608701,1,train
5.787099520839435,4.295377280481391,5.248744823174143,0,train
3.1863859368629415,2.198929933225748,6.326415613954998,0,train
2.0087958671785264,10.90880292637442,5.994063316497747,0,train
3.8080247619614553,2.3414463945562187,2.1171444395978,0,train
7.855264985009188,10.715847630078672,2.625976065753992,1,train
5.042146333272247,7.200581132986184,2.114007780400177,0,train
7.990230774892939,7.93947514029389,9.416591039607507,1,train
8.921817300561317,7.288250507572016,1.6729390906597872,1,train
7.134399587738839,3.8962198421594367,2.8527146104568133,0,train
8.462830495227331,2.421814501706709,1.8978825927020493,0,train
6.467660712882006,7.2852248788914125,5.2265187103488175,1,train
7.10901190503558,7.156158963195534,7.248242241177007,1,train
3.4390636232579435,3.4414825417468355,3.5704520224535448,0,train
11.164447434880028,4.878883085608023,1.7348112156434587,1,train
6.547090457229457,0.7163936551764558,7.944407688269247,0,train
4.075319174839675,7.863012170813911,6.588206662029976,1,train
5.231212235993847,7.963368963276366,8.982223336482598,1,train
7.611048386237455,0.7229091863124448,5.292124254806129,0,train
3.9505270022012753,7.468976307556294,1.642603395882246,0,train
6.845275429427248,7.1262697572611176,7.703633254478689,1,train
1.457190379297125,6.9066985650662716,2.02212575095581,0,train
4.4536912546158955,8.08654266323241,6.0997054442419385,0,train
3.7105128439877078,4.701395451564304,6.855066254685926,0,train
1.7533147504867475,9.052946162960136,10.666200465116773,1,train
7.3820259183232,6.511584185571441,8.071341015261458,1,train
9.58340577038972,6.744988008449118,3.2888434268838633,1,train
7.423878068791038,4.788559418841751,7.040242539555342,0,train
4.655949849050944,10.082990846377426,6.154504312234982,0,train
6.338532892846456,1.3309416207253002,8.564077481667441,0,train
4.8274499154531325,3.845474443055309,5.478567245487866,1,train
7.34540073876498,5.42093783886752,9.560293851893803,0,train
3.4696625762550064,6.106467555747907,3.1149705526280624,0,train
9.953477155519227,6.91593745405306,1.0706213416708255,0,train
5.318407377922176,2.1421441199171394,4.838242954791819,0,train
2.6252378518814066,2.0802283913531867,8.843196522154964,0,train
2.904597226528205,1.7637936992887213,4.032643651216679,0,train
9.023718765090555,4.664548542295254,2.526502594359152,1,train
4.438487120783908,6.350752605520887,7.442771883680026,1,train
3.1971985836813257,5.130894635267692,3.1727879851400975,0,train
4.747345809570471,2.159778663026898,5.24932490392652,0,train
5.659577153332264,4.263379390338421,6.104939096926869,1,train
7.111337069282328,4.7322071575342095,9.574842289236596,1,train
5.95104590318884,9.991445115403266,8.457478158835487,1,train
1.1771713783413675,3.3070485780520635,8.390835269099984,0,train
5.315496515192039,2.507991106728954,5.33237706628109,0,train
8.45539387590354,1.3133010664394296,8.71441489218891,0,train
2.8287279428438836,5.194675165178198,4.411723345872751,0,train
8.146088906913555,8.703568042059029,8.930241722330061,1,train
0.7945631069850778,6.598629491659512,3.717523763336305,0,train
2.457682065339239,5.367546355122279,8.93942009288572,1,train
7.2313152920360295,7.3861542459166145,7.155925996528684,0,train
4.155563535252153,6.442161521436901,5.968681515740351,0,train
1.9743748353558386,4.703506543133551,7.549559608994368,0,train
6.82845949142557,1.5539576734630798,6.530242559660381,0,train
4.447287501529902,6.445925496715162,3.2748909832715314,1,train
7.731268516504651,6.6233477026682,8.156825362894038,0,train
9.347671668141384,3.401324560398657,4.463817105966488,1,train
2.2640079931214316,6.633496098209384,2.539562961650677,0,train
4.668822433052214,5.38440151589513,3.2865421526121734,0,train
8.803096463881952,4.751582171930597,5.860249626140284,1,train
4.945687540524681,6.063689037586183,5.688368010370818,1,train
10.292660912258032,9.339799851925381,6.384677687559532,1,train
1.9958649300936036,4.822082246853602,1.5888819672236572,0,train
7.24822707050826,5.586045976447228,2.6411131373192505,1,train
0.29485912024114835,9.107550009492027,2.479005614425095,0,train
5.949414284269398,4.227742403311065,3.0657086855778837,0,train
6.8181227082954905,3.155104353962068,10.192906741616444,1,train
4.136676313553093,10.064148811970515,9.477194991954628,1,train
4.512774103250947,3.751532268395881,3.735061905677497,0,train
5.788351073257659,2.2179184797572016,6.723091438810659,1,train
3.089465229659411,9.622227006743898,1.8929016284164923,1,train
5.9468994819077805,2.1757872200205233,6.604328429844605,0,train
3.3830150883661165,6.729772916237385,1.9807827925598052,0,train
8.273853180327004,6.513961397766938,3.297553192028455,1,train
8.968019443800527,-0.4029717655327745,7.6259430399121495,0,train
7.479626371853557,8.620782562449952,1.6948563182738687,1,train
7.419895127624908,10.389030377826792,5.893698795072187,1,train
6.56984199920129,8.740048509921008,9.344070646778409,1,train
9.429921941131965,6.28598048054029,4.328235959841832,1,train
3.0616956299526965,8.684127499768675,4.760218182455972,1,train
6.750389451807605,6.851782679999115,8.368879556722955,1,train
0.7614992258689848,4.961189886487641,4.11092971979979,0,train
1.2753677748217387,8.278535768465769,5.893725434489545,0,train
6.530895093946165,3.939758993819964,9.316291552648977,1,train
7.39759753599032,-0.8345868341472746,9.24111816185528,0,train
1.1457609423499708,4.9869689571047555,3.1152128700407933,0,train
3.3977443435039656,6.48760416285476,2.4045859657318336,0,train
9.665371135992249,10.752969489933344,4.408738964021052,1,train
5.791601332461746,3.9994424477243697,4.401528730491348,0,train
8.272196160196238,4.904618442366327,6.469590946752454,1,train
6.502762944426323,5.241531169922039,8.176683003389854,1,train
6.866366281328499,4.563816778522414,4.055835589002021,1,train
3.643393645011363,4.440447555361912,7.578098250986431,0,train
2.7741320828694302,0.42418482218564035,4.962772045707658,0,train
0.6457317426649489,4.285029567592333,6.57809793258648,0,train
7.066597913302247,4.448382858932014,10.344465894049637,1,train
3.0300003784740714,2.4540682609525954,-0.17271187412146727,0,train
4.43298823908419,8.81090791641787,8.817206866769373,1,train
3.5196150737423624,6.692042653416329,4.1157895991726114,1,train
5.032051086945021,6.290603863146928,9.38707196262705,1,train
1.4923777974429182,2.84072850784863,7.9010244052965675,0,train
4.988734377236104,2.267672417555587,9.018467545786603,0,train
6.703122737413735,2.6765468243470014,6.280709006005273,0,train
0.316778251684138,3.045364362764638,5.865835818685779,0,train
6.571889605641585,5.382689139088409,3.32263305232247,1,train
4.425123094480585,7.794144484753164,9.181521834422936,1,train
9.944534597003285,5.789826134309366,5.851557780705097,1,train
6.512502422235212,5.201217644723753,1.5946279777987282,1,train
0.8882024967017523,4.649348597011184,2.603187112850069,0,train
1.9300908515952004,4.329431066798019,7.8239687125769235,0,train
3.2004960315247604,6.869639013080796,9.649239969772268,1,train
6.699114745306252,8.468622373261054,10.986876078320407,1,train
7.409863567669158,7.35340714092124,8.87345437772186,1,train
8.655528112812398,6.604327659475087,8.452909410633632,1,train
5.202581436007334,8.525863334355618,3.404582349223197,1,train
5.5906822924373465,8.55475497963775,8.900086164846405,1,train
5.909129701959645,9.19590258283694,1.2537348564974748,1,train
8.269181257494571,1.8846372129510716,8.631158517384407,0,train
6.09458871298336,4.2098622684414595,3.2941484913542425,0,train
4.906435553697969,5.18520463814168,1.264665331474867,0,train
8.133702582534148,4.860536920781,4.642573200264781,1,train
3.2396035959115146,7.737480503644137,9.807624800112727,0,train
9.589801929824686,9.968480894250623,5.270799967675769,1,train
4.363212162788362,2.3312009941600884,4.821273655347792,0,train
5.573437569700539,4.653547877561488,1.8488581400342612,0,train
8.58640626908797,3.1610275253604296,2.6534199176762483,0,train
8.35715662955809,0.7665317040719104,5.12306983165494,0,train
0.6392498244014866,1.4100274515678304,8.656556821403399,0,train
9.44952288444412,2.317372078157455,4.987562460608829,1,train
8.07168148660528,2.8644127096007943,5.603014620712307,0,train
8.504674608738979,6.9201848224060845,5.543886402502973,1,train
6.461613864673757,10.048289788107349,3.2979373016466202,0,train
2.155292436481694,8.76383779084886,8.403495806540036,0,train
3.7104944285346324,9.03174461196637,7.419009972176284,1,train
9.481451930901834,4.357443609835137,8.901382171645542,1,train
4.938012860837116,5.302553849315943,9.550690263143824,1,train
8.18811508441545,5.726904847241268,8.734168009116281,0,train
7.4819340452237695,8.480230871718202,4.46410794228087,1,train
8.689833952297958,7.635495751552524,6.760125893953301,1,train
5.229097969982746,1.5902789568014382,3.865202682631611,1,train
8.132451189711857,0.19709368806538619,6.867760101818578,0,train
1.439893832243584,3.1262585148326343,9.98278113790305,0,train
10.021810587545337,8.775904422934115,7.328084170964365,0,train
3.653824868369578,1.9456310380988286,9.870865594521119,1,train
8.349888838549049,3.9706370655611805,3.785950978764413,1,train
2.138187489574313,5.8114555917580555,1.6256449307242677,0,train
3.913135746497554,6.717475200843198,5.114113275765791,0,train
4.9665140623408055,7.515130602425917,8.501731413326198,1,train
7.124690454384469,5.311857110050086,7.086970090625493,1,train
1.762197740824334,3.521231243534898,4.629216193755263,0,train
8.857246870282971,7.211609097863583,2.183165006192775,1,train
4.419575209590026,1.7484406232268492,3.5722105448303756,0,train
8.396798802632821,6.2951067668033485,2.02605966290358,1,train
3.5940178014315336,8.229876889712418,4.879098130292761,1,train
4.92947625236354,6.512486435681567,6.5071691083615555,1,train
5.050752283861661,3.0163548494789723,7.406878250445943,0,train
0.3085873111840409,2.517995545320413,4.638738627813925,0,train
1.9587516406921694,2.239458207571703,4.987946331442866,0,train
8.211966484752924,7.452990973204639,5.041484514652583,1,train
7.866656411227495,0.003086824125951626,10.01561968442128,0,train
2.503464480476621,8.096202730917131,9.630880586067288,0,train
5.934762103387369,4.3812302470268785,7.4111604469506585,0,train
4.763665576870363,10.007017836074553,5.221561172330075,1,train
8.029861407624594,7.354732807033597,8.504718161351466,1,train
8.689146998831747,3.7475289414707516,0.9302641262399097,1,train
2.6583205872718993,9.08241736007337,5.056389276337981,1,train
5.571837080915208,8.997259676484997,2.4661133856328137,1,train
9.646013035225355,8.088974280807872,0.7511650059535825,0,train
2.9325330602217585,7.686224528534304,2.5036303757774787,0,train
3.713048640441826,1.4908856573068094,8.771595497395817,0,train
6.17096904104877,8.639081175918534,3.5061651436886736,1,train
6.727925535128749,7.445306187032287,8.039079838585522,1,train
2.9394366289101397,4.53673269178378,3.2923543955525685,0,train
5.783687641038627,10.4662410897283,5.204724579361998,1,train
8.487135382574458,3.670472218279839,9.44304149317287,1,train
7.87025127706498,4.011423584276171,8.853320073504637,1,train
11.023591560151308,9.756137114355441,8.224358650089783,0,train
4.574186462396674,4.565415139100921,9.687038243167715,0,train
3.1594045079713817,3.11939253020324,5.695280458365495,0,train
8.020666827141174,6.040344520271219,8.845502519307843,1,train
3.9072057895523558,7.351919757280404,0.7499365241926874,1,train
9.075030843909973,2.633747688380944,6.553627634150203,1,train
5.515768828166565,2.464193968470976,3.2278460072654473,0,train
2.8061748856255164,7.239433842241942,6.81083589884199,1,train
6.21219162876761,6.3494006252970525,5.81213925517319,1,train
8.737497632088054,2.3243066322455355,4.247389051314972,1,train
5.249885213431321,5.787496803432265,7.922797594195514,1,train
4.196189113093471,1.8548709409075401,8.452685732761195,0,train
7.767822506293202,1.8741633561915803,3.10244649655392,0,train
9.812302413410386,4.113116215964408,1.043009386444762,1,train
9.38906922773293,2.491087999684767,9.117124698994507,1,train
8.995699276497644,8.168578028237675,5.954899563108172,1,train
2.6585948591337734,3.0406488449846276,3.70745518972051,0,train
10.119182390335968,9.38058106266251,8.152016833044035,0,train
0.5566853289893214,7.8341454784236095,6.883876754516555,0,train
5.55334152565743,4.777307437202598,2.1381325966662565,0,train
6.298022096629014,10.615367902391986,8.576830946715546,1,train
5.486547985257614,8.604782068590547,7.044344453305681,1,train
1.5238933263526835,6.591066315754129,1.3692750397999522,0,train
6.884987203205219,3.9612063854026864,4.752939739219876,1,train
6.606038733031401,5.176831673956965,2.462154051160641,1,train
5.665595255771362,10.238335962781811,2.5760382152623325,1,train
2.865902434107059,6.465011636097041,4.722699972657615,0,train
6.2411047986513495,4.516277639108983,2.9755826748405187,1,train
3.6509012255701396,1.5133868886993291,9.375934306110576,0,train
9.875562025638214,1.938922953433912,7.942927067527612,1,train
8.843244863149154,7.30092268231239,3.3652230650293125,0,train
1.2844739300713015,1.3308860474231134,9.042003442639256,0,train
9.462140083920206,5.933615324479429,5.611444209019407,1,train
1.7736677057559564,9.517607403683128,4.274195737967916,1,train
1.9307208304282248,8.272879032327381,5.84971849187578,0,train
6.749404603294611,7.737922903231883,9.370851242969177,1,train
0.9392242204217305,4.472437894028565,6.369333784663989,0,train
9.424355129734874,2.2286862854590677,9.26903401806899,0,train
1.9575109485823865,2.770025489624964,3.8910892763256646,0,train
3.6725320259287844,3.5709512628087254,2.627466962009087,0,train
6.918791126048905,4.6377388572545675,4.693708514491018,1,train
8.264128047239002,2.1053334008844065,7.819706664986783,0,train
2.1546369449949743,4.862981745009782,7.68802577686377,0,train
3.8418676004520975,2.9456583670115766,2.6077793480696068,0,train
6.332780003431997,7.670208168486228,9.061225541305856,1,train
7.25661605297536,8.008091629275432,10.3082034196669,1,train
5.720993205632854,1.2482690741754567,3.416995809986129,0,train
8.877382792201725,5.752029339911234,2.340055997550042,1,train
5.53180247414076,7.439260757478912,4.314367984629382,1,train
9.465731647889514,3.3890535729744657,9.246615132728104,1,train
9.09142143917001,8.576034214069166,9.154311397310575,0,train
2.525915001158393,6.498664816053905,3.037705491382996,0,train
5.1998627682423155,7.937104044513943,9.090395121284176,1,train
1.661743368170849,2.708330841971719,2.9057091786706044,0,train
3.005367757648745,0.9653523957780294,0.6954997937485601,0,train
3.6622455027085583,6.934038676250933,6.374116788778471,0,train
4.1313936408561815,8.964301334087983,2.171848939659664,1,train
6.327164311656072,2.672855845303499,3.528604467155815,0,train
2.986112545672983,4.847430063427392,7.8927617817134585,0,train
4.944015652825283,8.93507421611458,6.993238690522759,1,train
2.0732219773727616,8.139051700946158,3.8939785771357895,1,train
2.315742451042621,1.1614802358349876,8.956391727924876,0,train
6.013341899355451,4.684680443907395,2.3279630772705815,1,train
2.065063741727135,6.280312526222318,6.6636267166888965,0,train
8.534499344606466,7.140785281225261,6.723064715132581,1,train
1.0424976609537062,9.810835144252806,10.595117577733669,0,train
4.893621095096844,9.565386764338744,3.734814781674845,0,train
5.8645397408475075,6.210904420919919,2.5748074250498196,1,train
3.558248798751789,4.779339948712868,3.1859480783219514,0,train
3.2890865885227387,2.59839866488389,3.5740650397069693,0,train
1.757299108010979,4.797869874139212,6.692961900616172,1,train
5.058875558037227,1.8902512194526078,10.101388076872794,0,train
5.270746860313445,7.3935088700800815,6.653245759288636,0,train
8.55142155514382,1.3128074198245194,1.519697655464073,1,train
2.342665451089782,2.274315880892185,-0.8228414699592372,0,train
0.9788788793936798,8.409694617477397,0.3605352201844536,0,train
6.05345267342515,10.294610292379472,4.439612482895724,1,train
6.476646882679763,8.324269830880304,9.439149073536946,1,train
2.522183279497363,1.369078971303653,1.1063777789893163,0,train
5.3149167586469845,4.731922777745342,1.0600119525806955,0,train
0.5192711988752131,2.2763942228325647,7.813680717185859,0,train
8.367866091825853,8.907973523025046,1.2714377279455462,1,train
6.375186382783006,4.986766447520142,8.422229357164102,1,train
1.5588356327642945,3.1809463097466146,10.294526176859863,0,train
8.355120401816428,5.534724537485886,8.761698004150595,1,train
3.477215314080638,8.467408520062236,8.524804492657841,0,train
2.068289679825217,2.6874802084393625,4.368528570696303,0,train
0.6232231207141928,2.948041908538092,1.2597295670108628,0,train
3.2382635793887378,4.403432949341578,5.466545607712451,0,train
7.280782126733742,3.9707326960989198,5.148521966360945,0,train
4.236965984815371,3.8525393897627582,7.177925146356869,0,train
1.358386582932818,7.303080701356027,1.406540447749661,0,train
4.124717121735115,5.3270674278404035,4.050725616672944,0,train
6.735203984050795,4.563714733121702,3.3870141651102545,0,train
1.270065963931522,3.271301648112778,8.606548635143524,1,train
4.576286825038135,4.610783111586779,8.951135582859227,0,train
3.16027707285284,7.046999353253729,-0.44819007408449485,0,train
2.2919615599293923,3.3283473275089555,2.5630617382753798,1,train
3.4091198710845347,7.3672044312482114,0.335957139803276,0,train
6.263213843517695,10.704480338604027,2.069644566515638,1,train
5.759210929668729,9.115704214492128,0.4786558543737929,1,train
6.588209387564372,5.982828335611226,3.295852276191853,1,train
9.223970380917239,3.783169838972114,7.278067666627015,1,train
4.906720917144177,9.006257862026942,5.079262308481145,1,train
6.223152698451711,10.01524043191729,9.375367204670093,1,train
3.9411444615337494,0.48439341135356573,6.3658769601062914,0,train
8.847157271856094,5.358015741058696,7.547780421890659,1,train
2.4692933869991878,2.8875422263155794,8.556994208737894,0,train
7.880484446262072,6.573998342664247,5.419261528360035,1,train
8.499960554551334,6.012720042634117,7.85658517745026,1,train
3.710885993484818,2.2158030818574144,8.047538374148647,0,train
10.240899654710676,3.5470486202302443,9.187806286075375,1,train
4.055930520211996,5.062444122590932,6.1381252976233585,0,train
0.9058793676188159,8.25625299668194,9.506378187538234,0,train
1.2444167864174318,0.5938635871891095,1.1477073717692488,0,train
4.651710355002385,9.923176587657352,3.497783545568661,1,train
5.031196695952151,4.239275700125533,7.663764116482672,0,train
6.340633253311036,8.653801758470774,6.764712565026723,0,train
8.273158318644416,5.3146100390955,7.352062878237788,1,train
3.86040903877215,6.773001188986115,2.139846099006415,0,train
9.500773618291577,3.0686002897717777,1.0724396717013405,0,train
1.593320401593955,7.248170833868971,1.9393061401981542,0,train
6.382693409797792,3.6252933469024797,0.4618724379598813,1,train
5.821696843700032,6.2297193421754375,4.779562420489354,1,train
7.860470429667162,8.289168044449152,5.920492820686601,1,train
10.5316450124417,6.986247033408977,3.5439418848318054,1,train
9.450441154003352,6.830830976852669,7.772876310119165,1,train
4.73380074011342,2.4093593273703005,7.960964038876253,0,train
1.5400090978023087,4.41486621486211,5.866939904479919,1,train
3.409097307954002,6.312170840912317,4.573378864950672,0,train
5.2246080896231595,2.1542409737869983,4.055369061296594,0,train
8.057905404311844,5.298971975249224,5.571031977524178,1,train
2.1454894993819,1.819701541956357,1.4598294941131453,0,train
2.2724362668349354,6.768809186607098,2.5092137978862343,0,train
4.801647077111143,7.640002214895585,2.455770706482455,1,train
1.5076200867835494,4.415242400367068,5.462692585191534,1,train
4.030002664851422,0.020053693735351485,3.6616273188124002,1,train
8.513424802024767,7.507603943207783,6.104614115556226,1,train
7.170068785705025,2.8692929506303324,6.9199782189923,0,train
8.353888128016568,1.174721279735266,10.134101235238756,0,train
9.866654829202929,5.8108927982933825,4.697651431057381,1,train
8.616701189133657,5.5566114998786365,3.7965613309464015,1,train
2.622443503071147,8.843070368583621,7.44860828584089,0,train
6.649494909875345,7.83654918359746,3.1670746983491043,1,train
8.484692510119986,10.492283913776749,8.639690124227464,1,train
5.956173807672661,0.8910327299440111,9.487580850810087,0,train
2.903155825302242,4.160751611305534,0.4983224272119017,0,train
2.635155177464833,5.749133501850567,7.855822214199862,0,train
1.479049896170829,5.6511087510794935,3.4619395256983694,0,train
8.649785239843554,8.386620887360607,6.939092745487704,1,train
4.820766740944841,8.628819922981116,3.068067334495229,1,train
7.954674358170344,5.723810116314877,8.82591319056492,0,train
8.052576682806825,9.068384828798608,2.958696294639288,1,train
5.1213712451435205,4.28694415496917,1.8950551966924007,0,train
8.917330358429087,2.2856785341104424,3.1150130591094536,0,train
6.350751936618785,4.822152379766846,6.111332823155274,1,train
1.5659450909660917,4.139639372016572,-0.42513001260204364,0,train
5.730474162757054,6.00524887618624,6.547520229823505,1,train
1.9395283042598874,1.5232374575675307,3.12841983961484,0,train
9.584931846339238,5.212238191016252,9.029893243597048,1,train
6.314323401572897,2.994836263989029,4.551727008079803,0,train
3.946691596408987,6.477694466075515,6.512201993402852,0,train
10.371613614731803,0.8586246074589924,9.469930083914944,0,train
6.819263138389796,7.795487747611674,1.9386084761209421,1,train
6.882487106766475,9.339190106681155,5.9817062639500165,1,train
9.389037448341393,9.572422861412845,7.78909064671481,0,train
4.930565882545398,9.050928326351245,9.257454827568464,1,train
3.2894870135090275,2.0053423567118873,8.858122202516984,1,train
3.3223239052171745,5.597470691871045,6.961318823818974,1,train
6.595076286343741,3.772483156003333,4.091331937331164,1,train
9.891329649127943,4.51821164738255,4.979176138288834,0,train
3.8418171884333505,4.357438207711629,7.999707306866972,0,train
2.888948902571227,10.28234522976659,2.6341792047924697,1,train
7.0942309355440205,6.479931493409671,5.920520868190128,1,train
5.545071714902578,5.429859276202924,6.384570711361356,1,train
4.720104648646836,0.6332746053710492,3.1127014632121486,0,train
4.382574397397741,3.997961157451278,1.356287824600974,0,train
2.578808951335166,10.799872061003681,6.857996334487271,1,train
2.622192407251846,10.259490789593942,1.830736807391315,0,train
8.61754980892609,5.086779084061996,7.374461714687935,1,train
3.8959409290318083,4.236680606082829,1.4677626499687348,0,train
9.717617538965165,4.981178345296493,3.4947755770523403,0,train
8.424594312974389,2.4148525232572577,3.525159272527944,1,train
1.555444912471681,8.041782184461072,5.846423652737312,0,train
4.745585557011202,1.2898430474642497,10.635516856755732,0,train
2.652466864071525,8.995243064031747,1.5230879694793908,1,train
4.687624976890632,7.323057537962372,8.413060499484878,1,train
8.83890024882707,7.3864601361784565,10.039582622539804,1,train
4.675483452940542,8.376157989431317,4.782842243496578,1,train
6.637008319134857,2.790339805613643,9.63443781514727,1,train
9.254746049974216,4.352780213308548,1.350031796803362,1,train
3.144859274685943,2.8501971212235295,5.059998811338408,0,train
6.885045470749476,3.689689773942313,6.634446668938836,1,train
6.201806316497009,3.746313666915871,7.745461929843899,0,train
1.6042505808095113,1.7333034581939042,3.2590310478178424,0,train
4.7601183631482336,2.113756702037847,1.4568699606099174,1,train
2.303804956902724,10.128080250965525,2.158829281455099,0,train
7.008385239997297,9.083122322663495,9.321861419749494,0,train
6.675735994703603,7.913983611260952,7.500038670822637,1,train
8.273321196458683,9.54800198602091,9.540729717243725,1,train
4.125863215794492,4.005037342515129,5.917519813654344,0,train
0.9257514271440681,2.276986337045678,1.019454420732387,0,train
7.889324704211315,9.145594324912691,6.204663424468014,1,train
7.359511488866272,8.587579416426443,7.890586537084953,0,train
4.442424102030741,8.081408718870037,4.747225854465225,0,train
2.4096127716179963,5.461587403689611,10.584052094849719,0,train
9.292454857303078,5.512486774286729,0.9135680931083301,1,train
4.579742592798463,5.434866625368327,2.8548925109787042,1,train
10.035728251026867,8.508401816163115,1.1785892213706661,0,train
8.940859528762408,3.1125964987443515,2.47436820052846,0,train
3.5757355958827075,2.159453359467065,4.592094331214136,0,train
5.253263945392433,4.199007944808104,7.760428924230316,0,train
2.1639285380169975,5.662042691796033,3.9128040079390853,0,train
2.7868593250665192,8.404932847224662,8.292121709479128,1,train
4.338673152158903,8.102147929970924,4.65364583856403,1,train
8.078882378097228,2.079759062307663,7.539965622671406,1,train
5.990392373355651,9.055764605274115,7.387724034384499,1,train
4.013976449222223,9.898454283929754,1.3281355155468955,1,train
0.9205582099973534,6.5339528649811704,2.700599094035558,1,train
3.2313648400860546,9.019540334892579,1.837128216155314,0,train
8.163650409056405,4.754199776268001,10.700074614506914,1,train
7.958393504870041,4.810831542731584,4.5097417800342505,1,train
3.532487403503387,5.747018663956403,5.469389456853656,0,train
9.135528234204786,5.96109682985986,6.580033312732836,1,train
6.498238184898484,6.247005159606947,4.435378893517677,1,train
3.7804595860468693,6.352477901702778,4.297475241976819,1,train
2.978007752437107,7.2921724619996375,7.3958541647212135,1,train
4.915911971425689,7.720693041177058,3.63050788417808,0,train
2.6466840622029086,5.84998483718245,3.865352438940405,0,train
4.7834442882475345,1.761504559361732,0.5433368286802392,0,train
9.846071071395489,1.5058908705139804,8.305871804647746,0,train
2.288759623778006,5.505998028302498,2.5578955521707574,0,train
3.9474600914301323,6.938371449629532,4.099052296302593,0,train
1.5161310676883566,5.818753770159166,8.655413897657944,0,train
3.0849095211072015,8.026578200837964,3.351883778564101,1,train
1.4015372875106846,7.603331109597908,5.989378443705286,0,train
4.518597963107344,2.162480701408153,4.032604519840492,0,train
9.93322871419666,5.6997644186928,7.9172767450443455,0,train
6.860401515405834,4.08396239124654,8.077322922878519,1,train
7.625936147795603,6.547740250433237,1.8217623049371907,1,train
2.468631211605022,2.7182098247636945,5.8594932267473485,0,train
2.5901648394883323,4.102222099144916,2.6102335523084848,0,train
10.037914084495286,10.258896237511022,7.992995272877801,1,train
9.468077868145784,3.4796471070481534,3.1213392945527096,0,train
2.2471511164348827,2.8154864665097357,8.48258957336183,0,train
5.496679131939245,0.9471564768802223,8.55924625373965,0,train
3.6969147312576593,2.9430269522870396,8.222703266843228,0,train
5.550669590198726,9.296876953868141,6.086704608862011,0,train
0.5236373369534931,4.746021239370391,8.003703199505887,0,train
8.707568881048754,2.400370480781839,0.2173817265416622,0,train
7.049007969123949,8.059256866646692,2.869887743687831,0,train
5.619803076668724,4.992440477363356,8.42520399176482,1,train
1.814807699661371,4.970791994788891,2.383506663918712,0,train
1.0522879544261823,8.345154952471143,3.7812097777953104,0,train
1.5338108550788814,6.273033655510419,9.842731329186146,0,train
10.416201919415224,4.618402594523227,10.569257276817167,1,train
4.302239644862291,3.67243818167419,4.86611746332492,0,train
2.5577739830576904,2.590370024087948,3.445499677897577,1,train
3.4133977357876795,11.965549487304601,3.1243373259451337,0,train
6.378293643159372,3.23633562019817,6.813269611567046,0,train
8.173357971093687,6.223138314953528,8.406691412777914,1,train
10.244327408821153,8.584753220158118,3.4205427323900794,1,train
1.757836309052577,5.788350691620488,3.391745739322297,0,train
5.231336906691192,2.734060728444584,3.078468197022274,0,train
2.3179756292599034,3.288942910315365,5.739523276894533,0,train
2.4806623074918255,5.018642983342891,5.125227868570111,0,train
9.217602867913712,8.480527266000143,6.219112161347665,1,train
7.505951866158327,5.970491471281535,10.456731856452377,1,train
4.229458231668277,5.109904910188297,2.300047034691648,1,train
9.305067436138279,1.2113194359502673,2.5230302019787927,0,train
4.119012944882629,6.885204864186999,1.6143545766574472,0,train
2.878654733499736,7.473541337553452,8.15479448142286,0,train
3.116579493688605,2.0776012734007376,5.239009665805237,0,train
2.243227120056071,9.641441873497516,10.66520432539075,1,train
1.9073460662072197,9.729106505531824,6.881018232939564,0,train
1.2402359643253917,3.668755712846594,5.193684891635586,0,train
6.869697337406821,8.31944340564537,5.815132371604357,1,train
8.295876382745767,4.409413315695543,8.903081586723781,1,train
10.60609687463533,3.739045455217826,5.194114876071659,0,train
5.583667460291554,3.6913148263354465,9.801233752999837,0,train
6.899084785546849,2.3213915756956096,5.891179875611192,0,train
8.081666645866715,6.762327161271684,3.3547786232581216,1,train
7.4998612536532,7.669315393380828,5.024909666597045,1,train
8.60121983719216,5.4739557530553205,1.5836056814780333,1,train
9.250062876006677,4.453862915133973,9.599721211892325,1,train
5.402802164273205,6.471441742702635,5.125393118593849,1,train
4.99808974767719,2.0699546461268326,6.176703004475161,0,train
6.2032847312149855,7.950265223844212,9.022694498871468,1,train
4.355078277979634,4.206786876383103,5.312569594712917,0,train
8.830415501613274,3.2407932736532215,8.71871533596333,0,train
6.610100846033764,7.563637791498278,5.4434487651212455,0,train
8.835101214156234,4.466743992962396,2.2867390835868586,0,train
1.5985476548376498,6.455069971875146,5.4517524417210925,0,train
5.703864583241706,5.113562762571601,8.563812020521926,0,train
2.1084399790690163,2.2841281788831473,6.656011581671567,0,train
9.188050769262743,6.410625506095794,3.0827461093858415,1,train
4.122057401643029,4.793122313137997,1.2628947988664458,0,train
4.581007478013618,4.428532828419794,4.48571140922874,0,train
2.1810945300428672,3.6084469913875807,5.341058259280078,0,train
6.333141177450628,6.573765884209411,3.104866923750797,1,train
7.655317585419913,7.278161643693367,2.257704812878252,1,train
3.399589703072346,3.915561145012544,8.630292719536197,0,train
1.785838257009314,4.974789138060771,4.117557481346182,0,train
0.1608771724704411,1.5843334742835757,9.422456303087504,0,train
5.697271168495064,8.821894261650936,4.063815600710934,1,train
2.6749313499238663,3.2718366566901826,4.872466033973127,0,train
8.795640187740323,2.252456918982265,10.108198721566728,1,train
0.5408630295812733,1.1551357106464841,1.7197904687872976,0,train
10.111288468347125,5.918429863223394,1.4802867485346103,1,train
4.313028535072933,9.204993325779226,1.9301723449420254,0,train
5.3474195957882085,4.13765080915376,4.9942060685747425,0,train
3.1202254259470346,8.492712226448957,4.96699800742534,0,train
6.267071697261541,3.7748659074127655,2.9049860883277807,1,train
10.248314664527406,5.385016124539087,1.5667456869236067,1,train
1.8471013359964366,6.744855324804257,4.388027806641852,0,train
6.9652822487947175,5.566534701973171,1.818435338080973,1,train
7.129577148887023,1.8455629959475002,5.615818535778315,0,train
8.305685879106997,1.1179563796636889,5.573661476475226,0,train
6.8722707356293595,9.935450329906063,9.96559446071663,1,train
1.3163011292733469,4.821066881926924,2.555302474811719,0,train
4.089100058009345,5.083998764121433,1.3827917552878635,0,train
8.69446957184009,9.529015313347347,1.6585805193776468,1,train
4.857394456752139,2.3775604386372517,8.907844384706205,0,train
1.8969128240814108,5.534337092713601,3.2863100547319846,0,train
1.9105565813862184,9.282911753648232,3.7573846619775733,0,train
2.467599635677283,2.2404559907705583,9.37685542059461,0,train
1.7185064049962653,10.0361049492869,6.815176026904652,0,train
9.411345767346859,9.133758107894533,8.753320907317587,1,train
8.578111917364666,5.130997597133845,8.114055567190352,1,train
11.156817455097887,4.909492295983274,4.793687097103607,0,train
5.805761701838119,6.718799700691242,8.435991224054487,1,train
4.648903166191269,2.216054309449036,7.894042860643177,0,train
9.123938816238207,2.4119616976348834,7.247373772494519,1,train
7.464898755243663,2.241233793371042,4.621031847692559,0,train
10.063371491621453,8.564357722470142,3.518197974787485,1,train
6.325212473446335,7.209811726495895,8.418395090413574,1,train
9.77428303714114,7.3711705928333116,5.399498503036943,0,train
6.441813646873225,6.8475293294953,5.025392885483334,0,train
8.401736884283837,3.906991812338415,2.40010104575797,1,train
9.545721013210866,6.428734591240918,1.7582495421073228,1,train
9.137786253027292,8.644445336679302,9.067219147176935,1,train
8.778341454167712,2.167593224491045,8.313831009157527,1,train
2.176336764702228,4.636975522019228,1.7557490558094455,0,train
6.829103202642388,5.941963195892012,4.737331018451353,1,train
6.115610822317881,6.835203892998014,5.70594830183841,1,train
8.083889361768826,1.307215816362009,-1.0150652289606092,0,train
8.622116510945894,7.893676188312603,6.1368347924828175,1,train
8.078221370675266,4.568821871190337,10.180398723988857,0,train
2.9134774090330473,2.281718549358851,3.150938107535786,0,train
1.2427139911475569,2.0772342150486875,8.562193463091099,0,train
9.412333524055654,3.2598602571611583,10.016882913520822,1,train
5.383267629810923,3.703365753067822,8.896586293452208,0,train
9.207030841289187,2.488934533669779,5.9970060132367635,0,train
9.051794329266011,6.3159010291922515,6.07109832342951,1,train
0.8529507013820177,2.3008559905770882,1.6430457551807982,0,train
9.081244710518924,6.770787154701567,7.381705559568899,1,train
4.230358428708904,3.7945599636290117,8.73072323366375,0,train
4.289987683622909,5.314101081808085,9.353183394074971,0,train
0.5923994541532192,5.534477994397565,9.571102151430413,0,train
5.417392161321032,2.792398001184412,7.477324925327272,0,train
6.554680316164928,5.267642866510846,10.423862594618925,1,train
7.359958194589708,2.2734018900863724,8.11843555039903,0,train
7.377256029435899,9.385174723057501,6.325174582648297,1,train
0.714873483142789,9.217911535765234,7.674755716680002,0,train
2.1791355285747263,5.621910514552868,7.013434387668351,1,train
7.220322026523814,2.245560479144859,7.896195912321466,1,train
4.9522042687974075,2.2891083390528495,6.3882917500168945,0,train
11.132489856716413,3.7292906607073624,5.78180800013607,1,train
4.7639742996137056,4.078177143909953,4.601539502701257,0,train
6.263072005797133,5.565010047497378,7.089028322307344,1,train
6.5287909806773765,6.105441418531244,2.4788991950409898,1,train
1.447359751061185,2.479752204826769,0.38039951466449495,0,train
3.9874222798800085,2.3464526128586103,8.07363501419255,0,train
6.3500225564778905,7.511126229254015,7.912198154254958,1,train
1.756981092322322,10.208939801105613,2.35455430862077,0,train
2.9635595725063917,3.2768413640306147,1.6837494176765608,0,train
7.944108521762338,5.40022103001678,4.085864243653997,1,train
1.895825049950433,8.87188899093427,5.443105569713829,0,train
3.7215095061347743,5.823357914050878,5.862207074029487,1,train
3.6229549650899147,7.557968187762271,3.354490542523449,0,train
5.151421593830189,7.092740700386226,9.034193686968909,1,train
0.5477359067104053,5.963496368652827,7.897393760436399,1,train
3.966754243026982,10.2594993365282,4.413013536788519,1,train
9.577408136600592,8.121584801840124,5.528817180407602,1,train
3.9573999337951125,4.034369692654768,8.041418435842479,0,train
6.213286401567386,7.538849426389865,4.594919954824885,1,train
7.919545199324879,3.520211034054224,1.8222425267740345,0,train
8.425410684566959,5.737769335342336,7.059211038246486,1,train
6.870481671640188,7.845206305860028,0.5290359789497042,1,train
10.188619814965689,9.495456919783862,3.001757629675322,1,train
4.889734687816314,3.025033182632191,4.675919995282079,0,train
2.3732992876987016,7.575502335645444,0.5970349840758702,1,train
4.392567455746568,4.49029192965517,2.7614265276389833,1,train
8.750701502473145,2.541657486968094,4.381636642265704,0,train
6.387004646878072,9.541247536195641,3.089237803259863,1,train
6.8708034228164205,5.3133953641716944,7.170221355266664,1,train
3.0349157582639257,7.024540796277374,1.3210902854925743,1,train
9.787016848563802,6.479205219018425,9.326174406619256,1,train
0.41366130805165313,8.995381824084838,11.458182848055591,0,train
3.519005007742278,5.3553787809338385,11.221894252656536,1,train
2.969306378181442,4.394109417465379,9.233636296473648,0,train
5.2246361109360056,4.066956775996033,7.551382974299603,1,train
6.4863777009335,3.9665778159769647,2.2346305493784673,0,train
5.537607629758892,4.364641394520414,1.1746565602660048,1,train
2.58130571907291,10.140581471135269,3.5292136565366974,0,train
4.2072911556195685,6.644582287500995,2.3410696963042508,1,train
6.485601861476609,8.724779267632162,7.6679287831085645,1,train
4.948579357210988,7.227119065047519,8.540750566525547,0,train
4.530273752287677,10.509341551210394,2.7226569724288665,1,train
8.466200322699576,4.565497863323931,5.96036317667718,0,train
9.080800806424099,3.8975985211941655,4.014445066639142,1,train
8.644700474679691,4.449749255822903,7.447066695060496,0,train
0.6394481164995054,7.362236560750493,1.6600249021458087,0,train
6.647857759456635,7.35216830364394,8.19514834928563,1,train
3.8689682103370275,4.4201064273175215,10.26905709806833,0,train
2.2036747676417496,4.962648874087302,8.665273826762368,1,train
4.662009560325321,8.016202764311695,4.586897757316727,1,train
4.870380338552762,5.78360619966462,3.574194990372769,1,train
10.176224020052903,4.459820839019027,6.043177029524526,1,train
7.590412096989856,9.61484481765663,6.0656623335890165,1,train
5.766718512137492,3.726163307358318,0.21884394388456396,0,train
9.8880298263229,2.5268280751824648,9.489677933767558,0,train
6.364695032417022,1.5379887738239462,8.074162826535357,0,train
7.728258249649418,5.916101471297692,1.6312266831821087,1,train
7.828297092875207,3.237296337148285,1.1376825079899238,1,train
8.764027721794784,7.085474603024333,5.887747932411322,1,train
10.344036595582901,3.731609449441901,6.027658256193667,1,train
7.5218095571581935,8.046335746299714,6.531357702817537,1,train
5.967052681334978,1.9444375630781705,8.84349827553157,0,train
5.10243490512492,5.780919111908674,3.047971164715312,0,train
8.15980762856807,3.2813004345426755,1.8827367712851366,0,train
8.987507022817582,3.604575097038849,8.981204969548633,0,train
9.762344320456817,5.388698527699733,7.499683210903813,1,train
7.48687786127507,3.7063050196926657,1.566932746560115,1,train
10.240014576167763,2.022291180999467,2.625036400709582,0,train
7.598067109831263,3.5444274930186728,3.16782978794563,1,train
4.092235341868804,4.361051136556882,7.25187613995329,1,train
3.462357014126252,6.997437108839477,9.168802306928173,1,train
6.309649237433071,6.094721051156079,2.678155787308918,1,train
3.320218301781006,6.631136248678422,5.975786519097095,0,train
9.225049732158713,8.850304361020351,9.947893840784271,1,train
10.152910571172814,2.5039135847253853,4.683723900087499,1,train
7.983250998527378,5.936190934671107,9.15915180578748,0,train
2.681510348125181,9.22841838308945,8.98761534147488,1,train
8.069059502911818,6.727323622846065,4.888914940633191,1,train
7.441410752611221,8.1464936842811,1.0047636399510562,1,train
9.181780383089144,9.945104820861568,3.0089415309494196,1,train
1.7621317873997349,2.553548056573277,3.199143585092247,0,train
5.365244781499132,8.966929782516916,3.7116328070864837,1,train
8.931102287398234,6.826993017702954,7.996827544808444,1,train
3.2093774823068135,3.2064960346538776,9.725687257623282,0,train
8.505242720652955,4.057992052024754,4.74779429832663,1,train
10.023190618188476,5.651480630666786,3.4300320272738984,1,train
1.6624002592247022,7.8580396102359344,1.3114856698095196,0,train
7.675657184816589,1.8720294368464596,6.481539543621056,0,train
5.405638445222676,1.6166416774231038,10.578994450946606,0,train
5.799593496603327,2.72998401608146,9.33147747745347,0,train
7.000607270265339,4.001734554909666,5.0781759881642845,0,train
7.2153819938315635,3.2134892845862106,2.447289490188664,0,train
8.979280680386363,7.443274557956723,1.7293163502489248,1,train
4.497151773236384,5.6924242041755395,3.1615598116592944,0,train
8.436943988524991,3.065052495127568,8.611466488106194,1,train
5.280327582992766,4.489686704955424,1.0167866289704115,0,train
7.864917942873932,6.124354534675848,4.929956271361918,1,train
5.57261334089857,2.2905036066401987,1.3645914493386588,0,train
1.5000970766092308,2.281354941496454,7.191575780677611,0,train
8.875460969784214,4.867443876626249,1.298101849626223,0,train
5.330646148767904,0.8047023279707621,6.218136243546516,0,train
1.2598269933748014,6.808977996453355,4.825075301318247,0,train
7.682413821717516,7.886322928163549,9.859013922995835,0,train
5.0189404481090385,5.655616445906709,3.10290527089537,0,train
1.9303941945354042,6.740876716269829,3.047530612973379,0,train
1.419004242971389,10.04802379997806,10.217778907407226,0,train
8.817147105376067,8.840909608800397,6.263779620268068,1,train
3.7371593157828737,1.779138915388003,7.087375972583553,0,train
5.331012305651492,3.28174141700499,9.402608976004588,0,train
1.6038433214498191,2.5120254889645026,7.886676840893923,0,train
4.935279548209747,7.9014528108110405,6.719967289891918,0,train
6.140564049815328,1.91769363567796,8.865259291057344,0,train
9.485572320709412,5.092736709558675,8.075629298675416,1,train
4.531261746817131,2.0970163232952514,4.721362755120093,0,train
6.748652763105924,6.542185525745477,1.6280159678051938,1,train
8.28550395075831,8.726476222716508,8.746158112220597,1,train
7.009752827442017,2.0074118983388383,3.8128022532677184,0,train
2.4636409781503374,4.784587061755061,5.949362292442727,0,train
4.184231026656893,7.710401290576415,9.01808166041189,1,train
9.150885130617969,2.8098261754510827,7.047111362759093,0,train
5.214126073417872,7.270453434698663,1.1377128311737315,0,train
1.7812658779619153,8.68998048385144,8.871214033808222,0,train
2.647946638239173,8.048723931443156,9.998983196228782,0,train
6.045869826824356,6.977237439021686,7.225111392481853,1,train
3.505719111334184,7.819056160520586,4.836484404860227,0,train
9.503086576180651,8.31103013161779,5.4007709561838,1,train
5.428747853185828,3.870479064821715,3.307044118221431,0,train
2.6540129286813205,6.208885924814197,3.0020130983279123,0,train
5.251764327915614,9.53349886962394,6.8163444588301765,0,train
9.559725410520965,8.152951633297109,8.777614357844975,1,train
8.98272901609568,2.4035476453257054,1.4677974554433175,0,train
0.5375922497921046,7.847182271711319,5.553489019684468,0,train
3.808319010158758,6.515894766795983,4.09903183402076,0,train
9.38169493988363,9.435565610956246,3.144981793089889,1,train
6.950500391388737,2.018199870532347,5.0634817217878885,0,train
1.3204633457881934,2.092825855887116,6.001209064228594,1,train
7.590663226498907,9.7803948806571,1.380197798836073,1,train
3.0125848546278524,7.166794671944011,-0.40857962775435497,1,train
2.8200879111426502,6.317798108871759,8.863810848344988,0,train
7.032244523906401,7.857802850994196,4.459657679674882,1,train
2.4524251180271124,7.422805749827545,3.8036936428672563,0,train
8.930792555840226,4.068906281519983,10.196278348256609,0,train
5.112349512726254,9.454933008408325,6.786144809286114,1,train
1.329822140975963,5.780464061899772,2.672780036380063,0,train
7.459385496781472,5.744258700570895,3.249067556470794,1,train
3.706362268981099,2.4243047505962685,9.984450902717931,1,train
0.05078142964939936,5.865810673427144,2.265057342103244,1,train
3.006335031571388,3.4485052273983627,4.684689227735211,0,train
7.547055588705667,4.897571977349114,1.0207993325043454,1,train
7.160377394734734,0.31725452402115695,8.519627433764388,0,train
7.327680794862062,8.017020158686407,9.042246113666295,1,train
9.074511250409728,4.947546793126403,1.3415820208567804,1,train
9.582894997304788,5.091975730983817,8.789778321708622,0,train
10.316016343518942,1.7360272974743538,9.026751715656653,1,train
3.5828712798818816,9.733107033747576,5.913862678537721,1,train
3.0332878559002383,4.123931858058673,8.17650087245962,0,train
4.504977329070226,5.884386558045946,8.364106073790374,0,train
0.7038925618478928,8.061642108652293,9.87165941046273,0,train
5.955304439532355,6.053630248718707,7.486940831247288,1,train
2.976123087075271,8.924230213242387,10.861640371593088,0,train
8.248215591565085,6.561871970093161,3.079022696370204,1,train
9.980538449727822,7.754784963478418,8.996949464049166,1,train
7.914614800437954,10.064163291778002,4.2908643099496215,0,train
7.552777720380609,7.746609082331988,6.751396784279837,0,train
9.02414095062182,6.319435249746873,6.953900465104228,1,train
2.0435758050377784,9.15053880541908,7.201496000826808,0,train
8.381132555675928,9.1430526341974,3.054293746469154,0,train
4.770826340695718,7.688136394326561,6.706746558742857,1,train
2.3929407844950297,6.076058029258478,0.5842776505005893,1,train
10.742952524368421,7.3221312256552755,5.031708541213556,1,train
2.020878405985333,1.5847641393500294,3.662962628310352,0,train
3.9922753885470574,3.0365736022242853,2.941196171477441,0,train
4.125554304091107,6.567986432640156,4.4487345551062845,1,train
5.093198500609177,5.359529278671068,2.993773573516596,1,train
4.862199786658026,4.843050617125107,6.181873798686572,0,train
2.4240202098044477,7.580736426944679,2.805622864156669,1,train
3.761616245862572,6.13949889422255,3.054154505419311,0,train
1.1990151016972752,6.98019941558908,4.297627147922391,0,train
7.5068248224036385,6.129264464018622,5.373826657489728,1,train
8.048510574315358,7.004183920387097,2.3315991682789132,1,train
5.818745468397068,5.959191420236186,8.453523208161823,1,train
7.286925083538587,9.304780264171846,5.232492250913877,1,train
6.716328954494777,3.110681800833936,3.6155680874339344,0,train
3.6757875449533595,8.765275041159626,4.87913873616828,1,train
7.248140312634639,6.907121319194642,8.085196870952439,1,train
4.946194217521037,9.783951907333192,2.6088000151158166,1,train
5.485141223229935,2.2068014050427296,7.252584765164423,0,train
5.866356072106406,4.424806101059865,5.3906625781792,1,train
8.27372631753695,3.4251830180209812,4.924182977645485,0,train
2.5261446581556806,4.688406563738012,8.834303633003247,0,train
2.130093838300944,2.116853604221309,2.381533568193679,0,train
6.046671424411775,1.8690271936826646,6.342137649568753,0,train
7.875988105352112,1.8249538782765011,7.155296359478041,0,train
7.09674499739215,3.544663295439789,4.361431831293165,1,train
8.9103091256993,1.3709255111289589,3.829475882448187,0,train
1.0762517827232028,7.857350049219757,3.931317016804974,0,train
7.7760277890288885,7.690673684593527,2.4605868318193234,1,train
2.405692392423469,7.817686913614605,1.2388339827109998,0,train
5.535967755329012,-0.7672952641702273,4.594653502643323,0,train
5.610980370538261,8.307753124404151,3.476842748687566,1,train
6.147855866681307,3.6388447005035083,4.347047496741421,0,train
4.493425207845944,3.36126701358004,1.5230338761029407,0,train
9.44709775242389,6.37131541073486,5.963125093504305,1,train
2.7919708924826274,4.626306103988868,4.581139915397779,0,train
6.4856417925919585,9.41279687912278,6.304101322391805,1,train
10.384437298609043,7.796259203306896,4.987692910049965,0,train
6.211019819790316,4.354151997591848,5.362567273002922,1,train
8.591908226145314,5.181563822955883,7.4666720259231445,1,train
2.390568318229314,8.958342179864461,2.251948199344702,1,train
5.6795061272512,8.841202675261187,9.397060166977987,1,train
1.9999312208696893,3.406257572989666,9.301263513374078,0,train
1.0425721695621442,4.6310580473685805,4.728350094226806,0,train
1.3762766968218463,0.6092194848106246,7.831963486490047,0,train
0.9723010786864636,9.145597313713166,9.025670269615862,0,train
0.4579219717344758,4.198914289643053,1.5116734840021855,0,train
5.5499764649938355,9.10830604377017,4.290434621359461,1,train
4.594359472082862,3.663620596550456,1.8342973314613902,0,train
3.9464771535772685,3.624934328560956,3.2906748520655382,1,train
1.5520309718740988,0.5946989231844177,4.94427161815114,0,train
3.974692782409928,2.002898563355515,1.5306723987319701,0,train
6.156912404356557,7.251659008874507,8.632709495410657,1,train
3.067490778279775,2.700420563772283,4.614943717145108,0,train
8.444833937882658,0.20638223436227676,5.6184199485033375,0,train
8.136265451495568,6.9021331399899335,3.7792694902063473,1,train
7.750857531865969,1.9211990518731104,3.8142329885579658,1,train
4.960470683242384,6.593841033796292,1.4800816588828756,0,train
9.800951502649012,0.7974973244695795,9.497938669553156,1,train
8.33702841987151,5.229058407523751,7.411922035483069,1,train
5.85134856184394,8.541544069099936,1.9124935618174836,1,train
0.8899313147738745,7.576885634806122,8.862177241739657,0,train
9.010358192987093,4.8640709215675475,8.058772230523047,0,train
9.17161589272377,2.690048892391849,9.024534008688377,1,train
8.311618848913913,6.8096744162392655,6.927876756617264,0,train
7.555084334489522,4.410340424881242,3.127335300899814,1,train
4.797653057320067,1.4117423651532723,5.332194555858787,0,train
7.822203731631228,3.164971546734818,5.492980775908257,0,train
9.100065663243965,1.0092482809961154,2.5584822413132424,1,train
1.5717383580442381,5.218923570731088,8.672364320057577,0,train
9.194421090678741,6.95916911872663,5.307208491664887,1,train
0.5220482979458629,4.34985637842358,4.307937645957426,0,train
6.863091300645163,4.162266835583242,9.841993492988014,1,train
6.993367571608773,8.796613546827727,3.9742532724333257,1,train
1.8362796703043132,3.0999391048890534,6.413752603916841,0,train
1.2990839895404827,4.41918527523345,2.4201708963764186,0,train
7.083573976062589,6.121209042491559,8.464899932684663,1,train
8.627483298004698,5.755822454997731,5.782123814752133,1,train
3.7468599140391188,6.419104735864987,1.395831839940601,0,train
6.530827487629773,4.760766552844627,1.4698253305152509,0,train
1.5371976906007268,4.621025108125315,6.884282481759251,0,train
3.016342915480985,8.755779410053346,3.199339546700572,1,train
2.760241079026698,4.191459776033933,6.508532713119301,0,train
7.923388538075432,5.5446309350981,6.935920321139478,1,train
7.744676398766665,1.361306569147059,8.001407388138489,0,train
4.404446017287958,9.84535768097896,6.76863961767141,0,train
4.798428907132478,1.9363500001300276,6.934600228892276,0,train
5.243651136892637,8.23012165198572,4.83704230611649,1,train
8.720268997711663,6.681821535281342,10.263091827432998,1,train
3.637186065214779,1.2839340533369616,1.353771569106596,0,train
3.7861250164726554,8.098019731440484,4.823524148580006,0,train
5.221772966835907,7.076077573922435,5.841163879014322,0,train
8.436276502392674,2.5332573790589956,5.925983633373008,0,train
2.6203118650277513,7.328099397726133,7.13831157627082,1,train
2.6793021986362984,1.693313925306276,6.076165176608572,0,train
2.261482423583783,2.7431034791781364,6.703732361691255,0,train
4.890366272936397,9.253234574001503,7.27836607479814,1,train
1.8500490634165376,8.058806389803102,2.2910591684987103,0,train
9.197933783757088,7.003326629579523,7.858393075464157,1,train
3.892734078173266,10.463304744872454,3.3313012813646123,1,train
2.4135373264827606,1.4097823584099538,8.517625272854758,0,train
8.553048304653846,4.843332387671867,8.247897888622084,1,train
7.377368822603587,2.273186395014288,3.4613801281040466,0,train
3.1204240610963176,1.3518014923389023,8.566264685647734,0,train
2.7986255286773503,3.1490368278935037,8.285453208269823,0,train
4.120878791170816,9.860590257492266,2.227265632947509,1,train
0.7500449280699562,1.5221342186693037,2.1418389484101317,1,train
6.903812979729488,6.817973408267814,7.747207420301661,1,train
9.156768134497899,6.86533515324098,10.273275764430746,1,train
7.326220280631857,2.9355139240392703,1.5897258022137926,0,train
10.064152631058015,2.0511501358346362,4.416640279932569,1,train
8.687054473025867,3.4499708904094044,3.3292511479954285,1,train
4.846691655849403,1.8996907526678195,2.9230626554181107,0,train
6.844057957928232,10.778685141418414,4.167437209877331,1,train
7.838500281053839,8.434018069307973,7.44994811903813,1,train
8.120954247967662,4.719749155351815,5.975225317651869,1,train
1.3775805033036017,9.132064770619156,2.10758928864897,0,train
5.541361849544719,6.555314562384505,6.691765515706074,1,train
6.80646054603675,4.818101270235437,7.431647593399488,0,train
9.554691363778446,5.935416254013718,9.27291442709324,1,train
3.8000766406113526,3.122497928065454,5.039183585056369,1,train
2.577454105491447,2.7928632826192112,7.930061851706352,0,train
1.3949879245989791,9.09015964561125,9.477409658063614,1,train
4.159795500462171,0.9767897008149687,7.771995968205998,0,train
4.8319763832717095,3.2719481928460943,7.964798357475925,1,train
7.286185050226282,7.717538924381832,-0.20446306436662387,1,train
8.872076698765662,8.460793086803715,6.628637075172359,1,train
3.7032156233508835,4.123517324607119,5.263996114524136,0,train
5.473202774543135,7.87357021394501,6.964016916018167,1,train
2.490482098321416,9.317333861996689,5.495460529856542,0,train
6.955007216498066,8.849575599031652,7.053486008012838,1,train
7.515174489367022,4.198658142117501,2.911457114707647,0,train
6.63982904469694,9.021426549429231,2.0672194625289038,1,train
3.7688752362354956,7.03100807380827,8.627478663022206,1,train
6.928316474805032,4.3882513761809125,4.963702282960885,1,train
8.152163876258571,3.7523831676724484,8.90284951019256,1,train
5.274293872102189,-0.3826264513435593,3.8681404343283776,0,train
0.7650928867429263,8.588113297228128,9.040016636129483,0,train
10.708951826954516,10.081743972376461,9.0530516974555,1,train
6.31410779550669,10.114615336303814,6.363049908246558,1,train
3.0539225847156786,9.926218462190057,3.788660562860501,1,train
8.054080047397557,4.806912570763965,5.99971561736372,0,train
7.391893091931191,7.3033813214704555,2.661740757165039,1,train
8.959597019317826,1.808974540912284,9.834645378836877,1,train
7.522341447211922,5.080738933085841,7.656060727903615,1,train
6.4824067350903976,5.435042267994241,9.601310482355496,0,train
2.2190700322271244,5.543950033867952,9.142357481838829,0,train
6.235502029593044,8.085110646712241,5.262483767102218,1,train
9.472590988688214,3.6330308717869944,8.87066596667063,1,train
8.703359121874383,3.2019775188526127,4.89588580241454,0,train
0.5754888916284213,7.719682518871077,4.982329240893142,0,train
4.822873377315927,2.792984443102411,1.969481138798411,0,train
6.595704715787562,4.101604503019142,8.72854436087847,0,train
5.151928428577833,6.364694775609949,2.719968789792809,1,train
7.164549726239647,3.5903840430955416,8.887069337497666,1,train
3.8529732205467604,4.063045292306564,3.6133290405368337,0,train
7.7040152014910355,3.667255162548315,1.060617499949779,0,train
4.943780618625775,2.2088157848431433,8.755342435588593,0,train
5.951674039611782,3.6834627329647542,2.4333576303634503,0,train
9.138679882796813,2.001910974260945,6.152887661036838,0,train
5.750010182221679,8.063409114260343,6.02431212013868,0,train
3.765935647980063,7.493116042087209,4.767118353013741,1,train
6.398578470446941,1.1333385715653326,6.71018895253743,0,train
9.04966852003082,7.883131776192467,3.2831758155212207,1,train
5.2860017423183105,3.4013985164399583,6.822851053593454,1,train
0.2177719427556184,1.3909942694714847,6.287635503389159,0,train
8.283134221218788,3.2766441758436424,5.636262376455809,0,train
5.740132424897319,7.20413580589921,6.317129922361705,1,train
3.444036527343164,3.2941841332224353,6.9841656731159265,0,train
8.642925405684343,9.547643702389221,3.376196295361408,0,train
5.383433211830214,8.437029225502304,5.823457288159055,1,train
9.198129284534463,6.646015878579134,4.691596942416244,0,train
10.13456975473578,5.006517605644721,7.9032353033401375,1,train
6.665141464880701,5.5842256180902075,6.36049082925735,1,train
3.814556165516953,8.201055916779987,6.6157983083761485,1,train
8.187660814279713,4.371845274346921,5.47125192246316,1,train
1.657032371199072,2.4041259246179147,5.133885666006852,1,train
7.987073649315033,6.872092545245448,1.1437669760943279,1,train
2.7050738790122413,2.6901907494871757,3.8690355780820203,1,train
7.0575959494234555,1.0475384050180623,5.150159244047627,0,train
3.592249128054073,1.8130339147247023,1.510956770067769,0,train
9.632118233779556,5.643111718586624,5.427789804024062,1,train
2.1506572432645705,3.3844106552172644,4.826867767710752,0,train
3.423444039502783,8.721826659807814,2.721215977548023,0,train
7.768468597002518,6.5394101594708705,5.053655636673475,1,train
5.093277552282754,5.959376485107038,5.962322097459241,0,train
2.149013563182333,7.770941506292669,2.7758643069416173,0,train
8.82015186637279,1.7780808345912278,6.581272943436921,0,train
5.11876034371371,4.201839084654145,2.84531337577747,0,train
8.35972306883294,5.4181332990010596,9.901420389641482,1,train
2.5239964749706734,2.4253035893326547,2.7124038831463513,0,train
6.337390834210951,2.5146349524293363,5.746782499410533,0,train
9.087685588423213,8.849162286075579,2.508302549602751,1,train
1.2777919186795872,10.641823293574769,4.831341602673672,0,train
2.885352213889289,5.598303959739983,4.724315151618566,0,train
5.503960939849601,1.3550687745241792,8.861911358081779,0,train
6.300669367085413,4.046944407421157,6.919121931763006,0,train
7.682980061312464,5.268625829336255,8.272310583611763,1,train
6.411236659344216,9.795557387786518,7.4448399581802915,1,train
3.262625524557171,7.177377964452007,5.059885269498396,0,train
4.615606953664288,8.393581179165352,8.08448540577372,1,train
4.874920244293054,8.668066376994991,5.1090681036976875,1,train
3.6816411959264963,4.94353067331875,8.729326714050703,0,train
4.375947425409548,4.508101460164364,3.396940715736691,0,train
7.783246177846283,9.912585678465165,8.937757004363776,1,train
3.462627754010112,3.5743660410350357,6.404435739639479,0,train
4.057755906218916,9.24217095398518,3.2318291934310777,1,train
5.46499753287223,0.4049694419484793,9.712834263057477,0,train
4.762191443781566,2.950823082299851,6.163231778975029,0,train
6.35675478636599,10.491040746373642,4.920614052696831,1,train
11.04965395989129,4.445389710230611,6.481156775119956,1,train
3.055067317203478,5.629089340053008,9.334732173497406,0,train
0.7614001098796443,10.073228032884755,3.024060968658794,0,train
3.7891591598953207,8.689982857674503,9.075256583767139,0,train
2.6544267992145083,2.8421195593093396,8.572039600454577,0,train
2.2676909817834874,8.205812294447192,8.651030578272467,0,train
2.9660821997606868,4.223060114387082,2.504278241572117,0,train
3.2683601191524714,3.757798226194704,6.530875677063819,0,train
0.37657615549580603,3.308504083414695,9.138733710155872,0,train
6.430333256722609,8.305951395245458,9.085637221514062,0,train
5.4762592635957,2.1597775612898555,4.3041217701191306,0,train
3.603962219605649,2.261356510258185,5.738295932957276,0,train
3.9094695944347424,7.1953441635371185,9.5711475328497,1,train
4.880366195973352,2.5414427157651405,5.3853919695135,0,train
1.6348131854148211,4.071399256260482,6.225867940114015,0,train
9.266239780154368,0.8950729091220191,4.462215939981476,0,train
6.271589891239758,7.113975251842942,2.0627752595798663,1,train
8.61457721288144,8.721242982778543,7.50051324354117,1,train
2.779158017381908,3.261697875365072,0.5172494462682345,0,train
3.483391475111074,7.168849660511692,7.394355599902025,1,train
2.344662641086508,8.528647678639727,9.079160025377119,0,train
9.051751013033321,4.251121649246372,8.371430322881842,1,train
2.7476726202022563,3.7265292088826314,4.55177552166083,0,train
-0.014997957739666612,7.081567883143887,2.4265432494831076,0,train
3.8153767648937578,8.266992386509587,2.8171874321570867,1,train
0.5711208490677484,0.9372488129361766,6.961437690015231,0,train
4.756793670581827,1.105732301960303,6.271679738820514,0,train
5.469539094738913,2.4157767230096328,5.362540825679302,0,train
10.429203448451926,8.254729424346811,2.9772401130221833,1,train
3.22750114776588,8.156132371665855,1.911365516762833,1,train
4.877439061236826,5.4751965972288135,5.424497658303602,0,train
5.675335956985815,3.7991897264057704,7.742963126100834,0,train
5.881446143640573,6.505717893790118,3.064534377852575,1,train
6.327501991030657,3.1415179976319663,4.958930810834858,0,train
2.1138784486192757,0.49376974310534993,1.7852493154532743,0,train
2.044921324766397,7.82950724572044,5.991461328566458,0,train
4.615783091277827,3.810226928029172,4.503664086314135,0,train
6.832544948493448,3.3559553553652526,6.662464298026507,0,train
3.8057755603320382,9.833899281315984,9.658796839743518,1,train
8.808725117310676,6.41099705304137,9.862983983169281,1,train
6.341180680732636,7.948522836941042,5.964661500249618,1,train
2.5710145543894254,3.6484061537721866,6.523294654954539,0,train
1.5192183283387597,1.4068288912870281,5.477681976588374,1,train
1.8356390357042063,3.540014789553044,4.072519977987388,0,train
5.733220083980419,3.303755716990604,6.623766508584186,1,train
8.64607763206655,3.819520408155182,4.24333812211135,1,train
8.3573999135701,7.9936889812881,9.955015369429175,1,train
8.16670005500937,7.222534135060868,2.8077347708363103,1,train
6.141408371754925,8.621565770156344,0.5891332570349236,1,train
7.9601739457487755,1.5655847840981174,1.792863414958188,0,train
6.3610522446621545,9.312145362013098,9.190891457434006,1,train
3.381790117069243,3.28015041041986,4.054241549351967,1,train
1.3069496451375926,2.341300168287736,3.6301471135519385,0,train
9.724973635970107,4.353605774839988,10.060450670139534,1,train
10.146295582163235,5.573501272806286,9.060938367994792,1,train
3.436845372764456,4.40996635949211,5.57999908582244,0,train
2.682047893087273,10.208849788028049,3.454649609954694,0,train
7.946994931363357,1.6368308711118975,4.654668532114371,0,train
9.121057188883352,2.2293927911928524,5.432295726148598,0,train
1.694196555853953,5.836117723598207,7.259849255986123,0,train
6.667463874507139,6.310254462667676,2.330443749512501,1,train
3.9865601647341435,10.885360657031136,8.391119008956267,0,train
3.9385407823768386,7.686671383326366,2.3445023736530963,0,train
9.543248931355523,8.481225449933268,8.835468777225746,1,train
2.4789926039269417,2.2318882686092483,6.7188485943221785,0,train
6.113615014526371,3.9897796558197602,7.600672682335418,0,train
2.5262238348782393,10.489300339319614,2.35950040014524,0,train
8.859363174731445,4.348305752663611,8.185588345272397,1,train
4.860159979485495,7.187041874395856,3.852421004094266,0,train
5.047866924840403,2.8438822864579345,6.046934398405821,0,train
5.166975285360389,4.377745840723255,3.153530464366538,0,train
3.2214295618924944,8.17208776977868,8.912210489644528,1,train
9.649513071462607,6.197585560479102,8.70566316898783,1,train
1.5278456354957095,3.7797097765636236,9.153403226372454,0,train
3.5229038423424046,6.591831747146032,0.9552988085850909,1,train
1.1654337512536663,7.043626990509841,5.294999797916207,0,train
8.363803937366521,7.505517627891381,3.6264232259230917,1,train
8.007939267027544,3.2113014310113006,10.185408391734047,1,train
4.671232743639159,9.474911332220083,2.725001395110468,1,train
5.963308407021398,8.122237976492073,9.254672824147637,1,train
1.3720414646080035,9.481255280019255,4.082592856049281,0,train
5.989742745597586,2.0386930884790058,7.241075893445786,0,train
8.338590212752663,8.16408834129158,7.059348260452738,1,train
9.173712629879489,4.608818045528458,8.706887121150714,0,train
1.8928553624713254,9.990295948391323,10.774901642974866,0,train
2.9371000555360944,3.050950656325801,9.548438320866813,1,train
9.627556984960842,4.666117663782112,4.628040717953133,0,train
0.9464339838657378,1.9801662401655478,3.268239012541946,0,train
10.251809744280335,4.480836708431528,8.54718604474985,1,train
8.179056756501387,5.929037911378944,9.849040187316033,1,train
5.401246108052361,4.319446105975256,7.762810979117412,0,train
7.956787099838213,11.646568216391953,8.149179732704516,0,train
2.7238486254348477,5.206905775255832,5.5542028042248965,1,train
1.561073502402143,6.345533670180855,8.75887763320726,0,train
1.2002152281549727,3.765317714563642,6.6087823894859685,0,train
1.5415850719650943,4.449099652211469,2.653400877730883,0,train
9.659308084928018,8.489457614086746,6.290907465671602,1,train
5.52678966201324,5.999576311998341,2.5640531625884537,0,train
7.450287365357975,7.160957890553301,3.1232481495311273,1,train
6.796440440763647,6.761770039710433,2.826506612050817,1,train
4.344694248910581,4.764383185956532,6.1500036618600875,0,train
4.837844973466663,7.934395881396577,9.165175914199475,1,train
4.290294501000039,2.131626648166887,4.305370686689594,0,train
5.7325731773701625,0.21280889286455829,9.609321790191728,0,train
1.1194613323443943,0.6823638618797029,1.4042103384426123,0,train
5.529500316550527,3.635460830218915,4.7159703713381305,0,train
1.774081087801795,6.0065579721827485,2.487691852595563,0,train
1.6588867351506078,1.1560527702248138,-0.008294404325813076,0,train
8.983885250950046,3.9772946077865083,7.898034859871716,1,train
3.8522259837916466,8.003368761277985,6.092723865953872,1,train
4.787233325599427,3.737356163967373,5.748674678070411,0,train
5.988754791970336,2.9060557137080716,8.403606376356503,0,train
8.283256862041883,7.348041533209887,0.3114673614872897,1,train
8.562205845097603,7.136285569874712,6.20190978110198,1,train
3.9808048559352653,2.302740164152881,0.972225467254483,0,train
3.4317969535386172,7.421707678543831,8.542020474211403,1,train
4.463782999530101,5.494824177678602,6.326497245486748,1,train
5.664966503769061,6.310168672912229,8.682248295185623,1,train
6.204528190954761,6.987761366919083,3.109919444596607,1,train
9.363479033240248,8.002159894042808,9.81074601912121,0,train
3.9178823623210386,2.32472668616575,6.55977973073819,0,train
9.466310495474204,9.469667894455995,5.138985999307898,1,train
5.769648095147411,7.623820517280283,4.666190240226882,1,train
3.7932653307654367,4.515951979668364,3.7948961568887687,0,train
9.856437303740984,3.9190430938958367,1.8369341229474982,1,train
5.467230330169809,3.7092675381582234,10.999153189393311,0,train
10.394285805644135,1.0893530248254826,3.600326438105852,0,train
9.16225799878337,7.431067775085118,3.4733961071111246,1,train
9.777562318818616,6.417623604594884,5.1933219732371665,1,train
8.878054224747821,1.9451478033639897,8.62503749400194,0,train
7.086437141390198,7.15453278875069,6.000484388890191,1,train
11.063318392585105,4.0634803338470356,6.698917820498815,0,train
10.160310380448147,1.322157632168639,1.6278506107612338,0,train
3.787770866754494,4.040111213392941,9.634671587083462,0,train
8.183681558477613,3.9478122226539365,3.0810266077133166,0,train
3.431148587875842,2.4974113570494394,3.437024289079058,0,train
5.981491779758251,2.025801503851619,9.069341165976365,0,train
5.294459571724595,5.780789434123049,7.799099625669917,1,train
8.306182866732662,6.453765521618781,7.302285298617344,1,train
3.224072868369908,6.99660499180751,6.4386361992854555,0,train
5.777449135778854,8.181087247658127,0.8385209607560621,1,train
1.0974778539062497,3.521013771315607,6.880931907488858,1,train
3.761861163871761,1.6335377945533698,1.8101960085715034,0,train
1.2671383836151482,1.5487526908813962,4.295750525243703,0,train
9.749287608659866,4.539184990276385,6.328213195992474,1,train
7.268093436792718,7.730808831302136,6.743526483483431,1,train
9.238751284599294,9.32942696538204,2.999228205379363,1,train
7.247233307197956,7.012118209698618,8.114396689325176,1,train
6.887807728315633,3.123763873856893,1.9867345637221465,0,train
1.8945842138155478,1.626024119017173,8.97612315935365,0,train
4.7179439023846275,2.544143871613837,8.043091559111327,0,train
1.4786668809165429,7.756889928233793,4.281985670560589,0,train
7.18133510159943,2.7293326759071803,8.915394290078575,0,train
3.7350956605654817,2.33247170113299,2.1466264481836217,1,train
5.335091735558137,7.451431269251622,8.137939149135097,1,train
7.591918294499356,2.6819757832685767,5.147587279897751,0,train
9.3203376614351,9.21973557224702,5.070426089268509,1,train
1.1869553009577225,1.7245729098959257,3.1610529282986644,1,train
5.6715704999383485,6.866656891629906,3.909263380718707,1,train
9.71217825695354,8.831064786744152,8.802248003778988,1,train
8.272535041795773,8.306670199797754,1.9381236706709148,1,train
0.9749260711398564,2.9466811907696546,9.569742907110426,1,train
0.9870072111942871,2.70427277240109,8.202170769913652,1,train
5.057587738038085,5.643433712689656,6.764576969414717,1,train
3.9577485393177563,7.615064572741732,9.476610987405715,1,train
4.529800285115354,3.7412053885496883,6.602836959706937,0,train
5.702181095403834,6.320836152294959,7.333271679280402,1,train
7.716088944944054,6.409875126327562,2.5281656866704783,0,train
5.850298844689824,2.6620144174979488,7.462488469144542,0,train
3.544955964166825,2.119004793224262,5.397620350081734,1,train
2.648219818250764,0.9711864585496173,7.788915918964066,0,train
5.0431146913589595,3.055559390119277,6.977375668927427,0,train
2.6334945732413577,10.239266750712853,7.127059890324573,1,train
1.9137973355111242,6.179640656218069,3.8555358188737805,0,train
1.4749067795103141,8.205505527231523,6.288490088726143,0,train
2.1175587416473887,0.6627300025850735,3.0033505366989948,0,train
8.251606846654033,8.983494828553305,4.83175747618062,1,train
7.181237092019135,2.1211925924004547,8.693289873065273,0,train
5.807249381155608,3.563079292338528,5.688198952545345,0,train
4.860080691963714,1.0675545317136572,7.1851397873269045,0,train
6.942145381723641,5.949429752539008,3.0917333025189118,1,train
8.634528917741239,10.001299582326869,7.844424836226869,1,train
8.294955939485929,9.572637626474528,9.54712499763237,0,train
3.593169259271148,2.5365603235801006,8.548927685661837,0,train
4.41355732558932,7.236662597826044,6.749769139832376,0,train
2.7649198106489754,9.732270555850418,7.905083352281639,1,train
9.428174332578807,8.593462876966573,6.556210057411354,1,train
4.856787075098808,1.950403665154795,3.4180512168875103,0,train
2.6034209083908078,3.846962501653091,8.021034038641918,0,train
9.422130364010723,2.2077593973115435,3.2081359607057744,0,train
2.469270152568931,1.5513537306176195,2.301591322644708,0,train
6.690093591555056,8.559718884981052,1.1572548085747174,1,train
5.754106345114472,1.0426394193257558,8.922850570450732,0,train
4.596744148656227,5.007641782242758,10.155074898975995,0,train
5.012607889206491,2.0654559232231824,7.18260157232585,0,train
4.908682138526297,5.738809248466365,7.687191500976768,0,train
5.956007008258096,8.729784796795368,3.555781252311876,1,train
8.342885210403008,8.988402512727598,2.095331238848403,1,train
8.266118003383015,8.953040180755462,5.539319179224451,1,train
5.437795559993306,1.05661368470503,5.7388213609038266,0,train
5.735020615151588,8.766950748888776,10.75366411522168,1,train
9.564322228459371,4.29404174704498,4.4718829024930535,1,train
7.052096963294514,3.2282132618069936,7.7083632325724105,0,train
5.479708074637717,7.5694744977754995,6.6648670837361035,1,train
5.056104188672128,8.812227783156043,1.618387696217822,1,train
2.1709109997865834,2.143348728731716,8.8100193090587,0,train
4.796970467039315,8.92128209276448,7.4404241427368785,0,train
6.715008957248789,8.207755065114005,1.3811129524739605,0,train
7.965391532707256,3.3697600325888346,0.870043354007119,0,train
6.994487431321268,5.29365042812386,1.9749868912825106,1,train
5.025826512931133,9.401162402707643,3.9385997094817826,1,train
3.1327571001768297,7.676139120331996,3.0081270164232032,1,train
5.4322926248078005,8.63502298828133,4.208193856359792,1,train
5.089150959634576,10.265853922573763,6.955262927057877,1,train
3.777032672460487,2.1671554087704674,8.95723917946475,0,train
2.6429706655755645,1.730230761986125,3.5655363782245866,0,train
7.629283517325996,1.185822042451973,10.357690653537968,0,train
4.026871437994105,5.938489728409442,7.368248375677032,0,train
1.3124703795958683,8.89155273855275,2.3446725354585927,0,train
0.9359953591715884,6.021512148747326,2.014402185048417,0,train
0.025160225088679322,5.687476486964009,1.5168495676466534,1,train
2.5060139397805,9.006321458280695,2.8405933811435737,0,train
4.611918167110736,2.0901659559793813,8.883772760781802,0,train
7.198165203951294,1.1668721675854754,2.332901380920542,0,train
9.19549409081245,3.854376650267923,4.332555486295298,1,train
7.797530218226652,8.117981647425353,7.461060715720004,1,train
6.76331593788688,9.832637260231975,2.1068596796500247,1,train
2.138907058224801,6.195792471853979,3.1544563652687447,0,train
4.219730797320502,4.193954597938783,0.5121225145678743,0,train
6.794423595441137,8.094347182380474,5.721632677193897,1,train
7.583923024733229,5.253815687418223,6.357444447344154,1,train
8.887097804007482,1.6917320921349517,4.328839229231523,0,train
1.852430534336008,7.038020938858242,6.6124940752409,0,train
3.68496640447937,9.904587417693767,10.212950538054015,1,train
0.18939168948432483,9.33777043735905,1.0870935013172345,0,train
4.340000057301408,3.7860274383601467,2.3630326733878784,0,train
7.878749937607646,4.869515295379941,8.798132561725865,1,train
1.6910616774955851,8.801475362748882,9.254355118823812,0,train
3.6355710707422326,3.9891754338878975,0.3867926823186387,0,train
2.383778171063003,5.309884131844561,8.816207116422614,0,train
5.947935394534036,3.12540964907515,5.193954304545378,0,train
7.821621766772509,3.5159973110731553,-0.6805455612347304,0,train
2.5071386958509962,8.729517210223298,8.626424462594665,1,train
10.135623723609642,9.505196231253422,2.9945331709627667,1,train
6.2404354659451915,7.415548129829278,8.693808027743168,1,train
7.0618805109692735,9.331553957270241,7.001094055742658,1,train
1.9890263521445546,1.727742393767874,4.530351217972224,0,train
6.119713804592496,9.41942036479779,0.7899981117770445,1,train
10.430173385976829,0.3511595768665583,7.0814905876355105,0,train
7.249425592371434,2.71270939257619,9.877969221763257,1,train
4.4575014141355425,1.872662495247038,2.7612293141504303,0,train
5.4098177480179785,10.511087261895597,0.8499788887217959,1,train
7.467368744500289,8.250640524353454,3.1505413020880795,0,train
7.639728975932661,4.4946010236332485,2.730286253593845,0,train
3.233642459633499,3.6152996451618615,5.660707303758523,0,train
2.2749560275741425,3.225632594352351,1.8779143676197263,0,train
5.34190164219492,5.2817501616034335,7.758596372092178,1,train
3.925661681365975,3.2307828724436476,3.1421259893687665,0,train
10.48104803689188,3.9774789498955383,2.7497117080153335,1,train
6.0856032472562624,4.232214324169004,8.284333961711216,0,train
9.969718831342275,6.400095015856975,6.908406426049436,0,train
5.11395060240886,1.3161789131251518,2.832595437953045,1,train
2.0473919371439613,4.935035367666433,2.1108797464406646,1,train
5.818480672960924,4.5414871989945365,5.237318720927207,1,train
9.21485514089451,8.663910171592509,7.765707438851071,1,train
8.930592673529425,9.228600207208022,3.7507205378297988,1,train
5.613683433667013,4.5563935253158006,2.122860601993361,0,train
7.1918882150393175,2.602436830705285,8.897985208280723,1,train
6.042369128517936,0.6821031490635152,5.66329900985508,0,train
8.55825870653923,2.0777203113631106,7.132610549766828,0,train
4.205234757214287,0.8069121043300429,3.731854499087673,0,train
2.33977945879733,1.6878250901074803,3.4732731468039746,0,train
9.470483537717632,1.8921642553221139,4.712496974543279,0,train
5.3963761690711465,5.30886899262074,7.7579807371226295,0,train
8.558611647887421,7.882429732219031,8.345103711272255,1,train
6.5683111762646345,3.2279076332184933,4.958509881237548,1,train
2.245118781761184,7.738920709601427,9.067221168603481,1,train
6.017671484892884,1.6485902685690395,7.408975393385766,0,train
4.842213838691653,1.2415323166261254,3.326610468426625,0,train
2.1228666127864795,8.035807267630053,2.169511554759162,0,train
3.0681881902940202,1.8426919070624446,7.980785583935827,0,train
8.50513711543687,0.5755799847033534,0.31375064108925954,0,train
7.611431430128693,7.789730914249063,4.260877871251165,1,train
3.2444965925824465,7.3952255671140055,3.169728724082106,1,train
9.18927419879191,3.9600533968139007,6.466445157116482,1,train
4.038868307132457,9.019648867019185,9.597175355371029,0,train
6.404150519638368,10.615438681155403,4.5761124304809915,1,train
3.861051236612962,6.880475025938809,2.813761763178499,0,train
5.328290138820574,7.452567681117742,3.8880327198214397,1,train
4.572746833881192,5.172053227190062,6.170295385408169,0,train
10.719997718501642,6.464668662616031,7.324849316061726,0,train
8.1207873277305,4.857460951273241,5.651101005623367,1,train
1.2578540134577278,6.643430316499659,3.90889011368152,0,train
8.849040585993576,0.4640123710310946,6.961426019178687,0,train
4.971334350385967,5.947748352569127,1.8655785653787835,1,train
11.2876266849578,3.7767849368899054,1.8276071977564747,1,train
1.461362544969997,0.4962277454960389,5.102183469399759,0,train
5.800171770538925,2.5417690742224845,7.7206594453549116,1,train
7.6495199101037485,3.8893158908384624,4.756631041463911,1,train
5.769356117110519,6.380875427902527,11.00768974530097,1,train
3.8171999722784853,3.9394093766237117,8.050941631817384,1,train
5.773540338556263,5.695185272047368,1.1613622132208006,1,train
8.361622236072503,8.709343452569998,2.2486840344682464,1,train
7.750623087557659,4.002212367597447,3.6464559274096553,1,train
3.181194939055304,2.6496082682958604,6.05263906218211,0,train
9.27096601085809,4.340385242018147,5.43652026471341,1,train
3.828755244823201,8.290146960873532,6.910639546375873,1,train
2.4339233578828514,1.5861100320356256,9.16438921897149,0,train
4.200613296478742,9.460837250686371,5.044492112379358,1,train
2.842932061935169,4.357732087262398,8.232500694514059,0,train
7.014791824531652,7.935799485459336,2.722985845154886,0,train
3.0150181520407924,2.1175596216973895,5.512401708974593,0,train
8.978590583588593,5.639743068767618,2.194174984041478,0,train
2.1329208660516303,4.441598629335434,3.906492560315547,0,train
2.998875500857758,1.787703007647469,9.445344601408598,0,train
7.2870774777906355,8.92380004326093,5.948152294900497,1,train
1.9398696612450745,5.47540477809908,0.9922225123209184,0,train
5.058779599438129,6.968990151339449,7.84355914305617,1,train
7.634553769318121,8.966151447166597,1.8423964753842612,1,train
1.0155674885000223,4.655466967553966,6.824822159443503,0,train
5.9401486568524895,9.96912048252837,3.5823823847594483,1,train
7.529131987776572,5.686366386463542,4.154208254071038,1,train
8.776683559199043,9.83765282907331,8.108011299661435,0,train
5.2550100547731,5.8523277783585375,1.4180346007440259,1,train
3.0181939338798367,0.6055820231404894,9.163682197776328,0,train
2.032991110806904,5.730431765063205,1.887215469574969,0,train
4.091997391495863,0.25412087748325596,8.104898014038659,0,train
7.757143271804079,4.9989548312896375,7.551809061311808,1,train
6.00143035352314,8.937100476572127,4.273453374314219,1,train
8.834271177868992,2.6813857204996614,3.3321905294079235,0,train
6.6117908104866725,8.110481757748767,4.181100753559273,1,train
5.72075102186932,4.961198720543727,9.668891923079826,1,train
4.1346962334389605,2.1225182404743532,8.172964089185275,0,train
5.366314398835157,1.9489309790374474,4.024840675655106,0,train
6.651412813339415,2.762910455454887,3.213113674425662,0,train
6.3654747378375465,1.0442761439778154,5.117993331806396,0,train
1.9320329649977928,1.7196347896489241,8.013694342238477,0,train
3.528899380202668,8.933862451937038,7.5443771661946935,1,train
1.8909522640237395,5.298236605484736,7.387730110125055,0,train
2.8833768760549483,9.560424219784016,1.5447154899446038,0,train
5.843265301833961,2.1333117565946496,2.7970942635310765,1,train
1.9601743150432838,6.445885428449808,5.125157580614173,0,train
4.003595213281344,7.817910947646455,2.4222573444630906,1,train
1.8690454822919405,6.105500721920121,3.376343721115955,0,train
5.707935624058355,7.700909287054793,5.326371442270422,1,train
3.214380712980845,6.347298876500594,4.9068699303963506,0,train
4.45156800490842,9.504633094532066,8.289639773506204,1,train
2.9652403134743044,6.816141461979955,5.985583154075118,0,train
8.032593444196387,2.065794185645606,2.526895117710094,0,train
7.515792588791159,5.404464580041443,9.601408452817699,0,train
4.948899765898261,6.217372606717151,9.139634064939203,0,train
9.319907118904032,3.989375306385315,2.0389454689630773,1,train
7.350883678114753,3.525020997031013,9.065156502316515,1,train
2.116271171250647,0.6919806556100527,9.36293691053809,0,train
8.957237494740792,6.035185357090131,5.740239691518772,0,train
7.5161985920857095,6.761351151831961,4.19059934260636,1,train
3.0945330269320084,1.1080384694772336,5.835142611878534,0,train
3.039540763538294,7.132449254915834,4.838030671840612,0,train
5.575615784718538,9.343980940659488,6.573432086229376,1,train
5.4021786561229135,0.32434500105218733,7.2372646338148865,0,train
9.078553937918855,7.469519672074256,2.2584548414564845,1,train
2.419017884793945,6.535356486770216,7.184357567886831,0,train
7.0347336033945655,3.744545270226517,7.680373153735633,1,train
7.600136548994989,7.004568556166019,5.00947921190252,1,train
2.6239019137025177,4.143086070811363,1.9853606065546825,0,train
5.628292301432005,3.8537676888944934,6.932342274523066,1,train
9.167901844442287,4.256024064103089,2.5383138085657704,1,train
6.61577751710984,8.54276524870031,1.9123801727877447,1,train
8.899943242771698,2.096643665805634,7.8984125636163345,0,train
3.877678786827472,7.4076513292450805,2.8609780866682186,1,train
6.4368249153753005,7.6228351429745995,7.750851817033754,1,train
8.222942475567969,3.6107686646092074,8.255800920488694,1,train
6.214440052024108,2.4062055219675997,1.4643511711653667,0,train
2.577415654364206,6.606658131459352,5.984520928966438,0,train
7.6659951494859735,5.743716019308822,7.675052213331784,1,train
7.25195520413343,7.333459951068773,1.1318090711702737,1,train
7.032989862157505,6.077304282575109,10.204397727557442,1,train
1.1562746853605852,6.470052037671408,1.9336275166645476,0,train
9.182626476937202,6.5563671616202255,1.4390868128859273,1,train
9.330280499949488,3.245482630230478,7.2084337543330435,0,train
6.287248029690555,6.072098454669258,4.14880711938959,1,train
3.9911368234604074,8.088461867974004,7.277785061867311,1,train
9.123093523412411,9.75960313040237,11.494803136772939,0,train
6.089470539906969,3.7535344655624083,7.8862075619667795,0,train
1.3429888864016315,5.5105764961699935,0.3633999686941711,0,train
0.12364685912197271,2.498124940034326,3.3903201180866245,0,train
1.0366952319846376,1.149693057513578,11.241124671798925,0,train
7.087203932100916,2.3608412974053614,8.031544238219496,0,train
1.474773957827099,5.828530841106535,6.703922082887956,0,train
0.8945911659904939,2.6211786951825142,1.6836935358648815,0,train
9.560830433170219,8.470960292938841,4.112664670962684,1,train
3.0164813429028277,1.5005453240039381,5.102149214714966,0,train
10.31942381898375,5.098243183025599,3.374660101654797,1,train
5.749723147613372,8.983543471300766,9.08171575310726,1,train
7.128031077351432,2.1680623470959444,1.8537199581230361,0,train
3.4996242525296712,9.856749973535926,9.385465397390607,1,train
9.021631277140978,8.685428392205683,6.763352183179457,0,train
2.4588629955951142,7.0233588794946655,2.1148207542902115,0,train
10.342713801947268,5.630949903638954,3.6720757241656816,1,train
1.9722692867081975,8.459395011255442,7.612925466056014,0,train
5.020496602010266,9.465169299989551,5.048567600276032,1,train
6.148801697822965,7.013457508546527,3.0088308040381824,1,train
4.968691613500319,3.581323083957068,4.111085761900946,0,train
2.319044216879098,3.8674882463685143,8.809483596857888,0,train
3.3834922726741636,5.1013408147115955,5.3662968877675326,0,train
8.592939137839501,6.648736552924769,5.85337670242412,1,train
8.162735591617274,0.42646097723249266,4.486895320006556,0,train
6.82469181081744,8.860701000607785,5.306684490019551,1,train
5.388834614012044,0.019691789908619528,9.248159463131373,0,train
9.033216897856686,6.513767906127148,4.476088102793193,1,train
1.1425926948877831,3.5435056234720905,6.928383561654416,0,train
-0.13045536592394003,8.621999644830087,4.30699263442885,0,train
6.16436898816643,8.343636121764911,7.944913206804285,1,train
9.474747170225534,6.411490037951662,0.7565299909715641,1,train
9.577261904718704,6.214692779467659,1.6709882122251822,0,train
2.548044513347063,2.5115352172540213,8.346150981056962,0,train
6.479615158875555,4.587197694910315,9.461814424370095,1,train
5.268506846416828,1.9227258454999074,6.749975049849074,0,train
3.2497620564122442,4.043311469217141,2.1539036626244603,0,train
3.682511145152214,2.8429702340822582,8.143907378363455,0,train
2.624102816371768,6.297870162106815,3.932298539281557,1,train
8.436318795948523,5.104528038256555,5.633877663872243,1,train
3.9990466641371576,8.35529877248769,9.721037456962947,1,train
7.092597438083359,7.390621234595317,4.4597748502402474,1,train
8.337471654030374,4.236415154907883,3.5584619495175005,1,train
9.20286321897533,7.548759263522174,4.5547998208515965,1,train
8.244499374521387,4.944906383729737,5.495063129793566,1,train
4.619480896622189,9.172503287967746,5.44302057420972,1,train
7.401179117384432,1.1888463985787154,2.7895699960739115,0,train
4.910439546299524,2.0017292246956466,7.033397682804159,0,train
6.023858389584636,3.5400589359705554,8.027123399448712,1,train
0.3968603129522994,4.046497341992232,5.859580964022587,0,train
1.8889405525008929,3.8085354443671413,6.503430300122093,0,train
10.763315899357625,9.850433167596444,8.783741168073686,1,train
2.9211590541291286,5.11626829483582,1.614357260530383,0,train
2.5075671987964467,5.715254453581671,4.858304283803331,0,train
8.965146687756553,5.702123399203202,8.597775119459602,1,train
6.112510372776212,9.001162684158745,8.055420010568232,1,train
4.610667285027899,4.985889150402766,2.923658515865628,0,train
2.1240330715407083,6.358529683808783,4.820558302338952,0,train
6.48592908697713,3.7981013371274526,4.472700072847135,0,train
7.726758887471127,10.112279579696189,9.895987200585243,1,train
1.41448086730053,6.467150167843384,7.738556990262101,0,train
9.116770516440662,9.690382949769994,2.0231008385956213,1,train
3.6749648657598195,9.668524127982732,3.102670675614843,1,train
8.939838824873595,3.0276922227240197,7.599195735947514,1,train
4.87542148179778,9.555907586834643,8.604177514375131,0,train
6.413589260717019,5.525279792987123,4.693723110182917,1,train
5.659653910257727,4.105529304950644,9.694649744456738,1,train
0.12658905010076582,8.765977695029196,0.8205594827593963,0,train
6.711399920878206,5.7701881647139635,7.518251437862125,1,train
9.966039415115471,8.809236607859843,4.9074965937548365,1,train
6.012812354793089,5.257458731733495,4.885833152342583,1,train
5.631455654748481,4.852098064342779,6.380586471124599,1,train
4.368579305110839,9.07725698591413,9.792941983022878,1,train
7.580690481027424,8.214444687548541,6.523671062198902,1,train
10.410300060108767,3.5257707186430784,1.602498427904076,1,train
7.382457263022089,6.630716081676125,6.583957642715355,1,train
0.8799702073450758,3.360522513087555,3.283927553419579,0,train
8.367046191273994,7.61661693076111,5.123778519755023,1,train
8.671257519604465,3.963867806050556,4.694737330556496,1,train
8.98288366947992,11.035548563409355,1.613190803621676,1,train
6.217773886126081,8.633939972696494,4.257691546539672,0,train
7.928459054139066,5.4446466317107935,5.632616723785153,1,train
2.229264753127275,2.662514591873777,7.770021892715846,0,train
8.139901799332943,10.0650901278182,7.1852845850647675,1,train
4.072777224160652,5.493539190091329,10.08150156422433,1,train
6.312093226916496,4.984216732586098,4.280597775552939,1,train
7.575685813348009,4.447723159873633,2.9634043806877473,0,train
3.533247094281658,5.614446725622054,4.222823448048381,0,train
5.999333269552819,1.2288729400829463,9.322751021478016,1,train
8.388516930581321,10.928585805087737,8.125350727101369,1,train
7.012534297191016,4.035773979435638,8.843218090700066,1,train
8.44734762573367,7.949817121741803,9.79980459844081,1,train
5.370079762460187,2.245915873788487,3.160232861452722,0,test
4.6585790027820995,2.0815246003831285,6.465187108760755,1,test
5.480162678305183,7.358289482797819,3.630014541659957,1,test
8.247408095641775,3.0138581072151096,2.678907189677199,0,test
9.993568057840069,1.7267487307436855,6.827785282447049,1,test
8.240083618609365,9.748612058813618,1.7504596190256614,1,test
5.949379517056159,8.962264446418935,7.5006744094564635,1,test
8.30161352010852,2.890162910284141,7.480422518019281,1,test
9.435514343114328,5.36591259037689,2.6951780794089246,1,test
6.566411322633388,4.142965815091149,3.5180190734230705,0,test
3.9303181628285166,4.220667854481038,8.96325382733058,0,test
8.706621796997037,9.652048667253215,7.9884139711727515,1,test
1.827403619332102,8.432608542352364,2.768266282824672,0,test
5.303598605142722,2.7665889324679833,5.512479136702814,0,test
1.1208180685296016,4.678731007242771,5.251459311672084,0,test
8.707874842222568,0.45988688711972103,8.503648788607983,0,test
3.2901394226205163,4.629911869823326,6.388058992812869,0,test
3.268622818948697,6.418174250854604,4.317377489265741,0,test
7.167782834493799,3.1861275007301773,2.150217830898934,0,test
9.306438418185813,5.658094160017924,4.926871135505804,1,test
3.724123323894459,7.951358022873339,10.21344723503508,0,test
6.488085166509243,5.607233915268271,3.704862752587244,1,test
7.357281717520804,2.858316084316472,8.583668242979627,1,test
7.026411750509127,1.8931080339887072,2.2900290706086044,0,test
2.6063499944117576,9.021877449113298,6.702651390275518,1,test
8.194330956674218,0.12359321182569682,5.72490450810946,0,test
5.7921088221840735,10.097046340198924,4.8758737950526,1,test
1.9187723606291298,2.487403030605016,8.499690573790778,0,test
10.66479780851473,8.941413256351495,9.954286189840724,1,test
2.4199514303878233,10.459089105903596,4.3550196827935626,1,test
7.33352941907194,5.232572324233724,8.026503519762269,1,test
3.9447707934351515,9.52114970352474,7.930828097280309,1,test
10.669889862223924,8.190907391610494,7.35373677442594,1,test
1.3214245800845497,10.020235887753396,5.470259817500312,0,test
2.0391006224259023,3.1591593827271023,3.007114494644888,0,test
7.903049764920713,2.749698909077461,5.616175127294358,0,test
4.576251472538049,10.148007432237991,5.351070390343211,1,test
8.73502195222856,0.9775513350323379,7.107894413316321,0,test
9.29479936370133,5.716084334388905,2.778599377230402,0,test
2.338227658232703,5.103005098734999,-0.434709856336144,0,test
7.549919807220317,6.098959858064937,10.369024340168304,1,test
5.269151803569767,9.736000925159317,6.469124495351491,0,test
10.25121108730256,7.051485091739337,5.104888225885949,1,test
1.515027621626944,3.33342123737064,5.258405968931198,0,test
7.944457318699406,1.2671846760731231,8.514160219770561,1,test
4.5985126354334245,6.383789074985505,5.196428862474255,1,test
2.9343930776854075,5.661987983593205,4.253423592966052,0,test
8.644616625489377,-0.8644059123878789,3.336700993706894,0,test
9.32020889568584,3.500987418804879,2.039883910073349,1,test
6.336708899147172,8.021067185915914,2.9921333175842846,1,test
2.841106310566127,4.163669381064087,3.0844857374713657,0,test
8.416981528330286,9.61992293430742,5.923771277392338,1,test
2.238784428862236,7.573193244590984,3.9416197872018315,1,test
8.414860985180212,8.74194807850609,8.640670410305257,1,test
1.5935266102007783,6.919114822516281,2.8424163589819194,0,test
7.961321464312473,5.567511081367551,8.50340094905182,1,test
1.5868912362806726,4.712522412433996,9.983998042062051,0,test
3.67129164622924,5.335081484289383,7.739826104882774,0,test
2.383176057575109,6.6866970347418,9.057330762876447,1,test
6.574867674257706,2.7505059048313187,6.656750190664111,0,test
1.5459524315613895,7.134899570680939,6.066595115717139,0,test
2.804862728316413,7.939848815134967,1.288008015932827,0,test
8.044897736121706,6.818685079381529,8.755884207913299,1,test
2.070332429916768,4.407383644390554,3.340102970040636,0,test
7.985481450231565,1.666463059448377,7.437588861608836,1,test
2.980484696006382,3.4431272836420637,5.472897663784196,0,test
4.116083507155699,8.310018038287788,1.8475449911562714,0,test
10.640834492807699,6.218294215886467,7.42072018991614,1,test
3.2246896139008787,6.849200368418158,10.79716888754388,0,test
9.4216804281966,6.983950043059745,3.2392804682721557,1,test
2.795182768180817,1.6703544464910343,7.927439663943792,0,test
5.192509507338539,7.800665289005996,0.6894787151511652,1,test
8.129053356988923,2.9707322428498566,8.81762775571803,1,test
2.880060092175388,8.636807712875752,1.8119273436959031,0,test
5.6920383274999775,1.929122980828542,3.3228511367190716,0,test
3.862590320891024,4.848967896696543,9.064002435152487,1,test
5.709786884775875,3.5225343283901633,9.495069440701315,0,test
8.405174712157827,6.430004623147566,5.866327745918292,1,test
7.78855053487857,4.090270049206403,1.4491882186945606,0,test
4.8818342992303005,6.6950573426371545,2.0459475971490404,1,test
2.761225940219908,4.399636125400704,10.973586591282197,0,test
1.1138298510287155,6.806719960600322,8.706511678195715,0,test
3.7852944097059247,6.606231900785244,7.643711437054598,1,test
7.222189134562997,9.370537955947718,5.707740240465046,1,test
5.0876617910625415,5.707414393667582,2.499111710317493,0,test
1.062240740024237,5.62914950907066,8.814584321499746,0,test
2.998854881113425,4.883279039812474,4.372367035169967,0,test
6.649562498219819,2.906041066932316,8.711012865257675,0,test
4.38041756496449,4.5381140028544085,7.351925032759631,0,test
5.451311461432315,8.734646738795075,0.07461219018502674,1,test
5.477999568947728,6.8779716810600355,5.927128956221872,0,test
10.189887348900198,1.215953431321696,2.4815086501948915,0,test
3.443887247451459,9.288702493939315,3.1931685015165128,1,test
3.026796867606004,2.4658223983856695,3.073677077118614,0,test
3.972454036061582,3.530711117695414,8.411230331159194,0,test
6.476463077277675,9.489560191478295,10.204425806554209,1,test
2.6890380562748444,8.748193425787855,5.134817527089986,0,test
5.113898938020068,5.0760404079064285,3.985916912214682,1,test
3.264424526660193,2.127214406432614,8.335451426669973,0,test
5.029601177241812,5.047309911419554,9.27332179538602,0,test
4.328927087167793,8.399926232148234,1.7132279489893252,1,test
4.9947200656981785,8.059916770254505,7.733158612997933,1,test
3.413526779790694,2.7047891782660454,7.014626109095482,0,test
3.431957548412625,9.010140807814023,6.3131481595028935,1,test
3.700779269039696,2.769632258858123,6.631277743321213,0,test
3.8935247449826424,1.6819415858881963,9.435113354789337,0,test
3.723500847642823,8.834516557948021,6.113529487855775,1,test
1.49103906785847,4.360803733359566,2.643744086809615,0,test
8.323049073804242,6.5546630867004545,8.959655864619247,1,test
3.0343202656029824,5.963334881461127,5.300054576916526,0,test
7.3364556536215275,5.6313220831739015,2.6040458391216235,1,test
1.528324434642895,7.340756146680801,2.0790518966486964,0,test
9.631268549139063,1.4243737866094914,1.4574463458804496,0,test
8.297726701307772,7.311783141114905,-0.009658136177230103,1,test
5.572920804374047,6.553286511175032,6.40937946185567,0,test
5.446381946153301,5.094127227816891,9.200466307840568,1,test
9.901432300004174,6.361473314473284,5.367455174463066,1,test
3.650782120930804,5.450651575613272,4.009775004657313,0,test
9.41197119213736,8.767915040879812,10.148866487256356,1,test
3.971263410151474,0.06576320363417931,1.1819670311163353,0,test
0.8649053324122463,2.2652007122906115,7.190256969269853,0,test
8.97346561187933,6.862615522593584,8.312491533166043,1,test
9.86953046671433,2.375335029919202,5.7603116131210195,0,test
3.2015099628683257,6.070937958962918,8.746748781223857,0,test
5.161437457574101,7.554837124146309,2.039653923240098,1,test
2.1852419859135597,8.056202454769437,0.5519700046492488,0,test
4.327767573462046,6.268373867943998,3.391364239598797,0,test
6.738049292829738,4.286153698101224,4.1506459756790965,1,test
6.28898451180606,4.955977865004662,3.5365290462929373,0,test
5.303397885792632,3.2975080571793756,3.4965332162054046,0,test
9.05346137532955,11.007336294175177,3.289440791502942,0,test
7.577508413966823,0.45973641369108265,10.065700683512183,0,test
6.986331085423177,2.705784884615594,3.1784440401415113,1,test
9.24386622055399,9.326867860893724,6.662379766123241,1,test
2.6024514934803205,1.9348146122451777,6.274444241429759,0,test
4.036735303557491,0.351006198519181,4.255185243073578,0,test
3.6797411906252466,1.4058230429599476,5.131867777182105,0,test
2.564923754167267,5.3165659433946635,3.531518738326681,1,test
4.380552654569678,0.5635452140747033,5.549836748435123,1,test
5.911256354622306,0.23457821877484175,7.716055282664911,0,test
11.2341134805956,3.8294173380463232,3.6552341119275766,1,test
7.569574221858205,5.145573488288013,2.397914643109391,1,test
3.413400328964313,2.0459268183606953,5.470018411821135,0,test
3.8302747558365673,1.3829467266099313,4.3313109291383665,0,test
4.2759667631876015,3.6954868065908673,5.210656237555998,0,test
4.107566855927237,5.574559976688558,5.905853654988846,1,test
8.897644250601328,4.731171560914651,3.3143098126141166,1,test
3.177832681970393,1.69313499008996,8.061212399147871,0,test
4.291811330082487,11.202299441418448,6.016414249629718,1,test
6.654713380112844,8.877332039762814,9.363936293407622,1,test
6.95822012815148,2.4195307954509655,3.9745758819015116,0,test
4.965877835948004,1.605739045783102,5.396336938705839,0,test
2.9396136124692815,5.892523738698204,2.3517132504971467,0,test
3.066524147399754,4.41777252331399,5.347897510890778,0,test
9.185941298603414,8.007972815354794,2.7263116283403224,1,test
9.32714012032928,4.436203854830828,5.2318382393621015,1,test
5.737519148892112,6.5779336212367525,6.57164808608528,1,test
11.23657510456549,7.027878001858069,4.244445280684635,0,test
6.192391715159986,8.906800019390687,9.438636317241244,1,test
7.17660455419651,7.745001507944947,2.7826979587574634,1,test
2.6790710668181106,8.957312325932316,4.992085905631409,1,test
4.1369852624483965,3.8050522756196967,8.047143641585272,0,test
2.552643514766036,8.470335984837126,1.6137501076399625,1,test
7.496802732271975,8.886239941114622,1.9177419739834654,1,test
7.970372781378494,9.2203886558216,4.548118124149116,1,test
5.932224671771234,6.150873184184864,3.626005765625254,1,test
0.7974114997214514,2.8438043803363846,2.000506120548132,0,test
2.6392398235856973,2.03708764179328,8.191040912750116,0,test
8.468931554458845,10.07227569968348,2.0241331685137665,1,test
5.662440347786048,8.455530094909726,2.7547952101359012,0,test
6.6199261882688045,2.775272297376673,9.336690045174116,1,test
4.19925659063347,3.2464232677716716,8.988008892812895,0,test
1.3904193924035795,3.251233912134593,4.459338129128837,0,test
10.008583781618999,3.4547032308357095,7.043078561197177,1,test
2.173093741395655,6.245227640196704,0.9542101091282699,1,test
5.1663854537942075,3.3076556329300804,3.434535286202227,0,test
7.405330667957886,9.2880836686378,10.035518092188003,1,test
1.9433424697128505,5.240536485924361,1.2103852879625112,0,test
8.754409846119973,2.5113227607222237,9.234408225661006,1,test
1.4473656319162571,4.110985228661239,4.58153206725164,0,test
1.63538584534402,4.704881605073898,1.9607286998346134,0,test
7.936218530857955,3.787480168466155,8.23373615051245,1,test
6.636751075252544,3.285836447689878,9.529403369007856,1,test
8.56883262605532,3.7224450102774096,3.9863683176652467,1,test
1.2732795721363517,4.277496495668845,6.583701169534597,0,test
1.5691546138817087,8.292894351532514,7.825228585192332,0,test
1.7470535052921516,0.6694858709473676,6.108782151017021,0,test
9.031992354901725,8.826312144011004,4.072015208326384,1,test
2.368767445297088,1.9840571498106012,7.022967635602733,0,test
3.8450490224925646,4.174016575106156,1.4936870191486395,0,test
6.822813055618919,8.826223449897794,6.244309007799446,1,test
7.474580149577275,6.01311980453114,0.8147016940328593,1,test
8.118814341012573,5.899194556721741,8.22066305093976,1,test
4.040377326922432,5.902161838185736,9.638622100337862,0,test
4.362115085801306,7.583102834415845,6.693130039245046,1,test
3.634518063142123,8.507978681291162,0.9571470957761572,1,test
-0.13418675383454715,3.514986861971404,3.219700616504884,1,test
8.592185154848119,6.688154684752993,4.741522355585166,1,test
6.745337113879559,7.55995024241055,7.714220558527966,0,test
8.220916086039495,8.649130071446377,6.960759252404736,1,test
4.9844865931988025,4.0843804455133945,6.032161379182279,0,test
4.818263314663172,2.2768216898716553,7.025699707858632,0,test
6.996323894751759,3.1584242120236428,4.14956239358006,0,test
3.0805232872276513,1.8862918113600404,6.850436423957619,1,test
1.25240740797165,8.131396497835606,6.863753172968263,0,test
4.025303736932783,4.578437387199708,9.63470749342736,0,test
4.438743773252536,10.386755872265121,6.48637945963966,1,test
5.160839752572613,6.255902545525566,6.482778654594101,1,test
9.183632593918796,8.41636283769169,7.603646286945736,1,test
7.175933876146806,8.781542704409171,5.428808391546333,1,test
6.891259212318945,2.505708711119131,3.703776942379994,1,test
10.093439558431102,7.077836394966422,2.6008001740120377,1,test
9.76424499619049,3.6243824275073933,3.664093054631407,1,test
9.21956049897837,3.84397374859745,5.493421825454379,1,test
5.575737244589023,5.916988519710848,6.970612531268363,1,test
5.137879715109463,1.8274630777503837,7.102470796750151,0,test
4.586529656004987,7.59197298814794,4.853381480444272,0,test
8.04340773394248,3.8973462409541457,8.567087851198057,1,test
1.4630218730275433,3.293544883367178,9.218059544740926,0,test
3.7073195661902276,1.9308390020041344,1.086527865694926,0,test
3.3104060704732796,9.883458935241688,5.380787339403537,1,test
6.315630363891112,8.816817805827087,5.6905260439903245,0,test
8.245699848074057,5.611151473039409,4.560853335630372,1,test
5.878340977162631,8.268830583615205,4.299319995696491,1,test
1.9223584105463252,8.252412996205022,3.9649089975296787,1,test
2.8831984079533854,4.145520681740651,7.5167053908989105,0,test
8.304596915796106,3.896993467093019,7.2322746418749935,0,test
4.341901583127954,3.260050261418979,5.297580890537572,0,test
6.726412497845908,4.53130105443496,6.156099724667271,0,test
4.4523082966296865,5.53297490179706,9.932469361262394,1,test
-0.018591481251427844,2.37733143448873,3.395705964782043,1,test
6.284354839830479,7.865062358668278,7.451456169971348,1,test
7.098722469447598,5.3635059498211355,8.957190686920331,1,test
5.489892486345733,3.8704545676340216,2.834428950590899,0,test
2.500787032002608,9.40248383864049,6.556914279095899,0,test
5.761010265133661,7.574489656059063,7.508859898953055,1,test
4.12062445715219,2.721590577478599,10.005388611745609,0,test
5.11255000090075,6.021879608511789,6.697708016739309,0,test
4.601817510567746,7.754187036388989,9.525899327788059,1,test
3.0791248614735034,2.152260614124817,4.483491430429181,0,test
3.0896849532247055,1.1661718438977007,4.0863685906121,0,test
5.204453873946662,5.101092342352634,8.923012507035542,1,test
3.9855496307772236,8.598286269063042,8.2930392705842,1,test
7.815942942830766,1.6709547231842286,3.243761727988676,0,test
4.49189967987568,3.9561283182673703,4.907949836808841,0,test
5.728852287756469,1.613139027601131,7.009941465555593,0,test
6.725982112299506,7.123592826264142,3.7750763703800203,1,test
3.7302926478330383,5.944297118936585,6.521841596998591,0,test
0.6324349980775665,5.8749823882820715,4.833282063796309,0,test
9.616277620090983,6.434441104723642,4.131036502467126,1,test
6.797440997847578,7.737966674397799,9.40974322779071,0,test
2.065910814175241,4.113049667037153,6.075454513853875,0,test
7.938280129672511,3.2648368839857,8.165381994350131,1,test
4.045592463734109,7.386548165135391,4.761100427421237,0,test
3.9483072229829346,6.040032618169552,2.8855660535728136,1,test
5.7239949666793875,6.861737327887103,3.7383202929702857,1,test
6.450103506540425,5.287374005317452,4.972700327242583,1,test
7.76093716024864,9.15715705720421,7.953238672035894,1,test
5.954867473758789,7.137684208783886,7.66802129209578,1,test
5.187183251753169,3.019473146451353,1.708879801790062,0,test
4.724860823846236,5.375692496877164,2.678952923832686,0,test
7.670514601251269,5.129414918983245,8.215363789079433,0,test
2.0073147613500324,5.479275035457116,7.254599884972305,0,test
5.017171707616234,7.921714139152118,8.743191441161667,1,test
6.317650089556812,5.136809971008897,7.011515069221391,1,test
3.4708261176840827,8.364556070551098,6.9325290157418005,1,test
6.492261889394067,3.565352183611172,9.563373422948262,1,test
0.7955350079484089,2.4418171174047885,7.396566075701347,0,test
6.830009954248281,6.514141721905104,0.7132014225051087,1,test
6.364986318226969,4.281454500447574,6.062018254111344,1,test
7.715371480867647,4.887979261154681,10.509059353690526,1,test
5.882964800484695,5.918254416933778,9.570298369085625,1,test
2.0513224073052854,7.130590469434675,3.6188809831537556,0,test
1.7319311502718486,9.590511743418652,1.399475290486023,0,test
1.3367889129139718,5.585064546134552,8.099044065655775,0,test
3.6985928321033703,0.45111441132794505,6.5336341577506305,1,test
7.778491376836182,2.0790655519713965,1.70659187202099,1,test
6.300705246064492,6.8638625558205755,4.900084364364111,1,test
11.05673284332428,9.098955633501625,9.574420213639941,0,test
5.559217728623711,8.62603218952405,7.916551016773324,1,test
9.374311295213552,9.748326762673827,4.857227387839014,1,test
9.6566258945034,7.896403026687944,10.298511266587223,1,test
4.297990938867952,3.584521907233646,7.09891015176322,1,test
2.6619670579774177,9.245400549208176,0.9127770819254681,0,test
7.399994968185189,6.760514254632267,2.821441689381678,1,test
6.266678925650928,1.7534574525273523,1.8330822359271388,0,test
1.8811516200462313,0.9503674161997258,7.131040201192867,0,test
5.020093627493633,8.609362148507186,-0.19998316470475497,1,test
1.423550972079347,10.84541709114201,6.757110430730365,0,test
8.440171306275108,5.577542687446394,8.576776786875207,1,test
4.385667703463227,6.7664589680648115,3.3746946315288837,0,test
9.23048114590984,3.0275311320895057,6.714674673633709,0,test
4.221052025711332,7.3465508665280606,8.237293917325596,1,test
9.74424169582121,7.438147906259655,5.248992931278559,0,test
6.874395510828488,8.204333727714161,4.566652399128106,0,test
2.280533486256384,4.046943742809082,6.252065877445528,0,test
3.4880327527629387,8.86240330214261,3.680139398374454,1,test
4.903701302660797,6.370845693347677,6.678914757327731,1,test
1.9100763447897242,3.719037812427836,5.0465144862382,1,test
5.302063738301333,8.416523677259539,5.527078429569149,0,test
3.2137206748490845,7.789972320656958,1.6911174741116612,1,test
3.977706820904838,7.105170676239657,2.3001413699903264,0,test
1.5615161370103965,5.511435283182287,3.7643018670181707,0,test
3.8019855595934535,3.5774869645638208,6.89268766571409,1,test
7.283773416377536,0.7576120084684665,4.600329379724627,0,test
5.262418043804941,7.783366277927946,4.191676007103409,1,test
6.174412303747919,8.373603537888574,1.9740284687162144,1,test
7.770631719732596,5.194332744424144,9.29513910791966,1,test
0.34283008704324125,3.515552495864312,4.381495658885239,0,test
9.380918500744059,5.719417949443818,4.073730331233851,1,test
2.3658045721468746,2.7236284392136922,2.1121216907148344,0,test
5.0871518238801245,10.687808094583147,6.106827463458594,0,test
3.7855189578258415,9.134348917643381,2.8251903728363668,0,test
7.875594418206216,2.72283215842029,6.970356600463802,0,test
2.478328178001482,2.299125801383626,0.477857943702095,1,test
3.073532042420518,3.4599993734779,2.2475814086682298,0,test
7.371024086026464,6.736637094275426,3.0719143378977525,1,test
8.536967331711432,3.134368539529105,10.233269685156397,0,test
3.4722756026301593,4.322283169210093,0.02111163396007054,0,test
8.478551674461642,8.2995118693942,8.99672835274466,1,test
3.1331780877600757,3.4220095652133478,5.0391700382384155,0,test
4.669569866899019,3.855940746574949,7.9437011523871695,0,test
8.506638837831677,4.0308614801193805,3.536827123373854,1,test
2.7345083902697294,3.488362849387796,7.714930852646271,0,test
7.298029799403462,4.065315898205803,7.526755502044813,1,test
7.274191513516739,5.884271685840144,5.147799845687787,1,test
4.336011565800209,4.903829722134111,11.134034310748604,1,test
7.598692523419514,7.839083411394695,2.215203558233768,1,test
4.659441428479543,8.444512590374906,6.155943856182251,1,test
1.641415464406565,7.651356177667197,8.61935180463587,0,test
5.50319128162028,1.7332270117958979,2.0815643555449355,0,test
1.969624786985681,0.8784309854352415,1.116128414820012,0,test
5.623012179743442,8.795956451154789,8.794709080739795,1,test
0.5286149221206554,5.9045287940005435,2.8831869255787965,0,test
5.631137662339246,5.624879036560025,-0.7796352874407764,0,test
3.3557221436807425,3.540101872502717,3.618457536029773,0,test
1.3268876853438527,3.720814568191633,6.141493565742826,0,test
2.7546246104543304,0.18259211433969824,5.5879572792869805,0,test
5.72581683155521,5.451321799571509,9.313214792702176,0,test
4.0981783553128475,2.9246997178276866,3.333932477118317,0,test
6.40558849328592,4.365857198912251,4.6475505700968665,1,test
10.546294896868488,5.86515233490452,1.0861799804543815,1,test
2.085731456614365,3.21243562803478,5.018340284929785,0,test
4.56306852871466,3.803314096113568,8.284362641408585,0,test
5.500995939681284,5.0476671825013275,6.151186374102875,1,test
10.908756636491443,2.350143428871399,3.283942298551683,0,test
4.9238522736956245,4.553019330648766,10.705742060198212,0,test
9.365549090554298,4.668675039478789,2.2970824140823534,1,test
5.751905675316295,5.604092015371412,3.1382430573176325,0,test
8.213157394472525,1.4776226870489353,6.944174545477125,0,test
1.610650480789236,2.2912795085606463,5.770116396994134,0,test
1.4681444306820493,4.443216751512777,1.7468728573328014,1,test
4.008429601311521,5.64248180187734,3.0265106503071406,0,test
7.093428553912884,3.4842900112554944,2.6896627926499628,0,test
4.109876443011935,9.33248553645055,3.6135566350336754,1,test
8.625346586735825,6.570777340039046,1.7223042299768792,0,test
5.469987650700672,9.696253574589852,6.88814800811928,1,test
6.469054334207158,7.608173377598889,4.499023940668528,1,test
2.6763555044176477,6.635565062392723,6.750673587352626,1,test
6.860368925696259,4.061973976591802,4.237033286444706,1,test
4.371887433590151,8.82313202709673,2.106129867232151,1,test
6.058008484021852,5.447994610305184,7.697190602429664,1,test
6.6840317499093755,9.014110320534588,10.436088164753574,1,test
6.565377607214125,8.62448820547526,9.97467917033539,1,test
5.587505608591485,4.948071278982524,6.738241315944732,1,test
6.2777945527756085,4.35039674961154,9.36419933086275,1,test
1.4925387999283068,7.863088664773404,8.589253330836476,0,test
7.814287797454512,5.819730038408699,7.676641543163022,1,test
8.961632588935013,6.83267266874272,7.5123286107259055,1,test
5.748836755403997,4.542867514228805,6.595402808108603,0,test
5.060862085886825,5.9030071398056805,4.960119582976841,1,test
5.814131787640332,3.3616006250677644,4.657910571569992,1,test
6.357883920418722,6.113353669406761,4.1082049612873295,0,test
8.780935669379375,3.6633679715211245,9.333440259965286,1,test
7.593899942154425,9.464825364803533,9.588846870171873,1,test
3.0080588471117666,9.520714099843351,8.424537106489558,0,test
3.4692134269293557,5.33432221083996,3.467139029524487,1,test
1.7429421854046319,9.768854575433078,6.2695338659390645,0,test
0.9914573098719244,-1.0130179599403024,6.781280802908163,0,test
4.111363801016225,5.790718970654221,1.603055717185803,0,test
4.188205198682472,7.130215751155054,3.7842308984336355,0,test
8.823442180948913,6.325357993103495,1.524673691319808,1,test
5.8471661695150505,8.233972263185802,3.22754722967428,1,test
3.608613324511586,3.102735558242571,0.651272175403557,1,test
4.912071953167564,8.101778982805913,0.8809794026996728,1,test
2.662474493983993,3.424164393331497,6.068129307331746,0,test
2.949251972071776,7.240968397672885,1.9949570112556745,0,test
7.123903785446079,8.912205080878891,1.9064037473269777,1,test
6.737643179591543,1.567135639329189,4.26629611275047,0,test
3.699323927006965,3.566584886704416,7.929691514352334,1,test
4.049536916468605,7.727997669685963,4.087259143830645,0,test
5.695297619175284,3.4498688396803843,6.060688605842071,1,test
6.985069446406923,3.5065254072169285,1.295392309798646,0,test
7.537351827136713,7.817845238247488,5.839274931567695,1,test
8.134446180704984,3.6066380028964167,7.246199249284241,1,test
8.417867611423212,4.790418596151815,8.467865276875779,1,test
2.109066787404479,8.012879636279544,2.8710440108384505,0,test
1.3086088033381165,8.936082466736059,8.806655460860934,0,test
8.828663655544403,8.836238278527713,1.7141693607505073,1,test
0.7489512000779627,7.961958343934882,1.752842938356757,1,test
3.218177580307828,5.33891863721129,9.410139853088538,0,test
3.184235740236484,2.0995289291480512,10.674821052022233,0,test
2.153724085615734,3.1194208813179385,2.6194127877688973,1,test
7.3545996699288425,8.087669292254061,5.450209910521137,1,test
4.068848354052423,4.191937776229888,3.303071622027927,0,test
0.45688797767890466,4.3849638353743705,4.312334958659217,0,test
6.953935689587041,6.645516725699846,1.771405654604948,1,test
5.162399283539886,7.919594970599628,2.6627932707247197,0,test
1.0735491590516306,5.004143368136942,6.761682604987865,0,test
2.35437424666623,5.498440697719785,3.4167076023767993,0,test
7.0799552142249,6.741516487858217,4.362964095045673,1,test
-0.5759732497687282,8.494140567583532,2.9205005168709817,0,test
7.416798579665947,6.913143382563261,7.29768183776886,1,test
9.218218102848805,4.298299327528272,8.938858835751628,1,test
5.971236510421543,5.322452804116045,3.070864284830202,1,test
8.507138539252088,8.349843720478917,1.5835351970017455,0,test
5.257562572909833,5.052167906815843,6.028135925433245,0,test
8.139222291919847,8.930063623269334,1.0030075421438185,1,test
8.747902736193598,9.341519839336183,3.8306091022277595,1,test
7.043986877054993,8.714110483435954,3.91728543293188,1,test
5.725658164071003,8.67159075013563,7.220473427851922,1,test
1.934919505363399,7.059333615912264,2.215396152926216,0,test
3.6717070321263314,5.475403421673478,2.997836410601896,0,test
6.583308956694014,4.01877502106543,2.4399152274827594,0,test
9.161392351659844,1.8298440973665364,8.186568347553203,0,test
7.01849000542332,5.494720892158799,3.2539152105177074,1,test
6.454790690047089,5.993425668447343,3.925038547185418,1,test
7.371565477506911,6.660633683194759,0.8611359843075137,1,test
6.936334959758776,7.033578568948108,3.0286983987349894,1,test
8.274488596988979,6.381471085521012,6.499481200388778,0,test
1.9537745656502565,7.0217836837408845,4.686827100527149,1,test
6.440694013420207,10.110112663260248,8.822705588058835,1,test
2.0581408001168926,1.9610401083200577,1.163417885708681,0,test
9.998171691931107,2.4352151593579308,1.9446923483023228,0,test
8.754833050273074,3.6446473259368384,5.64617405304165,1,test
1.7861396683778579,9.412310637652219,8.603853069039417,1,test
5.876995090719646,2.544350067979871,3.6208167837177787,0,test
6.960396019996326,1.7206040517560066,2.3897526500199384,0,test
5.817777806858151,2.434626235164321,8.506513572997877,0,test
8.545103703278187,3.881452595335219,4.61198406294315,1,test
10.293479889943184,9.882513384761136,6.057682415323257,1,test
3.335402810632675,5.1016631525987135,7.135507883386457,0,test
6.70391627530109,5.738994911191896,5.700466503726158,1,test
6.679767458454035,8.49825093494477,3.6557739677660317,0,test
3.540849259712673,7.962839142991717,8.98783488818119,1,test
1.5172248731542286,7.9738149017808,8.437965337107526,0,test
8.598953991410646,0.577162336456672,9.833833648031995,0,test
6.366104262908705,6.64437979807747,1.1739927020346288,1,test
1.0033592694868072,8.262611380440465,3.0519294496278127,0,test
7.467715834891236,8.253886199505542,8.100554520341705,1,test
7.375458107408488,7.670746208248749,1.8818046408597326,0,test
2.6728290256324625,5.054759504246626,9.09657414314909,0,test
5.242213073080111,5.29657590865172,2.415797273038527,0,test
3.921717692905564,5.306844021087672,5.108962794087031,1,test
1.0337678622756776,5.010480948483745,7.215160363675387,0,test
9.50896733153953,4.35886040210331,1.7371936211673782,1,test
2.5199046070254956,5.67506524788721,4.923003251356567,0,test
7.743557264015789,2.939313630412453,6.157508434331512,0,test
5.838758379386499,1.6150967477367015,8.904143401191792,0,test
6.878235060086187,6.016430799144178,5.440408580270912,1,test
9.355365350222431,4.259064881780316,4.030454052111387,1,test
3.7520109456621875,3.2335397012039286,9.683851343452453,0,test
8.948354235719282,6.703351845821019,2.4254680298416234,1,test
7.159370094042554,6.8795273959283385,5.100797869610144,1,test
2.6771420026457893,8.793950512784859,9.171046305938605,0,test
8.13723365502853,1.0387530636461932,2.077597629222393,0,test
6.542824043709937,9.122703150195175,1.3323544520093333,1,test
3.139030012431204,7.3205218103049905,3.877333720661123,0,test
2.9419422127642303,1.4927504383272578,4.925034596085487,0,test
3.3491870668974606,4.397890624434268,-0.2177547804811335,0,test
2.632663337253871,4.058835135832214,5.847959744541027,1,test
9.979387176832939,4.07749255077016,7.247473822827066,1,test
10.326727225365719,2.6730919451223754,8.388972214640875,1,test
4.671111512858527,9.486663950094881,3.6542631596877424,1,test
1.05267582330961,8.667581979341309,9.1046989996954,0,test
7.9072053748459545,3.387385524825334,6.847416210278463,0,test
5.990168542290284,5.6536383277403335,8.944831097198083,0,test
9.561166847340074,9.600230759967006,4.5193035178992425,1,test
9.20376572246187,3.4235839900382743,6.353733159423867,1,test
0.931709210193542,7.978981487457134,8.510024755940162,0,test
3.1952707461741414,-0.4272634247926512,10.115857086715549,0,test
6.535462382416682,5.313330132947432,8.277996986373065,1,test
4.464162649696532,7.496829649823809,5.5122423081303715,1,test
5.072112353060743,6.835437250497762,2.1961449437469835,1,test
3.6263843240417817,8.126423237317091,1.8583269361533217,1,test
4.059777251486922,6.997672139691192,5.778977973036104,1,test
7.5881215810965355,7.1641494402361205,6.498600434274777,1,test
4.0799192351292,8.022073453190746,9.633708209863075,1,test
6.820529019177308,10.681382546902386,3.4963359057399903,0,test
10.379614721313526,2.2022384588727943,9.462722198058188,1,test
4.025409106199197,5.624518301684444,2.5784916131672615,0,test
6.557344992746521,2.1952792829342833,2.115717773336712,0,test
10.253274137201727,2.6173159670266726,6.053222250723864,1,test
5.679023012559224,1.5474970131609787,4.052039779615272,0,test
5.464327043833976,10.113565405216582,5.896010264763319,1,test
2.3825552754224386,9.039800967680536,7.247832165229988,1,test
3.1663584641358393,3.704404586875232,3.664239242779388,0,test
3.649158930890581,7.95684177352074,3.5051544709387032,1,test
8.07442779707397,4.019088999377232,6.880836289778952,1,test
8.955578985776024,3.897218636763247,1.5316915011885932,0,test
9.62383930265162,5.137007083805642,3.7729529262796326,1,test
9.227759600223697,7.423576341071483,3.4681406570556823,0,test
9.750090431547012,6.069085725070688,2.24480838463199,1,test
3.7011534023608417,7.012898677755004,5.320650247958021,1,test
5.606217728303761,2.0776396394767715,5.220346951138693,0,test
1.820446609622455,4.980560199856666,5.934286777648254,0,test
10.579399450594707,5.946025459405829,9.373735603845704,1,test
4.843473782795661,5.671335981197176,6.9649084046578,0,test
9.06109241958901,8.700594357591793,8.72462969408069,1,test
8.376214088940483,1.6144991027815705,8.799526341817074,0,test
8.783006996609036,9.98084312218461,6.539567181954034,1,test
8.57360689060235,2.241779793965838,0.31808659064597555,0,test
3.9483353101179746,1.8513588493344288,8.188203984854578,0,test
9.607079074492024,9.031677609191943,1.937299977344215,1,test
9.916712141351656,8.145322071173126,4.778404621603983,1,test
2.6603498306637947,6.220325220276633,7.9559000107922,0,test
5.366477348344963,4.05115780347074,6.340426311279509,0,test
2.4086686240970585,5.2158479655043415,10.181628199706903,0,test
3.208966398179511,2.581997971928002,8.263396645760553,0,test
10.945463909741429,5.393593891096074,3.675881572664265,1,test
1.1442256197840295,3.511483825331339,2.0589124352870063,0,test
7.8916797978782816,8.368563656694732,6.473595461909297,1,test
7.757452898002481,7.437344643247116,7.866506946233076,0,test
1.7972395850109761,6.683905584936373,10.247388165336899,0,test
1.521081381744226,6.454972865504067,5.422097450416401,0,test
9.456657474819147,1.4238106472002774,4.2139157591591525,0,test
9.791882653511738,7.437608946600221,10.277007261838842,1,test
2.4150011370773194,5.288416180372014,2.5683289025428806,0,test
2.656123091542634,2.9080330732548596,3.8866462704327507,0,test
4.130705166536552,7.941775508691912,1.6844824380177428,0,test
9.056441572716666,3.395381544957485,8.112308822740456,1,test
2.234838971085526,4.022240591818558,8.992750691854932,0,test
7.998505041939948,1.783750264289852,4.534490315805325,0,test
4.524065789077007,8.391117394925912,8.899127108814984,1,test
9.4955496383768,7.524593726626621,7.168009508406988,1,test
1.3201153647733976,5.0717053949143525,4.071631315771055,0,test
3.5426118172945156,5.728765784026358,3.6128447269510966,1,test
3.5629031194902914,7.153895263168236,1.3591695746051384,0,test
5.885524791518594,7.368849436415278,8.511455823101413,1,test
8.804619391671991,6.2374497616921065,6.031934142388679,1,test
7.945057979305362,2.7775121581865534,5.595313796804939,0,test
9.692857514943638,5.568396808676936,9.454182420253737,1,test
6.991238303994083,8.388169366199103,8.570822129398731,1,test
4.720641143126292,2.425469736021439,5.125610871751058,0,test
6.107481614426003,7.158799709416586,7.922953915723096,1,test
2.6551509425274684,7.806620464925514,7.359343397411674,1,test
6.491147606385683,7.847965977772658,5.103293073073125,0,test
10.373967737882998,4.281021485821079,6.053791035371568,1,test
9.714368000679766,3.261610647487974,3.776287873374497,0,test
8.363084545461573,3.5297921624114763,9.619560280980913,1,test
2.7899164632660325,1.6424322625664831,4.695307407790308,0,test
2.750724300672183,2.0848876960246403,5.704208010827706,0,test
7.101893497400405,3.405612358823119,2.8207843204121557,0,test
4.276106361235292,7.340729799901106,2.07299729925081,1,test
7.411841812921898,2.06206331218029,9.52100549185066,0,test
0.8302463374008424,7.965058784181555,7.674740318479722,0,test
9.326787112241616,2.5777004713101603,4.875462534223374,0,test
7.219748215394634,7.1777501281077445,9.687138562286442,1,test
2.6804357927505,10.06674543734739,6.877502036667934,1,test
1.7447318917924302,2.5845885948642717,9.127272343474399,0,test
11.020113899553014,1.0742058588045524,4.99721136769914,0,test
1.9483103552346503,2.5849526456024243,3.6643665606457896,0,test
1.7512310108534304,7.18786148307171,2.27052116394768,0,test
9.18152065475211,5.087640399957028,8.351691020082816,1,test
9.51495928818285,4.877327082261123,-0.060950147881883465,1,test
8.907412831541986,2.7979749415259514,1.0024497316874221,0,test
8.296971174326323,2.2832800495390395,7.023114294630494,0,test
1.7753452470765878,6.285648589918663,8.218658035395155,0,test
9.507272353883492,1.133883366629387,2.7620446457269274,0,test
3.647173196743141,1.8039384969620844,4.524857979195261,0,test
5.459246668865878,6.086634464184299,4.538887987745039,1,test
5.202428210152035,2.661468514158565,3.782508238239632,0,test
6.96756049489796,6.487799531873323,1.6808441923456514,1,test
6.90806068401434,9.615799835126174,8.871401236433572,1,test
1.893568483372457,5.844395359994677,7.766079805855847,0,test
10.018464226837047,0.8996490704731965,4.7639320360558965,1,test
7.9843853201803165,1.0536053639209715,11.0328023635183,0,test
4.2087982905752765,2.5267505312652654,6.4750775983633115,0,test
6.632936349943263,3.5394807423954755,4.385862019076628,1,test
9.388349862426411,3.854450697606523,6.685326327173317,1,test
2.1012884790531254,3.391376921009758,4.242769654182115,0,test
2.7134417848696994,4.852042784522706,6.366331478952935,1,test
1.421268251043032,5.139094725401145,3.582189924682731,0,test
9.068605554462609,10.596693199805514,8.893680191398222,1,test
9.582325128607035,4.294599998576238,6.88256887277722,1,test
7.728341754393373,7.4508962312685405,9.323076673204984,1,test
8.453447769842201,8.38853810852159,7.932146144474473,1,test
4.373281134007259,7.651532960544759,10.414242074260445,1,test
4.409915399463813,6.7771070622735925,1.3281522695336174,0,test
5.502011622933308,6.123299030692458,3.7224081289767113,0,test
4.291436587624837,1.8456676119049553,4.376587198538999,0,test
10.015466654728494,-0.3275176591665421,2.918882875990105,1,test
3.6995246922907343,2.2006981649951025,4.198832002387124,0,test
10.067783207915225,3.4198554313997236,5.995174261430727,0,test
8.475888389819467,5.023277633552399,4.754754089560303,1,test
7.596677884122466,5.7105780740062855,3.1594920585585204,1,test
10.83819575267799,3.480838243814447,5.624528427654616,0,test
8.082786524153136,8.630703865682833,10.876220584110087,1,test
6.328264325863336,3.9881300981703243,6.553731397687974,0,test
2.9020282660832253,8.315541925978499,8.442279227651248,0,test
4.752905306903328,8.592334686932924,8.718204549373091,1,test
8.635415685690864,8.340614265877234,2.5702999573200978,1,test
4.851235054979827,5.611902031789094,4.038288479880899,0,test
0.021275539674509236,5.202106946554974,5.7900697443768125,0,test
8.81747470383082,5.243208690338485,1.4497943138840683,1,test
6.668944118129259,4.576338015486235,7.581831463176346,1,test
7.735212383691647,3.4167281064626005,2.0399844195115855,0,test
1.572086861476456,7.502259122535739,11.011098104017368,0,test
6.275268201893645,6.952460556425912,3.233129312566159,1,test
2.019723974110361,10.002690600289334,3.0631012490336866,0,test
1.1539628073272694,3.6824620948242686,2.2841902293654552,0,test
6.9465168489649,5.686307704018448,2.773462350233494,0,test
2.1904271841377057,1.7726177874733036,8.629182851230569,0,test
3.8978748082580923,7.003127573126373,8.152673957358582,0,test
3.352054785660724,6.430780463291906,8.593835253309289,0,test
3.7037104746765843,3.098504704332285,6.799328203808346,0,test
6.575666873571068,8.108246968684535,2.5407250600869995,1,test
7.621788060710189,8.056229300888333,8.478842819422445,1,test
7.678197294756342,4.643630361188656,7.7114379412396294,1,test
5.586959274372509,3.3036798821772297,4.393406855143958,0,test
3.329592474865986,9.567774513192475,5.353011825362118,0,test
4.536895923032552,8.204080263776982,2.999176814334157,0,test
0.6890239946182795,4.194758452143625,7.875173777041425,0,test
7.102016576554025,5.73226345088479,9.248439874095395,1,test
3.5324346908486643,5.007966698696359,7.4356097136327195,0,test
3.6517917167096465,5.087158204647358,6.32096766844518,0,test
5.143911674351696,8.019814323131936,6.747692393958884,1,test
6.93541140310115,2.53688012257534,8.783178066054926,1,test
5.1999330204429715,9.614874582657055,4.291685451424656,1,test
6.343689276547602,6.061022354933877,9.58328467570762,1,test
3.398871323690238,1.2200814958586361,9.874462884456367,0,test
8.892804104706459,8.531066902066646,8.500874498881663,1,test
8.489056986696944,5.872936786038794,10.428374964540241,1,test
3.815659812599773,8.342793723109958,5.798610637498289,1,test
6.754667678015785,9.429858184202816,4.432005948335212,1,test
5.0986816104907735,9.411171634436405,3.380204597630313,1,test
1.3470067935142231,3.352204757053481,8.054183550007588,0,test
10.228319759057456,5.973870531652087,9.2466345278077,0,test
1.3219866838552727,7.8265093763119244,2.789453846326812,0,test
2.6793776725016247,3.389348437988861,2.0777668264181246,0,test
3.7636028861668898,5.327229458787892,6.55390016571838,1,test
0.19511900216227218,10.219313617379507,8.386252119811239,0,test
9.198529727010047,6.20548741705764,7.6911713410104126,1,test
2.8717072920420694,9.559899350152854,1.7269227624237389,0,test
2.3940293624021476,3.304998267352084,7.194844902143248,0,test
6.8660972681244905,8.417805933026058,3.197348200191793,1,test
1.004451826768059,7.436868532202141,4.655905035794685,0,test
9.797338111562292,4.037960488830709,7.491010310157779,1,test
6.304416745754869,4.587392147236988,10.404102410824475,0,test
4.867630748082489,4.195507278292172,6.928016907548789,1,test
7.763117767297574,6.4436975923903494,2.7070233293688335,1,test
9.623742482276564,6.353749169245778,5.255748057238912,0,test
6.991936556742219,3.7573579020967216,5.034435957631523,1,test
6.86170129472177,5.789138099661497,10.994707758957752,1,test
4.41590084398504,7.033775206532006,2.8620687525694333,1,test
9.640251338100041,7.748957330256596,7.169827696798348,1,test
2.591598587684021,7.578226144477515,6.6260760054877,0,test
5.116119460769924,5.170538377560013,6.925726914040552,1,test
5.657198777792751,1.1907283608169275,5.4952941788260965,0,test
7.146725615687459,6.7922342860570835,6.578542728595971,1,test
9.09675724213244,8.838768970869571,4.334272968529892,1,test
3.261988659069641,3.407519071670625,4.657486279657723,0,test
10.03376465963289,4.881736016470865,7.872871286255301,1,test
7.945221305985685,6.410050789001344,7.9290947440278075,1,test
2.6739043789956853,8.726216488583068,9.565168008241324,0,test
0.7752457407557993,3.1803558063775403,5.404845372725003,0,test
8.841030382757026,3.6890694001451863,8.864617677488601,0,test
5.319536333109652,5.648265414283957,6.076163586558746,0,test
9.612246676872251,8.60646225405505,2.1058013289664,1,test
7.934824178672314,5.1245942329175715,4.022430795209364,1,test
2.8979207138439627,6.559209553837286,8.032032472852343,0,test
0.46768135733579785,4.769940228141447,3.087339936833305,0,test
2.3785885651978735,2.9636921870239803,8.354024783004457,0,test
3.1583550394499387,3.196912454323757,8.832444841113094,0,test
7.6669308109116265,2.626065392356515,5.97207905910229,0,test
1.6890902864800235,4.4550413097615875,4.544813192289416,0,test
2.599977333534651,10.373768716028902,8.13937013182083,0,test
7.397835581753562,8.521389403558427,2.131369804616094,1,test
9.528589594784671,1.2086859637661247,9.666672499318757,0,test
4.294304134421514,3.370717628350242,9.64594977461111,0,test
7.847941567915557,1.661837008337891,7.592317254681971,0,test
9.124761412058898,5.268702461648725,9.211707587205376,1,test
6.409613673104314,7.065816437801908,8.515688925744959,1,test
5.362229248876923,8.305751984755172,1.8131307589642283,1,test
8.865143738928412,1.39275196170726,6.92049572305628,0,test
5.300724959813623,1.2460165771846894,7.717114018206523,0,test
-1.514719701447388,1.808284275556983,1.1934677631995299,1,test
4.0512006652639645,8.003793707692912,5.27424537559504,1,test
0.49032537061301573,5.065681648185478,4.866586775466207,0,test
6.149419893444331,2.403609995646659,3.441751409765735,0,test
7.89435801164904,10.824593646750817,4.441224531653251,1,test
3.1519249938010914,8.583997995663728,2.88409529744575,1,test
10.51248173811371,4.814170922486741,2.6756586198087664,1,test
2.267732323380694,2.4360968502187053,1.537557050502795,0,test
3.1017396567068527,9.44842294166172,6.100799982501758,1,test
2.6197668750578056,7.7090854276468495,6.2875679587976645,0,test
5.941135814233391,5.9754984860597276,7.659481643288965,0,test
3.594954406639104,7.365841728976427,4.690156198669752,1,test
3.1939457694363216,5.01929212658248,7.645921810075439,0,test
3.3113452319181267,6.232954926972723,8.864962820026761,0,test
5.505875830310636,6.289436590135959,5.993499887963371,1,test
7.542085232093181,1.905523245103868,1.6063271792847074,0,test
8.381364499772202,6.5323254307445335,8.285904252032529,1,test
4.979217987069412,2.7618430947651462,3.687731882621602,0,test
9.630643262150057,5.183384366206711,2.084257902987262,0,test
9.046305193037153,3.8101553880616765,2.823152166349828,1,test
4.4774521030731265,8.806755808052204,5.575691689586819,1,test
3.5758876371733104,4.177453372234156,7.001987095391128,0,test
9.898399001776422,3.0771078223906794,5.337006680937191,1,test
1.178643888481281,3.019830435401072,3.832825043854783,0,test
5.339316702178633,2.8259349598712467,0.38931728735506044,0,test
9.575375714060014,7.128750446142441,5.352438704033416,1,test
5.226982829653576,8.300751203623152,9.13850452014726,1,test
4.463934996592708,7.472914443432162,2.0591734115971487,1,test
10.84537018603275,9.474853584748786,4.940136163694567,1,test
7.647956688318469,3.2493304604054902,5.57113424378936,1,test
1.7396688021227578,4.445311263096133,1.1367965017519719,0,test
4.023815737586477,4.697962701792043,6.81125676143839,0,test
3.023121584108794,9.37418307998069,10.971723067941356,1,test
4.132548105079913,6.28656381279055,4.138533800001383,1,test
4.938727734596203,7.754942915138284,6.621510767208974,1,test
1.6565856088511892,-0.07043846580488622,0.6614445531067437,0,test
7.1599668823131175,7.11938007806093,1.85669260377525,1,test
5.420068132512761,3.736522058909933,3.1794708332588812,0,test
8.45549530285552,8.200172939667533,7.5843821167323195,1,test
8.562412895212884,1.633559329494798,2.458294836604059,0,test
4.07084151390878,2.11169276607087,5.16346568759945,0,test
7.598125549249856,0.30340730810636996,3.668584542758066,0,test
3.337011491635996,2.5514712438236065,7.180508541314043,0,test
1.7266017166165766,7.733424182206842,9.859573531724381,0,test
9.491699589437816,1.0611717143797241,9.87101811173537,1,test
7.136610262541499,1.5901290564131236,-0.009147857049772057,0,test
7.315884138903037,1.909004440677742,1.8017546692057036,0,test
1.1421183710418696,3.850536656417109,9.29113577651744,0,test
4.235264467471412,5.433315597206768,4.145315220058897,0,test
5.703336410512366,9.195417523558408,5.315758800845829,1,test
1.581135145566443,9.869299861800885,7.762535706102701,0,test
5.8142714361502,9.212770971553816,3.61245223108438,1,test
8.220946631335277,9.281649730971541,6.434301344155318,1,test
5.907667296672315,2.1509337451790045,6.962114867402418,0,test
9.833458277785297,8.412235689816498,3.2904561902579346,1,test
10.6796205972985,7.195664237843818,4.291071250970956,1,test
2.063659640962287,4.649536194587042,7.809511690393092,0,test
5.208075417457579,10.409123208162537,2.027812369315537,1,test
6.8699231230843765,5.43445317565011,2.589123605484304,1,test
2.2462725978128977,5.228358987474999,2.183308625603741,0,test
5.748364904824519,9.42114709689659,4.859163165447444,1,test
6.774057930133767,8.478076700706143,1.193092461863551,1,test
2.0880519300213813,4.410473967471577,1.3343654167083103,0,test
7.940844942798567,6.737465211924398,7.2076059137558905,0,test
6.413836778223753,1.2680343962063236,9.411519080699573,0,test
5.006920605438529,3.209871778274357,2.530239721200659,0,test
2.3901208465547676,2.3089762636898916,1.8826751401451194,0,test
1.636736821037912,3.961567005008426,4.308018919394685,0,test
3.9114629364254325,5.143938780480904,8.53872249288427,0,test
7.399053813490793,9.36803605863837,6.713381853037564,1,test
1.2386351684865289,10.319957319434135,5.916392394398021,0,test
8.28513621923059,4.1750530611602175,1.5495893538130328,1,test
9.308542250370019,0.5706107127691992,2.7230688556673046,0,test
6.29226275141433,1.2057658621916385,1.7217098247748481,0,test
5.302779018701657,5.856115360728282,9.496202703038355,1,test
5.206517853010078,9.59109378248507,7.545929303789973,1,test
1.5474548786184719,5.481814257748745,4.227482010990848,1,test
6.150713662524536,6.779060810891293,3.465950260505201,1,test
7.782651607009556,4.808909807012067,6.300875786308648,1,test
9.003150874533379,3.558787693233296,6.496842973411288,1,test
7.958296709313643,3.4491753222482258,3.9410721601078964,1,test
9.882669833458415,4.628257200362792,4.875929948339045,1,test
5.226108973568668,10.969093938109312,6.570784976935497,1,test
8.677814735509568,6.320187526789183,8.68950087444978,0,test
2.1202063041227244,8.395737092019314,5.632521821513212,0,test
9.088878297536633,8.785231357832508,6.850715381729778,0,test
5.575138444172699,8.784800389117308,9.026457295418925,1,test
3.538412693410358,9.322853065045448,8.909954422383974,1,test
2.5096072093309294,7.5088178164993,-0.4786081660187014,0,test
6.082640848028693,7.369706191316224,6.966186369836912,1,test
2.1267709850352805,3.0229290620368623,2.6749681844659716,0,test
8.69761630392611,6.606659403017314,4.911537667117457,1,test
9.055178597978376,1.9024319173732533,5.994550944871937,0,test
2.419461112843525,1.041779276568563,4.955744610028135,0,test
2.8378760734928927,2.9778470718429313,7.6645280119339425,0,test
3.2520520312489842,3.5283876129638942,8.98297376769122,0,test
8.521983308316745,5.871072469732126,9.047257561635764,1,test
6.996061385100123,3.4230027329101462,5.528241080789116,0,test
2.2276772321617715,1.6678251854345367,4.30226140418309,0,test
1.2172712392467784,2.8687498809123597,2.95060633185097,0,test
4.111415072984696,6.941688989577068,6.91127580332461,0,test
9.279263026326607,2.2134716149029456,9.312399373195037,0,test
2.9625437503989804,3.289166482222647,3.1782135557387035,0,test
2.99341098925041,7.710158168759934,1.1702408304328524,0,test
6.584365534642709,4.29247453111766,2.336530986533144,0,test
0.9838667508061913,2.509392430665426,9.405750473916633,0,test
5.114529351419743,0.6707575964239807,1.4503023868821303,0,test
8.653554025035001,4.036135237813793,7.33413496784492,1,test
2.774461222242469,6.638797934501564,6.844976878435841,0,test
5.08148794308943,1.8089844600114786,1.700500400236217,0,test
7.014640360317165,1.4286882639876861,10.934463591922178,1,test
8.057429037652486,6.993217214871651,2.6398903024143827,1,test
7.9214469591725525,8.970854023151615,7.208946141791671,1,test
5.096303459318669,1.8284701189879853,3.5636598138629196,0,test
0.8215629444628147,3.1601525167305735,5.724745252834172,0,test
2.8733995982759155,10.036948066520587,4.947645752585504,1,test
4.0791907904317,2.681131479330487,5.5752189550227325,1,test
8.21613670435816,10.854021240889582,7.701540589493085,1,test
5.563965955125058,7.927028767879988,4.289489585598467,1,test
8.875429727309145,7.798844366444321,8.6542047541071,1,test
6.6064289394097475,4.3565503638334,8.933130848257722,1,test
4.371015234273796,5.486261081087951,4.460045669295566,0,test
2.969972009613139,4.3465545593789185,9.134653441595407,0,test
9.889195247818877,3.7225216706507247,4.786498912213765,1,test
9.045053978827173,6.888583704932358,4.470228852645009,1,test
9.88768006147352,10.35583435755868,5.999327262472099,1,test
4.449677192569524,2.833151458600272,8.14608062007677,0,test
4.3808925016584865,0.9048673407672227,4.228356562473133,0,test
6.993845348376508,6.4222671585072,8.18334679766449,1,test
6.892445038178849,0.6126488179454375,5.927972277318187,0,test
2.4881724074960294,8.17227993421622,1.6789397067583693,0,test
0.6186578821832417,4.9324674319099335,4.744039246077099,0,test
4.534242587292681,8.832987984746321,5.673414242965204,1,test
8.162583317470869,7.50843609982835,7.304246788097236,1,test
4.804268370859328,6.118247771148823,5.045312488263568,0,test
1.9225453846938925,9.555782854795867,5.957274959671594,0,test
8.776548097093912,6.9002423375728,2.508905331263031,1,test
3.8820626446094257,8.688007922743063,4.934650602458106,1,test
6.954391350293758,7.973131628521871,1.6934738118883592,1,test
4.485715085706646,3.7814620544994577,6.485456089062893,0,test
9.726327503068184,0.8848128603770645,0.07086702457161465,0,test
4.935183546767635,7.584591360323088,1.8655683812499815,1,test
2.515699025561065,5.6334484768744595,3.277109917226755,0,test
7.627014894371121,5.451515723790536,2.357352856860497,1,test
2.8594595391281477,7.921283074814553,4.29083240200631,1,test
9.956920725886652,9.436357841716907,7.5319212029197615,1,test
8.287648296076124,4.735403250449633,5.039392831148881,1,test
4.71055924042537,9.981702521812958,10.622140319806933,0,test
3.7714092950133002,4.468511419991405,4.540692174581677,0,test
3.4036418370182626,9.378050321060426,8.86178267077204,1,test
10.310630571591222,4.5544693797250915,9.782071423411372,1,test
5.511347248143462,1.125512489171114,7.116739874685648,0,test
6.98129366054,6.8073156883695844,1.8098650914168242,1,test
4.837899818840886,7.415107838750877,2.2826902618008083,1,test
9.359813125831359,6.782197185061196,4.88657656051277,1,test
5.69506927793665,11.58485435487881,2.184527076014058,1,test
6.536044650694517,2.560278908426595,3.6694026832523394,0,test
2.075964674416906,8.464930522335017,7.112022081828391,0,test
9.217172418564259,3.6209834342403013,7.542006669509079,0,test
4.903225207319744,8.742879319898345,3.1583152753548545,0,test
0.217392794771065,7.566890942242953,8.220776149280514,0,test
3.823824718907343,6.87835811085961,9.663911861756866,1,test
8.15851281371447,5.136475044371751,3.869072121135358,1,test
2.7924966757699243,2.122056133931288,8.85015561397001,0,test
3.682434208371338,7.588434448538552,10.032187031766183,1,test
3.5044865403355336,1.218389228092926,3.5584300559868436,0,test
8.609855204972451,5.842502406719357,6.8342509108320595,0,test
6.755646050994791,4.484236424601187,1.3254096614806956,0,test
6.0469583818327255,4.2972916881572045,3.043496253216235,0,test
0.5338187500460414,4.680555545013057,9.804180626875608,0,test
2.739702258381998,2.979462816879249,6.802611337758731,0,test
0.34642353050685226,2.7105343358437297,5.052653123709377,1,test
6.328944534637613,6.06598556023538,6.353256462407161,1,test
6.9694426226516475,8.541896774002726,6.725839862862926,1,test
6.235697902995905,10.366035141565652,1.4252221166243353,1,test
8.13219503513802,8.953528733016778,6.453994476971221,1,test
3.454148230839146,3.8910051873830076,6.765818420567996,1,test
4.539919101235658,8.405127662508157,7.27915810797552,1,test
3.522705242035869,5.088678443457627,4.581143725654112,1,test
10.18890846975636,2.735853070610518,9.981669861008502,1,test
9.847682557334362,6.9608982332953735,8.271919377490747,1,test
3.402493195627455,7.5420542197492235,4.885415426696254,0,test
8.022667525187204,8.367152650004211,4.665524284138366,1,test
4.158116323578057,5.188773308206496,6.087769458859802,1,test
9.45581145908317,8.77177623681256,7.660801206374684,1,test
9.905491528811817,4.042045032575927,6.6347539980882075,1,test
7.784694563730667,7.865856468131965,6.171651498896494,0,test
2.5666734292870235,7.92299866865487,8.792762483384902,1,test
7.975292139369909,4.405170086771869,10.137977116251589,1,test
9.09352468719176,4.559496795760751,6.6724354448614145,1,test
2.851979053809025,2.853623808252653,4.083874644543217,0,test
5.515032230491065,7.014121663856099,1.1990770453571404,0,test
5.484167601874148,10.12251767021042,4.794584103822342,0,test
2.6089539034897973,6.92188714885821,1.8994144477237176,0,test
8.585133379379023,0.49912693232251537,6.180947796506617,0,test
3.1013472218149265,2.744291515079069,5.1877395846937775,0,test
7.206339715932479,2.4308809082881186,7.834602263461271,0,test
8.659574932288036,3.554954883629797,2.8207271166507173,1,test
0.9718462681656594,8.557456319487688,6.729481738934729,0,test
7.203598734765644,1.8617852770033128,9.525539595295868,0,test
8.09320443536318,9.015165335404543,9.346510298809516,1,test
4.467379613570113,6.701315474638688,6.616635022659083,1,test
3.9945092693317754,5.240414806687957,4.746325452580808,0,test
10.215466936597016,6.559122696998068,1.8187228848146426,0,test
8.161563084772583,4.768007275022097,6.795954365520091,1,test
7.642824111793465,0.684869472872539,4.442196386916047,1,test
1.150071679316633,2.425448234020827,4.265582243960911,0,test
4.710983806832106,6.215259250063039,0.8376009702143461,1,test
4.920692535282543,4.988938040288369,4.463391606630052,1,test
5.73657129099542,5.330297679948088,6.9104209489420505,1,test
4.6520331060643825,7.385341352936577,10.955417209439474,1,test
6.559582300189402,2.2285140708556224,6.3784328147535625,0,test
10.142575349470889,8.337669808952407,2.2596033906752577,1,test
9.182574780306151,5.059082712925139,1.918624988344333,1,test
0.20266027869512826,7.491369464313611,3.47350804970409,1,test
3.5239381073484872,4.766563773571134,2.0652820089470327,0,test
2.6922652572507304,4.033651447615576,0.6825737532023524,0,test
3.169597917024969,6.636316665730909,8.594454797713691,0,test
7.389737707472927,3.9677768649120884,9.11462910839446,1,test
5.221878652186002,6.545908649109651,4.543632764685118,1,test
8.02709801855768,6.808001353988546,7.4650889146308685,0,test
1.672996822871955,3.486540243058955,3.71085728075026,1,test
1.8867555264043083,7.828567376773996,7.300910138246495,0,test
3.1381436186173985,1.1392719337077482,7.2212554856696825,0,test
2.655520554312382,7.1364192423571335,7.957614841662223,0,test
11.034604144610933,10.058162050090788,5.459621905784854,1,test
4.778916375577806,7.870795275274448,4.474192017711578,1,test
6.234304877204013,4.1901146280811545,4.183826824956532,1,test
7.101447445221521,6.827014289967656,3.104839164989725,1,test
0.39113281452611437,4.242341309183554,4.742459340523591,0,test
10.1029051738164,7.326626784698913,2.951247187781446,1,test
3.3261695806245624,4.543538371578934,2.0022463595719104,0,test
5.209096488747427,5.613288552716041,3.884578817510476,0,test
5.809758059192139,6.191996143499496,5.87939209544597,1,test
7.2430071945739085,2.849595211033875,-0.14126000328091992,0,test
8.815155494186046,6.4560052257197995,2.29620657437882,0,test
6.926596246572162,3.8135235315968554,5.1084180215092365,0,test
8.592541762915548,2.5095153002079753,1.193494637637923,0,test
6.435312302572088,7.717830977686896,9.28382250928692,1,test
2.7439194440417127,2.537892470381305,10.166769515110357,0,test
6.711529677705382,7.84075864064412,7.117768951577929,1,test
4.429949642872934,3.965827420686545,6.086852950639132,0,test
7.928417882189868,6.870190387803499,6.164619094749646,1,test
3.6857660047648455,5.5539336974902636,7.131462423138536,1,test
4.924100786719624,8.587002122197825,3.7107816544118264,1,test
6.281952119814423,1.9911886427698764,7.4593701450822145,0,test
8.021090563088265,5.9721524152260965,3.9596526231795073,1,test
4.871693514122212,-0.16874853685691105,1.5884340858779231,0,test
2.028642824109691,3.3886585872689503,1.4393763327248972,0,test
1.1736893447271108,5.02091340907127,10.436038712859267,0,test
4.566149338841682,7.006721031419682,7.473553584058671,1,test
10.859723934815678,0.6152828577840612,6.929585672592183,0,test
8.449957259740767,3.997760358832747,2.406977158398239,1,test
5.136927584911734,7.35437489809783,4.090642472130753,1,test
5.6369309620837775,10.968568125251284,6.0676153929512315,1,test
3.5801712540978246,6.059780002783375,5.054608721676649,0,test
8.512398063297379,1.7598910361263094,1.5767184083158574,0,test
3.115299903858616,5.715287990961447,9.813948936817955,0,test
0.11485946641531153,6.151841447055352,7.814678175041004,0,test
3.631100958004734,3.461005664642778,0.5132780178333967,0,test
2.4655391950007446,3.044378217008548,9.521698032707299,0,test
6.828557170503574,4.808969296846721,1.4543258876818514,1,test
10.001105701796748,1.0216665095157431,8.632458298868261,1,test
3.524633911236379,8.68456722373299,4.817069874676777,0,test
9.05382852447681,8.876253603714234,9.752071734191126,1,test
4.851701934686622,3.575266578746916,3.3600175562328225,0,test
0.374493836523623,10.0691788240241,5.528217206964289,0,test
2.091990587282236,1.8933483978686143,3.9593255181246128,0,test
8.628847301834014,1.9784690151861446,8.486002961341098,0,test
4.550502928621766,3.2786274013899304,9.621533204093378,0,test
0.5799193669897853,8.399014094014744,4.861104139913864,0,test
8.991282706107846,0.7742421935936038,7.637362602696481,0,test
1.7088598327581215,9.730695237953446,1.1255185794780853,0,test
8.915075445703149,10.467676558116473,5.639255977469025,1,test
7.799341537852198,10.204992159299461,7.647167406183948,1,test
6.937285137575108,4.458263502017157,3.9674219724576676,1,test
6.879757836640211,10.570700787743618,8.313793089538569,1,test
4.69193391605564,6.908077878795935,5.998513856860134,1,test
5.659634002763871,8.953622433593987,9.55589185595137,1,test
3.541854183658608,5.998557842059874,5.228993660877294,0,test
4.527210634612615,4.549226362839983,9.974242319707656,0,test
6.886469597420194,8.832388906809095,6.758855954221263,1,test
4.730363993819393,3.4957961075586397,1.9414844912577311,0,test
2.307796211443317,7.224721359748028,9.903841424047481,1,test
7.127599852286949,6.871898017014423,8.396638323739468,1,test
8.040060212016634,9.496217094201524,9.234141145275247,1,test
3.3835292573384743,2.943957694592672,6.321312481626119,0,test
3.555190925802653,6.596677237844294,1.4121746060482916,1,test
2.6308056072270625,6.93768058759525,7.192968013699227,0,test
5.155729922892656,0.6105684544147993,6.298944294344039,0,test
1.145301930709316,7.440769622393554,1.6754387513515594,0,test
9.838811605204418,8.113409315880071,8.928294913657242,1,test
3.9055326692507295,9.909379581334099,6.959400419772499,1,test
4.342444820214636,4.837091188899024,6.6412128905599435,0,test
10.699454764471156,10.433206576363593,5.540728921704102,1,test
5.062249186795382,8.917195402596711,2.510449300172222,1,test
4.944129048001819,6.77113526140503,2.0671223165938213,1,test
6.437445017870422,5.512737097202411,3.5169884350246186,1,test
9.02091086198358,3.2508557262574733,2.827228811477795,0,test
2.2111342242838137,5.051528496004846,3.1490620848167987,0,test
1.6082860038178455,7.647547008399336,2.5018965442511183,0,test
6.467071181005974,9.251670424631094,3.223410335673024,1,test
5.9516189958984285,6.169638393754976,7.128992578350772,1,test
2.5096031600496227,0.1790149000429624,0.11926047019495312,0,test
8.478988754015088,4.579539174444086,5.8668282241436005,1,test
4.549582279853678,1.9136823784042272,4.8088493891738775,0,test
3.7393478930472224,7.392376487254966,6.157078411768106,1,test
8.279127208266368,6.314603767461105,7.636982455196014,0,test
8.793446962503435,4.985381579895304,0.634011121267895,1,test
9.932220575936357,5.316898874781495,9.239598541190635,1,test
6.742787868131561,0.3344891214672989,5.883391455998921,0,test
2.459331480514279,3.575712105279961,4.644715618800605,0,test
5.991474051357879,7.6020885670902105,6.950446786180602,1,test
5.613380855898635,5.412120740853608,8.397488716829912,1,test
10.68013905554312,7.319243768644562,5.267302200398479,1,test
8.5551111450112,2.823132680692748,7.3010291993655345,1,test
4.553948762289988,8.606662208067238,3.524401523110347,1,test
6.0518445468304165,4.314927188086129,3.7760173002470356,1,test
8.666393964547858,0.07645283699070826,2.205464266467232,0,test
1.0328544074756478,8.382909922041666,7.119636075030261,0,test
8.690160289918317,2.165078876660256,3.452839157254009,0,test
6.414674136516217,2.497263962061199,2.9399941639525706,0,test
5.481475672665714,9.659744748405277,1.3399230564483235,1,test
10.30972229140135,4.5855211943041905,5.934598318149462,0,test
6.182781035574062,1.5657510827010277,4.939388624038578,0,test
10.322402346277261,0.18012188493247083,7.342704482760172,0,test
4.532928100416698,5.2411028596536715,8.053715403779647,1,test
5.324684677307886,7.470988112011725,5.431501648630454,1,test
5.819964680278159,11.11727564279585,7.445058735951203,1,test
7.390210951238145,9.029173325339217,3.341777366388029,1,test
9.582791820720018,7.184419960026642,5.314464618203237,1,test
5.972819182941084,0.13743678343668453,9.38437008408594,0,test
5.671828855644126,6.669321430801452,2.7769340486977674,1,test
5.4541625401989275,2.052984549981134,7.968104929695468,0,test
8.231432006136163,10.663493463279556,11.177064193563165,1,test
5.497521337156264,3.3866288042424197,4.899100723374091,0,test
3.4330317671706085,8.289206157428117,1.259337666878974,0,test
10.108453220338276,9.196106027772192,2.0997724948084753,1,test
3.708218929163256,9.85716362119424,4.38454682038407,1,test
1.5225115441472257,6.323838564099825,10.289234126285683,0,test
4.982262875476511,4.457313043381968,4.571605989317322,0,test
8.299805424910323,7.235038621366645,7.348477693742926,1,test
4.804815357075495,7.938090226518957,7.146650094266081,1,test
2.1132508305929862,8.037252452888541,7.8636481199175625,0,test
2.3716957545909536,2.465176515344162,1.915215549267766,0,test
7.374739972498061,9.029520643590299,6.74418933857103,1,test
7.278763806140018,9.182952517650854,9.592782308594035,1,test
6.423153530833608,-1.1993649860085052,6.266720680371457,0,test
2.6696485151135376,5.504512137145222,5.940729307127569,0,test
8.400252699090691,5.213010192206955,2.418023146316727,1,test
7.317608127102714,4.562434586294371,9.912811814279099,1,test
9.587491944162085,2.214073250545451,3.225436987893776,0,test
8.392079702410918,5.462074987901967,8.225629889689598,1,test
9.735879396083394,4.525790180338596,8.086792752497413,1,test
8.367915785697043,7.6084646756428445,5.524208865901455,1,test
3.1406017926399796,5.307966949039649,3.25731343719964,0,test
6.521272895106852,6.080452646269172,2.2514346730799364,1,test
3.2683675937548107,1.6612664387511797,1.5651238655045505,0,test
3.029969813385251,4.875487840378319,1.3913683647541901,0,test
1.0973055990134537,9.058826863306573,2.2127632127934307,0,test
2.0180269508674895,8.257432200292753,3.272395472362954,0,test
9.001026869112984,7.124350177682454,9.627958396097355,1,test
9.546384232510214,3.2703130480040827,5.468503731081537,1,test
5.713291129522797,7.428390611704958,6.926439925081387,1,test
6.977532690485014,2.1233936876853265,6.219014022018655,0,test
2.516431682593277,2.81218591856059,1.8003429161990983,0,test
8.892703649272068,7.510622696657242,7.11465625252511,1,test
5.780619976700868,5.921881550241437,8.071066106049974,1,test
4.3785142909942145,3.9000612651645503,3.0706614826096947,0,test
5.2907354398326705,5.272443074620951,5.589537268829609,1,test
3.670251337760348,8.40027582334632,7.838960822837485,1,test
0.8735219589892147,3.7088612836061507,5.977696531076769,0,test
0.7859610293825992,1.2849247242318222,6.651131580685801,0,test
5.8135057415241285,7.831730702827818,9.082126243531214,0,test
6.395508626502585,4.427655544640413,2.9917779070919233,1,test
10.287683725588407,10.073173390054375,7.1419599435210195,1,test
6.5198685564089915,1.7904695605975545,8.629980284391598,1,test
7.32181742084726,7.3648846683255424,7.367450259562826,1,test
8.902151673804124,10.918931863272975,8.406997419608224,1,test
6.581764389008694,9.274323858549044,3.1693151567964044,1,test
1.7886557394207734,7.414702796341047,8.366059214621878,1,test
3.2820588388860754,5.842021620445162,10.025799326594315,1,test
4.749003106536006,7.5152344901218875,8.070898085977872,1,test
3.5539346838290804,3.868623980033238,3.3022733876136723,0,test
0.5852666979520932,5.522763114946516,7.9158412838601375,0,test
8.959539674538558,4.276434055318651,6.645021758684709,1,test
-0.5605536325285092,3.9030955168598176,8.845013207323905,1,test
8.854829735976983,3.9670801242934415,7.891727758135958,1,test
1.9495235268049729,6.232838449725209,3.0508914885674545,0,test
3.2060414426508648,7.127537994108667,8.068449392501892,0,test
1.313834934353875,10.011575153838553,7.184071435401945,0,test
4.724431586480618,5.68839727831331,3.352222594420379,1,test
8.232142832870732,6.220149226362103,6.937604214566347,1,test
6.306333763466368,8.446100182265846,5.794137052390218,1,test
5.654967949879553,2.5800157237287804,3.4278746424658904,0,test
9.21107455004687,4.291755160210213,5.400059966329856,1,test
6.303151568052385,6.827970124980796,8.562132140257317,1,test
2.7125633921220964,7.013119263359755,0.2955330417921854,0,test
7.997798253912775,8.10039020737722,6.239177796236798,1,test
4.545265506958291,6.681826993325995,2.189243345688659,0,test
2.198210532054421,9.160487601530788,6.29184132112127,0,test
10.5724341284346,0.5366896214337287,8.870028957778727,1,test
7.583446240663747,5.727057560564268,6.574018174696794,1,test
2.194557380053197,2.4972205011933557,1.3810185859995978,0,test
2.1136875086371085,8.266718852967337,6.184062280492753,0,test
2.506627362835143,7.8429461745493345,8.664700894176042,0,test
8.095414471967816,10.628971022944722,5.428722936432637,1,test
2.3595899808624137,8.422126715945994,4.979960382047054,0,test
3.856213349047662,4.071382112739591,7.572959489760732,0,test
3.8098273875433994,4.030472469449466,1.5059455114141556,0,test
3.684991414147675,2.413010058651091,3.7497210183581515,0,test
3.399166461114362,7.261365865669313,0.9221209029270943,0,test
7.003065777008378,4.087150708508985,5.4485111095487415,0,test
6.858203090719661,2.8729578096242445,10.113083792121014,1,test
4.105747085692668,3.0170214535301048,8.472803662637432,0,test
4.974274161356078,4.255663663361553,9.159092353871095,1,test
9.020776447238168,9.626814187880008,8.903860399331583,0,test
7.3616619488804655,5.420895994739794,9.71308337930247,1,test
3.9160350627481337,3.672780554247178,0.8342669433531901,0,test
1.329266673571188,2.234484675334915,7.2568440364576405,0,test
8.59353776522112,7.69209136541027,2.7121842442952477,1,test
4.863246635935295,3.8703433812767956,6.207461020910095,0,test
5.462241456408613,3.2483801882007666,7.04269603445053,0,test
5.739728299002708,6.502000917620633,5.778359452557877,1,test
5.163926410845322,5.148312937572521,7.731521552142816,1,test
4.9586369667798715,5.16860565390215,5.538447375373951,1,test
9.00270458448602,8.083505718850752,4.783479121943854,1,test
1.6439501633694253,4.824595222454808,4.914353209154441,1,test
7.410084533403773,10.027372581080265,4.499715214612005,1,test
4.76181062662378,2.876390144312924,2.921488428506404,0,test
4.704645890291027,7.759839547940906,5.074538628361093,1,test
3.051826019151093,6.467022978992249,6.387579599242926,0,test
5.746306320360245,10.73523403826957,7.231787811930342,1,test
6.865484497717217,6.718402895644145,5.0849533594518075,1,test
10.125472250560602,3.5663730089713472,8.720303350307821,1,test
5.747547782762172,7.791347536709222,0.4262290435131306,1,test
7.308170581633293,1.8211162088919493,5.417903929486568,0,test
5.003951685452711,4.669943206704342,8.002358170620314,0,test
2.888611151735924,0.7199458690441002,2.8598703559028227,0,test
3.753945380173584,3.9984994986735503,3.7424393815748522,1,test
6.698067175754998,5.285823349306056,3.3015770147612074,1,test
1.3976025636996818,7.953302914225826,6.858482435063324,0,test
3.8158647279509763,7.520675180703902,11.199358144741895,1,test
3.3811792520054818,2.4564859923765345,7.888799552265084,0,test
6.763355078952662,8.149049621532484,11.136399021174578,1,test
8.453212028383803,7.644301260784001,3.200145151330382,1,test
4.6262653634168345,3.206234966424737,3.18923554663227,0,test
7.8013579935505835,7.3502545985009675,2.7045254488313586,1,test
3.608788439617674,3.840343845599749,7.9853609394575376,0,test
7.7959960570451905,9.687209768125392,2.059584182679516,1,test
5.953921652035128,3.4869203770938286,4.488798884070449,0,test
9.638630891363805,9.617466656907926,8.009372482604714,1,test
5.201387522851987,7.867400043975111,4.5993055747903755,1,test
2.4116078187923398,4.421171236821069,8.850452724796243,0,test
7.448950556133529,2.997435901608139,4.776452386905616,0,test
2.3024052869773777,1.12762266921592,4.806418096580533,1,test
1.7943770295367787,0.8195689470679128,2.3811271043402,0,test
8.396422094180503,2.8642408182789696,2.5913938038026325,0,test
9.17695884262468,2.7086055855736393,1.3257578652903252,0,test
1.8976708572740104,9.18492276776859,3.698595425368568,0,test
8.396032968348145,7.253161161701433,4.161042230828269,1,test
4.080913510772565,3.981914284008073,5.312258175115652,1,test
10.370045654050113,3.034423565189263,2.107257969303885,0,test
5.193261199878757,6.59042422445592,6.140537983522439,1,test
2.706210929703805,2.731862316815671,11.251834798606083,0,test
3.0790720169934254,7.66425718926388,3.8211446444501336,1,test
7.911124668984947,10.169624260760592,3.1511081265140337,0,test
2.2527284328366437,2.02352259090868,10.609862347420723,0,test
6.847441883780387,2.581107996037317,8.26241029245239,0,test
9.731949577924318,5.986190431075779,7.844636395787906,1,test
4.458000144218432,3.5091399146412714,4.332735831113591,0,test
7.852592785991506,5.73675338864256,7.353460121245753,1,test
2.1564861644130175,4.09130115497506,4.769929706115025,1,test
8.825246600684029,4.253993313682641,8.53029114388905,1,test
9.882447238930848,8.021167950497537,0.8041046720911629,1,test
5.338510426459867,6.181914726249337,4.712436058612056,1,test
9.211231027893643,4.993367950577873,5.119798485374787,0,test
4.952308796333359,5.416529278075641,2.406972536199006,0,test
4.846908677732967,3.9894070063899685,6.824561219914775,0,test
8.37081753197771,5.348853290175236,9.479892565948496,1,test
9.8340691274272,8.017951079211073,3.5926820623076994,1,test
7.289097422427987,2.576274079443895,2.0378128098106054,0,test
2.7204182314671805,5.410268819959778,8.565978642957171,0,test
5.977164846528957,1.6002296322288512,1.8746523659074688,0,test
1.4577168060766725,4.389544008432089,7.169077240451543,0,test
3.8477486260294302,5.380485544222929,2.775910668471398,0,test
0.37821702590675166,6.825478679994573,3.985292395552777,1,test
4.271951451727418,2.542261180082774,2.6994293771711684,0,test
5.5351717813812344,7.921256614770407,6.689261691698707,1,test
6.238045543498749,8.01596867228577,10.220247776216636,0,test
9.202690184153512,7.896167987700993,1.9559818522879855,1,test
9.220545738110005,0.2805071948931618,4.7348910078411235,0,test
9.410030160255701,0.5700039314290342,7.411931475837173,1,test
3.5918272723212383,4.205015926050311,9.621097838699667,1,test
2.5867404645284373,9.41367329149136,3.8863274405103447,1,test
2.395872424442822,9.77153165054623,4.170630739546657,0,test
10.98234220156202,5.801011581121934,1.4066757943612134,1,test
3.2018156762407117,6.265285345177633,7.143543785383778,1,test
9.124908014443257,5.648429890431234,6.740272981030922,1,test
0.7925569926976328,5.528059052051575,3.788992272419116,0,test
1.5444221369481848,6.528753172588742,3.901910163182232,0,test
1.3717215829830267,6.8015087164653965,2.7477131356630173,0,test
4.270143888055839,2.3433461498235126,5.6787194513359465,0,test
2.2340324713356337,3.7886018844167766,1.962916560112126,0,test
5.155349544880554,5.183811533976113,2.4503513259655234,0,test
4.9508952909043,7.885947710546732,9.418530309390105,1,test
3.2818516676804084,4.468495145864217,0.0640619499988282,1,test
6.203649587784205,7.800861855207259,10.322694037813175,1,test
2.2731334604279287,4.371817880653474,6.812089616482024,0,test
2.2638803550528466,3.4197477527450046,0.4437237765154387,0,test
5.387575807466013,1.8786038519023567,2.0568721997540775,0,test
6.320930043921718,9.11869425888404,3.938171803904317,1,test
0.8818876075800933,10.571994477574666,1.6775286710738555,0,test
2.54879673865588,9.804534437361488,5.007647810083406,0,test
6.615944014009345,4.261451744906359,5.09359666599215,1,test
8.320006611116975,7.1864201495104165,7.946995503689007,1,test
9.728297860790873,5.506156913803706,7.375558674939199,1,test
7.527718305280037,10.191939096094716,6.208053986529929,1,test
8.41450232883229,9.668246423245387,7.214819292376351,1,test
5.810836999283107,6.75873887371677,6.612202261656738,1,test
7.305485168318794,7.543996797877035,6.900313765360487,1,test
8.799162927724623,8.633942849833664,5.490822088267931,1,test
2.786684166557729,6.020707156392001,9.337182311054924,1,test
8.325740168457367,5.938740898787528,3.7317350920535546,1,test
8.630679322458176,7.981464978376851,6.714398854189273,1,test
8.885965754087543,1.6336397757480146,1.973680002362166,0,test
4.947695026657613,4.551516686449892,8.752049712740133,1,test
7.777015954573072,7.818789690678707,2.038524948518455,1,test
1.25079418161957,10.637412197070958,8.158852071823764,0,test
1.9531656532263089,5.034129811931063,1.5048664440303263,0,test
8.481255953222545,8.898948095852534,7.838199088117427,1,test
1.9633973507924112,5.1466663724090225,0.9324065102359204,1,test
8.065709510072816,1.1822110178361585,5.608891370895186,0,test
2.297674818778515,9.631223971596985,3.828013082788203,0,test
2.1961581345539622,6.205393451721494,5.250467711797865,0,test
6.098748652361332,5.38839695338425,2.119415769254015,1,test
8.701486155519333,5.825748332301497,5.084802665277504,1,test
6.4977477144082,9.068032834623896,8.14745108312933,1,test
8.096985572427934,10.133696693281728,9.187801979511356,1,test
9.539054380179428,8.38211067904766,3.118778371271704,1,test
3.2422464888240934,2.49608971006565,3.2912918896246923,0,test
4.248599673942998,1.7659757882043905,8.217957616187674,0,test
7.57832226535272,6.40921316747738,4.435904786331556,1,test
5.174355465117157,3.246596931082972,2.2851421345204965,0,test
3.2501520632253276,5.400150606900649,2.6592468413429513,1,test
7.313278871059104,3.835118037643829,7.3940727699181465,1,test
10.967513470979155,3.7714187403830297,1.2141152738255336,1,test
2.8104097837281192,5.1448216249959495,7.663106392379991,0,test
7.46876313980893,2.748027423532716,6.031677458825195,1,test
7.416144020758978,7.130604761103914,6.552672954971868,1,test
7.136786025949618,7.202417900429106,7.734115368047059,1,test
2.036941027073712,3.49666363524929,9.630913228269687,0,test
5.313026860407628,6.361584469344298,4.717428275364646,1,test
10.47670639271744,3.151658290272864,5.564573981934654,1,test
4.827345377453963,2.285524702103234,9.373723455967971,0,test
10.319033327800897,1.3633474077841818,2.6473602919719372,0,test
5.347807117613273,5.7839291393335985,9.654754767214044,0,test
1.285547297544101,7.524873637913509,5.365632141331704,0,test
3.2341208095444736,2.7823460941010234,7.962294715777889,0,test
8.752493566470523,7.3616267832306415,3.144941878684656,1,test
1.0019439525680345,8.56790417800372,3.5122087054331725,1,test
6.985599000980335,8.42898434465427,1.971319952070821,1,test
6.914422527108711,6.8308113468715845,8.122459206553563,1,test
4.369713679026435,6.350883921070588,8.753653135099821,0,test
6.493723963572951,6.214718773767379,6.339575447550862,1,test
9.252186012354464,3.9692822849905207,6.238905893666876,1,test
2.883774203188315,2.8186174700677933,10.05996124096516,0,test
3.440474975317413,7.561832492273555,7.490368833202183,1,test
6.9835401835858395,6.972497445440287,4.425474182181173,1,test
2.0221864420574085,2.6383959533031858,3.2859335148239386,0,test
9.298351702143853,3.5694078758519194,3.8119069579722575,0,test
6.731183378448436,8.023791393156198,2.8016150624117095,1,test
3.105989986801926,11.032949481851768,9.145096274693284,1,test
4.374738736736113,4.374617305129032,3.8291972859273393,0,test
6.650142965365291,0.8969941797278156,7.519803712306797,0,test
2.7296927265099886,0.1028048015729004,8.712117831159766,0,test
7.417566396132987,1.0887933574723634,7.346786591490151,1,test
5.581863423924601,8.591737022769474,7.117590132239522,1,test
6.36713640778239,10.1613509232293,6.661009428390757,1,test
1.680778005964491,3.8255548283594027,6.651515501846679,0,test
7.779015559576964,1.3299692226157491,5.462874537091877,0,test
2.253501836760708,6.1642969069311615,3.4708612794644935,0,test
2.9600862449059466,4.157691267125227,4.161961746826494,0,test
7.5465523884968215,6.367113444859659,7.441136337308154,1,test
3.2877985449710074,7.549592519652215,0.8563847109333257,0,test
0.9953854107732898,7.523167010163841,6.175781321064857,0,test
4.598209548684227,5.256150800942265,6.287952931369758,1,test
7.127339254387879,9.963666519534524,5.930658977258697,1,test
9.39650354441108,8.026416948645704,4.428858874290846,1,test
4.855728895956599,0.2512848646196153,4.430475446759725,0,test
6.006328728506613,1.727620050397512,3.2033388869780652,0,test
0.7194876824596294,1.849793376084466,9.178751323789774,0,test
3.306131210963601,2.0464841461532957,0.8364002273168811,0,test
2.55211888072648,3.1990151394977175,6.9674228087255345,0,test
11.36114665301255,7.273570377513401,6.572912734644297,1,test
8.709897376231782,3.249690820543686,8.356843462635716,0,test
9.876313590445553,1.6773009357199824,4.179041910526482,1,test
2.7669947171950224,3.539938950990298,3.6275067047736327,0,test
3.6646670582170953,6.354982426014162,8.20118095638911,1,test
7.94762858020246,9.236747601805575,5.887269392103221,1,test
9.927483637734563,4.657867963602617,2.012636297623283,1,test
5.906207430329316,10.236812592301936,2.5556962186173586,1,test
6.4362512989695855,2.0884952077611008,3.346998066452028,0,test
0.8809047570675235,5.702176812360112,7.952624425912482,0,test
2.550460587622651,9.24443785669509,8.024932922489592,0,test
3.124977046873351,4.116595989112861,6.491145160210224,0,test
6.619985704131242,5.8877891075685955,1.5446258874775751,1,test
5.320227825087527,8.035104291827261,7.958518861284858,1,test
6.351026820683117,1.5898496065062138,7.385020986365281,1,test
7.147792008920067,6.881830481287626,4.755103945634993,1,test
6.7354319585797615,6.421593080718882,3.9674313026648993,0,test
3.1909664419330985,4.506873921822381,4.8244181011300915,1,test
9.072403325329521,2.463686486356136,7.584909086407611,1,test
5.619883195807527,6.603248528517039,6.302503995750139,1,test
3.5490119885760048,10.113136625834507,5.175412622426424,1,test
10.918323067833366,6.926727053831887,10.28660522336998,1,test
1.337913418149852,1.767679789176092,9.586689713828484,0,test
9.697421605703402,3.6695662520592616,9.813643733108844,1,test
9.245213173110287,1.198446384914141,4.168159225524401,0,test
3.4087577186162052,2.5458466153157566,7.946647405979278,1,test
6.2418205500627835,9.64527898809988,6.745760438741767,1,test
9.580009648294288,1.9667145683707603,6.198534546854074,0,test
8.18033720458919,8.986881347053208,7.16137543254211,1,test
10.196561239964382,11.078334418130943,0.410438614304828,1,test
3.6722919731669617,5.69698691969103,6.686202339750004,1,test
7.451826780690051,5.057859125540629,7.496098915854817,1,test
3.225673766917275,2.7455873065938676,3.087243571390065,1,test
8.964867191813813,1.2946669153884296,9.308950208663367,1,test
7.034086813113692,8.454358055461741,2.9377841744284185,1,test
2.178608697922354,7.857148925857584,0.5736091213386241,0,test
4.597651611780958,7.529030573340103,3.828556221022972,1,test
1.9446656737442922,7.261755194815097,4.16607038844897,0,test
3.961757203815473,9.989234574482293,7.730050269217988,1,test
3.694957428398891,5.972816212546887,1.9110309417498619,0,test
4.920614343681636,4.035250373138213,6.346661680766134,0,test
3.255340195594569,2.249370057784654,8.886938273622656,0,test
9.710832299822526,11.136266682736466,3.8918514173446903,1,test
10.635157537824677,7.735344772533924,3.4596842998250716,1,test
3.290322143920032,0.5445325190020724,8.680839450204266,0,test
8.26045138317403,3.956574899125945,6.74190127751348,1,test
5.670708437910656,8.544352311611927,1.2019982487970413,1,test
7.859779223512921,7.321243242763506,7.725571349372319,1,test
8.894377767460316,5.398178515358285,5.939044450225427,1,test
5.45525259952757,1.6976459854792054,5.712042812060097,0,test
2.982658949812654,3.666965063318807,4.495754809926625,0,test
3.9808698165369103,9.258468596453968,8.520858819750115,1,test
8.391131114975964,4.025896206614379,7.767815033340334,1,test
7.172351271709424,0.12173123752677406,3.3272215889400902,0,test
1.4957382263557228,2.198857473495374,2.947319326969624,0,test
8.769397165046422,4.574946362917375,4.736464321601279,1,test
5.653220523020038,4.997278831522295,8.51152235727863,0,test
3.2430903496531513,5.715671786285104,9.19778972156936,0,test
4.461866946396572,9.359145509200063,7.238044564194217,1,test
9.179168444124667,6.397787612687025,2.3145261632985146,1,test
2.3384806074294024,4.677789627370068,6.356379848774028,0,test
2.703792394988464,5.795299095305366,3.692032867460067,1,test
8.330847521358054,3.56657675399063,6.99819662211685,1,test
2.689564169227183,8.788248721854176,9.516068657966878,0,test
3.467559470080659,6.099749556884396,7.727678818363109,0,test
7.838450613162861,2.8085994447977463,2.1099782272569625,1,test
7.681509041105314,8.135231760746256,4.311302596293884,1,test
8.872536926495858,7.640234241177052,4.778746747769379,1,test
7.678008552238959,-0.1255643226074501,8.937881434149807,0,test
2.6765241424538986,2.7355060775005584,4.905023114458724,0,test
4.98178556557348,4.2235117751862985,7.323755560371793,0,test
5.060111983265067,5.024311240284234,4.470576648117027,1,test
2.6336565563776495,4.161595567474337,5.539472036941355,0,test
2.3430630684046596,4.837482482521299,2.8220991143638536,0,test
3.3427359023908254,0.6068418284539661,3.5882948879776966,0,test
7.6993834352100885,5.112038818830021,4.91381265023263,1,test
7.431792366386141,3.506492885120823,4.31475991794909,0,test
2.8113572154575106,0.5292753707465355,6.120434395653734,1,test
2.3346864943030416,6.929043711938044,7.153449836166711,0,test
8.908871699624402,10.940049611410917,2.078434029967277,1,test
4.005656836767097,2.2802248603465713,8.854480475400873,0,test
4.1028385532836875,10.710772556875469,9.926732105203596,1,test
2.6177524061002444,1.2243834751820706,6.709144759558836,0,test
4.9017725918481565,4.579734152383194,0.9991131583573942,0,test
5.299203418219846,7.166679444675818,3.2882993121832,1,test
6.0064773189386615,8.517154562670017,1.8515632512507718,1,test
2.0345140613426795,9.235029707912453,5.152021981640751,0,test
4.873702206289426,4.973249372997128,8.882137275703453,0,test
4.4647557879976345,9.107812686809188,6.33247093243368,1,test
6.804001193235534,2.0834868067529557,5.296213145043539,0,test
2.206731137583404,7.502482471560188,8.444708915346942,0,test
4.1082368262667694,5.079875011399116,3.886368758972526,0,test
2.8217833908778784,1.8965423489461466,3.752092481339643,0,test
3.5099678159292393,7.145377605827945,8.05371734910597,0,test
5.002438503927556,1.1860116343744798,5.5526206624073895,1,test
7.359003807622725,3.173851382869232,2.688937735573057,0,test
7.16381504175858,3.88109938392581,9.143033918675332,1,test
8.97036145715409,6.6107711168196595,1.4759679409968531,1,test
8.53855402820935,10.869850122423477,7.275813205794898,1,test
3.3874735547410957,1.5111443634815465,3.2136996032255585,0,test
3.075945886955526,0.42997121654830306,3.097499466480122,0,test
4.0621632341772935,8.528983004422166,3.8472537750997295,0,test
6.307245798927104,4.13345021073073,4.033329652976436,0,test
3.175532678586332,9.974546719547504,0.9171771556135786,0,test
9.46949358394603,10.041093934202843,3.281651861875164,1,test
3.9768583543191305,5.911036191507497,4.042406177749207,0,test
4.687271685778358,3.3508813106230333,6.446069438690861,0,test
8.428806573045128,7.520885900864805,4.14389231406701,1,test
1.4577122866053023,5.4862025718546565,4.211379429986702,0,test
3.875429802243225,2.3982005970277527,3.880850564778611,1,test
4.792282794776499,7.733001138410566,3.659957050463115,1,test
6.197734589028059,7.779194152804671,2.7533647083212647,1,test
7.737227358323103,0.002764434660033288,1.4416094511441424,0,test
1.9367906606037466,0.9718181870496583,5.589586126462646,0,test
8.462713976415419,5.2695959007242,3.5563723165822143,1,test
1.41603766414188,3.1856399587597366,2.1598585751278976,0,test
8.367883832271403,6.058355436860395,7.489642199413943,1,test
3.7501432999716613,7.343062141657521,2.445840741842704,1,test
4.206214613356565,3.592009074084568,4.447962360626172,0,test
7.293417235272569,2.3255071099836537,9.137803041866286,0,test
9.481580365479322,5.772381378823552,5.337237881737558,1,test
3.699666463280014,10.563795002536157,0.4033774204072873,0,test
3.5826550726802378,4.898282379653526,8.845982585127183,0,test
3.055547769834737,3.326279267895247,4.646818572456155,0,test
5.63536270944353,1.5289271524522419,8.417773211939835,0,test
5.1374839557774985,2.064879581364332,9.37365229506874,0,test
4.299595316917314,9.416845808240238,3.873583954807692,1,test
6.4828973679304225,2.8355529939563033,6.034235732900105,0,test
10.802343227308777,8.414845469585396,7.194315671508738,0,test
4.208630783905558,7.097887433008379,9.61273162552769,0,test
5.785966272734855,3.1910804498746206,2.8725895238133328,0,test
2.5031598982631604,5.0132424738277415,2.8913318269102697,0,test
7.167430863482281,7.511270665366948,9.589913881661703,1,test
7.664768370802748,9.115971383632123,4.2122496106121545,1,test
6.412505762970589,9.918046521677699,6.204550318953128,1,test
7.170289453938432,6.885149692152809,6.421600855201774,0,test
2.578604533028968,9.607378848596493,4.4900311520741685,1,test
9.395261766278722,6.820697157789974,1.4823797664616172,1,test
5.557267701466596,3.782866068282006,7.41962542856978,0,test
2.9492248070896743,5.338037776265338,5.181909538614227,1,test
6.326981111823024,1.8023309679468966,1.2290757280371125,0,test
6.823936663894122,1.882828487912421,8.068649978584558,0,test
8.207658933082747,6.978893886619294,4.978008591338217,1,test
7.202917215315535,2.5682907940132607,3.0647637385702504,0,test
5.528249166162307,4.823752133410704,1.805250585759223,0,test
1.8931498120809074,10.465818325732773,5.945366751339856,0,test
7.732547565158395,8.023547215449423,10.028372397217566,0,test
6.870714177801725,3.4295161952176865,5.957797454837451,1,test
4.818899455244928,3.944493122397487,6.388905336605273,0,test
5.106532850954967,2.224366064709223,3.704532225919908,0,test
4.650603254702653,5.021995920939996,5.764676788731615,1,test
0.11367667029860162,5.60545602785782,6.218161579104017,1,test
2.9629600216553293,7.012707194182679,4.9049057513471634,0,test
3.2029600190329006,6.801105789206985,5.638319873533877,0,test
1.2058990379251158,1.527326568514597,6.180793485184084,0,test
5.463036597751147,2.499498373847636,9.083061395534049,0,test
6.213332245656226,9.03234312023487,0.9861298502312538,0,test
3.3881127426126803,2.436166428943194,9.325095265925167,0,test
2.7745705972947348,4.525283818917628,0.11803762702036957,0,test
6.266969455197943,0.8598986468324583,5.607330106978644,0,test
7.315703334652939,2.0726215380509325,7.389945329928465,0,test
6.694836685066245,2.8935823747202702,8.701966709723658,0,test
4.681427243649109,1.02831792566348,6.898811782711415,0,test
6.25912693455476,2.6174206075966726,7.478737968140304,0,test
2.8340255625039386,6.412319806046837,6.842209424865887,0,test
2.8306402358367273,2.946164564391289,4.348930297052283,0,test
8.34016012397851,5.62990064944606,2.2273351146023694,1,test
4.576141561367392,4.026829754223914,8.24532633522225,0,test
8.50216553020264,5.950482632455428,9.739376956510437,1,test
6.427493667047883,1.7266045568965782,1.502287129538041,0,test
1.2600443866417907,1.950257325297121,5.857010733060234,0,test
4.074472541595845,7.215268765127392,8.55694927100503,1,test
4.987676826528581,7.011716313439678,8.55615275677005,1,test
4.67709288710374,7.180152790064315,7.603893064723228,0,test
7.428925542180352,8.185935246820428,1.7063731087312894,1,test
7.749479097059723,2.3598682235998725,0.7014634670885082,0,test
3.6189243959503004,7.510543561192249,8.798343024526734,1,test
3.196263595570626,4.300894201013987,5.248258069251079,0,test
1.145955014156467,5.3283839291294735,4.293511772405374,0,test
3.4614576174412153,8.379461182224043,9.953788850755856,1,test
7.761682203210263,3.2824580237139234,6.064259003329579,1,test
5.679687881049401,5.922846497883662,3.8567189910287536,1,test
6.313453363776001,5.137966763836457,5.876908919695965,1,test
4.637216707567633,1.605193624245231,7.833119907336386,0,test
6.938200073882022,7.214522298348471,3.320342983594314,1,test
10.052259056146285,5.7790032286720585,6.391334448171901,1,test
5.767286934032447,3.961333755932669,6.089425423319214,0,test
8.849506880493035,5.041501157191858,7.111686826760603,1,test
6.46686813205623,4.429112579572699,3.2504778890235033,1,test
4.263177190126934,6.485916401314229,5.769959979826843,1,test
7.837766151122061,5.361896024037037,2.1955306247525623,1,test
5.184872342461093,4.598607824083215,7.874625440159277,1,test
3.8449192945589785,8.441380687936222,4.69017466085455,1,test
5.981526933594644,7.68132367885069,3.575800831258111,1,test
7.688189022133682,6.099635167903654,1.6938236276620242,1,test
6.69069856194443,5.001094440485453,9.030059082853434,1,test
7.07382910692462,3.687718431727334,3.2495575827808016,0,test
0.9163969027435197,1.6363715436936035,2.6609614363407497,0,test
1.0666098452440544,5.430680694533666,0.815759215138349,0,test
1.6936064477496025,8.071325031838901,7.605388661320623,1,test
9.343214572875388,7.3195711928424485,2.7131269281661194,0,test
6.6992945434641245,5.171164134452772,7.84324659634085,1,test
7.704943426403103,0.5876100532439246,9.119588291206618,0,test
8.268219980187212,4.107765411182843,5.258826929005083,1,test
8.77375469994788,9.794107683385109,8.0153537591893,1,test
3.3717411295707107,7.4117675164700065,6.767484891377973,1,test
4.4610829121624525,8.352810418333615,6.300586617694198,1,test
9.683213831325407,7.751881397612293,0.36623152790931546,1,test
9.047074154419258,6.553648295819572,10.64203780543303,1,test
7.3469670524503865,2.3501703595873593,6.691944456006166,0,test
6.836330860218985,9.335613724895023,10.304607509557128,1,test
7.095210331756643,1.9389664552975154,2.63297462492062,0,test
9.368771122525754,4.479606024197633,8.146278252492635,0,test
5.414810068396072,8.57854346821263,6.208325107495012,1,test
2.14169583656301,2.794795101675449,6.231204678290768,0,test
9.476300488348395,6.533456699060874,4.732647724666623,1,test
4.885035809452049,7.5963609475816565,7.34340660273219,1,test
5.783231516283303,2.7809428043232494,6.985761727527211,0,test
8.097074710769087,3.682627659917273,9.502326369998912,1,test
8.417177519677256,8.014801494237764,6.094947218421147,1,test
4.975845138051533,0.8079725424651983,8.513936064991876,0,test
11.103136381333929,9.110483035112845,1.3302394712903582,1,test
10.835989337357198,5.5794162127115765,3.717588772031411,1,test
1.7000877800315881,9.104325396806342,9.548297165772802,0,test
3.9092083770082677,6.0961935919320815,1.9939856671474196,0,test
7.334687230385407,10.086240236587335,8.706594539850713,1,test
7.301175202850596,1.977068660831251,5.505644800049659,0,test
3.262006938652144,2.6598103874340153,3.9828242026225236,0,test
8.755008955121035,1.62794405480032,6.697765452170235,0,test
7.3197091794454705,8.781357299849637,6.761569584365194,0,test
2.8343487319464056,4.409749793633024,6.540305687049364,0,test
7.889368253244461,5.396515826214348,5.395783299739281,0,test
9.250891496084199,8.240497797607164,1.4717240703026653,1,test
8.43773129849032,7.009404813697927,7.9044538454982805,1,test
7.0184571954641015,6.706139393389245,1.9085449906100054,1,test
1.0820686219201783,5.702091917066767,6.279058905047549,0,test
8.802710104291915,2.479794962912788,6.388032532603582,1,test
7.242518901243776,8.944795062075718,5.362859803485618,1,test
4.4387120056806815,8.700646909822789,2.8178776889579753,1,test
4.981082644534191,3.989753969012632,4.099506117414373,1,test
3.2565303786284403,9.169029016007133,4.014391697590629,1,test
8.249682225653961,9.007476987518361,9.369911431866479,1,test
6.983457677883736,6.16628128097364,4.430931011539056,1,test
6.288877598664659,9.506902749430722,8.724602090700191,1,test
5.151380696166787,6.69917128486854,2.700500493924422,1,test
3.8462534919640796,10.357459851639868,4.200365230830078,0,test
0.7500797098879382,10.279926021815063,6.661312997734143,0,test
6.429000945483087,10.089726859406943,6.727805382425267,1,test
4.665025485232811,8.204231056284087,9.44462247187381,1,test
6.355951983466785,6.809294251490813,1.8111430312346695,1,test
4.409048701138638,6.580645440248402,4.023157461355909,1,test
0.9832754016455348,0.9715806093342133,5.455526876178919,0,test
4.774060869072126,3.36410265975453,4.305962205040132,0,test
8.760094961215696,8.610350698052232,5.238378956286745,1,test
9.526687949531226,2.979242586929395,7.647090230779055,1,test
8.49189872479467,3.088463210954937,0.6174700655866057,1,test
8.681853506044042,10.084252513207854,8.608792998547482,1,test
5.693444693275035,8.664083771994262,9.219096532878984,1,test
4.875298111825521,3.0130611591449226,10.483327649492617,0,test
1.6960765136319176,8.819877815780542,0.5689953659346011,0,test
6.858214246988972,5.712268489156022,6.537110554356296,1,test
6.168068617530176,6.936013117874323,9.487206133006556,1,test
0.6201483314849717,6.159805548580306,2.4389694954086387,0,test
6.791981685900146,3.107097652984723,1.69044888018577,0,test
2.434629707875875,7.219091922447104,3.9886971629607095,1,test
1.4214611314969416,4.101169164052512,1.6659994708068928,0,test
3.7581753363586583,7.98933671756992,5.305455780228662,1,test
5.328944765252655,5.913747331628191,5.741599233951018,1,test
3.4803291705533654,0.6127481785524965,1.716163985446033,0,test
4.1768589090034,1.9894464099545446,2.8368485748507997,0,test
9.963218418334959,9.837400397238047,7.7537277090905,1,test
6.736849800809073,7.544689509894628,6.931769032915053,1,test
5.104183831459122,1.1682745367887002,6.817980937202966,0,test
4.055330258625304,6.529181366658641,7.035101354612307,1,test
9.018946836856108,9.322640474176032,10.883361655115023,1,test
6.1732967453449765,5.975201556632986,4.519912846841902,1,test
3.9902564966970466,9.812856620888912,4.37381025577268,0,test
6.984247004577472,1.3623840543864327,7.596632459938682,0,test
7.168924522320536,5.548876678191755,8.581393598179062,1,test
2.855902960980192,8.084478507909736,9.020866077318884,1,test
5.664443690246635,-0.15653322348595622,2.674152749361699,0,test
9.451941200279581,4.708824612858859,8.459816087671076,1,test
4.509620880609915,3.657105988042502,7.320002425724734,0,test
7.050304276738408,5.6233797716956,3.290855190982121,1,test
1.6375558697828176,4.544460307140119,10.036150728603385,0,test
8.38029325209325,8.072975940625973,3.601262818869953,1,test
6.257178091681841,9.308840561354256,7.379309153053477,1,test
-0.25871751294059564,3.2247720285926267,1.5877470180011546,0,test
7.972461398396721,6.032381389781744,6.291456162137907,1,test
7.01855316843081,9.32564725461499,9.810093133674451,1,test
3.9657737815870977,5.353806411842685,5.5958896505069,0,test
2.1512650931833672,5.25946435945052,9.646006990009754,0,test
4.841890236699861,2.9892569677879175,8.512419324918472,0,test
9.938085367306913,3.2292252721002805,8.134226133617691,1,test
10.648270880872397,10.33132795441569,10.813423365155753,1,test
7.108172612163735,1.0839887684621314,9.556949131554607,0,test
1.3123609043270554,1.9250639225540815,4.344418287504414,0,test
3.11990676437639,7.405334908821081,4.597742236075125,0,test
4.56098558006053,8.276853980537348,3.1227295233511634,0,test
9.675307412069778,5.521050386864151,8.778253898587245,1,test
6.49119940169185,9.699020546422258,9.226063577606272,1,test
6.212783125609214,2.9378980145061337,8.157178063938245,0,test
9.890810244708245,3.9243537448437484,2.3871783156160684,1,test
8.74413745768577,8.404917946508233,8.717948140898736,1,test
7.80951645952985,9.308581750153829,3.6901684964948367,1,test
3.8739130712504872,1.7751458206221213,1.7188875817078877,0,test
9.445303701551078,9.037293408523276,4.748413382287073,1,test
4.732891454386869,9.482410466813835,2.324632139187205,1,test
5.513256691766123,9.793781415742826,1.6615034499822814,1,test
10.456291226585883,9.303861050746164,4.486943863829058,1,test
4.9836027916125545,4.303131524315848,1.041428168484154,0,test
2.2217940617461864,1.2900737653841414,6.810111000774624,0,test
4.728998300069959,5.537604166755555,10.666806923200522,0,test
2.391762628643901,1.387161673916197,7.39927100523702,0,test
5.413882830639221,7.844166585329571,5.11802557907798,0,test
12.116153453916972,7.2045900323677925,3.0410211626805843,1,test
4.04233727519243,2.7502643572785828,5.240954092542929,0,test
3.9028594189724726,0.48956413921774855,4.438632366908512,0,test
1.3677830437889738,2.9730636922758946,8.344149082624998,0,test
1.3047171140531988,5.4593896928088235,1.7293868514412747,0,test
6.619917224212493,5.2424031274195295,6.361302962494133,1,test
5.519062784248382,7.299237159578512,6.799962000420714,1,test
4.082602584008109,1.9331673479484723,6.511733656377709,0,test
5.115450416213426,3.5647650836231133,7.15033337044847,0,test
2.2426762576517705,7.621663163083153,4.04048227704838,0,test
8.793856758083223,8.651425900129045,1.8755247782794244,1,test
10.547376504880315,9.015160839362988,8.756220037598148,1,test
9.831474528314928,5.05657811257003,5.176217686814857,1,test
5.274448168883876,5.305349574708626,1.9928735642203916,0,test
8.252515942381834,6.021196779438493,3.7192890432249595,1,test
5.211761010001766,3.2282198402641225,2.644157817787585,0,test
8.260719129810337,5.953051460740343,4.019065975003317,1,test
7.405953109978099,6.756995379159331,6.586096155606906,1,test
5.0344826666304385,1.4944193387292966,0.8634656654970376,0,test
8.726761877343987,3.704669840292681,5.925196024870148,1,test
7.2253565841677325,8.719285686895445,3.0506310485775936,1,test
5.755792463835177,5.910409882968351,3.047108395128693,1,test
6.5474022824306575,5.053741513500344,2.5952314822332374,1,test
5.076179632888376,4.244547734540561,3.8275364677372803,0,test
7.957485250844653,7.174261704254714,9.674151736763626,1,test
5.512048533856783,8.931250154588998,9.649552790659465,1,test
6.407569843095798,2.5436322116985712,6.472592369187602,0,test
10.820712021235249,7.680981735113473,6.038233535943551,1,test
8.171501394323178,1.308193840397493,8.397576688588828,0,test
7.591454053429656,1.3188988390955645,9.169209687607982,0,test
10.006985234924015,5.031131959987739,1.6944764488871191,1,test
9.163374700930765,5.213517244417044,2.078543348744703,1,test
6.374686511935651,7.635769962181589,9.30409608192488,0,test
7.421401633718256,7.415159673576628,3.2823916034624645,1,test
7.1194407112876155,2.4305407912437005,4.865305527245487,0,test
0.6056303723910905,2.2338820504450028,3.8640755402249205,0,test
7.269755371695615,6.599363790744018,3.228718438943048,1,test
4.879318623654379,8.706331345678977,3.9970872005136338,1,test
4.3498847109469185,9.630541947838317,2.9564341480005782,1,test
10.780142402504012,9.106426121374202,5.896093482520186,1,test
2.0671745785541153,8.980534133920697,6.498900543359584,0,test
5.251536995821288,2.571193589459405,7.466284667110233,1,test
2.6145428619271955,1.8364581591050206,6.831327033383462,0,test
3.503909287425964,9.715556676834755,5.787817371586817,1,test
7.679373635406289,8.367267900895376,3.187775246772732,1,test
9.883534420500743,6.827693757646458,2.1198980525007856,1,test
6.029447098761513,8.57579221607741,7.318979546615201,1,test
7.245872715399086,4.739348528255256,4.637298832353549,1,test
2.2237332132221477,7.748807276998407,5.988434695907211,1,test
6.963452498720235,4.035494456544568,1.2177815338480091,0,test
10.083843441112524,5.270677928461179,6.847009743074325,1,test
2.163727285082881,6.037688448379789,9.495203886732563,0,test
3.0552930776566325,6.11163498739465,8.916223619975721,0,test
4.761509476539079,9.437123952610936,1.7491885842872297,1,test
5.4641518281772115,7.830613698235891,5.732069223557671,1,test
5.991261370025498,5.897152891886203,2.779341034674928,1,test
8.180458557728402,6.241755906342252,4.40127522197393,0,test
3.75239809835297,3.5236242332240675,5.767733813856575,0,test
10.752764693980218,4.636934761199128,7.573909827440463,0,test
4.903907593013735,2.0322116583216405,7.589225195178261,0,test
4.664240295064127,6.306692297308455,5.025613454518215,1,test
0.42788697304449697,5.20652502682693,2.417066330317593,0,test
2.242908945654418,9.5257315104919,3.1763873242024245,0,test
8.298398173330368,1.3685021951210454,9.371327711895505,1,test
9.291146743029243,10.10935888485443,2.7941504052134447,1,test
6.274058059319092,6.279448242931944,6.910940966897449,1,test
5.5987963700332966,6.980396109045566,2.664852875622231,1,test
4.583549125847601,6.002648824498452,6.3776270832445,0,test
5.654907573488138,3.714529397980116,5.209841610566068,1,test
3.309913636357293,7.843623188263828,1.393517172737115,1,test
5.572339658979223,-0.7285320272976084,2.356179834590108,0,test
5.888291832870228,2.0040762058786017,3.6513141094024295,0,test
5.443985307874189,4.776020035175852,1.5745103270448082,0,test
7.673971175737583,8.942425828887663,7.2511541653155325,1,test
3.887867630160023,6.80585485908227,2.25324412174495,0,test
4.731927134003355,1.1833777809144803,4.470624633636741,0,test
5.886120180463573,7.586901171525316,9.450646360207127,0,test
2.4590557139868023,6.167272489808853,4.5856940533948345,0,test
-0.9321798336546054,5.408392317761223,5.671183033097952,0,test
2.5570879412666496,7.919428844154249,2.1482967746893213,0,test
-0.010823905863597716,7.502760235164735,7.858458828748256,0,test
5.0154428805832465,3.3117014291743256,2.5049147933565683,0,test
3.0401964997911466,2.176383305720827,8.090898745607475,1,test
1.9915581133538112,2.249912444261161,4.872171538704752,1,test
5.911822276757996,2.524191725146726,5.890487396183254,0,test
5.879506185817384,4.77553612069931,7.124949839280502,0,test
3.4533422497753854,3.897202702525099,9.472201356136118,0,test
6.441634082305157,7.870964457179178,9.46133060187111,0,test
6.328442630880975,5.783433917658266,3.6562480303809037,1,test
3.905050894350153,2.6429209623118295,2.8000720630375397,0,test
7.7128216860845,8.230814547247535,8.68141322368623,1,test
1.1870570900988633,8.229227361748348,6.2884775116063105,0,test
7.360656051571929,6.5089736931956965,1.1312682507391094,0,test
9.274794442292636,2.3169305900373547,8.672490614794905,0,test
5.642064365912393,4.927274959920008,1.925625307176711,1,test
6.25493370318337,4.542119329265258,4.068192254529956,1,test
4.597886790222129,2.560062430914993,2.415836270724124,0,test
6.6361819093354235,0.945476004307761,9.841104718437217,0,test
2.0476969567437098,7.066678895261691,2.62191046872852,0,test
3.4502797446693774,10.304698353861593,6.329320110508097,1,test
6.4530056843907415,6.827613975675441,2.029333770651382,0,test
8.460624421368088,1.5785422276894792,3.692383087277431,0,test
8.527907448364347,7.3037724596351765,1.7481267615538396,1,test
8.661956253057623,4.8505730795549775,4.6183883502833085,1,test
9.625861303368607,1.254829958609242,5.95453768019016,0,test
6.947464152751998,8.518515848183341,5.897984877432663,1,test
1.5911604948499627,5.887943619375118,4.661139568358899,0,test
2.579378470235022,3.8172479720531767,5.294072252429666,0,test
9.963964217202193,3.104077788931083,3.4966289999843703,1,test
1.275605789197337,9.211343443207593,3.269619140634669,0,test
9.306269255984887,6.974029374241307,7.776598337240648,1,test
3.700786675500999,3.6213522232260567,3.8395844587645165,0,test
4.457712285416947,5.95464656342882,0.8811474709623074,0,test
2.0197493944134215,4.248194027354624,5.669737247939978,0,test
5.588457988855521,9.841671331846557,9.847261509434093,0,test
3.001996733273338,4.971920259783023,9.134616251111758,0,test
10.586032663834398,3.3360682631197935,5.756881594942852,1,test
3.946574995189979,5.834677364738006,3.5595072467866324,1,test
9.762644084861744,2.0873385291280018,5.458689066619677,0,test
7.998191677837794,5.4730100837373925,1.3798717947162817,1,test
7.518158452562558,3.228912546004899,9.624245500910872,1,test
2.6508814977398183,8.356913915658566,0.9664608773118022,0,test
5.837280684876856,5.344687516613029,5.659523318147953,1,test
2.16265861234511,9.863259592982583,2.565798308377368,0,test
6.379066562262206,5.321665194941317,8.20021936622133,1,test
5.826592657147265,4.44307396961967,6.62050505345033,1,test
4.938037670391414,7.839714211480559,5.373117671256223,1,test
4.82161283566665,2.8100917977318387,4.115906316377247,0,test
4.122486230562483,3.512870222368674,10.952020332660233,0,test
6.629595329243313,8.104880334797672,5.280382237943994,1,test
2.0558776753974652,4.138030410445574,6.37685437727913,0,test
7.954854836333267,2.1876920603763432,4.455149125420772,0,test
8.375877085244234,8.533612102922266,4.037840363056622,0,test
5.637970633844089,8.474462225471113,6.730608030243222,1,test
10.570534612754225,2.872657951043938,9.139641265954426,1,test
4.4939000691508735,7.359882772299726,5.8188875976241965,0,test
4.3852295579693354,7.439768544055526,4.771467430200619,1,test
8.880546529714154,4.42645933930751,0.569671940700379,0,test
7.14809977750423,6.2591051689285,10.42821787896194,1,test
2.32121611446132,10.149385592827574,3.8008983809939476,1,test
4.341246999879685,7.703028697258612,7.305938836530499,1,test
6.033847621368466,6.473727196378915,2.776853416306143,1,test
2.630799633288145,8.459265624187179,8.281422395078483,0,test
5.974460854254899,9.388441275131134,1.7245457435550215,0,test
9.818474134206307,1.971427606203818,2.6271883881518154,0,test
2.800785447197164,2.2745060307317937,5.5814896204663205,0,test
10.084159378945957,3.3095564095410395,5.214654319640273,1,test
7.74628968860039,10.487245869386417,6.908534138397817,1,test
3.3823785888401434,5.006132198963715,9.740158990248208,0,test
8.191327990959499,1.7319818130579234,7.6969553552053,0,test
9.200211078774009,1.0307721186021306,5.760800669669443,0,test
7.121490440412288,7.807409850589208,4.815298869867371,1,test
3.442592455886069,8.391903895025507,6.274273834531437,1,test
9.1747456034854,3.4856568026703707,0.5410988596926023,0,test
8.41472967119647,6.307966112579241,8.94046370067338,1,test
3.438444330033591,6.76497873074284,4.886861839053009,0,test
3.142531209337423,5.1229667697328125,2.9468874442560775,0,test
0.28405713769885343,7.540377387389772,9.116978217737504,0,test
4.327291121508706,5.713126555765988,10.463968293632437,1,test
6.800007799626721,6.519718470206113,4.4542336838112035,1,test
3.6258976521806985,7.0471490972179005,1.881642562967733,0,test
3.2902806673428238,1.1092823759201393,4.698721814659911,0,test
1.8337282010154978,4.042686323203286,2.3157284669539773,0,test
6.025912749642184,4.450220016861094,6.53342607492144,0,test
8.846658057032137,3.1876083699382995,5.485760560886961,0,test
3.6422567780606574,5.402480527706529,3.8776767323736143,0,test
6.055971410753492,5.9372988596758685,3.599731002073674,1,test
1.1050962837113432,4.541296422358721,8.40510446389958,0,test
1.4746786722723808,2.7761620698382,1.6105903826503172,1,test
8.941207840972881,6.614582262600865,8.733350200920883,1,test
9.11467038953118,1.8670117294713526,9.729353090023174,0,test
6.409046076082228,8.351280108648009,6.077765695069342,1,test
2.966167749306607,3.8170349474405367,10.11902743271106,1,test
6.8000512163794555,5.554589694732782,2.192083677408835,1,test
4.337373059260699,8.689474535842065,0.9683796561369826,1,test
0.5157423734736488,8.090653916494759,9.76002176081682,0,test
2.40155786682263,5.215978274348467,3.782434921798295,0,test
9.453534635898338,6.193821640477241,6.043777030962531,1,test
7.166375499996538,2.347150823611903,2.626043223081466,1,test
5.172165970814669,9.333673970023012,8.074278038071453,1,test
9.711058923090343,1.2595349513493246,3.5452970852765895,0,test
9.360683336908734,4.644991971659856,2.216386388405309,1,test
-0.1902216974394888,7.178587015637263,2.9220028364045865,0,test
7.0194932211589,5.468665211214974,5.847724739221724,1,test
2.1427360184497743,4.069378781562032,4.127469293857145,0,test
3.8966128109851197,7.8336922986584545,5.656780920350702,1,test
10.74177001761021,8.220865333073476,1.7776954037828987,1,test
-0.3583712551896885,5.175179396702701,3.828810697817458,0,test
8.80072068621327,5.740914735003035,8.49816257742854,0,test
8.643638879954093,7.681082457759038,7.7979292065903625,0,test
6.251352526947482,5.989146801809722,2.2985677075658035,1,test
6.0824011721059605,2.449061235260623,8.257646035077123,0,test
1.58969049265169,2.684063275805785,6.334720332682474,0,test
1.6479811178437462,7.850568510291211,5.998961216102219,0,test
4.234231289551088,7.661605537480357,1.8450247328912253,1,test
3.615859443612202,7.368967309533442,4.988467242568653,1,test
6.529542925675822,7.107107268601936,1.837484797955824,1,test
7.312163720070164,4.175078509764713,4.536682196365794,1,test
2.295190282479125,9.854798320400542,2.92529527394738,1,test
4.9794946412223275,4.4118141012579075,3.561543293656044,0,test
6.885704889551166,0.4509818340411049,4.171845250833832,0,test
9.427498893274105,8.548345006583206,1.4682725079268601,1,test
9.12354803170947,4.621510944116091,3.0572919894709516,1,test
5.37952676532003,5.277253400511611,7.846348061923539,0,test
1.5893196262640295,6.3794315489765205,6.13492449397132,0,test
7.294685972100739,5.244459982525802,9.046350915501733,1,test
5.063149183622391,3.5215513622873043,6.272604258208772,0,test
3.9841721815756195,4.1169788425094405,5.601725608791267,0,test
8.01810730347385,9.201893793186485,4.118573474923567,0,test
6.262934526156951,5.559694716458105,5.538247858071031,0,test
8.269152220260782,1.7105874681364839,6.276380608284008,0,test
2.6544386931082222,2.1330080633497848,7.184125250327032,0,test
2.9388374321418187,8.799005575916244,9.375814597619298,1,test
7.443257130688995,9.385685509658616,9.949484408893193,0,test
8.985669150331647,5.3354694875783535,1.139747330749187,1,test
2.7712951826140793,3.403010903280162,10.95763742246659,0,test
3.237178148791876,3.161671282816887,8.32797701226554,0,test
9.36420838127623,2.4047217670138865,6.243719329022819,1,test
2.164592595339075,9.501141854423327,3.426899417565518,0,test
3.8684504624554013,6.7487126106120225,4.519028320985356,1,test
3.1753787919144005,6.411963809061717,9.876314985660692,0,test
7.01525646480846,9.539455525896699,1.399117110513794,1,test
0.969149961053141,8.282493477830162,9.27906644218998,0,test
5.059770206127129,5.9752141303627475,9.185615610332201,1,test
6.973598233468829,1.5099169364507148,2.353349536964565,1,test
7.562860920311497,5.092586851421874,4.8074115458470725,1,test
9.103382231207211,2.287861159757761,7.933252325704627,0,test
4.989468982866139,3.8449605945035517,1.424687538364667,1,test
10.34815145799126,2.7028983074901074,3.2460140160634676,0,test
3.949547432217658,0.5913139886516943,9.01633446368491,0,test
10.385067243491559,9.313603555560881,7.669944257749306,1,test
5.10346396224426,8.613683378998612,7.464344468514794,1,test
4.951931509658486,6.6002713421588775,3.779631088755587,1,test
2.942303641745652,8.799087017087798,1.748911889414651,0,test
8.51444580748921,4.657041416146065,11.14994852607873,1,test
4.478231490602601,7.916191461107384,5.549474467645393,1,test
2.708209703759732,5.471606344309236,9.221762071033469,0,test
1.8853157005299752,6.031981244059274,8.54253579481751,0,test
7.752030211640946,11.3584089250227,3.3758863138176234,1,test
5.930518810330745,2.7698845647598684,0.4434606038273643,0,test
2.3817144345987873,5.009412392800974,3.478594317006458,0,test
5.507846427582987,4.48051798946114,7.148275158344451,1,test
6.112660372900672,8.215306351005632,3.113347112687064,1,test
9.613882614351848,8.535452993548631,8.765716250108412,1,test
6.531961507158949,8.1580645319787,8.281198698264046,1,test
7.177566938070621,3.102895300638371,8.476206164411446,0,test
3.0260242801826855,1.769856051179755,5.823835622068599,0,test
1.5968920396639126,8.900045475729243,3.9574552063726025,0,test
1.3515729554435056,1.146242824449387,5.844955637611676,0,test
1.793737138505357,6.16369783275228,9.238200181174676,1,test
1.5873985196551288,10.336549961110597,2.87386658476716,0,test
8.15304757764055,6.431631079425755,6.754188660426257,1,test
2.653713292439792,11.33472788344986,2.2917940969643946,1,test
7.689805635850001,8.525677314169164,2.033343504789303,1,test
4.155731216179466,0.9507496313508634,0.9113811765094469,0,test
0.7309494762445432,2.014721801170772,6.656758497990564,0,test
4.2865604041524765,3.590959094638783,9.634737012768916,0,test
7.163100755091574,6.867092399670974,6.095829464922311,1,test
4.271760738193842,1.48843781527477,7.336482761919523,0,test
5.573220120895485,1.5270009632327306,6.284447633552791,0,test
10.364126976963272,4.972513983084401,6.58790658491741,1,test
4.95184483442311,5.959796317923134,9.445684998267092,1,test
1.169394627195539,2.620762512407564,6.537654798215455,0,test
6.3776648211015665,1.4107646434731778,8.115730492462932,0,test
2.109071054319434,5.860758169070956,4.381118604939569,0,test
4.208750866194365,7.252136171883743,5.113462237135851,1,test
9.139832731130502,4.826063446118712,3.0266361341493977,1,test
8.468761472181423,6.179205411374369,0.5407948130190645,1,test
4.821831069060466,8.44218652525508,10.794707901176643,1,test
1.7483929459277465,2.0939837356079725,1.2825887183029931,0,test
4.706374165570691,6.000540602619518,8.908923812363108,0,test
6.9826891586355435,7.287218952753081,2.8058135217402924,1,test
1.2763726481720186,4.777419320217908,9.053699642458406,0,test
9.657469556631277,5.376149571812519,3.250622367421012,0,test
1.9480113186079007,7.98628062401226,1.7532042932763274,0,test
8.187926268174955,7.532916526902907,1.1849178669657832,1,test
3.9009172941248442,9.119468089047329,1.4763729931062213,0,test
5.0181286529042985,5.114517241448618,8.923153700752025,0,test
6.5942364163270994,7.107304871634119,9.656905605867571,1,test
3.6684031314655465,5.706976044810936,6.592614437282951,1,test
6.568621445430132,4.406322289731227,5.366408172266693,1,test
1.6960213080566895,7.063447756050716,9.315610041035608,0,test
2.2055140385945795,6.180286329151833,8.580322362021326,0,test
3.2765638161604165,6.596612300518906,7.799030371174282,0,test
2.804443717732399,4.897138571717958,5.238397546791397,0,test
3.5420266958025497,7.894331817361511,6.262032462758097,1,test
2.432534571636118,1.8718299081154308,4.075193569354537,0,test
6.91729424707618,3.9724862508894123,4.938026236037134,1,test
3.1016240201591336,7.538475460132797,5.618664624057503,0,test
7.479037266465294,7.964870678427367,6.890369044355896,1,test
7.628277198524593,1.154116992472781,3.868610957330431,0,test
3.602020907548671,4.3544870101095405,8.824379282468506,0,test
3.5802120799501562,5.494336756974109,10.658865223222397,0,test
4.049835993612353,7.298400394110234,9.385493325974842,1,test
6.707587254564697,10.464032783742585,4.62986643351567,1,test
5.599446630725496,1.7800494590390092,2.3955672274151922,0,test
3.628786369900242,8.32819589112474,5.110334636504421,1,test
8.50061077728305,2.0503982646119994,3.6838210555329844,0,test
6.5255778306194285,10.137772073787067,8.797090693946704,1,test
6.455942715776982,5.228945007798187,4.4305027280112315,1,test
5.23448507805532,5.6960441097692724,8.504945511845753,1,test
2.448793950094675,1.6777064837770128,8.843944497697507,0,test
8.541101602925535,4.1790446028172905,4.746162916699819,0,test
7.938108925476287,4.1823225381877664,3.50695505743712,1,test
8.40917080310588,5.806030411279199,4.069049560711295,1,test
9.094572267769088,7.468074255718214,7.776931523622201,1,test
9.467607253507197,5.310596161956639,2.5958840387359916,1,test
5.458123912149053,4.767517526285024,1.0572467148913471,0,test
3.877964692613908,6.186693684188989,3.7782761175649346,1,test
4.310796122170267,9.396602142263356,4.73077651132754,1,test
3.9705655231502264,4.227237505968822,7.390496710175514,0,test
4.65294894935433,4.107413744055924,2.3401383113938437,0,test
5.497870541132863,5.111105384923192,6.390473688280956,0,test
8.00550518240729,6.627540456613323,6.561969795447898,1,test
9.589119196524967,6.700248267895303,8.842098097167556,1,test
9.062221482751614,0.01208299153644532,9.090063058137876,0,test
6.880440282613155,1.5851591595477716,6.151985430594184,0,test
5.625747974334435,8.512307687378472,4.062204584333826,1,test
8.53997660422122,7.556555643787516,5.644400572076987,1,test
5.7590789865816205,2.385024999032515,3.36308712989434,0,test
4.676732462588931,6.991528352559948,3.790812171875088,0,test
2.409931896260031,6.341404607174907,8.376129420786405,1,test
6.410770541289636,3.0808499641495235,0.9184103576960688,1,test
3.189205391484192,4.560213740911145,2.270710550188614,0,test
1.3429580378413255,6.314706775455691,1.0356346934575829,0,test
4.196544168906636,-0.08927708062056139,6.2367142071551624,0,test
6.129708570430584,3.7512483768278293,6.917170647242466,0,test
2.365877470908983,6.653790458875951,2.4596387394952948,1,test
5.362392332166654,7.952640758066505,8.207575510474925,1,test
5.066019807057989,5.1825417067557575,8.814612678792269,0,test
7.117018668565435,8.24242727599759,4.882413286743101,1,test
7.087279948628919,6.417856070423594,5.837070013699472,1,test
3.1263689328710647,7.506155002634043,2.9690925627589095,1,test
1.9993358385778797,7.133808083131964,6.20252522883059,0,test
2.812599411987218,9.244630699133449,3.2802786448564585,1,test
6.876839430168736,5.4003364617723815,3.3177945006621186,1,test
3.4818837538400946,5.662176865056128,6.537892893980601,0,test
5.852969580956743,1.957067633673864,7.741209759736401,1,test
6.250756224112871,1.1462700572868036,5.171522541387002,0,test
4.798688333042302,9.421494620164385,7.633664169639312,0,test
9.662770282431113,2.2328311688372833,5.546347117435745,0,test
6.688319009203358,10.021034662672815,2.0589205858859785,1,test
9.461001352654014,3.7084792407317044,4.914585365204026,1,test
8.376277369558938,7.342700104973053,9.572562453039016,1,test
6.230380421600372,5.219220973264832,3.7312694917477764,0,test
6.462909537515871,1.1705118317602403,2.0889008235419046,0,test
7.803740558044025,4.345277414159452,4.371089927533987,0,test
7.1911834956671425,0.9658681735820361,5.463139889533973,0,test
8.515879453760473,6.982990418042854,9.373507151319236,1,test
9.68225090465452,3.639975804435408,8.536031446274746,1,test
3.5159351894818696,2.1852371308141736,1.884618622185358,0,test
2.9034210807462544,4.873488189445943,9.680220499530371,0,test
8.471424345345895,2.5333479617160797,3.551326651709843,0,test
4.430860967945029,8.808473593692948,5.737419680751504,0,test
8.147586672317669,7.9759852705364,1.9098630113245214,1,test
4.243307907684526,9.646886392708897,7.877384906226708,1,test
4.510774546203796,10.300657931333827,6.9350547901921376,1,test
3.558223268779122,10.366052330339746,0.18181347510666124,1,test
10.557493302278173,3.3825217457355934,5.308830541781162,1,test
2.9952025228325847,4.545939470278989,7.058013030535458,0,test
6.401834425549149,9.944769837112467,5.187825534738158,1,test
2.174600831577427,4.917165871055568,1.8619833289704282,0,test
7.972474450668246,3.9918117482850084,3.0093753435762998,0,test
7.621356461512461,6.7187179385453195,3.2009967216460775,0,test
5.1187990855816645,1.3482874795868667,7.629500662333307,1,test
9.088176865592688,3.1617695551569036,5.716207233146183,1,test
5.510830693598887,6.106638617763754,8.014780473309209,1,test
6.586677978913254,2.8588013555122975,10.422714804453527,0,test
5.758803983217247,5.499062851915119,4.894910193228058,0,test
6.681640082012277,5.867580165248035,8.039410437668597,1,test
6.225615659747646,5.079748471375812,5.909932558715537,0,test
2.3010616488925666,8.398338607451196,5.188064146803925,0,test
7.1513405634056975,5.222357210250317,6.731163700117249,0,test
5.365960684009754,9.011419206133324,9.582799527409009,1,test
8.16213642228265,3.6127990672988273,9.64236693427013,1,test
3.4584007510962964,2.4544743878025996,-0.1659557958551594,0,test
7.680813355974157,7.631344615810434,6.177822935500196,1,test
7.198686839000208,1.2595865267910176,9.930034632497783,0,test
3.1745298888223066,6.428110894629229,1.246268680186284,1,test
8.85665430125819,3.759732897301066,6.563523215134568,1,test
10.700892461411733,3.7132358732258055,5.294880240877428,1,test
10.699400080308727,10.501618862775123,8.457431927669761,1,test
7.484130818243347,6.525899401915483,2.9298290332984833,1,test
3.188383842620003,5.033949097037153,3.4397980779940136,0,test
10.159531412061416,5.751766937412519,2.2116926494099314,1,test
3.408690997734091,1.4524178759596136,6.614506303793574,0,test
9.072125032163912,9.115026124182016,9.262830223743297,1,test
7.344212163118586,9.392806335357944,7.590473938814774,1,test
5.483616008922676,1.5065486784241198,0.9652073023923196,0,test
4.332509272162234,9.277070477100882,4.684389436172194,1,test
1.519265566106501,2.0304458837691817,4.088409294165538,0,test
3.7822779441758643,2.0820338903679416,2.824855885334282,1,test
3.8131415906641952,7.059463082582073,6.401033714455062,1,test
2.963481457674256,10.119268461863772,9.962262662454304,1,test
1.3870196749219008,4.96957613906025,6.547012033071236,0,test
8.935927353614318,7.470393184824446,6.329657717731218,1,test
9.58455976515002,5.796497968463244,5.350687758593941,1,test
2.2702449517142362,7.242182552678258,8.320160972078222,1,test
6.46145905142656,9.073156128718052,8.767573142702446,1,test
3.0226463466449225,5.509666616048124,7.056878239839564,0,test
9.170549373400144,7.569503049401684,8.241341690256252,1,test
7.703077169430543,7.240000453813784,4.656942662924725,1,test
7.299285247092965,2.624082752891673,9.718322946001958,0,test
3.770593172931439,4.442252622451245,8.467856023700394,0,test
9.378608126763902,7.830336507475571,1.657243742113988,1,test
