A,B,C,D,irrelevant_1,irrelevant_2,irrelevant_3,irrelevant_4,irrelevant_5,irrelevant_6,irrelevant_7,irrelevant_8,irrelevant_9,irrelevant_10,irrelevant_11,irrelevant_12,irrelevant_13,irrelevant_14,irrelevant_15,label,split
9.063754759543569,4.05244583376696,6.926520569341332,3.730577295122364,2.816168389039259,9.855486291425095,1.9004510717233802,7.687704420163405,9.43975137225555,6.421434164720363,6.926137364853229,5.6633245164164325,6.204391172416525,8.08217861156991,2.7435759456128315,0.3928712435212378,9.150351631625908,0.30597416757495055,0.5953483016944883,1,train
7.740679626297061,8.04511832953199,9.350170014688953,6.407843581383397,3.9287007272794847,9.129754374840019,0.4706715966460995,3.1170374185754977,4.791234900709771,9.082187411522103,9.633642295164467,4.28167065231433,2.331152391138472,9.136729482685427,2.2771928182056245,3.69043550024574,0.47639540796513113,9.5356931032693,7.474333878706139,1,train
2.9748102464647093,4.625969541348521,8.716837035804854,7.010729575938124,3.0472983910676623,2.786788082560032,9.97375042889847,4.6907781665378,7.7005084864015885,6.973106537225496,9.158548752914378,0.7780060402703304,8.936485977877128,8.08712979087812,2.612487735437441,8.557747854154629,3.115992436212811,2.9207929045570613,4.449586719776474,1,train
3.690301944082388,2.2278886729892373,4.886289094840276,8.361567587241131,1.4618897464491443,7.065946999954171,8.182714580190748,7.993138353370388,6.1322026606329665,6.163915822698826,0.8771807765023665,5.830535842033497,9.88392887509319,0.13977938637124154,9.261763965103869,0.14235725820653133,8.3794284570573,3.02537791018213,4.2749965572273,1,train
8.804547728002444,1.865131635410766,3.156215543488903,8.783567827308957,7.185337583789248,0.660209362402524,5.353402753417541,3.173820389850759,3.6336880914163014,7.099649822381089,2.7419385842097945,1.647046182687546,0.911551430365436,5.29343435649472,3.1440166741313815,7.6210990587162435,2.686209281911255,6.365713569303807,2.2816006533472413,0,train
6.0895361200866605,1.7543393089727044,6.906988698808924,7.70437873734029,7.924343373127311,7.123487927542752,8.760972648447673,9.160120320154471,0.8589306182334044,8.487298781057259,0.7048933531368751,6.637694675186858,9.838700108106641,3.4934496626500455,3.4223333328417893,2.078665884646238,5.461033743857336,5.81170442930614,5.909342547835744,0,train
2.4773823861161413,5.973439588813973,3.5848231842529463,5.72360693511318,8.493059794823585,2.40619343484488,2.83316063691296,2.04154101426632,7.981842073227811,0.9504508986550286,0.47695517091328354,6.376450035651208,5.8812180826646445,3.5572090921275414,3.308606280947042,3.9595148330265415,0.7210887579126768,2.222447839351637,7.909032197553384,0,train
2.522804665234228,8.017930091478286,2.7443608191688256,5.713329643366631,3.0659434539221198,9.314113729522632,4.340345739078259,7.38389628613211,1.9812468276009276,9.008237519659533,3.9430533311153146,2.392319666845013,7.514176747781546,7.544043364699848,0.4206919810123133,9.04245622966448,2.813155614246492,0.4596437637954942,2.4089950125009096,0,train
4.15942940232422,7.713383774273408,4.672591480200636,9.038657074672702,6.2445988476576,0.17701942010712735,6.2394577932241795,0.1023926159204569,4.823653915248171,0.9938121684726708,4.504103971493112,4.498105372219564,3.867797213007955,0.4500995282572706,6.67987891235588,6.978413956145291,6.449235543869294,6.293097046795419,2.182974219686633,1,train
5.333276756558105,4.251217132708865,3.4385407357640236,2.8485111227816873,6.408438650235181,9.13301796470543,5.3896812146373865,0.6192166849968728,8.25074833979604,3.9857714019047963,5.267049633496375,5.39258376306647,1.1847198569071216,8.961526845089733,8.01609454287289,3.6090385112013665,9.296775518904354,1.3458574976805815,8.642614365616417,0,train
1.0010160700072874,5.789172201383261,2.573828268721686,5.355741733622031,6.202914217491383,4.640173832397828,2.6070247530397275,8.78320933905286,9.226375088982902,2.17067878374813,2.728516646118979,7.875057081954276,8.001609764378886,9.522875207039402,9.38310742939066,8.903211073332445,8.254422180699553,0.6995978316259865,7.048372591041813,0,train
2.655905405209312,1.2247559445995782,5.471419870721311,8.133293877073168,2.644051759796745,0.18150839970611066,7.662200701713199,9.174168554020786,4.866327958359386,8.422707508062492,2.758624105916363,0.7158093795062626,7.307752973664313,4.41689188431325,5.2783914428757175,2.2834901586319853,8.265486000456354,9.464157365144047,1.7558301205569882,0,train
4.8950502066902635,1.8468096387904136,4.203182791045594,1.3216009059062903,3.296173271486359,4.212008726575175,2.7647374587034723,8.615395761448115,1.9226703231688258,6.679083207151686,3.8470951494147974,7.03737724957864,6.371291403269535,1.5568272302609465,7.185493064139562,0.6756474536083767,3.307524661364365,2.1240031326388165,4.699245271349395,0,train
8.741743592934824,6.217241954626392,8.743220975339852,3.45111432186276,0.3805701331248501,6.461065783592211,6.0506558102531125,3.0975606804254974,7.053012119474333,5.156254502611396,0.16746458756490612,6.164835593871492,9.443027255741562,7.628776258607575,4.685557373009585,5.519809416072833,6.139139437373008,1.501086794507066,4.8777783068916225,1,train
9.89846660380151,2.599812316524926,4.402745044673295,7.948523602052923,3.568422465464555,0.834834183410742,2.480839403948858,7.442012761369882,4.773668900943388,5.704620467804606,8.250978267403031,8.055584929827791,3.9251675298298694,9.414064025787278,3.803267495907666,7.83766226994818,9.395404988717607,4.969617620158124,2.20534357785143,0,train
5.6391727882407094,7.328336844238443,4.912965911830295,7.713935656121206,2.7431693340148975,8.259239806489436,7.877012409879654,5.185962495651707,3.9717259056191887,8.11566936907709,8.31003274531885,9.634716537547938,1.9416328057460408,6.203550067976677,4.432364538488345,2.9472043115174253,3.1773775088761793,2.487362244394572,6.276552197908018,1,train
7.018978962564558,6.454970155551142,2.7764250612021693,2.212257646692922,6.415992991411532,0.6799587561669784,4.284543263587656,9.653257418633372,1.0559794555964408,2.6833766773308265,9.00530551638021,5.530644089173303,8.487585450794814,5.827652332180183,5.260544841920954,8.805426218776088,7.215245519511829,7.7750610456339935,1.2885171451493438,1,train
6.0300801124553205,3.929665519869232,2.680286376394025,5.498155141872897,0.11217596001364849,2.6290864309596373,8.621475356781241,5.324886417631683,6.262626313337295,3.7745192680450357,5.905879951809281,0.1639462404967995,6.695596984104303,7.331520533300349,7.663126772116763,6.567879993073477,3.869697312285596,6.349919161808849,2.2883852455688314,0,train
7.496938826248181,9.841479650158762,4.7541379398161085,4.37712511453268,1.6120811078911845,1.0779387425220899,6.041834510012212,8.548294305521907,6.025353423042902,5.338000213414581,9.459616224325957,4.802247863294423,4.4041516219124865,2.5579356021604482,6.475142007347067,3.8588576506205796,5.458895458850989,6.30400981723534,4.795671033523853,1,train
8.983115295615294,1.4420186183555932,5.4109214451312875,6.854646884469119,6.797518363883144,6.257620662343772,3.839248581085337,4.875947753606571,2.1131841020535758,8.623475393719929,4.659436528640175,8.239176331410752,2.3254564991581193,1.9030418858681264,9.823044999370032,4.560918833248161,6.815925031926708,3.415337994480706,4.61996077869943,0,train
1.2227498591188937,4.604658149739422,1.1981527951046278,7.529367336454349,1.0203766922191082,9.143967268598344,7.439260968152768,0.33930334973803267,4.259356905039171,6.090617900085046,0.8387196732951641,7.768934932380431,3.682293047593874,0.6712770493207887,8.28009411578768,0.8053715044988263,4.696931593038601,3.8216870364853337,9.979048276337567,0,train
1.7845849072987785,4.951348415534367,3.343062086732326,5.185127695203937,9.963478525812954,1.1480569164505339,2.349267664765362,7.670623230185835,2.148018466467272,1.2308641199213533,9.767582082029756,0.9970306292337827,0.6236385543766221,2.177523751703908,7.179501435739278,1.757260472564599,1.9800851682754428,7.658190362358778,6.873155748174526,0,train
7.41262585227445,4.412108793401362,7.6741353448567295,1.2838094766471198,1.8927882502070215,1.7217691957107395,7.855416912285486,5.389909175475478,2.2445534737399955,5.84702828121361,8.058999073118175,9.350411265462311,0.4046837433450712,3.279860110825561,3.429818243072055,9.330238245959995,5.736835494893089,9.811574697864442,8.819806055218711,1,train
3.927519979300469,3.3045266620931977,6.03098561278076,7.032364520568085,5.124540586451115,5.8421954286423805,9.64563479229755,5.282578661901094,2.7269157401110222,2.463611165905709,7.595493955880038,9.559141664572252,8.155960423686027,9.591949736646118,3.3661583286130226,6.3140470978597225,4.1017975416398205,9.03833900530344,0.6666036702707689,0,train
9.262800672138695,9.674438600028076,7.150476049105542,8.354041966909497,4.055557048098009,5.856947901561376,9.188782362331157,2.9433737505038584,5.329591592175459,1.8807108673411144,5.509527266916417,6.141915486558767,8.302653020615665,9.271464338512963,6.54204136820113,0.807285085590318,5.3634710389490365,5.739259492839242,8.785734600893802,1,train
6.66308460689194,5.392516399634911,4.072984773057184,9.151736078741653,5.646559254931926,9.083610186970287,0.7593344105792843,6.447078752897232,9.839953194537417,4.055736462165839,8.812474439279857,4.126575297761232,1.549202344828735,3.8235769678824427,5.887345806290881,2.7583430797465356,2.4302017971840972,6.322518028264708,0.9706240404506317,1,train
1.275080724895827,3.0902570036812147,6.893939338720403,8.063756966612416,6.8547820661585686,2.327200473844282,7.430699062317516,4.637294725540451,2.023442501405791,7.517751036313909,0.12497850716528092,8.313731132034842,8.469583099722271,0.4298168451832973,1.8736607539598993,6.526193235496366,0.950916602672407,0.6622887861637627,2.783199646665074,0,train
2.0293651863073596,1.0887560884715497,6.904126400036503,4.983073446257783,3.0473299127590114,4.5100626332683005,7.889131065464588,7.965955019160381,2.2516700679363764,4.97732305048279,8.373570422956266,0.5514896049216644,4.8829369712717305,2.477234100808201,0.2470576500143873,3.8296324182054473,1.2095245788058617,3.375857909122323,2.2131321551676963,0,train
9.002743039574716,6.2901019829733,2.476840910694098,6.222398067010515,2.5426909119863126,0.18631511681386326,8.095411779387549,1.3974477352973869,9.53201412111808,7.218265394265977,8.079962097970752,5.7961940284298095,1.7630784077515593,2.38901802533241,4.338241810620337,2.193262917272536,0.2570007834398236,8.463965373416979,3.7751179390182843,1,train
9.035284693352224,1.7428164541729614,7.441582046391801,1.7386274402826318,5.907015303657745,2.918484773269827,2.7419471950344523,4.769004217524714,0.713816821902642,0.9137229310932715,6.4651247118633135,7.496673181474488,7.0877070552383135,6.5741022756739405,8.829964646800583,1.0902060338146824,5.211387563826417,5.020019222180824,0.007756389981082856,1,train
9.224997831948832,7.045023410284849,6.3722871153257215,8.938851282309647,8.475784291104361,8.310233581877496,2.7612566319020115,8.762475114956082,7.784538462233753,3.3797894005404028,1.8404923152594688,3.460111017391042,6.513402436776554,9.844042499579032,4.519567578634158,3.35385312850578,9.135895429783917,9.577166629258937,9.890939165402507,1,train
8.3777161233266,6.006150992386289,6.919958816457464,5.980888532252813,7.415922544091123,0.6577297094396894,1.0116978453061543,1.8964360081539933,2.2245529419784758,1.9107251014849747,6.219524666898351,8.584858064169973,8.466534828661986,9.399375681604559,5.037225895909129,5.249920801877708,6.3403462883298625,0.0950733234236556,4.994732625686479,1,train
3.321656629987188,2.9482585319215087,6.935866124389626,8.211604157904624,4.929242575922583,3.1340868424319854,7.1193777601235455,6.886692689095981,7.330302325623079,7.122402853678535,3.3198662702551127,0.871499054851661,8.022578688201701,1.579986260924654,8.95148848956205,7.248019228633265,8.059334789404089,0.29704310043153326,3.008936453945188,0,train
1.7040684720916812,7.674971596808186,9.548550850001966,4.408834980305116,1.442810203701722,6.332769368754882,2.6395253345796412,1.8754625460856345,0.9303948627429304,0.5846316477139479,8.733255387026317,2.981893694312643,2.147020763536722,1.0833996887982322,4.769306397404433,6.0839033013593715,5.670304893530396,6.079210542019963,9.625569040480586,1,train
6.484474949545162,1.1251112947885349,8.213299735141065,7.409247799469538,5.232079701256417,7.151447069410997,5.503463098611942,3.003960720734841,8.769828814438672,3.005893147270694,8.475208199416912,7.063908116768226,9.359510959044261,0.3070545716122042,7.613196839543701,6.430750954173993,4.3060166297990445,1.2942661617817908,6.8677045011112785,0,train
7.054754167681847,1.1248721594438336,9.689858411795756,1.2910240118647225,7.711030340707939,3.649913458469085,8.267894241203612,5.190604390267755,5.786922672406744,7.3246766739250955,8.35991282534573,0.6720218560572366,3.677424740668261,7.128109297728413,8.984644374088024,5.469580686319626,7.378825509419437,9.846016699989736,1.2521587049995608,0,train
4.683197373570762,9.679968654033493,1.629600963520873,2.897308441487614,0.06971951459230352,5.753279438056444,4.830600835312465,0.36326661627254064,8.29335092733715,4.846278169478547,6.395669081644861,6.611404062276623,6.735515369101225,3.2133486692369493,1.3970339613087601,5.462429704031746,0.05794766412543728,7.311050094956987,2.93520680344739,0,train
5.415768465803516,2.111062389690583,2.9475095985538227,2.6397780403078017,9.32952772674846,4.941144915513335,5.837000165698102,2.712075247598118,4.780247292908633,3.6397702509569596,3.951172183888063,7.94328797385705,0.43558131613880335,6.741900308173522,0.9856892203248102,2.7441181904162857,9.476305960477674,5.365845505904042,8.019862911168623,0,train
7.812016319529857,2.5694385133389055,9.478168007062418,3.1992027062206794,3.012656159573753,2.1514721081833077,6.9219989687728365,5.89349845450044,5.802979813885704,8.954370467579505,9.327641619567823,5.2279912217541185,0.7554867216440386,6.001750758692016,0.36809123119090237,1.8381480268248918,6.018549031472973,0.20090564807055067,3.4027231027294045,1,train
5.677674311483094,7.425470488836656,3.0292176460562104,1.9802991439951092,9.587266828884793,5.564213424784253,7.679054540165121,6.475243646060667,7.895358638137857,0.5517775032163041,7.346343547823771,7.496064152026591,0.6726357518774428,3.2890343130281408,5.503405296044614,5.6808698013783285,0.23916971109114393,0.691277258389229,0.8647480391670592,1,train
5.627165991796119,4.3748595634181795,1.1852798606563262,3.4294026468988905,0.05495217038999356,2.3510716589993894,3.453911408045238,5.529684186716751,2.101214412905522,5.818073788910421,3.69764129328219,9.285126014923403,9.78712680103421,6.1732775743084565,5.446166995254853,6.954755614135393,0.24377335530325506,9.76436846784943,0.26328540113507937,0,train
3.443285709580379,3.669232439780951,8.842270537500692,9.282772175336865,7.306905962142729,6.83431749444585,6.201079013010705,4.439794064675909,4.050666781137393,3.44185564043618,9.879425495284659,9.041588744076266,8.988626293173189,3.373554085422259,4.484754055122686,1.9800151006963551,8.55052076489479,4.20898954932558,3.526369192306109,0,train
3.2305516663099745,2.008050060264085,4.909642269810131,8.297767887185074,4.981000074930374,8.077924547130817,4.920240346463158,3.794221471792846,6.441059052039374,2.936539131868342,2.900610673423408,6.452486084517217,5.890344555556202,3.2961369289582807,8.542588451873426,4.553762015766985,4.153929613703595,5.319366211974884,3.604973336175904,0,train
6.7738342008594,8.872206844542948,8.440106445392846,9.17800321187864,8.875361427089752,6.420341988410717,1.9918031050544105,3.2236310192107376,0.7764146317044052,8.877432292845723,5.337749045264104,4.620667256079749,2.9708510262728005,6.85429833507453,0.23201581220796963,4.301679519216276,7.543273253693389,6.029500884319635,4.01200197471042,1,train
9.925458987005102,4.483005379114492,5.861697597161821,3.914986330542534,5.12148034778691,4.571238751872558,2.4771166284052795,1.84541584758939,3.2157553811433095,1.700750771350008,6.491667574862631,2.042142932011697,9.715777829923658,6.191640195578429,8.606848703949932,6.4628442065015,0.7384628183764885,8.990279327109915,7.255970340969964,1,train
6.621454249565942,2.312652710203428,7.329923037872581,1.073857389846009,4.225922963634261,8.627136905601285,5.872900739437618,8.279793320294104,6.581320107739953,5.646766551155168,2.2220045353273354,7.889751490030864,2.1747259707086695,6.455302086406681,6.931612571231377,8.611805148566921,6.30294896330758,0.24935903178868957,5.4677470167123605,1,train
1.3540010398341908,7.814938210592206,9.65404395564967,9.800490345028209,3.150019797502732,5.813807621981793,9.411603694509983,8.41888422556249,3.114382231393887,4.383775118097125,5.443489966596859,8.127646440919309,5.320931215068114,0.6142336785139513,0.04992474686476678,3.527333562442736,4.306820564974922,3.1127067759809703,9.735428309708478,0,train
6.426464796054425,7.127594559979772,2.9190149772503786,7.550135381092001,8.485726277277815,4.685361139042273,3.4087955345643293,0.6364116692165933,7.258544600757211,1.9077472053137734,1.437121899930467,4.983022129418537,8.095462487667962,0.7830688999775048,9.643269751863246,2.6292020023334794,1.9676890583126438,8.68133167993521,2.4852173378163056,1,train
8.20593530094027,3.885123526735474,6.396010394626679,1.954415215249219,4.916594012669831,3.6997940807678686,3.8601150437205245,3.0132747867676057,8.094205904886723,9.664927655656202,2.5141345236145662,3.193949690936333,4.686271529592093,4.048186560176367,5.1283383897008905,8.139282701002642,2.975282907904994,2.4756911909092683,0.2511078843836345,1,train
9.67683573827928,6.456830609190718,2.63935704988617,4.65862308075267,0.06451862351473103,9.782558089081864,4.3577836431627315,3.8016963613062593,7.738334274783498,9.8789527013821,6.018821471947207,6.971235133243842,0.7289815788656939,2.200968003856685,3.267843016466956,5.008547475406769,0.055587773945054986,2.8532746418414545,0.5044802640539914,1,train
9.5698685982967,2.3703149607117178,2.2477241078464565,3.5024594301631025,3.1756115828388918,5.520717324271031,1.254635823384329,8.998919905616948,3.315755710214303,0.3540832190533838,1.4550932026974095,2.2471192901032055,2.862426232087385,9.076028914604212,1.0675474912257221,2.1150193911663475,4.448708631447214,1.3803415276977404,6.0081255787038055,0,train
5.088169597309581,5.843786142562498,3.985485733470523,7.208941137127428,5.487380792768567,4.880839853342143,5.868274156098991,3.148818445759678,1.7343490781795212,4.285728422523385,4.6325336283421095,8.479929413713155,5.719332551814613,5.91196940290488,8.092958900903051,0.3462842453840398,6.04689039022537,6.170543186124732,3.7479903993160866,1,train
8.750611976396613,4.913195550873384,8.040969558320903,4.295144525246942,7.248259213197061,6.082778657801561,7.7059724725814025,2.427211142521247,2.7912904138792194,7.56717828912021,2.572958222083824,5.5841373056787855,4.651573484224151,6.050897292105767,5.447825113773652,4.913267046273372,3.548777849482022,3.3632710896003415,3.139016795336534,1,train
3.1123999560147264,5.868994395709217,8.2107729799516,8.349993133250221,8.546725380137026,3.8734335108215276,8.326901929483764,8.618093830639896,1.8437669192528783,4.2597684378338325,7.395534463522466,5.9948844944835535,2.0758341040086026,5.163600767804658,7.421506261141543,6.245374187710459,8.859095309410588,2.126961503577125,8.301894204666414,1,train
6.683454000945671,9.6953999498572,7.355744384500432,6.127301286333298,2.622213533931128,9.828695125713141,8.24815265247138,8.368475459876565,9.84488121293147,6.22896840680557,6.481816802834861,1.2744377224267833,4.9026576915577,2.2967649213822163,5.248074950349306,6.210461179394395,8.089560620963585,5.60816216213907,8.991444844668061,1,train
9.565190265988557,3.7904275264841,7.527349200342715,4.648604052909527,1.5614595502282491,5.579077733790988,7.191089895373155,9.80185268324804,0.897153785655973,7.154985320416719,7.674321722629181,8.833087785566379,5.008248034124151,1.1210664043159402,2.7650132254587376,8.291390670946837,9.946978995814018,8.461843841277915,3.783868571304808,1,train
2.742656645511123,6.073892635739976,7.6911589247456495,8.61218411851918,9.971438523402297,3.9277948912225202,7.28235024416675,4.719305015834676,0.1771379013679053,0.21487046890460548,3.358906548634799,2.6692947291096356,0.6924755239188651,6.048451388991975,1.0623092365889208,2.986016700403491,7.416358162747638,6.448108286745913,1.9538226270545267,1,train
8.305022981949955,7.555190120366462,8.966529640901701,9.573373770383409,2.4838116160231474,9.794451316659726,7.507399186487777,9.546066685368253,6.64071418940439,4.048365258824359,6.955298407954224,4.975766189996726,4.588226852532186,3.860394243799604,5.19662204315787,4.641604683962189,8.638130173014988,3.351385263921396,2.4348185421204924,1,train
8.485386587769865,2.7983075233114003,5.524486043830158,3.4880106756010587,1.3470060542054807,3.66974414047206,6.6157941929642465,1.0807749430632851,8.305157282978776,1.8269931719630028,7.727077284049092,5.072856301800329,1.256828328929186,7.150736556323915,3.0122813844678262,7.293247980292197,7.012785650036998,0.6338080249398215,5.673011583445701,1,train
5.502479711542557,1.2449931575389883,2.2033044714662475,3.3087732514155963,1.507251326098722,3.503598394111992,0.8241254087449368,9.94213482155262,6.966795011466639,4.436052290754854,2.5012629166110156,6.339284956803103,5.1451974561347775,4.218609183277811,6.693661135508514,2.260907068046636,9.347128718651383,4.131367231937739,2.849122205421608,0,train
6.422823431819222,9.722594779574209,7.778737781542515,5.869047333242593,1.5089580153358273,4.766358478310162,3.6846361847284337,8.530462921163322,5.567832628601104,2.4261423821629235,5.421690393580937,7.347890053842231,8.390697430276727,4.7050810108965955,3.555359613413085,5.063252794640652,6.846310516253407,5.4963205849376395,8.209366079108488,1,train
1.1363090940443572,5.761048408924401,7.389639718779198,9.018320243982448,8.214442483675029,3.978028396798867,4.659124303378421,2.965332049264955,1.0868832450093269,4.490618051518725,8.548165930155605,7.778857021547871,6.346517841825597,6.576282714064511,5.133855541597502,8.316740993030473,4.168144481941894,9.279062604931836,5.029813204602651,0,train
7.501305561056506,5.75038513367363,2.1363858337354773,3.7803900364553513,3.1012557845964883,1.520771437300602,8.679282848435806,0.5249466734133412,7.58720069813177,8.669836631103664,5.3892235511134885,2.547208880259615,8.456394907184633,6.394493993063835,4.746353542276157,4.506518299815864,8.159685597892906,0.8246521527878847,4.802145705641498,0,train
8.213699914381065,7.083923898655824,6.598417002114644,5.6541290287620445,1.0944413602106584,7.800413961889299,7.395947235062684,5.284195926129107,9.094718832916266,8.841454293447434,7.731559392532274,6.577541617777181,8.264860749626155,4.2694425546776635,3.013726853414042,1.0280392450728726,6.6509840964406255,1.8923546072469177,9.882317226417946,1,train
3.8909103525410473,3.371605859018022,3.3241424281694316,1.5512157834489249,9.825522531382752,7.28133746200894,1.748289309124923,1.2874816358097274,7.640616467320015,8.851215964042481,1.4196938206770793,3.050406927840493,5.636672342150803,3.6998977199303362,0.3293527126138984,6.288082853859359,6.601743487012315,9.41294834505117,0.7082873604455331,0,train
7.2817715985337745,8.041860945461542,2.4530055498207095,9.055958106259316,0.4927513266539063,2.957515600451357,4.109239625535162,1.1875778519597946,3.2969854006337473,7.454929902792273,5.996232054714714,6.563714926385936,5.157642755600381,5.59418862895868,2.1407984560559123,9.26313199579546,4.898622703953145,4.68793687427545,5.26664717100775,1,train
9.074364050571887,6.022643655978333,5.073999291613603,5.053991030945304,6.546819070101399,7.92614261828957,0.9823052840303248,8.734148593519164,8.972273302014068,0.850542510192499,5.446467903366603,5.21633656862822,2.3353337730115777,9.116659213589816,7.5944204214944815,1.3728114634116406,6.863140388425317,8.424349018705318,2.020514566565165,1,train
4.057224414749241,7.5262850013767135,5.586422243178557,5.0803701785958735,9.892053107981276,3.915583425434593,3.648878570033461,1.2447596354132273,8.977783555714938,2.0901905310038082,3.857866256144835,1.3129861260284126,8.513327086705402,8.186641645107887,0.5305426767507837,8.861606338254989,2.684230997886581,1.8249723297077058,7.684266712607243,1,train
1.4186379285820006,2.3692853594838374,2.045425403988583,7.278131711080905,9.14710343255919,5.969880592364246,2.1126331132142404,5.975926912750338,0.9818182309345813,0.24010432728982956,5.424635010695807,0.9705115932522335,0.6336449327553295,8.056812498914104,9.08243473641139,6.141955173911753,8.498976706651568,4.104922588833055,3.0329509872895777,0,train
5.785659837825367,9.787555390881655,5.9839842161979995,7.853277695311769,5.1626823961020705,0.9900675671390746,2.8288159438364815,0.8582601422125091,7.14024198809816,4.1186018576786045,8.14406349119097,9.069348428098445,9.777416065318667,7.991311480175919,8.699108706453945,2.8446256530452416,5.091153134210106,5.517262011978063,7.574754548136107,1,train
4.704250870983075,3.823335905304437,5.983115707465483,8.149860086140853,2.627128520628844,6.42144560549625,3.6970049854151634,4.508146760321004,1.240818272640456,0.061513745243273465,4.613536342100205,4.785352958136314,2.958349964213993,6.2799494521251775,3.5004706585269565,1.5748177428537469,1.0731190938419977,9.47553322110788,9.947753244149006,0,train
4.172798541078618,7.4415868922824995,8.969879275516462,7.558595598241564,2.214636085256585,6.203430891180691,7.4764064935238785,4.363373888169331,4.942144281674857,3.4704954531538865,5.414079414099855,4.970857484505672,8.571437153088707,6.747271363652414,1.6948841092719569,8.367500064673006,5.125671806520552,3.6345852521052002,3.8211475655937233,1,train
5.770237763902163,1.0738033426055102,6.214232478070395,1.7900394816367595,2.3978098386724325,9.503524740679802,6.343741346113065,7.778529466741837,2.199578064107288,7.066432235580388,0.11002687322115512,8.23410263855048,6.623735940165682,8.156741126739504,8.979381800236023,9.130829998698708,6.948819848332121,5.211020557048023,5.543414829829373,0,train
2.739727637788364,8.361743562163705,5.292397443679274,3.3002087658492165,9.18806745958741,9.682490484819787,5.178073762641513,9.275694807952691,4.674291021349964,7.05785950455909,3.9669577736348582,3.4004900505542324,5.512936775912505,2.357122581660107,5.039302897234407,0.6521819364254433,1.199119419293998,5.270216884836535,0.9125895742493184,1,train
2.2151695372219984,7.254348121504477,3.618372149685954,9.1918064581239,6.282708511004429,4.491974747108712,9.051621883418367,7.129078566815865,7.708910639372164,1.166329499820088,3.714219265313352,9.317676596377932,0.5027962057159507,1.3794424767758062,6.454942233495916,5.692036500759673,9.792580430480262,9.60133852285675,8.369964939147653,0,train
8.695368515790957,7.351546820698241,4.578745791328942,8.95741373542413,3.2477303228381302,2.6666491245049317,1.4540997695025215,0.6099768854368581,7.303868189744611,1.6731524012271037,8.338320472250553,8.231255472430046,1.0735858201354587,8.238064705994896,5.451395548685834,2.8196378911396414,8.44750473384812,6.23688524743164,3.8160021922976406,1,train
8.441544386569747,6.723731411826268,7.195758998101921,7.402196237276996,1.2395409363616205,6.022121386582833,5.118323849851345,1.8965023901045608,9.689161339438595,8.642426781311858,7.284087524885803,6.698352840935666,3.2754062103981942,8.548570789547163,5.960569223733231,2.3336950343720266,5.409517245543584,8.615320722660906,9.234841934185152,1,train
3.5686060126800045,4.100380726310033,1.3014020657861043,8.644652915983865,4.957322724834525,7.979296426671649,5.6905710117311905,9.790462789642964,3.491559751276201,2.6910441209253366,9.18771946664721,2.4937980710933685,4.956360771503371,3.1117760830821495,8.939170579265632,5.44339703084046,9.613725195908332,9.798457530926054,2.088568978907863,0,train
9.708935565412483,6.716375313983239,9.064192416166982,6.865846302545866,4.868998462183786,4.298189925683195,0.23838463040209312,2.657966187945969,1.703375686709716,6.829998476155082,6.907830065848005,6.798029754885947,7.856930181437955,1.8193995080463976,9.514405350598249,2.4513268556117307,2.319349613748715,3.632450283679102,8.385822305000719,1,train
7.1021395640472225,3.273993832191757,2.4713830883180483,8.889716025175073,8.047869342415863,8.708201512351984,5.600248214199044,2.1529118753279572,8.622300264002225,8.459974934512644,0.565614670001584,8.45875371499082,3.8050403012033485,4.447431586462175,9.662040157423128,4.164926874417391,6.522897659006608,0.1418062085761551,7.261136434643972,0,train
4.991208851203732,9.116656993695342,1.147623576635059,5.437446870787225,3.459868518978726,5.551223939193784,7.01737213487553,2.7215022059012997,8.013714551231425,9.088542799820477,1.3627381153465556,0.34618733660475853,8.612578996831532,0.9799556649251684,4.74688149098791,5.556092410776388,1.1303893640803941,0.25212269418608657,5.069391357193787,0,train
1.3177005455110824,7.4409018309011214,1.3200252532508916,4.6746093409211635,8.277302741859868,9.083449774573406,0.5032432856392643,1.044560999487325,8.413077271240132,2.0759145976443416,5.953965347592881,4.414444370246052,7.990810655179188,0.32478153898954365,8.563192271841297,6.202318345847159,9.02912279189333,1.7042727580081751,9.01511858852399,0,train
5.825903913778847,7.75989460289006,7.64123912439267,9.897351086302336,6.690359964782243,4.059846644193322,6.168125025070902,9.93964020204815,9.685259632310336,8.924408629823974,5.310186602666462,8.435354830368837,8.803319556876424,8.030124946634274,9.089919725693104,0.22321036352881185,8.680249061864982,6.922067850040193,8.025333561542672,1,train
3.5049049718219085,1.9908380111416832,3.1646314172659107,5.6602276136762875,6.692815993617712,0.4342005538762317,1.634538131413178,0.2508460385622957,2.250045574283984,8.917592795678393,4.592656559070397,8.29269685718507,8.01428452691972,1.8707640016412985,8.42468983723516,4.596095085626228,2.209205090101479,0.256015232133584,2.9453356191656024,0,train
5.121284489872327,4.851081159020642,1.553348771191338,6.743813736522561,9.121831579017881,3.5508363114991424,7.032744899889637,6.831206668202489,9.665177613086756,1.764673745834735,9.084491946886152,9.139327230924543,2.8704581258594395,7.33273883054323,2.4548345236924183,9.821568203703807,6.910301774504392,2.083273011343598,7.500653320784348,0,train
9.774345437267296,8.334898042998768,1.2780300019756616,1.4873924701729626,0.33374826867378804,3.1650887915764736,6.931421182888182,3.4924767490993567,0.12089854438907754,9.273047647313192,3.9648718697510397,0.7455987600878522,0.28527929593264667,6.7935050626569815,5.4687349952975906,4.352860281231012,5.435595149817231,6.204417763557681,2.0343498984494044,0,train
4.519698201041357,4.601263001592163,3.721070156276128,6.815819452045001,9.515469613240521,6.939911339798498,7.278489742702426,7.191535651007575,3.0149985088574436,3.050926520793907,5.3601428478654505,2.3108756080183044,7.575145487162204,1.0369696008134577,4.4064819545641445,6.7540868549248225,0.32165269664360396,5.628985812168033,0.2864483389691974,0,train
9.960260505687428,9.428597962454065,8.474450076760236,5.345290425626977,4.6052223715250875,0.08533479832787516,4.1150116986057945,7.701865704252895,5.332802847327306,2.3988633766241585,2.3335476655176226,4.603141126110128,0.29653727034638866,0.16317693536539446,7.52910122400341,3.9357881755804636,9.826201301217646,4.9996885783560305,5.793682648466026,1,train
1.8873224877860917,6.29105241492032,6.942100143438035,2.0883381335157956,0.5221183632164916,2.866360647548377,0.10838082515062575,1.5877265312546784,7.703986645689217,5.112928094736008,1.111462400911084,1.4855764516530878,5.111794786457806,4.2278652615470005,1.2593603638540707,8.253012080346796,4.674134800643888,3.9713754575541493,7.944388086919255,0,train
4.29949315266419,8.493325529897792,2.838146558856212,7.75839000089226,5.296807980826217,1.974488879396441,2.841162745941095,6.846448169298642,7.783914075889569,4.388511010395809,4.703066243108797,5.03697715859477,9.34496948338455,1.777285180683712,9.891661861277555,5.817238886895407,7.482899512328278,2.2584107805600584,2.855588712681829,0,train
2.3042532245282525,6.10261933380784,1.4674921829279124,4.545970192393235,7.665508098466739,7.4297111664016295,1.536471691213619,2.6733237378860917,7.101131778093809,8.794106041802653,8.240322137334445,7.886469228910473,2.964743502182967,3.0138596382924963,0.2806053313640178,2.917819721099751,3.885117623343348,3.6877337325288417,9.849903386351702,0,train
3.031102586524792,8.782707296412967,1.9466091755747752,9.146407962265572,6.448074939291859,3.966323814055764,0.5053319262357603,8.678530317133706,8.537497852811706,2.7400119769335274,4.799682439591191,7.48759163323923,8.383242484923164,7.857718058057293,9.376249177530818,9.089309321484858,8.481708114464698,9.889736682887255,8.358189981082967,0,train
9.257996536265455,9.732414653273256,1.667064693614008,4.1328223691359725,0.5807748858865902,5.412638697184981,5.197478632983542,5.096735599534283,1.0988224836847071,6.62937122213553,9.864234032121516,3.589988810369512,4.697962889897558,4.151927673028039,4.986613481129664,7.903431716271402,4.170944414891836,7.140522670291942,7.2994958480906025,1,train
8.695577005154668,9.495356926831857,7.634653292548722,9.607573376362993,9.920412352064078,5.132874799272016,9.340036729563176,2.2086003294214507,6.945471894209398,5.278895861991682,6.406138760349341,0.5459332757658852,9.504959823817062,0.33684851315785025,5.684727544135359,6.068193919707301,8.726307946322434,4.129539156610823,2.5268925204578716,1,train
7.106397764742864,6.167522756029944,8.880807492444044,5.277258487366758,1.2219637701660524,2.6851889138120533,9.620027906520916,7.358007674709696,6.693933406528629,6.046865016717326,8.883316763969134,8.778137056012271,0.4219555821540011,7.988436109242611,8.962441205657102,2.6374367337094187,6.114775197743257,4.700769175674175,2.6814438500429985,1,train
6.963596893519167,6.534046086831229,6.148457121035771,6.133823478334651,6.503586646560684,8.514834151396856,9.636008624222807,4.836222943661548,2.000412520222378,1.4115511991874818,0.15957828745571723,0.7552678281436176,2.9890453938553008,8.43447767589057,9.005210458499189,2.0375145745356726,8.77397908338478,2.5649272259390568,0.5586736180686214,1,train
8.364027838077073,4.888836738320865,2.1787685323607846,9.960343216832712,9.183787175298239,5.6562931725962535,0.09316347808794423,6.12723145431802,8.97216331348849,8.38833783894489,6.136605656661617,3.003868831499404,9.595077938789435,2.771946282180864,1.0124724993753331,5.659759187684788,1.5468279263288187,2.107283634371251,9.405291873413208,0,train
7.087415428982373,8.775643032540893,6.569876336496312,8.334526961237538,7.073366882515677,3.4834284338380037,0.2118923018407104,4.389086124895336,3.4712946129536713,0.3782080961523804,2.850830190545126,6.049897476855929,6.9524386243166,5.530534424378995,9.949879411722698,2.681067909297176,6.891962421204385,1.3994355021345017,3.6193123374191383,1,train
5.170063325704199,8.445902465206887,8.215029355580102,2.688122361691627,4.518978269431529,8.878954262366342,6.450420694010376,0.1679956203909061,6.632465271756876,8.656582359969425,5.817361486788993,0.998814201623659,2.891913077010264,8.411884452514586,0.5246617812094567,8.52973212097946,9.800796171590427,1.9857004566816772,4.506132115761964,1,train
5.355857682746666,2.351634131009346,3.895006954098379,1.8592604006846305,8.881754471576834,5.5018271598931285,0.3685640199256046,9.513833479720024,5.129145578212801,5.023189462336247,3.637438584194425,8.746213269383155,1.3146866098319399,9.809134960642703,1.0547905416565118,8.148599664727916,3.514332977461123,2.8484309353508177,5.91760347626126,0,train
3.981163111199504,9.265788485430168,3.871631782046402,3.3193642336698206,7.96256269663661,3.868953656426438,5.442125496921467,5.3313321606897865,9.281603999894402,3.615322736610085,0.6919840961367074,1.0054542885324502,2.8539699021660114,9.140076951811233,9.978519990444656,2.4950128081582115,9.79168722430353,1.986540044728874,3.9492240859301706,1,train
7.664067626816336,7.001472754280331,1.9113110089715333,1.1867303499921655,8.662005779851407,3.776084465713997,1.876663971753405,5.457813889580361,5.276227422904235,5.92795733233271,3.801786666145961,7.623418166998345,8.348455766914341,4.874099929586397,9.225468377516059,6.927964969727643,3.729772748978645,6.305572414304107,5.775708755997416,0,train
1.5477705281982437,5.6224213836787795,7.689220091993843,1.1751844863590748,1.5729014101859529,3.589737386820283,3.391199701547328,8.921958410527326,6.674568666719906,3.9065029476115942,5.2179539719197,0.5206479831990807,2.88783001692142,4.820377799327086,8.390789649855568,8.044752103361766,2.2158252801534797,3.0213739022104127,2.3621529742880787,0,train
5.4201762339905075,7.369082748264257,8.707746343285573,4.739413191199841,4.528344517611519,4.602100649579228,8.229890876643736,7.343074525952544,9.042394573269096,5.1185636987506475,1.5328272798933718,8.752847163963342,9.932554313205927,2.577280424446066,0.6083717615019202,6.604256624810789,9.61358679663158,9.660253454911356,1.034302716319282,1,train
7.877904761636285,2.5244646380410543,2.5885377420309945,7.510111014570478,8.026581226706234,8.444878081366307,9.851495900545332,6.603424300893091,0.14107251565054324,3.208010556488369,2.7885215280240097,8.979750388661573,8.867514420944168,0.44185026133224614,0.057433832568498655,0.8691427255037443,7.798823959852892,5.633754222922736,9.120091944303509,0,train
6.544984824535261,9.554207850963133,4.7242369880633985,3.4168688236191853,4.1658533121726515,2.453601639948284,8.8027053967004,1.628933276705865,3.3979584087613954,7.320728876223351,1.288563060654877,7.9995214777829915,2.7736814570649706,2.9635672589195874,2.503426919718356,1.480162809839739,6.7257227465947285,9.150687260606327,7.392182687963769,1,train
4.717481987472427,4.081189755024225,1.3961518435040248,2.7107523880544897,8.003096030233607,3.978449175200188,6.3758150804745455,7.432079104900712,4.295279175956864,0.9940906817391382,6.223342700394171,5.751775289564599,3.6607765446972875,2.3467962043883315,8.716610238247014,9.350732886720316,0.8236424245658303,7.70918349771093,1.0191665159246044,1,train
9.537973064671773,7.641914362443586,7.983958918062823,1.4572141348942529,4.764836730928907,8.467313130836994,8.669220467456872,9.189219615419471,5.528775720578399,1.6758966136468845,1.9319165573084984,0.4175922211314087,1.5572736349312721,3.0621725161053037,1.3460260536431146,1.8325592856626072,1.9665067549540338,9.236704688262508,8.24951095633778,1,train
7.350040655278799,8.173941458116945,3.957187703271878,7.818040909428291,4.924144835133174,7.978896032509988,4.5442881203551755,9.49657177194185,7.301121344510973,6.884714308610427,0.3732724458504011,9.442692783850463,6.91016546614505,5.6721065875078605,3.6722707969625534,5.877018541730772,0.8701456866689861,1.0279750795819365,3.526113189264014,1,train
8.825917475855247,8.16457240586957,9.729082609102184,3.2476555288561553,1.3688453270724543,7.436343841244637,4.226259888913538,9.251824558268193,1.8610034447902213,1.9675931463023222,7.251301475797568,2.5749599474565024,0.41282273541336734,8.963473526012288,1.7099384011874952,8.518755584457082,3.744690692734282,3.991115313204049,6.110093905003588,1,train
9.615426086135049,2.9017018439717046,7.681943924000312,1.9013765203754744,8.23915816832138,1.9131896188327502,8.432272818010063,4.550328882926589,6.274889393686428,8.270532624924098,2.752872931663716,0.9833581310532558,1.5459575792826519,7.966214021893901,8.38789448942284,7.446625452825307,6.634324655729368,1.2694455302209084,1.4020014467844766,1,train
7.121197052405279,5.724568901097834,6.255865998087469,2.4591823492562805,4.758817896544219,8.750507046898699,2.7883823105156424,6.535139487996249,3.8466266010965757,8.004695472098838,1.0468110130705333,7.5649973535551505,5.540727367843652,0.24754160900882338,4.645996086703676,6.8360697906843875,7.601976851836212,5.278499271477276,1.8082857450681877,1,train
8.026911032735507,3.4979403418416477,7.390625942331658,6.2372222886338875,7.523967377041691,0.6454993039131818,0.1993920984530717,5.412153090590862,2.720955913583798,2.3266075914162574,6.125141082481013,9.063260061357134,0.14829498796073426,8.907397446495658,0.3524568161875774,8.602394695817242,6.226898407178179,4.305801791515464,1.1475486692596137,1,train
5.03513444565618,5.745361474894411,6.137955111846939,7.731908757648968,2.921116385799686,7.116930100800378,6.428541512520162,8.68931951700512,5.214286124139381,4.688451999226986,7.4378192720602145,0.246975375341405,8.804497897131062,2.6805643522448452,7.107416250926033,0.34643300196783744,2.9620884633773437,0.6225824816585723,0.3353231247347055,1,train
3.036469689923905,9.508939493418248,4.270510161013642,5.552540129683408,6.9500864720589846,6.2525887810085194,3.760531380519403,9.680015867719728,3.8682149439189164,0.8681223193129384,7.316069997703355,3.6882183267432014,9.758512746429624,3.8645194946206427,0.20843348071079015,8.195907890657587,8.723845742628955,3.9154508588187276,2.713079466923195,1,train
7.499887554723505,4.81727763526939,8.06301547700804,7.248415006322546,6.96268099815505,0.5152387776298939,3.0746169409489834,6.231649951249736,5.468973942444622,8.495605004441693,1.3117362987095493,8.123425497302218,7.354954120880449,7.207272756846738,8.869956673375173,9.091882559956343,7.3011843064612965,8.74277571300215,2.0007625518057273,1,train
4.863335163577784,9.190729119344052,9.819195826784988,6.624034856222117,6.731372089994803,5.783835239765763,8.721411514367828,1.4297983219169952,3.1791833673527057,4.253502147009068,0.46715889372051844,6.107203813743726,1.9846450114915093,0.8667810253838282,2.1957659149521525,6.170702956633564,6.038979143805072,9.027230619933883,9.566865690267107,1,train
9.879767775046798,8.401621570794699,1.732200905029225,6.624020865014391,9.574638875070821,7.650691024795304,8.212320156511623,9.526950413689274,0.269176363333935,3.972824612357151,8.649349524356772,5.157142643534499,5.31264903536904,7.44626461157389,9.961858196151157,6.0109571278048515,0.2437797916288953,2.9887446280208163,7.375043514506357,1,train
4.4613315737029176,2.272476000821123,3.2420183786895196,1.28098810825576,4.737850394478299,1.0623349482644207,9.93454815176025,3.2558541238735126,8.772442533519813,2.8493487979572407,9.656089620770715,4.203333926546941,6.854738515254784,5.7208086741465465,9.365051909842242,7.656608930650673,8.981464970000463,7.5855880058171365,2.628056515897752,0,train
3.9188108787150338,1.082838051517422,5.388035993993531,5.3183723878857725,9.868593347532544,5.64053916206799,3.928004585007425,3.2426882645867785,2.7264631033401345,1.1793216446014887,4.525870468158731,5.4526464089942115,0.2685769953001982,9.765498601095235,6.3427185954977086,9.460068353560317,3.5641013799344323,8.729971537815462,6.705097780851295,0,train
5.23556864990692,2.148707798964201,6.585603998765975,7.569956141398428,9.006217195893896,5.341339463417865,0.5464162215146218,8.647425564731222,7.425932405564223,0.9162809121522886,5.23979505484656,1.061409198416876,0.583300323112923,5.2891107772273385,0.12272683188086386,5.3532889403348785,7.087321358992339,5.098316398976612,0.345443582856807,0,train
8.18958315420483,6.185348258351151,2.5504758029646823,7.671873268259601,9.659233777718645,4.770842405061773,7.953778749517487,2.6233964280960564,7.915512090428374,7.945338385648363,8.099001474129574,5.089522798601164,3.8622617289586545,7.709125701957228,0.09746473077994477,7.7867718982628364,7.951239423950297,9.840152786420873,5.957910456386173,1,train
1.5032698534696518,4.253326999900956,6.360623862876816,9.16061339980878,9.222954370665317,8.7914996855949,1.6391741991996323,4.745852435347092,2.9091903100115246,7.338014090743843,8.35087022561038,2.2124164109274123,0.9924574524690177,0.2718611527922543,2.201032542356333,5.062468864535893,6.657224969200172,9.272634260283496,3.163585414916014,0,train
6.0096441355527,3.599253695180198,5.831306735010546,1.3478253889570522,3.6426076288326827,8.570714492407046,2.8714597284061405,2.9168713732371367,5.420019283377709,7.051934499615494,6.064731792229644,0.11163496765416059,7.0422033704488305,7.66657713771402,2.4609141342722287,6.505960510177794,8.911094100240085,8.625638602356355,8.655324495886552,1,train
4.975433395954387,2.2880504033028073,4.725134823214679,6.028557099772035,5.969008775874861,9.242925143169357,9.25121198424287,1.1084944284138754,9.348135585140659,0.6266707595138454,1.1833213430482281,0.7871658316791574,5.708391443341828,6.732045069741851,8.67517707167049,4.183013017619489,6.511351407558651,1.201771021944582,1.3796545269286897,0,train
9.529960247467528,3.011233306939592,1.481409082974121,4.978874449001221,5.388358105708329,7.773424243811123,3.318287341866053,0.9815192743282897,7.8719003084762695,8.59469690982839,8.349104436737715,6.684873295301136,8.445792033720975,8.993104292355863,2.7590638189235186,2.8518911124165958,6.475158953471537,3.709762336286712,2.2619393154365985,0,train
9.01104213427566,6.802867379244973,9.382208934582517,1.606244046438288,4.829650864521731,6.810092940705114,0.963365358011955,6.9020157872539,6.974904356514457,7.391574917593104,2.2640399035301106,8.664311797760892,3.15008694843986,4.888587666168918,3.0668742224092083,1.8582545872089218,5.516881380429802,3.6891909821558535,2.350789914844069,1,train
2.2010824201959625,9.813195811632278,8.695864063174678,7.834116444779464,2.456034442698649,3.0121796493205713,9.110956856265146,7.339611096997297,5.66184564360785,4.501946141903205,1.6013741630070444,6.540998226655816,3.975259816868438,8.252427482102737,2.541905340839844,6.4034836644157505,9.535080402689967,3.9617153918726355,1.472935682793165,1,train
9.527390124975655,6.5735987116246575,2.937072287093438,8.312326631558904,1.8915439641865794,6.553266384693667,4.7164718294408745,6.541817642929787,0.3859825105953796,9.91529091582409,5.0091194030326776,3.039236239645131,8.635110196719285,2.4112778229350584,4.601769962250293,7.34832348298625,1.5020965330118574,6.176709191396536,5.458426171446998,1,train
5.751876717132922,4.162481769634562,9.255319311073528,3.8293813757369137,0.46875470617585346,4.961679762549584,7.232742828631068,5.429908965123984,4.543924816384846,8.190392338145484,7.572066530115972,2.7714163461453167,0.9105309777437676,1.6377380868654745,8.732851848331995,6.388023248772062,2.708592514805056,7.823665967868506,8.884095598107201,1,train
6.0683463834319,3.352092193472987,6.866191540474775,7.7063801950056,7.692769578675254,2.0132690860183433,9.924062279454368,0.18364308497190618,5.988139663386138,1.9967013753206608,4.459608308316203,6.161118910924643,5.528147560684122,9.898441579826095,0.7387617640242106,1.9258364484922164,5.98606061086087,1.7060868822415365,8.567138166629958,1,train
5.346114476474634,1.688317514387462,4.298825341106375,9.51740975869391,3.292107112550111,2.630827607489279,3.9893763039735006,3.864162928570687,5.175980457573055,5.160816301817302,7.925218135330584,3.925645671247282,1.4092354069343105,6.219134888593125,8.566507422646643,5.513772092461789,1.7733955442146954,0.7307178303025874,8.998727810888775,0,train
8.932907253985022,3.0324244803099316,3.2186706281826436,6.9556022332869905,1.6317516667817977,0.30711426929336594,1.9436575803607847,2.3877144575621934,3.9609259162303347,0.7255397275662179,4.928438539854866,7.0310604027314305,4.076430077694431,0.5763713534620873,5.659058741445495,0.6870472471150812,0.5007091232334515,0.6147508118745515,3.4537292044452963,0,train
9.684026703390725,4.555944839577377,8.541581848816225,9.361112711259402,3.5347166860587964,3.484268107195816,6.703423536952101,3.070371155490579,1.8607913105528306,7.403773014545957,7.248542042764255,4.9217244617311,2.9793479169759793,5.657010804148378,3.6264199145183182,5.30721645633288,3.8508750811743897,1.5749115965884175,9.204805095783339,1,train
5.635731389242726,2.769950196114519,8.333742298835475,6.232677785302135,8.889739608984357,1.6199074216418585,4.2338683544767886,0.12408207171845653,3.4300560650300973,8.635357311884544,8.05522414268238,1.758189497113266,0.07887140788616409,9.619794497748092,4.186628183120313,1.7487465184868134,5.4612284222854175,4.250854937263695,8.224133575153193,1,train
1.858943991632449,9.694145317694918,6.627793492764077,5.7109357386469215,0.08991210659665683,9.198471991062622,7.989490654428973,3.4107430976911743,4.257678923675501,5.400428528843558,6.687752920405408,0.3763777730797446,2.156286919821979,2.3266975778186296,7.725218137134265,7.536782036157859,4.055868869561923,2.548684969644871,1.4370358855397103,1,train
8.074749754764522,9.23653475543994,5.496463197192448,8.114831610571004,0.6050627724591306,6.4014821784400535,9.993821140617936,6.2842901220221545,1.5877222833580917,2.730004052607219,8.65845417408162,4.362313116952202,4.286844450584559,3.773533971889953,4.2024652197756796,1.5126012116200105,0.5470391020409404,9.555218014020081,7.318376772819186,1,train
4.725199907853251,9.60597418396815,3.593049710735799,9.63383818163014,7.629756951880784,5.6560935873887255,8.362049375269008,6.614448130063375,0.9001679807400964,9.725418961158155,4.3001076445984925,3.276817739837339,2.043695424407125,4.715631621361343,7.7975254085413415,9.74780625885946,0.04550228908078657,8.257745955815018,4.675349584504197,1,train
8.63319690096826,1.3169385927494548,5.229977109893251,2.9947649859626413,8.73458862077406,8.49365941639856,2.167150213191693,1.3737812871843513,8.731037111755896,4.825588676150093,1.0460271786763464,6.87721252857492,8.089329382313622,3.0506320356545693,8.449583395237969,4.614845347492742,3.2881633125658705,1.165984035637383,5.716119149884635,0,train
5.316363331615708,8.130929222746847,3.775843145278423,1.8490958610756567,4.422952733064135,0.9820098206298344,9.739758366164608,6.201796110534815,8.916082852684093,6.073779449144893,5.536855243986482,3.400014587275445,4.3511927340256475,2.0057594871577598,3.1136403505898946,3.9025272282148213,9.930038884129587,0.5292444342683433,3.9803157753014426,1,train
9.153214420822636,5.697456004682435,8.157456271198694,5.5627501486106405,2.096788823361453,4.950738678026745,8.263132163150841,5.528909702958682,8.806040399479425,1.611504714184876,8.564109404414912,4.493715508786108,3.6514654132165534,1.9966929871495942,1.6584563300438548,7.051986203838938,5.604596088149055,8.268089691614271,1.2047809490274142,1,train
9.429630119947271,1.6749659761535334,8.59440839052141,3.676391027973114,1.926114751213469,2.0112711208046274,1.7085206537149966,3.9373776399955265,0.7164855653359026,8.887279723831885,9.344563626515463,3.627646980157765,8.75475161350794,5.217549007642783,6.523452921496724,8.380927607427271,0.4086511760374645,0.729887982793952,5.907744141663905,1,train
2.6586366601775984,8.355598455483909,4.900362653756612,4.309346827590922,2.5162316638380657,9.53953302727873,2.9009428544120808,9.663262063333844,0.42584073065743744,5.397512386847758,3.5395684720766143,8.981953992799227,9.645364518192935,6.282655659939415,5.8540801779177345,6.297822971734094,0.8333594736139982,3.921056385288162,7.01451493165493,0,train
7.996812137023573,9.429342168657843,7.42750281641746,7.239600560242196,6.113891341478512,6.72991785376121,5.276634502092151,7.627917100999255,6.758899368255953,2.7850878076857075,3.0596534446975587,9.465797612489348,9.894391256284667,1.7302478308045255,8.832264604040903,6.969262496601284,9.341514829244222,7.81224925309443,7.686068796473547,1,train
2.2114440029922195,4.714800613442694,2.6880164766313177,6.373126357621363,4.051817308473794,9.706833646712443,4.097039420066222,2.2066369031907387,1.2051545884581316,7.213653645003943,8.511132070754977,8.89036160108417,7.77695655553623,1.488883985982442,1.8560876620087707,2.6536155166430286,9.183378861907112,5.573391174700673,9.68366191006594,0,train
5.930408914894079,3.273436074798242,1.3934844442187375,7.872591597924993,5.8575607068238025,8.22845443721109,9.160719849843076,3.2117959273858654,1.430849482101112,7.6436110243453745,0.8498557126543727,4.768505117235944,0.5747919113800692,7.1022305280799545,2.8857479627129576,6.656572952002819,4.468893020810851,1.0922563367395455,8.876755323362017,0,train
1.2138438215109455,6.5317278270098775,4.772227722015785,4.325083224130634,0.8002831975932312,6.617086833110827,1.4415258159674482,9.598308314572055,3.1032907313091487,4.018719586775603,0.24285441103834682,9.810833564903744,7.948125314221524,4.661093543882842,6.19535736177462,9.840244621363528,5.9145676838174035,6.09636203238437,1.3224629107977615,0,train
9.189973247894704,7.3330973802297805,3.1719167061289153,2.274882694378489,9.79507808908477,0.22477446283101665,4.116227793717366,6.5887916695136735,3.6745189769569384,7.905649629645838,9.73906570246468,1.1004295564878108,6.124768027854962,6.076110859096496,5.301854407688298,9.205261891892684,4.368094075155407,3.484433055957571,9.229697409708557,1,train
5.700962562531906,5.619260389956582,1.8831541786700123,7.757458634070419,7.978081906481292,1.4560988298750632,2.9749595868769605,3.6895003471845556,9.846268006883555,5.2696146081824295,4.827753359232869,3.488695998803765,4.1638360883342855,9.360951594674956,9.191322958539832,7.817108563095399,4.202661179153112,4.0200389451239635,8.230587778836854,0,train
8.761576728710171,1.6340441224584166,8.116692324263266,1.1481696939584745,6.665019802656808,7.957052556931259,8.863453938759987,2.8093139927338506,7.467659075074246,3.2628204779687344,3.4996171046893076,5.433187511472612,3.999525659265336,7.637647814732355,8.637263248620826,2.2481474583981664,9.10342873789104,7.110420482543746,6.319473690558793,1,train
9.362024707488665,2.1330590532240463,9.71098904581864,2.132856940474102,4.3535440012044635,8.058015427539742,0.30610117400921566,8.114698507959687,4.118759175067139,5.945729857807822,5.652336613891544,1.622426048124187,9.986356291894927,8.129862909370036,0.31544976153141,3.102321412511074,0.773528793400341,1.9271930584601615,4.583502954478082,1,train
4.229542065043896,8.587546835942122,3.683908281490651,5.492153108407294,6.865295939581929,6.9717351421827125,5.752985035035958,0.37940423452684335,1.1286950621982283,1.804832948352335,7.661772360696755,1.041471677566459,7.126073196085524,3.9606154178437203,0.36288273351210765,2.5217980285034547,3.4705695730076758,6.434044225131757,2.658741809126428,1,train
5.1228973700368465,5.950310171609971,6.054030300312498,7.11237281065771,0.8081914371854559,5.013203552650691,2.328824360035693,2.504480639845866,9.014878790801172,3.8647674172074287,3.8121539585034068,2.7178488025186356,3.20360189529155,8.229866461149555,1.3649170010795764,9.027481830949046,1.5528550465735602,6.700877315611974,3.970800088626648,1,train
1.1849876134495976,6.745102020553059,2.971074751311883,3.767025577635783,2.107609405688642,1.9092499865861046,1.7457444603562144,8.403078527139922,6.005965213384789,1.5181350980982855,2.7867496279610684,4.665356626834891,4.935314277678174,1.8758083188167973,7.896827402920341,5.1726860760523286,5.483344839442078,8.108442935198227,2.707481702097393,0,train
9.726100500634464,4.681280048595047,8.568100753942339,9.17073301619322,6.495860521082966,1.1880576500024598,9.34593110785945,8.71610224540786,0.0035978167435857245,2.6836689623269825,1.371987757522447,3.9051552286662563,7.291298842514231,8.056858606027925,4.437042782165169,7.441867344748854,0.2736417276117553,1.9982516758272562,3.492480788028293,1,train
3.641265915566158,3.69279198877917,1.401700434280594,5.988723214546521,6.950077432530226,5.743930935575471,3.5836180054344546,0.0351876953933139,0.7955768877196046,4.4466133805910975,7.037357957458711,7.788258126796329,7.394263773810796,5.192288376974607,7.466649465560067,7.177360999450006,8.225954380300271,2.6153358486244827,3.9669419905566237,0,train
2.2600939393955883,8.8702467788747,5.241007400453462,8.736666163922209,9.112239168456925,5.833534949941715,0.3898827682259176,2.1822145106308497,0.01312640236441398,8.666538268436273,4.899546720787203,8.619903255776215,1.460100640080081,3.081911632250435,7.1632430200175055,4.189093093729852,1.2072854009078304,7.8814423020648485,1.15807524260926,0,train
6.006412196163722,9.172654394155208,3.1866579587022468,9.11087768839273,3.160366670607032,6.1665340555426695,8.82250476627632,3.726735968556414,2.831606593706706,3.0860141287004383,9.16708752071101,8.67784102129531,7.240657214228924,0.9537248425476819,7.883766698943857,9.795970832600728,3.426042558020278,7.543443608923299,4.619118069429723,1,train
7.032801293754196,4.561581590941129,5.0013212290946605,3.3737759535299414,3.893034340193342,4.49537971697906,3.8293495413606404,8.894087491866403,9.187412387082164,9.534112007996313,0.8228282799841702,7.47134642891451,2.5947128461306668,9.166057363477703,5.7759474385272505,9.203635924598487,1.6950941920335583,2.654984554145945,6.832486662814732,1,train
8.658640338299243,4.127712361509533,4.367848427282891,7.005478411379661,2.5893205694067003,3.48610278673126,4.610244858283938,8.808206053775113,1.2465652606648447,2.4207370507709767,6.265020564776888,4.7723666353486385,6.21500821373723,1.7068876199565441,0.9958727955791646,0.7725654346045796,2.921037815334482,2.6276977180905394,7.470891316545908,1,train
9.644172114901885,9.142046811224963,6.9529809677352965,2.3514095516459204,9.061994916486618,6.8426166958924135,8.884033572514236,7.548485682911944,3.1568212870271783,7.038798906102165,1.8980908024043097,2.6418403256747847,6.47010001004725,5.510478405825724,0.564339238297662,8.479042470246867,6.262540677408347,7.271301454016442,0.9689674913172286,1,train
2.0028118153983527,5.503032783875703,6.247016630069677,3.232594357204311,5.689493276376343,8.212171880738941,7.297685173139181,0.30754694977500274,2.5239818980292936,8.411317848767744,9.791801667911022,7.252998118309133,0.30824817102342417,3.7149044964272058,8.354896303818633,5.861677366252051,1.743222141694829,2.4160628819077656,7.352094831490738,0,train
3.066112015851688,3.8408944348809486,1.993121076260876,3.4009195778761847,5.638092787525364,1.1429692088385257,1.645831800079982,3.5898001066781857,3.8986053773093388,5.036960819673495,2.106533617800631,4.844706478411154,6.621429536347575,1.0673959579461245,5.0612843737470055,2.907661538477504,3.2000872575733164,7.663588744670541,9.016213558042942,0,train
7.425924792584571,2.5076919493199723,3.700221249147782,3.430438739444724,8.504435733536816,9.03026026944943,4.383820500253152,9.381876677325744,1.7725413873291929,3.7182614071248086,9.268720157066708,5.653874965494879,3.536909402603401,3.038070941530858,3.2296580037348166,5.017983059497199,4.336701476631502,5.409864829479046,0.3018044471505599,0,train
2.0310820973828267,1.224088691345969,2.808388054300841,2.299844493904618,4.5676406740543385,7.0900517593944326,6.380724059774144,0.2619336795691696,6.3762369241390005,1.6359227675441046,6.723223197664186,6.2735112556089865,2.468985528767089,5.224875727427075,5.025968733099616,0.35755078636324766,2.176458004712285,1.968021766381135,2.6283162965875517,0,train
3.15239436149405,3.5334528322835483,2.762214885928423,2.0838295249313035,2.8203196711341496,2.298981275704689,7.8258279968602675,7.238223031317381,9.806227460177839,7.153858206231789,0.8424333657002525,4.731875806700763,5.569914415401565,2.996738716869245,3.1266920410282184,6.120272776264317,3.862563466539062,8.303842258493358,4.253352696088486,0,train
1.275999720396709,9.94046376397046,2.844293933326047,9.628932344014332,1.6645393542499964,9.638853680429156,9.502005034643313,9.693928272510696,6.2273851336743355,3.3965066753306115,0.1871580128186856,9.303606829032159,6.801430907751369,0.8975959792946986,3.64256063544508,1.6294687692665077,7.3585340917802355,3.680614874135607,8.808105522856273,0,train
3.899428516081696,3.65542865670756,7.918726586603221,7.684108011899539,9.486050377930152,2.022460345607422,1.8253122022051804,6.358965989875921,7.278455790296556,1.7294567455809584,9.975795493313651,2.9680242855775796,7.181618953266745,1.7220376295357165,9.337811293626132,3.468267530303951,3.273977678022267,8.7356480858667,1.1326240999946924,0,train
9.01191633183521,9.627686428917254,2.476516380509949,7.729639361161914,0.399603840007805,0.7840469923677817,6.538864015351108,2.158678424152235,3.8740386031145513,5.728184266294604,5.257962765061032,8.468692345368824,2.563157138707841,1.9625226699447407,5.9514767342384465,8.815550483484317,6.248133594252641,9.712538187485793,2.071910583616523,1,train
4.968270392438926,1.9177952609292377,8.98591762513204,5.203048929307045,9.032520950250937,1.417429996045435,4.690001169799984,5.269714150284479,1.9885353077221846,7.44306905972606,3.9063501177968907,6.308556453612008,3.8935661500847396,0.8841568845034975,2.8524382261005945,9.69056635272605,4.83426519658143,3.1607962760293615,9.639874739025592,1,train
7.479073468546949,4.5541294129767165,1.0928406945024922,1.654569796869836,4.288875539639392,0.14463843471575588,6.906331833485947,4.86535592787668,7.658012460291161,9.218693633085909,9.381138580692612,9.244589454666421,4.830488326127681,6.4401416184841835,6.905991878516351,0.08483865800076984,6.615192863931848,6.721511814076661,4.160902537616905,0,train
3.0537222288025867,8.731732777147872,8.034439620137782,5.349457106733514,7.7730643804355415,6.609988173048137,5.998763883685529,3.495647653546663,6.110481536551217,7.025280765841071,3.891561919176784,2.454439833410259,1.221285461254813,5.10726784272719,8.275932116281492,0.9893840838969559,5.644393067915704,7.107375289366615,8.868992784957536,1,train
5.000029549163767,2.160647070286569,8.488305035475449,2.4657656527400973,3.4812882967416336,2.666147726595076,8.361775206763575,7.330646334977549,7.496832664693141,7.706677689976927,2.6192573737415428,2.358901799948373,5.4905706604338285,5.892128798891103,9.011035691881524,5.26300003906547,5.225164067021514,1.7500084252223136,1.2034346560209208,0,train
3.5917156010146316,8.578708555911124,5.606184030671271,5.9022518694638215,8.99069607985383,4.394664375378338,5.445996555911478,9.988315329503989,1.514693419917631,8.859281311511808,6.165217302140306,2.5897572433674023,0.43570550961581245,8.170085542314375,4.787402045698412,0.8372811101322664,5.1932083757084735,8.479174539825808,6.081718919411815,1,train
5.809906981479081,4.0493502817289215,6.342033973075442,5.513133114894395,3.2745516157041954,1.5381034248339565,5.714934223624044,3.398882096599538,6.791176808306409,5.566332095623311,7.132916358828542,0.6052269852596659,0.9792147425976783,7.245290305270988,8.853413105144758,0.7309515233133623,7.42406718368481,6.2843386933417245,4.700992115584068,1,train
8.480251493437098,5.346866987722615,8.976029142267455,2.5766958714992874,6.767737957955312,7.140000540679603,2.615974931300027,5.850312588815983,5.2657332442859115,2.0061327909241955,8.059019300490577,6.268147278858116,9.51817946790537,4.018919976009587,0.44289177829301196,4.474655769476987,4.215778882462345,7.299510985050281,5.447687320905823,1,train
2.127086590095431,7.072984957833716,3.642020428577678,1.2226235622562196,6.302948481552077,6.995647853278021,2.9430024386243083,4.738118343232857,8.452513276115972,2.9047824939817826,0.7826054014939321,1.4198578185081279,5.897370683345148,6.917822746126994,6.349548264234551,7.637671638052089,9.394874563673918,2.745121265861573,0.4313177383232658,0,train
5.294838483182066,3.611592298655699,3.810289645908139,3.8581043792617913,6.543954381262315,8.75035532718753,6.140081984736652,1.4951555678481676,4.767201631616885,5.506439749869905,4.564595858115052,0.754871298906783,2.0855111433402373,9.591606370838443,1.763592830618711,7.155001882574803,0.15550913327776805,3.5801933924558083,0.2504563966716944,0,train
7.011519821398424,7.355176004997956,9.660321462804474,6.936113990633019,3.6192162657171236,3.366467468674613,5.36052420459523,1.700569509581591,7.773248759107076,7.562903446132366,9.155868846453311,3.946116866357283,7.38503714167064,5.8077704916081565,6.35551144589249,8.315909102444332,8.859495769070598,2.134564294147947,2.986642095048704,1,train
6.549907590908925,6.006720687259088,8.87937965162833,4.17690556667502,3.2597254255329657,8.095956180417282,9.087303433405797,8.478262304586385,7.950579483305173,3.2148831510771094,3.192633262938566,9.86445614407925,3.7347208104155305,3.9897819876748364,7.6863230168548204,7.353666261987323,9.923483527421757,8.151754948071972,4.661812902492951,1,train
5.995235507251714,5.809744684400667,3.4988413047852944,8.213590857485434,7.967762993205676,9.900068885215472,4.817780929550751,0.9146683345757001,7.336340620461868,3.325482532728036,1.0101781959481104,9.210995128185699,8.850964084783259,9.616876924157232,9.278348511306394,8.108325346130197,5.357127895940595,2.114037138490147,6.128177045014185,1,train
6.298221387882852,7.1479880232043005,1.5616928388978004,2.082192134734972,3.283477123154671,7.309212675995499,3.4327707481248106,9.288683184277636,8.082317049301079,8.387444379442076,4.836244097246007,9.534423322564184,6.383044825446131,7.5691200965323,1.8655090753799752,0.8127189925958767,4.993289962757846,8.709104706999266,0.37560826449024476,0,train
6.442049320168244,6.219298459151798,7.959185226565137,9.730613255069846,2.0665765637625033,2.6268901004603706,5.604757812656564,8.842120704984978,9.60984405585098,6.948856255044136,2.123255590040718,1.2914497350917842,6.360359796039129,9.150473934793878,7.629744368187097,0.8194394791436665,2.0284011430771374,9.619435166798471,9.00690886210063,1,train
2.3294643218024396,8.91414452855664,5.05569395108199,7.813031425972582,5.820868316601572,5.926747472876594,7.603352097194488,4.098567783907255,2.6352505086793965,2.451010066000271,3.1805751662831017,0.9619109851840968,9.691726188786351,9.5033671171153,2.165584755179303,2.890230173249977,6.878259466519876,1.05269340938267,3.4398536441218552,0,train
2.6661320966814213,2.0594851128055485,2.995796654113169,6.1715888005706,0.7784475557166393,3.4327561278884886,6.4342785503988855,8.343259826801201,8.391835281937137,8.805315572687238,1.4291214533138663,6.351365772414482,3.552745998050799,6.519254266802755,0.6616377668436291,5.094761092864646,0.7908431477866829,0.35501303319230626,0.3912505367275043,0,train
3.7837121740220816,8.23003872249691,2.8253983265923397,9.723456997978667,8.11987699434725,7.98639770333819,9.8361073521283,7.2907696047336765,6.560142732310946,1.0417780231466844,4.169581628363562,1.527939728416453,4.688320251271119,7.760050565558591,2.603643450993911,0.7173294773768257,4.679116218651343,0.8614658123743968,5.517381735649129,0,train
7.514556518465607,2.464107722146089,8.94856109830339,4.233840400848778,0.8370878035776841,1.1699706088029083,8.423465180862284,7.974129587696751,2.8712504763500646,6.482798166184972,6.761507680383083,4.672359938867708,7.111162023720081,7.139296129953252,4.678406081832537,8.32152313793049,0.10940120761826044,1.3112732609721,8.967656089594952,1,train
5.822330989435738,2.6203527346582676,5.280218226653934,9.568745472320622,6.30962663503796,9.93877724374549,4.877132565063552,1.7096446751834815,0.3648997164186685,4.9790283979208105,8.824898601514692,5.7099562786473745,0.8725363663144003,7.144410441759836,7.773117945797815,0.9445817762774389,5.825668080863181,5.639801444856442,2.788904266689407,0,train
2.220974212211441,9.48981598940104,9.37866343883216,7.562417545352408,4.266776244673379,8.645380473075285,3.778316044481894,5.594228825162241,9.882137037816015,8.095774534599459,2.4760610580241513,6.690007926245465,7.371975560177557,5.696303289585051,5.381769417665475,5.3318991235670055,2.3334934747638325,8.570779513995147,6.500785143321268,1,train
1.7552551766836104,9.833601435716984,1.0205412257413262,2.033032364206999,1.8240761942148687,1.0027586036963354,3.429198514868456,6.868523341506761,2.189199897256542,7.776873289122326,0.3012677512407014,0.8333771522600919,9.125869553158946,1.8614458168739434,2.588801530084841,3.003622959228668,6.554005019520189,7.981154402159004,4.789176402031643,0,train
8.902991670089369,2.2957790932902276,5.564169574276142,7.30656986072221,8.300466918917632,9.696990748478854,9.830392127672972,1.3951006133647947,7.251797031588412,2.321933249268302,7.43488935364411,6.650160185759661,9.33323537414503,8.694769908272027,8.19623259482949,4.132529795758232,5.736743282595195,6.34826739360234,8.143985779477138,0,train
7.46791524709854,2.0871470002836903,8.879293637880934,5.757027370887551,6.921013688349969,0.8302426731797197,2.8687536670445724,1.6890334265950113,9.334224696612697,4.95673907305966,7.4858978394731235,1.1581241793054264,4.7182604099483605,9.453240186131296,1.1527936186778176,4.253469007844869,6.010124727813238,0.23807689029457846,1.866303188145375,1,train
3.918599335819714,9.099660428011694,2.29802289465506,3.613084775309,9.235215597060279,0.7637198222586783,1.599450187144622,4.711913579678033,7.391225611043724,2.1237325338359323,7.254225024775851,6.617654635305752,6.590282443790424,8.981568942745083,2.470422203863137,1.7848967297215168,9.804516426137646,9.363095552747374,0.5062614337220017,0,train
2.641365439751212,2.161278170872752,5.990440966768109,3.8154685990789785,3.1059155255929816,7.5931326677443405,7.769286729598278,7.253525747955754,8.41311895377199,2.249427655991144,7.765274423907574,2.8292141220737443,1.8841294045577561,7.90721513772568,5.092867505194356,8.358241459998581,0.8144638013560812,7.935834560074887,1.3431653243596087,0,train
8.425184944352061,2.624567818009792,2.063629864216937,3.323884004317138,5.05659391509751,5.411131759365943,9.352409224293499,0.8008729077572407,8.422701356228178,5.730083563194462,0.12128265259574889,7.684906303021055,8.43877226834217,0.3351904835974129,8.534128999272909,0.5995363993552671,4.5793610483364136,3.2101056269447814,5.220234918836237,0,train
4.6259062079895825,2.2963754683446456,7.9808436491802865,5.946983833212731,0.1190152940281397,4.714771193380392,8.284519948316886,7.5690730085093785,3.040754282083913,8.587344260100465,6.08866976170437,6.290213778460303,1.8031542538656353,5.7706917093447885,8.552429046822619,9.151696939290137,7.448891416149907,2.3099475744750486,1.9745929307607146,0,train
9.036187253308675,2.9954192670670228,1.4409199581110366,2.8706778025247512,2.894753424687485,2.2549845016699988,8.630569074801723,7.4418249294442305,0.44309356293874225,5.506231591485032,1.191607276592429,8.806573058757923,2.461289609481878,1.9174567611700921,0.40101012160677074,8.26432836757531,5.793048762519707,9.031442645681437,3.663909346047313,0,train
1.654573286873546,3.2951253732137555,6.426393314086136,3.4987244299900064,0.7396486101661781,9.92311753074706,9.113805617819429,8.89392812135178,5.839138347970678,8.821710024687084,9.859155476254113,4.769313592881533,8.035447620030238,7.701565910276713,4.022313412993588,1.4516185188907305,3.805916363107661,0.9333752330548206,8.174727509453716,0,train
3.050140094192935,3.129915473435822,7.054279778977694,4.8892832768486185,1.3039230909036736,3.612892979975838,5.821785716985826,9.861056917780273,5.327301289188756,7.705579997492707,1.9405733029586003,1.1630459846762264,0.024588709120512142,7.908409119027756,4.565624100913645,2.959235711118342,3.3852581460407127,3.177940802450542,4.937355230521884,0,train
4.384114499041116,6.5526532621655145,2.253704171214576,7.293685226263569,0.4972952229269323,6.3217417491790675,4.060912784892967,0.23843020765651812,3.602509084327906,2.0948022010696246,6.046775033064952,1.366397458241695,1.127118431781341,1.354478483458671,9.335702167658267,3.0564794801310926,6.220707289270308,2.9170488744571745,4.4173730049139115,0,train
4.833699007494315,2.581129697985572,2.83586196836455,6.133594198249524,3.3635682304506154,6.0013277132424445,8.702894754222738,8.236500047881336,5.22816268484619,3.5402147744984958,9.58060391360244,0.9571554362175083,3.7380120514544712,1.3845302848575014,3.0617955827105128,5.780423900271977,4.453255851888694,1.453639554778603,3.474680177923469,0,train
9.492552650355773,4.023564751406351,1.4700151286245786,4.591086953171689,2.16284943406577,0.3793327093649912,8.738168233501328,9.509099637542135,7.4658965877963945,5.64473959720993,6.886850528516481,3.2669078292624745,7.083282256040161,1.8826003076539732,8.682678677349898,5.707347922702507,7.267800057217277,4.637999387732743,7.155672067410706,0,train
6.413239076916436,9.913369778730305,2.703642125013305,2.5846697971692767,1.0235865621015627,6.659295637843824,2.9654854808637463,6.917019255659521,9.977795437068766,3.5577942438404375,2.866621547899648,1.1905285252533249,0.7047681281128371,4.495660287696425,8.4462589628847,2.49827592698187,1.8806939151416757,0.7665103169225007,0.7809255263645032,1,train
2.458369230555405,9.04445740453029,2.82461133055134,5.909205293697972,8.545418901730606,8.203485525786128,0.39418893124406607,2.708692199652475,3.404286539413274,7.147454453567944,9.745176743654723,0.5911095002269862,0.759621636322042,6.298779509885135,3.988141134254911,7.700516951916723,2.68294244984697,1.998905593681698,8.575590727735529,0,train
9.616522638524902,8.613729888784945,6.555873149058763,7.715408920601125,3.944768715968986,2.5682634879610013,0.4414863420219528,8.926706148275303,4.168143476260058,5.793387909262853,6.598497510778971,5.218452106183303,4.913447344199532,1.011790493172673,7.470358642622029,4.588084724374278,1.1121771164173144,0.08793691601676867,7.686641568422913,1,train
1.098159680867708,5.306665021994853,4.341050659128184,4.639011911180357,3.6948094354668495,8.068182415894936,3.6622752676870363,7.520778369412944,1.7087482152097067,7.59440406282895,9.6562396322579,8.473769432110334,7.774296419469256,8.106359281859636,5.8840409219384915,8.279987829307508,8.227498678547171,9.904796648180671,7.085916077043017,0,train
4.854802870715567,7.02855978435136,1.6529990454457455,5.393231873904858,2.26412555313652,0.9737857856268273,1.9846639232458674,0.29733250171479875,6.358943814469615,2.5908178848729646,0.7000612738814305,4.204180784382708,2.2979147017971235,8.294517611824627,2.377887618972052,9.001933412010727,5.005653185469439,6.3473654279955225,9.562059589348191,0,train
8.752294942647135,1.9476994579798388,5.82582270012988,5.477706252668452,4.293239117049921,0.9881716914692196,1.969034248716729,4.048260206066741,3.3540617795327856,9.706044018668397,0.13911373148846162,3.4474491789479424,2.187170439514049,4.4158532343330235,3.9724048260234546,1.3513555672760402,4.247063857459937,4.693040652556051,8.486271632267652,0,train
9.404533728521209,2.2444229417577684,1.3472074785617032,1.654655614098726,2.343271687466034,6.169751659357309,3.6036616427618764,6.022190746576804,0.2509874946629309,1.9296117719046424,5.771564081634245,7.734726018952812,1.5001651757951018,8.436015427841175,6.4642658996795515,8.77191222490117,3.119136118697475,9.482518052612644,5.312484411155097,0,train
9.759748005849824,2.123316307077899,7.858253577051371,5.645688307253146,1.6127726780015905,0.340247080033107,7.614899810365524,9.380612175246887,2.70493084201338,7.133464881154378,7.5822222241850294,6.431931669969351,9.620024237581276,2.812830823201832,3.4420419786008405,5.706993096308061,7.393718390136142,6.9357599483687356,2.77106218868533,1,train
4.042224965601149,2.620966827986546,2.7240869845855378,1.4031349534169075,3.9906902532363056,2.794819633661124,6.2903786032606215,4.480836769088726,8.488152134730175,9.505015525344403,2.500634849391149,0.618995446934979,6.826274322413619,9.572180772322548,7.208368082697626,6.022157461444393,9.2399631403619,8.611231937058735,4.099055476234498,0,train
9.54525962268288,1.2074340397837244,1.7768354288893704,4.557078099421879,4.066046688959217,9.695180954868295,8.439803877059688,9.48043659050388,4.083280380695882,5.940257326315304,9.83690311841125,5.704151864835675,8.400214216154836,6.588435326964631,7.89514316168645,6.759049602874568,3.7465924775961,9.797461327825921,4.808409108613196,0,train
1.0240758972481117,7.87748229119586,9.112476752954503,2.317023607056252,4.039863594261206,1.5711426147910257,5.952617962526025,5.298282578872794,3.9467497555964437,9.418994543372596,7.033141928413308,4.073336780853374,3.8694201244208424,7.7421843269484425,5.794949229920285,1.0562294037162168,7.935606127302702,0.897506258079479,8.822163158365319,0,train
1.836774573820304,4.334972800156154,3.0697721675944853,7.737886963686409,9.4024464791812,0.82952405266976,0.34472901832178215,4.517940711313847,8.730501416802902,1.8926373477512115,2.069771890276023,4.741532611060154,4.200173886079478,9.80004824492066,7.6633263764203265,5.211642336116132,9.761031481563872,5.393029146827747,8.669145720885194,0,train
1.32998074655282,3.827148986940758,3.1204647628580555,4.385850391354907,4.399960653308241,8.729871555155347,4.138829047589895,8.996914861446982,1.8652085351936543,3.840939526289434,6.747344518768871,6.370909397942244,0.1536653865230453,4.36192651469751,8.118332393243447,6.333458733110451,9.72732147848926,8.877075699393602,0.04607053712133102,0,train
1.073357738866184,8.225301265932742,6.868111479845036,8.810596794984637,8.76233886000351,4.288300419213637,0.8322079150697737,9.06113726636866,0.7559488340411957,5.604854117321112,4.9513242599878,7.986742561974759,9.23210316200779,6.188325306649647,7.667696523451325,0.577724433155582,8.652758591120943,0.7115865476226291,2.3864068831435503,0,train
4.157232306739942,8.837286955405993,9.29240945804227,3.6085093371411823,8.388864714023326,4.567856092655066,2.3947926057985103,2.8191874566225494,2.8632281668065565,2.494292886539786,8.195149042841953,1.411162343531912,7.998991261017344,3.040544528254241,5.9556186771816755,4.203418891466555,9.102626122125885,0.5117020375949333,6.6708521148230835,1,train
7.032992790356335,9.957371546933595,7.11747301183187,1.1726595807398594,2.9848328791108445,6.841313948169796,2.9529288853817937,1.3687106010942918,3.935612922927646,9.44332019849346,7.717666180930558,8.303702818285204,4.086679320326761,7.704986652950339,7.072804442000617,0.9017686131717084,2.124965737027147,8.919540455117005,9.868806742969964,1,train
2.6391530946119848,2.0582746360266553,9.279265964321946,1.1044900394671266,6.543053762272315,5.355588556231047,5.731882350508412,9.52788606599968,9.75999904310046,8.535538910833665,2.6847420294662516,5.628316801163659,5.086284979815993,2.4565464174981755,7.167052220395166,5.963466851380379,5.138625524367008,4.284261443199496,4.70136499809703,0,train
2.7408158278944375,8.150646032056738,1.0075255411822184,2.0961962709869777,5.0286071849870195,3.0959024193082687,3.975128225974043,8.811124650342375,8.087425678423784,2.2934238056020098,4.705682136063086,5.770341419224022,4.366725268705486,4.1471242740998875,9.350529648378023,5.958550938454684,2.792646042977951,0.3004066295103458,9.723602835288819,0,train
4.49798277398362,5.589005665413189,3.1006247055299583,2.045299323097955,0.5223568038159798,1.7217523069106377,5.880019422669625,4.148499381313336,9.472987450482705,2.9073756655703886,0.7182962627446576,2.7530272125808217,4.014936649667442,4.254789682672565,8.015723803193726,4.162456222320746,9.03906255284308,8.364399042310689,6.032467823828815,0,train
1.7892988188619268,1.260858083253312,2.521243622310005,9.823231240594748,0.7049002968696427,6.084143946106443,7.273739602202179,9.717053798870806,0.7873535063066328,7.802684187461367,8.564494685243325,7.421287353614784,2.23108558119695,9.600162943320843,5.247806505244802,0.6232284300367608,2.825369048771489,0.713045345856661,2.440904735244127,0,train
8.815457579662464,7.566366028887177,2.948518865086365,7.358912681305037,8.252804230411357,5.832945031863025,2.1421756437738915,2.410731033945932,1.3271469913573275,2.9434109726727398,9.466073535480339,3.215351996578616,4.203277701368578,0.9766067005334955,3.8723356077417206,0.9976737310320638,7.168529448356617,2.805904619360242,3.0984719147303363,1,train
7.732248029378541,8.955798737301564,8.065389452006924,4.541904681350274,6.343782327923609,3.9666111308791265,9.190998362981096,2.7785324444823187,2.5775130695644988,6.230397111082552,3.9378288585756582,1.1741966029899331,8.21098600899742,0.16357328031916696,5.030571545235178,0.40257595563115367,6.243707983251248,7.426743020845336,6.349775979470107,1,train
4.833671796680217,2.313835007537473,7.235465271955715,9.20696253010367,0.9179731640406963,1.4298710740752996,7.393642477588028,7.256013360785275,7.939643729631812,6.0945073122839934,5.414937857277133,4.836750521489982,8.956950009739025,5.164714539375553,4.064419112739212,9.493352527232627,7.9904819128111875,1.846493471402617,7.969948908651537,0,train
4.604000151580667,1.8832560438901176,9.995757744029786,5.244976201241137,9.388655967384167,5.588025481869251,6.618707836913831,4.631755411127228,8.535386354274538,4.1112981791812855,9.158390610965201,2.770626317713166,4.156007173152252,9.634273482166904,5.829533354180282,9.378403225715285,1.810976099385293,1.827631904933561,1.558586354049254,0,train
6.700241917254949,7.450628893486491,6.105303525436189,7.9507572399026145,0.45437033664671556,4.842294316479173,2.991445384950392,6.568417978137661,1.502636743456598,5.026612559219207,5.045287856012745,8.941406224926101,1.614001301431971,1.121271637829877,5.275815859831718,0.9728495250245084,3.3482769285344016,9.283953702856765,6.228906045604221,0,train
1.5680528818776898,8.135445195189655,4.495657811647706,6.5590138368747075,1.6827669911234366,9.266743037511251,5.196676379886038,4.26593223256584,6.274044130690402,4.214372597793842,5.453756146876206,8.660264295645447,2.359317393110948,5.755382151999299,0.07036825349266196,1.2545391012291751,3.766274156180771,3.076823603765221,5.604367138404629,0,train
4.408068542356173,5.94162236517785,3.6430981652599255,7.668772116844502,7.301094139908928,2.855626616332634,7.290355767762184,6.601301529636897,5.657767696688309,7.330769970002491,2.7647726594184965,2.342807581936107,4.849464669976847,9.948655258833757,1.587183457204242,3.6778884510774823,2.5861992223578154,6.556432221724199,9.420792195965461,0,train
1.9694234929195105,5.1838192190587975,1.013577088808736,8.902960610523394,8.618058547438993,2.8194486497216897,3.275777150028727,7.575273830996042,1.0623331748232,5.628193339496022,2.051677750479781,6.683381106282562,7.25556750676618,2.639344613405753,2.3007931840647613,0.3438526815901488,9.192362561641085,3.5745787927428054,6.873407752100455,0,train
3.4021517153363305,8.77060875342544,9.921840277197669,1.4602345687758145,4.311537847077709,3.7812604114036152,5.764121874391044,9.380893746659767,9.72403924992809,8.599067875892413,7.434959079419958,8.11064750781208,3.2901039047461724,9.471302423442143,1.2697760137345504,8.466071690191935,2.229541222989843,4.217650376574182,4.73927147814135,1,train
4.856058458952717,6.449371350052309,3.6106193183241455,1.0374637953562589,6.177469980873809,9.17143864240377,4.5843935629965715,3.3015246605226567,1.4933704101235934,9.659480291654903,4.2719744803906865,7.159579384604834,8.21662247197044,8.326520168864686,8.677091417862142,5.033289251220683,9.114975098974812,3.472673151421218,6.7498255901531055,1,train
1.8890104867366428,1.6730929608210714,3.4440203158584417,3.547408026149257,1.8880041757888244,3.370886009617432,5.3341641592623015,9.476639101644084,4.71817794612905,7.779647810545429,2.3031943532912456,3.569011004239282,6.695837199310278,8.718388155962874,8.323948983808693,6.599338286208712,2.9433210300877843,8.082618296998401,7.244497195501425,0,train
5.865306615815058,2.48908978731561,2.011997899920162,9.152383236292655,4.25666080152403,8.584036809429492,1.5106228988122317,9.841530048471155,9.514686247336972,2.7403665284560255,2.604718771199106,9.16920098125943,1.6743534492972667,9.264423606969519,1.672373145106787,0.8423264847067824,3.052072384431473,1.6641744251804713,2.3309622051152026,0,train
9.93887269265472,3.736833715085836,8.275770064611383,6.973158485193876,0.8086512103125931,6.387369317383776,1.922759625118472,6.498794629611767,1.3592653468956606,5.03869909867946,9.73968013439649,8.90511897359793,3.882514946350221,5.941405591765312,2.836911237935965,5.8325915316719925,3.400754797169837,0.8557657461790302,3.8213246935650202,1,train
6.321572602973738,6.975069558351981,6.5970684774721775,6.88479808635631,5.629903996966391,5.501720546338112,4.303691058546354,1.4156168518380596,8.470931412462116,9.975587050675097,5.028880771073605,2.4350285873403865,1.1502001062563028,4.781675428654183,7.970520186137787,9.500967700977423,5.462428029820705,2.40692984855475,1.202545310061106,1,train
8.893713055870872,3.343835713997895,2.2852837546466436,9.464778637542455,7.859865479346252,0.18808867446269084,9.216819639251701,3.4019519872248036,5.230916254090708,4.054524878078735,9.345702828770184,7.770174181361707,7.9113495426401,7.625718908534927,4.069924813781846,3.4728225648863886,6.323725249649431,8.63639958072945,3.511385026453521,0,train
9.424639813520256,2.804321655757413,6.703396761555496,1.2908045988435255,3.877263110581911,9.169188894091986,5.13587968806256,9.140012191170468,1.2119291414172173,8.874046510094079,8.151166945927566,3.6159092284885452,2.5984122742824067,0.12924441186274893,6.16547321704144,2.8192379066405904,4.132114769396447,1.5272402289373677,4.216991146664042,0,train
7.358368518472399,2.5949584368825676,6.495411875406045,9.742165368558924,0.2979665542475718,6.719456549563314,8.832558247556804,2.310131923999712,7.248639494452221,9.68133660256955,5.305761782892717,8.081368179568223,4.476089516432637,7.139593520920199,7.0009577947386745,2.9447949449205515,3.20174442957219,2.3789051971492925,5.4472024947641895,1,train
4.487664374199103,6.43686841041362,7.102298468963606,9.025138674607636,1.2068043677715945,7.883481887994261,3.553627423309101,3.8230673550817684,2.5092152991505867,5.933099299737204,0.7984404084807462,3.2937637566531985,6.0904739781339154,9.626628584752659,2.355651091207158,7.736953841181894,9.866290935414414,4.242335561350582,7.951354932876309,1,train
9.315493416044752,5.185247665475087,6.241854525706936,4.916129899933971,5.282684521463512,4.496176682992235,3.9906002363490356,8.448861968435184,1.9956043108779675,0.15958656289679185,4.172984545220666,1.4124804276455305,2.191601361654154,7.149498163005191,4.858918596414682,6.300271198614511,0.11259604487682595,5.467268209438624,4.834144767070127,1,train
3.281218235285777,2.1054157827607636,8.488855813821143,6.460755062335517,7.1866124182406494,7.792407430994457,3.86822924011081,2.162745155915334,2.3718197716311895,6.739255393935911,7.684773153714824,3.4026833711433477,6.1682338954191716,8.930953969983099,9.874058374837086,6.558496639879779,7.0973069792448005,9.866096078545626,1.2614126301618356,0,train
6.368287787386522,8.544603165711498,5.7673438113073345,3.6590614087902606,3.532865883329317,8.718181697975169,6.196765257277553,3.3691715826542556,0.46786404682716887,4.293355341323802,6.590515163507634,4.473146786309119,3.939180921902027,3.085903409740114,8.21632053400657,8.859005630187172,0.37710690940921276,6.038417032553936,9.860307034573516,1,train
3.7836927034422754,4.0253274907494525,4.605973574339269,7.735372906459855,6.137260811196712,1.5384502948636736,3.623427660475925,5.114911829424123,9.210555581283943,9.339774357413917,1.5682259207344396,3.5680815002976605,4.634897896954163,3.915978345669333,5.9275073489458805,1.8182886042729807,1.0188712624121132,5.304531905492952,9.310971140926332,0,train
7.108654117879836,8.60011176559519,8.470738576036085,4.38740965486121,6.606035646620693,2.6893350569687833,7.712335445262242,1.0073882603440554,3.5799793331540473,9.586657420606594,9.500086710241538,1.6675855639505477,1.366330621497076,6.253688339963526,8.817241125616565,0.1857122712279191,1.3520620893170632,6.612328533831089,5.787588675009566,1,train
2.019747526870731,4.151803482985349,5.911764191375868,7.400763372818694,3.815618063363001,1.7642109332811184,1.2140482201050173,7.970186593220742,1.6406442788140585,3.970040167672235,2.7968294810824434,0.559276156693228,4.99823568993908,8.86080654276759,9.06306352738049,2.965043923380825,4.486610320256094,5.686312887824403,1.6832059849513081,0,train
4.624575838793957,6.865990981999674,4.6494804373938905,3.239178513156049,3.58735684228608,5.138770819642482,6.707452033055193,3.8327395395896313,2.486130264056845,0.28580461762265363,1.59635230816785,7.09053062744915,8.974417342336858,0.7264235775078676,0.6974681667806393,3.880181048245046,8.48428021634178,0.3039496445069334,4.4281868801988,1,train
8.921481955423214,5.3069508066305335,3.670665540381198,3.433477815617428,1.3423830877212095,0.5763975761478868,1.4634502994662113,4.190297291638646,3.3501110330002426,1.8138060638272946,4.082520710468569,9.896538930609326,5.400589241342023,0.1699715578882932,2.972156114763945,4.130665586936852,2.555996158988326,5.359816324678989,9.65340958608849,1,train
4.2445903262248645,8.754739202170365,2.6520819647736813,8.286838662047304,9.658545673313231,3.9425850080196048,3.7843714325873448,4.7289417422353255,5.535919186136563,5.401832512507696,2.473270222953672,0.14560107877702788,8.017009724542731,5.731733221369311,2.0981239138277563,2.1748337012504813,8.147557429054288,4.96010925412069,9.107089806815344,0,train
7.900353744895137,7.875923295615742,6.0771047819616015,5.694716434287747,2.3914470581663485,9.01718577344701,5.432657583453858,9.914529673568284,0.2774505891844503,7.738788389428379,2.361883045363724,9.701110439230384,9.256030370478737,7.8757550555515285,6.827810840271153,2.7621129766608243,4.617409710513791,9.933486256266896,8.314175706855396,1,train
8.39086732712241,5.913277155840858,5.388302295162216,7.106202064211131,0.223831576555531,1.3790705093756295,0.9144377937250314,0.8095801175343487,5.8622984909043465,7.185164787955937,7.944823367920919,3.3265434867065338,8.25220970371807,8.549702429351264,9.402627423711472,9.193466114219135,1.6599248890471874,5.981120308928752,1.3513269755719959,1,train
8.20503617522064,9.559248976367778,3.320961917849993,7.776532618789164,6.485050816407218,7.744236735698879,1.69315109400478,8.937628834046174,5.420768110373525,0.97410962087359,1.6414219754062076,1.5000127408711095,2.1669426843207305,0.0884017939029269,1.778963418088776,0.4442928989086503,6.08699227763784,2.692398482696068,6.30667557512127,1,train
6.421381793258178,5.351186059174406,9.72322071034552,7.571461114495184,2.0566826703725862,6.918000328859483,6.916826452711159,0.5031943290889718,6.615043834079547,9.114236014799245,2.7470144235867755,0.004126003996661742,5.487611870894094,7.59071214961363,5.3251345703798965,3.66814896650952,2.9413560446305653,1.406323651869965,5.5659177589297615,1,train
1.8264576644929449,5.483031124606217,5.835445257029764,1.046816808705929,5.882027941810798,3.8469428056148445,5.872858357708529,7.146347702191354,2.1140377911383057,6.806173935100981,3.2476852388505373,2.3834774632854447,8.859139053927645,6.514873802876767,8.93790521508636,2.7701956428274377,2.235927993342841,7.757455762584136,9.39657858282309,0,train
2.865042283307252,2.2267805163609964,6.667589546363475,6.3258125548897794,2.563895088648769,8.10875102849007,2.4813206030565285,3.0517883464344298,2.0897886813609468,2.143026123609756,7.381299379735803,3.938213409931255,2.860832058279498,5.585040646808782,1.376261602315113,3.387159165535505,1.303336108201606,2.746477608939429,2.013613534110169,0,train
6.501657395784074,7.692531734546268,6.879752221984768,2.5435373993842596,0.24590018445323714,8.536629143066763,1.8213754134952354,9.08236243143405,8.521118733642188,2.6621250316806098,3.1473427078093663,6.602733483995731,7.985156646531971,2.121146913338847,8.228589882178929,7.167858647189451,5.551727422887701,6.77010417706919,5.829210012087741,1,train
5.591019122212494,1.628129871377161,3.2212695312153503,1.1233627768967422,5.017274067390542,8.110371438390837,1.7057823353188373,3.3424338931206754,4.435573346637154,1.9295062998853785,2.6572926586232084,7.698527701769681,5.819131055000799,4.6003353720938485,4.073614946955548,2.6973313064908466,6.918992019979163,9.227292197417018,9.472988600936464,0,train
7.282363521059643,8.693134068775086,2.2177346996944474,6.961477861543743,1.6035638529739626,6.880018035339055,2.6276741590540844,0.5816924694186687,0.4594365815933288,4.457276161440305,2.957235733037357,2.6838371270381813,4.74042644624944,8.05502361799352,2.305246957121667,5.353349141325867,9.378699674732632,0.14012083420039345,9.621063251559477,1,train
8.662493941418829,6.852184265868785,6.640885098072996,7.34894436110706,9.4189877774243,7.080569774055094,3.186641259720011,1.478426098569775,8.976047613376045,6.379525562698737,7.529086757512154,2.6230538308836717,0.03163913728500112,6.601790014305658,6.07041170953707,8.599914707692008,7.357027454128643,9.293430882935686,9.843593706274232,1,train
4.708498610507391,8.216269528637016,6.160871702693996,7.017858180838486,9.215241150236368,3.274705286260111,8.024283011944547,5.670595286110792,8.15339617074297,6.450386449300353,6.095505881232125,3.414122747751609,2.923578915568197,2.965752172195746,7.595542980892903,4.082666343321009,3.845107842619652,5.889825876690448,5.739801237264389,1,train
2.7597209555209887,4.874889504268703,7.508328601741248,2.1908478249959007,0.2153773394752756,3.1833107013888364,8.84204796850733,1.3215577420997893,7.176407883862012,7.370829149527218,7.518719586846414,8.857496749641106,1.594725267604482,3.680269475536131,9.432764139558639,7.968354337713598,5.220884155339673,4.58168916740583,4.199606052174446,0,train
5.448089036714495,4.0917070838240965,2.124764184130271,1.5685695260629422,4.8888989380488725,1.5665644085262331,1.1050541159139549,3.105336239623969,2.602265330622849,7.819727613928703,4.138683743242108,7.105007437712479,9.926868706332272,8.73596232458151,0.828545942991401,5.466885105866409,0.8797085226491408,6.85487369413421,2.0126756809790427,1,train
6.672046572533388,4.94994445746185,3.494821470475242,8.67751019131152,1.3380051277143057,5.470260535549092,2.550636839339809,6.219019532979275,0.4207980475297324,6.603994545029095,6.2928872163331375,8.654248693011139,2.347470440061513,3.5914713603079287,4.548206207610608,0.970692751408232,3.680628583565655,0.7585061628752154,8.762817536783489,0,train
1.3717535185556922,9.931029746196073,4.71789167057851,4.101190205990034,6.65230913627497,1.7125361057807387,6.572630704177068,3.894077254676287,4.310774048350722,3.4544469916354026,5.803020634197314,1.3543531901045347,0.5014797038322705,2.8818107724182616,5.228946569257715,4.635624818886711,3.7010149290237617,7.27603836939748,9.005264385525258,0,train
2.8274466981410935,5.100915865966507,6.406848763441117,4.657726547758101,0.9288570350114644,2.726030247427953,0.821861709324001,3.0808602396890636,9.667785074125176,7.938311022075983,9.847300765187782,6.588707793888307,2.2817059246749616,6.374936437447159,1.9851440946773313,9.560215288343109,6.998589890237551,1.201332239630759,4.0590432931068055,0,train
9.747039396560544,5.145713695284044,3.8805494353574774,7.419898938311318,2.6522018282151407,4.211583676526801,0.888319235234154,3.8189594023603424,4.014508954444506,9.029008821865354,8.870458703324612,3.094911873759447,9.890071762672632,5.107216228132549,1.0907462535569368,4.156613724821,5.178583184187582,1.2251766314632562,0.6125821660573927,1,train
5.9264421303559205,7.659304921503716,8.546950576980748,9.25899846673254,9.543365193409555,5.190318359159729,3.7117548570462713,1.1543985209824459,1.8205871801759543,0.967476055162424,2.554053057512724,9.652339955740143,8.518172048731895,0.3005942135161066,0.07417815327398047,5.941803625864578,1.3751745768433354,2.2231907568749643,3.8264713220185698,1,train
5.404796030473088,4.138049847329399,6.117596764799165,5.6422644489567375,6.889430631321072,5.969896698737386,9.744854220912448,7.036105143478593,6.858174602777918,1.1921930546817472,3.1877758497413424,6.845109050084779,7.438353944523075,5.8876585527788095,9.09763823071319,4.026268249588098,5.404803628752296,3.8721962587523806,0.18173418840881084,1,train
5.024249254236467,2.1829391948774255,3.1895397477953455,9.1358449859074,6.442973926031903,5.1029424915399355,4.451402410443691,4.080805903662293,1.5192509429679424,9.898905718851053,2.0677313943208233,4.35975726464393,9.391841109853509,8.054619290197014,4.735604253230054,3.6833781235946472,4.944969199899528,4.279308390835927,1.415991809474585,0,train
9.709298475180647,7.726141079961113,9.666061339139295,2.6531026343153385,9.95360999244759,1.9138215536710235,1.6496247645111162,9.617756695756967,6.0332074949425465,5.328549908500555,2.8518169204462964,4.482813313651004,1.264766430874411,8.693466352295944,0.058013321517805805,6.2173689575913125,3.4276599198697455,0.2824677869253056,3.3618507156180746,1,train
9.52883161991673,8.378956231254035,8.108156470851997,3.3938939290411287,5.615719093620589,0.8593297159123992,6.985702158393787,6.3093392818728935,9.103126889625432,4.991964022396539,7.955676397841955,6.499258900741223,5.13034629556489,4.68290963666397,2.2454972783558658,9.688620835512076,5.506862579826775,4.282781108576206,3.8386890860374825,1,train
9.416806612251122,7.090501903586204,1.0534102691899925,4.9103137703791635,1.3737518940326798,9.728389178350831,4.7755996173270105,6.678328211132603,8.106864750547883,7.509550164855988,4.5280071728136,0.4866274466698095,3.3416300602467497,7.03350183490539,2.158065092721071,6.084919709423483,9.242775788115784,0.7161471656054685,2.000961632976562,0,train
4.17284583324818,3.7586780367202586,3.3329411576880053,5.89760221319543,0.7941895366270191,5.4616367646846475,6.569304903862422,4.523966157941923,7.525659893911935,4.3702859345310605,5.422202088963704,0.014152116361373368,8.090742669061836,0.19141045059894002,2.5290503860662437,2.1598925811251526,3.4581904201443003,2.749713998807822,0.7902383667407531,0,train
6.692177494769948,9.553230570681228,1.15351136989995,9.66822580157747,5.536465312444788,2.832771563679355,3.4439596983920175,2.6090613946531205,8.459332777832243,5.803418018874693,1.2142459613492274,0.7091830449606307,1.8252891187666065,1.1946062623240494,6.122729217183675,4.9637184306231985,3.4669982949581923,5.557617892857467,7.214929553828286,0,train
3.616290786634077,4.03520418657366,1.810177675434257,8.064873367881768,2.7433374446165812,4.583702215996041,8.94010496456248,9.931894456500135,5.855542760481585,1.8768849020402922,3.462942998396853,3.932331187933803,1.0207626002197334,9.253397754954657,4.940923058755166,4.911787494908596,9.833901409703126,8.023881033794313,8.591570318095833,0,train
6.650692676075169,4.528590041998393,9.1876040425083,7.0722970856000975,4.681873112662283,5.8168147016967575,1.036099416427243,5.202152571249748,4.103797579413559,2.6732003569423224,5.554420707332236,7.954239488282945,5.551907078216333,7.023029658587173,0.08935905046818515,5.009341156452179,1.323071768072096,0.4893465946863995,0.09713665724478071,1,train
5.696943061923535,5.817855074403012,2.040067823323452,7.897472056830868,5.040068317384517,9.475553482458158,0.3305993908940785,1.0241135383563094,0.18678425754335648,0.9591013700303852,7.659687984402012,4.957878284615753,6.404458407700507,2.0479632235655676,0.9479628336830492,0.5146898125958621,0.25402256808696233,3.8611186203713164,5.161463804700847,0,train
7.229071626881555,7.498699472812922,7.0118674323089065,1.1895445978457118,8.52060202007797,8.614474654900913,2.8175268654464225,7.980586384190587,4.972830756307295,1.7798238800687904,2.9808096880627053,9.708915311320986,2.1980064461461977,0.9221129087201407,1.1097757607146763,8.58465928294001,9.081373793975603,3.0045594081493556,8.063793679551274,1,train
4.741571138324618,1.704533115852725,1.3018576844600682,7.215259561805742,2.1288328184658276,8.732698801794834,9.708365722632474,8.261575292951877,1.7675905324894303,8.400456693574291,9.093097341455698,4.748603242593022,4.772169791901461,5.426060962559449,4.488167801682463,8.411339590122019,9.571991903696299,2.0814712109032563,5.891873485986178,0,train
4.629773440956692,4.033116204981241,4.499126001347408,3.8842866504627063,6.1155942611490355,3.8313626703379846,0.9227887119861589,5.413433892694917,0.5202369968349929,2.3043112847355207,2.081407324720902,1.8672058412424264,0.3823860177067584,9.097261729423568,7.848072118910317,0.13865390867220828,4.497551187137331,8.27875438316894,1.3904162492592798,0,train
2.7882477394723537,8.794684176588715,8.061526694637488,8.542910561877859,0.8388159905922998,9.424869429090574,5.733046921769525,4.392173258785376,8.02093611009882,9.051959909454007,3.3068648857963625,6.413769681486224,7.524982864337316,4.451630650251208,6.0182534723561325,8.21108123377133,0.11582526473376986,1.6333519960106857,4.751416455162642,1,train
8.092298443147133,7.904479997665947,6.187081461509877,6.694829233591324,5.0112315824886355,5.827748998495385,7.207392582660916,4.571410866351059,4.162202455001498,0.6884064024955494,2.1539019726164046,1.358420493854302,5.031990097033213,4.000199316914953,0.8924003650652257,4.349624105055115,7.305365891557258,7.687769607148875,7.895594407792322,0,train
9.508352913807746,8.471281311323473,2.922156903894648,1.8314939119072664,1.5234599136981053,4.6711194063837,0.12007205838553525,7.218306786564735,3.4894867011132313,8.006563482882838,2.709346182475141,3.9513433051680122,6.073634494592637,5.61771173632121,1.412611998417812,8.541789687024568,1.3494194045596675,1.002985393742648,5.765430725635813,1,train
8.524430334907333,1.5363908863038112,2.73774183034265,9.149029367908032,0.8215178981791649,8.536024204291769,1.4473374425097218,6.9138378876666025,7.546595070390066,3.642722220402197,6.830605755085591,2.1617743575336745,0.045387619246821664,4.4045108035728076,7.1012019735810785,8.972620564014836,2.8707580401871233,3.9677842184144163,8.60137384424742,0,train
2.3977334299561184,3.618318380309406,3.022401362874389,9.41213542287249,2.9664254398039134,7.551846153590568,8.025867983978157,3.384455295395281,6.967525893670347,9.646161668955083,2.9173768002247735,4.264993131167008,5.611158126246842,1.5989768497910772,4.762652130769428,4.895036990558498,3.504623396045503,5.436191395121762,8.343764017220712,0,train
9.70883163168239,1.023488222513558,1.3155291614287037,6.33083504749129,1.5747336026930747,2.2745325584359612,0.74129037701953,5.138569244173125,6.948391820104401,6.809401420895396,4.810749224716767,9.032342949256233,2.433532946708942,1.3253914019625967,0.9295434361703203,6.874173525605984,4.750641000669251,9.507453722655798,7.419729782709924,0,train
4.337263141518382,9.05276441680383,8.070328520020087,1.2458485343697707,0.9510261708454415,2.321979634636029,2.1268132671093074,3.367947976370582,9.453734219133304,2.6261222347519872,1.6769998388898189,2.084352140602974,2.1108530042350795,7.9635271939047305,9.105868251064116,4.817661545060092,1.0111880036795717,9.087045133929077,5.785889578382659,1,train
3.5554302580619233,4.794844869893087,1.808151326055484,7.647800394794995,3.0818638020166222,2.345501399867561,0.6634427598208581,9.11957440480067,3.3971466876998733,4.999135502918625,2.6051686494264548,2.7764406360805527,9.153255607564226,3.169369507430595,2.498084280325158,0.8796821488744411,7.06156110812326,4.3456913124484045,6.939567960200312,0,train
5.490393313365951,9.95630720871513,6.748780115387613,1.2107989617362145,5.487917365124224,2.1713295088056936,3.9896267476729874,4.247012073552151,3.887390876153942,8.326045980716222,7.809506358573577,1.8415999118505233,4.152003106077766,9.386194689663244,8.133693099825177,7.9500466840268045,7.777073378639398,1.5809948480256864,9.21557468125008,1,train
4.3689196714987215,3.503066048567322,7.935181525386421,7.745920284491403,3.6346161299075206,5.571122482665492,8.463578438386852,5.008121627107453,0.7753355800652695,5.991327437572855,1.8394000471890914,1.6254997710704044,6.588533854011239,0.5757693079910131,9.803283019573682,7.222319935519733,9.656758727036275,5.668211395192801,8.550491571894847,1,train
7.379996323676451,8.990529974239863,1.4148658758374966,9.109933307420562,5.629255442212429,1.0162804310706863,7.507385581420244,7.550983375269718,0.23974645517291893,9.73281324948886,7.020714271922052,8.9338211258729,8.917941873283464,2.7678355086180395,5.516963210890689,2.463376071405108,0.49411635092797335,5.111754119957426,2.3528219415929073,0,train
3.167361012812252,3.4886121992038124,3.175866651995972,2.5476583041289604,8.460027656179639,2.9613770131418446,8.720209073170974,4.590630291830397,6.917424284135599,2.7846406014900182,5.991975611197395,0.07701265729144424,5.9951792408486,8.10903620663349,3.7532756856526275,3.086553147828571,2.747312752149994,2.9196389244548238,7.580810475917157,0,train
5.143036556539119,2.1864296802786733,6.127648560231225,7.438964663094589,5.154061954788761,5.130564780336714,4.128371420401914,9.602083624997363,1.4380594125174428,0.11670514449494962,6.3867644525327165,1.7550856319496,6.18770937073315,3.7489686853528426,7.383326721866103,4.529868710717903,7.353441033403511,3.540586073129939,0.5675022221672954,0,train
8.780437651125444,6.212810374351644,6.8880709410118035,6.978227131793774,2.1293313695092575,9.435052644716691,1.4413504732555094,4.0623494030692004,3.123165170423501,0.08054871535619124,3.577288840738201,5.171637941639718,6.1289614555000425,4.195918233798502,9.595543003676234,1.3010426824142995,7.534986357851565,1.574982033177157,1.3649228182932283,1,train
5.936181174742626,8.290206314767618,9.46092589727686,4.806013036225394,9.63256315795509,6.37953812752201,4.984181761835207,4.940925319374253,5.749235210462108,1.4705144794449954,3.980961607375866,2.564405075729953,3.510035258838018,5.3874551895515745,9.377363570119963,4.507913961766633,5.6343782432377925,1.402528969860305,9.66137283079442,1,train
1.807683987427206,1.8096133122834148,6.044289823071024,7.366808406499376,0.28388094589127055,2.0785944130048173,9.072146764253116,1.0814673558656007,4.405145956771372,5.4372215296711275,0.39094469626611894,4.754500365876116,7.445851128686708,0.07021598110976357,0.15478536430140188,6.312067736100797,6.615853363036472,6.28159141765328,4.473340103719817,0,train
4.6803903455929765,9.68738404170088,3.5909671235121845,7.271686744809961,9.591686299971832,6.052433000437778,5.489586748231524,4.207396846075625,5.542334195444795,0.7256389371571337,4.126631194419266,4.83144702524299,2.340477665591335,3.1481441961423826,4.931355416215478,4.634512858943297,8.038415034074815,5.925188328248449,9.071999014719562,1,train
7.820164145678956,6.3421097094460475,2.0125340778618925,8.535026362569393,2.3499184809107776,7.957940481293695,5.703685531138923,4.619311001388688,7.853409386926032,9.736378882948127,1.778989194159104,0.9698103290967031,5.646531895825641,6.7361294121433435,4.465490750744405,3.6452714676709776,1.7547855404702073,9.313264916916212,1.6734745034728615,0,train
6.541266027381885,8.385311674748337,1.9555737601715213,1.4646484809104203,4.471081746759792,1.7015412493902082,9.240624970555682,1.7067261505512832,1.8142560137528818,2.7047270759120137,4.125969660775226,7.199106983439746,7.956953743063989,2.921674070806106,2.019351689197694,7.385795129722799,5.418308828705818,0.3151771559869687,7.402848737522051,0,train
2.1919965124251592,7.375434312304367,1.4101875578998433,7.983792136748204,6.604592104191024,8.351864766011742,3.302221666812122,4.997581227871696,8.986639143022902,6.353625526916041,7.174150249237493,8.131724290836422,0.7505380901481207,2.6328454694155057,5.5543493135576805,4.65948656683943,8.70371061753681,9.885143204866456,4.194641837685548,0,train
5.994570330143543,8.723651063067802,8.057475596992548,6.39250737944091,2.1383795474312874,3.5365950446840486,1.2713137416170472,6.851402715698676,8.110726767356136,4.0245727050054825,7.038501029483614,5.5781056505006905,2.1557343770894066,8.902512285677046,1.0618737028825298,1.154037911855511,3.021121927764799,6.712429727529169,7.518485787850221,1,train
3.039872435040402,7.26843512582513,6.035262085821745,8.16221877518845,0.347997131252894,4.835038044000788,0.2882262474996189,7.266718182724579,5.2735702741454205,5.190514578848697,1.5796962714697893,4.069926419751005,0.9440960249864194,6.392089735771579,4.770077872262929,3.199160269092279,1.3300398888154286,7.778296396468391,6.084658496497674,1,train
6.083141469369963,7.0758493016770245,9.724325049086469,5.151096625918661,9.228514288225213,6.454170283688469,9.026640113608364,6.715232167761681,8.833887270460075,4.60754704622296,1.3244947076081526,6.275272863870088,6.734842705456118,0.8241563196836776,4.02440412799062,2.5970841215405405,5.921248854528817,3.8591420288175096,4.110778622504122,1,train
6.057542636808154,1.887865001498076,4.43376228534108,2.518414850982656,3.531402032341439,8.108939996796588,0.22103860568073674,9.9792525736091,1.8125295274973274,4.92731414775426,4.393599222171176,4.273516315122631,0.06649896482948559,7.395788529861495,2.2882851525329286,7.519349070898924,8.374843163762423,2.1111700637655617,3.078761233661841,0,train
5.352065883741465,9.241744918389053,1.3375920892785576,2.240700585852374,2.6269844025229627,9.836291471823111,6.365776705230983,3.440416891977738,2.8631932712730137,7.501168303675842,2.993544821435817,6.287844836084549,9.183677572251732,9.505179139258287,3.7890844469882836,3.4228869604664744,0.7751378125607533,6.553371211066276,2.602463971999139,0,train
9.468397971725434,6.041115543364979,5.53152591113261,2.088054332751878,2.254851684557553,9.35039992619785,4.515630018033706,5.542684127115843,9.406573480780361,2.2195164690327873,0.4744401950626942,4.351732349611224,9.480410426397121,0.781864907520069,3.850733442034392,8.83221956972018,5.1663198916285875,6.008819634160806,6.281814253368348,1,train
7.681947431009629,2.63755989515147,3.620878849257991,1.7979392493382869,4.707291599388391,2.2222686708283,9.062654308925095,3.9188489453507325,4.533156790213844,6.293345871080499,1.3338483804895618,5.717318323416956,6.188181910228481,5.325039734443352,3.9658768376039335,4.571591066941309,2.2105655923161747,8.767630921209495,5.3793551241162385,0,train
3.0361364767798933,4.0301896853998995,8.592616438459737,9.03632809529696,0.873558135425544,2.488307994391614,1.4737343960655835,8.138971354338489,0.9284613259085905,7.999266092177387,0.7852830572806269,4.493566954129696,6.981656300304978,9.076755487407707,5.67378700974123,1.1878182439816865,8.5038585012521,9.109357693229644,1.5821102318686198,0,train
5.411072689219156,1.0186013530870075,8.881601499448948,9.5533413797849,9.324796070718243,5.228601761009908,5.559511200053531,8.17880278701228,3.205393996212409,5.4042341853781295,9.161060593034374,6.752955567247043,8.712230639760804,0.5054124718752873,4.300421828044839,2.582468504476916,1.060400646939299,9.451091781765804,4.5341327167367,0,train
9.259329932432983,9.120908263694648,5.563032534863066,7.6403195502831265,0.2698160193334953,1.641961568232615,2.194757300154496,2.095231666593044,2.0706742466475725,1.2285349764477083,5.244513596491556,9.710492304970925,7.179880174918868,8.783827857043363,2.873210368432213,2.0569162867470228,4.4868773497252645,5.750349090934904,8.564450667075077,1,train
5.205890279558279,5.945045181655702,1.0076157717945171,9.062623344279,3.321969126752472,9.193036416112147,4.704049362913153,4.384637577012881,6.659790374512519,5.606545157957479,7.032566372452294,6.618997955135937,3.4156181152150635,2.2035045596180645,5.456993839583042,9.622819645667596,0.2998797509619733,4.260307389938421,2.1198128077908196,0,train
6.033154117394769,4.348828580802468,9.182887105522472,5.787646069563034,8.472317495115062,7.926484064704674,7.769133739997404,8.544779800563916,3.73470729837177,2.5085772945374654,7.21175292203799,3.3958385175043917,6.4576811217194745,5.799503697980426,6.120783375794535,5.635938942494328,7.690643352425455,0.9258039681261454,4.13400522461443,1,train
9.62020892342896,1.155796386416605,5.090776483286927,8.26644857308618,4.745789603131051,3.561933849576592,7.4503031325449935,9.168723586081368,0.7910632124486472,1.272277630399844,6.6183196698750955,7.623907667226209,8.59681991476737,5.0452753723577874,2.5438209052270233,5.090838165792801,0.6570541762195148,8.399969537403663,7.84469427626317,0,train
2.209277340381632,9.391985262809364,3.193802084027623,5.104794652427399,3.5953969855275645,3.665533306831632,9.19010262249544,3.8346814121093784,9.844432399029056,2.0005141144767604,2.284167668116992,6.747870507373212,0.9356845206499287,4.144785594561102,4.6391551342863675,5.895371396321308,0.27396842864880644,5.096648340173122,7.679712540147131,0,train
3.1502898250052325,9.73383737159586,8.01270068077314,7.124035985899453,0.5389591946676453,5.171687739399118,0.7798299400148045,2.8585660015845393,4.513402535704395,1.645392592826329,3.8090107032595997,1.5332906708097938,9.072508892186407,6.677886837114743,4.575147813944894,7.455480327879159,2.7852420280947565,2.6114539186436803,6.61078335948014,1,train
6.804481793117944,9.871327549896897,4.028031343896924,1.9855130520256437,7.361890784956082,2.528860501275111,3.440310473755347,4.818745215204623,7.368418210197325,7.117222479638496,5.766648897011089,7.696688461131719,3.644381629236041,9.089649284089452,3.0208418667736705,3.174090889980048,1.7463787816336118,2.453868830519018,0.3264471839860872,1,train
7.96014176282527,1.0846702795623675,5.143004630111226,4.3902923108888885,5.090782793841955,1.1339466223386552,8.124219469515413,5.727104316135949,7.084712433704372,7.99671609265202,0.28369204948742843,6.10144490313451,5.213081413643026,1.0144017495487856,9.35628306269026,3.1681266844577327,2.9267758098940155,9.984894872389848,3.089593342377227,0,train
7.39285535746993,5.699156610360856,7.427797520283942,6.395343620005671,7.62651014106662,5.628081845787527,6.29378757873709,4.7514933584499905,1.226796911761101,2.291231650056366,9.372182831881,6.086212857192486,4.256596464888638,2.6508784318040393,1.4504979541156182,8.71998147280754,8.473314338160357,0.19904417970245225,6.230065961226897,1,train
8.516978239431852,2.065001396065223,4.425678343669849,8.702510348585005,6.330124099126949,8.328208504239495,5.718275160178581,2.528058977929637,2.023696619731626,0.5129714963753462,0.9416241634227129,9.405185234681014,9.664326827788708,4.738303551936367,5.4661675122775355,4.017885633218727,5.927708869590342,2.2340105367302163,9.716274774375742,0,train
3.920116410055844,5.046584429598951,3.071162742364403,8.178438907103116,0.735778465054594,5.75594278812968,6.825040161476645,6.244360116936704,0.9083601168621735,3.382939024500986,6.062360892399445,7.258401126215507,5.264299152507065,5.616797445751737,8.605532568279123,2.1705226229350307,8.468205654476467,1.7086164809113558,1.751224336746161,0,train
8.22334176377918,8.021401437729116,6.707287328272019,8.213654856305244,6.186487651747875,5.5408825680838145,0.5352913298806494,1.4002364320223215,5.947913237844396,7.799388138965505,7.156026566202246,5.0954037973223345,8.398845334975908,2.2773406580618882,9.854369169359599,5.129898569135007,8.253853834906485,8.535391855277794,6.490958620776713,1,train
1.0548476462564236,1.0852984285118747,5.464763797736641,7.566294117481064,0.4798183355728436,4.268290406013894,4.408527906534367,8.834220258281757,1.7768529397317068,0.6956150046105192,3.8806979967573407,3.435779112233419,5.218530278755776,7.795053686503421,8.645619506902008,4.032677491080104,3.614568552470546,5.262580932266787,4.53461375230801,0,train
2.3042499705155324,2.6119010875585125,4.074636175956415,6.217582101910592,8.301993617591503,8.452815898289995,8.939389553923748,8.335431535111095,1.3287594832170868,9.337177272592914,2.113854954532306,9.488031562923497,9.570014208398456,7.9199639283467285,2.5892770035153303,1.60934873605603,2.126266429484358,9.639421834196114,3.1107311924849945,0,train
3.6356908285406537,1.4519206242202976,6.263934093039473,8.17362671063132,9.273611338247939,6.374672887704493,4.441840619857241,0.816851115592061,4.911575161145753,1.1699733959778835,0.20976146203969703,3.7711200594961856,0.5020060796334513,2.095223528707778,5.54660371259202,4.662409561916792,8.558680462869118,6.782647225067365,6.30713011593556,0,train
9.348569639643136,1.0227271296218587,1.4284089796675272,5.213362132485421,6.722295733409497,9.25399099651395,5.031669375324147,6.929942910947524,1.545791567310404,9.110554967972046,3.734221487767704,0.07160427874252973,5.779460791403432,3.389299902461117,0.3064298528572895,1.6928899733965674,5.4670981528606655,0.22762537114393022,2.2831659733810614,0,train
6.868238725980964,9.01126698388166,6.372864555681145,8.560703781719802,2.178114323730569,0.023784174689167603,7.233175861776754,0.2652067043581974,2.0894561731755434,5.504620343190786,7.071407035786208,8.174954554587027,3.5928676825348393,0.2674322689040165,2.4129624695044005,2.599939063628357,9.095332938277886,9.848442208732935,5.0216699213455085,1,train
9.59607776162946,4.37224626314984,8.305747153458228,3.1881865435658847,6.888298902857072,2.960562746091311,6.291764346493017,9.59992638374995,8.049947058958242,7.413464302560758,2.8177147341984954,6.990588427538096,8.822524521266246,9.053411645289072,9.762374120577968,3.152959256069725,2.562200185469876,3.990017308801704,1.0010063194566599,1,train
4.87322549502467,3.364611828938599,8.625374666359665,2.575572089384777,3.9342187918260674,6.088953998100544,6.775349688259701,0.03560715698502581,5.098307737721796,4.62951280090632,5.1964809581700315,2.528169884304355,2.974457721079186,0.18272660681266095,7.057830563214735,8.444597596903579,5.069356793060694,7.964346715219291,1.8202704237919842,1,train
9.658674706881849,1.314729214965584,9.069756978312142,2.718405995215603,3.885809314223395,5.589076920276482,0.05732696819930161,5.683380027514394,3.3919055846872572,5.401780581857864,6.40631126489785,4.73831835777875,2.2438676161678717,7.110372625168818,6.396102459515962,6.107469221025143,4.766612167465243,0.06714745607509731,8.70536541812157,1,train
4.2418536416047425,6.9152806073613915,5.9174503839895465,5.456211807969096,0.6321863896603763,9.578643807580272,3.525260390386472,0.27721670503701556,4.377265842848727,8.878516749874757,6.75870698674995,3.211134413128507,2.08535586144695,2.3339586759571427,1.4325752430918515,9.338978018229703,1.6453102879083803,2.089357316946945,3.480504727316014,1,train
3.819104096807614,8.689444924886908,8.27942937660296,5.401457267190054,9.78183496218852,5.405649694343207,7.328063659692648,6.109466094249145,7.943926859613256,8.018127538131148,7.420978345076103,7.617775501884471,0.5207670195999448,5.13222452909622,5.100931090455308,3.2432905151171965,4.600618925034617,3.6476918462376706,9.45857384786174,1,train
2.8137968919187997,3.5837198753125614,7.226170041930675,6.733520173142737,7.84333479774104,8.375155013832398,4.409582552258985,6.192373928166639,0.43079066514483566,9.883842222782603,8.965742081603686,1.8217313906624943,1.4636949499800334,2.586872104313127,1.78807071559835,3.9939587605622595,2.2423845636257567,0.4145268357300702,1.9182973007172677,0,train
9.266472866410636,5.9285214657913246,2.047539450241558,1.8995024274940493,6.359038943741354,3.9741123923338115,9.664068981088752,5.8262610027057296,3.7960529478938474,8.735053155357782,6.026615772746587,1.0324717927324722,1.3337784660182983,8.27569638799704,8.805952293742036,8.928308018577123,0.3419352661558883,7.443363100179511,5.597290308791242,0,train
6.412285965255604,4.083745344546126,6.471231754852629,7.201934609996542,3.3875455908138163,6.0099261409667175,9.144201945200761,4.3525378705802105,0.45705128423983554,4.593966429604157,7.843788963634863,6.120544840170466,8.19369679414825,4.314581114422164,0.7342600465844473,0.457497940822692,7.796973311410689,7.001663568929669,1.3558757316334014,1,train
4.5705878183092,9.505313109868158,5.035073948385525,9.019753872280502,2.0592990441465586,9.778558819176789,7.62912305156026,5.490965807769276,8.302420185433759,3.479555233169238,5.575762572376836,2.188389173022145,4.066235605438621,0.1531628052788947,8.845817010116496,8.890581580640339,8.32965056426017,1.1794724235190412,9.46015531380468,1,train
8.483518585856693,5.419888987749142,6.491935262969798,1.2156421087209388,8.874333763329918,1.5503355916149664,4.65427356714291,0.8532048053769781,5.388588806209652,6.70357077623591,8.969933329431104,6.586518350340725,9.836666504080466,0.006946923933258686,8.091013052290823,3.66796386595732,1.6918144712224248,4.327466452300297,5.023203941722294,1,train
2.9451979557771755,9.302544096563802,5.651765413888749,3.6977586347784817,2.324910525600614,5.333846221553586,0.20623359249778206,9.813263324596202,5.363574550307187,7.748015077088373,7.6178463561178935,8.226081899205356,6.942894814573756,6.207967511544617,1.493508232043439,4.638589332334187,6.488173679633446,1.0755094427209788,0.39696609458195864,1,train
7.001240041559046,3.2136879197730903,8.732164113897444,8.549432967567455,9.201377339264047,4.018719439757653,1.9696555641929736,0.0839945200086889,5.703050669255588,9.950110633663336,9.415007402104917,9.7969846648453,3.2684207480610827,1.5291722243517536,2.9559420621719354,4.361521881240138,9.004971329267278,0.14944705591613983,9.96224261994907,1,train
1.5369087283363978,8.128634937481458,8.11089786315042,1.5338089101271248,6.381408949754145,4.134860560914366,5.626493392264733,6.796237663883887,8.981717640146163,8.628081194056199,3.6397565291325176,0.4843224055129014,9.630883749418238,8.517554701567192,8.485899585228594,2.78847077818978,2.078967825530178,9.711376670468198,5.98398952281825,0,train
4.37477632084199,6.367047822325979,6.313415203482494,1.1012734319867608,1.314669315874788,3.3398142699704882,2.3742629497338417,7.993512085714412,4.59624171609312,2.466519473371621,8.215775958761263,4.909102256896882,1.2501728443322502,7.1076492085719085,7.5652004262055375,1.0932717558731053,9.737620997990565,4.978046693931125,2.763954566054606,1,train
4.301863172647617,4.620364807226158,6.344232872785051,6.611695092521744,1.2316000405293592,0.33171504950951336,3.8321684121260704,3.706890336137205,6.6035982891940845,0.24858926127952707,2.1002021657609227,5.723251320937671,1.7121942323027806,6.331037087566803,9.54693046504399,0.7400098074016459,8.016060884100822,3.0275060902975826,4.8903575151511935,1,train
9.13197522873832,8.973774787474529,3.1371017444771567,4.8460202621149655,2.253959182884915,2.926842111970732,4.418233910499385,4.55838029148182,9.712307178652175,1.464541069961699,3.0152895965615176,7.450314216849694,8.370477683937237,1.0097665640890097,0.9388918938896829,3.1834817007049585,9.503256954152294,7.591875147089869,6.0999452888457775,1,train
5.475934223215839,5.321252966630503,8.949045951428825,7.616719826861493,3.3294980332745574,1.1947291598736542,7.429666542357964,3.729886030052949,5.660241398914146,1.2450241106993987,5.513277405030932,9.248909497367379,4.15083083698519,2.0200991512605917,6.162857044619436,1.9673676269250773,4.1677309967921605,1.987130009806083,3.415115432117987,1,train
6.5223972715561125,1.3169440750838304,5.6800023566555815,5.182834576100098,0.30693375725873717,4.4412222119903895,3.2874168767319745,0.5922000407656591,4.338433139988074,3.9274824360826166,4.0888653378222415,1.164449394974183,7.253602139143352,6.597877857153199,5.30538016223719,8.858724623995693,1.5412178376039642,3.963157317229391,0.9013258762407261,0,train
7.353717049573245,6.95070207782825,1.9185039486072972,6.279304876634408,8.725999141420592,4.906405039581689,1.8979096081797042,3.7716310361531713,7.890380349599172,9.458655958464007,9.758222889197961,7.073301423949384,9.145084318277524,8.400506442119315,9.845775012966481,2.6821569824230487,4.600651618872664,5.670018881433835,3.0446764992881503,0,train
1.653566804014584,2.206307894716854,1.9796544133623697,2.4028299788441787,1.1302179674793822,3.369526567652057,3.7959030610781355,6.1856194433753835,3.1895908337484338,8.693589031795238,1.521600738961849,8.999039773216793,3.519281438192956,7.641297985008761,0.7134095545453067,2.955635408878652,9.03045692241905,8.094516647695908,2.5333490581283247,0,train
4.7906587733602,5.9029005870601,4.098477055269462,9.547759294796666,7.334412412941055,4.360692917904725,9.640185071291391,8.966018406968905,6.810307039163961,4.0318925624589355,3.921134127425897,9.61227343785292,5.292044450154294,7.024998389399231,7.531695511787982,3.7997000837781947,7.791337096457766,0.7399167778749582,8.886728937029703,0,train
5.917178191640059,8.623590345923606,5.379751934639715,4.75003143438085,8.477228795241594,9.939168799542937,1.8160203069602787,6.035445804502446,1.8493585639604893,0.003191377749702795,0.013048986000898655,9.582049804702836,0.5294916978466824,4.4234759725131205,5.651646135255055,0.8816143587286995,4.660881519964942,8.66570354725318,7.2723924725053655,0,train
3.892333134847277,3.2676697301398456,5.84572335231228,3.098165783329989,1.278747976471516,3.9328363511372166,4.121949232789829,1.7495736436432963,5.165782768338549,9.00202373564624,5.1630133504668985,0.9319628009549297,5.377149971048313,6.506458818311281,8.156854805564066,8.927283907337149,5.326908188229545,5.665215498746445,0.7649764752137689,0,train
7.6596361953790755,4.766571023495667,7.097789278021373,4.604059397994191,3.014868953056781,4.441156451364211,3.841774234886657,3.562778370368015,4.703672886389994,7.6888356258370205,3.689567648804596,6.292230808305247,1.2177054033868562,3.6053906817019596,8.831672920561541,1.8723849256243918,1.7159900106474046,1.8870812423122985,2.80748985041527,1,train
7.392562592078999,7.148806446693157,9.39198220662628,3.3408766484140253,3.3058814744845453,0.21179857677399827,8.071562157640546,4.807859446462443,8.141925135235017,7.453104655733409,0.5725604536185624,0.30135448970363465,6.308050442930629,4.445916081434622,2.1647518417389486,1.0990207979327016,1.1258807774336388,6.008901963376616,4.821960343453591,1,train
8.330605470772102,2.145045455051526,2.637507827780592,6.920584973902055,5.392874690538754,6.2462567159448215,8.088184556828521,9.340825386826117,8.494694973564936,3.0601769630846376,1.8219986633087881,0.3795859657353795,0.5248777479268874,0.7486973285950826,3.565237244872769,7.615843955778555,3.123937500321181,5.840613315263711,8.820033518256604,1,train
8.285428918840275,4.850566692589623,4.158229336249993,5.5579688228564885,8.099464256749672,4.424216925671947,4.931958510394809,3.5136057537725582,2.651362120429488,1.1849426953702735,3.6855317796869924,7.410191518895676,9.644321396626045,4.848773020263088,7.952891040122946,4.075084104662674,0.9167680045735049,4.014159803075868,1.4142159901441331,1,train
9.56047224411332,7.301960137165959,5.23759672147123,5.451071536870513,3.373834556766914,3.809271069326392,4.039979624508529,4.901762891505226,9.797925348809484,3.467049166289571,7.394705858530688,9.892783172224469,2.897673347829209,2.543088794356778,8.800533473978266,4.334835051032998,3.0833721902585975,1.2001947297709081,1.3690122871183563,1,train
9.140000393945828,9.275577344167322,8.468190660802973,1.5572476954183672,8.048644150554612,5.00516772103278,7.473947591662328,5.2676980502475,8.086599956929174,1.3685588795714843,9.18697473438963,0.2786292153266634,2.4966037024365995,9.252158539996953,1.9151749137993368,5.7952719041165395,2.735348748062564,9.730476137905201,9.688829149343967,1,train
8.536683212857305,1.8966134632675211,8.274782514955449,9.699644749767344,2.6937471408586244,3.503352258100646,5.903159863262353,2.121116001284258,1.7048961123120776,3.203252355706825,5.585420920474005,1.8563950415794284,0.49586780157419574,9.544758852821829,1.039756854248639,8.247490996877735,4.809789558952651,0.5658580137431912,6.1726822662913685,1,train
8.92666408066773,2.9194688645423152,9.843556551914476,9.110833450887055,1.6448574537805127,5.0957851380637775,6.904873744446814,1.7227478332184865,0.6886730931066887,7.301651798140606,1.9681409756944046,0.4570155523295971,3.0776473637448696,4.961722974116036,7.745200968657277,9.233102645896842,3.3872745861436018,9.903402009963658,8.85957284702776,1,train
5.7875113404582645,2.167820049620068,5.039107899164981,5.117953877617329,7.3592816401064685,0.6811834280868345,9.424595047631723,3.242105950515497,2.388451345674718,6.581774531399164,6.437178632172086,6.928638367790061,5.065937017977639,6.3357759950530745,1.4583702062408055,8.33162396660026,9.225125161047448,0.3365244711159088,4.993037337311107,0,train
4.047940436116583,5.745661392386571,8.414101199984593,4.028661800282946,3.984003686101092,0.4115486925978462,9.353472868108874,6.549570024835589,2.7289344739132924,1.0951500206617748,7.090470107474038,0.10723358186193854,2.407599743267469,0.6292477289001264,8.405645309365541,9.715148872878304,8.443586665466235,8.783234241432359,8.20693176441591,1,train
9.51539148840869,9.511731023374836,6.484781851553111,5.507242152455619,4.073237754057237,0.31913492366988483,9.913324920334466,0.24749557572643854,7.85335958079059,6.011637666099723,6.415506962678191,8.221638176486865,8.991479040742805,7.832066162793988,8.986475041361924,3.4397287361214257,5.200036291408256,4.308587708107071,1.7601410144879004,1,train
8.872401909928145,1.2408625330231216,4.6730840900069595,1.245362614618847,5.494728250537851,0.5552191403904738,4.4446095957860985,6.2410074929299775,4.896999125093233,0.12038874692262391,7.697239972128339,2.55338079330212,0.8296233995871449,7.956423432840719,8.637336571242148,2.4170353691735516,1.7249177558030049,0.49753130807459134,9.504804373814915,0,train
9.70537499323305,5.037638690607273,1.8898314894789745,8.237462658992118,5.224034408429189,8.353212757777547,9.863347065342378,5.95178663096511,9.482319409220205,8.286732684875881,9.534682388955227,2.41562679711097,4.041390201075606,8.358153511738067,3.7871327764583462,5.674356686739559,0.5679723203564113,3.593809538223617,0.6831124150988943,0,train
4.851688862643575,7.239932991777072,9.89309011462204,8.113039144701577,4.255351743055561,3.8163976982549586,9.473747948642819,7.987679761997964,1.867136898065419,6.8012524214406085,0.06123269431523082,9.323382197632611,4.868833156475478,3.4922978478935693,6.995130889141911,7.547892389632721,5.9163690688988915,6.384028576709616,7.481837129782303,1,train
5.393016602609555,3.077171152031079,5.266436990299262,9.04081324971427,6.892953511932388,8.069623814210306,3.4293198446385222,8.420665707858321,1.8265260508148706,5.553002879716342,4.514138721999942,6.002959951124463,0.8559542533664166,9.596141090974996,1.5773256772800137,3.079119005518416,1.1721300589569428,0.5778032398264787,5.161788201645047,0,train
3.8157621870622647,6.398147047908258,5.769301841399215,3.47379457807549,5.107774680778333,5.8031329118358235,2.8942640637009855,3.401483855247661,8.80400108005678,9.526729096880846,1.950308782260225,6.407319117474551,9.44354697640762,2.4029986366468306,0.9426421477582936,1.5392300209078413,4.353148044227689,2.9576739121634987,2.500684381050151,1,train
2.695434700879233,6.93436906618185,6.3869312950346036,5.651844867078937,3.720954405865371,4.272562524651206,6.441567247459263,1.0704772691797415,6.328083715747194,1.4653153026736032,9.081278651750567,9.292027176319088,5.541634991334229,1.8639010412831036,5.5810391475580134,1.1951079636052409,0.37216648471674385,3.8599735177056074,9.946360263816828,1,train
2.5570886159021224,5.552128487372917,8.191844577923069,3.874378974445427,0.21389890584542548,5.308609617405503,7.675080308023228,6.49811408492449,2.408966496227901,7.195482220288266,0.6199890511367401,1.1742809633939277,8.629732915219213,7.212183329804436,0.628279684401063,8.534632281939299,1.1567343804730856,4.791796707770884,5.958238299323801,1,train
8.453251273391798,9.414193629581808,3.2508539582445386,9.866230534361575,1.2474419131063164,1.9714520241984956,7.223637770268038,7.09005253717355,3.3747208413280916,4.199626560298439,2.953450258917253,4.450343395169516,3.9296824856328194,9.254029374632294,7.629606726341388,8.298448296942306,3.068351210621537,3.505783179679346,0.4884341744254239,1,train
6.132390909040633,9.553013620049647,5.166119809827377,8.527176042234565,3.622942583366954,7.759289743049891,1.8468990289971565,4.434611911320843,1.7150033696196465,1.5376809103032252,8.947608201157722,2.8749781204694247,1.4718815671765106,7.565516981499326,6.31131560642642,6.719990448675931,6.3581976458393,7.230386245996283,9.193888517557502,1,train
7.871940368040199,1.882686915967314,2.0138108434579816,2.202637826515086,8.534405389062805,4.836360114911711,9.634901015237249,9.519185197951103,3.994966603866461,9.972478802282925,7.886398080782147,8.565948265152912,8.788244395946954,4.318295777472743,1.24600600138006,5.342397082140914,9.612781354979516,9.009908679139762,4.621879187171817,0,train
6.314440806129158,3.38762531413645,3.5248731761517247,8.934209117620421,0.09454314043870649,4.986926623103413,5.574208843462163,9.76186229484896,2.5996754791743824,1.9311052227506365,7.6788916764415,3.3479094361871153,0.6919249071219691,2.0391220901052174,3.6500792936168533,5.358254011900923,2.5841785216299282,5.924892362129489,8.071293325980577,1,train
6.367613094887705,8.052618749953387,4.440409349971761,3.244064834650581,6.05679431795185,1.77435817760909,9.50035354775605,5.313810790996911,2.236106845237109,1.2019332928472815,5.254871118146563,2.13480983039096,4.491544529106407,0.8414468889329585,9.205050848213052,8.579972995929475,8.245000282627588,1.9951913171529212,4.450306744069589,1,train
9.23296542514314,8.16854210300918,3.2517372965649285,4.457143679613161,6.51818473952325,2.8239683866083864,4.590736777350441,4.243177859517171,7.798901489127061,7.729581256416884,5.501090331511479,5.6693787928715444,0.7835902023701213,0.7447118828043742,3.351198580039856,1.687373511465966,6.05574414892823,4.758623222696699,2.1902567832769737,1,train
6.61376517508817,4.084813576992028,4.446740471144029,4.9690111182719905,4.73398133069966,8.04633134594532,5.20080501593331,9.676227032081183,9.243361257243329,2.3435997798991357,8.266897611999672,7.554279511995913,4.726098382094755,3.951511306465336,5.870732855602366,4.629247215804911,6.895056630325691,6.126952297185751,3.304590638126188,1,train
8.823471213061314,1.6347068913841467,3.68542800768679,1.2161702642866468,8.721262122767847,6.272379756002483,1.1044164656699318,9.202849757824037,5.523830025946246,7.822610277631456,9.359788746919778,5.577443171931739,1.8334657513286956,9.73443656405609,5.175652408627263,2.8785999842939116,5.9495436748579476,2.119081863565866,7.250440045048364,0,train
2.6317894974484974,9.5473288979227,1.2038026298609283,6.7561690258396245,5.317205138982606,3.2667770861617615,2.5299839171202363,4.937460184955736,0.48695899620204264,8.217960792493972,8.632269744722409,1.8640304445663725,8.726952146457435,5.069118249654775,0.9298983532614058,3.9310932660961084,0.04349087240782645,7.288807199543266,2.8035301098789955,0,train
9.130661820975428,6.438327055522294,3.599756606009419,9.520685162190077,5.722735522475462,8.15041265224456,0.6003518593758483,8.712349743003454,2.8882297748607333,8.819404198298324,0.0701657488236529,0.6776755217634056,0.3648792773957077,8.661940223079815,7.256962793733964,0.6335387898345746,6.103456557807759,2.04968720172922,8.739342506481602,1,train
8.843023229856104,6.511310047856585,3.086997589994788,8.035432733922693,4.3986474387726515,6.62394935663141,0.4853606221454576,0.3044010142030429,7.789363610646534,6.355553099449439,5.746616129870534,1.569853172807505,9.664538930678038,1.7039643242172209,5.535539601175764,6.6621836596102675,2.4609069929460814,1.827380226864005,6.960761618317637,1,train
6.6826504105667786,8.516121648034625,7.271601793957936,1.2426043164093057,8.281228770912115,0.8660432213711966,0.6882766120290384,4.946180046435003,4.214111161788248,0.7809927968532338,8.706133558507812,5.41345702498405,1.4289285597167234,9.152133282826963,5.991235429629512,8.736478774000213,5.058475493781655,3.377955576853636,8.862357769819436,1,train
7.367855314420165,4.48376700971323,9.556448044460922,9.631814886852244,4.473378676374706,3.8859784653802922,5.11531131783884,7.145589760744523,0.2822451568354889,7.013453756914925,8.434877492485457,4.342003277988747,2.2420658349036504,6.45633871884328,3.9758771852590424,5.526932005216806,8.315247997757972,4.6930590244918715,3.7349065207762058,1,train
3.213007270348013,7.213495610014213,9.32296324837831,7.843639879911045,4.09493898707022,4.509016520961077,9.205765142880498,3.7848993502602815,6.734359721026582,1.4310368088340109,3.2651799736591025,7.57696192423425,0.7246438032144853,7.866246451634015,0.8884983515723643,8.600999319990049,0.0267938387047717,5.966143788958652,2.8356287049186832,1,train
8.029219569933044,2.226630785219239,6.487542183259894,3.94651319246746,0.11782182774853212,4.765889809360972,5.4283069864473745,1.8810376525952566,7.580359353971876,0.02202258631552434,1.0889420125587068,5.676014682320108,6.416221790263822,6.293658417675242,6.5006709704456735,6.811640726156092,6.612886618612035,9.496666021738205,7.965182889039078,1,train
1.3424949483200432,2.856469340735095,4.505244523528546,6.257105926467897,4.452454576804157,9.386725829243419,5.695194879309434,5.21272726389836,5.228540935030019,4.710756879301363,9.214381700742175,4.494052982008508,2.3070821132527284,4.663748370326823,2.4197840207209076,9.075405525928815,9.073119847345744,4.832678160601004,5.757533895766987,0,train
6.910158477244734,9.527722227018396,6.8389285430085245,5.764929709626543,2.520642181184124,5.936581146987566,0.8613281744275136,1.9264097227642885,3.8719829650626894,8.408503446225954,3.1770483135247285,6.906139689447299,4.1184787469375195,6.880276258142173,8.51575026619063,5.786897351853623,0.6942529900370886,6.426576273171048,7.226939934155775,1,train
4.4697373298760015,6.120919003506074,6.213136491480847,3.205560631914671,7.256168914828694,0.6620274753825395,5.519869257919334,6.670735906769892,7.517594397318549,0.018838592278676014,3.5976466886033354,4.796605113308498,0.5377863599839416,8.725631178300612,9.646090749093714,0.25825813852193513,1.6973472016279645,4.389380016066341,8.150041869676528,1,train
5.095491587906111,8.311607302463749,8.629851683384688,6.714987032895025,0.11819155952838778,7.211888861420842,5.266130841766414,3.566810627784789,5.176232214132323,1.8792656844471867,4.3969353093809875,1.7277392372407196,9.554862627617013,3.720602029326552,7.236584659484841,1.0773806089410598,4.474652688811879,3.4676849903837157,7.053499657659991,1,train
6.103588919687024,3.851287078570508,6.521453228561438,7.176256855525955,9.780089603475457,7.839520796855915,5.019778934792627,5.632476134285245,1.1787880806992967,5.851873847148329,5.2748452693283845,4.002245416622304,4.688191613175199,3.3961889937227707,4.736559219314758,3.2879976761873952,5.001714552438974,8.61636007521658,1.7062948017739354,1,train
9.684351646334688,4.3898882704137705,2.0841295936648856,1.6915795082381542,4.132604444621906,5.642770550771024,3.7452083466319097,2.5625696611569704,3.670552557666232,6.90148574081733,0.6762192749672835,2.901270809574256,7.922984305138515,9.707708500741457,2.707667694854133,7.499626596082974,0.5212618114614598,5.981311454345308,5.335720858420783,0,train
5.921707647028991,4.432858299946948,9.000716166616252,9.393089892870394,1.8477186009417323,8.965930540923244,6.7726058829005575,0.16955277750956177,0.4461304384451026,5.761194347935152,8.147779024633738,6.921947404508796,6.5793569665398515,8.04403658977607,8.685821449107765,4.675612676771546,9.182320756898791,2.010256723503004,5.451711879434561,1,train
8.310875612911333,8.88838686073716,8.763146805260659,5.823282747121693,9.79175330908698,1.7054168796125369,2.2785053713868733,1.6977422189859903,4.591466941797596,1.8951988966207733,2.531542861482049,7.241467661436774,6.4132360951703475,3.9068392009411044,9.102000562035098,4.737998965174187,1.297153059920867,2.2056651756641177,4.103460447977259,1,train
2.6414219457149413,8.19485660746636,9.316264369451684,4.3842734262060326,5.689156900843423,6.7813162852557065,0.38866319589640375,2.591242073929373,2.5261091150979684,9.348302672492743,9.482895929127801,0.7504931619971922,2.565681787625649,1.7385529773320185,9.700747773233097,3.075102351542902,4.924337006239386,1.3481391912956142,7.175772369631801,1,train
3.2691451422801663,5.403883194725281,3.3280852997965087,4.777931982772922,4.247968776968686,3.7289154332815477,8.646353776526958,8.398478406314947,9.47916243883151,7.7511233863054585,1.8677259550402014,7.612621217966265,7.035421258385231,5.299716751782983,7.224835860452904,5.666543389854539,0.2933622039415251,2.0686358594677956,9.561601491883152,0,train
3.9000302419054615,8.089665712108776,5.4477788389116295,5.172861673537338,6.202954835601088,9.07399504992998,4.735756554572841,1.5711680072816725,6.472844224694448,8.270396662216905,2.7911724708727825,7.220325974514742,5.73127701123631,4.630471452187052,0.21472445054581568,7.580878708815844,2.57152809409631,1.400589861816881,3.0852609316220336,1,train
3.215433017088881,9.832075188578674,6.383584291302007,1.0051016468483052,8.310059725382485,4.506361458855583,1.7367355884901692,4.517038663927696,7.638556847650241,5.65657487110126,4.544563892214141,2.698543940602618,2.6444102553129545,2.586075496247232,5.93162520443394,7.31990169489621,0.5894144801689849,2.479942620892693,6.992653089416402,1,train
1.472420170437934,4.68540795469118,6.682777916756753,3.317652553239055,3.1781645888122068,6.563255263858466,2.05571903172844,0.8119415899786186,1.2299740880561827,2.0744515548752984,9.897832216847487,2.323174335274895,6.580498812841094,1.9902747119184538,8.659105330810547,2.7209139997026224,1.521908197783769,0.6764750558135213,7.730070587240335,0,train
1.13360271588873,9.001770957179552,1.543835324917208,9.640975458207471,1.0631114865649982,7.804359198578146,4.378965679080372,0.6122654389832605,6.367925923100973,6.371557755071451,3.285280147387575,2.945275774588257,3.991098466481129,4.536388184675747,0.12559278630507764,3.82084776556919,1.585102966067763,4.144568858348712,3.9123980630649493,0,train
5.137404405047869,7.498027923142976,2.438311865268625,5.7056963967756245,5.737178777471634,5.188346377983569,7.823596131574333,9.093685383186562,9.952256147542073,3.3999701136911806,8.168216719923706,2.7901606875670004,9.151831447177974,9.374682581579588,5.202588002175194,9.497321587192593,1.566747757598319,3.213807484938057,6.859119341031804,0,train
9.219311530456345,7.340852717213685,8.539985170104009,5.821510564178465,4.479966463717371,2.0857631561587144,6.950957173884353,6.104787554317623,4.6818397690373015,8.767461620691696,2.2570859974349364,5.885759828267649,4.97529573597347,2.467108490913359,8.807228841933222,2.759645958938557,3.049170592701136,1.6069568292653014,0.9217274493324124,1,train
3.880847840194173,9.072616206627622,1.6374846468801942,4.107619762687828,7.0024446633091175,1.750425406368783,1.257859877889691,6.5266145311144435,9.92733166088164,9.610349168115018,4.411689444312016,5.69238490422057,3.518630896266335,0.3950948428694834,3.6888412249312177,3.6272004321656226,9.86930235633578,8.716215676795699,8.958890356464286,0,train
3.9432401978516385,6.876948399684774,8.534592154343667,3.798045672774004,0.9623795528659029,5.120487999592555,1.2892749241837087,7.441227331503829,8.926779206759402,3.9931211661985033,7.577250529810533,7.268775729556753,8.774482086463987,2.3482584286620636,5.408081472021873,3.435810012366999,7.743191554767939,8.771353618366323,2.2943306712990807,1,train
9.6213951212134,6.849450159181433,9.473175674152692,3.308640428487335,1.6181528307125803,0.5669658876485029,7.0614545898880445,6.426359176173926,7.832797622418156,0.320660747659407,4.741064928122466,1.6591050651642048,2.7658787737873904,2.1989681414454654,0.5997733123727689,5.772384068053339,6.26360860450626,8.400446303767371,1.3385183581189564,1,train
1.459554949378514,8.30126151350263,3.666703871010865,8.265359821118608,0.30258719091492137,3.557039348241325,1.9159002864023023,2.7151691944139755,2.672745837507872,2.9538474583373944,1.378368303174874,3.496625913704623,6.741183435734746,8.725870856806717,5.467216948317242,1.378915518465711,1.4128791301764743,0.938610431482847,2.1631119979997804,0,train
6.904118206176846,4.064463973763293,4.860560875717003,6.735922435305669,6.965491456532283,4.249404523618675,2.3037438055276196,7.488326789072954,6.399837771907867,7.58249062873888,7.5761879257786,3.745774716792104,1.3881326552149909,3.755943644461306,9.372699591491921,4.952118908629249,5.315532525608564,6.979390753844229,4.731349065747529,1,train
7.161111769663463,2.6185002795762906,1.213801988024394,7.721240300525334,9.977848384110274,4.416675951502729,7.504629529975388,0.3561238631693975,2.8361787601472055,2.564150760509559,4.361229023498233,3.093898522895102,9.692022620744519,3.7031330451555844,5.5191064351380446,9.629237284667035,9.850921489691396,9.90086621465737,3.4288348334804555,0,train
1.2651482598987993,8.205413725552393,4.043394627293066,8.127330849648466,4.654748916651733,3.3906145007428545,9.440335731682367,1.6056991269019794,7.019183093064012,2.7567572808034235,0.10635555661733687,9.763169197434209,3.4408175252866235,7.543849631567255,8.363520797874418,4.4917429640103474,3.522418305007168,7.181896657445924,4.4348887712503435,0,train
6.625525951869751,5.57321351999765,5.330276141108507,1.8567555305834404,0.6015171822407661,9.987322519648366,5.213403305111738,2.1156905469469587,1.1176119923086414,7.504502138318676,4.5622377071669815,2.6288812782068973,2.1891319103796336,9.545614590966462,2.9351991993227755,7.700109981604177,4.635402247731145,0.2397572160867667,9.284756694989607,1,train
2.4173840059601037,7.565628832577763,5.596333437581597,3.6192310853061502,1.1074903523039992,2.1287371675747133,5.593357653131454,2.1839158616732943,8.731088073845818,0.7890115538828091,7.613229276757907,8.03312712312653,8.761468517180358,1.6407120752994753,0.24148806129077105,4.448515869857235,5.419341032036612,5.232100488272754,1.4099955051609148,0,train
7.328172851856067,4.714308645566488,3.629795726043095,2.6958253545413,1.2646830691227073,9.189479430961029,9.697546446506859,3.2084741592299446,2.3261751603577228,8.304181817881119,4.596795751250341,7.77794096781641,6.917204494711462,9.686319279761134,3.644981616913717,7.362891532882569,7.623182027371831,5.414683559982132,7.0016715467609725,1,train
2.9305212060258823,8.897851485073353,4.946299646683077,5.171181825378311,6.787311799521765,2.4531105662878794,7.758746353633824,7.710180105981337,5.228659647620185,7.130854106747661,4.480572919725308,8.118767751704679,0.03075032881662665,5.23703860385201,3.0814084200102543,9.368116193906971,6.154660546508241,8.384408899489253,3.3105030793859935,1,train
3.5453638890013384,1.400291530735316,3.1086873967980915,6.145774062428064,3.0300214364435742,7.924917464233415,2.248059786682771,8.69839931657589,9.879348530723801,6.251300776245388,8.858982135526002,1.6049903445892455,1.9403992019604643,0.2342469379709633,0.7597316760449957,6.6407626124348695,7.146706152746292,8.596847252585654,6.919226312111157,0,train
7.934480436978208,8.20721044139247,2.3752302623262973,6.501780072201338,5.413548323019962,9.739535737546559,6.6593703892632234,1.1784967525181689,5.329714413096421,6.655230594774712,9.025253321879259,8.562752770234345,3.3140078336466905,0.35868572398727094,4.86448798158778,1.3920509496550593,5.598472216417863,8.804624918534481,4.375688852705077,1,train
6.138305443995663,7.494690453593685,1.977963629593957,9.368007702496168,2.140596764060998,4.682402707655637,3.18181145325394,2.0914970789244824,2.3053347052471516,6.905988932785324,4.259907572455378,8.215583859681056,9.525054127293982,7.202747565988979,4.081297258851217,9.532983846690716,6.8381915462553415,6.814214414886778,6.720892800503865,0,train
2.4031101101513332,5.4800465975897685,3.8710420382376385,6.47450290563803,6.520215495701871,1.9001170612242557,4.227556938575567,1.5149989657288976,0.30273804320804065,0.9780915270328427,6.993572971425963,1.7274910944179045,6.3772561050096135,3.3392436238455026,3.2220711141633895,4.349596612383035,7.989153252712921,5.083871978796477,4.207701269353288,0,train
9.984455429606788,7.145576801794965,5.59824013715495,3.897770199261003,0.7943378514842059,2.5769549375755094,3.0032924087100463,3.1600452765937073,8.69252888429751,4.030043110547327,6.766739576600987,2.7174680358181833,9.459601651333191,2.748886081856381,8.300820326092909,7.446139806299822,4.968413955980619,7.884656854374469,3.99450374488017,1,train
6.014933889339919,6.330918404596161,5.394328737081806,8.969625430312176,1.62744419410363,2.9063226552433905,4.63578564863098,5.4270011715251005,2.8958449147597976,6.488211533441934,6.800149469250925,2.6937432875283918,7.078244434466892,4.170282733455672,3.254219111843606,8.476813046316744,6.05125160189266,7.031722457973084,2.684609499669819,1,train
3.2334836474988236,6.302480446195142,6.421207087928469,6.276696621215106,9.416231860409903,5.002609783954782,4.566334305006176,6.135959398691408,4.656275912313706,9.583964320074177,3.1346895408397035,7.95450704666644,6.343217248392387,9.349880549736705,7.135258859806708,2.6204257234004027,4.467979008597284,0.814889534085439,4.6285765146405495,1,train
2.433218210059497,9.34518813759257,3.263869603641396,5.020471391148342,6.933145937262992,0.084681795399002,0.8217493725687319,6.1634964330641875,7.497308099919193,5.868575163581625,4.3996071434934505,9.735591214086703,0.19528283063107277,3.3696534208769693,0.17003771752003516,1.7938771895043237,3.091263061143966,3.611582773183878,1.6413755252753548,0,train
1.9947014586200285,5.171391001051484,5.126456113330708,9.543315777168054,9.017465785751465,3.3179214255892564,6.291236933970328,2.914084735995907,0.3011569968475847,1.0165509694960195,1.2075735410273225,6.898410469149515,7.14208242262051,8.860924207780748,7.411326607718065,6.97318863231779,7.506693831410845,3.3485331981425515,2.570857412561921,0,train
9.279803694510452,9.027698377303675,8.594466945296336,1.1107092521929396,2.8524433743678035,9.157375148007691,7.106636060439545,4.762863172522136,5.226405125468588,8.814003250282177,4.976251460608018,6.509526151393613,2.779953182849554,2.0434745273054986,8.198135954207977,2.0160370937800396,7.301560107967583,2.7310915968054883,2.9349406271758194,1,train
3.06153608686177,3.043565025454766,1.3082901371628843,5.626542204856285,5.2171339193271695,6.184421537250825,4.463102012742857,2.9901040095744316,2.0159845075862903,2.6555538636757623,8.35058143472229,0.16741870969924966,4.705102542092591,6.5520968941331015,8.379266480957991,0.5848668271635882,3.079622513275153,0.5024815464895793,2.792245029620889,0,train
7.776360702929725,4.30548531170774,4.2339452400895885,3.9009457631317086,7.187927585634313,3.6565780966823294,9.843024559809026,0.5392146287019928,9.969487763248802,3.1873582653431787,0.24103424323995037,0.09422422634520755,7.453075003132686,9.17031915289865,5.302580760775828,0.8700662544935545,6.358861837559182,6.382005095593333,2.0512654430917565,1,train
5.382429493308768,8.939245862190042,9.577062658855311,6.213294674827137,4.326874694147545,1.188346371404102,9.671851837881313,7.714509659502163,8.201892478949661,0.7090889074268514,5.284294730800806,1.8859859136080281,0.8812848816466345,3.7978946176449058,0.1372337302684412,7.179665298781581,6.447147936704159,5.082897250298139,9.709246670531805,1,train
8.831006273503984,9.941611454658153,3.499643406103763,4.768577698613045,9.411232228309224,9.890874885317123,3.7819694302473184,6.859873986005027,6.240211511987733,7.210575598573365,0.6397789308895152,4.831215958646946,4.135282476947543,3.175692780422027,9.480123778079546,3.1249858589815362,1.2377574319290408,0.46964078360607675,4.215568660525626,1,train
8.440524116976858,6.1018144603841,5.341315830133246,7.223413536025657,3.264102187353876,7.181355291854572,2.0339568060627213,6.643820925763135,1.6322077366453969,0.9371370170648696,8.06346625098104,9.472958360220582,8.22305455228976,5.910032809714616,1.0093057092160995,6.909667939000158,0.27703557554334735,8.004107961752673,2.967037461539801,1,train
3.7925368848585377,2.3725543311973047,2.498789256802798,1.5684805504954085,6.870447082451769,6.787817900475205,5.538309970340636,4.5782716917236765,6.074462981583882,9.694657958316865,0.07803563241708278,8.059719271471382,9.38460976518965,7.969882711545727,4.387201362488825,4.394538969988381,5.416415765721306,8.600995935568218,1.213491680868164,0,train
3.839714263591662,6.966986270071889,6.856413800585628,2.671322434547376,9.17320151682685,3.4700384866036185,1.873092017210738,5.263613543589382,4.2712890115943845,8.538020989097411,8.629857128846565,8.082300569453473,2.725469119181303,5.736243895491684,4.589514233054098,9.227370719327645,4.1711272837378255,5.196131785935534,9.943153890360811,1,train
8.061618706111165,9.558581932735857,3.634779085372232,5.8215731814422025,0.8249617394152275,7.053419609652082,0.3853002397946581,3.674501051884189,0.5285645750796231,4.410245264614457,2.7096619374943276,0.06748312019625669,0.18122690874568192,9.784935088157292,6.652289527021732,5.158733015543779,5.5157994576080185,4.867169197825284,8.350081073138957,1,train
8.40772913303194,1.2647526075304774,2.6720030110315953,3.9739349279934606,1.8529203420437534,1.80964047313392,6.866433057704487,4.013476562810744,1.8671723283112374,5.422495629460228,6.825973020044033,3.355067625550634,3.881976790507502,5.668456279238169,0.4970801437955841,2.7031524635048463,0.9018278110258682,4.987610149808917,8.59649073835081,0,train
7.49898906195583,5.817726325594147,4.46736154235529,1.498426419620483,4.7120381495326304,6.228178057983062,3.876761689233671,4.227126480224691,4.262736345608235,1.1251209474653323,3.797527857856311,0.1273807590665188,5.641413791888379,4.0513075135892915,4.289963675056013,5.680671352842859,3.001032420013283,3.247167569617898,9.584542893297787,1,train
6.92629045290839,9.170426574580327,3.924746958485143,2.893647868057452,1.2313010378748457,6.846293001944826,6.439354548203543,5.6255474517428175,3.5349098806841948,4.601115312707634,9.415053852179284,7.026710076375032,4.856090186189894,3.0128529708679674,8.202062474112065,1.782526478796106,8.169466428388,5.153606350209352,6.3355532089412945,1,train
1.7113284775467223,5.747966787067549,6.959749731873613,6.246387513403485,5.304965608060977,2.687162121589309,6.554662378998347,8.015005297558682,0.7157957092154787,7.344592592801541,4.786875930917017,5.47223491285467,1.8936639954661239,6.004516616900784,4.726556262421003,7.141659110004786,4.840866823673677,2.2448540179491716,7.132891448394504,0,train
3.963346747258388,4.51122726508555,9.981383910868516,7.0540073940384325,9.918665177153361,4.449540959741318,7.4385494308696485,8.100132657908878,5.952938912006044,9.059257790241238,3.9642104494542973,8.878866552911283,0.9752064021687068,4.336513007457478,7.559450076482513,9.689216924539755,1.6368655729622517,0.8449417252718405,6.3057847613282005,1,train
7.8129917738938,2.3061679048235644,5.954213177134786,3.5914683321764977,0.8259016600949098,3.4134283045235927,7.6781987759274,1.2113172383347959,8.982707573801461,5.996929224909357,6.177600272628981,8.455814870187632,4.428739915920971,8.324925432362942,2.8079099027812084,4.927787587945969,3.118705710969704,7.702373900724289,7.100229416154137,0,train
6.110201108236472,5.201403651884558,2.333061430094225,9.133893383404072,0.3728348618735722,4.157749823742746,7.367311770114311,2.3439535508338363,0.7614988386883415,6.905999474404279,3.990288298600758,8.940792624246521,2.113142120890932,1.6052525991260158,3.722926668861062,0.03995894645813736,0.6001138708905274,1.9645854311373145,6.6965866860371115,0,train
7.446167737389184,1.766868576540043,9.76201519441507,7.904086381112146,1.8669738726380913,3.77376917346107,5.803548698827267,0.7727535700808175,2.717124581574862,7.5765422011374906,3.901400433556299,1.2740263571645927,4.621030143908359,8.528344102153952,4.3434989624499165,6.3838381283131485,3.590873902837899,6.652467742975383,7.201591578525236,1,train
1.242615898872259,7.971630242139902,1.1045496628834988,2.431262316649314,2.816395520908709,1.673859045536773,4.540415307224937,9.267070118221522,3.994510147090832,1.7247671586573177,8.405302841308634,6.822888961900686,3.5995194098979475,1.2950176142670322,7.522403020475741,5.14407737996394,1.7389882741255869,2.956306561248734,6.932082986650636,1,train
3.8129644782809393,5.732367856998133,9.303876309988755,6.718699560052764,9.797575773394836,7.318640429702249,8.513008753823804,2.4248235851631437,8.141214242411243,6.715531326064333,6.632100713714358,5.169259629521276,1.5376183730366377,3.9174948203579705,4.489654710585067,8.573838450230252,9.295349964402579,9.864824634315783,8.58608763786906,1,train
7.390395180243393,5.405099063336801,7.349631390601416,9.11669067744686,5.597253441417237,9.538757986065727,1.5353112982607853,7.631919084861053,2.6003151150504102,5.215246290597233,0.9880921890744332,7.464122070350894,2.37011579520094,0.2622639869384069,1.4013061535901883,6.4702777637154245,1.1132853128669706,9.665678330550278,9.543811525072794,1,train
7.462869927775577,5.296945617353347,3.950603760145536,2.2871524130043865,1.250993600815573,5.595066659877589,0.6611622194311029,0.8728830282527666,4.624629671452638,6.927130433368305,7.452674652813393,6.689174120671004,4.584226788156206,3.0522794813331986,1.2528191961732693,1.13800077782662,4.5128247938923804,2.121685189876362,9.36195522797586,1,train
5.294252040356134,9.96079956568325,3.9119275615667863,7.681182715682702,2.099526278115288,7.5787424260136635,7.537673897488037,0.548240047820111,3.834777419760962,0.8403541636291911,7.367919839677651,2.2974317953762613,3.3817477517067394,0.21569942907790907,8.252484891924563,9.19229297526009,7.244278190575959,8.419776493340443,5.850177061809724,1,train
3.339557957234142,4.779547882031011,2.632756632919342,5.453143954925845,5.92299711675582,2.231193273411148,1.8235451587897922,5.729467196376814,4.725624059476009,5.803545665080727,6.892096153103379,5.580991721589905,5.603779249629185,7.340486172942269,3.1640354354745615,1.842533639947147,1.274110796042185,3.708684031884635,1.2640827663275334,0,train
5.067042233166235,5.317940691630625,2.029963958507354,7.142684305794664,7.5181898583644085,9.225541483481638,3.58660367040636,8.799371582031817,7.982574867609227,1.0287758585561813,6.519147687723171,7.854584787892385,6.4479699329757185,3.2697437580391853,2.897003830217594,2.7567374041161496,6.422935252188008,2.8833553697020142,4.584879879393325,0,train
4.75571613449646,7.522950218199826,2.807349294332506,8.59443915837115,2.741049417873888,9.018552446520719,1.58847182136035,8.88763424538413,7.941449499264587,5.555552937455794,4.157273572152072,5.8288533668281755,1.2151348322574063,8.513040087987319,6.21146992323791,5.294470687813547,2.196306358766927,3.499813514549378,7.75903683138158,0,train
9.701590352031022,7.946364910770176,1.208045000845237,1.2033873191433988,3.3534257139497505,6.152064786501564,1.61015855821948,7.553371214168767,4.4291259598083315,2.124598337294824,2.560453719156773,8.633235595451103,1.622731867003342,3.0460953591964337,7.215593470573331,3.877368959860398,1.743831075589789,4.405111366027564,7.113797821689188,0,train
2.512242525853874,4.486761110041149,4.642200198619322,8.937947314975634,5.600156787989626,5.294872698343362,5.861822731191313,2.0938083134185925,5.084087593707288,9.432008570051115,1.4093166316654415,6.2360603835544115,4.3408780006684555,9.937338346663028,9.492628837980792,6.74137741306883,7.86350789931662,2.243799636428827,9.560392686182983,0,train
1.65448121234328,1.430014859129761,3.303955504027688,3.579703141827128,4.153317178771995,4.5235154333432686,1.3893258607615022,5.385146813204757,8.969334487391077,2.5610582222599754,8.104079049874045,9.072827681706459,5.521870768041341,5.114343418896501,0.4097728950318169,2.2453288544626537,8.404424789027766,0.031058339103049448,5.221709590595958,0,train
2.4259363494713995,2.809230048008307,4.660477495712909,7.590832459497276,3.6158400962594515,1.3901507464505414,8.867163288452144,4.793897529237404,1.6517208570892206,6.807393714953785,0.07494717797172146,8.99468258061927,0.13283351796395615,2.103044712458063,6.925070481182619,0.45978955940132793,9.337212561817372,6.409755069737908,8.447733977229436,1,train
4.270198010802357,5.157189910805421,7.562526911943963,8.749545634134122,4.947393898214339,6.256481085142893,0.9664717068530493,4.150554931256747,7.566753274710473,2.4134832515193616,4.303194353314042,8.665626601963163,3.818635831160596,7.766632311575562,0.42642622502579663,4.670169640608414,9.211272437741227,7.240230114722539,6.063361147515128,1,train
6.879337528868182,7.2630008094344305,8.218926634481196,2.5648699535853368,8.374112763221076,7.293255792375499,2.326757146619507,5.579950062114365,6.5192724745176385,6.94968290794426,8.186426276197245,8.561648568758706,9.655866200390294,9.963818833697104,3.5509824273661583,1.243061147495641,1.3626792974495994,2.856935192554162,8.074181685145067,1,train
2.1674813010245457,3.735952934117986,4.982728121307879,1.4711820723843183,5.394014561623502,7.783062039970401,8.016115098940164,1.2217893153435233,1.478383767244037,3.233210630315594,7.022902907952268,7.8070968581982925,3.629636399482986,6.078010895647683,2.878698956307862,1.217412627017883,5.590917633978138,2.365655297207565,0.47232170621520964,1,train
3.258089966315343,6.813308586076219,7.040183244987646,3.9685251776377433,5.448187127429187,1.1018448912474832,1.9873414900622544,2.149420108836697,4.7322429242600315,3.6950240925752786,6.126814894078026,3.372250844021887,8.6431536843383,8.016917541417154,8.50419407369868,4.368770374158184,5.174557488662266,7.631722422090465,7.4619581090308165,1,train
4.1514132229633045,5.0325631097782395,2.480582212609603,8.903390819399702,0.7372563421505918,1.146573017963478,2.9540196831215324,8.461389760649135,3.5859925914233326,0.7704083679193463,0.9391898491924922,9.178102908792907,1.4566790736921842,2.8807647225572874,5.912966927920329,8.60671095863551,6.703327843369381,9.648023938067162,7.500832770336505,0,train
8.711501962134081,3.172259632301975,5.26304035639317,1.9315679434561035,5.8520721262516995,0.9695650206827422,6.157492394852934,1.5051791227217937,5.8836987893242565,2.5422683967641166,1.5493983862977878,4.15224416481716,2.67050853874503,7.648621252301684,3.384861124966293,8.264636936177869,1.6715175275492455,9.598736331161883,7.809578361389901,1,train
9.027442882462934,2.815702921468215,1.960673653081511,5.24743594872805,8.232198405892497,2.3319517399061063,2.551200373656398,2.7585023161585576,2.963831222085964,7.42212439448066,2.2905639210866893,0.34866809952057154,3.23439709768396,6.493475899135015,6.0921444525401505,3.2687628301782192,5.355540186611916,5.4362246976471615,3.368649294348507,0,train
4.805368833633225,6.456033797131294,7.179355125757226,4.485329446210792,4.184506114649594,7.566867414800081,9.341855981110271,9.001080280924775,4.848882401096377,8.66541056088546,5.277206035850355,1.23703483433237,1.6123984882403142,6.835214850581231,1.3368941226739384,4.317892620550213,0.2454708264786043,0.033219288382178025,1.4675671630485998,1,train
1.4015361464047968,3.8407102537092257,9.107326218372496,8.459448932272625,7.35613224020743,7.941709446383356,7.147398854753355,0.9613228886188818,8.599629610987147,9.3460542114489,9.045127111481756,3.7769509989792374,5.341031393838246,4.5330412522886645,3.27757999818255,8.105541694166789,7.529780386257285,1.5310104074474018,1.4011592682006835,0,train
8.944351111395646,5.223570083875989,6.210358909856678,7.451461357593626,5.417097695790545,3.951043503965057,0.7332629072710206,0.6207141140278882,0.06966832601149608,1.6869362762155848,9.09333099491116,7.334745044809029,0.8474770130739362,0.49656454777307735,1.429400703462681,2.5886490426635955,2.0172579099970744,0.058873685738906056,4.404025811564699,1,train
6.746804204044445,6.895030225205227,7.720468889020944,2.3916011976797984,0.45648801281096496,0.033243131329647735,6.478600997716132,0.8118297495186977,9.221480597689515,3.7416614197632136,1.4625573500214883,8.714202643842787,3.013195104741487,1.6384442733254923,6.026052065479732,4.0667702045111636,3.026424610102824,3.658900586451117,8.133759451771361,1,train
5.892494228906203,7.0839272963251805,9.305248179849546,3.9405289957473792,3.6013420795257947,0.2698433304140391,3.7485207352237895,8.240524661492847,8.863327725950876,4.573751238206536,0.3267829412911516,4.595145928459208,0.7406289015618006,3.599446102938174,5.430001243493198,6.119703989880615,8.884738643441526,0.37738456741470694,3.8459576860562974,1,train
9.20710064392987,2.0194648561010493,1.7346528655396545,2.620406738045352,2.527297279020618,2.993948305684749,8.459290031971866,4.0802786305500796,0.537889965710866,2.697560072324272,9.406104362461104,4.4090803927799405,9.14470551146567,4.1219763843715445,1.3597808241494902,6.525728687619569,0.05792594015326169,0.7914522570778504,4.245563767840697,0,train
6.978123500355874,7.166924961310573,5.6019522380426094,5.625298508277483,7.537417467447068,7.705239857523415,9.796389799551864,1.80267160297511,8.484964610122482,6.553699588909389,4.435117915207993,9.496401692782221,6.309162600339643,6.570953224058481,1.0430676571012742,9.060467302093343,3.089071047866365,5.971125743259061,0.19779429577682306,1,train
3.505719910012468,8.030658832395757,2.197188659551494,1.686911618776015,6.688584008747453,7.763861100376311,4.493562192125546,9.217832420916379,1.5207806384219957,1.7252407052472563,5.545561577304179,6.781216310859093,2.1060792461643985,2.387462117457165,5.925255419485065,1.143659260944978,3.836253686052701,2.9757358414600255,4.698104965962768,0,train
5.747249625141356,4.970187694538501,2.4180751638524463,8.81621722450858,9.819008366929221,3.114839572778667,3.3176730822144695,9.343875926513192,7.586516609876512,1.826049470495571,3.450334388913406,3.3311896469473212,0.8169400349999301,5.192983666858588,7.177917694785407,5.273117023612729,2.5060643208990796,0.5305191326778302,3.7639683909071886,0,train
7.6372854749484995,6.1054046098971595,6.640664913431406,5.448445300937589,7.760747555395152,1.213904614710264,7.206949816442676,6.066046058933594,9.280464107990676,8.371128003768701,3.8832006980477276,7.327981275240822,7.464953867844692,0.5068442900380687,7.6339915164961365,0.5109878727750672,6.553212533821412,0.14045207106329505,3.594031899357899,1,train
8.202668840325913,7.116014204282717,7.288550315838239,3.845582707724843,0.9033084079364262,4.387023990949687,3.093772403407453,5.86118744328744,0.3460508027211773,7.393277930114267,9.978107509313475,8.656793730162835,8.972971265045018,8.64779680110438,1.1209188060986852,4.326481179867269,1.120746812108856,9.879274418847631,9.864161356859494,1,train
5.290831467118349,4.423362778159089,4.03017088612936,7.902187618993426,1.2628434714525694,9.80076289702484,9.729484025870981,6.0055764331442045,4.644133412322963,6.215456221983374,8.220368000473915,8.40443609752138,2.967604523688384,7.062649096605527,1.6838512949119022,3.7443799017251678,2.703352118799253,3.648224620189817,1.9234645603725242,0,train
2.8050839803903043,8.832744082436996,5.238398912594009,2.393098280239291,3.6777155687152705,2.2640658364884403,1.9617239383988339,2.6408344155924093,2.3593102763675065,0.0713752279137081,0.43973647352459344,9.411646094735069,4.665824022444367,6.356817173942661,5.46657932477984,8.800083016074769,6.882331767321284,0.36376138568654404,8.96973543837577,1,train
6.387496615348788,7.19099531642602,5.766755458482251,8.984909129610045,5.165579330459607,8.792280560441721,1.9295908242046655,2.3675741617354893,4.502290932678324,4.978151249799469,5.517310814728356,2.605558119929403,7.001103591484204,7.969803479106137,2.2203012934524455,2.6354459249140962,2.5868468777465683,5.956226163103936,4.462263628135428,1,train
8.754593322512605,8.255630214781393,9.80842491896033,9.2731498040352,5.721000024257549,2.448644978633727,6.376320455814701,7.148179634977813,5.033762085616634,4.822109315302344,3.60909578449506,5.895178706947508,6.769020576382953,0.9767327883082211,6.361868446269078,9.106552099194987,3.011125744132981,7.973074229037664,0.01907462851664099,0,train
6.340355066744674,5.676923769275987,4.3469431415558235,6.696529359520154,2.6516404162879246,1.0633999922958648,6.618159305194158,0.5443467502424904,3.4891044958877115,6.433336607308943,0.5712200011240853,1.4776763363950618,5.3016241788504015,5.523853565947335,0.4700219377316317,4.540760083515626,8.70076210743256,8.041408318024738,2.605594224617105,1,train
2.388992463040915,1.4381201250356623,2.916870472784976,7.916238241130794,4.851295988688311,9.574289476259178,7.863302272712214,4.763219424451785,4.38212380264366,9.87915548342172,7.8343067340124595,8.227132167839823,7.8380989673791195,3.4643273954475564,8.989816370609015,2.3685035155387735,5.853152742471605,9.668030923605905,1.1387944904865477,0,train
8.25336870369868,7.099775344803821,4.406114574641702,1.2178974439059571,4.754592944651648,6.759037923489835,5.725442765270746,7.685581030458126,2.659865855931195,6.385861309905322,9.21693795318208,0.9009436116967839,5.965075849381649,7.096696484712793,0.568204706796015,5.520994555557261,7.99429990130387,2.2043355400737408,5.971295733952546,1,train
8.801353581633684,4.554950241008807,7.762690742242733,3.097556585853324,0.7237078916986373,5.208199769154808,2.41945195895659,4.952806866538998,9.46564602768726,0.1332184866118924,4.026007789661767,1.3225378106760033,5.094366767354072,6.470141562894631,5.905518809791721,8.732339942557246,2.6130976225226075,2.998250500719737,4.103287792785371,1,train
3.1958020634233937,6.4826352085213585,7.941230690096288,3.7922123890115182,8.893176458648412,7.6787461228527745,6.3767408578301215,1.8433872495232184,0.1166744109460427,8.023675046470826,5.490405107751313,4.689227629689233,5.584998026653135,4.789777470180674,9.343090314039728,9.626112057142937,9.362233606646436,0.6463632846617018,4.579037663934125,1,train
4.990673762672789,4.280786822820328,4.3957776430732745,7.249567295310281,1.7549327279960625,8.316419802371048,5.385248184097876,6.27283769331876,2.8367252920274244,5.764699179171369,9.598443920597544,5.049754197929149,7.906059972689569,5.230128133196773,5.120860348667987,5.118538784004074,7.005115642227433,4.576944877970673,5.104025497001901,0,train
6.013326466225881,6.220873712932663,8.747635615689795,2.5505679250373445,3.1524803633824905,0.12365771841833295,6.5047427474751505,8.285536882504376,8.354530080606906,2.6544854960094835,4.271754710746539,1.145084144454399,0.3625206599098829,9.380034109647749,4.2722927370948955,7.754132683782608,7.876506341316119,2.1111898727046965,6.12794565955998,1,train
9.912806622960112,5.985384472150863,6.670256705096081,8.67409454491715,8.198743108742285,8.808001786580926,8.366877373882152,7.5453519715114,7.130164294389168,8.46644744283893,6.734089979099672,5.280895036718313,2.051184177556784,5.478518591279089,2.6488531639228583,9.987012203531219,6.114772865028551,8.549415361045455,5.03706997478311,1,train
1.161509912854775,8.9549169091539,7.817185250208448,7.086313068837056,8.44607094145199,9.033191286614084,6.197053385883407,1.5250245911398086,6.991548654873883,0.9700323535930044,8.787830817586448,3.4980193689703345,8.952463723676397,4.306703196980154,8.843996732199212,4.311895818719286,2.3291593614278163,2.4756493516127884,6.1667753938024354,0,train
1.8902389729664557,4.553986388626057,7.569317655038761,3.88876338487659,5.468428803671675,5.658522834808784,6.014145224669071,0.5400171585649272,9.457265235212404,6.574632191227537,3.41476378205426,6.714696681107121,5.811152406438706,2.9133945952481866,1.693403106831698,6.218690091762107,7.780398266236952,1.3929481372225272,5.422765068745853,0,train
9.952545232078169,8.456255381834463,3.900256430467416,1.8515191215351132,7.664591689418884,0.34783805903437215,6.179730068934485,8.431391226148225,7.878934415033857,5.612850351334551,8.146689842907634,1.1308019718095297,5.51487062811301,5.717135867755414,2.4236288172048925,0.4222716353699396,8.912330153700736,3.2696589147822075,8.175279221311747,1,train
4.860818692185331,1.866257535750754,5.055402434820238,6.282656648502804,8.987351728324253,7.777063657144603,3.8764316249887942,2.5821476824626775,7.22542719684959,5.01603610205216,2.057974976054182,4.652917529052457,1.4155769346681246,6.035818061637387,5.000341317574382,2.002085893620494,4.867213255392158,8.734006435432878,1.1312687308207936,0,train
3.426064000482578,2.4965107784038594,3.815092263096827,6.750362322688119,8.927972244287496,9.998013013434967,3.236211689017586,5.432024309914956,5.684029380410572,7.391549099983914,6.0406682233662226,3.3713606857462675,1.3516004943470017,9.996113306149493,9.285842600602882,1.493735353127944,0.05854307919138657,4.452660963866279,1.4609989929588774,1,train
6.3101226051800205,2.5014988758073815,6.175786387244045,6.497050976068823,9.004578040669603,4.0794016588902995,3.878859721327527,7.768291399979351,2.246008570531066,3.575908378666064,4.006669136727363,5.339902421179269,3.6966905841819186,2.336808351220868,1.2932620695384045,4.37743422963141,8.392622065682145,3.849003359999493,8.964075121930742,0,train
6.7475526081853,9.446361301159005,5.188837515561888,7.162775411193582,8.677985521206574,9.477165899834995,4.272901632207904,0.34037975276759,9.101624459448333,2.590808075015153,6.479159639568703,8.9036265484372,6.5321583501889116,2.4759891253127666,2.1312076282952477,9.413565049489959,9.592302115718336,3.4050866055239872,1.5656753169105153,1,train
3.671654480654905,8.797458865777164,2.424445238985201,9.521863057589671,0.2486420437332837,8.412031973811459,8.025770783527811,5.0481934224936325,2.934822470716175,3.0810587565470247,6.607790915431555,9.717267630272673,4.201285741779213,2.93988110955671,5.12859401001272,5.457155185848183,3.8255674862443536,6.083736777110621,9.648766822529268,0,train
5.501867932885186,8.4512247719008,8.724704391381461,6.712551091177109,1.2696960341119312,9.528516139183859,2.880774688585981,8.982174217052721,2.4999944710172874,3.1572807683798287,0.005560997546409929,5.387938698805071,0.8292832441718823,9.959663473050737,4.319366368452653,0.5755791458505632,3.4215132006437377,8.908398155466058,7.107525161002775,1,train
7.583489868298718,4.686268888317683,3.42049497688218,7.347852247225846,6.136339928462393,2.0409096579260355,3.126480754841338,7.277463771884232,4.4437477136287065,1.173692249707653,1.0326009926670077,7.104327689504059,8.161614430752236,4.264990559887519,4.990112289225156,1.5985324137535761,4.751160277986378,1.795814588927711,6.496026575991539,1,train
8.879435413168919,5.167771266431136,4.656375462450729,9.689303064508977,1.5964651959336906,6.07726416963243,3.585687370280819,1.3717584351315981,0.2905628575770025,0.46050571414929853,1.8606953466633736,2.395825933297494,9.09297764717227,3.9649336301164304,1.8840599007934877,2.6484930914022686,5.33349196744132,4.656295369436273,4.1429606288042,1,train
9.18183739696286,2.9575919266923423,8.52661086300349,8.89786434322324,5.394335607712831,0.7346287635041271,2.5054030136001435,9.645695938065904,1.7465443699746297,3.4294245801426837,0.8977609292556021,4.879448808009298,5.702761599557897,2.930752934008689,8.627445268030351,2.0162646232097914,4.422771074215683,0.595713641372364,7.861011032347719,1,train
2.365011392793601,9.27527975375807,6.1034310332234885,5.2001816076270835,6.88896243517665,3.120747654764491,2.34671824175946,1.6313167732013256,3.0420352269998774,2.8950992525148656,1.553229586608842,5.051318416526685,4.290905243001917,5.912283996127608,2.3747111826790244,7.876409437187851,0.12666591931413174,2.0578387902487174,3.695009257179481,1,train
1.5793861529746065,4.698015815171545,5.148892087130033,7.807782511752302,6.748186922039431,1.5372025293503178,5.186428200516962,2.2276856714445192,2.42115849063967,1.1866508606240023,7.241138351848497,3.4603330966242063,0.5924490294697182,7.213478525596827,2.0897777275394747,1.145084272570902,3.774136468794361,0.6047540676212082,8.889222966387315,0,train
8.593956330789927,3.3570834543519656,8.412215818046738,8.968574003999521,8.453902122997802,3.2010537587689605,7.69124694293803,8.5685772717549,4.668081755619825,9.47396882969483,0.8737892861498864,8.016482146517287,1.8057144511852852,1.6083901623377017,3.7438841934873377,8.21664954987519,0.22984982689386202,4.111818153465121,7.070376326211672,1,train
8.827620690106343,8.25310782105758,9.002073083738127,8.008599482922058,8.122187239994648,3.6623086980052113,8.59573902187129,9.364063631371803,1.2482530336528375,2.835386537917052,3.954245361286347,9.911757710839034,7.505798038825321,7.922414479063685,3.428900521994105,8.856746293369852,5.787481936907385,9.084355930592903,9.733808788257729,1,train
6.205824657349328,2.609029779730404,9.783353054446952,9.176913203071376,5.689796645142061,7.057028621464502,3.206896746164123,5.7209079422206575,3.412434775718023,6.167049086154056,4.377608994748671,0.5432053323544928,7.382461228880514,8.252850151158112,1.8704472816237105,0.019417308071348893,5.38237960787947,4.608163884005737,0.1785163613744789,1,train
4.452172525908838,8.19638540843568,5.520546477705276,4.690296143036188,2.5677972730383303,8.689610253026139,5.750486330368336,4.219749670482058,2.2840729583885633,0.695970931007942,7.033475983948717,7.500625582905248,2.16778427129781,0.2621655177321647,2.2787638329717232,4.564103020798252,0.6676594378735645,3.427439812679932,1.5973090170146997,1,train
9.599830650404517,4.067569203936818,5.312189509367963,9.636493518406937,9.282769521905806,6.59745507017783,0.26562021323625506,6.160924178125999,3.932748771101026,7.949508887487836,3.8535066733731007,0.5220859203576811,7.716865632133078,7.9303896042335476,6.321022173428541,5.371629454240389,0.16734957590571753,6.450878657938134,9.520803338955062,1,train
8.77731122070463,1.539001935511242,3.552448331042017,1.9249536467035635,2.7258714617553803,3.963024578913635,8.391150039861063,9.793270123390414,9.95196151299061,8.562711475272717,7.443340000758958,2.6753316789743007,5.545903339485719,0.7094296541336298,3.7971458750202167,5.812567306714595,6.187214949001469,7.801752398108378,0.5427784943281688,0,train
7.177759908550343,4.41811036805986,1.1411504953427782,8.601509950504806,6.243830024998738,5.140007996144632,2.3669775476310084,0.34557696544481153,6.293956095129576,0.17398208438348717,4.80608238083256,5.628600240789197,5.838594080043934,8.733230405337245,7.818980589951363,1.1344228066326911,0.7961057788511805,9.887575323574344,3.981126554621488,0,train
4.63585654393264,1.3821896052692728,9.59076127867356,7.772766167567151,4.572692909931905,4.4925972343518,0.9658500993054453,0.539121839413329,1.009019704152987,3.2018958118216134,5.314041546058493,6.710619164636478,7.381252198756004,8.59752334206808,1.7635832041170052,5.041879667772685,1.396163937120567,6.2174882182028455,8.329856287126585,0,train
4.686808441465169,3.753678489792536,4.57591673046997,9.028532874252836,3.5378257340155095,7.71456070873139,3.6681574844660156,4.234763843374207,3.8938845040663903,4.886125480471656,5.965259155640032,3.9964391226704565,5.429034225969726,3.2864386530649883,0.6529486522589711,7.3672272699116785,2.1122353945733408,9.626827919286793,6.2511446273896,0,train
3.222882232105209,7.536475353893124,4.725722242067234,8.00407610802225,7.537060216839232,4.238381247486288,6.188551551001648,9.047616731987127,4.6382066698620585,6.133795414464252,9.676648875389649,2.59615992651535,6.480973844972489,5.931992457487506,2.830166877944995,0.3926446814753626,8.36196225610071,9.18259174282239,4.437093798717125,0,train
8.411924636554263,1.0570308335293734,2.4548139690430775,3.0829962812071323,7.339453092362824,0.3856339295980882,5.059342969760728,6.832175198687632,6.460107913228999,4.829535455545857,3.1198071757467547,4.478460813188989,5.764953119716675,8.957563146942887,3.856538507290337,8.569540783739349,5.357109274341884,8.712400444433323,2.3993973151925427,0,train
3.463187764736147,3.3184138339505393,6.631416380765241,7.516695355000896,1.3963256793265877,7.8155127823893675,0.5766575803349816,9.053382711579752,6.867868285423837,3.141190205214123,6.585525000373005,4.142016624712461,4.428993396501149,0.8615930223706547,1.3873279678930672,1.2606204393018439,2.9234418144533834,4.219316821223331,4.3424693014223505,0,train
4.172555016883886,2.713921927823419,9.539514864639784,1.5459874351213645,3.3391760424087513,3.9224416791517713,6.954393687732969,8.18933124244292,3.3206665798290533,6.785860894473763,9.194498872408182,0.8259391262306892,4.23637152395278,6.024741809639899,9.589290820170426,6.075080410088613,7.012254585200738,0.07441070539581096,4.4253556658183975,0,train
3.184118450436948,8.272144206261926,3.765646884785703,5.9154238759001245,8.60501614302974,7.70395059067662,5.33177163268395,4.493240118684518,8.208579252749617,8.726344052387303,5.63205999208797,3.422578899399489,1.2327012332484921,3.7262476375842004,5.328679065760726,0.9126256311782932,1.9858625573679456,0.006270157396969234,1.073824721351574,0,train
6.183235862514475,4.536499032706518,5.097079166960584,1.2627425804231869,8.368986863445532,6.368374255430876,8.751458435456705,9.997637068051565,3.846303494827871,9.246562889881426,0.4501745722444661,4.524513078725607,7.111715485836873,8.782271252090077,9.91413304391943,6.509997814141373,5.29457839085911,9.747333234204543,2.723337551082351,1,train
6.569758378303874,4.487143131538025,4.186956737075374,4.323206334270953,6.441116346195698,2.075118642834574,0.05407051899744886,9.51385113783046,5.091434613106794,8.060254098782899,2.3026251737044734,6.485246439526742,6.887549415663871,0.9758930887941353,6.032396640326613,2.8019535199946546,5.062565333301867,0.6066628442526145,8.88367905383382,1,train
4.980709926833585,6.400204437638003,7.865321346805779,7.40621264020041,2.5027144582037697,0.35496282082241315,8.069283120380945,8.048186146273228,4.8938450432369605,3.892731022842142,4.1428492639143055,6.470520839311704,1.4712582632465043,4.625486574374937,8.100632189502544,3.53433308476208,5.318221970775853,1.4280325794209459,9.498356229162626,1,train
9.8688692244096,5.572505973066983,5.346133626396903,2.399299390726023,5.331297401809836,4.5604992458068505,4.026494999195478,7.223132150078384,4.519145231531294,8.67503588627925,6.241211668230143,5.3559279670050985,7.640059052737489,4.860803698516429,9.925809656495094,2.4528477664511117,2.339055716860697,5.158128009175558,5.686453161326153,1,train
2.4267620868188704,6.711250412627519,2.8449103319986597,6.955007408381927,2.486489531003917,8.331887274853859,8.464965166842344,7.8973043347737395,6.315172148870321,5.743427665006179,4.50433734978864,5.345217394066025,0.3349577290591843,0.003901055023809441,6.549605753678367,2.1627241963129995,9.168635393302967,8.967296973972744,1.366624469113089,0,train
1.1317080864740467,8.524135865177785,7.437849788827149,3.2257290827104756,0.5039601002652261,5.307508872031214,7.855795414131281,9.487767881375714,5.89717805903706,1.0717035007315878,9.784218545424281,9.141509952676905,8.691998624543766,9.11000272583763,8.007476933842913,6.703130248047453,1.5522894717208313,8.78897603213863,4.472255719675282,0,train
7.0269308400355275,2.3834828660880234,4.474227195774906,3.4138347294366884,4.111435588320495,2.9183768232949925,5.789719887353025,3.5638696091406983,8.393195077586098,6.910633284938048,5.760186522025026,5.639804586379784,1.507823413441579,5.933416777953085,5.663160315105279,0.7039547946176161,3.7039168305512984,3.7772080438282316,6.460029507769517,1,train
3.7318230958613703,8.980842743372541,3.0486926077607905,3.0866542467172757,7.448678447583587,9.459283363001074,1.1304322249198784,0.9785765061993323,4.776405524745673,2.9284100751302553,7.20848485364786,6.078134857334854,8.751499668738157,0.569674518708897,0.7902039523296611,3.810043476437428,6.904373099225527,5.608767998493364,5.564656108873068,0,train
3.4865976864066615,3.673622893780661,6.496578338982985,2.828032143133543,8.005644070943047,2.500072139059797,0.9336700932753339,8.876983542410908,7.486013803976174,3.159787707823175,8.671372434715185,5.519815362554952,5.816415134051579,4.676667825799715,3.520468564979052,5.603008141005037,0.21261407136340837,4.635500805099921,3.0293310792543924,0,train
1.8976581375192656,2.6226942031135203,6.626504490517909,1.5366818262927298,3.97563339963006,5.981029332685207,2.007219680290373,1.1157317078133366,5.620926320671931,3.2385011654816154,8.057090232905418,2.681538257391911,2.0692498859528197,1.5597941288926986,1.1157848997407338,1.396822054496133,4.66473631924767,1.3708752116928702,6.5152315076081155,0,train
7.412736053786265,7.551650361701845,5.672707593451817,4.924236414297984,9.113736637337125,5.518372865500986,2.020549235799761,1.5728864854922353,5.659724495217178,3.8713809027667514,1.8631547603305187,8.747170188516414,6.489849045232203,6.988432769351213,9.082470112348718,7.130964920103358,3.4421366748765205,1.6726863295276817,9.314707373211787,1,train
1.8985318031505471,9.096753330713076,7.335243705141685,2.148400423804704,8.414424333281511,1.6181582470482159,2.764653379646399,4.762993073343979,1.5795578835154456,5.681368907627292,5.283961512239498,4.574693750342553,8.398546086741867,8.29657450998295,6.015070062683052,6.33437905045914,0.5304222858977725,6.877674045068135,8.295091232471322,1,train
8.587602743516623,3.546277483562393,3.51729140830266,4.892556362047775,5.306854266997725,0.6763698221095926,8.249943079261328,2.6785658697077483,0.14600546600731734,3.4981551353750415,0.5471817760599584,9.931108644853774,0.182823427967449,8.433695427808821,1.9263515328733116,7.500843220699669,0.72158827283479,4.09825356402017,6.2722214811657375,0,train
3.1350440239243618,6.477843160496396,3.0282800283403373,7.351043100194113,4.441504296412798,1.525223326774885,8.128192311024884,3.348680059587502,0.2670418159200616,8.456588420681365,0.24180901810865296,2.017925793444739,3.538102821178147,6.317795063273666,4.170782854289826,4.192711467195855,7.543621388156664,3.460070518378858,6.279651265543409,0,train
1.8431448995082131,9.084037674619903,1.6064142389469604,8.976012157275047,6.202561516735962,2.7931855728597066,3.772349313971172,3.1124210332733004,8.787797877417852,8.523998257407587,2.9797063253849174,0.6958249556245422,6.120019162820416,4.026911023833666,3.936170484119331,6.515180412098905,2.090685297146319,7.90068695838465,2.5086622985445475,0,train
9.85727045866645,7.465903112545349,1.454959516962275,4.819146110479372,0.027390946130754212,5.250391475598978,7.930086883655132,4.543108928757046,2.4241396974376626,0.7087533684732228,8.890967694168822,5.879080049344046,5.914065861375,9.31932902506169,8.746177504255733,3.6841971199352863,1.6853094861733908,2.447983037685483,6.396811733611106,0,train
2.21060430247892,2.782534146435374,1.0313134555860983,8.047284512957956,4.768772214261574,5.514320580133127,6.100492706123646,0.6324857004589579,8.480028366771844,9.455822642621955,0.3791552644971241,1.3577236259374104,7.663867482321712,4.560888801545598,0.6350113639805988,7.731369113389359,0.9641455688827094,5.321357368716636,4.971328281311412,0,train
2.2788530489918406,7.1840034073125825,6.296314581212633,7.413525328125555,3.511049386973828,7.769910206789516,3.9989869796510726,5.133939048480393,7.248636397272291,0.9449278232385772,8.892292222545638,9.23581937379802,5.837762176254326,5.770560514642692,2.6134414087510995,5.481776488731761,8.803781921334833,5.65729899901009,4.4687561062528225,1,train
1.6380874427439829,9.50323349446074,5.034304186848373,3.593480878745087,3.084830321486176,1.3719708451712576,8.374601832252766,0.025325557832979184,1.034940910107831,6.437967657351551,3.1410610917854465,7.493628843642699,0.22239837727090483,8.899164584467535,3.949608918635552,1.0796038256742047,2.078682564773123,5.466437566704529,8.74064831381242,0,train
7.229057411792279,5.790289850260209,4.625175789087472,6.879596931332188,3.538817925373383,5.9458640748284495,1.8727633220162976,2.2825945581440066,5.62158668724996,0.8989853550448224,3.2656826026983756,6.05905007915773,8.68660538025132,4.629566250402667,4.333535025531456,3.01645844996989,5.319429339916155,5.980432442391221,4.322601357905059,1,train
6.260379247094554,4.459809768669706,1.0711030326169828,5.750454975682176,7.802598934900219,5.623621491407449,8.387451848180806,9.620837158606198,9.280818556055227,8.136086651329082,0.6105689162094086,4.1187190676275165,1.8592371296615728,9.071023091364607,4.822100865549597,4.817999995384417,4.983435995211081,4.343170261790192,9.650726718318289,0,train
4.347435701691643,2.5375288300469654,3.671074787582977,7.933527612768442,8.187772404116968,8.599016967697233,7.557937413332237,9.343881244512616,5.898407504685277,6.360461358445763,2.4020569794273063,1.8697717454015428,4.835671182791513,7.154472549607409,4.49346113092693,8.919077806027104,0.5158834813322977,5.821701121990919,2.5833732050958513,0,train
4.072470630816457,3.518885490163573,2.546923104574142,2.55014871368642,7.424971562096834,0.9096357566233115,3.516189038985723,0.5441462503991135,2.4975253283399654,0.6534818523591124,2.508374096908544,8.288590087177063,2.523019062519337,4.623768471366877,2.1689303397256365,4.4307799462326,5.132533784601413,7.694458983574838,8.340217539010553,0,train
1.3646494063650696,6.089231381338369,4.200740556975027,3.892237878861567,1.5035587422114804,2.54273074996663,5.204444239690229,2.5358593205022437,4.611482428288092,9.880762339711325,9.707393881731557,9.187746630802186,1.1024188407268365,9.096699555084545,1.7252229312681544,5.259444730703745,9.588181178775917,4.470996267739604,9.129066559601664,0,train
1.0446943234142976,1.5020031526510895,6.147345131589056,2.473021271153081,2.6021186887490435,4.187831527723443,0.07046869447855042,5.523765310824309,2.420104715070077,4.048946151879243,9.202250189548742,5.357805884402783,9.331676846764251,6.879864466660405,6.6739475075037324,9.684187009476355,5.169439594611499,6.028974695066287,2.897919632766489,0,train
2.4564111230653825,1.830161825136544,4.999705360170025,4.210601104393661,1.2584180640464948,0.23995000615810946,8.36444274524035,8.897339103395721,2.6614167473647687,9.270511196505984,1.4444795104726504,4.512893469561156,0.5995170169437747,9.203748959993234,2.3183832230631096,2.502475177844339,6.830049074334906,3.7249970608224867,6.818656199712034,0,train
3.3341246542629537,6.10180662974473,6.992461075295167,3.766907785815629,9.774335568677513,0.27803127398245975,9.884872840548333,0.4293616254496335,1.5399483706550798,0.2749678668062261,5.733401038952115,0.3267376310526393,7.584574962783583,3.7457483135529124,3.2096651573536494,9.277940158360508,7.1063850879432415,9.127311029025357,3.540544405913505,1,train
6.57495344085974,1.1761018601789206,1.3125611851171506,7.551541032965077,1.1261457966291788,3.9650206641527417,3.0635293032704567,2.292208225993199,7.801378142097608,4.541876666459759,9.778928661181608,7.541032862422517,0.12252704289577365,2.42992748152285,8.865131655832169,5.3969736306282865,0.12717265281064982,0.9674407137509289,0.6908799583254777,0,train
2.7565949378343384,3.884269910104891,4.5578125936389275,9.967912766623956,5.462522328862349,1.7903555241270386,3.3027711131391313,1.0040909775434215,4.088606060468505,4.24425871645701,8.299309093062487,8.173202021954909,6.100184761033355,8.225600847344763,6.338487280259,8.447241408243242,9.74149978541753,7.063097667481294,8.914415598481632,0,train
5.3630084008686545,7.8651894108932385,2.3823613576949048,4.434791006165789,6.441807327118728,9.347150461790607,0.9694292237007929,5.242768194026105,4.351860284734689,5.252268466855332,4.934541948211169,3.531669986706908,1.128395391531959,6.4836483652584675,8.122637284509372,9.703659269808094,7.14274627317013,9.7533320355056,7.093386072360332,0,train
3.579418669530617,9.957245028079573,8.764376626787694,1.666012589207581,7.2352564022152634,2.8139367502093684,5.824800453439032,2.979154318286612,5.7494301541318995,8.739392451231224,2.4207120876003083,9.253776196955974,1.2734838732488662,3.781567179915898,6.45274667861202,3.8424958714204314,7.47594289473118,8.032287185519593,1.5279765658291333,1,train
3.6145689237310257,5.693996554151001,4.12519951987302,8.781550586381918,9.504522816785691,2.950228147076669,9.06044543594125,1.9574847644093996,8.167069825755569,8.45090937051496,8.368176396451954,2.6897416478246603,4.371499295019337,6.040664950741117,4.215178479798154,8.427056844427781,9.553654936831347,6.646812577548299,6.628874444365362,0,train
5.619629613875482,9.002750766929871,9.431592633024747,2.598514070565976,0.807234901841325,1.6930900504929947,5.195327503177291,8.183393899684733,1.9047443533458597,8.615185762764897,8.571652241679317,1.9183780115320448,2.7930349677517463,6.5421634831283235,9.491554501380255,8.34522885859381,3.7348099616679455,0.5728874466070333,2.052211963051831,1,train
8.044828094874196,7.782700992870732,8.644068619054174,1.9679608014327297,9.688208729006085,9.59324567066274,5.970028230057979,6.611275700971132,2.2611989082363584,5.344721640899567,1.0476464964271703,1.184104098017743,2.6791483107307847,0.013208901155336017,0.989621608035417,1.3136639564626484,2.647435099568477,7.065723989660428,1.5606220154892958,1,train
2.5863264060495563,4.146129350894916,5.881286551205352,6.9364936544246625,4.084209247080385,3.032280448319878,5.556278615808301,2.5756130366267103,0.7007338849305966,1.1692537609212472,0.5379398855512818,0.7012736809887155,5.664026863054268,8.614402840583148,6.366684208217722,3.6935598218384302,2.371712978258297,4.363278583447544,8.160067475341865,0,train
6.9564514424828445,7.294293451915815,8.53548330217441,7.408843981234636,3.92524040630105,3.1080474138055236,2.503609985299544,0.041184437747202596,3.7310813905939346,9.666134813997125,7.667713424970309,1.827365161144836,3.5678444856610234,4.134852840448195,4.5813130047214115,8.773126926905325,3.292822607967482,2.07196268228663,8.064022603110892,1,train
9.33545847927609,1.842339301272245,3.433642220854713,3.306625352383638,6.062581956354755,7.189813243866184,2.948065608998628,3.689693768036497,2.459178990081657,8.818447176169435,2.964152155270454,7.148474320415273,5.032219674233528,3.156132783345138,9.760068994919495,7.541239268949633,9.622426820552443,4.234603082829532,4.7376438019689875,0,train
5.656549765996764,6.479466803651153,7.574192703195452,3.104629430368592,5.641125896033055,0.6350517140926626,0.2784365747863171,8.911720284711965,8.065741673467157,4.419063237327513,6.631515761490142,6.116447377182025,9.096975014272795,0.9867456930630725,1.5805639655731496,9.458785490458737,2.2712315056042662,5.485200572212353,2.580513016692483,1,train
1.8039345753649627,1.7033452103741955,6.098941252435086,8.311449410951337,5.540961169291228,0.21486835521070669,4.791488140087479,1.057027621640555,2.5427153969385854,3.14900976619906,1.7425499208858852,4.2321407832802045,4.399051323901801,4.7035517399980105,1.052034205732293,8.40732659693895,3.9745465831989035,2.74719291444953,9.71507775027278,0,train
9.822644593450928,1.328573399518322,3.346716087577711,4.4871917630201885,8.075838986413217,7.359182118634041,6.4440623092853135,4.307909620429395,5.282296131672694,9.954216944090357,7.962066494103617,6.151515217348786,2.1948262894866177,2.708168938956793,1.1736935297476647,0.44972769555904235,5.772599524393028,6.832249344529975,7.525815182217505,0,train
5.718271543943449,7.378194606685217,9.199842098684249,8.040601367905536,5.603599043914391,7.729610620605963,2.7578325557726844,2.562440488104687,2.3850337327244873,7.166415279064435,8.74997615738603,5.186218016034074,1.1812830876433578,8.92149022550782,0.8895626614208452,6.217351028199824,0.017929213874267047,9.502683704289561,1.0580386816667209,1,train
6.108876041210055,7.187704049173229,6.28083583740696,5.854836967786272,3.55529160287353,1.4993050900943194,4.731723288814309,2.8988984107556384,6.663527107280478,7.045508126355288,4.033762560963002,6.509296080913822,3.9704381179409354,6.1771480423901535,6.574797452318817,4.991622715880606,8.170637934755792,6.160901798299872,3.111816722527249,1,train
1.8116538110607756,5.9598534009985915,5.1469329341262675,2.591014962786182,8.144195469245025,2.1071506404051785,3.9438568149796027,0.9972839425377678,7.911260183556363,3.74415529444346,2.0730251238416253,4.408917293423228,0.9922772682083192,5.87965144271622,5.414252808308139,1.734427883372388,4.873074774583741,2.2579235587377666,7.647520230457349,1,train
3.628742018632858,3.423137068801806,6.152243738795985,1.6850886681072956,8.346388237857397,6.9568743802946695,5.88179119480126,4.241451226086545,0.5904907452173558,6.934995555045564,4.202332882683938,3.0605055217852617,3.406895505246712,4.708879852298623,8.459955252312824,9.800378412673869,9.63997926769022,1.9016531042897877,0.32556740053830246,0,train
8.366387069521197,8.300523956744392,1.8005760993287678,5.364884213836186,1.889796188239764,1.0305134606868493,6.180357716159421,6.653566973194209,1.1991840952008859,1.3003956345542789,9.455908562208338,9.537109251643717,3.747058921856895,3.460728642632993,9.285278456496368,8.308508271380633,2.265737365219318,0.35936253669565876,0.057139010929115885,1,train
8.408918211348768,5.278959142232624,6.553534188539066,8.843613287641464,8.736524364814239,9.048847536538917,3.4883232521904173,6.318092114817453,9.10597575830201,0.8850054158001608,8.109397303312287,5.043294105830487,9.794719224286432,3.405648040817103,1.9364669085693975,8.477721724195959,2.0100682977392115,2.4493914952519247,1.174184689231601,1,train
1.692582340197244,2.5603966466331705,4.850581126568139,8.426217905709771,2.6085980007212273,7.454362895236949,7.68674191708074,7.794105313816341,0.5448522463011207,6.824100712499614,2.511296662179401,3.2519077321264787,8.87918633308109,5.695767867933342,4.474819589502649,6.869491938930294,0.09522115181411328,4.330931572655338,7.534006342431978,0,train
5.478380177160311,6.618899281008495,6.689700303046893,6.127008175037795,4.73837733929641,4.434901573977438,6.2999901082218415,2.1137374267158027,8.565045504280501,3.9001011524613363,1.2577105087923202,3.3334881780147074,3.2169980502042095,4.928115234171845,2.938201603944699,3.161062604024184,7.151387190830984,4.941662608407746,7.258079880355181,1,train
6.42211996532215,8.024688598025254,4.572140626547493,2.9335813883451785,7.014726084161941,2.044780083132738,9.750607331898744,1.334873749945693,9.212096927493961,3.307041552514176,2.8142069538067616,4.285391068842936,7.008424664427537,1.9630697217071125,3.7032630190020885,0.6915216662358481,8.05092417634254,3.910970383218575,7.028427517854458,1,train
9.175367642114589,3.609515318051165,2.002947486884719,7.281763849541251,4.441471116516432,1.2193315516148162,2.7225709027945744,0.7266099872791842,6.565372529214329,0.3498917142566482,3.3685561912831554,6.27758989949177,7.9009586916865295,1.779740418736312,6.780412392445141,3.9131046787788004,9.864223491925536,5.3722015410045865,2.5377431675082454,0,train
7.978475666426406,8.25162515339682,9.181887407935436,6.083370407236292,6.854550424329622,4.441991119579395,1.272054312340788,0.7397469611107554,1.087835005822665,2.063546312659681,2.3224231491206693,6.707910336789114,6.231947793017314,5.3596604273497075,4.8615973597001805,1.7029650943833152,4.402606540650387,6.866834620875402,8.219982405126865,1,train
8.546494463721611,5.097857498741369,1.6715556709577064,5.541391081301161,8.542172305744284,6.94057457915482,2.0696799064154634,1.068041920282019,1.1266444661830377,0.48715277156586856,2.137842363047694,5.152936635427575,0.1565266067285742,4.772164732289394,1.7317011191804355,9.56907116906053,5.720166351936438,8.405203552367784,3.0282282815037096,0,train
2.619611700198644,4.197739139620188,7.224350797234489,7.269832704393519,5.05799303256249,7.7915913553260205,9.288663332370051,7.87444118505266,2.7510968887191565,1.9379739973053955,8.496341795440479,5.056257290994987,7.459853818489175,5.761654630014017,5.859002036417374,9.70836371233652,1.335559020796614,8.60108415164219,6.501136345659222,0,train
1.8568222151497231,9.527747654162171,3.8524284011257466,1.132302332023008,9.799578750575655,1.9456860744054671,1.2146688438987097,4.259760114148625,9.451756433423043,9.239629064821274,1.5979726293700458,0.8337874407186208,2.8793675458541355,5.051755388582627,3.2485350665561255,9.133011667441549,9.690321891782158,9.145024318987076,0.6143926338238692,0,train
9.008057895764196,3.004225526665995,1.478191181361121,7.491991744676828,5.6834866881350425,5.626519751477234,5.883498503631279,6.4523962636041245,1.7108658374658459,1.9796419037277513,6.747949383344041,7.478701815151631,7.9988038911013915,2.5326198239653444,9.44409385171481,7.35685783699714,1.8367912493662053,0.16681853990684004,3.669105078885244,0,train
7.733946925524074,7.644307924289043,8.083727319730595,9.943415502074853,4.975335998924244,7.966392310554491,0.7265212959623435,1.8866580200858452,7.155025992605296,7.770685939236625,1.3856692479122512,9.37695026010286,4.385274854645944,5.507255535449904,3.0364539002159994,2.0200855655953642,0.9572994910243571,7.843651788692623,5.465568080805619,1,train
2.5821889834321956,4.068064665631595,4.615954662294534,6.965016809250573,2.2708547803781465,7.231823125049205,7.574735788062515,9.162132945232102,3.8721505642813425,2.4708831451676305,2.549079688128212,7.784798844183544,6.13103293076679,5.196629877427329,8.498721843736337,3.520972585467038,0.8669875134699945,2.5593079515262374,4.322685126713731,0,train
3.272737430470269,7.330211775574269,7.280717667868748,1.0649325327644998,0.2578901836748737,2.5328253359531194,4.620911129138635,8.71279635643295,2.492480420773812,6.964970975283054,4.285820959064601,2.549273587964543,9.861196868529872,8.786102011197697,8.811911554168088,5.763102724405673,7.767467900471385,4.6582515770300255,7.289481145914248,1,train
9.406995569421492,9.094666483699802,5.9660796952486965,7.017140554147007,6.690818121015219,5.280223402365257,0.057028342168534696,0.028352422269095623,2.1320343394022387,6.645456155107958,7.401627655422383,5.733009879538114,0.3114053653944826,8.618096004074104,9.221986275868655,5.69730460059818,3.658126017001815,8.224085125654758,2.324915456123273,1,train
8.34131803201421,1.153203871176404,8.140907061879366,2.8576261527291233,6.475272182164845,3.961168988770387,8.153422670540886,4.734137928509362,6.88580568602085,3.9225149092002844,5.674993618111007,3.9663381273978926,9.251162368826959,8.901957981736548,8.100650770873294,9.677385113080113,9.409718735124164,7.628231879908853,5.283913303207791,0,train
4.297271625565575,2.2453727303271673,4.476020720634408,2.63276591671107,3.117212530207598,9.995593546579597,5.246251866227607,9.268384124020692,4.91273857499673,1.681934792521954,8.20979696528209,1.2339876348031942,9.066728262497337,8.156759622902408,8.754005425569462,7.85326226188812,4.90474693233936,1.572805351125679,3.8283653250230296,0,train
9.977577750612078,2.9523948274736367,5.948053159388668,2.04638663666029,7.312100596687032,8.555720820944604,5.800266508713911,3.913162983513885,5.734312311902437,7.264017109319624,2.645079178358636,0.1684265601762358,0.9234286817217352,2.4870902445034493,8.455745146842107,4.158472993919425,5.526279910755205,9.707785715865606,6.032804246659388,1,train
5.449326421761621,1.9716099894612804,7.5320324976321,7.117791427099849,7.551053185264087,3.197252798005609,4.6031047888335035,2.7090229445279226,3.1517365990070836,9.930591728892296,1.4192774063945046,9.722192356107437,0.2441284899805385,7.544655571104004,4.421392325106849,1.986793996179027,4.618001371424839,4.492736110775017,0.2784623069791914,1,train
1.94351475582353,7.963876963666102,3.472609381338086,4.103551332334479,1.5649729922960065,7.501390353130924,8.003578678177721,9.793836946381273,3.996412634907874,8.561178177399425,5.203321428900267,5.247168563534802,8.922554562956249,8.436482949668907,5.811136720682884,3.686354850189175,8.349103102213402,5.265511023399171,3.0990367698777455,0,train
4.91314667275016,6.624163929361798,1.68571045141645,8.08322565596027,8.576860472909786,6.002199711843547,9.079236766349652,6.871390868399015,9.378562488584652,9.359344477295487,2.7231929209642,0.6048656563743926,7.674912064868251,9.333425435544267,6.208834624439348,3.5375027161526464,1.3217206668059933,4.773223745958663,9.39253785418527,0,train
1.9709202379607895,6.642765434552654,8.945111319985063,8.71484380904196,4.8650918534812035,2.274150880906951,5.1987373672024795,2.0424709784505146,9.337274411239783,9.347944988464715,7.001843199107282,9.707216006780854,0.29985829813280906,2.339751541030801,5.6536058217901015,3.9012122271557237,8.971206545450098,7.544294612247068,6.795353194037482,0,train
5.593465242015763,8.625300167061829,5.930450910611301,6.9906429405774855,3.4186911002057907,2.9077655580472994,6.326460061594833,5.348870211611833,4.332471810182728,6.875681058333058,9.635731709376802,5.22737131174016,1.9138166381683108,2.6227985712665025,4.488398791244856,4.799263868293632,3.422791306127132,7.265098845732184,1.8098665832716243,1,train
1.471150040825307,9.680112561147045,4.636852153491719,4.953595649139945,5.754992355386085,8.511572117744313,7.0712695917585755,4.847498505085986,0.4531622416822201,1.6387699445429793,4.395198770354437,4.600601865843688,7.482637084577735,0.611991407840986,0.3350991846968365,4.58462855536868,4.460812756674464,8.20162714861743,5.408273816292221,0,train
6.4376767277492695,1.4097090347073356,8.589427144811456,8.056288420616866,5.576619076227711,9.713373057848834,5.330401588266366,0.18710767350975543,1.9863677579324401,5.251289297387459,3.6614538285489906,9.680768998569558,2.030744415415601,5.929068104543875,6.206278652098625,6.7272718596513315,9.318560629991168,3.486575524964175,5.026827115586042,0,train
5.153935890067736,8.392923629764137,2.851981291766829,5.473122189916661,2.0989416414629436,9.11454849237857,9.958279579764458,9.193032619937028,5.740578801257142,2.675074551108425,9.032523923634631,1.5080285556886552,8.183107366314731,9.144944700164578,2.9942339642577243,7.838230271490753,7.564884313508725,7.6478831720685845,9.506727894096537,1,train
2.8934160855694593,1.0484614154688638,4.376555726892448,2.5506357130707373,2.0969444349795907,9.621595959558347,6.923915938021016,3.524707027929047,2.500160026995024,2.6082929293775825,4.146897092502215,8.792077125220779,5.79621342488977,0.6083031925973226,0.0252583748273838,9.488468332584212,9.09764505138577,0.7802051705444069,5.386158917860865,0,train
1.3222735485356862,2.169617430756401,9.858794577409324,5.38398092779238,9.805883066432724,8.519651105203938,8.002189149534443,3.140991354000673,1.5983513600225308,0.6684203937011302,7.103411852661454,3.061049785275899,9.747068004342763,6.6260123310694485,7.850023864561939,9.297052200316916,2.064412781180983,7.2718576764144425,2.731709204938071,0,train
3.917081760278359,4.931590399917026,8.773857046988322,3.1451880158670797,2.8565111323874124,9.647064280542034,0.5726259174512582,6.94885046753742,1.4570322735224728,2.2829606230387167,4.160514489884982,6.927468417813618,3.3388143729635145,9.527931187485585,1.512379621429708,0.4473596266450419,0.4166812657812724,5.004771201361157,1.66948824985923,1,train
2.9321035545129934,6.950904724471952,3.1409633849296688,7.234791405793077,4.618707523855051,3.9168936714704836,9.193126355082102,0.26435736676902133,2.110373714648003,6.2976303802935165,3.8390901851442685,1.0060828601002647,1.1100783899998623,2.176890887722165,9.57362422400773,2.1155383129145755,9.035421888826185,2.305592866269548,5.5084934995012915,0,train
7.9997545528567855,3.3231241852865567,5.11887941681753,3.927440412894186,7.145812475300178,5.614113957202852,0.22280894723655353,2.1554020650089942,0.9504984064258182,4.813404176318156,9.706785156560906,4.0671380038477265,5.525426737423614,5.993858424477187,8.432634246401351,2.757654260181744,9.168484556827389,4.411380982257777,1.47927701545303,0,train
1.588252264581587,3.9720591988279264,9.542353275070584,3.3341239266598546,6.739729224751786,1.1323468619760235,5.486431829350261,4.419979248814573,5.104070366499059,0.3138386254192338,8.704706883750973,1.735422706024723,1.0300482212431827,2.546717157816021,3.6482081353762474,4.74235496173249,8.896736780825616,6.037931581041157,3.511986404732884,0,train
1.8698167385002664,9.92801175792938,1.2652331916509696,5.369835462640553,0.218834797956865,6.644185126530506,5.19099616808846,8.377078469340947,1.9499988166657778,3.79181824629669,8.128962729446187,2.660500515385084,4.127702336939892,2.9617930468059503,1.8956340345237188,3.4860939039404415,0.4428241397450827,9.016614856037222,3.673543155666401,0,train
3.778715914656815,1.991134110386009,6.075104319903309,7.3642172573034355,0.7546808873151833,0.8903706263088307,9.628604190704298,0.8885976180104993,4.246732233646182,6.077311549739186,9.807811981004589,5.8271663719795725,5.404564794304019,0.7714697617314137,2.807091908896978,6.945366353776245,1.5251215057299161,9.926416956874569,5.436593774724344,1,train
5.892819832116943,6.579650705904372,9.368266202144898,7.1120229280759215,4.777571341373928,5.737486139769773,0.4612251605039397,7.518982931896899,4.387473557401428,8.52753073826837,3.2540582486071346,2.112556956953817,5.855849367074964,4.192482703943884,4.4018461000261855,7.9403231208986105,3.2978489542151737,6.596830544297281,7.317050456021043,1,train
3.1547312923306636,2.475417567781627,2.588251160764034,9.259388174660046,2.6217405894339385,9.938517062353418,5.519849866252066,4.357552788589495,3.262272015578054,1.8476150954953707,7.238078056477891,2.8003651918027463,7.053957319645758,4.5778139086447585,5.7094129724425375,2.654955135277665,9.378016928401289,8.722961711125274,0.12222816405139669,0,train
5.928283015713864,5.014575598861235,4.399754603465176,7.218668309573921,9.851379843425267,7.948241932846459,4.75625718815472,4.5516801097937485,4.782074763401042,9.911121555122993,2.843258219672229,1.106492208237696,9.201972215680204,5.243845766223632,5.878894778187363,0.732170315749946,3.4790650078964767,4.023495584588451,7.190510298739225,1,train
4.349831705481049,9.287066130677744,7.583392639529539,2.631916201816152,8.897316127564315,2.5240805736815988,7.16151519165941,6.1694947498579555,2.259455457534245,1.0706212100915002,5.13539956343135,1.960127602253584,9.160685624508035,1.6172049090716445,5.322369514157726,2.7711495140057805,3.1304047853445836,1.8623641048346817,7.818320589917214,1,train
7.6587379655937395,8.756534808817714,2.83168217451205,5.3809052014035075,8.845809150864888,4.52890370251695,3.4235304828732693,6.734335909378105,3.5356015921715755,0.9186059943136093,6.105432954339568,0.6787716480010231,5.759201529629773,3.1937909971398284,2.8306894702963117,0.5682326010515959,1.7084051728534078,4.021758891583484,2.2665423973252343,1,train
2.2154627943139102,3.0435178534050613,2.9682344002709953,1.0550652256266004,7.792272955014589,5.1026546428724275,9.19696192116586,8.964178552320059,7.651334630222852,1.2945579343953406,4.036334087590896,2.4205132507598526,3.342905721112661,6.5738002662509345,7.174496730925047,5.733123454400195,3.06931298001765,5.532920843046205,6.465722041554702,0,train
3.1860889872883065,1.8290144777459625,9.522893082909892,8.40044070656358,5.055191729368314,2.929822594280822,4.526511055590758,2.4453490063308605,0.2609287163307161,7.9050044808627895,7.459324834558734,9.215437335604209,1.8663193809464373,5.768918643954025,6.6988334328573025,0.7351022721757638,1.8506262288270436,5.633119619412472,9.16837709249921,0,train
6.780125842994139,9.3449860670148,7.24094892702783,1.9609491160524533,6.282438888112335,9.360669979259717,2.934119697150095,1.8210229922154086,1.6987491948097333,9.61411047869152,3.7271839100282045,0.7253088981405287,1.2983849065134223,9.203868350844628,6.948378984372965,7.6314005034451124,0.3696158276666406,4.22695553198842,0.8582653129116669,1,train
2.105636476987936,5.329589261099239,9.446471589723563,8.68746093246397,8.626404538012007,9.112797969339614,9.675072365251214,4.949237172706399,1.65341880036171,1.0684466134568227,9.726495494807498,6.3933397904492795,3.409699544823781,0.8712635390625434,8.497664348250412,0.4856797764686527,1.528604020837221,8.522870397513904,6.729699456040188,0,train
7.825498623562978,8.496478903127938,9.047251245900272,5.786815595448538,3.360990108114592,0.6964348582345481,6.617189622050098,1.9905157983623045,6.2036389382536505,3.7782710029471422,9.677677962452554,7.6084571697138115,1.0924949361855973,3.3331182740912437,8.364950423160932,1.822769345310643,2.4743980773704486,6.512042432670297,7.138398762725866,1,train
1.2428673546464752,4.690214208661508,9.50003085725583,1.3420715264150085,5.7863263577537785,5.82836411084176,9.843235401906922,9.285139367970158,7.8909348249344715,3.8603829754902708,5.586923925142488,0.8077677008931106,4.199013419570965,4.108179888966812,9.851159742897305,5.571558504163953,3.8104251550142387,1.969331935386529,3.211406400482051,0,train
9.572533684686253,1.0056796653073916,8.83894967698921,1.1530254473109385,6.817879935941161,0.8897691776432737,0.9231285063319516,4.335300122559975,8.781198887570211,7.862021998059352,8.221136416870378,0.48478941646676765,0.5172392011943039,9.19560336627258,7.255106236596451,3.1070338551270305,6.475321001714733,1.0770595493015322,3.3486153716027256,0,train
6.319917623717974,2.245409841963771,5.077800620191928,7.014839729541509,7.354811110861872,5.975931868883463,4.393652989320441,4.630600351706643,6.798190873440109,2.187952116787816,1.7986184440999897,7.147644566080665,8.106784353406798,6.924836399371207,9.589023965418049,8.187841978809937,0.6312027162940481,8.219498218087228,5.162258987908266,0,train
5.293717322844167,4.752531262266452,3.476399778811398,6.202801495867282,8.484092740892647,8.54711002555729,5.652730766334941,2.6875120629770786,6.4263924333999345,4.4454354235164315,1.2758858063323253,1.9917616316459519,6.527325166227329,0.9026035253297238,6.795499979939413,0.12522038277839487,8.919200882191218,8.955517181682062,2.9824283046275735,0,train
7.562743658333181,2.220302940801157,2.654429602809964,6.2195263369463225,6.955678099476094,0.41923618376047744,2.9585607611451445,3.980243123071854,7.6793789013484375,1.2036273855273083,3.2043418415588256,9.014858225322826,8.500241659353954,1.9543372738828613,2.318017321094412,3.711793247635039,4.4381113215063355,4.45122701422317,5.4637160059334935,0,train
6.244437718690447,3.4498204768066465,6.126152675324764,1.1541409093345103,6.788990353411847,9.873079594547354,4.752677663928671,8.930001750504209,3.2435752783050917,0.6744877172595254,6.137028463010372,1.819166633574485,6.853702826445821,1.7233481834450892,5.087277159881596,6.560182290875106,9.523150773760188,7.224732818114946,4.635086896900582,1,train
5.083470891716918,2.5206015744297794,5.2954857456353155,2.473417582984101,8.226618345848816,1.9057851179516772,4.320506419942252,5.6826340759251135,3.5296191297176915,3.807398166604256,7.601123232006284,8.037774121715092,9.786054504382,1.7712074273970035,2.0758407452249705,2.4796107414269484,1.2086147061588115,7.206556042703446,9.846504854736631,0,train
6.008562321898634,3.0722700263256213,3.6553739173804503,5.55240573788041,8.071553384636857,6.379609297579705,5.457194849176204,2.303870510543078,3.3645754010849904,0.01660409737396673,4.019849445235494,4.478169603613724,4.4965816907294665,6.504776760800882,8.934101955860971,1.1819706178466438,9.915364821893698,5.758920213647976,5.319916093143396,0,train
6.665606851869862,9.351790170482062,1.768706250399578,4.9097988125911245,7.600151629030893,8.448150046995874,7.681698794678358,5.288003941898177,1.7326737327048525,9.968880635041245,5.858377845703762,1.5692939208878987,8.145032531872316,7.560246838157934,0.4952583642855868,7.943876970144616,5.836558767327194,5.0794543618897725,8.535866266380507,0,train
6.3844960865608105,9.176647631966109,6.561971699676178,7.589370454734287,8.943894686047011,7.35913377565803,5.996083649168531,0.8951437754898972,4.097337054149524,5.658838868134564,9.590508698643296,4.947316647783071,1.0217996717818167,7.540656156074644,1.6384275537582438,1.8213002820489288,9.310526739478831,8.619787902818008,8.83845733902182,1,train
2.636367257310776,6.775699912952762,2.379263936320148,2.8069823105090586,4.962114432268118,0.8982826144142031,8.87938819977928,0.8332499608802857,7.635669779400047,0.7049065050426373,3.91302093325172,5.7952069136952,6.740292574161028,2.0688147762437814,4.030599398428736,2.157448977497276,2.2206260636358,5.143476103630035,4.0365092144064825,0,train
2.237677582394502,1.847782578782477,6.097285350366677,4.348323810908141,2.28929295482018,7.021086603436731,0.6853933623579178,4.846928428610799,8.72980288608872,0.7972211262454709,1.924108293341814,0.4033560485791221,7.695526556342465,7.097499631359664,1.2437415802625151,6.752803156088141,3.7527470924017594,6.96747941846045,7.685401542368452,1,train
1.471147984961796,3.2855051126204367,9.018164336738892,1.6928315514989989,9.158151296782695,1.0467986553899267,6.951298459863299,3.869748234109578,3.7947092169478944,5.303943195528507,6.503352158322412,7.315120877370243,5.368071955853351,6.1121629213645114,7.5857707674923525,6.974501219526147,8.008409915724519,5.417272776129468,4.797709425038671,1,train
4.14753354837349,5.29222042739358,7.557094797783567,2.587342650887946,9.612323113211897,9.831279477788927,8.383946817472086,7.309254517339596,6.429455255622835,2.0377572863824343,4.215475813150684,8.873440464399486,0.49495859646835116,9.069868071486466,7.567103973499969,9.752877403409707,7.772156003432777,9.268221806866915,1.3173017433733114,1,train
8.833013453345016,1.098916958187059,3.0134951112691333,1.843658254037496,2.6317035383737277,3.166947195239037,7.294282618797471,6.477277307031429,3.8702864907694767,3.771035502703236,4.700105839959524,8.909828068288574,1.6424547660108513,6.426955443078334,4.235047868303185,2.1383211630350765,2.217683727211468,0.5532216398793144,8.881021279819683,0,train
5.857262035572455,1.7609085419604966,2.7211927259008517,4.362018483594491,9.32848151288362,2.344501734723158,9.062053565195923,1.4856808725098658,5.567132111143357,7.638696889852946,9.885453388825683,9.277482776859463,3.9293712614359046,5.9077253469659565,7.957387734813696,6.3940990060900385,5.993740121896929,7.639463206757159,0.4283388718703174,0,train
6.2050273940036975,8.628284609587253,9.597386058090144,1.138613592500127,3.750696462298139,0.6758990042056723,4.936710569968078,1.6770102827195887,2.585866582721721,0.6732872083988639,1.5365497461749156,5.512335485354506,2.520284122322912,6.207148619588908,3.936837745599072,7.400554161328712,3.196479068584044,3.594207555917447,6.28789331070425,1,train
6.836758690685576,9.013939627027744,9.513030401930257,9.972199033161038,6.054604204203683,9.927158805055296,1.52652506018787,6.510517878412978,8.418143856379428,6.306597153431632,2.300478324777522,7.4014080969278755,9.611341813164444,6.477348975202447,9.2289325538208,8.598722432534414,5.629974662010663,0.502789441239857,4.144726037201686,1,train
1.8120940560974383,3.6464199678964593,6.194731691668688,4.440596816483299,1.067563415470566,3.573128416360433,1.192153918554234,7.40189781349316,3.993672880719833,8.255314815356282,5.222114922943655,3.086086215474869,4.7651498399394665,0.3957884973601178,5.421277513116053,5.096099912741679,4.656546946187338,2.484293568441597,8.64585267239584,0,train
8.962404400449389,9.702731072938668,6.038469044385859,6.991387034450602,9.070510471431238,8.18313359372122,9.653048153692396,4.242296542792597,1.546992181817366,6.710356453333971,7.39482939462905,7.72219854819503,8.70960011594524,4.149364918894751,8.584118308323184,8.05306025069348,6.864523509218918,2.6565359491107743,1.8475071942316745,1,train
1.2049982757381636,2.2036415060125423,9.369218376904216,2.0758074752723363,5.66550813501328,3.9517118636649684,1.1796611497158893,4.236046260562999,8.670707892400497,7.303298884386899,4.673856767840213,1.5277002528572647,0.5843062005233146,8.995737970520844,8.73372987441151,1.591135057503813,8.490668524362908,9.688296886085064,5.24522239036195,0,train
3.138711075395466,1.1762096440356964,5.357762845090299,9.20414044469494,9.813823610781832,5.909012413825656,0.14192920033723855,5.9120444573213184,7.058101612575972,1.5278319733426071,7.40395097465682,4.516055925396919,4.252337801833593,3.6885284293768175,2.1316922201972996,6.153055704248941,1.2483561620801664,8.658247618706918,0.6142821578960311,0,train
9.226746070742877,7.146255214720466,3.288922344235224,3.9872889075840066,0.8569582413810173,6.26091648907758,8.640808861980204,3.1369984049048183,9.200393284747438,1.3753518575491963,2.955786544007398,1.057586817027264,6.5479338826313676,9.273549035571419,8.715945507735498,7.7764796172635196,5.874912217146814,4.5753948841693095,5.513381370106355,1,train
5.805579495701284,3.5872301038568164,6.070850415888806,2.3820257188003184,6.511852054388819,0.05618671697240618,4.750490524500543,7.976869333175724,5.8219198234469225,6.29983860682378,8.180401070019727,4.120431206847499,3.476541648740251,5.208647356487285,0.9006751055340023,3.9747361938538317,2.412257713610998,3.388092288431693,6.177815029620128,1,train
8.883035437413149,7.363402000643818,1.68712698694603,9.039460948666328,9.951894432719707,9.042704257607243,6.5003761441620656,4.342905286023036,0.06336899875221791,8.741345524075887,2.4114214335647333,1.5728209953802463,0.5269535039619644,6.857661708418491,5.090067217153088,9.74127148129972,8.606315483609288,9.448680481615387,4.008792864782766,0,train
2.1308820119672003,4.847251989024712,3.7480431046359937,8.116574974042777,2.34644623440319,7.697578055999635,1.3322645326849214,9.511745901289808,3.3729436487767073,1.0434313207333668,5.014684142226996,5.044738804232467,9.561382780792691,0.669866803508995,9.01389483458749,3.445194276562822,5.158648773318898,5.856183788706787,0.5174962729801091,0,train
7.407521801599081,7.92197195749976,6.461227505091225,7.067825615700947,0.8214352620755327,0.9696896339081462,8.969755235603493,9.885653442415801,5.706673778395592,9.366278051495176,1.5948574603470467,1.4414626464418567,8.992834437187923,4.5641204210344055,7.0929738388644665,0.16959943671920996,6.731371280185321,3.2480603938694417,2.4965374627403634,1,train
6.484915634586276,9.635267492973608,1.3834902816403891,8.516320570218056,0.22898515302330336,1.6134203105759437,0.5901280429271194,3.342601775046518,7.362896792465606,8.400274427381536,2.1978627755981583,6.087097171470173,4.129651206060357,2.0148136579330767,9.972309288456284,7.22614737426035,6.541523540227848,7.215654477013752,4.376391703378685,0,train
1.4332346761506132,1.2286099913771324,3.542697424096459,1.147315739955147,7.978396909049337,4.806165334663175,8.768663964491497,1.1909635080320269,1.233990980515851,7.4733872843332785,1.2498651953814,9.354044912326028,3.918602943868091,5.163825490037253,9.151604819513654,3.0785090847278873,4.261163377273329,7.614467697806449,7.244659055055553,0,train
8.289619161210497,1.2906998935717366,9.757982615126188,7.852274298739832,3.5406378693900766,5.508380723003503,7.052713833013733,4.7455080594081895,5.321887545495589,2.3632976802475913,1.113418361034424,3.951965712590817,8.90850549908607,3.43511128904322,1.1641838432615292,3.1530957970008897,7.787700463119772,7.331936558176432,7.252931397360445,0,train
2.9417760205789243,7.538798470856486,6.218912881043264,6.956337599110142,0.0031202102514749086,1.7037867925645944,1.043308504281456,7.557818174879136,6.54310739470329,7.538528325601096,0.7563772851014627,6.407064633889594,7.035282022689639,8.145474059725224,5.2613803851020595,5.619141668569473,6.875936892329272,0.1517745157622452,9.736092373147013,1,train
5.273528350475743,6.932420078701048,4.058741391467803,4.5254183923885,1.565315086784188,9.274841283086788,4.663519645905544,5.474599119695967,2.4534553727269346,5.799564825145163,0.7096037900170216,5.7369654549958495,8.3311568307574,0.47348502621470057,5.894926998525341,8.590674474266123,8.851989163519665,8.660273006239064,8.138973564491236,1,train
4.545272982477271,5.0901640590709025,5.81763044733111,2.1094703849135983,7.750711277010734,9.138435780154456,4.5308475352770685,6.382799207213225,3.949386671861302,2.1111043988825817,9.84856092427853,4.817323339498058,6.287972416566619,6.952068254081398,9.425888314317875,7.488061098103599,8.012673993716676,4.458820496720347,7.571524635032098,1,train
2.5944405186953245,8.558989166923057,2.65023124934412,6.3790651617293745,1.577472380186663,2.7889551514231425,5.604760345399652,5.377015608699961,2.3475663706704553,8.167970560142338,7.0833859036606315,2.6145289834095786,1.1179208397750529,9.779998510954737,3.4623102957586815,4.371798299594985,6.933364443297699,8.106875486401819,5.249994618222315,0,train
7.42993463806483,8.875238268871435,6.336017231243447,3.4071574526812505,3.3137098509028906,2.7312633481163795,8.458905770508686,4.947791978403653,1.1626817808519119,3.3300943339674225,7.347684716772034,8.714917578537518,8.123260656865572,9.255333962678465,6.013515508263348,3.0683668811607068,3.64363186369439,9.166997186574973,7.179933165625945,1,train
2.3405163879234063,5.544168899037874,3.371929052066463,2.794984819679565,1.9917968597211888,3.207179924393091,4.950984854992497,3.665333549698623,5.74875684607258,1.0790031407957357,8.219137968980968,0.10531150852245541,8.900784826276613,9.810466840005628,7.463614122323029,6.259889088915736,9.768296417587353,3.33980202488842,5.38403321054,0,train
9.66545678402493,6.527855608817713,4.839600828349171,6.013099914632866,4.712437907035313,4.3435778115270836,5.90267383768539,8.224460379165597,9.622044494585708,3.4702841051471136,1.3881913384846378,3.8736367463617203,4.293982594006739,8.098396245151728,3.493450338718146,4.752025985281279,7.2962527338329375,4.244904896890633,3.204569359750539,1,train
9.43007721521095,5.854528481821695,5.133640199297502,8.770741070004313,5.422782035793353,0.9801307320642316,9.119288934062723,8.007068654920577,9.683295869435518,0.28817821423493206,9.933625974634111,8.051064916138053,4.967164061014068,1.7359825400686624,7.322079506338024,9.273847700546765,2.5898648856889683,1.2335167321273899,0.5843116668228554,1,train
5.936127286672334,5.120205060876693,8.175570235326758,4.154815634746403,6.6659602159599,7.060858937793398,5.183371878938983,1.8562741233837599,9.51121873585842,2.7414078139844023,8.240365235665598,4.869996410039901,0.07859484088285407,6.937763320665948,0.11599383270501029,0.5270710971918391,0.10305374174731319,7.224848853815288,3.4555178190766167,1,train
1.5599818642023,5.087414054067258,8.90663442533555,9.645445722096596,1.3410796447123285,6.049508883265947,2.576061736295933,5.344464127924726,1.2810303889942398,3.564060310537578,5.004891947649615,9.957831736851459,2.5685414276266427,0.014503456093514222,3.024001065184272,8.658663977127594,0.7503081665102262,2.22907098842958,3.854950011888476,0,train
5.302045074265238,7.212969528828951,2.441634192032581,2.718307547346541,1.9661758108702965,4.870130745874293,5.577142420304608,0.7781420949212392,7.065313911787494,5.036223555459248,1.267197253264185,2.4233073855324596,2.545260487162355,8.554924334976564,7.530960561901678,8.899144823563024,3.352286048926657,7.543170326674736,2.988075473695936,0,train
2.842417626027629,9.341152882109176,4.667866513446739,4.129254708445457,8.34836179367634,0.685343379797998,4.464146684171849,4.686141335417809,3.264709930473301,6.764354619870662,4.58599378201346,6.438171439548248,7.551783827802422,4.0233450487631135,0.9856077881917902,8.989012642410838,8.14801284249677,0.876816515605312,1.108126764261308,1,train
5.675605158038179,9.59581818218823,3.157542463365128,7.871914472642428,3.5261794912151534,9.651700211394479,8.025584573420634,0.5469438835721896,2.425338183386833,4.10487908688939,5.349320999076058,6.196995068905035,5.725052827973104,3.522657538766677,1.2127487596052178,4.160244845091906,4.986954605425486,4.070391680095496,4.5973011189467865,1,train
6.609817134863333,3.0467488175040303,4.61314747324986,2.1085531629434033,6.672142529223249,4.9904915616614876,0.9389079040169457,4.0856244320383395,6.104475945231719,0.3421539859152478,8.947691257101852,7.584837063876351,1.42541605167541,9.520934415361609,6.205554322487318,6.036831493785507,1.2863116986846657,1.9251352753253315,8.614191071738658,0,train
7.775195607947226,7.746510491709483,8.350826368436776,6.174363568799508,2.972840816248862,0.6737970234698476,5.648885006443543,0.5182427991446836,2.8423415991422485,7.5649977906324235,1.3752708998470498,3.115331445792288,9.373457858300062,5.96572594573456,0.8488702458827602,5.344409072983627,2.809851215744011,0.3854535548781379,4.3851152027645925,1,train
6.287765075521661,5.1314452688253445,2.6965236780199837,3.4277384196535685,9.173838162005358,7.132436575390146,2.2477094979825774,1.9931771377899221,0.6470473630417883,6.095756196823807,8.79422484061617,8.844270381392613,7.136106444547213,7.978777661458047,2.206009747725559,2.931380250630858,0.994095935873961,1.8553692455894077,2.181028721307422,0,train
6.3298489770193775,2.1641582283569027,4.629849989843817,6.847296138861712,9.8225822926709,8.646884475516858,4.820094126879089,0.33357348508263773,7.671964093591232,4.5729353463667675,5.520755428940082,0.624771586335835,4.092519155223818,1.942967342825106,9.587635261468135,2.8641729883081037,7.515757077144495,2.3371972819282814,6.5737524989526115,0,train
2.882438482391531,3.6374198095872656,2.266679658355516,2.7039463345712793,3.7732266638281464,0.945537493968982,8.840362430529419,5.757286279544029,0.8671075276687157,1.2835449484213535,0.510985661316764,7.239725780871613,5.706886347406421,2.8674078344287377,7.001585293798865,8.343083073994883,6.047789303822929,9.037109131088911,0.1014070315917659,0,train
3.469413448623682,8.62682797220551,9.328618918267832,4.650223019911675,3.1560989945489313,6.030529122731732,3.141879219912229,6.293502515367324,1.0170994997371796,1.848283020546324,5.7813158829180145,4.6905707270672705,9.56677742449449,9.25357718851692,8.345686525120708,4.197710528887137,5.527080315719335,6.608727381182604,0.5211352760760846,1,train
7.331645618570595,3.7693184127936346,8.6118950180087,8.099502017776103,3.717614479840734,1.9762949970401156,7.828221938784907,0.4306674808144151,1.4968570980587992,9.55464296334204,0.9071523518797309,3.427120682065763,6.564648444626979,5.51077226152155,3.8649814633807966,1.914764578338054,4.3078417488583876,5.862241876838467,4.67968348711982,1,train
4.7406015856401424,3.82382688214768,4.972454026262977,3.0608956220119192,0.3862432022639106,8.758899595931286,2.227734415701137,7.731207639570258,5.872869577866629,1.5351110312571459,9.74274944364796,3.632591585988548,2.953359954768718,7.634013296229601,4.369261940364852,1.2508920629941767,5.5515606367830035,7.670479315106381,9.741151195348026,0,train
7.875765763806536,2.8047581124738934,5.3685977349055305,2.4073540473197226,1.8325544835938168,4.82452947120589,2.3873494645953883,3.7353397893713867,9.732482346805188,1.5795043800301434,0.41835588358864695,5.684518673329704,0.819179680347536,7.805902116133906,5.909486607675235,2.3954656872437297,0.7044927530271572,1.7898569275036547,1.7081213838652198,1,train
3.528910857182183,1.6019948293300128,8.957211519677362,5.664537236811402,4.041616011288558,2.0289935423915386,1.7800262967234193,0.4938780437785528,3.0387991243222667,1.8228259641593747,1.9941673796727766,2.097212328512029,2.4261508889181127,6.494062010176983,0.12675614369031307,4.567367937772998,6.357170103086974,0.318164073592726,8.771520212843392,0,train
1.672533552577161,2.5971656010548054,8.210599684581373,1.4340285548335023,8.637260807795862,7.10221319784567,4.208687441645676,1.3468793840434012,0.15985108341282417,2.8615273933782017,2.9979547334624943,9.87628780065654,2.8731192742928666,3.9931415003214177,9.755710308966016,7.132763686239668,1.4597238393014556,6.185865505196451,3.58174753463112,0,train
2.2856113050083553,6.871660097643399,8.461868729029723,6.249196107995097,9.157187261252403,3.418567321157151,0.9837963704749686,4.959946238322386,0.8369336469426103,2.78056170654283,6.132885426123705,9.859568693155364,9.980680512219779,8.40947224496519,3.1458657165783332,3.389078335629101,0.7368921879203427,1.7620123165758916,1.6354664074278702,1,train
6.7145117430034995,4.103623066585099,6.888000082180666,6.361092098324782,9.662744553936808,2.021455041602127,3.277728430528061,3.416587512015047,3.8585781320432444,4.910547844341408,3.8278661513525645,4.164873600445168,5.68928956694414,5.998918871084258,3.472813717566745,9.261101050217123,3.614369965269594,8.000552361763674,5.570388395988891,1,train
8.136596134597342,2.524341161171997,3.429793981431792,7.928941558882592,9.09868660620356,3.8067532929737444,2.2711561104600495,8.31388497864475,5.742653530613909,9.67235466491871,5.674432658921816,0.34042936163177884,4.395585776218464,0.9105046601501232,8.173355804835932,0.5302992837891896,6.274212318967974,1.3171056948417414,8.509832999771861,0,train
2.4971222962864266,5.728059242343269,5.367399627076111,2.8626274885487435,2.870472443123414,7.20470118590001,1.5704736069439318,3.3222518574746673,1.35163292302113,5.841811044698929,0.13880503394192223,4.686581024574438,2.789478998141419,1.7213607294925515,8.937074302984412,3.694677296848882,3.848593318780612,3.39352739519847,9.070986450739941,0,train
5.325382422989866,1.6524974516056914,6.705104964122348,7.472393280885778,8.313831363876583,0.5438778074344497,2.1036665862501494,7.878455934571526,6.32330413489934,0.2046450286248691,5.220103364127141,3.0638869974985483,4.849149487770147,5.454922407481958,4.3702479152120155,2.2937686398619817,9.694499151492352,1.150070905330447,0.7238972576652969,0,train
8.436100839491232,2.7807388854570556,8.81356595248409,6.240867635543086,0.28288782383459665,9.074964869145033,2.928030652888538,0.9718696625634338,6.237157520683475,6.170922418089878,4.958189030801931,7.194878860588771,3.619554332943272,7.378800863446368,2.3409098562436705,7.249393194910577,7.696649033852184,8.937599164776122,7.282374265828796,1,train
9.268726292396623,3.203920520762913,6.671096013776859,4.687467021720765,8.664029640243538,8.191268586663675,3.6500699855832277,0.8682224136509176,2.020319526483052,2.5524828349318796,7.913015278690882,5.0109622352436265,1.8507250803263886,9.6621193342986,4.712681554519036,5.230846056283596,4.614298861853251,3.5374637188336644,5.57511373999099,1,train
8.361573262700016,7.968745090367925,4.954031511699915,1.717037080255404,0.9447770878115114,7.975346492592817,0.5280360889513247,1.3171655077737487,9.632856764631617,1.9533772103689762,8.995559541538121,3.2251439515836857,1.1831027437910469,9.147617632598848,7.831562486423426,6.089756237650489,1.8841679851059923,0.8453749901053387,5.4493496599040805,1,train
5.436158882120847,7.126064750411435,4.094932712179984,9.056061351998608,7.027068920204255,4.254763042245095,8.377328628855112,5.035478582338467,1.3407262785681073,4.394773483193762,0.857827800505736,5.073278939393394,1.609865425093081,1.3353468354699316,0.8424991539548687,2.2624374993468455,3.112670744590363,5.604420648851002,6.494846204607296,1,train
7.303588603302418,9.231573137430598,2.483667930003972,9.103094041745484,2.412381759359051,0.6626666398984726,4.203867260034013,0.17087431478569837,4.373685149605531,0.29009240942335923,4.056199603634378,7.881443384992091,3.9335053379592244,5.23055848567084,6.283193636362958,6.069594228455476,2.2041732335681665,0.8852843688870793,1.2222791686413215,1,train
1.3970393662614784,1.652251371533649,3.6221785063746106,3.7210141680218936,2.8151740918424517,6.031195067416455,0.4136974202460053,4.042627263751553,6.310077647891856,1.9586330604243607,9.074237801374915,0.3348002143324935,3.2305468377917412,2.756140615747733,6.740819227855967,6.797160678205745,5.399008169439333,1.6496733807264086,4.978695652718786,0,train
5.818011733676115,1.740250256850916,7.6391957422484,7.890509566575741,4.855836139160017,5.361118445987675,8.623715356994131,9.578950514989964,0.15587514292856763,5.89360968373684,8.235827790665123,0.6997767270889332,1.115605289929389,4.613673358645499,9.423331572984601,3.5924246394554302,4.019753684071651,6.723820225423066,0.9621112114865349,0,train
3.874672920059941,7.03638010777797,6.747204797394374,1.8059170723312328,7.162247735288952,3.136686471393577,4.730876811483705,5.263100802925903,6.351707068300625,7.6207263449268146,2.4516393415031965,4.466618329569876,2.061036462073419,7.387590917704653,6.6578827437021015,0.6308415119210842,1.5089969432316563,7.080491725480284,1.2502650283808925,1,train
5.873023730866505,2.2511688184782965,3.041349634630852,9.760411262115715,6.55232076756366,2.988463064482605,1.6020236362400597,2.8497770559284366,4.57579625565986,1.5022898016869357,8.015783978025663,0.16171071933313685,8.259471965950466,9.787836243063975,1.5134749104033096,8.439567699126645,8.560777314935635,2.078272643343495,6.0519992901471475,0,train
5.510719734275345,9.71460947762234,8.989330905896711,3.7443957426530745,5.190079535303279,4.664538236420945,4.419642765368903,6.26962975736027,4.953886256824692,6.545888856668025,9.718209239863311,8.560571368861398,0.6464387290525597,3.151682756912698,4.65122519013179,1.3222282294645549,3.8259593146669904,9.285397719107722,6.197277018913678,1,train
4.726710161421705,9.780798620998922,7.169879378864933,2.902862583105983,3.241534851568465,1.3393843327467814,7.099009364002939,1.8336464957141874,1.837929852913659,9.52115827319419,0.7094679600232834,8.927904681886593,8.427962965264184,7.913104435545415,9.889776195398909,2.6189952989927945,7.545065357185889,0.005315558480908367,4.102248210801967,1,train
6.9981477358292485,2.071284188614674,3.333442718264165,5.0123531765572835,9.72828405290161,8.99161498490778,5.158559991830077,7.263284903942676,9.561875014628008,1.9482589883841628,1.2823651520825574,7.212380902931356,5.950981028922518,1.0984230719918742,5.431710689546763,2.1441768656562066,8.192663925317975,3.0759766412235487,4.227855107673744,0,train
7.199607385927149,1.4651116860134177,4.149024151976512,7.8573500308037,6.535171522057918,7.925495177668019,9.336202230267096,8.977247336721385,9.60909465441755,3.6882046729817866,1.5137650799717806,0.7400491498056339,8.574630795576201,8.744797012355805,2.195196246668506,6.851460884795929,8.314847812193735,5.5149077645846365,2.000456808568838,0,train
7.227580376393786,5.705775012221467,1.5938814148077096,9.574359464914236,4.012901714213831,8.80076978679005,8.667550325764433,9.653002289543108,5.964844133233625,6.067457864328713,8.47057003603725,1.1454456700769,2.1809325873949517,0.15871244379639937,7.953043549050386,0.008305214509043424,4.292052512744312,2.2041474908793166,5.728733765380718,0,train
9.021718623669612,8.629094973907725,3.1362554952846455,2.712937682229747,4.28070074880814,5.014173667107382,7.702188775033423,5.098488878904251,8.461325807905517,5.302522717046617,3.3659351174646757,1.7551571904113528,1.9246202875734353,3.40330079952384,3.6771229660214724,1.9281231315776959,2.7098351015826783,2.4297067079817216,4.17249865802301,1,train
3.802060292894133,5.71331960844409,8.31929210382431,6.2621933252563045,4.3121881037307785,0.7141706836023265,7.575726389171885,3.4693432137849953,8.702864520474543,7.143080087498167,8.5468139487268,1.6076814134928774,7.475208211588933,5.422200051959978,9.794184220008477,6.192726756233665,9.905863412322423,6.996735675265398,3.8854428131662413,1,train
1.1325339413070743,4.085548531838288,8.082372602561122,1.1613609552355946,6.3575474432803585,6.884397954273068,3.474163515508868,5.8066752771821015,0.20211668876244038,0.9070284678789886,8.536898101692012,8.820355292300952,1.7926393778751992,9.922911771488996,6.963434895132289,1.8420754080889212,9.173334246763698,5.505136636955679,1.0546789963471381,0,train
7.187460426828249,2.92636259890495,9.488580024807383,9.499713742615285,8.285239486316875,3.7699578491102126,0.019688630576749633,5.378247218528762,7.915795405202819,1.1578364139847097,7.41148275362784,4.429221475695848,1.1480768458778134,6.023246207034804,3.320490358725443,7.948511684776433,4.211409630935243,3.629885332769568,1.6148088228532365,1,train
7.224986870205571,5.889835612733885,1.669981820519331,2.9894037849017403,5.245727203318081,9.23171691010767,5.955120964853399,5.752907252490465,0.10181756581107981,7.240267049895877,8.934614399406161,7.085488928457676,8.20698791907668,1.6162227794719042,1.2044088419369392,0.00014249977815961046,9.503304072083772,4.972087854280819,2.0891197366406775,0,train
7.157699971677783,1.6565885128468851,2.754058919134832,9.017442430667202,8.547051215710503,9.103488894632362,2.6381110716175127,9.058796055272973,8.550416585655011,7.5453229920741824,8.070661474026723,6.3225915706812295,6.411979968028624,9.2224314051509,1.8719983215966174,4.468112550546676,8.873729960329852,4.907497895475393,8.308580842822584,0,train
1.1838194283176469,5.936020966070199,4.5838970026875785,4.716237169901393,9.028010565548309,8.484353887285543,5.05876917604594,2.494360275197697,6.154401197212235,8.75696847872063,2.763439299331446,7.524865562955795,3.3115436381071484,7.444620278718861,8.178434963020894,8.404878562463338,1.8524001108912802,8.85142485248998,0.6597189510859192,0,train
4.893416132870718,6.129796221725256,4.884464845356841,9.494611692894413,7.481566522069075,6.718383454934295,6.769547253221317,9.499735951124702,4.451518957768394,7.120896372134306,0.45516571986453425,4.871009120684436,6.27241169759539,9.414330431043114,0.716040755059929,9.870589635057202,0.984323010789665,7.996063867438711,4.460258166090739,1,train
7.660531683656268,9.132983043814006,8.834380866217698,3.341773315095266,4.508264473428989,5.567003042443405,1.5107638543935564,7.6977194092693635,0.6248753469441259,9.338257486047905,2.1210539279306264,2.192788848207213,6.835123212297144,4.2410812325509575,5.111023539023677,6.990844324225884,0.671866970273598,9.668849479172215,4.549189530214271,1,train
9.160444451647583,2.969012721337143,2.5704514429170175,4.20181283791111,1.3628533227186501,5.786779789549502,2.6876536823876727,5.737863473074865,0.5440042658106048,3.6610771045624224,6.514921425350892,7.856393554273088,9.764517710273315,3.4596539518887637,4.895540888760474,6.944725260770222,1.978991240274367,2.172868205911972,5.278341017388475,0,train
5.5769992220172595,6.293572743179052,7.12513547710494,4.796575713968001,6.802633572433998,2.364057725924286,3.438558091156696,4.7346702753664385,3.576075147404371,0.7022343414676702,8.586928219345758,0.02040602815642778,3.267226413520085,1.380782665465452,9.187998544917248,8.048088951158048,7.299956476242492,0.09464710288870859,9.342613853931939,1,train
4.25324772924153,1.2931007982130094,7.732269490959162,3.069525351599592,0.14755450287781913,7.2680972063264235,1.1251631187436206,8.636370815603696,2.585945066672827,7.318273157481431,7.246198810812893,9.827389179915386,3.1239700058256292,1.4584506555357646,9.219660750581449,2.5536758968677553,9.962143804298465,3.1577328645786173,5.972766556717093,0,train
6.729175740195279,8.26225353127003,5.819948909815104,8.697432119564965,6.171715923399463,2.973850216836531,3.834161217984412,3.3437449900649807,8.193076496628303,9.266109299272753,2.487865182307454,2.5942971683349247,3.6057043593935267,2.1961366293686124,1.6703140824417761,8.550836620705356,8.63140958173651,7.610383383614886,9.87169215257529,1,train
1.9725450860365343,6.972964902859538,5.8143155875052095,8.657507028907895,0.9671392511568855,9.522874914420955,7.63124090548716,2.065566036602604,4.757663549395533,9.20107142706335,5.047379698172387,3.7449976577198827,2.316100024795672,9.2017456908542,2.155873872545814,9.906760298971772,3.5127759414022197,8.704296532858656,3.408470395740766,0,train
8.160956411814983,5.394467812955225,3.2923673495925843,8.729754445747837,8.850305609923169,3.743942671649031,9.515067219021788,6.693597147225075,0.2268314569653762,7.951864202376341,6.158616185962732,2.5320501909499415,1.792693388581198,6.3796494294304384,4.14340142247976,3.2394391610503623,2.9549413469076526,0.23757011723677945,5.4969909561272985,1,train
3.496793720114576,6.8446356290105195,6.535209227547139,4.40597618946353,2.884032851839826,0.675609809640858,1.5194459693442042,1.0466990191661163,0.017901408218428116,5.688798647837066,4.229495902916913,8.188753793066558,9.763106857131131,5.940681603126871,9.748327405549821,5.284915787717753,8.776939878324312,0.4110538671716357,3.500785952880734,0,train
8.937593441953847,5.130527821276779,3.349422897412505,5.596647890950551,9.00245744230968,6.444803844465296,7.189006140430896,1.1445981122919668,1.533086831736764,1.8209314676782251,3.453090708722125,3.904468442581787,6.720577956013765,0.8364863514549947,1.3910897930705668,1.0051269761415782,1.6848960444184435,2.377631135295153,3.1431359329479536,1,train
8.760492741839041,6.288332030296482,8.873673832071166,1.592668810225343,3.630264934572043,6.756434090567773,6.709245400504899,6.109306940169144,1.131460429023422,5.032658481017695,4.50685158017066,5.183272475213007,0.9869437311305906,3.650944120288764,0.7381186964742525,0.3077583850273802,0.874842726896653,3.0843360320013744,0.13956373442006398,1,train
6.262669968951089,3.988634284603162,7.838528669960778,4.196406418134877,8.288467463523697,4.745256560202705,6.837572517014254,5.775323705690426,0.22546591032694852,5.193058709269263,0.01408774561815318,5.571671334357654,5.923098697298461,1.4843294148149078,6.750062053732703,9.87381426863772,4.856331496389168,4.762175899050267,2.0003415029821516,1,train
1.5985142799450185,3.776944315615168,5.7615224445682465,6.578931434009852,2.3482763114294523,1.6975545160965821,8.67011386736586,9.560543366963719,4.319114478517497,8.448248469901396,1.4225207568636178,9.596110609551765,4.955085036213712,8.538467729592645,3.41907600816182,6.697342579129197,3.0773662561372794,1.1938898813028431,6.63070599181647,0,train
4.7512854569121235,9.607323440745406,1.2956720129107755,2.408637128811316,4.476914692366799,9.860356753553448,4.374124989259418,2.3348393841500883,9.34449159221465,7.7561909583158295,5.636973925998298,2.864311279662867,6.614947477085918,2.1370618030152566,8.735431826136072,4.0700605029292625,8.233450442951757,8.3241866043134,8.841630662622288,0,train
6.244118197052838,4.892832004260914,7.313690605021447,1.393660198016855,6.1105960788889115,7.6923715433036035,9.62075271983747,2.776539283934558,6.298296075907093,2.3514269649243094,1.4238442881699787,4.012274900829614,1.0230448365012867,9.140524543260097,4.262288039591703,1.2089611397030187,5.967990334122909,9.69810463679489,8.565168546082404,1,train
4.447387656284281,3.232334564987404,9.374091665479684,8.84296408102342,3.1051963028227494,3.8438732131059785,8.365627520589891,2.8211045972023396,0.9184299836415488,5.130137136386129,4.789266407671752,0.6405136086511287,3.720637572044949,2.23252908095359,6.201632360612853,6.158627991912384,1.4658058765233162,4.098524890588861,2.7778435254470715,1,train
1.2069481734473748,1.6184021694752988,1.0024880188019067,9.55652443301966,0.7269704553097489,2.567651516799867,1.1569343693744383,9.838214705800192,5.3205533517316415,4.559615904085703,6.95036554352347,3.449638401929267,0.7201385858409359,4.433740743211234,7.748639531468883,6.194535060987489,3.3079842577378873,1.5400346176693236,8.487949775681757,0,train
4.520513329012942,6.791056748911883,4.2430566241852805,8.662455149305732,8.041503801118733,9.939962108053743,4.966780896133174,7.886138463014708,3.273926270773316,9.180747889331684,6.684251040792022,9.291448457527059,5.405736273879236,6.617906769300187,3.5759866759776338,7.475910824963247,6.893713653984962,2.8492845597049055,9.760357223311454,1,train
5.5889359991000624,1.508692870909979,9.01235675193298,7.0617260188146,5.025851586905473,9.699867671346137,5.055043511288051,4.246120921092591,4.597392426945377,5.272076218443221,0.5283124989911847,9.84094503154569,8.454481715928537,2.772477947712959,0.48551258737605796,3.268091776419105,6.780828272159539,4.798904778236441,0.664745373504374,0,train
2.002898678743824,8.981176952403398,9.363633505701031,2.9432986562703505,1.6303691198617054,6.435335710156158,1.672013156886032,7.808400976552459,6.11048746002266,7.3083026165185005,6.166476865583924,4.408460259217071,8.263488418383048,2.0350972227178787,3.2463082459025996,1.1943809997135513,6.143785851883309,3.70221335711871,6.685021069333303,1,train
3.277996578578061,9.089324791550736,2.976261999225739,4.660177520369418,9.313416224142625,5.722006603770554,9.799309533496526,6.0681313248142255,5.658131627783396,3.6312025326579755,4.760519246660446,3.7763360604092022,8.582170860273346,4.328875950809943,0.1682832765820641,2.01172038552572,7.548073012826455,0.9544032684987869,5.752875175188262,0,train
1.0026111642785076,8.841066620085343,6.886118713237451,6.360838318552885,9.775663926705999,2.755315886536124,2.6799211193106833,0.4829988647142769,1.7337397664480503,9.232736258552052,8.835074939084857,0.714545287616426,8.967398226894854,4.379652986323228,3.5601823097240795,3.05817303933431,8.938613258647273,8.884651137618963,6.958881482363708,1,train
9.636655129379289,7.815631030135378,5.590899503721867,6.6018934634491355,3.28082057967813,6.592606448367816,3.355946522652676,0.501704161172053,8.902981366161862,6.615054526162551,1.1748464275887782,8.503616676092205,1.9254664904545293,5.57546144582855,4.816515670167318,6.689348439992127,0.9084324935161869,5.232414861857145,5.30607194550476,1,train
9.04388322319038,7.074716010739214,6.905588566525804,1.3217427968470037,9.907812767668997,4.718283387919554,6.817926420249808,9.138231906906753,8.914383089867336,0.3492373125744841,9.579806179161263,0.47396203681317917,9.86423603593616,6.301350467657119,4.578628904927223,0.9746202523799519,4.836050801553298,6.680901847856479,9.994382686970217,1,train
7.534757858047273,9.021400202170865,1.3658300940915071,8.010380061540282,1.9079038280320293,3.2493159594490084,9.972629608648777,9.923529089344441,4.500325205382981,1.5693580228395598,6.481841475199872,6.450978757136267,7.2335784193411445,6.058205000363421,0.9557551375355189,4.2400616753731315,3.5413347248166636,8.153215805502358,6.624005856909,1,train
1.8214719982858736,5.663909397017437,4.4446082854663045,5.008204318503469,5.878288111679508,4.994449635081047,1.0367210781863156,1.0792509553420016,8.336683797433658,6.985077177105917,4.573679455446545,2.2562479119826007,0.8638427515123648,8.862055588576887,3.652733674084747,4.5354063909733995,0.41646396864049917,0.48858137018000125,9.329972922856838,0,train
6.819085172278054,9.07694644568107,8.848927080391386,7.468360527011756,3.631635882977402,8.992045742536881,2.8504904245453577,4.629915598172344,0.5528064319602544,6.7269496327221345,4.717077019507386,5.418669736394205,5.015380498430436,5.10139002647298,2.657209934999404,8.404798846775272,3.941316811746928,4.185892826809727,7.81370616461145,1,train
6.95165262608554,8.325007376422592,6.259860558327167,7.034247188326347,9.02722320109841,5.190150570446464,3.855215918241263,1.1642549650735146,2.040502999204854,3.6393106119654695,0.11242804346340063,5.905479596544161,8.10329028142924,6.21309353718765,6.890619986803928,7.531915311817711,8.04707044595957,7.293420552551435,8.533124304836369,1,train
7.200459485618189,5.702980151498465,9.502561070404973,4.2038581523551475,5.8589491388061745,2.542615758585888,0.48042987637168966,0.16239450561829516,3.6772903230437057,7.130701458516047,9.272900451478318,2.11387365580885,5.016338879388594,3.578393966996347,9.831677376361354,5.109034252284367,1.5268744672053336,2.0646829698920377,5.134884443008251,0,train
6.251652853249817,9.963965611394698,8.090950000852786,6.391394596323091,2.3313848279024807,6.590026770102355,9.286925267811105,4.546513335308834,8.757803662574792,4.260980452442897,4.766198479494773,4.419749409943008,4.268243350273568,2.4400557111203423,9.42289622448065,5.6019862989139195,2.247483611877923,6.491649665948675,7.333643338023078,1,train
7.232466571439498,3.3232270950713714,6.877208705771447,2.0550948056105813,9.559529561473225,8.741114190803124,4.483116998204551,5.513055461071806,5.69946141743724,3.4556024411633333,7.213667138278358,6.057661357731929,7.393375735005136,3.4370729464359417,9.943347836287954,6.603052189051195,7.3159990505916515,0.9214589079101798,1.4017795900784702,1,train
8.658736113984041,7.603000880918701,8.246966162220936,2.8387815882473655,1.5582085721110173,4.753372484245056,3.1368718371017645,6.193448258038252,1.439583928532857,9.251047568522045,4.733301215440203,3.55839578190864,9.882392965582538,6.18992687869793,9.894969077461024,3.686974549908051,9.82918001736788,4.292376155136588,1.2445836527546772,1,train
6.891816635877002,3.0700839550915746,7.242853949844625,6.954004526928159,5.1146644283351295,5.982458867213784,5.103514461014545,5.976905791096007,0.12717736108920685,5.870108555220824,0.8810609771010636,6.705343238265882,7.335621431215111,3.209594555234956,8.90554766743989,6.608359039295701,4.7484152682427405,1.6144261331966336,0.4405377226875018,1,train
7.939997592318164,4.236764496197626,9.07354417208705,8.676101277629252,2.937135778310634,4.7667785994536995,9.943507015274639,8.497583070334452,2.6171211143953332,3.884455268607201,9.354985263251702,0.7036208254883725,6.72915112657022,1.0369028216014042,5.677272123639698,6.62085890815734,9.591431097732869,2.0616073193627606,5.915560676787166,1,train
9.020322584676585,2.7033080377808396,3.4218528316359755,8.390229086342414,9.492126683176764,3.6343138176683865,8.518330292472623,2.662602413247658,1.904522741420499,7.041487844296527,4.892134988909658,4.986446003272719,4.94896624611771,0.44864424616811394,3.4500962370306167,7.827762716164218,2.06520965795572,1.8884917332701623,5.6157695135946035,0,train
8.856402727042866,8.240324401592424,3.983082941501091,2.5250211856679914,4.203436220537677,6.062790366350806,1.8455567475867851,8.698660811087334,2.0301750896803474,7.746565803847009,9.822945227631827,9.945663927799975,7.559253630568053,4.183966315957064,6.869580862061043,8.486474849248722,8.574121990009484,3.379638268274806,9.052430955169084,1,train
5.542706860381553,5.820127957416755,9.068140328141208,9.777407710380976,6.387640576967838,5.204416991117721,7.158610001102504,0.7366668841952162,1.5209752460196735,3.9821157910760108,5.741678050071463,3.394676135395982,7.281142441127999,6.089843756739071,7.622013291545409,3.799022888744229,0.9416971658794737,1.3710499182236646,0.9559668096071072,1,train
7.019139893653619,5.776142361753835,2.935951307139069,4.864666372174172,2.2382875501782697,7.841487996912468,5.792150985650726,0.20251558398446168,0.5565908795219876,9.800233425948058,5.519121641551425,9.47631946937793,3.788032581516342,9.573417024466917,6.371491516528276,8.634584497858365,6.084836110570181,3.183249466785172,9.465703252048652,1,train
3.360441404915352,4.603250967283534,5.810272899808266,1.069696998764328,8.250648901065485,8.808436938973314,7.798965651759672,6.158391738534117,3.4593674601775968,0.7046950206266944,9.205249878069921,8.906419790915482,1.7122918590758285,8.789025774840256,1.7569406415075772,0.41570511472315275,5.055609897764207,5.518412013984806,5.189071524313896,0,train
3.961257612660593,9.049225554943805,5.782443601694519,1.19948564990342,9.913630450689517,9.635332476641752,0.21578407027187607,3.580034183913,0.2475405177705048,7.3975261835062565,2.127517459985393,7.615444039840865,8.071875320929873,3.097264355303783,9.835020461670803,0.8492734589651363,1.827155834092552,7.433948822314662,2.3707194622411834,1,train
2.125745251463342,8.487271806080136,1.4204664537967635,2.045799848793006,5.30807064438552,8.924679602486897,0.45208977367573455,2.851233157208081,4.485546457498267,9.460159020213892,3.2644411769976367,6.734768661715595,2.238964160009843,1.1346134345413916,9.17901162972256,8.19134214559094,4.826053435797398,0.3491828357194249,6.907398281563138,0,train
1.9857119864796535,1.6426447438431326,3.666143929669872,1.2886792536865386,6.078228070749468,6.373209787886709,6.959578720686835,1.2619041243961526,3.21593986916342,3.689558763225099,4.011988065240787,7.6203817347945,5.667843320734182,5.693477031708508,6.338794292909334,6.470132735727634,5.673867830421544,5.108266406812518,9.875275732233465,0,train
4.53403463283278,3.520759973054595,5.095806883838795,8.803345557620334,1.5547198054930378,0.965064498999163,4.1302547024574015,9.374052550233255,4.5452903834526985,5.052435755075491,0.12858711457842342,0.3822439856705917,4.690680955780859,5.671629254423221,6.115170001932842,7.481014946205834,7.701733997406402,4.800847597243071,8.217724443102233,0,train
8.034434502042025,4.246294495464585,6.088437810289158,9.096686911007486,6.074800242869908,6.943274229084642,1.4971439261801756,5.878377731610503,3.9196691896973848,2.961826066004712,4.593426726820501,2.497488131951541,7.462450063323658,9.412855375900314,4.443770654486798,4.2339604823112795,1.069852029703915,6.259504423832772,1.8091116820614828,1,train
7.190469058320215,9.919591500536091,2.6901485465982664,8.550212189156422,8.403916246366544,0.2962040126511145,2.647241587642198,5.565650693206834,9.979550755849553,0.5237249450627779,7.18398130253591,5.914761092467442,1.2423223701038988,4.797742018887353,1.042589773126632,1.9313564479517709,5.203377101236941,6.186917596706081,6.169494668126307,1,train
4.551848164245248,8.317544588476858,2.5205366148655277,9.612193813653189,3.129930002562653,4.3461242729606395,8.279472261195485,4.063970057437308,8.178544864724822,4.575525650683941,4.963303761622326,3.2713931257278963,8.072548128477719,6.450937245947505,9.337222265670894,8.740423065474431,5.7498510242985015,6.5998895932732555,5.03326535918942,0,train
4.38187403323622,4.281928060121732,8.403326517832156,1.9263683601777857,3.5186363889118963,8.024941856475635,0.447931710540429,7.949305674059608,8.08549459282191,0.4911805970631833,3.4973033476683693,9.664334583911549,2.058427697474523,2.4528983988445106,8.191684190125374,5.411744338839947,4.24900080699679,7.690378528435293,4.8963455161970995,1,train
8.469733461679928,4.0159106395566555,2.725362636796005,1.2114589843784165,1.0440285116582382,9.934900587575438,7.759138059470672,7.595959626827648,4.4678292754314155,2.612845964510213,6.989322153419001,0.8285995127858359,7.7906812117389315,1.62482418655579,4.098173668993196,5.987055958466519,1.9976932924006807,8.826739353599052,7.2963046153898015,1,train
3.055351296150991,4.73628120062763,3.2859904702295015,3.125243652003071,7.702466002312731,1.225407027501828,7.5129015881026096,1.842856651677911,4.3788055506018795,1.3973602696599219,7.520517109699889,4.099306539965541,5.630276825575901,5.434186718916835,0.05543653369134871,4.388195273203469,2.2033221162053787,1.6995007369696602,6.848592240634258,0,train
2.289960545940114,4.477168181107742,1.3604034966523186,6.894723441331274,8.396898542587163,2.2220502701281717,2.544992206835972,1.960936595564119,5.834979571571365,5.542830291974635,3.1550182502991597,9.477519393531795,3.057984811343725,6.955157609870475,1.6342866632160646,2.080926797276661,0.2953286436650815,2.438689801694248,0.4906199294614444,0,train
1.417559528085786,8.417975252420797,1.959436341116804,1.1057260411313234,5.606518983459043,3.1423463739873014,4.155550514635493,0.9952516339081285,2.5176939351572205,9.9358040782308,8.818045393272577,8.671975999705284,4.242388166743284,2.3935707458026743,9.875541574534335,4.17657627901424,4.554544701944783,8.755920118132236,0.523328448539836,0,train
5.23464692179112,1.4395778618292288,5.38777393342971,9.105914091671456,6.8544361987326266,8.692293334303308,3.6620473670412435,1.0587784104939724,2.7063826674414515,5.74597630907841,1.0385607755714321,3.5158589557723117,7.094633795118766,5.217077997453892,0.8863505726515297,5.447784037827569,4.406687332444333,5.7462821645604345,1.6348689603964284,0,train
2.478489639563388,9.282308581388447,9.780766193473198,7.468626377012472,3.2673248384060596,2.733597863772177,8.306227037491002,8.06386910271659,5.159758022129156,1.6829081338495155,6.088384224747843,6.423064382852984,8.578708070178834,8.15505939413345,8.339897746964295,5.178845074325222,2.9410285749614684,4.822388557176511,8.94552466580787,1,train
1.1718222998920034,7.306594933821948,1.7890518835601052,2.15275758557396,4.948331641350212,8.722954165674414,6.797001066110061,4.56158348824708,3.3983128240789195,5.833656090853974,2.313240903804481,8.43498342301318,2.0930369733750895,0.28739586003730166,4.938609554180018,3.1296168329115606,4.508311077375088,9.739995034981558,8.833090550455797,0,train
5.836157566973929,4.364631705570219,7.288929298496795,3.875770470015877,5.487116896650353,6.195381450862294,7.635405604293473,4.954121460118534,5.6516569884090275,9.58192192798908,8.271762218912418,0.37546873047079377,4.329399541808089,5.903306392432782,4.090748459508129,8.7227047303844,0.37342390677934323,4.436601321342295,9.172043323265983,1,train
6.983433675580443,2.1131615543599853,6.566442528667137,4.604729137265019,2.460500363059942,7.711034973456479,8.07678635611211,2.4850140035108517,2.957986987305957,0.6583064137823025,5.643324056842459,2.090247835618423,0.3460156838160189,4.555786824782631,0.2639861277791966,3.761270882558061,4.491385091910185,1.8893802726796005,6.049177741360334,0,train
2.1898292922604403,2.3230297436879717,4.625134593955738,8.499589185088585,9.610342064489878,7.304007870428627,2.1209635545396157,8.48240615293992,9.505186338419398,7.910872826061341,4.32375840929981,4.80980059368314,9.527948266303763,1.8980528346289027,6.2857423133708075,2.4181869517103083,2.213948231415066,7.298321588924232,3.959346324032383,0,train
8.726478846534265,4.78324174021964,9.061188558844762,1.6532229689161697,4.047243480774762,5.014692582189059,7.8415476939263415,1.4604228487346405,0.9391095633743352,0.02257095503686357,0.16616115652986818,9.976279869250899,3.668581245610273,4.462955167006401,1.417079811750177,1.9779820731469966,0.13177236579265839,5.3908520878453725,9.778458214992904,1,train
2.897173045915795,8.75954215366932,3.238565019429194,7.228269127257244,6.7517140490240966,9.200165377309906,6.646718943983151,7.407890388779784,6.468081113579869,5.523593109570065,7.816444764969583,4.9560445226901155,3.5216789990286923,8.321926153160586,9.586367908519582,3.1872865129517924,0.7726064289201806,5.6165732418320164,5.894737348830437,0,train
9.5487427420065,2.340338644835556,3.4994745289962608,3.916217659419212,3.4065998227783956,6.1846074810244644,3.1789779364512762,4.280672097306406,1.619371013119657,0.13500013431635316,4.862931737417794,3.429434084322198,8.991234833251621,6.654873757422786,6.892864739448666,9.219005709379761,9.440228660790272,5.291027275757366,7.273568867778467,1,train
3.470260235028292,2.6724397762818213,2.7337934663848698,6.597131531622197,3.4136236399759987,3.097798226604257,2.6283176359827074,6.215692265995239,1.1765738535816328,6.756673155814862,9.054607319261383,6.344804694097856,1.2666210712530868,2.0342661979595356,7.96413013135038,1.8323268308777751,7.083020452333128,8.85955652188981,1.7912936309925043,0,train
1.538049191143557,2.9811768634420353,6.484786479014554,9.072657463055576,5.781316664304431,8.133767752990194,2.4832269870143584,1.2911288496573547,5.40839628341112,6.541524398328351,0.7098033352410393,1.1415542193495931,5.009934283687504,0.9556114503418522,2.41775641683323,6.648657929337668,8.976146459394217,2.8757100581584947,4.130010165271906,0,train
7.9032151937825,3.010362629264447,3.4469420460078455,2.774036299866455,1.2997008746702365,4.4394866688383114,9.771798197781047,1.300669929995818,3.9790175454903656,4.279959324604558,2.9554214878038723,4.191224233204521,3.6864246161977734,4.868793601231454,7.838432153374194,4.830700640229487,2.9920584437891518,5.777162062001691,5.522382967224199,0,train
5.61572974178135,3.91527054898068,1.0780553567758209,6.265113813708289,1.5620764656219155,8.065550311111084,2.6571850072593817,3.5195309743138736,7.9346871947924775,9.618176164188334,9.530344756681501,3.568856139948735,2.148465524621843,1.5482567949258452,6.450184528603655,5.829823915313485,6.470190341965292,3.8110299262699887,2.3623731485499286,0,train
4.310367019904552,6.987749707272469,2.282119145274368,2.912576080268919,4.917740950287094,6.56153229063448,0.004324870904097722,4.485975801434528,4.944191266418939,0.5518374530641046,2.412341094687797,8.093850115922102,4.691155433499822,7.878236122297694,0.7688599461224188,4.4514095967761635,2.7289822648717,6.715907578173788,8.838775076767698,0,train
3.3288887443632587,9.22168655075584,5.1668419662027905,6.391984353510145,8.535348897680654,5.996748767918032,2.115232370833021,7.199882883254826,3.3393327704979434,3.0137043749882055,2.7242307326549433,1.5543251631214505,7.270995417311705,7.992338344343112,3.550784561478296,8.783309447252043,7.250496528874427,5.7200452635383625,9.917289684056508,1,train
4.086467174605666,3.8763437243728567,3.998341701234901,2.9199499345639546,6.426620660416261,7.23888833484641,4.7325231437214175,8.332100708989516,5.423731956611595,8.48977068775726,6.173633590553847,4.8858670651415235,6.22776776468946,9.008743721776156,8.958705395245126,6.970912999230032,4.892271822876496,1.8560130198290015,2.045896032501058,0,train
7.040280966787862,2.807616622683975,6.450666659489583,5.4695692756604535,9.04932841206235,0.3461139101745647,5.923611012929445,8.480802220804081,5.683542272332223,9.70648775107192,4.780534500514488,7.393005978774605,4.2148867950081295,0.984946895707387,4.8854402045007745,2.1241655056157582,9.52334041392344,5.7043010248061705,6.735597847672826,1,train
7.8145336919519135,3.8640542947041134,1.4477510299977887,5.642846802696358,3.7254921647642436,7.4033626390375895,4.090112312618363,9.913536334386121,8.479414361025736,8.547510636238108,0.059617096710194994,4.137954939240149,0.44617989859137674,9.86710028961458,0.7635526683705085,5.325561485292316,7.824872540797196,6.576127638104595,9.908683175309482,0,train
6.0070335852908014,6.3101354098303055,1.7061615766697726,5.413785602226699,3.9392654375869363,5.313947556860343,8.10681546384146,8.327783651941907,4.6634596759618185,9.403532365444441,2.8977502806617994,0.20579233048509837,0.5279244238881275,3.9630180315503494,4.932136173647042,6.398927670775497,3.0292504118066867,9.039382425659896,5.6140202455247,0,train
2.59486428095729,9.38495141960464,1.7650937765053438,2.574052387416277,7.676270564895187,7.643724172461407,1.9808453433817952,3.3780223842571533,2.8862451800929945,6.728117111101383,5.232127295767014,0.2201391371499184,2.5996570190811297,2.517643257699995,1.5128463736889386,0.6644497196243115,4.556470274011099,1.7132023794988838,9.534007996835722,0,train
4.9769424282678925,2.8319582340918705,4.351183320685426,8.248849025228358,0.28847184063811815,7.223403554634319,3.4567544987124843,0.35932244097833355,9.902256961002024,6.952679134787627,1.4010614455780523,1.3693623774110475,1.1569270284024435,2.400240764245962,4.256873272314648,6.060383165602977,8.838435596235053,4.396244585504824,3.617478341329278,0,train
2.4466291302157632,6.9339666689574795,6.120766013770543,8.315601118264983,0.0022382460727710107,5.370570841679764,5.30801350945543,0.5401463626508674,1.2540231319897932,2.2550672680233905,8.726188014456913,3.1397635451981785,7.430073057444568,2.000961923718992,0.24168771309695303,1.2266991989202114,1.7380929995381333,9.263214217629383,9.04425634118703,0,train
2.5902144273804293,3.4508144837189927,5.160197700816608,2.1035092946439486,7.710641070623156,8.717408873196938,2.5588904559894066,0.6355869149008753,2.142346547656108,8.289375229627673,2.031444661269244,8.622736652021068,8.931430537680479,3.1850100025890695,8.040532068681154,0.9977346138723187,4.931892341143768,0.42261884950792417,3.3031416502906485,0,train
8.984703474797302,9.784252359753012,1.4871166394790962,9.577155390610509,6.61959505802225,3.6702018816949398,7.444169225168482,4.496806699684236,6.871646910341244,9.86896775722661,4.962015989012859,1.497418522108599,4.184476001383733,3.858987999956147,9.822622336295247,8.272216014097918,4.102769153453344,5.387925984878892,7.077144017706488,1,train
4.684562939167959,7.205932619879374,2.064098874306917,7.81476345058056,6.249417866444983,2.1847694930823947,7.314227768638551,1.1819075862115858,1.3440868726984356,3.006727437232585,0.8258464478862038,3.4120749938501618,0.8412407037436898,7.827170373229052,7.568430516130988,4.894232813160839,8.378553400453647,1.73678769794401,0.7044847072743587,0,train
4.842408859826468,2.645240803620682,2.262555457041096,5.3084269019038395,9.515575533337826,9.127706701325291,0.7167330402075167,8.148307665180802,1.13820138648421,5.54128100274423,7.9907293696199595,2.004028367859508,1.938145184308756,0.40922610532522663,6.754418383777068,3.505114745076754,2.826546188764525,9.328458758994962,5.624778146634428,0,train
9.099278697422038,3.7512343496089753,8.29970689154321,9.654353975634535,6.78076307650061,0.32473693778246937,2.155331374857999,8.218098892320548,4.023591563942537,9.938002154511182,6.698209786582405,4.165578929800415,4.2094068240878375,5.714624863288348,0.8592416364273814,9.47691654157392,7.3992750155541644,8.299144539790422,9.320672524648268,1,train
7.813553590634353,3.010718503711896,8.710303380661358,4.37486482070779,5.42517553437447,2.1987005948821183,2.0755166258153626,5.17206981146664,9.412777424415268,6.537722633727029,0.8124850388689675,6.674899224505191,3.3373434121664234,9.289298629592716,1.1248148084683596,1.7171701580668541,7.055635744445294,2.3709721929207594,7.920258849707609,1,train
8.14935021656471,5.784146223591311,6.525481826386623,4.441506391914827,8.049979317938144,9.741084759434386,4.6062939626814225,8.499925585486181,6.475530491953686,6.756066777145479,1.3442136319228326,9.353554060659787,9.562912751081342,6.503746412100114,0.3006859007453866,6.212814680921765,4.087098751086435,7.456874767944073,2.0968191110638768,1,train
8.353592542154141,7.513268237451092,4.800204843514251,1.1781799882334196,2.577032218801656,7.425960352551329,9.186221401244367,1.1809578592551173,4.03077540460104,6.4772725979207095,4.017534638859343,1.1928042427815955,7.981421311866988,9.291723126533542,2.001730436782141,0.5779779671950425,6.912134410279568,0.31345593536359906,5.901317923579864,0,train
2.8336959505745645,5.9784432291324805,3.2698772073516347,3.887528046774018,0.3533145159135975,0.7741583468129376,4.953120944426985,0.5227721173069622,2.6205304332792423,1.1601072722426553,3.3988057915995205,5.424201404180068,0.9541818736631402,6.760928215455636,7.220770471358383,2.796471719739465,4.87071250118197,2.2890570397410457,8.2875464805875,0,train
1.1737879779493146,9.010264775803469,3.1100218121168988,7.042137817528827,4.105768004584878,2.9853640972407947,5.411421402328821,6.384712492077903,0.990522065666859,3.2322929283038606,8.436928120568615,6.882838752521453,4.281611079295567,0.41642114184302526,9.379891268787212,1.6397872591952023,4.163556499648923,5.283517326785741,9.984449740807568,0,train
3.416227816846108,3.3799231958045857,7.494729471541667,1.5533442046019577,0.3907710637250916,0.29600334260474814,3.2754794959627898,7.6068637690514915,3.514058139551474,8.686848777123284,8.336413206021142,4.503906771604592,7.232869513432804,0.6925841595050297,6.477654379537246,4.56325692290762,8.882759034357862,9.726771978122146,2.0761852899038957,0,train
8.671663856713762,8.797506504741364,9.022944228357243,2.9584123484186637,4.130915791112693,5.070842380930868,7.753136873299495,6.352186947174621,6.984522788913323,0.5616646064551178,5.755675682945812,5.2364736751480745,5.079790338804835,1.1678765154082915,3.0887843479793053,9.203573906413848,0.831626552644642,4.382750660484881,2.194714708503953,1,train
9.776592038089902,1.265327431219772,9.332869391014532,1.012934050701635,1.132374280896613,2.148780756739488,8.255758639617602,7.080667329039974,3.805061285462835,4.263459695264085,6.397227211097148,4.620248107889089,8.438853953631027,2.1099134710649214,8.385116785247986,6.170031749170147,9.39436079517067,1.5804672652935126,3.8021131360525198,1,train
3.802624973376601,3.606462931972672,1.2668812244350782,3.6684858767159176,6.51548280053528,2.7241974986606143,9.1176096030995,9.661524284173854,3.2248470918375185,5.004462418165131,7.4836629847477685,9.187053094949238,4.82228131668263,4.679253560369401,4.4429822564584045,0.7539598748458809,1.66228425710513,3.1192375759217015,4.969687677550776,0,train
1.43073506732832,5.652371862816979,2.405044333952197,4.799271845688652,4.080101451379021,2.1873432864615063,4.5547682402859255,6.086059301999204,0.22871347025557376,5.458315139263795,4.8112978410905995,6.0417403978832045,4.346261796055009,1.9365751763456673,6.9020935422031595,0.2267013468610546,3.5510994364559103,7.2110391574664625,4.620411674417317,0,train
5.921260058530301,3.5338061183334917,5.193997976103282,6.44454139567467,0.4125623614352847,6.708215208752179,6.13688110834593,2.8734024298710925,7.585494775058308,7.085624559780511,6.51885065085358,2.9298851341899725,0.6369949704740485,7.116314390751458,3.085967432399823,2.7224234978221773,1.6457274299816294,1.6792332838280755,7.834430172831518,0,train
5.654135787803589,2.2038417183545764,6.394760426641898,6.970264361116594,6.811776125822201,4.963522938525586,4.4584896907968785,8.35851862528716,7.983002729374603,6.923226961973836,0.10696597491570037,5.571740230195593,3.4932410765841917,2.5742848609986058,3.3092863735184985,4.55207318622595,2.7252068204807003,3.468873768838414,7.810236723195371,0,train
1.3963364730825825,1.236856751239804,5.784298247750259,1.3090190452697792,3.746796223038954,7.826573409421047,2.080278143746396,4.758816370031871,2.5961971179972467,9.323866598348921,9.244590430035169,8.33981487141873,5.785251259922371,6.301105359494806,5.362417420484656,6.270827704339361,9.69089983533335,0.6473234967278374,6.252564686549525,0,train
3.6186287872518057,7.82520999743227,2.8993248319632965,8.912041304872924,0.47378218049982657,9.50644908234226,8.258676122359303,4.676636517819972,9.493906886290794,8.465362551004109,5.0526495735928485,7.4328735969050985,2.7281487914161806,9.539563148772242,8.573953675604049,1.732943612527631,6.583602279078004,8.167619791950292,0.5705619670076234,0,train
5.705282253417701,4.788953460913458,2.1360753757801367,1.257493224500261,0.39613355011488105,8.476916897223315,3.346319127264077,4.987597425851376,9.200845008138577,4.30975754725719,1.6134776958046115,3.451428801357448,6.949026332828979,5.581853702029505,5.389592531177955,6.050247566448573,7.245318358632318,1.648018944554993,7.170653286166198,0,train
1.2545636900616512,1.566421683755316,7.03782891656655,5.874738594114438,9.594544411481392,2.3618362428814055,8.951744720635608,4.886081338197311,7.622124924376436,5.69531213440258,3.7907734997235334,0.8149566795477414,5.3544088907715395,2.049820041851084,7.951420618311893,8.71462060428447,7.159354157219346,0.8399369601483608,4.865317937766289,0,train
5.42354957978035,3.4661645857430545,1.588162391932826,5.113289173235097,8.028881817805074,8.017204501229738,7.44449580318145,1.2788466037549995,1.544661186777998,7.562223178221195,1.5695939145289606,7.868796293595186,6.920714364682469,7.000378305953326,5.471890307191256,2.316375281566947,0.1034597365427925,1.5859864826218384,6.260525829767066,0,train
9.207403317862807,4.128202975959124,2.856493539627763,4.066661816621483,2.358065701417993,6.044966465187752,9.933018878311572,2.409092175446518,1.846002829257971,3.6004846337471665,8.836047258379898,4.863732152446058,4.789532043900681,0.5791396608140709,0.605082037469804,5.588081930334452,9.43242169017988,8.42816686894903,3.0530656637488187,0,train
8.470167314540394,8.646436142509504,7.133319973980522,7.52459675753449,6.642433883032184,7.015909478162983,9.066161541249052,3.3201023018446776,6.7683891765735,3.948973711810111,2.2247300999616657,9.815796144533671,1.531237891057653,7.285131340345559,3.820760115846592,3.328253300641164,3.9888453411475675,6.495498209766948,1.6606131851382044,1,train
8.7999862051719,9.706847453210452,3.5460978855242846,9.365262579796733,7.434777175832359,5.860758166991452,4.201463078860099,4.800791767267654,4.882641197150353,8.145236389320083,9.487111849364762,6.549958017835027,8.623326945989943,9.589538623643922,9.7725867430651,5.415151551578592,8.64731326562606,5.499227114352855,9.457323186771701,1,train
1.8022209729071328,4.7235939022235796,4.280776689118783,6.627514838582165,8.493288239646176,1.249771337404697,5.656385932040477,9.358182516460484,9.577988303143322,8.340041860116905,7.150815233538954,6.855250307071935,9.872063015019119,0.02511994003717044,8.813968459017,3.33675816896551,1.5104459529119185,9.689191148810954,8.186355087718887,1,train
7.232845254586553,8.16513392769429,6.501238904952737,4.440089063103148,1.1240553554960453,5.262590616582442,1.278313160310116,5.304792072932974,7.71619696124381,3.5548563937810975,6.291141727307346,0.004946434114196929,2.8949072311504533,5.980629795048226,1.2180099614949924,8.555937766303575,6.229600113168435,6.116605283559469,4.0855253542186345,1,train
9.421878110744457,4.865626712641794,1.6042259066887428,9.690940009417442,5.390453763940084,4.010898432221128,0.024610104458717696,9.577618540086867,3.278753833018171,1.6019851782374772,8.80186148239117,9.746586758554475,1.0262355539119639,7.1789394788020555,9.4502702795586,6.373007390366378,5.854303072085009,4.956943003760809,3.959471640157565,0,train
9.946297451841753,2.855780589071424,5.606177209529495,7.5936083748206356,8.995976559222651,6.006298474570827,4.10885678720729,8.909360645026691,6.394995502666104,8.176966876314147,3.240341509426309,9.923932962281206,4.405006565074652,5.037216675178689,5.0612243194827276,0.14757621868566106,0.6380842804466902,9.633623160063863,8.754983468083669,1,train
5.358157602511393,6.794424629552347,2.936328763708583,4.321882904897723,9.43256256533607,6.788642179172555,8.426408711795483,7.39564773185701,6.720862272180625,5.451940863390671,3.359098323015244,4.972213240009467,8.52536390415252,0.9094920973733234,4.714470427276009,4.070265510563964,1.729124270975897,7.611754198604278,0.4029692850444222,1,train
9.69504053430367,2.8505178920175123,6.001599991427513,4.6488615943482205,8.55917906529329,1.8825974924431044,0.7194736764640486,5.107705778460917,9.01230537292125,5.902309129380546,4.69777946371754,9.845166231541452,6.270120318494989,3.629964431918866,8.54377283329301,6.271319257759659,6.143912965408244,8.18040578953775,5.079016679596689,1,train
9.155821981230186,2.424116497121375,5.193609840459742,6.8519303064127115,4.684147728036935,0.22033150269677448,8.904654544923218,4.854868967838218,7.381326576376807,3.315908004813517,8.47254136582679,8.90793029213697,8.484723427403988,5.178144443540172,5.431568415183734,1.8706286562879915,2.73633288933419,0.39925794364237377,3.301594894180081,0,train
7.489474403577519,6.618312805004095,7.669293509704471,9.83998062371441,1.301039146883054,3.3423358964636805,1.0925868655912863,7.145338278180935,9.789215875221247,2.5745975352595796,6.820068090336021,5.693096498379823,9.62247726994308,2.8613355163176477,2.283637682440874,3.7728545566995706,8.595676367687217,4.196602140222278,3.8694668591655814,1,train
9.644745735449284,4.481501798526801,3.0071047133307203,1.1455108241509304,2.324891128706704,4.7116736722089945,2.935426753570848,9.64622646764974,5.820637969044732,2.7579566965192592,9.295445308350521,5.682988308430616,3.1843781227950183,8.221925201758499,8.60111726677795,1.6142450279078613,3.161547923723912,3.7773376937695824,3.3460159697065994,1,train
1.7992812431234426,7.202004992834307,8.46048774982147,6.492804018644826,3.4322726024761243,2.896762989313233,6.194053409917367,0.03544902053159049,8.853769214671125,8.243711870475051,1.2174428589008712,7.264612707693826,0.37540113168362144,0.4285927946433987,3.9918443689045766,1.2531198485206885,6.106021080975607,6.0473575707266285,7.103307916062108,0,train
1.4033628810655807,3.796391977537832,7.788867751174828,5.814049581701627,5.659061119400385,4.8545790764190055,4.81321071672454,8.09251959891726,3.8940885325556596,8.999383120255292,1.4362440432941526,0.7214629602594869,5.5466644944512735,9.736899103928549,7.433378358671442,5.322736784236776,5.0848343929890625,7.033923322277244,0.9704904403202885,0,train
5.64635301047644,8.483264278556968,6.304799578927201,7.51083331617573,7.353808983165939,8.729053954213967,0.9736931289034867,3.050604853060148,3.8227012030701712,9.443667902028437,5.535752177427837,7.345507986762316,9.793259092065133,2.004972047173853,0.2831098809069965,7.740140052676746,7.325515314128809,6.523051301891637,2.3295402305718826,1,train
7.619494031282512,9.998332623267205,3.5612113792100515,5.860941432639007,9.557927249966575,1.7487795448443955,1.718837542316477,1.8313852434363764,6.747813918790802,8.011939919505204,5.857663578134618,4.628246298675382,6.031514626628182,6.786663557775638,0.43666008571010995,5.834544504703613,4.2957363156196,5.579410448039084,8.879187365370127,1,train
3.891744555739539,7.667960965400382,9.76657786761254,6.582768866075245,6.545401049961008,3.7800011517744894,2.1145672614746944,7.424459339984983,1.0932950801198804,2.1050322320647643,5.0005402157006165,2.722276255427176,3.291441958662067,4.21711003018979,7.475592399269817,6.45905299600566,7.441379060933654,5.07040588316894,0.11107471822507597,1,train
2.8849936025130827,9.564866958193136,3.290953085615765,7.825086953159882,9.920817267734849,3.398892390812879,3.642653323632661,7.910123741799202,5.0044632174134795,7.259826794326514,5.714041453163451,7.240403439902256,9.984739135434257,6.456036791160059,0.9225158733461725,2.246310696855761,7.705873647617664,2.0888931044252192,8.854568210490939,0,train
7.584639287308407,6.842955920993551,8.067855575660118,9.852784249417793,8.75135045033967,4.140201098047802,3.6912860981419584,1.0948201120337064,0.8234558127471059,9.219048046939703,9.887129751711225,5.727254569510563,6.16555192363742,3.8753317236926685,1.0518574381162782,3.3931765177336883,8.064731858639776,4.17502612930234,6.583703548324609,1,train
9.944605553615595,6.943093443989109,9.378024898216792,3.2640670000235072,5.240139084643527,8.374049813021376,1.8859001483460847,4.13979981622682,8.864064092059834,0.5216218627622182,1.831013626448178,8.026107940577166,0.9255765556249607,9.9209925905193,4.639387114591159,1.6954049059090914,2.262865814831061,1.8117799862237316,1.5633072292548067,1,train
9.531969610791844,1.7866363501572156,7.619411506640221,8.107694840675284,2.2073456870943984,4.634728676919396,8.25882307543189,6.330309919337195,4.667097521917036,5.479255182059366,5.647898618323102,3.2598851368162274,5.028347236542258,2.4378222717801723,4.5398116808613675,3.6126147059981473,1.8301512286645494,8.99347842272071,8.446408064731472,1,train
5.146261069755093,3.6504826277971345,5.631066180613841,6.505221142497177,0.7001024830135782,1.7872715923536064,8.977013167573737,4.08065881402352,8.789715934559954,2.502069780390407,7.2959292488877185,6.197561456765825,1.1781286260493495,3.2252311977530033,4.924129227815305,7.02736645499667,5.952062171208366,5.153559174619109,6.125495739406968,0,train
5.409577690716705,6.477570298422817,2.8186999677318223,5.26288264045526,9.542395067938134,0.25406389333464285,8.735447512590733,0.9994797002334854,6.306282527870919,4.055368947804623,4.353824771257666,1.4413643723918057,1.7794204531840663,7.8632807241288685,2.8081503401230865,8.285672665719582,5.740615985503357,2.515193825866838,6.7590887086638896,0,train
4.309414673716651,5.0783668443815,7.196160606792099,5.679211958324313,1.9216720070229165,2.423683594605932,7.419742229600002,9.668312179199496,2.3036405810159497,5.487191401560728,6.106988010166571,0.7064383321215728,4.155692048881247,7.751848091995312,1.436342313453568,9.24207089569503,2.3756482897716005,7.784446819891731,3.18519034690799,1,train
1.9673270748610252,9.718516510204903,5.198789128795291,3.8694682008197026,5.602243037630789,0.08896413008657955,3.544870361563878,6.289859376904331,9.215845825628081,9.677789294187807,8.336162652018652,2.6258657136429497,7.171257632579374,2.5883794391108097,3.636497679958215,6.134737307184758,8.067948890774586,6.624778235548049,2.4770008045371537,0,train
5.2564033514942885,5.109883742013971,2.2338218769055445,9.09779420066542,8.083127745409906,2.8825398704207963,1.2983744773796635,9.818870976897067,0.31341677559868164,7.084507270623152,0.7234926205797476,6.977964005362058,9.302523062604353,4.599688646621514,4.852876487046086,0.8230137860765685,8.563532517044074,7.926087110552205,5.829125055314299,0,train
6.510767316025191,8.164279612834958,8.49335398728042,4.614982226681512,6.7312577105771,7.365611458266006,6.2631604010706035,7.785520928535215,3.369703492930365,6.412797455111741,5.908315874528121,9.282598963202167,7.492464376950857,5.595669200494492,0.09541874582631782,1.9493830416611824,5.993409372047763,1.8902816204674011,4.53641834477729,1,train
5.7463993296802975,8.235400669270767,5.737097898482949,9.763547203768155,4.287706301009794,5.569039565910586,4.247962637682211,5.82448924147717,2.4408059389533343,8.727815074741713,2.38294668821317,8.633368435903085,8.553803335743975,1.4266541217142248,9.628161609226101,4.907188963979484,6.3491095498441705,7.998032237625221,8.48493772874781,1,train
2.0240360523842917,5.95833128532569,8.644246283130354,7.024023603224171,4.975288023796386,1.8179922961297312,9.657853093108695,8.03809475623016,8.179716041191602,9.141398466839997,0.5048241111007612,6.216195762578165,1.7711539021776845,3.062289968203121,6.349602001277747,7.532368164591793,6.820300667417406,1.7023925262075834,1.8745738981172855,0,train
3.742829080365919,5.660210402977218,6.733447773672811,7.016743082755659,6.953537336435135,4.927799738972744,4.5083940907396105,2.1235513368738324,9.682532615385536,7.934004629104342,9.646611501744854,8.205481034760512,4.550266721412073,9.644706758767756,0.9917342893171122,3.809851612409123,2.368588936751428,5.06692259277905,2.852895671017813,1,train
7.721270371689043,2.5181451823629395,5.156304554342213,8.147485829192274,3.015222534678592,0.6913034592678846,9.591519132081135,7.33153590606859,4.89623933302563,2.442795978561895,3.6196171025619286,9.46942614449224,1.398057496582692,6.093524782668429,8.379928024736266,4.550211140621166,2.2443094854827605,3.2489612137620636,7.305333954728656,0,train
6.13255410913826,1.1990246447261197,6.524395959150868,8.682318344403818,7.266687247751722,5.921983810699882,1.4136679408616304,6.708067579738879,3.1460058549560266,9.394293587677078,3.4825337352073715,0.032311564471001475,1.6233301623256646,2.895981198850338,8.003742674582927,7.029007387265581,8.789026151991052,8.964419288629028,6.704994918036648,0,train
8.667330819084803,5.75332465596521,8.2347566704827,6.791859434475876,8.895002133739046,9.863488074219664,6.940920199904324,7.330855887617172,7.1586192325015565,9.788482986691687,0.7271702555431392,3.698554148681822,6.8604639576912,7.279323814282959,8.04791280181729,9.267229404642945,1.065489923169206,5.670714362879367,6.988407858953857,1,train
4.860740672766217,1.771498121649575,8.614528779250731,5.230024383629699,0.24236322935946797,2.7687826935703628,2.3355265762517585,9.147287848867812,1.930731329497598,6.346042462346339,6.64557290858507,3.89392054413648,9.033642041521228,3.5217153931449428,6.781987117828315,4.241522713716227,7.254930388525191,4.002547962218407,9.99395583040184,0,train
6.729468469337796,7.519425923174552,7.398825846478521,1.6927792017839,0.6782302885202263,1.1900040034200787,0.7649514396143875,9.24206114447589,3.396030522634479,9.025132796801488,9.457426257274733,3.4194791286132653,1.5721513783627394,9.871305998809046,1.7670472397620784,2.892330750971839,0.6362653198369916,1.476910272149372,2.6182379159117053,1,train
9.42464266775743,5.829706918032034,6.753115053380525,8.985834264796189,8.028201986679388,5.027531769647942,6.097268236664895,0.48988835316896906,9.856638965081116,5.939613528254458,7.811172732079486,8.091694987409454,7.492873628372855,6.677594571829153,6.267162796812885,4.520542052777222,5.682263940432373,1.4878712625386314,4.731794652248837,1,train
8.840988825804757,3.1411835412605105,1.311523823521514,3.339145040272249,1.4971876472888013,7.339074725788693,9.28260089797659,4.0214724849227315,6.169827141084064,4.707422623660311,5.196368887686562,2.6506402299354326,2.1021286569773934,6.162605216932261,7.438927335930481,5.326752184792021,5.4483985501584895,5.141228360927973,7.4166693272410384,0,train
9.28525729790492,5.2871290972661695,6.298240536795056,7.637867810448854,4.940215675265234,0.3371093300484229,1.8759605024768167,5.876860830138354,4.135686962165846,4.483063496828905,3.946417796536217,4.094490208659289,6.703271065305245,2.94722830320287,6.597241610394895,8.498504773910764,8.448553270921613,5.251800137896717,1.8495717041833015,1,train
8.666296048027728,1.4274304064447023,8.370078539893383,4.972901835526304,6.440737754011883,0.021491575251634254,7.489063707006659,6.897746052949981,4.93128286967929,1.6379053241525443,2.039772752154833,6.003779976451775,1.2649964568417449,1.2313969815841452,1.1806791151104812,4.155770390425355,6.661547362283624,2.569303720315909,9.153223565961849,0,train
8.782107022279408,7.916102079861045,9.043228499543844,8.487514421896037,3.645093953416747,4.211466483678748,6.3929492499231575,3.0777380570144075,9.213779752666289,8.756401751355117,1.4591888849476053,6.348555921002585,2.629007133767709,4.047229364555554,3.9022224465929667,4.844458184608134,5.9113361686187265,7.995324468856464,4.699394197506422,1,train
2.5564404110902235,8.864414113899795,2.162209514634603,2.5040418076794104,6.158024649576873,1.106340964507876,9.505407575116138,1.0092677381827386,1.955687976035183,9.301587110309612,3.4616395142804333,1.5257213582744311,2.2239804429482657,2.5154647170313926,7.889500560996763,6.732124327427989,2.338860443339774,3.592758392530171,0.04327995893819159,0,train
2.6290202948519426,6.257520418867093,3.912823412025381,4.9225667718937025,3.399191691115707,7.125951758540161,5.184415944315703,0.01612557388252278,4.779893940902392,1.2188803467334053,4.333185593789647,5.412576065800398,4.634471924928604,6.0936345384455395,5.622877380956145,5.139598723645168,1.1012621096817754,1.1469290693220913,0.08718795179116112,0,train
7.665418207049219,3.678899972033825,6.165713254765539,5.66305997045594,8.870420183942269,8.408102032005463,8.175018541044365,5.075585473796146,4.847055995760749,5.35132221262486,4.936042913798117,8.740294498021813,0.007024367381505137,9.251107862590489,1.2260062242202574,2.1948463375078306,0.5554645914085887,7.1018918583005854,1.2054787824229818,1,train
5.289628300317295,3.428641853948685,8.68118010546964,8.194099964226776,6.353330098390804,9.657214896104907,0.13955089215881622,8.343910060004585,2.3747797894168086,8.602601158715718,9.675027266551371,6.528066632568127,1.304008512824295,0.8312715256863412,7.109408759178701,8.693599539293965,4.536702588985105,2.6071759907531575,0.6868523002918814,1,train
6.272855509471695,2.7509610125940327,9.802985694854415,5.888500124638129,6.402514616887237,8.68330619857854,6.428766844331429,1.5639859744626694,8.182706273119738,5.713711291544177,5.075942934510352,1.9760441384088867,3.9454266867939056,0.5149271550331003,2.0080425875479113,1.2194497112142988,9.409152139007336,2.4877903404125123,0.46128187909643126,1,train
4.032250038294613,3.2643975706725294,2.412529428981143,5.6136884111030065,2.5623145528084934,3.3058054613743604,5.979495605465056,0.31889621099858156,0.9253305004676404,0.3047102297625781,8.698827155925223,9.283701592108208,3.941273719720927,6.525696575153937,9.387117815146011,7.365165223900318,7.340901830136355,5.940623932192727,9.112365135973603,0,train
1.3175661028427952,9.82585439147713,4.9308653240635145,1.8612829808438327,2.08039655759947,1.5230399588289334,1.944692312884757,3.3802641782379252,2.6286225664872163,4.767889465569628,1.8018871233817135,3.101933194409401,4.503230954404041,1.6065104017573506,2.2367399879916574,1.9839313042231577,5.055708699574536,0.27276121508501006,6.526225261045955,0,train
3.2007711945944974,9.830642745501722,3.091164842034388,3.961226429877922,7.770523538220325,4.718126402343579,4.225261246034577,5.763525649555589,6.326810804887635,3.6143537416822924,2.701080398309701,7.890102529187287,8.66807946353492,8.00370090618718,9.386180615565726,6.716467394320761,7.398573983850923,8.33290248332625,8.105078416722721,0,train
7.098316822393101,4.156200326083525,9.895100164924791,1.335397264214477,3.2965967544424313,6.756043292563366,6.687713754198558,7.887998962550834,6.672167509609715,4.607778982341398,7.241883053107357,4.554800989368912,4.9290468601278015,6.518750720197437,9.367622980261856,4.440730540370482,7.622570441863923,0.8028485525444928,0.035344924144924406,1,train
7.251575833578823,8.611029553290173,7.871492428824728,9.840342224012533,5.7876381673124,6.569175938786379,1.0280648013132154,4.07228223996298,1.206224194877673,3.4367585442113846,1.3067201576274945,5.623265496719672,9.59767683160018,4.795556678125563,8.292718703346733,1.0884331401251546,7.810647423678717,1.835111841993886,6.7669478306066715,1,train
6.546969016580957,3.888168148544582,9.231114849891146,6.410324520788184,4.6525576808922855,1.5422132906852493,1.8160563700077592,4.247132827638714,9.32708384732683,6.425939601045965,3.7888220372764603,5.959866018713594,5.203234311868297,3.740375150491145,1.3661595773753576,9.845458604268437,3.14803882106955,1.457703629168522,2.1299396715843475,1,train
7.6313502506541635,3.375003032285981,7.103561168481253,5.162975334261522,3.3300924729341608,3.1643373447284127,4.0841294438956,1.8570472380361425,7.979954622867092,4.626717275088637,9.121581436845183,1.8867402434929437,1.622702112892076,2.372481052097628,1.193261859312157,3.0206680163658906,6.908683957583785,1.3256864819789504,7.456977631386291,1,train
7.291448209031357,6.47424190184287,6.961206845914422,9.50059148668347,8.332519864507612,1.0459350501323006,6.895028075204862,5.528032769632844,5.696991987013319,2.028324983677833,0.9970402050011085,9.495463108307376,2.3894019208306783,5.497044835755231,1.2498250354728935,2.448623854606349,7.790548234841293,5.456748936140555,5.9193444642953175,1,train
6.288633113155337,6.536080983236312,7.384389903330409,4.456121269348833,4.743073875627079,3.5635251223187003,0.1524292880781697,2.568050308847505,9.322399253671207,3.0403944191922316,3.2388983992039178,8.128760363684647,5.278686237648918,8.57653546876373,0.08103197866991874,8.411238498896903,0.881068887368115,2.1001050749765637,8.222123620670839,1,train
9.076232969393995,3.6308944501566183,8.806043501721227,6.486164377178727,7.2348559415647005,6.420086188871648,4.885333852569456,3.6385507369059633,9.327432565273838,9.136876461610186,9.194166614735353,1.8785400542737296,2.2088324115460223,9.1719363865826,1.8688559344810618,8.066980959405152,1.889236779801674,0.8005117716419674,0.991510650125027,1,train
5.046366605557404,6.95430679287294,1.188359437431783,3.404648986345357,3.1217716713057655,1.630245850080071,0.05121015670689011,0.058165983854909786,8.710151276779357,7.582689762960784,1.1876213859444995,0.7197928511548679,9.713802007971157,8.997847105380018,4.887226369685749,3.254693329942513,1.837485749333061,9.732994300363819,5.064797977035798,0,train
5.177548477151203,8.183983587854815,7.483119602235029,8.016521678210433,3.7202157355830554,4.622799542360605,7.211743858120298,4.303812948946911,0.4752001049841481,8.007098660989174,1.0024823036999897,0.5181914532289744,1.4132733796684582,0.5493934114211507,0.9364205682980298,4.7523246157891705,7.365272729652643,3.7986187735382906,7.286364581324923,1,train
4.394554429690619,9.123822711827469,8.684878346262035,1.5918256841596852,5.02430156832942,7.705158963029504,0.43426795811479124,1.889877897827762,6.064822698032074,5.511997011745821,6.830020618418886,3.3391056442906675,1.5036106079503586,6.119131392303453,8.77205157099077,1.6708511666820902,1.977381774123832,6.120815967482204,3.3306253146084086,1,train
4.011995975972065,4.536372317032894,1.9438558927206708,9.40526540525616,8.978451063450166,6.445108283025574,7.825660695755648,4.685770697641978,3.575201096418236,0.2733205319909937,5.202786833694157,9.727837544026801,9.801450820295548,4.696201068485482,6.294468680663252,4.871900877261112,4.958691162176606,1.8403683449665342,1.762398304759888,0,train
6.875761423751806,3.0459518550431692,7.687214706563386,7.768122049900308,2.132347464028679,9.515374623113749,2.60837632712535,2.248644905066801,2.5607374267918868,7.524175863076517,7.394594754684461,2.5139911921591116,0.20011502284739358,9.640174737420471,9.652814862495271,1.8254324949419798,0.044402735023101325,0.8695281036885505,3.799978049606938,1,train
2.2666853424757796,1.9166356480359008,1.707784261012668,6.715143432330301,4.342554788076781,1.3453803418158727,4.507885173971113,1.0334921114757645,5.522478434322576,0.11708549573404392,8.877060059097202,2.3434478218997388,4.757092270386451,3.5881417344376665,3.525063355865292,1.9967976435923607,6.780829387428817,4.365839136375539,6.844648937509815,0,train
8.82971697760212,2.9434827020245216,5.994377467367111,9.77669092758092,5.987048816976181,8.949548506166737,8.79148570067474,8.054989769632085,4.098620564447372,0.2234735046965508,2.053731943683994,3.544021531157475,4.391886557715495,7.88861333814579,6.21207808060359,2.8490220250295692,7.641276468726481,4.277819453831695,6.665926604076517,1,train
8.095758393218057,3.1665386954683923,9.675924997369044,2.4971607744285964,0.7979328595116519,6.678455504819297,6.434575318899945,7.814907413016213,3.887208531865778,8.431408417998227,9.693677611866727,1.678568843644499,0.6536041213248001,3.580616005337538,3.2710419005733096,7.388237413230533,7.940633105916386,7.069427984098278,6.141548170480417,1,train
6.654117123491024,1.9626312942260675,3.5141464123664146,2.2046202403554176,4.50496706188443,4.240634312279003,2.827490633743425,4.077439637991996,2.3089056879306593,3.1585584451013773,0.7093917069472577,6.959217190473263,0.66284509531637,6.456468218392831,8.777468676552788,0.5049369606561815,1.70213929178345,2.941483210371217,6.3207396557118125,1,train
2.209145287758239,8.82740741466592,5.903643751899227,7.1913570948406855,5.441537998158077,5.003925485223359,5.234721704543313,0.28117064003120196,8.601550675424479,2.7368282238880717,9.953641773676331,5.752570965866015,4.127790513382933,9.267070494610225,7.063116325960691,3.504060743184998,7.211681730403731,1.0299196124615084,6.8207921081760015,1,train
7.710586397802374,3.3833380480161495,4.163942603876741,9.418056358860897,2.6077068362766864,3.134755918380322,5.6394994109415295,4.3051911302759756,2.3563207872455108,6.04591015620224,0.7250112629440864,0.37685902392002757,2.069711546682326,3.2002921329137113,5.604327945208983,6.796765560127689,0.4206937434418234,1.3647102873200434,5.7642862831977215,0,train
2.7215749452416627,4.832651819000052,2.370796225875147,6.984616127359742,5.734006423928059,3.9055126752192084,3.793024102044791,9.053420947581593,6.8882520614716825,4.381230069887004,6.0640155775937075,1.5737468109906505,1.5257062379753006,9.259344807713418,8.574549881417253,3.608273825473729,5.774376420532189,3.0202288018430936,6.7724427504194065,0,train
2.7947318799640226,5.817234952665532,2.0269561959872844,4.005811344787585,2.699017583375616,5.960105042359634,4.422357587729497,2.5061513050251785,3.712815862454366,3.7869669278344964,7.58456479224428,3.238997976440622,6.101179370117048,7.745293385595168,1.3905803150641516,8.65670496390543,3.164352239438216,0.6068406851724106,6.000518029686759,0,train
1.09046085623515,2.407813046276763,8.536352409377916,3.526766771960334,6.930643795017452,1.3868266141639551,3.5104740990437078,7.325004882645839,8.907226753884476,1.6272526494094008,8.775323184405996,9.55804133838034,0.3575967051389195,4.117782343266764,6.031545092887473,7.8526246704032605,2.6554852162513756,4.1863420149334925,2.4558753219781204,0,train
5.65416549726911,5.121092878584205,5.988443417579617,9.21238011361794,6.859284188789779,8.155045340851983,6.709564915692611,1.6407925605657248,0.7849729707252207,5.171507596427994,5.481173031332175,4.068031455026526,4.301405932537769,3.1029929241731313,1.5993370990798184,6.446236278792429,5.331569543030689,7.68421095123507,5.139627730284743,1,train
2.7296635720085805,5.009309576387698,5.23680045407047,5.508731994073081,6.413948000534191,6.669026723023437,3.572189254035113,0.7467393364475128,7.5696463555458,1.7475340537042705,7.2542325247534745,9.016580837127457,7.520948004337733,5.165503963431445,3.0179667592044868,6.999682609840521,0.6003746263359344,7.865338094819661,1.172685654040282,0,train
7.828869763079069,1.2567832325601742,8.929620998653304,4.996357346666795,8.652794929864642,5.16071997222101,5.863107675664332,2.816246433389481,2.7582849114563848,8.821058463874673,2.398137867688691,2.1016414789981197,5.066463399752029,7.254365580404354,9.819689947555068,9.870302382194364,2.398869597563574,4.3096254240353655,6.7704500477633855,0,train
6.274521643873634,4.354871042945387,7.269299029264862,6.780728087163728,9.579855559036975,8.543348190662817,7.659510595314555,8.901325673200981,5.510680531855039,8.58147981187193,0.8133696385663547,1.468820863840582,0.43278325746014423,4.5141108916164,9.141967283846776,6.166287727344005,9.465648926879073,4.105577756921494,2.735297750386505,1,train
7.21452715476419,1.412381757714306,1.7388122311002543,1.6684014842013273,1.7948281585810832,6.148526864368188,7.718416966099397,2.019452498796851,7.7253397461627795,5.368146559947977,1.8515780179906094,1.5197536626447794,4.045854656239337,8.670537037743385,4.269523763534408,2.126170560543258,0.4722062956152162,3.3404728623387427,2.774044355604862,0,train
2.3660890382319177,5.3035251934734085,4.764479303330302,7.6921891252685874,6.890991812462984,8.422345573017955,6.77510206331995,4.028911015617474,8.636906430667977,7.4728165314687125,6.510050020203395,1.5096551348081133,6.714977412302282,4.050184061568167,6.939945962856032,1.071871708223232,6.034240073789739,0.4572652090322926,6.655567880111527,0,train
3.55373634164899,5.027392647309176,3.314335541768604,7.794989769890358,0.4269124173388983,7.454430099405654,8.704391384088272,2.034003313585937,2.4058770663376796,0.0427096344147726,9.863627496682815,0.2479111153439406,5.862677145308432,5.698686587395448,0.518771729066132,1.2205715397307682,5.213644725772877,0.46428449729358,6.801497521018409,0,train
4.9244439355923735,5.097176028976651,3.792056521216238,1.4322548231025842,3.8139045835450833,1.6340088929148433,8.54838143321923,5.199618241019613,9.111860731399325,6.618189709445847,2.3012597273476842,9.66401999673104,2.8527503065232986,6.665025814275587,6.883570365556815,2.3038441533474954,7.793610517163052,1.353684709523597,3.6379472609959205,0,train
9.703497144743157,2.364438907654076,8.829687135169072,6.9245810017930856,5.078994361525475,2.0703226008572315,2.728204647274113,7.073171036019782,7.851581657758365,4.830791413574027,7.539301455590684,2.759848179889813,1.9546026890975488,1.3583825592814613,0.0518528339805735,9.832545658244893,7.840759996472122,1.0019440672234303,4.724385071201246,1,train
9.98075617164857,5.238172886751645,5.767119857722251,9.806440492533596,1.909487990923453,9.851794084477456,3.075747115730744,4.16526041767877,8.626015271989308,0.6758207371050851,6.263456000782699,1.1793803385090273,2.956617411867908,9.426272125278752,9.967590357995391,7.146793707973842,5.2548584925416355,0.40228512056178833,4.547564494542112,1,train
8.041992503347661,2.922503153181146,1.350262386388868,9.255956359461338,5.249566463357263,8.109245918878239,9.849787158038152,1.6922774951429498,2.973553832967497,4.856189485489005,1.1613863204889996,2.6225111079207055,7.190027951495425,1.9692297006218562,8.708289003684236,7.708839929588112,2.028810048433055,6.190730111918789,3.924736033658732,0,train
5.344465099548828,1.716088479019941,4.664697020001756,5.29575903942543,4.16862694756454,7.276044409090825,4.790685439275384,8.605259553955632,2.7136784530940696,6.171963377274043,2.9399676026751367,9.871932467004047,8.54648000406942,9.425970972146109,3.4237771570894013,0.7982343189708363,1.9594331279749821,6.318636144868548,0.05599339852786267,0,train
4.069305854722168,6.1382786400000455,8.2130291759479,9.028871796904172,7.829808725327125,9.90028137617037,7.363961859452961,0.31040109511795255,3.1812565209812247,0.8379598980841141,3.799429944783986,2.5414790811746513,7.563460236490961,4.017252048180722,7.270568420022929,7.024044360056996,2.908738687926511,6.280363874457348,4.0188191860800195,1,train
6.544922144681297,1.3065598635480833,3.0048156456982285,6.55900723078589,6.715973188673945,6.239560869015824,2.675385770397619,0.6151630108474748,9.780667870916668,2.640482616914185,9.206624551261532,6.764366062824516,3.1802620615819333,0.9604932748957529,7.105550022461519,2.486089599496056,2.3175792062526304,7.706636623564691,2.1062916998871217,0,train
4.972683361428128,8.163250360150208,5.445205918529276,2.696798810640068,6.19955236199616,3.6648344458516915,8.865492179563416,7.79461704480617,5.924924846087423,4.974246414737108,0.31792363441146776,5.341676805910225,6.518299198864415,2.629733294796303,7.4369476085180155,7.265513432516435,5.340333145222099,7.044886022353812,8.43733189360853,1,train
3.474539606725038,7.384823598214666,4.547323812503884,7.743551016742892,2.0085290909151663,5.471065371893175,7.477875389649805,2.7677468399602176,1.7463053535233386,4.0096211798941965,3.9631505107659635,7.651213406301497,0.0016013582938290138,9.36168678573934,3.2802214074754366,4.479221166475256,1.157632937841565,2.567349251983729,5.812451317201644,0,train
5.275162941405473,5.741251307764237,6.168149988412854,4.101783124161929,6.969468802635105,9.588193880996922,8.3440527426905,5.999675447189522,9.682335485512363,9.367431870334496,4.5487807880755815,2.785147210330071,4.292305299698973,2.55862918274706,4.753079023170995,2.945355523586045,0.37562777211335385,4.379180183437863,1.1317212629711737,1,train
5.682043231244448,7.04777717110288,4.0637937717247645,3.201477666950784,5.709941521392015,6.20527908996965,7.761033560709696,3.259652540175092,4.8829487690570375,0.9870044828992208,6.180091143954137,1.9989937192549323,2.4012237274486803,6.854125279162558,3.022852954850138,8.578892951674339,8.546737855048823,1.9197161157742693,4.431586690894356,1,train
7.715493236848832,7.159560555050955,5.062651040644708,1.0933768074102137,5.739088328889909,8.47334770408475,4.2492042211807535,5.410038514905153,0.061081665934601403,0.27277629490501165,2.355311078496735,8.059682039373792,7.3297418603910565,5.60758081186397,4.937339435155187,3.6826017377914546,3.997597541624127,6.872355179903769,6.102166453357427,1,train
3.4631143944197613,8.409752574248866,1.2581014674500397,2.091938406380443,1.6554998465889748,6.266834102130869,9.199568457808248,2.9918359360654287,8.804737076646994,4.485099233441555,0.781088526732393,3.8838875962717956,5.681001971019571,7.853548049937176,0.30791489512281056,0.5319022145971986,6.438377042196352,3.0562127034331175,3.7831549671588793,0,train
3.663755282632832,9.468295700727698,8.179499409895701,9.154082968524149,9.65892488062556,5.3017781906133274,3.2395239059725043,5.863974041177978,2.5294936549285385,1.2987375006807778,0.03568399252996124,2.609060770008976,1.7847151405159212,8.606475825026457,0.7166561472000987,0.8466156771589017,0.38426470833264004,4.691143868468616,7.153264914109752,1,train
4.409566746946111,7.866554691484321,7.386378266123989,3.8666201957179585,6.10051915999464,6.71869026954686,4.841755955550439,1.4026375810347258,8.133201567211435,2.9452331246242505,4.709541674274872,2.5489578641337984,9.610616113759288,3.4627807624580043,4.167202189291766,3.0641330224151297,8.855623243718853,8.097781294515418,7.750377306066774,1,train
9.196696892391529,5.715813017818695,7.420734665552852,8.016351501201816,7.395075431931605,1.52073791078563,9.209566023896029,5.591643904286233,4.501724457611403,3.7077559225679178,3.611678636876623,1.6795734475344137,2.5681272499667873,5.363476028790713,9.09985322544265,8.04222583579848,3.765975106351882,3.996476007514933,3.858816039979718,1,train
6.785804531300409,5.485743421243384,1.1435644824934916,2.0913138748917945,7.12380989533152,8.585392808278126,1.748064757748976,8.671102582611356,8.055726096845962,1.4096040782878516,3.2770931630037703,4.034138396581466,1.1505674323021675,4.468866698288716,3.9223114030898234,8.69184675885868,6.1746361703670445,6.468210845234777,4.522043774277963,0,train
6.901785103867033,5.855632035669959,8.42404041635486,6.929812231649862,2.649770564436702,7.794060873359795,9.464677579571394,6.321924370225245,0.6221181951841503,6.214506998571849,0.05286034651264426,6.107431003525765,0.6945790295861787,2.0116498061094976,1.8122027079928371,0.9194874301736355,2.4957315299413665,1.283522902020361,8.740147742937255,1,train
6.364927647858169,7.170557541470933,6.187610831052288,5.242961872446455,1.276560879837637,9.39607066310135,7.42411161165291,5.344797895896231,9.030863733846665,5.440917675992382,3.0601630058682874,7.2714047769902725,8.476989583809061,8.060543147924184,3.65936184787081,4.806950683423291,1.6922296346770738,4.653899687754137,0.5321799617581802,1,train
1.7606370947785597,6.3059150915218005,4.251174527700851,2.0981381500513816,6.691747379731879,8.569246210424929,5.97181665191866,4.641557948328075,6.2777121086800385,0.787202789288497,3.765610576253713,5.154707369668891,4.327138239670701,3.6974667846813434,1.1816283338881939,0.519434119649872,7.8950988835231435,5.867390976694353,5.906623712130506,0,train
3.4367509848061673,4.715252997333742,6.526842318798141,4.484093940697455,0.1767085426308923,8.276604680786035,6.775254877790745,5.834221595429645,4.027614075472962,0.37123533859571123,6.353766344769104,4.791261450218852,1.6547603190443816,9.64253514676533,7.062731696013934,1.196471646397732,4.494599579865231,9.499299652979472,0.03430802439006286,0,train
5.8356579224717775,3.257746018421327,8.499014089517713,9.402761409167976,2.242690485682256,3.183873592495694,8.266951260563712,9.711203243276518,7.2229542632306725,8.020655755318503,9.413048508467993,0.823273118785719,9.388029347862526,7.185522332705827,3.7635105381931497,4.494714503176933,5.287200927708049,3.3115930875181023,3.727452200717589,1,train
3.987664217849108,1.424747303720736,2.6340416513457408,7.1212463171922735,4.950820712675118,9.237534229410674,7.62187325983777,2.996455376776158,5.499542887983911,1.7645207844744937,6.861492030528906,8.420450812557291,1.1319924918088742,5.631779164532302,3.0376048356022745,0.43352713731256487,6.719474055305119,4.541072423303292,0.5998056629373294,0,train
3.3714248236265023,7.478393045471098,5.471894167028868,5.722766080765307,8.592798822968392,5.429771484207636,5.0820944056345185,2.202773682921142,4.446135125265583,3.441492642716373,0.2304816535174148,7.098477450888514,2.387616065120788,4.419667159108923,2.809488991294107,9.106552439991674,2.483507811999759,0.8552711043443195,7.740403156106275,1,train
4.208980476822987,5.329441562516635,1.0384217544922385,4.952498558110308,4.1331268578913,9.885324135622788,1.2488395422575171,2.078300825136915,8.390744225791714,9.616979970824618,0.12146835870882056,5.819225288357565,5.4038206984923045,7.532016472703024,9.83810032439542,5.950772585158832,1.9224672284981603,5.070105300496602,2.0404618401562113,0,train
9.454631777105984,7.657020781896103,1.076094522138003,2.547370554078945,1.656685422048969,5.35414692581809,6.342683102758727,0.5921234619522697,6.513018661315569,2.5918447662937085,3.664879689778018,8.156262309679525,4.695834286853932,8.57107377312325,1.600245237898107,6.04384769425979,1.7122805956819487,0.4337652042189222,3.2103741729979762,0,train
2.320986841828121,5.0585488720270595,1.8079269485690053,5.22558459670085,9.726754365140541,2.3277466217370844,6.285954815186664,7.5709491593211,3.450372448049077,6.793513016423489,8.459028464352318,6.803384512586649,0.7067395473417115,9.302484721879026,8.699299103050915,8.802728993108106,0.27173879981040705,0.7825386403350565,8.12594704229943,0,train
5.987232778710927,8.439183153408242,8.25959019009143,3.273015661962105,7.7322441370455515,0.8137756695047282,0.25738364169563543,7.5117748623312774,9.218787821771095,9.771727400411145,5.32809627273177,5.5775557763580395,1.2080894799708908,4.241535811017318,0.2214530568841533,6.476944634513295,8.803874295666938,2.587467279266243,3.6272713084076003,1,train
8.270658612361848,3.0869219042190004,9.54338542242606,8.549178611775922,8.055965824353091,4.7727782461585155,0.006284503184991186,0.8031243624372397,8.171511383751119,9.449343397309972,8.947854148911457,6.923599900574811,3.8398480643165422,5.048707821325639,9.375828343097632,2.2324645235726823,7.71882032004486,0.8076880834399114,4.6193256871931645,1,train
1.7909514948613654,5.58348833961394,5.073436771103745,1.3644684935404086,3.6485807827295025,2.4548506324967043,1.7493862054564302,1.712903159878253,6.758740511378337,2.856406755626393,6.913688307154445,4.322974474806145,3.526928694550724,4.721431644951566,7.972643480294081,1.3820151119526147,0.045377828643116125,7.561118208061038,7.627041538934892,0,train
1.5936963648365003,6.052235649595282,2.812030572909861,8.672213039292933,9.920733074883666,9.119704951783058,1.2213016582821223,5.643129743006515,8.024549856815678,5.991924300460754,9.613937856255209,9.830487280174264,9.237118274780086,9.362339959653884,3.745087832891887,4.166240864959051,9.01594922973066,8.41154509190999,7.7521630260020125,0,train
7.855019650628013,4.985303454511161,2.213138627150141,8.535903152081923,1.2549534194394751,2.6122242894167744,4.309871439790005,3.770435930469105,9.486810850811962,9.452014418675581,4.655576139153627,6.209078463062684,0.9291603475551913,3.672329596478341,2.300479880256697,3.332360577218585,3.1231476837468852,1.4174442430464895,2.0513037094988054,0,train
6.949257701900752,8.99944011855827,1.3569736230398326,1.6798936929947668,1.1320439400403148,6.6755548499591155,6.653568007221246,0.15449126591673412,6.654819465145959,3.997809915614694,5.20187867535175,6.258681826561522,4.913135648111443,9.084532476835365,4.787528329208874,3.4323346031310376,2.9070407095748605,1.4519541778269218,5.7024750458603215,0,train
5.071333962195128,6.8490580491958175,3.342463666214043,2.189779144447005,6.869457584302088,4.573831065719633,9.854648280974574,5.16961964560894,9.49692365584409,0.6299405180236373,5.370234153672595,2.5762298510838386,8.164647321750255,7.957119825389489,1.6169625668643506,5.813392754686596,9.06976555820192,1.65575683181858,4.465284162951866,1,train
4.334639739615685,3.3579110819521945,9.207284467109442,3.0457550346248907,2.0012907657764236,0.39313821468428767,5.00947981493844,9.28529272213379,8.760937818493057,7.998616927304832,0.5725133881495703,1.3289067964827161,5.961549369216978,3.66416255976452,0.24023778596205636,6.8568029400488095,2.7345613835918305,9.56712571757586,0.20833397031877254,1,train
3.15895300334463,2.372955399546323,4.003450426447885,2.5857535697158536,5.352400922375997,6.779589713666617,5.913482180287461,7.341878960428021,3.6544451402950817,5.534539246141995,2.4796166623460882,1.3964199104227804,2.4126813217140617,5.925645770989856,5.194346166248614,2.3524218605237834,4.636935106579761,5.657428748447519,9.796882972228428,0,train
8.46129459381683,5.1316989889736355,7.080371631185497,9.587655636316724,1.6359848688667622,9.501167630803582,3.530554269623971,0.7220767943570505,6.458022157216046,2.200706041256344,5.4022599868272705,1.2215925915831272,4.205077414908629,3.168724944087291,8.540528052386849,7.1208292877736,7.740570608161228,3.5602952710114577,2.107851101256475,0,train
7.794854829667928,5.155483898926482,5.389541902959164,4.189248927522097,7.276473734048693,3.9538188607461953,4.370743415362939,2.97805679365072,3.9069244359109123,5.886871962338756,8.995995568812178,3.404615446958302,4.102766962069982,5.863605777165408,0.38087468574386607,2.9430942330039778,2.40554306853943,0.8339068150633477,9.212756032951795,1,train
1.48716306624748,6.370752465081211,7.793285223385765,1.9001152854505967,7.482649775008864,7.257312108633135,6.729162294029228,3.3518745310853006,6.309971436511827,3.7783699093131595,9.45740182492343,7.733211245619863,5.047917648681921,1.066552818879588,6.781396880363887,0.21568625708041633,2.071378681121223,0.7010053349961032,2.1493000658612162,0,train
7.6295657286955585,4.9850456729674315,6.334588978853907,3.1194060080633097,2.8653846841265027,8.593967261653036,9.44958829419688,6.914078274981711,6.821395080742666,3.8349827052397845,9.929513571700552,9.380880689094646,9.883428338408185,2.6070903311837634,5.508128504530526,3.6188722081072977,6.233482635539881,0.14164258213085756,3.6400531805394243,1,train
2.622242386797044,5.602661990131722,7.11131430295063,9.249146167691409,2.6786106940086283,1.6378364115023658,8.182557035451241,5.959651136703451,7.890747711374791,7.327497062927646,5.093166776367016,1.4377968377868966,2.476023844632902,5.595236266780747,2.4006819798661128,4.419044328149939,3.4700046954671135,2.108428246349603,8.29934976956008,0,train
1.888437033959503,7.570936296301285,7.6283248339950145,1.9207303851856232,3.63241283195622,3.6162513274864128,8.757705016794107,5.8604223528745685,9.5586093639488,8.311386180967972,0.868055133064578,1.7072566601190786,7.420520061821079,2.2791189267141387,5.772566286353776,4.617078226371751,0.8564827363556915,4.583255187233304,7.659144583053358,0,train
7.918102305939334,2.409685007220373,5.0300787122856505,6.035128365684859,2.8203078876434837,9.721780001729778,9.877546871530527,0.8956937476286098,8.098080913256304,8.816711443270055,7.347048185299279,0.15443438651059904,9.472378562221163,6.282728135360372,3.582084410529923,5.025490029134769,5.128259061516795,0.21577433469726515,7.805555417245297,0,train
5.017808553162199,5.697600380208103,9.66869066855491,9.795364145214265,4.630906128676266,7.022117427110488,2.1043007860982232,7.15664572875264,0.8041585128345707,3.326526690140872,6.978261224179629,8.277583183993336,1.0860237290016805,1.9695168800086793,0.6108628569117025,4.793412327470241,6.741190675865801,4.851196450072982,3.234546117873939,1,train
9.750584339026554,8.926078704043926,6.370854804505876,9.122882776109682,2.935766534201447,0.16028083349373667,0.4555584149622305,9.756881069731232,9.238889340771,9.609650395217075,2.7673496268499678,8.741759212454681,0.45549918963375124,2.845445241039034,9.78225211071872,9.793458451451055,4.075827810060396,9.118611792052594,1.6210992373383504,1,train
1.0908470238695185,4.9590702536848195,1.8004346624154208,9.637841975495082,4.527668504417267,3.913938508961472,2.0432686353813856,3.0999783053252705,4.628100054573144,1.428736765186176,1.3329940877201263,5.122475909712433,3.826277708708241,2.545262740684894,5.675900197002291,4.750051743359105,2.3341201202061934,4.525859113661397,2.183776926614669,0,train
1.7538992634130506,2.8741427032089772,8.356422134375407,8.439546722364675,4.811379953953151,0.9206697463282687,9.606615262141435,1.950086991993144,4.286109708110062,5.814905469527455,3.728557271670897,5.097908848603252,9.509191723385163,0.2951140763341553,1.1834176088261528,5.570946747878781,9.461127783717036,9.96464019951153,5.059803212397872,0,train
2.472518436634288,9.68146670783577,4.689645332601694,9.36386259264441,8.834105678978325,9.597686078163406,6.193948244148755,8.66407279121777,0.1932787415121051,5.6267476077826455,4.984361610876653,1.1470714479864863,2.2660816719776724,4.528424897118581,6.985620993644637,7.20048865275423,2.582802946557776,3.7750537284830687,3.612577363493182,1,train
4.5082906604171615,6.797613004815435,8.614047658212707,4.968010833892728,6.216655985024522,2.1689705959012153,8.790809019764849,8.511678644528676,5.312547552906526,7.353109520023206,6.967985822091594,7.647438590403729,1.7901954497443562,4.242853284350787,3.907085838354835,8.449025398956083,8.684267496442954,6.915731148417618,6.535548381037848,1,train
6.607202993203551,6.910545764094385,1.6833290489979462,8.009190097837568,4.094263663956705,3.343491606910216,1.3587636033475337,6.056178010810264,8.731995668999554,3.559576261118811,9.514272266638548,3.1291282936238574,2.1384587585652004,3.0668880843731205,8.128679092657206,5.032523019549845,1.4577184664564902,3.482395710118771,6.446114096336618,0,train
2.32301169939733,4.617534410438169,7.237168517555112,5.688421546503776,9.516776371731096,2.656919665635946,3.0431231748360954,1.5584001058422214,0.0011575398389351843,4.844238511945582,9.904422992110561,9.991909022060721,7.703627031711738,2.6981707605035634,7.901933234902751,8.245219672510038,5.3686045459775755,7.866958761820664,7.419460215977409,0,train
5.406579534357412,8.571843551878375,9.590265317623864,3.1801188276162997,7.793696766116555,0.3077052924310819,2.784905672315255,1.5971199196318486,3.211388310481568,2.7785419641438014,8.11528252532193,7.160802409780294,6.83604948530783,6.379914134585711,2.1465927922510586,5.951539629586123,2.627928068681208,3.147753553130481,2.9171485930631924,1,train
7.96815648327044,1.7669521199621283,7.252500823754027,1.325593091705719,0.4037061980076406,5.840356820047062,3.970509000021977,8.049099044885535,5.378467735695638,6.724588193608266,2.762858047941956,4.98377464884949,9.095864888095027,8.920859042246649,1.3030489685336577,4.753755800995728,9.904740853731345,0.9433240992378644,8.00525113509022,0,train
3.8350390328652098,4.042190926396293,1.7725508483833807,6.319389169158146,7.945565672361604,3.656167649675901,3.9155824305604425,8.054726931923426,6.7656743998693045,3.457902937102759,1.4009645048633912,7.578672862927797,7.984587418461208,0.4409343683774303,8.18130182527135,1.9420730074905723,1.529873701059179,0.5166295948000255,3.6208802251830874,0,train
5.769929289565764,5.843939057122676,9.0122624150559,3.912161657047017,5.5692788951733005,1.405189380948526,3.6168007576861436,3.683319613501983,1.902325521904431,1.0927241310105962,8.399514755697039,7.4742418057307525,2.9959802427975166,3.073163107217715,3.404091963865529,9.040388826854711,4.831261368674916,5.5749519610076455,6.578846256085437,1,train
3.857645701881524,2.17577914180693,1.690185285223418,5.345126421235307,8.965839704146017,3.1288474630713026,6.975724021911034,3.9486213215162955,2.931277566567223,9.300460897321702,3.0137658231053885,7.3688361041880075,3.4364822289362698,5.42051037680011,9.839623319422873,5.669835037242066,5.460144914451321,0.08407877543065934,3.0063831903625027,0,train
5.605051615257134,9.87457939233923,9.675793972006208,4.90222201159123,7.365495475562572,3.993562883083317,1.8600400829365726,9.965379082007637,8.061200110017554,2.526589080938889,4.357043210031184,2.9822553219305092,9.791168541803625,5.660653332222159,4.268630821694285,5.355493417504141,5.889000504136504,1.9441948513791507,7.954848429383729,1,train
7.496735097202567,5.623922058690712,9.27367591765835,1.236568610531315,3.63685021489363,7.97001322290501,2.9783619918890913,5.08153795292687,9.52585964341418,9.202975286629183,0.1190318464105633,3.36393922101228,0.9782497425157788,9.086331544560514,0.8588567153779458,2.8374586391210768,0.9910889708567905,9.884745530903011,4.6488405213711275,1,train
5.134650604659357,8.043312635146382,6.272640721152577,5.184914070120502,8.25113697598167,2.2663620628349546,3.3408288912491924,2.1695991653845272,7.957741917229121,5.647476026388692,0.6490905628767807,0.6296251217039606,5.667446661814449,9.436114906499224,2.7720787344971964,6.821983029048962,1.1774168735941415,2.7416085910540797,6.898625690213986,1,train
1.6527823395323318,4.355952837234348,4.260894552278301,1.317087332237666,4.752373223393517,6.87801080374649,9.73401292561385,1.6827716759249045,8.006113761359844,6.507781083352454,4.564099120117865,4.56783091627363,7.799077566747679,1.21643284157677,4.81310677858373,6.966492819388498,2.3119366528729515,3.1109346393436557,9.735473006555008,0,train
1.8888573195811609,5.498310053678199,7.789889453375445,2.7765205526689423,4.964634324717874,0.5161358954455464,9.661608662435233,2.261897664500989,8.300735108608905,7.456557263991818,9.531722498698272,4.039857598920477,3.1807910052083956,3.27916887902884,4.197309864919793,6.162336788632147,8.03384796099759,0.047488174673155914,1.5090525757786266,0,train
2.7935494631890014,6.017890367978553,5.8841742485605595,2.6275888182459135,7.2002246937008945,1.2779738536907792,9.046419346156405,8.01121089657768,2.036240446575852,4.20349010242137,4.90469016644795,6.458241404689456,0.5527150625045951,6.446367329916426,0.3873996827959947,8.445340523659517,5.646720217899218,1.4491144304601655,2.053984043964255,1,train
6.608624019850383,4.212479779687368,9.031466727263355,2.9661455679657425,1.7651458629620465,3.8137282721947,1.1976736445648561,2.9377843411369,4.188325581203608,2.8529386509661525,4.571946495642213,5.858346237197916,5.9044541536485085,7.590759708998425,8.518278902975808,0.6783249138243197,6.986760385527667,1.102849866054083,0.5945321473079968,1,train
9.7097219035943,7.229731584837723,1.76790871109239,2.491812957912165,6.9711008977209845,4.193959913329688,5.731415096401147,9.485687989672623,7.174949099429316,8.869305922931012,0.22506190247302604,5.881491283869109,6.534138869453773,5.80779251342058,4.803307203268906,2.219644681967845,0.3651298437315498,2.387524728116123,2.5169327949966425,1,train
5.370733888675889,6.38054145378522,4.829014413079091,8.017452719269798,6.594060516758011,9.75934115759095,7.761051112128002,7.506764873595108,6.502646953472997,4.852369735568031,7.213314815908737,7.202079175169186,9.587209732430846,8.48160605525057,1.523573045851735,6.545021759359335,1.5896636670456388,2.387190430098717,2.1550053396966637,1,train
7.795408699821149,3.3141540983396474,3.906944747627491,3.842010439234992,6.17939655289976,5.563959261141768,5.111533654781585,9.831088802389417,1.5859518945857476,4.090342943928928,0.904160333835522,0.6521725451733995,3.5966326391545964,8.000360186521728,4.93584755959385,9.198395598402726,9.880579016646406,2.654651518804175,7.1793966054849765,1,train
5.386780701203167,9.251321075782728,7.31386884803498,8.67592972137793,0.4259735311549029,1.4769719750718369,3.5177290847038325,6.054299006038492,1.9911993629895963,7.574007524972599,3.1936517722971924,4.470877643820118,0.04801976603166169,6.679595475042001,8.885004184812358,1.697100489750205,9.806922708286228,2.936765963485839,2.6875654895520142,1,train
7.587830852789318,3.994081785523676,4.79871783868637,9.204686685696204,9.734248175063575,7.93675527508424,8.15604728136949,6.904463832712885,6.471232385475682,9.87932879931633,9.62130681696009,3.3145491706977537,7.213243476656437,5.66803956161444,4.587534766660795,0.7465712108126255,5.275224542469732,2.9473819384956377,8.059206634873126,1,train
9.199785353807858,3.88226907623228,1.448317380060447,3.860114310575704,5.34490153206678,8.560034406672273,0.572867291291701,9.83169797783811,8.89742048248779,1.2606675720674476,9.34453747726947,7.8346112487427355,7.567232443260405,4.3079647933184635,0.9388539597410739,6.1641531326980035,7.008452428026101,7.791424543147361,6.668920723797067,0,train
1.0949396507389593,9.785744799478325,5.48745505137072,8.076999042339304,2.5097723285847606,6.571776335265273,8.131761235317441,0.8876898534399447,7.5109464163680295,8.59774423668371,4.470785997844111,5.760521949029792,7.405869990024892,8.336153809008827,6.24512044921853,6.9776784702563095,9.26375951045513,8.011636007061185,7.19135200107428,0,train
7.393796862096317,2.5599963746155217,2.8815201248763556,4.256153431558814,9.529919656865932,7.826658215510445,6.0626429095797185,2.3688621488415773,8.628597295493199,1.8732566707128118,7.528456503664927,0.19162447597972032,6.7785993893748175,6.032107452512055,5.925557476121776,8.019948833368373,2.954991381710789,9.022661417667482,2.458009872965845,0,train
4.906995027167588,8.165672546389027,6.552761120070653,6.808354219851117,1.2425255417940662,5.376246847591534,1.8447637354267943,8.693236545874607,0.10907070472124691,1.754571095383759,0.7556506509540084,4.891052814487702,1.6987917409983266,8.92111215475031,3.395488470593959,2.93296230660666,0.773302640998339,9.81101809487106,3.7289561211198596,1,train
6.186837193471603,4.863956437428411,7.089154672312993,9.513720425247453,1.8514611730415886,0.17107728255447596,1.8884115389935885,4.054786670581471,9.565563507800968,7.3453118607223535,5.231390547234344,0.7472140887048329,2.015776212413355,0.7404449449504868,1.8790585456496423,5.487027221244385,2.0459476577764866,6.028836594675218,8.23277553883659,1,train
5.045322388206302,8.47737427701173,1.6173166925990294,8.731786372416655,8.011519092282791,9.450058685192365,5.4969213475741014,9.854472827825713,1.194378798216803,1.1715178102582546,1.3755145789732515,5.654962697231864,9.032270913673903,5.032595815794453,3.0452641639197187,6.417557703127215,9.541084693851337,5.823996345894232,8.250376113898017,0,train
5.545570936767033,4.133610963935485,3.608553306430984,8.041186546191328,9.414574080151672,6.097859713561825,0.08343966289669824,6.385549971984736,3.612908435544988,0.7229964901272934,5.744455347190181,5.944861378319848,8.336172534826654,8.307895656922087,8.362866646220663,9.588384473094374,2.9599932896544043,7.100269107466723,5.924813176673849,0,train
7.870340915533502,4.6977938949816345,8.046886685586156,8.838284678309705,7.541882788161622,0.2706205910585302,6.954941155865072,7.061507882180668,3.3419468716338887,4.205628478163899,0.6198675680146049,0.7804292088136044,2.271931359270918,0.9589357392481657,2.365914462033815,7.567122684911091,4.692365408482218,7.327188538847365,5.756599691298306,1,train
2.0500177090585407,2.512790225427741,1.714276512631772,5.143935144097604,2.743830282207912,7.108683449819263,0.5230297987799548,6.565761242235899,0.6265528260025977,0.16344505682257204,7.934365746404789,7.493479014518271,1.9550469834159911,5.418996121757271,0.7992910566188505,1.5182425661064702,7.090666327509515,4.59025246481263,7.2996599642751505,0,train
5.83582388620037,1.712200871908351,7.120049242147986,4.4573188369250865,8.448775512652645,9.794655389385428,8.817777337736072,7.117411390112183,7.77656770779512,1.9659446268826397,8.084191544972173,7.8044903239037176,2.1788256928203644,2.0837595206070514,2.685845854128436,3.5139201002707408,9.271982813569798,0.572247821724734,6.031215898328711,0,train
1.988184955297684,6.739525454917279,5.482136271497836,4.648481030460106,1.4504464904080105,1.0375783246910852,4.865827669465023,1.50202208738219,2.8342104692065107,4.913273969480879,2.244805118444959,9.24566209527062,5.6191348110348835,4.887673686454589,5.037889226892135,6.027839531085605,6.5294225199275076,1.1959549720110496,5.409838722380016,0,train
1.7664752846771232,5.718527819133673,1.0647598242100988,4.587355538272415,5.963616127049097,1.1564155398525222,9.673740385911533,9.226708537944004,5.060007286234109,7.516558207240526,2.6119026094862208,1.202535332945296,4.678426195672632,1.7675330079734564,7.092327447352807,9.824458904764303,5.619017325763206,5.736922898053191,2.1041562621415677,0,train
3.97892500280138,2.320948981276906,3.1643385395461636,2.5252078869966668,0.014201737533259262,4.274295473545874,3.2633370819629883,0.05726424954798359,4.715728288983759,4.689545804933428,3.8150762901259885,9.474248071800357,2.8820453708730955,2.6094541226567203,1.3565465331581494,8.308530719081968,9.069498500973888,5.715094453332296,5.049345890669211,0,train
9.936852515167525,8.179221552702414,1.1702576803109117,4.171376878611186,5.554678099634693,1.050702660297832,0.1019308946740427,4.885170883939214,3.0978441497829436,9.671345590485272,7.474828277820297,1.5366611624412863,1.8524371098800818,4.119603838104421,5.406095645928069,5.808519514386915,0.45441532399999707,0.5803672036633201,4.112667709493605,0,train
7.414476487287491,3.5313990230007324,5.904612535197163,9.784408318561466,3.360061765463216,2.4966082483584873,6.53336074558677,2.8058331839333164,2.5665080815482035,4.254347731342508,5.049530215750889,4.545334720810268,5.240939254528339,7.3465561253407685,3.0668173056053782,7.346647837091343,7.626155625037839,9.050767725401336,6.348651483908484,1,train
3.230788467937637,7.319070846892344,4.034867426749377,2.2571167559741703,7.426619577627626,9.436100936451334,7.757712665622733,2.80534861592987,7.000684460778995,3.884389203603442,7.300916256215666,3.968091920262223,2.362179769442055,3.6234096957584083,7.455206353121922,0.48282050302985047,5.398078191606402,2.1417552957398147,4.6634644928287265,0,train
7.885482446155865,8.138658195460005,9.837562497197132,3.8929651404616257,5.97964071783399,6.225402164976074,1.9795284097114307,7.673856433680676,7.021377999559104,8.690679022182945,9.648874019148945,6.412357408521315,2.9239601005187787,7.116562871759643,6.007731925644063,7.625644654958314,8.44785546763957,7.729037904551706,1.1507653520663752,1,train
4.320703333390431,8.64548453349815,1.187428230322924,6.272015642513803,2.810350509876195,5.913241123279544,9.205022893086564,5.613327215579855,2.3006635396869446,9.78191920879011,6.815360106811793,6.681690857243171,8.366009304274366,2.939088022829771,0.8415603925992354,2.2055300446207795,0.4689605148843834,0.1845377021354322,9.922331851529524,0,train
9.555270215040109,5.811930286785509,9.127519413343812,3.6332107553856257,2.510675118737984,7.337774091936393,4.242531818574454,9.45354534872464,9.521226991888593,9.73349127511711,4.631074007533355,8.368850907705287,1.1616985715205397,5.065730653930084,2.4343871283759944,8.80117314056099,5.917901205386972,0.9062565049276805,7.540990731837194,1,train
1.8341466894889995,5.794896520937541,1.433254284456724,7.397243134226975,6.798147501238317,7.261126022627313,5.031787922901786,5.498966003285016,1.431432747886825,1.193557050586962,9.487093112021936,7.231392162164653,7.832803554532424,6.333233843942725,0.3504962088992458,5.533394764288181,7.232930669420842,6.930819507381108,5.112083171739745,0,train
8.42462625495845,6.026608384454266,9.7397334004634,8.44308550939334,5.495981762939076,0.75130794112786,6.390553959489963,8.159295208265409,3.328936532896707,3.83680564277296,6.737320884951931,4.5130766254576375,7.41925720416785,4.878855438287549,3.654493412133397,7.946081805001715,1.7654611795457642,9.407628153253626,3.2882505305714336,1,train
6.355105144857989,1.34199227847736,4.412246356281425,3.954995179678519,7.854889470967496,9.153761717314145,9.504930571714771,9.642956169585965,0.947985745573714,3.938115761881542,9.665870126487226,5.516899291894144,3.1098594876050667,0.34751859578821986,1.2718340401537476,4.782163236310115,5.4702145805313585,5.754135823809491,5.79227700198511,0,train
6.467665579695618,5.931527213329195,6.404632682132807,4.314727454559148,9.949025288738673,4.370219502267478,8.458238206465255,3.1896149603881927,5.079652813667214,4.005873207598642,1.3882510240796309,3.275129003822493,7.196557104298441,3.4203469298611355,4.543686805655259,8.311919885586516,1.5181037044281165,0.9280532452490298,4.9803877106442815,1,train
7.034699946763257,4.990291183055143,6.780779816767502,5.39575610566106,3.8999943726541653,9.061851080863326,0.7080583975645371,1.1723679559944467,2.6533801208991026,6.882384636368895,6.6713107280616075,0.7359759575819214,8.601531656255311,7.678446259256594,5.514212722377151,3.2676538090258624,6.231645714571829,1.400726983735281,5.651559360320335,1,train
1.6018081400486948,6.589411170255935,7.076310779094613,3.0519104392092125,1.5377911955547308,3.380023419632919,8.709838486256004,5.200132247654069,7.868344465693477,6.232520248536021,5.092754389812788,3.3897064179414627,5.8353713049699705,8.408733365623522,7.887237727815103,0.35398585172562336,5.912695969034935,2.666802928751415,2.917082103414849,0,train
8.383775709912811,1.193254252830639,4.98906805697333,7.581040497235729,0.7935342495607411,6.834185493052751,9.197370560879222,6.047204960646702,1.620694292076894,6.258539259774811,2.2585817185393164,3.0662337480724124,8.169571435944816,1.0424810272956642,8.904102353247021,0.685526765483303,1.43840222424093,3.8868775806850775,5.841424645800232,0,train
9.15814537979388,3.991828700149952,8.51994598450056,2.994211457179577,3.759670104797417,3.090732193752838,9.805624855325723,6.427787007697586,6.574198457964441,3.355306138797137,6.939849328288177,2.6095784156034285,5.576245714577581,3.5072014490150694,9.976248519538371,6.43202037378934,6.7614105080087334,8.756331372565729,8.202956239556919,1,train
8.778717828944563,3.266389922758049,5.566067937496075,4.500439959620549,3.4314752152854258,0.6942349674442172,8.850587040385738,8.367635855429786,0.6775216961420716,7.717638615095663,8.300368205591962,1.1405916456909082,3.8407908433132896,2.3347334677240683,6.825926717692865,2.6406401193040163,0.27727837662126276,4.44127383496327,7.434240829851397,1,train
4.280949145763471,3.1306926313286536,2.55867375804691,1.3615063092018571,7.851138409601793,9.081399059927213,8.952290530186852,9.126001160385272,0.5614264848813444,4.482040355166533,7.933483577558511,6.125112423976268,0.8179381031816779,1.0970463492582594,2.7008485088433085,1.3607255747613078,2.210488217473263,6.791990130276035,4.603033490251986,0,train
8.998186282814455,7.7881596224125,6.233556124048347,8.421752583958385,7.727070204341912,5.781559597326108,5.16670956888556,0.01883908410686086,8.645262779460781,0.2785822514850167,6.983427816505698,9.582383373331865,5.298246301508934,9.116750360840914,5.618195826020561,7.703792362167814,3.979114036258866,4.465170691460266,8.405344533497138,1,train
6.022250973149896,3.579262561079791,1.7273382513030326,4.883184247908445,9.023620857600129,1.783488077131461,1.624414041646286,6.776739034136133,1.804905155282801,4.563465014912853,5.239707042495631,7.924483604536884,4.419581572836137,6.360752538019772,4.175717358915461,3.885751362762803,9.907116537754511,8.56150864597112,0.8737429199128766,0,train
1.9832387496979176,6.300873690051174,2.1116446970210268,8.381393613663636,2.5756742355290587,7.488271843418818,7.936736352801413,8.257988135523393,1.1641190320239658,9.860758618494213,7.684746449461649,1.8011679629688393,5.516169906553009,7.88871671813017,6.544076664164744,8.312357987760207,2.281386903703658,9.755503958595025,6.789113461060081,0,train
7.360176106792775,1.4754786632873889,7.1881686469086175,5.495878572641469,9.202513126516703,8.624107034939318,9.41959710052742,0.7163966109581443,3.0902743058180624,7.772904334465741,0.19199325256548994,2.0222829762765917,6.87357557228316,2.5526943024582094,8.003122837213063,5.343900535368328,8.929910693967006,5.974991842722954,6.600498403439156,0,train
2.1372847244612356,9.493061959926234,9.166352520039872,5.460463755970267,4.071414865458351,9.836646149252056,3.803268620145471,2.3819255602253064,2.095783948633078,6.5966553806986195,8.682770670039343,5.031611751941188,0.7020850605339701,5.541606560088146,4.8641156482817,9.66175892754913,3.2320444937010406,9.55931297536889,7.116286656645388,1,train
5.00262182835166,1.8462524122306403,3.683661273862338,5.639065381666464,5.509640420522567,6.266080762993271,0.14377138450223592,9.128477289814052,8.036708178621087,7.534228267684423,3.012625580574179,7.4604002929781625,0.34642663570104704,1.3286065112056256,1.464452302123408,0.47783412853049323,4.008329223161427,5.285231201881362,6.9325916650853925,0,train
7.206273045996095,4.883894323421527,2.408672370434786,4.135689541489752,2.9873173738979855,6.1994215321256405,8.063778805972175,7.941458228920969,4.686122438819043,8.682626669912437,5.85801596479346,5.9160628652826475,5.578874298829772,0.037503176298306906,6.135429962258056,6.372817840636463,4.120883450752525,8.39374940149915,6.593087383013404,1,train
8.912304576459022,8.760652676402326,7.262414678052347,7.0571809196442405,1.157070746576071,0.9741086412968658,3.6956229630161532,3.556439257628808,8.541746991418789,5.737810852109273,1.6520291628529837,6.920898405854875,1.5283655395444895,5.02426271379858,4.74544019703414,1.380717473879518,6.440963989087349,2.0819443118136096,9.344787883512977,1,train
7.724503575070582,9.638969404346344,5.555703806406845,2.19248497380648,1.1290964967851869,1.1021825233694116,3.824214313997767,4.403393312652751,2.9294732619013053,6.216581487406552,9.373375825501768,5.491537933134643,7.239553148896418,0.9415966542955412,4.731604657215765,3.5236230089515086,3.071596033370725,4.643626993476428,5.810217768003312,1,train
9.379458669053966,1.5013874246267775,3.2220725110193875,2.743421262817824,2.8540456605177003,5.240123184279398,3.0808330662783523,2.331652841472287,3.9461727160318882,4.4387870446082385,1.9094945251297424,9.202013169397945,2.0037863442600545,6.426701572470762,8.04334176302847,4.677070313251238,2.7155925192491703,0.6033194406269804,3.01480953490757,0,train
9.35316332039701,9.35785659838588,2.015206301623508,7.276546010030938,3.993164188498153,5.963764567199878,5.191401424205164,5.725591758346441,0.5754674284007,3.6586296491130508,6.2804401073597305,2.016798063095994,7.035829076671773,2.7367329973858103,5.534303906206769,8.176342153185107,3.892024194888953,1.0148255419138574,4.19969492928216,1,train
5.588011199009587,1.5360994362598663,7.4119897031357,9.05783332960812,5.655932974511345,8.71607036381898,5.003432423312568,2.0583661739558554,4.449104377429519,1.2911076729884574,9.77291948971602,2.0849337471549956,7.682514573746577,5.8078126119227145,7.6398012042078935,2.071262934396816,6.8482645193661345,6.692513669145694,5.486181845407342,0,train
7.347357641058398,8.91293701603185,9.49071012634174,6.428913259948293,6.757990105594276,0.06995839212520005,9.893944618745026,5.271538059386341,5.371913038277894,3.0869383534732684,7.798961625661858,1.5076796830330186,4.36416706003519,2.9626124053725955,7.840996025234029,4.416926518842523,8.32491070515457,4.361482105900828,7.559172205866962,1,train
3.450025387797657,6.772862489780121,3.607977251572799,3.1088833553595228,7.681611904985495,0.21991370791689113,6.439423778430435,5.44236514908342,5.45231690818551,5.760553323231967,8.834174273473494,6.703069217126347,2.2675491947743676,3.524792537307535,3.5757189543739543,7.467646283608104,6.139924944970023,5.150749218612028,7.136154139679409,0,train
6.85944856696125,3.920533166940758,2.168107391417722,6.1341787180445815,7.236406184926296,2.4687261901275495,8.023604491954222,7.730471985401292,7.990673938423697,5.477568008328463,0.22897516810680973,2.255658298044282,8.299210041665074,6.757691310998128,5.272264041509858,2.913762835100159,5.43888749891051,2.0951533586436266,8.740616337355284,0,train
9.31186798348044,4.509388206846353,9.736063822270069,8.209059409831907,5.121670218753017,7.446405718512095,6.253721803367264,6.435771769285136,2.041093273188107,7.49609520814222,2.388268219882077,7.180844078652468,6.3359455473212725,4.505989739123613,9.938018238166,3.5329495185300344,0.999617002840355,8.722918529477466,6.282652702906006,0,train
4.4504487770764145,1.1129464554831543,7.76197647728837,7.079199089916958,0.1910255124297522,2.246987772222595,5.329563832329526,1.9328743705509566,9.530410135903901,8.656038834957702,8.685096132269802,0.8260704841118782,5.645011824466824,3.0196068739444017,1.7637024063309903,1.819422478605448,4.703252882726846,2.333129812925885,3.809555567381735,0,train
1.194984028983657,5.2686463900969995,1.5967414474301052,5.704298345186872,3.5233514235923016,6.334679223908365,4.855296637091967,1.946531519445689,1.987778007641372,3.0921325451090143,8.1259295425682,7.80475100385461,7.723420431836116,8.74661801729516,1.99034909399746,1.3199695648047483,2.8580832787520025,1.0543892849758851,4.994832623757205,0,train
7.727725153239954,7.7321540137756095,1.4649196951679715,4.714135556463213,9.781545407471544,2.2130887288433385,1.1709362837715687,5.929346434638182,2.4512621117618085,9.763337889929213,0.4273914520142119,4.561961430197514,7.1119997960182255,8.283600767027584,7.736990958690278,7.463497700253722,1.6533380482491267,8.700907999557291,4.071841510429332,0,train
7.506127560221796,2.9657704955324817,4.34121081627118,1.2834084247026936,9.791945596931209,2.460361534519876,8.964272525123718,2.7008124894867356,9.956394443413823,0.6700068032664752,0.5038514923662685,5.5025991046150935,4.662886485252814,9.932309021770783,4.29733712942833,0.47494590284033245,5.109725705085849,9.592757732306026,1.2425891634605002,0,train
9.0897491511947,8.509258185850767,4.397889521374966,3.150001931285643,9.547291303646844,7.63181936629171,2.3619590595063866,0.5463686676190849,3.242770664839314,0.9810446093550373,9.342127408761332,7.267554718004897,7.093619757233917,1.194417849543954,1.8967425401343752,6.523461774336219,7.082361952815274,7.600871455395406,7.042998797709922,1,train
3.8263575699181502,3.949165657650738,7.318160125691947,3.0231153364858625,1.02289986875285,3.045926905356493,2.0480184347663477,4.612792810556112,4.507978268107349,4.455917482567477,8.480213170975158,9.296408907708026,5.061732210646921,2.25311910497765,5.5452379681083785,3.7225615571617467,3.219144270959522,8.36338740265843,6.676104542396199,0,train
1.909992853336967,2.902833179265449,5.163063483839096,2.8474915017889613,4.545830953704602,3.917475135682608,1.1513998445205742,5.652036192862136,4.988744786859298,7.6813688546509304,0.8393086427514962,9.677144573122519,8.085933666769268,8.278643620550286,7.262470366129471,7.35523286818963,1.879937921871535,3.037181916713952,1.7059393318344651,0,train
5.668058964240688,9.6607005545067,7.61199071371295,4.732791134420003,7.18850038059795,2.9678993475119064,7.753396982057127,8.37212264755542,0.037860873576542886,7.936721454602757,2.2161274589137903,4.6315511064702575,4.954706718680316,5.158465648969609,8.780004351162765,3.2524385393815844,3.7735018498219763,4.945262735386336,1.9839822558125997,1,train
7.988892046839406,8.16059419405144,2.533349023201874,5.318573776087064,6.365849888755443,6.755675396611541,2.8603969172518484,7.579857639809116,0.34246650976385906,6.361425000655613,9.715776825234363,4.174785384782144,1.2588733478104408,3.5028541251395184,3.344282400142321,8.231386499886344,0.3794625685019992,2.2541152975908627,6.706075060650897,1,train
8.243865199666724,1.4522693075102149,1.9388369339285147,8.144849195766165,4.563659494581671,8.93371645684921,8.417754250804961,0.32747568004834804,2.0011907168967924,1.655570990059756,2.8857036363266655,9.13945934715509,5.152269420492034,7.40889719077693,9.423383454191015,3.151792220291205,6.736582506422055,3.8924869956435404,4.410795053273375,0,train
5.872112216548914,1.6277966187519146,7.1480100950638175,4.008754356352755,2.3374501994466614,1.874209671828052,5.67424776790225,8.339692675969754,5.16597805981574,7.362895625738607,2.8249318445831584,8.750708290807626,2.638737501443803,8.212351890800846,7.25249035566785,2.7224671075972084,6.596285882934683,3.918567162618165,9.270423054409099,1,train
7.851170883147244,6.579687121141468,1.4282074791955783,6.588214801405693,5.120953560035147,9.104093783119112,0.21389937516648638,0.2663934582154337,4.728456464152142,6.064060739236209,4.2588385551954495,2.3736643809240543,5.082457229463984,1.4432728683152718,6.562127175347555,7.860345786134816,6.42315703794173,0.035073035068393654,0.4029884297947972,0,train
9.496560002023193,5.401707442715785,8.496305110813225,4.159494127368452,3.5988558329981712,2.173804709538155,3.748524462862669,0.33844153509398067,6.662253708483402,8.221912247606383,5.93998607449603,6.650449344474621,3.1680273401346506,4.859232497528035,6.515392255324773,6.3861112332028895,4.202065962246801,0.7431486749713645,3.4312657893223175,1,train
9.430536926711678,2.005079698915071,6.113429937707493,6.5965053055008465,3.010449295132507,9.813488967393926,8.982111010110465,5.681746574871724,6.972979308719804,9.869527208742072,6.595927585251646,1.2855964172579415,2.7711715015351936,6.031639743537868,6.814033964303629,1.8019993830315317,4.368244053239047,4.0252909827211845,1.5306476138993008,0,train
4.689668491809554,2.5913261777128724,5.475607287167462,1.9417457073492397,7.09543230294854,5.156260079976448,8.706580210792495,3.8044127425147503,5.5313574603854505,8.75850189745806,5.432841866383084,5.783633667374017,7.639981289370896,9.563123963730746,4.4085805670959015,4.563527516516025,6.853128032383569,2.345157869772722,0.48252835761981916,0,train
9.442976162411972,7.079988124727168,1.4559218764065385,6.582652115207299,3.11900110569842,4.024844426041604,9.643665196615663,1.152533771390405,0.18073481777099665,2.8922158062441774,9.845898459171904,4.460273071103441,6.326483991106117,9.577154695935874,9.66982428290634,5.393493705093661,5.920218187262489,4.78625598434557,1.0466717983574714,0,train
1.2210426084000692,1.7562089355177228,5.206747793166887,8.077805876737504,4.633190974326995,8.586124828614073,6.024847811197242,1.8711736320760952,7.950139131419118,8.960046665307445,3.372946839595291,7.6120764231859415,5.376908560210549,4.834580230099792,4.973076774227353,2.0104175055124496,4.390198170759659,4.3881795291989425,4.362638599493723,0,train
5.652475415829444,9.330995651886758,2.6555467924729257,3.217990227709316,0.5201437904184603,8.868264138671456,9.653797236447913,6.8479732599347845,6.1387201988000974,7.84460297097489,8.637143382752344,2.164581025881307,8.928948098410338,1.1416186123327832,0.70915387637282,3.9063114945021624,5.983087311105978,6.125370841118688,5.555902298721519,1,train
1.725202843737882,9.041412310879704,6.2289551740352405,5.735334898643673,6.652734026761782,9.56256290492802,0.6507783459971617,8.528956818599125,5.180158131254048,9.14208478314208,6.315691056892648,0.03681961865352079,5.614251440272699,9.155886581443854,3.507548383716439,5.9763051386455786,5.034627957498028,3.128324979374085,0.2642818941848857,0,train
9.30635949215106,4.064738762647792,2.8586231919093725,4.830751373387355,4.961845583897969,6.520200872886772,1.5465061709038475,0.8911373846861981,6.0467706689634495,2.7181381193046206,9.930771327438096,4.7900685720637695,0.5307029277692998,6.247899608240209,5.124227687704945,4.291109139993604,2.4075098817573726,4.369461277839309,8.65450299878573,0,train
2.191530240161524,7.337996141481077,1.238601056991011,8.230882735323627,8.231891046039808,5.05072551469974,3.7002743690131465,4.560326701081157,7.46050596776055,1.3451166573858897,3.6038481380605347,3.314119157683011,1.8851901430058104,4.712666813447618,0.17065507483936093,7.334223628750229,2.237822627959183,8.261477860101921,5.284170136356875,0,train
8.796294486973029,9.377782887870508,4.4696330242783135,8.579261986128307,3.140079654568174,0.9067091721174014,6.691331986136087,6.534904916649147,4.761799557805308,5.461666256273983,3.01979149745335,9.976918965625964,6.055098414350749,8.47315426918276,7.598559730003834,7.547410679292412,1.5264479785442386,6.6786887787680085,7.3104283294371175,1,train
8.697654051515032,7.805303420521338,2.5163838060910635,3.802151251483593,3.016681176055438,6.937922660212681,1.0112626096626254,1.6762263060612603,8.649322046694417,2.768294803435789,9.06880374763569,5.406768637163729,6.2640657297951226,6.676783753064206,6.601925974859499,1.3230648921412125,2.0544709518041673,3.029923063272525,8.569546899944395,1,train
3.900518997812773,9.206665350787246,6.6948957859880025,4.834748841580416,3.572279819410814,9.788719983457998,4.399460888415624,5.932285300370751,4.753297096207605,4.019785507304543,7.981000568936124,7.123752616042841,9.545018699690255,7.30564505063953,3.8388676515749376,6.190762941458808,4.007228741530112,9.181688343631764,7.116024898357366,1,train
4.698152503154431,5.697742012872034,3.5055123643366315,3.1777565102356817,7.032241478436293,4.669060553555282,6.590763329448572,2.011308598247896,0.45300914548871196,4.53509831980936,7.7915547085619465,8.311949795275801,5.464548262463441,9.484636664835023,5.599357858529881,5.699168382744188,6.144609609230698,5.283383099507012,6.263377933949618,0,train
9.989726087445987,1.3167167433594045,4.701839899802618,8.518704210902124,6.467345929849575,1.8759017659723742,4.246400335877603,5.205235726152013,0.4330886280492896,4.890139179729344,4.899958000025929,3.9458962968872346,5.4243580484781715,0.20288085460995142,5.5602947114892975,0.8773302692011953,0.36996794451285675,8.759228736263276,9.278469080899864,0,train
9.0345017015385,1.019648876080829,7.779489224682068,7.5269693270531475,8.910637895467765,1.7942697321649237,8.616203022121962,3.866732796537776,2.773187032910677,9.103133286657739,6.538395510322309,9.687325487806513,5.449606454157326,4.088830437182667,5.194062868619737,5.507252769866327,4.699865309671414,2.527642895009893,5.846363780637236,0,train
1.1275254829979455,5.755439853272066,7.149926961303722,9.30772678678882,7.5164252887471195,5.382057726506843,6.893842955604203,0.26145044315487365,3.523641299397542,2.9465710390148003,0.2627695446363343,1.261066430741855,4.910448895412207,9.013954018607592,1.7975492207400812,9.385439994791238,2.5525894495073898,0.16661575351633373,4.569824268991216,0,train
9.237784900178928,9.029132904173627,9.510382928879084,1.3515371425350562,7.395755380863696,1.4936631269202516,5.576714076273646,0.7489714301970596,0.11547264459484285,5.99821577409285,7.976899020705206,7.431616963097971,7.725792525216919,1.7828192025311296,6.396955419724687,8.568006514482034,2.918970058428191,9.201715774205262,5.911286189736257,1,train
5.667277163410692,4.8201769784277815,2.158072020246706,9.208767398089792,9.68339827808754,6.525916213907886,4.884956321999432,4.560326073487704,5.044458745210201,5.353940732581757,2.7388356845264026,9.44365232297766,9.6727143971559,1.7587443740492115,2.412046321713194,6.545555848261477,2.860576855060013,0.9330175456418699,4.824493399542287,0,train
6.755577913029015,2.844929465096387,8.28189024481192,1.624206889954968,0.15518605035085176,2.063960054387153,8.767869045653216,9.117299189032869,7.5986296706447,8.873347709402092,5.904891361663957,4.553509220065081,9.844910433028723,3.083165645997604,0.9128341639544635,7.207170679662575,6.6141541775168475,8.860856811607313,8.24917358532949,1,train
9.111008687056252,7.302634552191341,7.19206586516319,2.878989563015295,0.0838334184332179,8.534425024015414,7.7602538515482875,9.616913404203478,8.512807822528277,2.1462061052049233,6.02758899678456,9.761891306874304,7.556422449460262,2.499625258868913,5.2316827613328485,3.2501201905711663,1.5883336273394333,1.5442634640052988,5.237286082836505,1,train
4.953890963865383,9.729058458404024,1.649235485183402,6.322362022811893,3.448076482555571,7.257988782905688,0.9587183659861132,2.1302474129219853,6.6203575367318415,7.319352191558231,9.709323456440783,9.02654574802179,4.96840743714984,1.8829681749688831,2.694149217485865,9.40688054760315,9.80892005259989,1.4411796392075915,4.733965121739432,0,train
1.2210051747848556,8.114071180917854,7.374058051110151,1.0717805775826523,2.7580677932675246,5.934347492827348,0.7352876916681617,1.5990858743018788,9.352523430247837,8.16399270744496,2.276654707390878,3.3615373316146133,3.5246092262531894,0.5792732098077591,4.925842916248852,1.875424859485073,3.0743047823154823,4.966459202725682,8.357272900135833,0,train
7.751676717952171,7.93399444786516,4.528451302084573,1.3447386419692564,3.704898993794222,9.70846423527204,1.943660394130896,9.31191708333112,0.14362393249507388,3.8872403310215518,2.925106158386429,1.954416443816529,5.222397065804757,1.3683311694057454,3.418493005444909,7.106884086839349,7.040317540016509,0.5092785008611389,9.455753237973244,1,train
9.22733849736821,4.799819445457531,9.188864595290644,7.395667440754556,0.08418111930350802,3.5082017473646165,9.726033450004456,1.2342539593268964,3.8662348214263984,0.6810825048908398,0.9107689936179997,1.858871098019238,8.529015717563889,4.295908111128201,6.194717744992043,8.580936517521717,5.479143786853057,2.152665318582704,9.141537122558278,1,train
9.951497241931486,2.308260242585782,9.923068756650544,4.514792953487466,3.626038791815799,2.8387742860875775,9.890575751174145,3.3593555137505247,1.6806371217453608,5.898049244198896,7.130288004802432,3.313584210004837,3.127916798614101,7.756770463119814,2.3306179199437427,0.9124364502687765,9.457469929055053,4.298165136756232,0.06331119558200538,1,train
7.466550278634469,7.065747506642379,6.65319053196025,6.770518285083832,4.413822260089787,3.6399639937708894,8.798223348735856,7.912048164935718,9.795956661058415,9.129671549215278,7.670559317307353,5.697114818831295,0.2051179139134962,8.767464329476574,1.5762915995765836,1.8878373467251552,5.406154188079258,7.623611506960415,1.302326987298168,1,train
4.826927001429856,2.1005542127516463,1.7744951732248984,6.016472393620797,1.56075607903027,9.293425528525583,8.774916373851022,0.6272004218948979,0.9485461379196969,7.837177196480964,8.59128345281327,6.025764678060598,5.848837866929334,7.239652821955607,3.826874452358089,6.192288679472649,1.7663207001913162,4.06773089486328,8.425958735562734,0,train
2.3082223746781496,5.961639215285733,5.478664709213633,5.8439327450744685,9.027832063987463,0.1792106026089657,6.133671712916724,7.6995544523155335,2.386040719577045,9.42640226579291,4.155829527024134,0.18363501405994187,0.4464619765424904,5.7557376716941935,0.6448809501543618,5.3232508171301,9.803346868273046,0.30139344900910525,0.42957526811736924,1,train
4.645491859021196,9.963164386891394,6.040910387239324,8.238307927035592,9.04709904188609,9.484195351355728,3.812433380195761,7.853565007576861,1.0112000664611454,7.874899316565439,3.145252179922874,2.9772679806959235,3.121803439993529,0.35872308980036016,1.7274918664271788,8.00171830115515,5.300721982171424,0.49607176431055944,8.110793866651981,1,train
9.666824475013588,7.881341199016546,7.879691269275389,8.462928015064167,4.257266977064852,0.059939563140464225,4.31093727444757,6.544511780626172,4.784208158436881,8.575728833890858,2.332406413553214,6.063150504907686,4.629237829040024,9.76014429495084,7.266543715987788,8.660450624789721,2.936922927545079,4.6677206784245175,5.583028149971482,1,train
9.929172410340016,3.5341742658085575,4.492826629762466,7.575273623485144,2.28202759232512,8.325674484644644,5.322442312083632,9.26481986821789,4.105634588616359,2.5850907527629263,3.6031939050785535,0.38434232368175447,2.0964896434730207,6.846951089938358,8.568156210804359,2.636367105914604,2.753432878125386,6.145362850468584,1.4767969085127264,1,train
7.873578119335324,9.957165501602187,7.629569146144942,4.437301981314143,9.87774004153312,7.345486823894841,8.027747864033735,9.20613085755136,6.795209199073858,9.054103145190634,2.2148025514848158,7.777177895390426,5.887157847465666,0.2337992243684761,2.7080122573901533,6.077342737627706,1.108602003182948,5.089768391935787,9.934217209746466,1,test
7.183400825644826,4.09856140960664,3.3820249460745826,3.085907480604786,1.1257306932917144,0.9150995922576,5.43778935733489,9.206388208081778,0.6408260463901294,3.1246033009067578,8.98551525537293,4.554140556941809,6.824535429832082,0.9612206115068833,1.3315047114889855,7.802498917637201,6.266887891676478,0.1356822055973328,8.990612392022632,0,test
5.934889623052855,6.619061037944596,3.918356713096793,6.1717677499001375,1.569611263086006,6.310930121643322,6.152633054394785,2.8205718115804967,9.096795658689352,1.6824240960096193,4.185070054044959,8.02763762403885,4.700387569332813,2.047085573037415,9.964005104866567,7.7016240692183615,2.141949600349644,7.404515550921083,5.922290092840258,1,test
2.915098765562835,6.083177040159877,9.285136950725468,4.553413855401416,9.291747265432834,8.797379236216225,6.768583772169851,9.69447287761453,9.22675154437359,1.0604233869080915,1.1270160887434644,7.504817720524376,3.1077337177838906,1.6981862578736584,7.857629672949104,7.395862669600061,0.45936849208361163,3.044323839797202,2.847293958140872,1,test
7.951624194618814,4.228968864806058,7.232595060736002,1.1949394567431946,7.022763715740828,5.930913926254547,7.3321712330594435,7.762522749967714,9.771715714218095,5.556376067225335,1.085807866365377,1.153916179492539,1.4103934042726185,6.681711514078822,8.139143438988114,0.5360271947397743,9.594861938648721,3.853106375116581,2.3971422367393758,1,test
3.63451744056197,6.20763545116366,5.706218523499967,8.934135695605436,2.37348365605217,5.814024742904539,8.489750070170087,8.250041371688386,1.2198438015157131,2.296940911563757,5.619519087707683,4.676632355965601,3.8755619691486833,3.475263720363512,8.990789554111764,5.468622379986936,7.027021961117146,5.372351691779724,0.6546633883002295,1,test
1.9541681505518531,9.242847409772583,9.921148621046814,6.6410858188701605,0.5102542734320081,4.202189441041146,6.944752672019888,0.24370826108660482,4.013180123285256,4.690568009066718,6.649341029432413,3.4762309302312566,6.145822506038426,5.036688231283865,0.145896577511202,4.07889866423062,9.149799131484498,6.904325002798605,3.4487574935150613,1,test
4.627481414930115,4.9142422761804285,7.816547946489552,6.247610936382728,7.26852257963664,1.2166351368775064,6.851713386568148,9.85580029193088,1.4513165790081406,5.53217307023607,4.693171395044118,5.579505307336037,5.4085303380344865,5.960361257680703,9.512690434784567,8.571665277714612,7.31586609158035,6.741504281413842,9.924111501756808,1,test
3.0394634343083573,6.398452132353304,4.338275253221186,4.124920806780861,2.7958881130295863,8.887022673730726,4.838809775558362,8.62843122084896,2.6333634965414445,4.614117517197547,1.9385478667578926,3.290951055847252,1.6585660110643408,9.353848491721138,1.7431522658873644,4.1905561326161225,7.807594316579694,7.712540311791498,8.60534922181093,0,test
1.651321239362073,1.235963589299185,5.728480570101429,9.154146981408338,9.170124113805526,0.07181645581349483,6.0970452089097,7.098972900074657,0.9496682242066379,9.538222959209792,6.5659922280426475,9.93873809386521,3.8089855075541204,4.226129164649785,6.934524844245281,4.76987795003724,7.183522698982523,2.6680317828354028,0.4158485343252605,0,test
2.738145175789123,9.726371823286549,5.736113786247988,5.946396687404811,2.9038166843898114,0.592947871591365,9.737956736322236,4.34492098734764,5.917140837763057,0.4410203959745951,0.44834000711754807,6.081561136860412,8.67892549787967,8.39455799302767,7.844012729555489,0.2709364986194063,2.168515621121289,6.286929262188784,3.1216846072561246,1,test
9.645251830458456,1.7522981629296996,1.5146500502482847,1.9473692352132712,3.5843505609339985,0.3544565155970647,7.40329596303559,4.782945660528509,8.995627735393402,4.676488868103952,4.335055608255595,5.485895691097685,1.064688625597684,3.4471110922380066,5.228477741891091,5.910060201899103,1.197617752007265,2.9972911446409634,0.028881384588542725,0,test
6.667116357752223,4.269710162337535,1.162588409546602,8.864790488693743,1.1326137137053471,6.181342041630364,0.9392589232179605,2.287458922545934,4.0263054428155645,3.708494258129412,0.4293530873286866,4.45041960732013,8.142446928632092,9.075934799797027,2.7544738380498366,9.790990906314734,8.948345330098869,4.09153953894454,8.421893767927436,0,test
5.324833972047893,2.904991025497446,6.899269227094912,2.271443969388592,5.137569522927336,7.914535894220789,3.683594682343027,7.975793583070454,7.708866855374918,5.686750997470447,5.293485303205556,0.0552296822792131,4.456816775935018,6.537716723380067,5.905493525607569,2.8708847555945747,0.31603371852850337,6.5907535334758505,2.156932437436775,0,test
9.676752430556135,3.3207065308168877,3.9534180514722457,1.9204866335708997,1.358979688218308,4.11097413485539,3.907425897011565,4.281264353501651,6.252596276396696,1.357375526835447,8.27253660552562,5.650648977136771,0.7287188765230257,7.3915851874982526,0.512303270404274,2.4250037571944203,7.907413338993122,0.15883476188848888,2.6547266411476054,1,test
8.921840989936742,7.522213175769545,8.88935085739563,9.591049035911087,7.22227212282418,4.270153675912236,6.028170369165002,0.13987464138752848,0.9827628623265505,5.936496857473157,1.0387353030093682,7.433966143603859,6.81874716217869,8.76002093010184,7.7872452244802615,1.9984839456479653,4.619726510256623,4.214068319273647,0.15688041884294956,1,test
6.7618544780178995,6.869456415207849,9.005665806443291,1.6824506718056516,5.742131135418273,8.008576764380267,0.13614453542490912,8.240445002100014,4.7173921575235465,7.930163007785423,8.600821871345094,2.4390962247136416,9.053622138618708,5.637843230836797,5.509269797789007,7.547998639092671,8.499462274216116,7.447970261043232,5.7459059830495445,1,test
1.4977880820326428,2.7545863191745825,2.6955697299047596,9.037547543819567,9.001762818471008,7.741470348067093,3.698461161116511,8.398499921369964,8.462708930752687,7.463646521675419,7.54369867252783,5.4856079517058545,7.37749309788361,8.704795848378117,2.667032787560921,7.058864704097129,0.7392826597397173,8.163444975736123,0.8310502937966124,0,test
3.427770339042407,6.051644502323547,2.0600562462148932,5.9831511318686506,4.678741000201327,7.215959328650556,5.014739504455928,4.553287348351901,3.8222148770016853,3.4943825936840978,5.447412379804057,2.384487286358632,3.227623220005195,2.1248509733887797,0.45201340006817303,1.751052315582321,0.16256236540264202,2.6132121085287183,4.7158283089232365,0,test
6.5261447474583045,8.596733765515435,1.9300443793606767,7.237147774262128,7.334524252795902,9.467410379439212,1.6209373292053098,2.4396150085060677,4.927797849589907,6.970388174739888,8.581394724865765,2.1674748994852067,5.460224403065111,1.8780137581013345,5.766852561524941,6.330202105732035,2.5256855415851422,5.713204178186078,9.702123437379731,1,test
4.733296384496188,7.013148118713943,6.290122213548454,9.981684980237535,3.773818757209735,3.64502414788182,4.505302256727141,2.1412923531502415,5.81358101026893,5.906770695641125,0.5470286402372959,5.587729856813194,1.3681052807318628,0.6639253290750091,4.425663411510563,8.636619498467708,6.966343785553525,8.390684096600566,4.491489237246917,1,test
3.942096889425467,3.333892701419981,6.727033273885608,8.866065972954004,8.11438315732445,4.884859618563762,1.0660633610928305,5.973711686542888,6.3470925696001315,1.1843002669590608,1.7559831007342164,4.1384210589915424,3.6009406750000803,7.52202794859934,6.529380179278275,3.54835514247947,2.611570386016191,5.63917968104708,3.3374112907969664,0,test
3.006935944617055,5.210820784994964,4.727919156049979,5.436722172904165,7.065481881597355,0.7520965433436877,2.875395208015491,5.823123984490916,4.006091782418367,1.9289020711606941,1.347034207385427,2.6227592792844936,6.474716737981792,6.971328101656172,5.874023867731205,0.7893831642987892,9.74071280559526,6.452748203826002,9.880415082950293,0,test
6.33651681067151,3.1088530323802157,2.7451303558235223,3.3053102383081328,3.8016268649961127,4.432057419641932,0.2913414101691969,5.80167626192093,9.96587111345907,7.293938355370137,2.4274246299848445,9.896557987130228,9.777799935250734,7.2594897928816575,1.9523704167657996,8.372976833175203,6.099579195368808,5.340949447920726,9.830328163689037,0,test
5.996266341573134,4.58589233629013,7.864429419440862,3.3716204167305586,3.7726999898603197,5.587465533881115,5.180507326947463,2.935256056864306,4.827477229427437,8.213456069132274,6.842077981451858,6.375062594605279,3.0778201247681327,0.2850616329873856,7.124152295798831,0.027082623986405263,7.653962917871967,8.181030649976957,2.883110389113095,1,test
5.777497839447896,4.179815866677888,1.7373034457810417,9.644984431434096,2.6370090511997892,3.4414543507699835,2.19577638489147,8.34207120128112,0.390745579219548,6.3332567799370745,0.3665912325103804,6.72115509134641,8.594447621183022,2.2757261519980823,4.6633496053925585,5.248887746572954,4.859948167893149,5.128190825408434,3.5579105194993943,0,test
8.056507544461905,2.2988699950225846,8.291112647607795,5.747205218549762,2.099079185654177,9.086605976679145,9.294781240903843,9.725524277625649,3.9640920995930493,6.389300706971424,9.742664435332223,5.393386205807945,8.532478695108965,6.698729023899803,6.722950645677013,8.905577824114864,6.285756135930802,6.060319659127174,4.154761470159576,1,test
1.1844204182442943,4.290161498642758,7.134630988088002,2.3526945558468446,0.4453179789524697,4.696965984136226,4.138657390627133,7.764196442586369,5.668236976762367,2.0663778611223202,4.061366486972213,3.731205138122462,1.6976054617348835,2.033281152932024,6.940608421237072,9.26082446480373,9.931216562467325,0.09223845229143213,8.314845873234237,0,test
9.868836512837593,3.7778306959725265,8.5546115626095,7.427386810014652,1.3582190607519662,3.3974526196949117,9.694643050717282,7.211510767733734,5.903996908278847,6.097340903616973,4.528021643579397,8.852144772998242,7.642459505940161,8.19188568062278,7.119242638058156,6.496212691495314,7.513617230781612,0.15859534135327702,4.80285412503774,1,test
4.67779449532666,1.4403214073711157,9.179773985653492,7.012162935446915,6.319873055753207,5.99328566085908,5.094411979455096,8.381966385975625,4.692747380890543,0.4215826693256275,1.8105458394375706,6.491327273806337,7.947035200800921,0.6762592127197387,6.6351523143992575,6.614653237209578,9.530886774606671,4.212882139103131,8.104176599833359,0,test
4.757072193105577,6.527487276083821,1.5782906316540697,5.728429903368832,4.386812068728426,6.962630938662402,7.340008578702567,1.3990295799936703,5.555065588901872,3.6683619810112313,7.842973415806633,4.6903704386072125,6.504415730241824,3.7142653495452294,6.876340850457271,3.12917927116159,5.37792186022325,6.95312369784107,5.286547027301718,0,test
3.9992815089916034,3.481209246695457,8.666871435747467,6.81079771948008,0.9943961065328188,6.736490544124375,7.271032323279313,2.6880706329699877,9.581444386053594,4.370042234994347,3.3635016305439813,9.118798689280919,3.5515900947981183,6.935679806009468,9.618656738438085,2.6002837999306228,3.130826352700695,9.987310948994859,8.610342490115462,1,test
7.276298304603799,6.125906153098915,5.839036313209814,5.676853988458546,1.7996874231984716,1.4066466530559096,1.8875251154473671,6.880497556543633,0.953210396168287,7.5832152938902375,4.598239008228945,2.2088847844262363,5.074380031971289,2.6282984384144603,6.853308323381486,7.0901404891802,8.685967314132077,3.682632357646678,9.807351358602002,1,test
9.463433454335007,9.19485950230156,4.714579083915597,5.615304595940749,5.756822994466625,0.7467346467188896,5.367244213481156,7.533056392369344,5.268862849675151,6.903232569484308,3.591233020499306,1.577577908150004,7.528330770475359,5.070436208397537,0.8485147156674944,2.577523266861893,3.5957131014779176,8.031426919619994,4.450726440219448,1,test
1.0868748053923825,4.018770825877777,4.893817934635616,8.316956404256635,2.017749605409782,9.371329038399423,5.759004989831029,6.438284958728011,6.253954407855877,3.7320394305622573,3.935114651006405,4.162371169377273,3.5356328606149123,8.498875839379526,2.6388360887070794,9.339664108097738,8.804410024610497,3.782657273158796,1.4939924690492512,0,test
2.075664400307183,3.664776004521906,8.705842819040992,6.574119429553062,0.667477296698108,2.7618549991874475,6.414015524491441,7.720743192672524,7.9852002953593635,4.152163159585788,7.088064453138378,2.4193049381825924,2.502987752551814,4.720558968975216,1.6384313259307193,2.5670839080530983,2.8703337035369936,0.29017428982924587,6.058135916298268,0,test
4.2282701780514405,3.739648558746252,2.561193737067617,2.3338010576763137,6.634581875512278,3.3987721445635053,5.8910190992396485,7.654438833879297,5.358347365156963,0.32347500578435384,4.6839471938297805,3.428607182623672,8.985540125563093,3.9342672300882944,2.3052659148301933,0.31814529726229335,4.662525664108937,1.8605693840604187,4.736433620588729,1,test
3.248381832734144,8.531401644076645,8.580726119182103,6.072887373843673,1.8217940777811203,3.644301742654098,4.375002452097504,1.9363894529415027,9.193542145678522,1.4208886798388842,3.5976516111894608,6.761072893645361,6.622336598633204,3.8789236494035495,4.386266082555102,3.871165109335344,0.11164000928808315,6.062037891801738,4.891959895029832,1,test
6.628663867521303,9.69781142111823,1.1311835100962278,7.353122292581567,3.3185140754251066,2.2447942756073136,6.876778238259458,5.637212564086803,0.14835164589255267,6.833692579381328,0.9065405111284441,2.515134504408565,8.419231768764094,4.866226392689834,4.849550970931156,1.529971561775726,4.1843626637217515,1.9771687558212614,1.4350774541910616,0,test
7.690901402242374,9.25806551255902,9.288886815188556,4.350022049618145,6.298626895619391,6.28141745435245,0.7155929981235143,1.4655892206119858,8.695696765583603,9.318336050886213,0.26595053964560744,1.106213471155828,1.9446107466844853,9.0981697843656,4.819911972435621,1.6254880288478823,7.682092903681605,9.868569280189044,7.1261271843486265,0,test
6.654450473320709,6.651099118413839,8.562687574081652,1.0730447073826554,9.92144620831931,0.6997540026199822,9.58293305920764,6.704383156919219,1.913693677892635,1.1273526005356616,0.2859851208090669,2.615601314737855,3.5178496955937257,5.834844901519346,9.170355059179432,1.2167665982297637,8.110318168555677,9.80058940945719,2.459162963115901,1,test
2.692341435526088,7.322964701408229,2.1146267005687926,1.4066481358668403,4.133968307696643,4.368248771020747,3.8352288903401677,2.1309550245373043,7.974969759696676,9.87861470636285,8.616037253269008,4.383137840460286,5.036606547467874,7.54042336096377,4.082539636412292,4.391099677220672,5.464161983114469,8.100214989152372,4.484538128434645,0,test
6.070981135522282,2.8262377461107184,6.753577066632722,5.509146682014536,6.682227300084461,9.94719132509527,9.29287723007339,9.811317310994504,2.7548383143241697,6.835507529603002,0.5573368924836752,4.259512940556039,7.682167349885005,4.48748915379531,3.728238406465758,3.33388107597697,1.089411291071729,6.353994902780265,4.6040500077776345,0,test
1.672473425279828,4.852276903572311,4.108396321426942,2.427617441867793,7.659812896245618,7.685727849064933,6.453247887970672,4.325364872000099,6.304067070977714,9.33017889381754,8.558528782494149,0.6952854382271623,8.834646281236054,1.8182206707004356,2.4526676893652177,3.034277544847661,3.2805840417793144,4.229141670842061,7.664698578373052,0,test
7.922042053654228,5.986725297723229,4.71278804798741,9.64032089086577,4.8214441511274755,9.463576792376873,2.140007750152473,6.031787018795302,5.595135862207949,3.3806540945077836,4.641443798688013,4.3077186088052875,2.624786146985618,8.289416716276385,1.7356555595944645,9.847155166718832,3.6475185078810157,9.114049349482674,1.2875964108966598,1,test
7.912815651518213,6.074276479300379,7.155081651202776,5.113942251907676,2.7375305794195572,4.518203714937633,9.70535960720462,9.63752582392294,0.36677306984383207,1.204034667710292,3.8796793635283233,4.829461270580088,0.875810208795692,6.893925445262474,7.873322383406876,7.186005513745496,7.63493742783414,4.887992038473801,2.8025523470744518,1,test
9.45371371449157,8.421573051641149,8.535723892723436,6.974691451649178,6.644828926360219,9.157709640435804,5.133162734117192,6.658913601706317,3.5172662249514164,0.6557723185258346,4.8970255291910405,5.542082708022438,1.5722594851561833,7.589060105217955,2.161242208915415,0.7531946464808514,3.9327520358596937,9.501043515914198,1.4471388891844938,1,test
5.483041421599142,4.7211457354424615,9.091499258251508,9.764794664874882,5.197213636004729,5.793604423368906,8.636848868902105,7.095496668733433,4.0280257056376065,1.5034685567194384,9.228643425307872,8.795651650158826,7.087080827264697,6.858756904129814,1.7910518646665785,0.6975657031900062,6.636061114904236,6.149262420354814,9.879591550153801,1,test
9.659272056210224,5.867907543179771,1.6955658860557052,5.474233105859266,0.7659257466520197,1.8982235062883557,0.3491348926787674,9.48176967532474,6.256295484988387,4.674886720090177,3.251970769570185,9.83726217736849,7.999557786340068,8.509916038022332,4.738758915302126,7.851749369301797,7.611167469570017,2.7260124987870626,9.57801242331212,0,test
7.81614937983749,2.5335859365312383,3.6044667613090207,3.706468708944939,3.1504577236975093,1.018183055073687,3.3466279866278303,3.8632028096438797,8.99550647737234,9.302657563768234,9.874483005321812,3.4031378044845892,7.449398260982348,0.07402934734061173,3.6805341779146286,8.215397663565463,7.24994578509058,8.975895478235437,4.43164853901496,0,test
7.220676668480844,2.7677471938268106,7.513955626134955,4.623897138827851,9.210719499227109,0.8305659213654115,4.8827170224839005,4.348747666405104,6.854731322346924,5.0466515357777,7.689962318186012,1.1463206741663767,4.277741359063332,4.820149699381191,0.4440965603136382,1.4623213551772418,1.0717498553444293,5.512473344654403,8.081128951470959,1,test
1.709958445933817,5.236858278502178,9.205411217859606,8.601506797488048,6.294295706714665,0.16970827814795975,5.806799869550745,5.737565502463618,7.575598585976713,8.596169221809944,1.124310573700813,7.029746417498691,2.2651072490243926,4.726207065154229,3.9836992258004345,1.0657706118358035,3.3862787809973183,3.7856942987479583,4.327955094453725,0,test
8.932455269744619,5.476814584295258,2.859629080355185,3.0595343628900507,5.075752988185629,7.980358878555235,7.987358206106596,0.6297380781517559,7.113113346426571,3.3161196083612543,3.324796601613118,9.986866571525198,6.147301663153843,0.4258598464727814,1.9788828021090366,9.03613431562649,8.51512538315563,8.197822373736587,1.6587084971040633,1,test
3.3129117187461556,4.7095332630886775,5.488388783419917,2.3539632022951045,9.06877997883551,8.358403759373353,3.1378794071856753,3.993351181272655,7.475364675441224,9.964003970102977,1.5983258055015348,5.203549264015109,2.092095762348112,5.018443804070713,8.796545915896592,9.951133885545948,5.178352375722243,1.7680554887896116,1.8713087339624812,0,test
2.754714625270824,4.695352189885066,6.896078166240842,5.919221807663526,2.770968240101397,1.1209649902875396,2.4855138739985416,3.446792854289944,6.132336758039985,5.67614534703146,3.349152590838015,9.579142754454645,5.0793925406787865,8.597917583718745,2.893586883514362,7.769013562893804,7.403001463244232,8.77201859348604,7.788220266422129,0,test
9.1027496240168,6.7302995314820535,8.684498829811847,1.4694556489925148,6.558113232815096,7.704746760943443,3.0277529720532623,6.310625035641224,1.8837488273387448,0.3232180879255786,5.07647024791051,2.2489738173375162,7.345488001142485,8.690002705780802,4.6364570527474385,5.411754046093186,6.743336977497404,1.194178128811706,5.7260080773411195,1,test
3.82783055301021,8.130761431479268,6.4699468513537,5.485197167328693,4.962092510670986,3.3567298777244616,0.7477136490519265,4.323238673480488,9.87539561074633,5.5664064027157245,6.600512721805591,2.1636485181276432,4.4619551768911245,1.6527243377148526,9.649283192053469,5.2527904575857365,9.659600713719488,3.994951533763561,6.124658612769686,1,test
2.2539317084616135,8.147565454091392,6.72533309268685,6.89622884721959,3.968218497353698,2.7593867279218456,9.011466709449573,5.635423443721221,2.7632375927641215,5.529044230869236,1.904476278173688,4.341190872271246,8.7386480205322,2.6592999603150638,5.47946189519688,6.232170856918646,9.32419069893442,6.850974496216634,4.55661772155791,1,test
8.934362453046093,5.962457834125537,1.4501255041679697,7.174452748755791,3.2847412180273827,7.4601196871641475,4.525291795861175,3.626638794270911,2.822687115855632,0.865542292931738,6.607138699511807,5.053033551373126,3.482223626291241,9.809941559634948,4.082359639509202,5.46971162660919,5.11901294408967,6.0282240132856435,3.4995992705407772,0,test
6.644533491573948,9.29602884342996,3.3715806942249325,6.674683412700121,3.7673367814905956,1.0141512437085198,3.8579976657344552,2.8419656215737312,7.200930478974189,2.6913395991862545,4.256090737599024,0.9439031421747135,3.705714004577665,8.18916570771281,9.52142534375022,7.479636909533545,9.301582869769248,4.784874962068029,8.219768780622797,1,test
4.386045299092606,4.85676683714261,9.048104546097278,7.43645545819409,2.5701839853597552,6.116083812345169,1.1230696266454032,7.379084988480285,8.535900529928776,9.592571935828019,4.31381753306448,8.142985777020442,0.39926150491671364,1.4134132329068871,3.9327067343237254,7.645049356129098,0.7540719049693034,8.652963048382972,3.1394651752224156,1,test
9.434155121891896,7.739979332060304,5.856282249298577,9.690885557900486,9.034720482387085,0.7925669820137837,3.9491891475525187,8.979756003988998,4.805991048086515,7.0728551527497885,8.196965165578577,0.8434923330383237,6.479897533498153,1.1039238815421293,5.664189745768468,6.446171215687903,8.033492275808593,4.00693284572926,7.619597489897801,1,test
4.589692925192129,9.195932389116075,7.493212549265294,9.7547864614215,9.687591065725229,6.719735729066375,3.373014216158541,9.16764218321735,7.453955748891687,9.11349080295859,3.2743440721030326,5.528986838733849,2.195622951460916,9.849545136433477,1.7485936835577864,4.521644388704454,8.23326259647425,5.432998559243093,5.826073798558815,0,test
4.717080820522259,9.98067293393365,4.9442109173103965,8.38037143386054,3.518341346148027,4.302786063225766,7.388840955901329,7.369961173743164,0.7198983371083434,5.9111062792766536,1.2119783967515985,1.2879670163356582,9.34788033488488,1.5343645669511063,4.783490888409653,7.745134603604726,5.473133806327216,9.335877104036138,4.335912191456924,1,test
4.929014301908831,8.094540576068624,5.4587915944659695,7.260109272640761,8.588818544943205,5.124171756642469,5.6999363122773286,7.653246262108083,0.03787011709664223,3.3770423604936095,4.468459727788263,0.7480024371301253,7.2952953489449035,4.244050998926196,5.348208852257059,0.7383175830639055,1.0329350775872326,5.425072830898424,8.536384855974047,1,test
4.182361664457572,4.179262261386205,9.393059756385936,6.0764003735215155,3.3243489978515193,3.0289881245244112,0.029195889697508637,1.8166986077371772,6.646313437076191,0.45557831272104,3.8099703825163678,5.024161478586356,0.9960172942472878,8.68882822795965,5.3735825652922555,1.2421866747606014,9.223767019700064,9.122141286208109,0.6997574790674965,1,test
8.588755917606528,6.931703507487109,9.457339026778364,4.669840491735266,1.7330978053947477,2.0591822721020425,2.6038884890112346,3.3663338970214274,1.1570414664475581,2.103267560411398,4.270660785446475,9.783769085678141,5.123635337200126,5.793917836374726,6.4468751128759525,5.353569287705437,0.7162489490398072,5.968240278809279,2.879246604336283,1,test
5.078807833895224,7.961969980863982,4.651628196385804,7.837128410517512,1.8222886822902107,6.4161405991726275,4.085153250755955,4.763808925267709,6.256707893423005,8.866243269526779,7.894233290022877,9.438533428147238,5.817785464583343,5.564736237803791,5.14958954732053,9.925327847954437,4.871486870067336,9.639110550283986,4.388342011575558,1,test
6.917821542819266,6.735188994349679,2.126026386643113,9.691852258398262,3.307225197422361,8.59294389394632,0.31028550730675897,1.7330913810754722,3.864415955335163,3.834684715332374,8.058246016490877,8.457353093539997,2.839146670891486,5.75181017212015,7.132807092446667,2.8319733359348485,4.306908688246275,3.196910944476037,2.2152542280538325,0,test
5.631478001999776,5.071780402325601,1.644079103426023,7.0394277232135565,7.325844215412468,0.3467249424796459,7.06031257864081,1.6705230498514234,6.997777304360726,7.431744778762099,9.775637720012472,9.703562376867907,5.396340822487986,7.935528185235549,6.318891917947439,3.796289531167675,5.484180776683692,0.6934656030422959,1.4743000379737436,0,test
1.0997792158545856,6.798192091216474,5.412786718545464,2.9360570850957455,5.115922536961314,9.12692814831381,5.816674559654416,1.684350070746744,3.1103157147254654,9.369075275993158,3.132925048525852,9.122167405250508,2.7527477242170253,1.3713531508260612,1.5800797128240585,7.372056686913196,1.7851555265544006,8.461015553416937,1.6464945653668361,0,test
3.4591730760409023,9.70530200458234,2.1129895140518884,6.915806978383772,1.7719437132467686,2.441830638962643,5.235707999431619,6.023385015484246,3.8601147820631243,3.6076037521189495,0.3299787573951485,2.828790929156132,1.2958597444267628,3.122461060741004,0.6266935327073642,5.063134474118507,5.513846415382884,1.516428160258736,9.019329256086547,0,test
6.794500768218493,4.422758510467495,9.72479823517521,7.384827692093372,6.907997410774006,2.7188000290183534,0.47631097019990243,5.10142262678338,9.551564515686193,6.418216167173528,3.66968654762732,2.550601526179367,6.746164230641314,9.903172272916091,1.9172375611059722,0.017530545274817566,9.498029768338258,6.991356880151445,7.2904089054827335,1,test
7.96959908206994,6.420365184339134,5.045925380736098,6.215838803142799,9.320989869692873,2.7961023762007606,8.28106886452617,8.12905555407356,0.5321651402699956,2.1623952392228327,2.25798171113079,4.534964887453217,8.768967753110386,3.1385262853240645,7.778070115426966,9.24714356856312,3.4118850817208113,5.525444812992633,9.412166968347096,1,test
5.562356654397971,7.3783444377690275,7.77910525978695,7.670328947818874,0.4437209743814541,9.493310135437113,1.135154274300093,0.7556526826764864,7.123226899231735,9.887354796586546,5.9902932002073825,2.513141762946648,9.677589937355815,3.1221518068019947,4.296030286550811,5.777313568436662,6.039918549495058,3.889013429586101,9.584710461440228,1,test
5.174190497725974,4.897655369538427,6.916220880994421,7.717122341942398,6.534866759834009,6.989045332867413,8.895338832332827,9.848752430203314,9.355730214364504,3.5747404886168708,0.1678129297127906,7.213386661542965,9.2906727434481,2.098251311548961,4.18809804546872,6.862487815263025,8.796804383710718,0.6172265825852641,2.576209610173076,1,test
6.921177032818908,7.32057315633113,9.512383362003996,6.718095430605311,1.0581728482465425,2.817412639663944,4.7391661328990375,6.996067525412045,3.489757899884064,1.143807417193765,7.587257943365911,8.533040062252898,5.238568533398981,7.905595267060368,0.213411891023646,0.6190218104091738,9.206474485156445,6.137151067235248,0.9466443107915035,1,test
2.19234238667047,9.91150122613529,4.409452584448707,2.2447085313676043,7.5607360267797254,7.965012637537016,3.818141108869877,3.5607831629737055,6.748714751302681,1.120231901245815,1.679280712001684,3.722371066897886,4.16615507214134,1.42857148279519,8.61646249376881,0.3988681711560016,7.096969664937211,7.144224277754931,9.278450936198361,1,test
3.8603991839582767,2.7421208929935315,2.6959047577908244,7.769804866595825,8.997722579547675,7.578092406782176,2.34171345685378,3.9210918636240666,9.574594009090452,6.834152032339841,2.9722563174125205,5.902170758994835,6.514844706124803,5.996029002984853,1.2495966712995699,2.4442376808134947,6.45238399028379,0.3988662162365608,6.17683630300582,0,test
7.4178344292387,1.3872614105077503,5.1432882657512105,6.3671058290199465,5.31869214549637,5.272380948773509,0.08685565473516288,9.947845448817215,0.7180196273143069,1.592148390024406,5.35513818664472,6.317836514331638,7.316919783618388,8.752421727631466,6.640693606057178,4.6661096654018905,0.534808776008947,0.23270374074145894,0.5829023930585653,0,test
8.208363414306024,2.688435016980716,1.4361359164309375,8.530275938023806,7.373964705288371,3.452464284518244,1.048101990788236,8.798126691722796,3.2553227865522603,5.402075458535325,4.667209747991269,1.9641825894399478,6.823282144241148,6.777261268331721,0.7087572597684355,5.146720003057947,0.920217881486245,3.83923960070347,0.49011936491322405,0,test
2.2443292561002477,1.286886186815066,5.054118904725961,7.030363174412766,3.944449764799045,5.705778385010144,9.368098254532805,9.12152733407252,1.030060324553338,8.208302795639467,9.964911342840963,3.3207590540270626,3.081277163879924,1.243344577346056,7.42210490755984,6.688615300817879,4.128553774010316,9.854489159405635,1.598925385235398,0,test
8.165859812660244,6.077614405186672,4.261000746218101,9.552971466517867,1.9602038164118007,6.281961146859878,9.387190339428356,8.278512244521016,4.970501471480268,7.435111901158404,7.734695871191118,3.1105413299569964,8.022360957945763,2.2003782282534545,0.8706952440547866,4.377984189187991,5.69899125442601,2.998489111991968,2.2541681215927865,1,test
8.392775614827132,9.722824877906213,6.409496025118712,4.660926007447503,6.289451678263591,1.6062020717451697,1.9089435660375953,3.7665902389479813,0.9879038268682816,6.287238791582549,7.403319635897043,8.304449876478019,3.7174854391670653,7.752156625128201,6.917809304912698,4.5865794443955545,8.226619339923731,3.6855313698220673,5.766193445780605,1,test
8.942215340678203,8.639794553080021,6.920026159187383,5.534102781788006,8.04090431830327,5.1956457618469765,4.517956697422658,6.6190047567926635,8.18704306926225,0.4562070571820731,0.118994157109652,0.43282507106053303,4.368470366600175,3.0149542013353936,2.7334852632876783,3.7836014023171574,9.723793969468021,5.038349723578637,1.158687189960168,1,test
3.8344800576390226,1.3931099943689855,8.08944435587784,7.874194570228879,2.496648289653949,6.484650072102118,4.209330974683821,9.772255338017265,3.6585429145970383,8.416144593453316,7.973445198077807,2.547780525404314,8.366957873766838,8.81711552059296,4.905006497426299,3.202456543255827,7.584052329172812,5.1461206319662445,9.18951931597362,0,test
3.4116429177763483,7.563735147764589,3.1382687187783658,1.9914126915569963,8.690684975564565,7.30573125864293,5.204622257385838,2.6615222828436824,2.4451097760100304,7.365583873896805,5.790089336375503,4.2778243064640575,1.4517111792686688,1.9060663353630702,7.669989128629085,5.176961036884008,2.91105767060437,7.10173419427157,3.621877578835436,0,test
4.457250119202065,9.555695161170396,7.784163919817132,8.602158356322612,3.3972747709835738,2.320351666884475,5.904330999358187,8.218937786238689,4.019743366865781,1.83352280702467,6.245847606194981,6.49327374828721,3.9045655802854986,0.40626246056675086,6.745258865350772,0.32860205839505885,0.23566434967587258,6.1475911785777,8.720290158921124,1,test
3.030576480916444,2.125250735666085,2.024696916008688,9.812573891726924,7.484005845667372,2.5061216079325987,6.672037594654667,6.8825931279115675,2.359606498982132,4.666218088013203,3.283278951877998,6.71536519785554,2.8976728189262535,9.79328802919876,2.7930508826868348,8.906180246776183,3.6110268950347093,7.545549654350308,6.259639784756093,0,test
7.226430570710045,4.795500039599315,2.148239970315,9.488240470756317,1.0696613945517486,1.003209587721967,1.7076605963801395,3.732680200646812,4.9161360205461255,2.5527542959299265,9.031053889870956,8.923634633220264,5.377722567000136,9.434121167340662,5.662190897076783,2.522988806087081,9.09479777555431,1.5880821589196104,5.15260865788591,0,test
7.828977655770498,7.611536336174881,8.379186795663689,9.123486142962989,6.636379966770861,4.251639356271598,8.217435806667051,6.681084868089727,9.77178326453223,0.9761413886016668,3.5742045633255093,6.061817564059554,7.7365593555735055,0.03626796536003063,9.730136144290919,5.44641826735479,1.98841030054835,8.83155629568415,9.797777216914948,1,test
6.769953442100346,7.311355918772145,3.213157696585878,8.683118597856442,6.59211687278275,5.130758246847769,6.121643883351449,5.370793854950922,8.74895971854732,6.357328033760128,5.182056152930952,6.120157793628721,3.1990342090154353,2.926715129918266,9.72487919867181,4.495527618979983,3.3782366198472347,4.063606145296381,4.392955563718904,1,test
4.973327553950492,6.430990289014053,7.622726110355435,2.180451759651209,4.430151299401398,0.6008759281504383,0.029820788093314343,4.4956555691689655,9.984420917486991,8.190743799847306,0.7050466763121344,1.1184122416218645,3.0289346739414102,8.537143431406966,4.52244339980701,6.110212482459213,8.492119020498887,7.953046019848523,5.541226553066182,1,test
8.930163039218524,2.236307967438016,5.619000118185703,7.092594371777196,6.678894619545518,7.860005541015532,1.2433461083790964,0.8954741571901059,3.9023386743125332,8.599820350994435,7.79297777328554,2.320502836228413,4.176019012233196,1.3117979992507012,3.2700855871350374,6.9667868956940096,2.4189522370301395,5.858262445889748,5.990009116041623,0,test
9.813285205228151,7.6728675489213165,8.086904464788015,9.826352031543818,4.833827215536148,8.180093827024722,1.355679954246407,0.3903628253520597,6.628609090584988,9.205223273754111,4.834221815069112,6.368318244327358,4.756550921563156,5.858366401050733,5.529190921679048,6.744374802833222,1.4633213670441159,7.460299242499549,7.0115063046989565,1,test
3.7780345105963815,1.4089607253982916,9.488648016098534,5.020816648717417,8.722772082227225,1.4300996819207623,3.068287365585828,4.440622893572497,8.337897485160266,1.3839661543098924,3.7377765711984434,2.7515975879666454,7.179255777051018,7.416425450800044,3.771917102418053,4.451764517044539,2.8715020499336807,8.995714465234677,2.5779153503132557,0,test
6.73109291418619,3.745000038831365,4.641300241950304,6.151745866966017,8.919048135983802,6.285889905643285,8.276981552245783,6.081618624553351,9.305073515339936,7.005630440148685,5.3289918211567,1.8221756511300446,7.507936241270667,1.3537574388899953,8.387764625323728,6.5915615933758325,2.9483112317196603,9.417898924782614,4.757957755225114,0,test
3.7689019357221207,6.8876884560343505,5.971299475777565,8.099856217591572,9.726235564451347,5.645130885892462,5.297602634145635,8.561817427930983,8.323907329281727,2.2123360980379694,5.883348969617003,1.3272423689005242,0.3260332441244618,2.6212699641347523,5.612464850317817,0.3073349292749228,6.895578253240599,5.445295912794892,4.681787495098605,1,test
1.17433261910837,9.492264698448093,5.539778177728067,9.377925377456556,9.623071023599246,8.9827019026914,6.765071471626235,8.186149860136219,3.2887378421645397,6.293682131851196,5.048551664782418,1.7026872876022392,1.29071622295169,6.744642759805548,9.832324489481604,7.0023638410129685,7.6603798737308,0.08403566671125406,1.8119065634276488,0,test
2.5810847411691524,1.6412295651117677,7.647244782170395,8.21757094446809,1.1291742354421919,0.4167647784830253,2.946984955638926,2.1983136766859324,8.299245823025268,7.43238129797229,9.36628683776595,4.401016320538357,0.11444322364776327,4.932542949261514,2.9767784787042073,8.275327038178352,5.106235514267114,3.1475322178144802,9.30819088795669,0,test
5.389724848882012,6.983001275014488,6.795768019926948,5.881661979445096,6.558780421247505,9.91431750616503,7.655813345714089,1.3593177865478145,5.182472709484436,9.595366947446735,1.7828250346649621,0.9093754318193559,6.867240224216263,2.6744302404670037,3.3690482247833042,0.26472331140319105,2.4413598317675165,3.630259743334119,7.198634844664768,1,test
9.28872268058886,9.252943905997192,7.933430671532225,5.351806000895063,4.934631268501464,4.283722603598105,9.514980551081,9.729583072437723,8.838415114478618,9.567131920130091,6.617390600852028,2.355307812006907,5.588778163935411,1.0131652187016271,7.555972361181128,3.531224894592042,3.099979036763406,6.073874755308432,7.261850889711815,1,test
7.0404885173714735,5.3043206466074855,5.311258491772048,4.043594463725494,8.793571263479228,8.92713566577784,8.389715268965487,2.1534658015126684,8.77208522500808,7.778129177269424,7.151763559619829,9.061399255502145,0.8492054311042807,7.633061662918189,8.624500047861478,3.884022069083998,4.416759055334605,3.6076193127271203,2.4494134717712135,1,test
8.890598922372694,4.9862342486947,1.8471697009605872,7.24202732061673,0.8041892699283182,6.817216546010228,4.623738884221905,9.115257941927982,8.348835380196862,6.564792967719638,2.499090399931702,8.56411747229702,2.534761104682227,7.794819528974374,8.06399892540352,3.808077145857558,3.651484715947786,4.937743619977015,5.240559860027964,0,test
6.670701658896272,5.463778258066558,8.292200474692649,7.970973401795205,5.0955743736043,3.3191435289205407,5.667648224086892,5.583636233520803,7.418375064876049,6.765633272368021,7.3285709116636895,2.6311302960165706,4.992374869127901,5.272476351078604,0.18558789081718152,1.6048123656509572,6.52279574691887,0.07669703251309667,6.435297177173825,1,test
6.922321506023088,3.9991896522582655,2.3909409322856683,7.975543774293198,6.7874871715844,0.43290760191264765,9.738736923194239,0.7042826044516248,4.214508666928085,3.339825419114769,1.9446692729717596,2.019026766883866,1.6805061741756055,3.8277394062108128,4.339605648732816,6.835845759582471,9.913474431514508,4.509486084988631,9.411802802486008,0,test
4.091710174395066,5.7464851415539835,2.826199126471247,8.83238091775033,9.674182545617017,5.131648268689965,7.184604197191458,8.475568349990555,4.115219445547935,6.746746943405732,4.986857975842238,8.139037694343452,8.212615928666748,5.467708349184463,9.072487445147546,9.704852423413984,3.5632384048944363,9.567944635676051,2.140301079776049,0,test
4.234725277848005,5.476369080543715,6.455485062792641,6.3497373391950624,0.9717524356144724,7.804754710744048,3.575819960290038,0.33508364308871164,0.9804150407193435,2.0703153084943393,4.166756293061944,7.882995339985502,7.243361266930462,5.300114968828092,9.542904443057594,4.1972933359633355,3.7758592245176956,4.725063057989977,5.447389397547929,1,test
4.173585295273154,2.1586215246616556,5.331178453659477,6.422258530641859,8.56601895681389,2.1664886291707566,3.3698339214142212,7.65648219137579,9.924362466741425,4.296607154572385,6.636500048555222,6.559041364348923,7.255221444498718,2.8530834637641442,2.980482605146113,5.8964359545198874,0.4453097582761989,0.8305298499256442,0.07940849205950729,0,test
3.284349906480463,3.660547929340465,4.2992524204688864,7.321766883169858,8.62730912537384,4.123442237859756,8.403262544016112,3.4834822561183953,8.557829738601944,2.0550018245842114,6.81615776714898,1.1417245693935485,0.3387899943612749,9.547985716153427,4.2591827700667695,0.5707133575581669,2.6918631886168534,4.957235812793917,7.990407309610812,0,test
4.713978417908365,3.6370830347134913,6.584042030333553,9.394172244552635,3.1735088681304333,3.739595493027672,1.2539538318834953,0.5511788895347425,6.230733440913626,7.394386894934383,8.010606474550077,4.457899445937966,3.820756565840495,4.776921968207452,8.835636788465361,3.8531801304375346,6.289757432268854,6.468074625910894,2.8846228659788222,0,test
9.02541541552343,3.3649834786704607,8.597913718672428,5.692483155255353,6.088441904703602,8.471713501298419,5.355921378103431,6.437308900590636,4.2200567823011,7.675186723720346,4.843680452077717,8.04759740427707,5.015932157152017,1.1635130137155436,1.1375594271797018,6.775718584200723,2.685091244872626,6.173271488656392,0.05115961520665735,1,test
2.036663271692271,1.3273932992407462,1.7053835691722663,6.929313481906535,2.0724339926149438,2.008718098903449,2.1359831068892223,9.815907740201856,6.638222561568073,5.485864751329506,6.861819348106967,9.165216135719895,8.489066417522626,1.5205673296944056,4.2038548759648275,7.291482580488403,1.7526185054196552,2.9889233583283525,9.189013869817138,0,test
4.327014552182049,9.06933895876661,8.632634435660842,4.373327222085622,4.668373976984626,7.036179253080831,8.593529121438317,6.580076066365622,4.2036882093005605,9.192169259454637,1.952146363003452,9.879742599131196,0.9042547669576073,1.1632294452604264,9.714549520050786,4.692074541217043,7.878021718407639,6.528899988950339,4.673201430863751,1,test
1.2798874041766797,3.869242594294159,3.447618290025129,4.713577455051761,9.358113289886354,3.803251092911031,9.842531984015023,2.3856165213259937,1.4499341055434456,5.922308463326619,6.985913702119787,8.99161583718588,0.4612628181702805,2.852532691625406,6.822051222652501,7.409360898239261,3.6126547829996625,0.5026771237355665,4.684447527723039,0,test
3.8887943940343463,8.53673931719376,3.415450609655216,2.8114146326275957,0.5986326964316491,7.394971721412288,8.146596636647129,3.930598820931448,5.245817196489968,4.106719122630188,8.114963704154922,4.8208481846740145,1.1467757835240533,2.4097625532772717,6.6171182967814035,8.445951265279653,8.693338427984232,6.03332339177859,5.541521576208441,0,test
4.988818350086003,1.14157239605934,8.214659322465057,4.710389415946141,9.290697753469958,0.5197769581438649,9.82949877588033,2.7781427643148016,6.996615065176815,7.52780993861312,4.967726987523462,6.9538807831946725,5.156741884489303,6.581650927954326,7.339615933943666,5.8089427241854725,1.3992919160926076,3.7978148915508605,3.170239866978081,0,test
7.069925840122342,2.525476713412675,2.6494526092917443,3.752740794077357,7.325563490374652,0.8192621199803485,0.711570469539925,3.624172198717509,7.7638662736385005,0.6324482160253075,9.36791204906559,1.8322759553889134,8.83832985825729,9.461675831076006,9.082308878548176,7.582358693817373,4.141148459521497,9.219818845452169,5.4563217230570125,0,test
4.8689587692288185,2.0448339659313937,6.295946649076142,9.159664245657265,8.480599056394993,9.224262211003603,5.330192945841433,7.199353753278192,0.2889378211296101,6.0690837090506236,7.549025562861083,2.4006809134499827,0.715320888627089,1.5813849570734173,4.713676427156224,6.487922447674132,7.857993941047308,7.729805533116467,9.946014368340462,0,test
5.841131902457435,8.569785088701412,3.2029831979149357,5.157077125891579,2.780323921682567,6.871720781423844,6.1815664712119025,9.097200871407933,3.3771007041578924,6.125503852657389,0.4908547743264957,7.809212313837429,0.30389025126956737,2.581120273183796,3.2110832674854386,7.545092208392888,4.530347559318196,4.88898582822594,6.455550849151307,1,test
5.622271665045586,7.851631880299394,9.688185637521476,3.4975989973096455,6.349908350808158,8.077887231744942,6.508277646279611,5.950441914000032,9.45772104046203,7.904201443677824,9.837314352278023,8.064506120722188,3.854561498438186,2.652506644958578,5.28644393751293,9.808814555381,2.48381873173534,9.528029284510314,9.521026409458822,1,test
9.917650096863648,4.517378545232249,3.132891183436709,1.5097106346548714,7.375708223964461,7.411641031564712,8.300507312913817,7.470861037069759,3.3764694432515774,0.3578068836632031,6.637491034277756,8.440893897296013,6.155792024482436,5.345279689549768,1.9859262007004685,7.6018987868636305,5.5349037158080066,7.092193440019653,4.6480959007035025,1,test
9.504458505229522,3.089078613406465,4.209288805542599,5.513739409006872,8.000410370200008,8.703229206087565,3.2519057694170828,7.2250898399219174,4.978690048576388,2.205658651779161,3.5144236047201236,6.0900300518387915,2.697500508856636,2.9723321210110387,0.8288439678963533,9.898089162966993,2.8819997029387334,3.972165841849252,2.9482376324330684,1,test
9.035215208311346,8.034866153629554,6.812589219263265,8.131536668339649,7.263780797446544,8.800070197115511,9.126253741779811,3.8856967680585273,9.459842756318823,3.091572365981788,3.9941612135138147,5.344068329406264,6.491543961729324,2.0223049721964603,5.034651655521113,5.664150950000229,7.810822759850718,4.38666268524062,8.982953480121486,1,test
1.549155720436389,7.36843917139335,8.634783304648087,8.424308066571044,3.312174837861873,0.06487548403931731,8.902063381322112,9.939874488010743,5.941256599408796,8.048400367009837,5.71942003962039,7.586536625538555,4.449856864419855,8.335945058671651,4.273584745789584,5.593755633648188,6.901486354309473,7.8318072714470235,2.0949144187102062,0,test
4.4775070986002925,8.24599943995666,2.4735477025668544,5.609419899042713,3.9738961751580923,8.596490892269653,5.253248606528519,2.664632157218163,8.536271483982068,5.272027785396767,0.5068098835401602,6.868413063006491,9.454966731210634,3.960799264934498,7.245802242928172,9.620800246027922,7.205902020250763,2.021548882305538,6.983021730890144,0,test
5.169877257888235,4.533155979582265,5.851739396616724,4.076923720167092,3.43024687337289,1.6464738057552708,1.6181551027249652,7.675386939733553,7.559083239596262,5.580065419531209,9.718501917684236,2.7332259625984445,6.595461028054106,8.559598376108326,9.112848907190319,7.379346361306104,9.838199825932046,0.6810934427712845,8.073585417676647,1,test
2.728273684451707,2.094034913014946,5.951504193171847,9.647152594029384,1.3152514094683088,3.2476694154429717,5.829413499397526,2.39447531497059,0.27230844487783457,2.3931783379513307,9.631722087482204,6.743459953151567,6.0976869897515975,6.491480413093481,7.824929224311717,6.277418424021979,7.620810705007589,4.78777378911067,1.2576616461419998,0,test
9.860421525538031,2.8220905610081854,1.3341931989816875,2.950155198173326,6.514106067571229,1.0869321700491807,7.209736618691842,3.121486789889669,0.5976570889687305,7.017523062717758,1.2177516696321422,2.218480870090568,5.241206667651901,7.8584899582199395,7.844770687816429,2.98384081078804,6.227354142215887,7.055422065791332,1.3520651260968974,0,test
5.209140113852397,9.97953347184658,6.982583784734892,7.45352201866049,9.56485227154085,2.836102995763735,9.349497752479955,5.901826599758451,0.03467264190966435,6.3942086217504555,9.061062127642018,5.61731033723278,1.997724456272747,6.184594653739687,8.258106797575627,0.942231138398486,3.760996131899359,0.7081488308274364,0.2688442476447861,1,test
1.9401755259042512,6.28355856729862,1.8091690690363345,2.7699610023946297,6.345423345442627,5.964471647965168,1.719825746333753,3.532902766321697,5.80574949643374,6.08756982160582,7.52857121780759,7.854015998322728,2.2399736273841384,4.922619830156936,5.3248400577577275,6.313247720581847,0.3929260429177617,3.2304486803876484,9.879119490044786,0,test
2.6026176391006226,4.339392685818295,8.95835992347693,7.212942899889377,5.24899655873946,7.154192084851419,6.139676296546623,1.0219148176566506,5.201501269235859,3.6452573510488993,1.8670684060542087,9.403287546308503,1.8880492089138612,7.584195230151659,5.596006575121002,8.83227712949317,3.654655702662729,4.661512162972684,0.3059470463701852,0,test
1.2778582059084551,7.751730667321527,2.7780813724373754,8.997166048580716,9.783823896151487,9.854817624154341,8.043164940599755,5.977697591772855,5.783722272506684,8.464120404186152,4.369334680617637,8.510426579694306,0.28839352495777626,7.368839005142287,7.521828741519049,9.22458247852528,8.451879363751479,6.105807031924161,9.170671703376362,1,test
5.448647507622486,8.522186021852269,3.3510826958428677,2.1992212854311353,2.663268231038043,2.0813523402465473,9.406113156391855,1.7805261735969358,3.018215375663229,9.52076369676772,9.611583941812597,5.363624799162345,2.4233281523266816,6.133124061849685,9.81489586015976,1.7134406612468434,6.741778452658248,8.692932473205111,3.5839155672125775,1,test
8.240869000793444,8.739484056081839,8.75168225329711,5.792828865288368,9.356872183014488,7.1588475655377035,3.1954096115186372,9.337817662847424,3.345093979960695,2.6108429687006094,2.713486092719962,6.823690217066227,4.90552249684514,3.3741260551975616,3.4801069776323734,0.7022580926217492,4.972082785765203,4.5481920593152845,3.642449718442633,1,test
1.7389506973447275,9.246971254957415,6.250229851147963,4.7064459184647065,9.197535434563921,4.095223338137949,4.123414780027753,2.6924560211772874,4.823997227964465,7.564453467275417,1.7059259563504803,1.5772246714556448,3.9194339465723314,8.50938966867303,0.9968573813912207,8.898880220342413,6.115923114820321,3.929806145087529,4.98070094620765,0,test
3.4392106543590315,8.00708014908261,6.85654904927201,7.783278137754609,1.9130725108603186,7.569829205422714,2.886516649266444,7.937737305304568,0.1480831629772139,4.565349759673214,1.9181621137838245,6.625626157728334,8.31814178773509,9.405269926702069,1.5084357535536175,7.668233738719587,2.627053024035557,9.863235154028573,6.978228055602024,1,test
6.8504235662402095,5.521204533647908,4.552463696066536,7.756878319207681,5.986043793089049,3.915331256625505,7.656153977120502,2.258250300912189,8.863573209105757,3.1138230799351496,6.193263414356571,0.3327150441464133,3.4784722061694717,7.350296678596873,3.662320471956736,0.1898481532559615,3.8030882070086616,0.7122793160982233,1.6521638989701026,1,test
4.474202805822254,4.835287517402663,1.0618007765464277,7.476015856605275,7.463656559590001,0.8343088242689567,9.289662309386891,6.859171240689413,6.604680821138449,9.287887371643283,8.78035965101527,6.979623502400228,1.7216437233116766,4.453889115526134,3.59793840490636,6.659655748138388,4.178570217134714,4.02655618179039,6.047145301296793,0,test
5.575830801074781,5.111560972701843,7.185169259214462,3.5301543230539307,3.1428378014588976,8.57377556936413,8.387612619704852,6.355163670192204,4.583641607092287,2.766875137485801,0.6742774451802669,3.525526890526318,0.2179022923858387,9.01823674593324,1.4574695198615528,0.8497023454271513,7.334867718684422,7.244821485996804,9.596114822471112,1,test
1.6466810501468654,3.6185527525581223,3.274300097049175,6.033422069071218,2.994127529656244,7.579645312950794,2.7397361535495666,1.0533801184972902,0.8514901209106784,7.816713076741406,2.087992086597085,2.9307103900717166,2.2732967763645884,2.887809860702635,5.91743589386687,5.160211674994462,9.553532694256509,6.933396970226125,1.7249725589968723,0,test
9.778425648062274,3.847580339183874,7.898825749328774,1.0262779292734052,1.1607620097941407,7.979844041465217,2.9302247205331744,3.37644237832171,0.5812647367626911,4.181560711818239,6.709459808917565,5.3624410903120765,6.1504202545512845,2.76461134940605,2.855503581802459,8.429121746883757,6.303132774386668,4.840736675987821,1.0712851638385934,1,test
2.6480356450636098,7.557902919528665,9.887929982324396,4.462468280698497,5.434388186675068,7.258299166529505,7.8307929919492825,3.442405162607405,4.397941010092014,8.613394056591835,0.06486427232881509,4.6167515706606554,6.902616476271064,4.343683087350383,3.5234783539774295,1.8235214128151866,0.19768169899574306,9.569620964006003,3.9790583017436862,1,test
7.762061740670629,3.3383080712209043,8.754246384144832,1.4458215247683874,6.892776990987146,0.9996020882443446,5.906202838583691,2.666533919664378,6.708296677755337,2.6151241346439615,4.980593574966497,5.9564908845794715,9.66694533075969,6.402859732272274,5.0562634866574765,6.754508751520704,0.19585984193553507,0.7648865745031874,8.327983683976193,1,test
9.16071868927578,5.394534637853007,2.997311303575626,5.854295170542862,1.103974167674554,6.226042176961997,2.5110795354138373,0.5267090893083559,6.802301495463704,3.559763209544303,5.426093459964271,0.44166751463848075,6.459399206574773,5.029950828090751,9.321697243512478,0.8301250153438156,4.613164733445521,0.27875211655268406,1.144582628042139,1,test
3.3545667143789473,3.7432150584725226,9.549542780672176,2.0251284707814134,3.585032697909879,4.305265944246688,2.3349833594061877,4.534306335559647,7.083535069235363,3.9189764373446923,5.209877831554487,2.914236287296231,9.528906195365431,7.718852111441787,6.814665579712536,2.9868642176417137,0.4625854205510993,8.022031887119986,1.8945864150387581,1,test
9.95070601654131,4.494779317590229,6.631518638777741,7.20198416168333,4.878260383566529,0.8569112871252615,5.434250811842965,7.465936494409587,8.463533662800124,0.9664001035595349,3.0979634782739995,4.5965990711265325,6.133847976326842,2.2318001762276896,7.0054998859410675,9.225696935019558,7.424839063968902,7.6354984645907,8.162858520756583,1,test
1.0051006331992736,9.89967154671871,7.775923517383938,3.6549629803268786,6.124246032148579,4.501857943241065,7.924337135167309,2.404072484258457,6.8078811230848455,8.929482852207547,2.9771090576681147,6.405307630439142,7.943273724345952,6.407767649859167,8.461810004807313,7.307966800737783,5.286727004986803,6.08145027446583,1.6058860213237447,0,test
2.9579447015735156,4.14656866581556,8.561038595235251,8.417702450633184,8.101220727998069,4.997166935287231,3.330878400363313,6.336439546111673,2.860705771024156,4.687287588396677,4.120131803449367,0.3617962870016489,6.945198292055197,0.19074540928380568,5.145914075056986,2.44421859239921,8.201213033558474,5.335378539335335,1.6791384323481484,0,test
7.478352828599144,7.725998053122499,6.0579134610920535,5.148988112155353,3.754816512984579,8.473011114358012,5.706598438094858,4.137288036554677,3.29757539365838,5.738711707394625,7.720852061007818,5.782528060104427,2.6781414892929947,5.7141270748506034,1.1459314948638633,9.613464461529363,3.3399080925746203,7.700421282034471,4.851173830999644,1,test
5.336846070133454,7.532164448172278,1.2821018357701046,7.966142576380633,5.8267992121500995,2.3091755407407266,6.71380369339454,2.84824356247364,2.962199225273261,5.535209532012233,3.0398657820900956,3.1407977526051334,0.790251794976019,2.324521988808498,7.26967430370005,4.251665382382135,7.455680755302952,4.278954366416643,2.2324980628865267,0,test
4.989480943309445,6.147087218580842,8.693156358684403,8.41747864450124,0.797922250089057,4.052692613732538,4.935710985430395,6.3300061161405505,6.780845883242309,1.7960182620804743,2.353602541430315,4.110466763740417,1.2482036040274103,9.340401633869792,1.0964159656451378,0.6332613428538858,9.255801605616979,0.13937252733506877,3.183733860222632,1,test
2.9271696971085963,4.35281466705311,1.3517589797619594,7.6266328068463825,0.6883700147204341,4.500853392473168,6.559560684473588,9.220265035248294,0.32971156448795336,3.07536016260862,5.298428804707304,6.2374589446613005,7.956550467823725,5.506703217104981,5.512475537131227,3.026718524473221,0.4800002366975886,9.73190608553616,4.389975922891346,0,test
8.090718851444553,3.7322493763596905,7.50324720683345,5.8531413766151426,9.204754625312566,8.872322386929888,8.9639935426561,8.552502624710534,6.252335534675315,3.4888183225382097,6.418758537224899,9.151717612060374,5.019814895746246,4.318732432008713,3.587317175813168,6.863769439630303,3.0171858040887667,4.625206219496983,1.213552441022413,1,test
3.548504558864961,6.755153567536281,8.174332607222935,8.178998401189675,7.578984688065341,9.65344208615183,6.238283007298215,0.6245733506087392,6.012770355333372,0.7963838482474306,1.8496443245148164,2.0326214551411192,6.05426554929071,9.809867665052671,2.1062671392392875,0.7444341775829888,0.2270442305306397,9.521314655646481,1.0904217767728552,1,test
4.864028887792402,9.594945786922215,3.461137507292582,8.878606684995209,3.4861266513254066,6.24246573890766,5.141382544418479,6.716021381569889,4.199303806454173,9.846316631397654,2.4481264376683654,9.160883192529539,7.544283901577581,9.448815513658278,9.827314628008835,6.1739580080259815,6.503477252739078,3.3255718087401376,0.3581269465948711,1,test
5.536209281846618,2.805183804639419,9.239925967689372,2.7306094664567,8.46231359549427,5.42243333560285,7.373979177798495,6.066350073633902,3.963375780945869,4.175123151524945,9.713709888100666,3.6400997468968086,9.338363286692147,7.275676997743332,3.000134666068619,0.19681284914745856,0.6685026728390697,6.776960824838712,2.136667980905295,1,test
8.764456959957874,3.1200837612097967,7.6589607677289795,4.088586709312612,1.3760592109085046,9.096614376560805,3.352979153412232,3.756571659286111,1.4487346436175874,6.875024314267634,1.2967818703667922,5.318411153578242,1.692716050090568,2.7748764533801076,0.06360824967812095,2.808484497307705,7.9061050555676236,8.013301118624474,2.3375537414264747,1,test
5.211111719201305,6.474958290943809,2.6088276825736645,1.9082384208145864,6.048854599495938,4.454752430844367,9.169916828053799,7.599634123114605,0.05060778868677174,8.58044986525249,5.669466354029841,9.30355622739439,6.715949517275711,6.7990915602269375,1.9216656696162437,3.1594838298084236,4.053827524027826,5.704403154711755,4.995707800853514,0,test
6.642552383275823,7.57072637748933,2.4954719217570065,5.579869893008,5.698913004375386,1.8284283380792865,8.284994799734875,4.355861327994699,9.426361827378258,9.576796128595547,8.927835286565976,4.186160966304213,1.3791844094768002,9.370826638144775,0.1328980970670246,2.02105168715791,6.101015789237887,2.902158093556876,0.9285725786966614,1,test
5.760612040447211,5.268548699726204,7.064495510586231,9.560467905365748,0.5818095679807411,9.29654875520644,8.470810601186127,1.2206792203525196,5.118731933559008,4.492537135553456,2.7540076186902085,6.8018418851736815,0.3210284432988564,4.404358123994502,5.235046196237922,8.081419335195847,7.042699020835174,1.3793517199484573,1.4369692354160446,1,test
6.234017923162254,8.562956259925295,9.581523072760312,5.320986746684571,7.440696009582515,5.1868066928559164,7.694330022408385,0.009861002979024702,0.1318757541539317,4.6680918136517535,0.1186056615854636,3.0681109432894815,5.6792886350260074,5.200817277071462,1.3866460477874398,6.973046316052107,1.4561586034723129,0.9490531393545931,7.576034499882041,1,test
8.858416140039052,4.045362445106331,7.708911122883174,3.640259708382172,0.3241883980701288,0.6458545735944266,1.6177897827189969,5.093251447459122,3.069028950125726,2.4340216085781607,5.945954603275451,7.003886553555752,0.48097855373286924,8.017955971382666,1.7506510221825122,4.545682119590898,1.222148690999334,0.21261719593868245,2.8112522052934183,1,test
4.312757041324142,4.570530061359627,6.466726742056698,6.856531710751634,8.080079784708843,7.169304376439278,3.122587096083885,5.027222953971933,1.1968658020027256,1.2870762451413265,9.311597701288747,7.983354434205891,2.930305854753763,8.734018789249665,9.176747227563789,7.004750784419535,2.0607006928359106,5.645299427969183,9.840459222251802,1,test
1.267940284095277,4.69455055431291,4.532612627968417,5.159765610436788,8.284119653775821,1.0143124210032706,3.4861463876405683,6.764940189311216,3.9455241079593915,4.913056301945581,9.541076855117389,0.13187395136385005,0.12093810593499676,1.5147387205568796,4.424560479424669,7.609460422626268,3.8624095117026505,5.558956789613305,3.495324866673851,0,test
5.513394538252914,8.190160508694238,2.385786108122337,4.350204608687585,3.4702988983472096,3.3255795515924333,5.210443484305184,1.7379249229591276,7.68082054833042,0.7051121885825851,5.822802317025724,8.362657805440374,6.884004492547842,7.897110379947962,8.394902163284156,9.068238968209668,7.496821843000009,3.718831728982812,4.875470738691099,0,test
7.665625901175593,5.3307801409241256,3.6295627593661264,3.930108140213845,2.675850317715013,0.5326301699657499,7.909844098576873,8.0894285158266,0.6212209135174218,5.714788175964534,7.5625559234178885,7.626372424599809,6.3940158501113125,4.314875728430189,8.003482834800472,1.5092228238058492,1.8201598547685072,5.877292895118652,0.26224061934534526,1,test
9.854061135748086,8.629941854778172,9.047788381286324,3.714539585651774,2.0517502724633996,2.697293313953754,7.4354281093142305,7.702833104280835,0.7399275099086611,8.32639282184212,6.755532018777678,9.185516342970015,7.478805051937555,3.32330291192946,9.681873564773614,0.7361135542511144,5.659067765333326,2.38148606624896,9.19069841167824,1,test
4.813406848221669,4.03465296227416,3.956662345355718,1.3718879017952874,6.727187607002535,8.103834627401396,6.750966855764472,7.165975358118146,7.187628915935419,6.428762077366064,3.9061703293157555,9.516437975568493,2.812181692220136,8.342905530219044,8.465773905215988,7.247753749362255,8.872006548428343,6.920350535015758,4.4951811304948395,0,test
1.9862922854255771,5.7402293247324705,6.618838502348401,1.4063002987927935,2.962675883199739,2.5572376680219335,5.962262258839627,2.533696354798348,9.455277820347957,8.080596651239809,9.420083042493312,2.2758672926600476,5.030520008315895,0.8285225844267219,0.647878728343273,1.6597304263096846,8.8347010956807,3.1375457721543274,7.649084073224943,0,test
6.026060876820171,2.030339372379512,8.79973762285709,1.7525703807348867,5.929274760375552,0.6482692716302918,9.366845846227061,2.9303677294952513,7.4103259036130185,7.251477208435438,8.935258690854033,2.644375079078042,1.0548936690881183,6.094468586654037,4.163796700759292,5.826204939601704,3.5457234582000563,0.27951394193640344,9.533379669315314,0,test
9.546429564166916,6.381160328371178,7.592020956855144,4.545174864340832,6.616350000224573,6.315653035762917,1.5534499558760062,8.660196006503899,0.6555697753407608,2.6410927036151066,3.892062869567373,2.001877977520871,2.2026533674462723,2.2829511452662854,4.824825445110564,1.6516500740601214,5.825864620428099,9.21349985913985,6.12154942457507,1,test
3.966355463148973,9.514033729998314,6.317141394825782,2.7372231429962612,8.321600663315108,0.04350384603776014,4.8518311393834015,4.324546105580829,5.821164011002059,4.272580030789975,1.5654016679896399,5.610260590545232,3.3266040846308553,3.7731919349280774,9.772421770783723,6.3768895780505686,3.582261198776673,0.0350501258943281,6.57754890539629,1,test
5.5271611182748925,1.4513883488201935,3.929672328564669,8.459567431309797,8.105340991700535,2.176371908581185,6.484687508974446,6.500402670069216,3.444402354618826,7.7152088719255305,9.72269110395089,5.472732004560932,8.023819297885169,6.885091040273097,9.142332290894549,2.2878136638928526,2.1929161850768297,8.16838590235484,7.904924203781757,0,test
1.8928077812429749,5.928734715785567,3.0535155942371364,6.249731643704408,4.433403638611893,0.16652183350561844,1.1178953740558917,2.5355243248768944,9.604072118248691,9.616675339457716,6.6364793228809225,1.565877697727458,5.565082869417022,1.6526982787999644,4.565545097638605,7.537437363528944,9.81711996737822,4.464014713535044,7.7205533114291915,0,test
6.377103843419269,4.86815270910327,2.4133195771334335,8.86584041311989,2.7199290915574217,0.0816789335573509,7.86378641162477,5.840222450027755,9.414958640666892,7.624888777684133,8.92371865705234,8.626364276633256,6.597166696696616,4.973753132303772,5.115570209480129,1.4909811267901807,2.1258303773117038,7.118987027618006,4.570064389325712,0,test
8.015231716147722,3.412285133162632,7.012237662461358,6.94315644035409,3.07505189325589,2.3826547698049003,6.138449516224869,8.164867320140619,2.5424454500324787,2.149014260188906,3.16180379692923,0.8257355064088823,3.465002184624689,5.928838668429275,3.0437544718948253,3.041873573526903,1.8683614045953667,9.62630930031278,4.637469521629534,1,test
1.2436976700476408,2.507358869682389,9.72191385130612,3.7411912893144974,4.936281942833141,0.9113098958544608,8.453544526964247,7.835965607683287,0.6584972174809312,9.638987609949332,5.742015123530221,6.813931751008084,6.692359330491544,0.5751156806124069,9.267457623281885,2.4018962303516576,8.440728418524337,8.504742475267191,8.066606990656917,0,test
4.616255329999388,7.149288399308664,5.783007714206895,6.527263850412648,3.7239723669418345,9.65118451681045,6.184160848372526,1.2535847626838859,2.066508695293463,2.892961566947534,7.495458622915406,5.245105009085429,8.149739875850848,5.380085126809653,3.3453953483721866,2.821071815310777,6.763744979058699,5.525345261337263,1.0488812889271426,1,test
8.777304669997514,4.919011852516865,2.7886138993369585,1.924731291718516,6.037884041456137,7.153205627500895,4.033474193274737,3.34137293475537,0.0633168228661174,3.299090464652843,8.036486978772823,5.1855577493781215,7.9013439208832015,3.5726070463376813,6.967723940847318,4.594786452140007,3.532054315854177,3.5607020706008785,1.8067506711611692,1,test
3.230655892952535,2.174304696216293,3.4779147677360034,9.709738420655595,7.948745921668417,2.024808177317693,2.992666867493332,3.947314020340884,6.212726652134929,0.8430238888752051,5.601682625714871,6.2702701036261645,6.551119197738724,3.2305565726345242,4.340453756961242,2.105868212430295,2.386565268531858,8.771063844512723,2.3103177978176417,0,test
8.647443343253341,3.339993501917689,4.923261031829606,2.800166283013602,3.848737083268089,2.178094783361656,4.710342106039544,5.445063735681526,1.7593683901720303,4.216583038133791,0.938838402915978,9.59162124645626,9.449299338199992,9.379261585913394,1.1676067171371574,8.823252228599959,9.620982192358076,8.266928966042203,6.560315951002918,1,test
7.684338316317786,3.8349868941928937,8.928087080665405,8.966452649385799,2.0508395697012896,4.1286204210853095,6.755019617895797,3.4609696492638644,1.4013597803056954,0.3316184618796969,0.7056260297138794,2.2307375239703675,2.974282174966909,2.6852554296236733,1.8191947544564557,0.42181040729527775,3.8694139121739193,8.783891001356384,9.86553337204261,1,test
7.213335360725355,8.655663311818637,7.501394444951676,6.045011246697979,6.5956498850779965,4.370938563750117,4.863276400750527,2.6151337474081524,1.1713921487307877,0.22851321011772674,2.802094956287644,9.838014231543584,6.516328904234818,6.0046023100038335,2.6069749003257248,9.837725685426063,8.50979317167559,1.5149382155747149,0.8953599420224767,1,test
8.86873138085221,9.97255671740287,4.985195251017311,4.474961651086875,9.815017588948313,3.2126414060945,9.355034667554186,0.8346191747720411,4.33472851439727,3.681847692096134,5.373386024073962,1.692804301539823,7.3738192937647,3.073619417231126,5.49646194123702,8.519539973881473,1.5641732196534153,5.237399781288462,7.797397013571682,1,test
9.42273848733438,7.964787915967881,3.531661674433389,5.377490856397075,2.7648461419801116,7.029833479482653,5.409337663527963,0.9811717713614698,1.131051253076314,0.7927973064539151,6.843250194646709,0.2513285427198142,6.358731096897262,5.173900973687518,8.939601607540169,7.170189729896962,8.310213413890118,9.631324458187791,7.2737215270598625,1,test
4.86457438585318,6.221611727478367,8.146146934692581,1.0497324331825726,1.5760605772933156,9.08019508085148,3.369596852276376,4.297273363104556,3.4053109848506335,8.801364571754691,7.3170388483340485,3.749928818249859,5.545683793949017,7.49231684129102,1.7590102409188135,3.9004323334548086,0.4949442802822046,8.265956086865371,1.2669372252905808,1,test
6.902458698999606,2.1788143811216663,7.803681979858823,8.803938151498429,1.4261536274284137,2.0046513707981917,1.3758322506608367,7.213864710183072,2.0108489604976865,3.65311003248181,1.3161441582033973,2.080012912622599,9.747004191264336,4.4547294017251415,0.638564356818786,5.601160560264786,5.450812053849217,9.923606274049877,5.450478223122854,0,test
2.902745368727272,8.535388066991905,7.701262826665101,3.749620780819017,2.921393799286236,8.22459653103461,8.752510739874696,4.9562659727672145,1.9479982021276876,9.751543348564674,8.900698350537088,3.3117833429084254,4.333972066853268,8.153647771912665,8.964319919744334,9.547250528939642,4.493199349877925,3.5314699318712908,1.6511963580983458,1,test
4.775821974089831,1.2983728468319735,5.13880067952293,5.412547431885904,2.255054892849401,7.56051712054871,5.451342863110568,5.640020288420412,8.312164833714089,2.0222452319917137,5.916799305204568,5.561508972452705,0.9319055666604903,9.667314075452758,5.530562353939806,7.367875032974721,7.2123483170895595,7.673157172738185,1.6865291107351943,0,test
2.349518955857272,7.65355795329776,2.1548422350780783,9.269564487233362,2.37343500617746,7.562142105499715,6.4960773266255245,5.827004329209703,0.503582972534754,4.908062520139792,7.267302969175885,8.857451799229473,3.62579591700688,3.3742893313613487,7.920283833138331,5.330143450040351,2.816145609659669,5.4481362882055775,7.596564189124231,0,test
6.695921034909588,3.3554893230378555,1.710904660765883,9.401344582400348,0.777292435410537,3.480274452557391,6.6481569251973625,7.520683481559694,1.8913282885867122,8.736047422300059,7.341297699062254,2.4278867528429906,7.6799642723281245,4.733040766544131,4.233539325890384,1.4999522098842255,3.7223063966341163,3.313314999146384,6.380692703776457,0,test
7.381369589961015,5.708216680521759,5.191119749395574,6.626491452117662,5.333251897782998,1.9024881223472323,5.323318449980735,5.510202084200607,1.2893473261552357,0.1090604893457825,9.683303324396322,9.09005336967435,9.103978324909614,4.414105622437999,6.955093058767114,5.6547043257817915,0.2864106268962474,8.069312419998433,7.974364304288858,1,test
6.794364682592182,1.820285569068992,1.0998117352595844,6.6133390519857285,4.678630051236707,0.6550908343856576,2.158796125813789,5.034028177180297,4.557045343727905,9.716498367132168,4.161814545611363,5.770225911392597,7.621034763876185,1.1016964056163847,8.893529187899533,4.348366683188214,0.4748219467785775,9.833289876136838,4.432097873498165,0,test
1.0947100006322392,1.1864480714309709,8.933200941381282,6.1558771952496585,2.5301402226227356,9.2318064028769,5.991727154548529,2.7384418845269387,6.675895612679128,7.550290356435997,9.060711520760668,6.113476597407054,6.685935269137096,3.936020315114399,8.709775147881238,1.4560953289418588,9.582079295429704,1.5287891021765376,2.728326831675206,0,test
7.86454848531931,8.289014261537073,4.1004649860608255,9.680541289950874,7.7600420723756915,5.684443514967433,3.693351298311305,0.600561765940234,3.5055348368603054,7.710266506787278,3.761778863669619,5.590125090794094,6.712401488004582,6.2588678186832905,4.311737309072444,2.6130055996580714,9.984931258070219,3.411372872409565,6.033668054274034,1,test
7.001484877520561,7.686682561514157,3.639561781169497,9.83537600577357,0.18328266808407156,9.355802787775971,6.740043721003101,6.2384785383659205,7.218951229963732,3.291240525459923,3.502045261327339,2.625148653541763,9.746464272142841,7.483212163401053,9.188497143836207,1.5986979736170048,5.571249353293566,5.322034592823498,4.1263466318558715,1,test
1.3815811580349069,9.786779055283578,8.167991926243927,4.96061555182935,2.8445615114914133,9.558893161310412,6.628747910314718,6.644433752795928,4.460729203358501,4.897663070651163,8.922582283625943,6.5296069810016375,8.907576501407396,0.2579532053896183,8.889033978853707,2.839162036439978,0.8004211314811549,7.839802889309633,0.1118542078313578,0,test
3.11658800065564,4.693113242945275,6.572319689175443,2.048535760149366,7.239782558362718,8.127758191087423,5.098521944205,5.1638984547480735,5.5529748350469434,4.339286958920628,2.0501489773868986,1.941248667216714,7.092937849973342,7.5983683594366465,4.932636861266517,6.3202537607589635,6.88751633126636,9.714281531062547,8.46247930900467,0,test
7.380444448778896,5.087017024306203,9.729387272394572,9.786525808307722,8.299152079208902,9.911313177884782,1.0231636019015966,9.551264492859557,9.065961064556433,9.18388198592149,1.8680819635880286,8.473011205731884,5.538509417038048,7.38942386638197,6.506656220675168,5.455337257040279,9.957788125271836,6.534469718130169,5.294442634614964,1,test
