A,B,C,D,noise_1,noise_2,noise_3,noise_4,noise_5,noise_6,noise_7,noise_8,noise_9,noise_10,noise_11,noise_12,noise_13,noise_14,noise_15,noise_16,noise_17,noise_18,noise_19,noise_20,label,split
6.334640558804563,1.8642144043068725,9.506519637391882,5.460194617034956,0.6279340423585082,-1.0751515394399986,-2.0327748498629195,0.3494425688850677,0.5333251735922709,0.466653094509361,-0.1407118157933552,-0.130786110900793,0.267438374363735,-1.1407003294744835,1.0789424724051964,-0.8198728795699051,-0.1864840849899597,-0.9029739577694574,-0.5735195998837602,-1.518848368957492,0.3773803459175268,0.637585390795487,-0.415593070423599,-0.8975591879027144,0,train
6.586437932290821,3.6203979382838662,8.984278304437833,1.823866294259485,-1.1779155318219336,-0.4804026010045596,-1.5168058675507865,1.300057910413131,0.722869889472756,1.544014725455544,0.125129847410706,-0.0612467469842433,-0.0519300271710345,1.1426629812497102,-0.2425574338266187,0.5861119381053871,-0.98323900163615,1.276868579239752,-1.251992319643275,0.2761707374126815,0.1106678720810409,-2.235696477390716,0.4307269306522641,-0.5317251997529923,0,train
7.687772017965342,2.490739292977404,5.055035980020137,5.21301220139538,1.7801146881408845,0.5832375014936945,0.5506271675428032,1.694560301366019,0.2877245070689757,-1.095619853086907,0.441861069859734,0.1549292524912809,-0.2046583680499245,0.4308713698514833,-1.2186276172744537,0.8021040505479906,-1.3494767743602525,1.981527830655135,1.9567058931060743,-0.0936694357934952,-0.7047239902675683,1.3977619809981416,-0.7909274983489671,0.627527500086869,0,train
2.989975639707161,2.551254470092488,1.0653063753709033,5.42132785266411,-0.7836204044837403,-0.2477758239359275,0.1446708443194479,0.2906121513291688,0.176850134390892,-0.0743520833632665,1.6470787794386474,-0.0647257415964011,-1.897919675475155,0.8285888931987284,-0.779472022923256,0.8511605063202382,2.779329072284911,-0.7029097462214337,-0.5776673977531938,-0.5019075730802693,-0.4584699774945476,0.0641973502036682,-0.8057448620749684,-0.857288565806036,0,train
2.7252888978749645,7.752309026590221,8.430614826841987,5.329678474463487,-1.017336713919602,-0.4808699212436528,-0.2758879123875091,0.6533027630283627,0.4159331935845947,0.4782396117005817,1.206609590788441,2.1863665516072395,0.6748786469599728,-0.7390114904902404,-0.3676715295748884,0.3545942700800393,0.3238365702207271,-0.0151081642485523,0.6857953577659519,0.2658732815571544,-1.584378310106829,0.29785184478394,-2.2806642706381037,0.667077325426426,1,train
7.352622898834446,10.682363265463854,5.380753445528915,7.633654257963397,-0.0934817891714449,-0.6111960159214258,-0.912777707314862,-1.8849950246298517,0.0049181688056938,1.6653324590432608,0.125649002778245,0.066556147009164,-0.404608079078551,-0.4896430255178416,0.6369250072583827,-0.1050367026018402,-0.1218345748713841,0.4672473161715781,0.532811778086667,0.9850047910554152,0.3066760304101057,2.227342286556888,-0.9835064019008614,1.4038532621679216,1,train
1.0846696212652602,3.5406309787914814,11.41382212624946,2.4860968374864103,1.3327541907402214,1.0226057960401032,-1.144512590687641,0.5240966440560646,0.9453570148970244,-0.450932792066446,-0.6208113432587667,-0.5031195154851614,0.2981496245182385,-1.1133191799050215,0.6338513875338653,0.1975850607667834,1.7763551153370414,1.5963495272804047,-0.060387289111813,-0.2718784084421087,-1.762392086526142,-1.5621098184562483,1.74058638169556,-0.3364518225482021,0,train
6.41698545436698,4.243308129748118,0.7965842763349518,5.028231848281265,-1.372494484887059,-0.2217802487634028,1.860079630153764,0.4734756775727347,1.1354796339245596,0.3957750145046929,-0.1178679823334865,-0.4041238083366792,-0.3387679982140816,-0.93244522207773,-0.3324105345312468,-0.0968068079865747,0.2572879907785655,-0.616773874242572,-1.5918389262029973,-0.6448041337241797,0.2144124454239362,-0.5813660498913789,-0.0365777746404167,0.5494577925333436,0,train
0.30579117101090975,0.3622155019721025,8.615044474982168,8.651195503245788,-0.3460077852947547,-0.6306335055024931,0.8269967825764762,-0.0565575930624716,0.1664108353953173,-0.6171537228110439,1.9356175728335112,0.444275536111765,-1.241209817072751,0.2623452575626758,0.5952407244928344,-0.7865733576017149,-1.6233170222796367,-0.2586980209420851,1.5793428078958118,-1.02555388734682,1.535666474313483,1.404266691311698,-0.6305391819055849,-1.298912134588075,0,train
6.013910207416128,6.2461016595149355,4.712985776249552,3.1405600965834664,0.0528499751850727,-0.89490942119562,-0.4182606417146756,-1.3478385482274158,-1.4954634694869435,-1.777064201661284,0.6593274404965563,1.655968243291405,-0.5613094219530411,-1.7612679382203,0.540628591912672,1.8440087717157907,0.1541986634159225,-1.4099353564315098,0.7339176904882327,1.99001505237,-0.0658185521914359,0.0711126517615668,0.8362835000916587,-0.8667087173668064,0,train
2.1442502856332126,8.560215185036354,7.845909215864203,1.9669669710795858,0.1020574608070877,-0.9693599375417976,0.1771111791134006,-2.1020447124172645,0.877733851677958,0.816589210360053,-1.9563863568738151,0.7538729525222116,2.06454957520322,0.321302656620028,0.3851362083859325,1.1373490519659937,-1.0026567336655587,-0.9856302006732902,0.1280636011870246,-0.0553881417135334,-1.0147044647831274,-0.7324889683614991,-0.0497184112398966,1.176229020976274,0,train
6.75430218150297,4.8764517854038,5.420308201685539,4.074807331710974,-0.2322618201685687,-0.1045120251200699,0.3518267533577183,0.8747376344996036,0.0004581278227423,0.8651605716831589,-0.8083508258717091,-1.1177790063722384,0.8368766094239595,0.2890105223517664,-0.3274057364102626,-0.044850232502568,-1.6603955149451226,-0.6971727748212411,1.4827406884843504,0.5266791613956521,1.0174613771221002,0.7209453424974253,0.620571381479802,0.9305574975669284,0,train
10.496325210885093,-0.24414620708127233,1.9109132471667905,2.6763307353171606,-0.4708868206671496,-0.0891138670237031,0.0328370564470817,0.4075801348917817,-1.311452560357903,-0.658102659322113,0.1058273263085484,0.7273842265181446,-0.2485234026215833,-0.1851124890740237,0.0826898826687055,-0.7387949025618218,1.4353186705269658,1.370507209894719,0.4488489472276343,-0.1613040973922565,0.3842492153987297,0.951764763136794,-0.7049168210857257,0.1698685108051098,1,train
0.967293010420991,10.449590540591595,3.2176858113974802,1.2547380813054247,-1.267647700363346,-0.6939168236013502,0.3693122812181943,-1.7406519860664784,1.2159796936056286,0.0762928624878737,0.8902050992300486,1.670961129370923,1.334177703175729,-1.8961160560326955,-0.7063380303467185,0.0551996683832912,0.5741721495715004,0.0315122561022962,0.7417435934241557,0.7917270366987544,0.3298608370121321,-0.8968336921803408,-0.2208833881103803,-1.3867347328272022,0,train
7.565732509227571,3.0942934824274184,7.273605569688246,7.40864277757243,-0.8344165275548239,0.3553332144213493,-1.4172700877531312,0.3812241134005677,0.2541730298372094,-1.8259929867064968,-1.0759757782150192,1.1980115696993556,-0.3621723629645443,0.0407630462968419,0.7450199402619352,-1.8411997215452705,0.3160057567947517,1.4022559333769062,0.138890462054144,-0.93703755131999,2.74854069933092,0.3426739649595255,-0.3992926610057014,-0.6191349989355889,1,train
-0.047261695383853386,4.388268619252004,8.142871448366733,3.5302915222011113,-0.3528774163099846,0.4837557950710349,1.904230750302976,-1.681149539269707,0.7079248197682732,-0.0314140636273631,1.5740288137058285,0.5738025429246828,-1.3754464322971618,-1.7213976167698382,0.1189972069092565,0.2330189657577074,-1.3225824547708844,-0.0029031567588556,0.2825169934159315,-0.143031170892785,1.1461239168764912,0.0675784624057974,-0.3235906688486553,-0.4176844667762374,0,train
7.900623698790693,-0.06183894218963426,4.489829110011325,7.328083751288423,0.4679349003520396,-2.118180760108628,0.0217773653079098,0.0143516438427379,0.594848290393634,0.7804429290013208,0.900026387261013,-2.0932812141204105,1.1259487822287646,1.8283829699069865,-0.3705815070594005,1.5039989335962047,0.8601423306185357,-0.5177644349654392,-0.5838582772992643,-1.593942227500359,-0.0842936741363174,-0.1748177040691095,0.5409728342165924,0.2764544695418529,0,train
0.9498711135018536,-0.24475971959192355,7.663298054090349,1.592749521075276,1.8310660548777329,0.9932224535732096,0.5187391742337025,2.2994294788886305,0.781097226242205,1.6793300416960006,-1.0613098994424497,1.5637543261496647,0.6666350796483622,-1.060027604454467,1.5632586482967972,0.9758333971128016,1.9531269372228517,0.8822637673051408,-0.2836293557095658,-0.6415780515293594,-0.948793519974216,1.3259702183791315,-1.958521572103551,-0.9132753242101782,0,train
1.1430219042368839,7.764720981044213,6.582386693415624,4.953693476613129,0.0420966028081114,1.00119887531774,0.7072613071763258,0.7594977963536579,0.8924321521232956,-0.530055892789777,-1.8193580366063795,-1.1784156584848848,-0.9583460271372432,0.3664503953974983,-0.284382509617574,-0.3617907563023483,-1.112082431291851,-1.1635352173408604,-0.9008961335345944,-1.509360913559701,1.220947926992223,-1.3340846930176071,0.2157820674106806,-0.2749144546937151,0,train
0.4712520110720033,6.33372062358951,4.575262796392924,5.570960948516374,-0.5759914064082069,-0.0300560243511797,-0.8414226132878568,-0.1125530933355917,0.1678580307388069,0.8306785103953901,-0.3984414851435545,1.5264628901310178,-1.4647231190605328,-0.4888720696178416,0.0192642737560381,-0.4530589974235061,0.356144648113192,0.5310511784804277,2.7040088862678324,0.4101361432804772,-0.9573912524906611,-0.3417631824455722,-0.5046732690023332,-0.4064384310001216,1,train
3.840174844068039,8.974502482038579,2.4795216108070073,1.4001478883846366,0.8422236673006536,1.103565519443305,0.1896086697676139,1.7656177691125736,-0.4536570485558971,1.83307823544084,-0.1530148029394866,0.0250122688060744,-0.0876040078030883,0.5550573922571164,-0.2060181877972697,-0.4269675222411495,-1.026312760559853,0.1214892351965158,0.1017510758894118,-0.5016076627805536,-1.1243267614639196,1.4202032049676805,-0.7141478373553342,0.7047595187285077,0,train
3.7521309360077235,7.740809314458848,5.875173011535965,5.247074963599361,-0.3352862601359053,2.0367880444359665,-0.9550055532181418,-2.718826227783885,-0.0580607243319114,-0.9075055078619222,1.8645486214728928,-0.1070515117131747,-0.2919134498374789,-0.4430908124328522,-0.3192424306802479,0.3734568714946591,-0.1343273798030957,-0.204666753176145,-1.20261993839878,-0.1780260017674323,0.0560134457493667,0.5275249502131014,1.2640899814452573,-0.5937119727960745,1,train
1.41724490004231,6.505661363102534,6.647587330264484,2.311795104053802,-0.081430880209173,-1.5553166268809755,-0.5708859712993692,1.3282628379059922,-0.0725440407247885,-1.1672586121437716,1.013370695730475,-0.7429906126948843,0.0115469296117422,0.0729450457909573,0.1508881646701594,0.0844394869911346,1.6174790893527482,-0.690890865309129,0.4277401452534011,-1.0219631156581268,0.5848558611111447,-0.7114308604310075,1.994718905023589,-0.8898960092348212,0,train
1.1990022603397898,7.836308392733485,6.398341946644061,5.553892836259702,0.9296377901981652,0.2174859169446635,-0.6114373358644906,0.9234509166256692,2.7593079593837793,-0.4684482885232215,0.2811266769605604,2.0064649861547643,-1.9178645302016415,0.0567831009316789,-0.420424259235896,-0.2395022428432805,1.3866734576629984,-1.1960983397891345,-0.9717366835687612,0.0280777624338349,-0.9271734774805346,-0.4471487321745626,-0.9551716414955423,0.0478897871691411,0,train
7.974819100966269,8.25357826893056,2.4221644376788363,0.3885426832686024,1.570925740942202,-0.2218810406830009,-0.5719767592978282,-1.280515550321169,-1.0092511448096697,0.7347310682389577,-0.2950110148067216,0.1019706660310139,2.200760014940406,-0.2638016512747915,-0.7588951878899974,0.9971732315996108,1.062157440009325,-0.3515014758301953,-0.3214170923744309,-0.2984959191298284,1.2540684671528894,0.7035266394682558,-0.0890422529769178,1.272206342240617,0,train
2.326302152687657,2.3554514235608197,0.804060441723403,9.814325076435445,-0.1434806938653357,-0.1298238936246879,0.5634970347201249,-2.0231098352192487,0.9909244981752312,-0.6032576169947254,-0.0841725846365328,-1.1328655718187408,-1.3502710788275518,-0.4002882074319024,1.546149406578207,-0.1283383459458544,-0.6851578905076924,0.4210219866959622,-1.457259808536592,1.864861481753536,-0.6342986371699412,0.701935202104265,0.5013961734540282,0.7569906668447428,0,train
2.040373556300459,6.251058072783957,4.063683569231562,9.878140211421307,0.6980906602795417,-1.913970121163432,0.4050173636362595,0.8695758473460344,-2.007263632415309,-0.2648300866088297,1.8926373954832945,-0.0095199462884533,-0.4543922156972795,2.452556064467482,-0.1250751771175979,-1.120036438552017,0.4913083798895855,1.3619913863237096,2.098060729465253,1.961556451273268,0.4609602692185368,-0.1399669118396333,-0.4310196418552683,-0.4125037861959397,0,train
2.2698176937803183,5.2142741580745415,7.889992031271433,0.5387880628207915,-0.7072696577343084,0.8971098064883127,1.5612284439724795,-0.905110064265718,0.2267580054634524,-1.2515646650703964,1.6398555614443682,-0.0208498775856301,0.7757156669848718,-1.600199918352343,0.1859777636737677,0.4929164888588276,-0.1235446255678257,-0.9856917191533326,-1.8057374021667711,1.3445961519526255,-0.4077376070050436,0.8837566254493727,-0.0162770662240697,0.1889793056508983,0,train
0.6289791041634745,8.549557693341109,1.9214257330607114,5.825675350236923,1.4675538539787394,1.0162890364949455,-1.3523258431753136,0.7308814246007519,-0.5679097549953116,1.5276427195726283,1.942113208787556,-0.2610801545146948,1.1296759649375423,-1.4426417072759483,-0.935372353727876,0.9433757591129964,0.7768369094795942,-1.1793346772799012,0.1908761983421836,0.8664343966036223,-0.7509203592445969,-0.2474800957170574,2.544277818428483,1.6573258341489665,0,train
8.562803770744942,9.616233995385056,8.504228035778631,0.4056147513473465,-0.2060989218288681,0.916441064679888,0.7195318505966278,-1.1076969665563692,2.3972375448337906,0.8763399409520447,-0.1187152343247376,-2.0428870432088138,0.2704228449198188,-1.0217283192642377,-0.3229809191307104,-0.4569611689198335,1.8855105690909095,-1.4419461994684502,0.3639724782503854,0.2295786132213316,1.3001244364971254,-1.416041294420318,0.623457064073409,0.2623780996568916,0,train
6.369949716394676,5.346795044964038,6.444304422242614,7.709655993320765,-0.5104989494305614,-1.6063781770253702,-1.3507020066026534,0.1073591975273591,0.3260847633517996,-0.7546070528749618,-2.2697910314898286,-0.4479874731517875,-0.0129571972893352,1.8415073591721296,-2.294914052220234,1.2821656683122509,0.0093267368850359,0.6301551312183483,-1.2802038094484287,0.3496952710267704,-0.8687161584993901,-1.0843292691805404,-0.8725231195704735,-1.778508958583018,1,train
0.24142684348918625,10.014304882616408,1.4875833506768903,1.623992364328454,0.6191932653270622,-0.3459861603204787,-0.297125963110437,0.2456021018698257,-0.9507846880088088,0.469744391101868,0.9183918376773492,0.0877680352299185,0.1807992763861961,-0.5842345816203706,-1.8777061524307304,-0.0129143863988873,0.1984975025936537,2.9708564267896507,0.5271298265523137,-1.39099599210857,0.0479657957381846,0.2467475389633165,0.8306850350004197,0.5701508173647676,0,train
5.943116498087666,2.025112752600077,0.46692238140607273,9.742065044091502,0.5254208751479834,0.340837347977263,-0.0441283993864201,-0.7131262549376925,1.213357500330702,1.3034569816300436,0.5345584368447721,0.2794391306968636,-1.7487595766044792,0.6284732212983526,-0.081392161233404,0.8655429084953022,-0.6157468623038805,1.9784105479073388,-0.6098103418779169,0.8317086608410861,-1.112752635501742,-0.8374109898815807,-0.3265414510567272,-0.5596648941384003,0,train
10.136831643046866,1.1834722597781018,5.349626571297063,1.5401407660969826,-0.2451146495421731,-0.4212997641216356,-0.43125384645819,-0.3018553622591636,-0.4111014635697055,-2.6589411308142874,0.6424070163773427,0.3160989991777955,-0.0744247588141655,0.2864100830625702,-0.1944408054971723,0.1461033099826064,0.1610612520961638,-0.0369074835001941,-0.7864015530476359,1.7337368847204493,-0.0886605546670675,0.9739862480566108,1.0699009473862595,0.562357782518683,0,train
8.242869624249483,8.276074222356225,5.920364309257886,-1.626724108880483,0.6073063157675527,-0.1084930665125945,1.2495381162794694,0.3350947341770244,0.3964791559792242,-0.3707465517657825,-0.2031390618708416,0.4075387873041739,0.9349458355561664,0.2843347489163239,-0.7778311332134741,0.0198196045995763,-1.7868999526313074,1.0809929288745974,0.0503895875146589,-2.575014362873252,0.1899741572668375,1.1945506446570229,-0.0375097268879472,0.5588362955542244,0,train
7.6429247948859835,7.0641962361067,2.4970348536616105,7.800054910166434,0.8170187460009075,-0.0647668161384112,-0.2739598761355105,-2.2248316287428502,0.9204256882588194,-0.7408883711072185,0.1555858738373981,-1.8897475719369752,-1.043074734245281,-0.088181093181198,-2.1254744423638385,-0.8708029254408813,0.8922638809485538,-0.0165827689122823,-2.549181182087784,0.3040304325736722,-0.8517938381541796,0.0761029621558161,-0.2433885932940226,1.0401700188751133,0,train
9.043843019662653,2.238757012259944,0.5623301570061214,8.271251400512794,-0.4411584175551701,-1.7630005282643704,0.0378288246299167,-0.5754298696796656,-0.3557593028081429,-0.3287167342928231,1.1237075113105688,-0.7710068191198933,0.1814862158477215,0.3052499885167068,0.3346745749941188,0.3728356094482341,0.0430163605864269,0.8663238032770375,-1.090657740549895,-1.920678498822452,0.3439809804719246,-0.7922761295763405,-0.6738408080900814,1.740435356837832,0,train
6.656888592873878,1.7899322906820712,2.0262186156164836,-0.7378073229343469,1.3888917143130617,0.3812985549756904,-0.021523898842447,0.7343282034240634,1.7835552715104062,1.7069606774923598,0.3123460336559484,0.1404166014254606,-0.7840695472944841,-1.0111871900731877,2.4541805927417104,-0.2184730389269824,-0.7571154923969298,0.2834680374416439,-0.5304747201818355,-0.8363871967911303,1.0390268181989708,-0.2897753713907324,0.756645335339343,-1.2933565241302687,0,train
9.530822814195332,7.961252512922501,3.3653802155561863,7.715067430398294,1.6191767905101515,1.1239258943951185,-0.885025063292561,-0.8967077037189579,-0.4830768846551698,-0.4869837492749913,1.2888929334202992,0.7971492214275031,-2.4477562340771115,-0.4831559971646019,0.2512226135396448,-1.2868475656438498,0.0746020660064163,0.3172571373254598,1.131991841453449,0.921584104652326,-0.5930521554534453,0.1706721622053877,0.8449488836925524,-1.0260581099285109,1,train
1.259805353352212,6.2109228986264835,6.1431285005580705,0.7397250178875159,-0.9071889690027354,0.1460108667134955,0.0395023810226164,0.4203076934516876,1.1685616215417385,-0.1461336608567224,-0.716283547725214,0.1922062591900979,0.1889377727616891,0.5888108732403223,-2.522934736002442,-1.0950062763141226,-0.0190299923606109,0.5850536881712272,1.1055152159146815,0.7206246241272903,0.880943098246726,-0.1724799021883482,-0.3604614599629806,2.9450677600846205,0,train
9.067915775562911,9.864644471247614,6.110499821742938,-1.7046380588073646,0.9368435174386645,-1.5825909342541846,-0.1815725793442001,-0.5496406436885688,-0.8773934123465613,-1.227525997427548,-0.2071409650679808,-1.4460290548226755,0.7691831696032913,-0.4926561111242138,-0.7461584971095796,0.6002989600528791,-1.203316510232333,-1.21126931067693,2.8714233942356193,-0.4265643630118926,0.7160410879821273,0.2488917427403796,-0.0088955807172582,2.202438994569138,0,train
9.412599896791544,1.3036996389909121,4.430183536338706,1.8507980070277446,-0.710162175146538,0.7420610918774241,2.0262369852156605,-2.022916445328565,-0.5336352303851043,0.0107398359992386,-2.382100777437271,-1.765579202134144,0.5420338817856607,-0.096441074386395,-0.3285361042862286,0.5625043000367036,0.8302323516555216,0.5757691086626068,0.2524583431547199,-0.978850693124847,0.1604233296555706,0.2417696257891112,1.3198436616272151,1.9934268782020763,0,train
7.307899306775424,-1.572343205395086,9.350265012584511,2.8590093182194285,1.515480335534607,-1.4954218332955576,0.0628037319814412,-0.3119226535445937,-0.120095867188432,-0.7353760037168009,2.615315950352947,1.0973437414103384,0.5452123250109895,-2.44881713571119,-0.2562111482007543,0.402101114136783,1.044307116928432,-0.6054070667520453,0.268961268298547,0.956603560506327,-0.970370419424211,1.0906769261143086,-0.834367902346799,-0.1162161569537815,0,train
3.615386021479127,-1.1408827890875648,2.095855135897348,4.337305745724626,0.3602861035509675,0.4894600139421615,-1.6438506992371626,-1.0749680004383035,0.9636422002828474,-2.116134679033649,-0.7508265494026832,1.299129519797961,-0.4691287950694494,1.227811372354955,0.3436009392773793,0.2110713446481454,0.0454759467839883,1.1800917607471175,-0.3301287181580737,-0.3633726722851499,-0.3375695113679922,-0.6999837214278708,1.5805748845818133,-2.3517785515486445,0,train
5.996156534522524,8.434309570834964,2.912279356295578,0.24347296686826897,-0.7593387455902474,-0.1699597784804514,0.0679419996968051,0.4478581688602124,0.3986110134924734,0.1232138758418702,1.214903844941984,-0.4265933294938561,0.3792434594995953,-0.9354840111803332,-0.5900448503980045,-1.6178151832037544,-0.2160255071448094,1.8534786133340957,-0.9991606806772932,-0.2229030323501522,0.916888099357418,-0.8951859656061409,-0.7226955243061187,-0.216264409895419,0,train
2.2669898386933083,2.4241523521263533,5.7277137403122715,5.057995663875426,-0.7378078940484979,-0.8699969999889955,0.1916539105743835,-0.1257287477306224,-0.4858299611317523,-0.6033109563390812,0.6501182209886234,-0.284866896455674,0.0997005051159508,-1.072776216548983,-0.2268620287357315,-0.0089836453189389,1.050120777556578,1.287443766403325,1.0002217306709296,-0.6938298223562483,0.5833527187179324,-1.4867040630715866,0.4907057935258249,-0.9124030697911248,0,train
2.0788357542448126,2.952422929542041,1.8315111238656243,4.585672667517076,-1.651536773318513,-0.4798141946563672,0.6503899326203492,-2.103404829256163,-1.5618767952819397,-1.3798601618759132,1.38295675909816,-0.5445739634102642,-0.0916469076827966,1.588711767670014,0.6449119355053237,-0.3660707951657386,0.1160591406022494,-1.2723501006800295,2.344502599667708,-0.8429633790993108,-0.3082172719051451,0.4186943555551324,0.0433396483067455,-1.0884311933322752,0,train
-0.6053925671226748,0.947734140678445,0.3364070369535528,5.3559786758558605,1.1815993242953613,2.9772226205755765,0.0398561674795104,0.1171621153585395,-0.7642674807883214,-0.0191905986760708,0.7587412899842566,-0.7209031237890876,-0.743714476882075,0.7282645251619844,-0.6426199005318246,-2.651610559258272,0.6152230088634466,1.06366272734222,0.2130145884615353,0.1145328535486742,1.8737847435046844,0.8425134033565064,0.1393644521818232,-0.545672266232803,0,train
9.11180236241325,5.149755061817863,2.834791325741466,4.517761828356534,0.2147209425281613,0.9420189876218292,0.8131995515261561,0.9005199550069817,0.6729908016560069,0.0188282384793774,0.538527209578267,-1.4697414843391796,1.1975267264990654,1.977255390326368,0.7193455628397513,-2.0481628291863916,-1.0990230764616291,-0.6031747418282237,1.5153503139941076,0.8181124077459019,0.4832951766684164,-0.4456873737496791,0.2308378713664273,-1.1051386002712378,0,train
-0.023451575196856034,5.5620742213721295,9.435336966792956,0.12081317699217053,-0.0389782483872107,-1.2348198925063194,-0.3336175475207767,0.3105221577002147,0.2737834163035197,0.6981136006485056,-0.5401173809607659,-0.2777067205393022,-0.2652456734656978,-0.9811103256162828,-0.4135667518425127,-0.1451719083521981,0.5355672695840743,0.4358126355274827,-0.6365897400651606,-0.1037574555858548,0.165879225336414,1.288828669742922,-0.1196292733452639,-1.8537945129505176,0,train
5.3481917975736835,6.433296034978245,-0.88813865979788,1.9329268055935205,0.1266884934079704,1.3238819097794563,-0.5878994686254456,0.4307542328177907,1.167045505052689,-1.3153021156987643,-0.3497535716668254,0.1677556528522948,-0.0453591390704152,0.8038462895672486,-1.624551642739688,0.6291373382773477,-0.4444048514727567,-0.9039227696058,0.8304641689483387,0.9348745406952051,0.5817043151688639,0.1993807182452395,1.0422447130248578,-1.6208297686274484,0,train
8.760945325069864,9.765256446759349,9.35956651449715,4.4219551268836765,-0.8395892290784763,0.6168591806350177,0.6460229348856845,-0.2210549793441162,-0.5685212640240298,0.4243245130184326,-1.6537603833197767,-0.4747880209579704,1.32611066746874,-1.479889329854299,1.3205501889029556,-0.2282764854593405,-1.3512757453582265,0.0790447660333412,-0.270974212577886,-0.3770740711740744,0.1237508911024807,0.9627655360478048,1.2937392902983873,-0.5991815284451427,1,train
10.118886527729677,2.6441057991787833,7.793049182162928,6.631507808126359,-1.30713744118485,-1.2963634463966227,-1.2032183388188264,0.0702416992013025,0.240949407712114,1.8079590622167283,1.02484313455107,-1.09585502664547,-0.4320715338279688,1.4321671561561324,0.1307892668242249,0.0243372180456824,-0.6283478387448047,2.3052762807225085,0.956921303070542,-0.800458574623321,-0.2793887775458099,0.3551836417745753,0.5717488202448382,-1.3111304060109037,1,train
-0.26917942583731347,9.970773221909866,2.6107803095652296,3.8397811559061976,-1.7319778164173438,-1.1614819883251797,-0.7045938156136393,-0.8627646815778901,-0.7784401674798006,-2.1542721557400424,-0.0347891195117614,-2.294641535760321,0.2917641029367784,-0.1021572287341825,-0.4284005027561779,1.921457722555978,1.2814096557700467,-0.5225319399872965,-0.1987138972713269,-0.4471162535913466,1.1623090898400017,0.5449409335406196,0.8315005812120299,0.412607694553003,0,train
1.2555841365713751,4.573771035222996,-0.5509103825890074,7.591369138737351,0.2703706216968505,-0.0204358582932096,0.1328928294894985,-1.0016370555504557,-0.5681972585516182,-0.6377433798788776,1.1052421845371287,1.8491400530270117,-0.3445507086177586,1.7536808029017648,0.2850984964049691,-0.974119856692303,0.2571217874574661,2.199512107443359,-0.3237685903845688,1.892769162211688,0.2590658185989575,-0.6134022876636476,-0.1472656813285102,-1.0076849035170992,0,train
4.083219580099658,9.37284028142385,2.2021867865873577,1.4811507654060914,-0.1262041518588125,-0.280395438788185,1.3261574619125869,0.4375245669448116,0.8553974778238548,-2.9006087201497235,-0.120491854670211,0.6712501362801571,0.2332880453110839,1.0290306657917363,2.651596416028535,0.4874876436190742,-2.6747794692631137,-0.4617751930577278,1.4004570469075206,-0.2174837153676665,0.370672250225268,-1.2406300981834455,-0.6208410100086705,1.6469298112082729,0,train
3.5522658287334288,1.8221050292122416,1.2107575229656673,4.74684235201895,-0.096879334641871,1.5555016633669876,1.4637395730941578,0.1947940093962405,0.9062254411893856,-0.1898131340772317,0.3811865742957709,-0.5896885467939753,-0.6419507363841895,1.0411689246978093,-0.92497522119084,-0.0199701871777495,0.0576245537849724,0.523156508977921,0.3796109125459469,0.1044537701247721,-0.5119465163254104,1.2753486042554465,1.5692431403846472,-1.078188606300999,0,train
5.824397076488755,0.6185335709098094,8.394899451132066,5.667203912449219,-1.1466517034646688,0.110223367983339,-0.7193079593892062,1.43049284069629,0.428782953336955,0.940157877869064,-0.5057199523131077,1.1147271718685052,0.9716547576481924,1.701686177332868,-0.2053629741961519,0.4693706414245241,0.1140318708149167,-0.1056278782694121,0.9594892478277808,0.2015899542390808,-1.5022189499259389,1.37284557933381,0.5904839873339591,-0.4138233636683291,0,train
-0.20332916493716957,5.018522361961347,1.0149370665559228,4.060312034935352,-1.1062667462582547,0.9726282650407916,2.0305017460824604,0.5370393593204525,-0.0809864690037274,0.3109044885170973,-0.0333494799010932,1.0424095965471043,0.4828410134912611,1.7009786611809938,-0.8702619092443499,-1.2742036228792404,0.614294292476512,1.0966489277501204,-0.6572048972670317,2.1649657144785945,0.485097341728908,1.485190248251677,-0.9375866823105198,-0.211381365580513,0,train
2.7245463884360994,5.674218749968473,1.8333379077720748,-0.2785155411901272,-0.965544966476007,0.5411959146715127,-0.6637048464262243,-0.5004228767279965,0.1248670228060176,-0.5246340889220902,0.0632185842354762,1.2945915763698754,-1.3912508561359798,0.8764802692158615,-1.1639458319074218,-0.4323256097920301,0.2950903011513731,2.638379639591213,-1.07473965579085,-0.0224459635647076,0.0706347879791417,1.42044538756228,-0.6120821098107141,0.5598429474698746,0,train
5.621735226003547,6.227725711168085,7.988818562401712,2.3295390138121954,-0.2291013110016637,-1.3541080689282117,-0.1122616469796672,1.6212811795392177,0.9080572736405332,-0.3523737979549848,0.1198550836514115,0.1606046967043979,-0.3104749071658365,0.147754372124038,-0.8472938680310457,-0.9500075099983132,0.3206752181413411,-2.5246513204674037,0.2522306989989232,-0.7443401246044479,0.0584758368408153,-2.479176507160629,-1.685631713006219,-0.1615940631629991,1,train
9.830134354813465,2.3786512935589683,0.2957969289935075,0.7223931896028701,0.2884970117092361,1.210572813960062,1.6070790551463168,0.8807222496512517,-0.1118216525374105,0.5358940283072576,-2.479332645663657,-0.1531922954941801,2.049460605816058,-0.213373327716019,0.6155176240421806,1.0978843700773495,0.3364494903363735,-2.040919814833721,0.990465477643032,-1.321591928008821,-1.232723667024152,-0.6223753156782459,0.8512522369832397,-1.5394779735639192,0,train
1.8887410894349892,7.5452662896726945,5.533606853036866,6.869521316693145,-0.4525378230083984,0.5226944682521744,-0.0011254746837672,0.6784613195927995,-1.099991589379473,1.02354791512194,-1.100617336391469,-1.08405302497599,0.4781679583974436,0.2474793211274257,1.448350937201658,0.8692604443840757,-0.6450094056297145,1.7490399307312032,-0.8264901304457681,0.583631765167719,-0.7557888958815238,0.3658074457472214,2.570528860355544,-0.6518585488026224,0,train
8.236196484834036,3.505039006342202,2.9801374023602984,1.5918967796555998,0.8564855523136983,0.8182580249869967,-0.6050843920733003,-0.7665600117864376,-0.179561405335388,0.0945107230516512,0.9743384751264702,1.5606702746768293,-0.1621384268443164,-0.5445565163079038,0.1566679025402249,1.0883797438033316,-0.5033521816845036,0.084827865692014,-1.262649804129444,-0.6227175222378928,1.483628866863787,-0.8716736925552706,1.1647908857087357,1.7880374307341165,0,train
-0.4242439492691844,3.3099454505855204,4.017158318665198,3.5411334025291423,1.80868116566424,-0.0559038846970225,-1.3031159915278234,-0.5265064090523609,1.161549726268843,0.5937798076076343,-1.287896612313998,-0.4199417711961293,0.9535405315527964,0.7956093379766455,-0.0852679942743875,-1.4768476894631364,0.9486248735019176,-0.9018235682573535,-0.0685158665835667,-1.1879281440205849,0.7575852142108961,0.213603726004503,0.7886953125864675,-0.2650139634026387,0,train
3.5516444091857613,7.525053613827884,11.564703356867962,5.355308362667334,3.1097838040201498,1.430316171533465,-1.3902563563347143,-0.5514772482450045,-0.0766932360733287,-0.7402075134345917,-1.2600517785044938,0.3788570628157172,-1.262884738333064,0.6147419793694234,0.4628067390585238,0.9429177788771882,-1.0683598782989348,0.722936799788912,0.7636718122474924,0.4798741187761416,-2.593749520328625,-0.1898909325635802,-0.4126183863607545,-0.8987360149128688,1,train
5.631296890123591,5.637113180708162,0.4759562654209346,2.993919227794277,-1.1657217746741535,-1.5571651798585913,-0.8439185356187568,-1.4715951118395296,2.5332668620309597,-0.1005123014617528,-1.3277205570103825,-0.6930463218010782,-1.162443091601722,0.5473784078041366,-0.2388223244727007,-1.2422522749397824,-0.2898794264420904,0.1259936490726825,-1.79906655726454,-1.3722304629112625,0.4108338173468603,0.0460253271395925,-0.6526137908727614,0.2792052794544662,0,train
8.470034324339561,1.1160897106959529,5.59504072628281,8.88516087250565,-0.5002379920163812,0.9955782125190128,1.318000592868917,-0.6094238516453447,0.5602360868764215,0.7588245277961523,-0.5229636721721794,-0.5019748764554745,-0.0654972757692366,0.701349538869884,0.4064047661562249,-1.7080819874037287,1.6763261663502442,0.0599430233737809,0.6232944970197254,1.3718223182558484,0.0648049669469765,-0.0877208428014513,0.2446658948815097,-1.1424576591023008,0,train
3.8969464940572025,7.914407875697552,6.157957232344408,4.7984178182406225,-1.100220617771387,-0.3187809386415015,0.9043213663530766,-0.1274032549174256,0.0830173252872894,-0.0075619251830321,-0.034601913761819,-0.54257310751773,0.2578535577832943,-0.8249524901623406,-2.4223305165699216,-0.4136541985534417,-1.1825614636069377,-0.3702403040647142,0.0209200945597598,0.6431896020359072,-0.3450316913751342,-1.352133578595356,-0.77282142105892,1.040226110224753,1,train
6.680013066681314,1.4091905232749833,1.5539303076925548,2.4837195690899456,-0.0041923563980383,-0.9612952941092616,-1.545681423573691,0.8801978660183343,0.6766646254536846,1.3340139085276297,0.2514028964791368,-1.5118630186448228,-0.7439344641358322,-2.3108943826781054,0.5865637219383185,0.236474373234446,-0.3723091738565817,-0.8802306666285415,-0.0608899245002723,0.1161998989851202,1.2356953351002078,-0.2503230911900565,0.0291468230163595,0.4259198291172106,0,train
7.362955376786982,2.758277030063741,4.182849191478734,3.9579066840646693,-0.34598975429243,-0.8764755152367751,-0.6168081181530397,-0.8671970567022699,-0.6873059757887114,0.3218980212623151,-1.4112069540207743,1.0648593550748875,-0.4540744983999669,-0.844212809501241,0.1132821577498268,1.063968071355546,-0.9418045887328108,1.4934290095471678,1.2843694440447175,0.6071536721233884,0.4069947846611519,-0.2376315956633821,0.3605673081639784,-0.2961906383954077,0,train
9.926656027839769,0.40039615170329207,5.423006287285226,0.8778649611932847,-1.551911400127622,-0.0691673627063968,-0.061549476924246,-0.4596616545475614,0.1988498182754298,-0.7470446901620447,0.6381989478111673,-0.1066705906806743,1.0777898381048616,-2.0324639296718288,-0.2410359970110464,-1.2774264059696132,0.7674723671597059,-0.2218465206980575,-0.0258973051369375,-0.1732729004118715,0.1070487438787213,-2.242792915727525,1.971836215646284,-1.4659121229425458,0,train
4.105476877983147,8.277224761198358,5.611640944606015,3.9435529269105905,0.192841943444609,-0.9771475846586124,1.4792967597707605,-0.3608812092137228,0.0585844648687378,-0.90225428262924,1.5484113294391555,-1.2288016597238027,0.2564401275810894,0.0133118701123806,0.0516063078473672,0.2211549393135775,1.368595940731142,-1.0094770865167133,-0.5183128889450129,0.3034861797018127,-0.3354791073191167,-0.6124200957125664,-0.2350194439315322,0.2493608892223592,1,train
8.142216844920982,0.30771140197950225,3.0391182088814697,6.5899979599972225,-0.1944993305250702,0.3862914021633525,-0.96400424932282,-2.188805742021037,1.5007723271968083,-1.2636298546107445,-1.1668188009642484,-1.353946807553646,1.5476788503513468,-0.8021774438827699,0.7802170172997254,0.5021746457819759,-0.0525483170976042,-0.860420828678342,-0.6922966722687629,-0.9088422089826628,-0.0057721981179953,0.4224887123847511,-0.311884845691023,1.5234510122540847,0,train
5.936510487432844,4.145981459285167,10.997733361224043,4.354238660712016,0.0363391197496578,2.3966560918786355,-1.0433846390552153,-0.8295850075492364,0.4143053962417837,2.3958526457229663,-1.0924720066421871,-1.500331078341593,0.0476443243148566,-0.6051185052668225,0.3505144463562156,-1.5435646032219656,-0.7770380019017253,-0.0373282766275693,1.3524342904293662,1.2612793103142748,-0.1762265370685321,0.0091972823208226,1.3515702669156715,-0.2789383838294542,1,train
9.404870397935513,6.273353237758484,3.4560208389423703,4.3114453011403775,-0.1755692230826046,0.0195853604593886,-0.2340257830904515,-0.8185299221405405,0.553418554485905,-0.3106142128629131,1.143877858150045,-1.1805805940507892,-2.4406833448721614,-0.2437419593213764,-0.7590031794944512,0.1010151443253711,-0.3544264283109566,1.4531305020280785,0.150689766101003,-0.7799192030663105,-0.2468566691394847,-2.03154724791304,1.4077710259931877,0.3817818417760915,1,train
-0.007113540564818166,1.5024772754878328,4.425860223989505,4.6698879768156045,-0.5583428660187992,0.9373585603626408,-0.1642350235517753,-0.1763455784574329,-0.6023387678820593,-0.9977545989270264,1.4349526883640766,-0.6851906928010212,-0.8841824996532005,-0.4136499085413733,0.2133048240307698,1.7411444030234544,-1.0045490985409866,0.0747878785986266,0.2380225368901873,0.0710272924769735,-1.3483261652737677,1.203872422891555,-1.9005138908729948,-2.018557811223197,0,train
1.3745813968816114,10.522966135097086,3.1591606501699,2.4077362250306917,-1.7667456429721162,1.0574934421977618,0.205579373157995,-0.5955062142503077,0.8817040874164838,1.6081065744217238,-0.6347816618239657,1.3220860132184875,-2.0957570352194934,0.7687323690153258,-0.1050987588541888,-1.5256128804073863,-0.1345389975165374,-0.2536537028318339,-0.5554582094775684,0.2104591245336352,0.4084979662649566,-0.6543690032141183,-0.5503488303750673,-0.9760888683818136,0,train
6.863282513700853,9.056969095551102,6.792877345123053,3.9133616384958914,0.5333647391954109,0.5380604242664868,0.1916142167504642,1.3810099145190418,-0.6996920799619122,-2.5071999923974886,-0.1112515345688896,1.6881581931078025,0.31425849293594,1.16003489840151,0.3178946721777456,0.4354490468748973,-0.9013811720980484,-0.1219486430185718,-0.860603627061728,0.4812524036180794,0.9269140031249684,-0.072761274830992,0.0811370540190291,-0.6194334911852847,0,train
7.05809000219868,3.3043769758624775,8.975035228081191,6.312844503153133,-0.8135183151348951,0.4917768321313812,0.3200652831355322,0.1173824437990149,-0.6969386699411778,0.865692973320121,0.3329182130057911,2.154074221974565,0.1327743212378014,0.7385586039969033,0.5269361696122217,-1.2037644838563706,1.005090717326515,-0.1776539276949637,0.059421743654157,-0.8594990312570194,0.1545808604464164,0.2284576577197632,-0.0043914318243045,0.2724564782870777,0,train
10.339620587643042,5.075334134006624,0.9279652122536719,1.886741882600836,-0.7482244415950093,1.3399953899365524,0.9181142177067289,-1.46247389518969,0.424046208403916,-0.17310465677851,-0.8502151862952284,0.6107769422913932,-0.3670055395721551,0.7680562308924388,-0.5265354124637514,2.2639620007419827,0.1032871921883691,1.57073618808342,0.9993579736209166,0.1182092627051457,1.2569884200420895,0.6147041591784854,-0.1549677052197658,0.8141375997020036,0,train
-0.980306895753791,2.955507651112631,6.251548604229696,5.437048164496222,1.3668252831641674,-0.1599144960628612,0.7367433012462881,-0.6543637361825881,1.550075847914019,1.6214766010557655,0.1106978610675099,1.57787685338455,-0.6269853670301995,0.7034429248483496,-0.2405384822612989,-0.942399392404135,1.1199925210840234,-0.9098968203435408,-1.3704146324293778,0.5914759650668355,-0.8570618720994713,0.3031338960913574,1.396093489922044,0.8918361093227428,0,train
9.085801719628984,2.722156380579591,2.498296393022729,6.677915205899964,1.1812790672120712,0.2741480329556618,-1.2981599977845952,0.3557771570104326,-0.7494674446415595,0.1906842995945857,-0.0761582444739643,-0.4340163788574295,0.4137129390540852,-0.303030869827849,0.7372531177216209,1.218485761772711,0.6027087225678005,-0.8700746296466495,-1.205648994770441,0.2117771524643098,0.4134718461065528,1.40649103595262,0.6510776371499782,-1.7052063816338006,0,train
6.437862897075535,3.022343406783353,7.949892620980155,9.161242358427383,-0.8822720975863776,-0.9407099573159944,1.866911249946091,0.7774348421506847,-0.5789661411099987,-2.2576760644119145,0.3536625771039106,1.19065151871036,1.9450730741040632,-1.085982008337507,1.4889926942693985,0.4796986048984881,1.312584173528029,-0.4089593502884805,-0.0234647494695387,1.5630582900745886,-0.1424356771626803,1.0659863320430236,1.118954652839295,0.8384472108173988,0,train
1.6559125257903822,2.4292588678356717,8.030321892179531,6.523792757417912,-0.2207732524995268,-2.132546118943836,0.9105030817207844,-0.9520930847083576,-0.2733967517194893,0.3921073202514357,-1.0888703823601356,0.7020927729942291,-0.8531582864271945,-1.1188209351965086,-1.0426687879686234,0.2655435372498763,-1.291303217294536,0.4666481570695927,0.3454689797229101,0.0666457208226023,0.2899194959784705,-0.3164018191765723,-0.1942404579158131,-0.5622279035857538,0,train
11.174047141282601,3.9242393114642535,2.0956688771190555,7.737217887130504,1.652616847105467,-0.3414869982393039,1.486026012907708,-2.3734384381608513,0.296407737856639,-0.4467644307224894,-1.0739727996798314,0.5527216518236643,-1.6010277371969428,0.4996589600753965,0.8326940589141787,0.0231146377972295,-0.7816859707110388,-0.8417825718863898,-1.0741992884915368,-0.7084613802129589,0.6136848279469004,-0.7644842043214637,-0.2784973439829467,0.0151986362466453,0,train
3.6123661416401003,2.142788647995014,2.830675036185058,3.314578903658236,-0.3044087281112924,0.8488642761457701,-0.7456262479464287,1.5986291618485666,1.347923666775026,-1.033564616891146,2.7075305188071974,-0.2424051903897681,-0.8656139845231021,2.495310375028717,0.4652225782735883,0.8447633249066803,0.3327306623339552,0.7371311379364756,0.5781113474052506,0.9172010783676778,0.5896238391473229,0.2336035728915809,1.6237230391696982,1.5804934266974149,0,train
7.275730531538885,2.2158419280245893,1.2983003550709187,0.7662412333638299,0.0487025784560926,0.5508577886725353,0.105774928009202,0.0465021292087399,0.0176442910258527,-1.534223381225252,0.1736987888468061,-0.4008546828769972,-1.1874188303137647,-0.0019779279322387,-0.943682046608687,0.8923404363083741,0.284882368290616,-0.6514294322369684,1.430799807353189,1.95234631548768,0.5005223056298181,-0.5272814478621688,-1.3655668992000771,-0.6537156735787983,0,train
10.63042069771679,4.569611530525899,7.170429996522033,8.318046934419119,-1.2709536072495962,-0.1049839960447348,0.724771846307898,-0.2171049725674492,0.6821486845551988,2.5977091264527172,1.6215390643809102,-0.2206151123359502,-0.8027603832927203,0.0402912635768518,1.274894740127417,0.3015964125664152,-0.2190095195929464,0.0723901762459384,0.1127097465546801,-0.1042332509511106,-0.6444851864260274,0.3114971244264932,0.0380768167607413,-1.114152227104823,1,train
6.155307148238821,9.983811705157937,10.75326565702295,3.111472092015993,0.2307892057309134,-0.8446377245842979,0.5623348957068904,-1.4904614622803631,-0.464954568727652,0.1086144484621225,-0.4910731386448037,0.2617172717289694,-0.0921401461256086,-1.4287739974853677,-0.5847498499756242,0.9924242612662324,-0.2316082348030669,-0.2507142401389968,-0.352745016964048,-1.857461483585053,-0.2621046929091345,0.5289451437224519,0.6345981090033911,-1.1715151347524742,1,train
8.753113263711377,5.31730909203522,3.0868642437733107,5.628707252725446,-0.9907556260314392,0.0138255215244771,0.0553413865282378,0.0604033858952478,1.1006029418471044,-0.0573791587699937,-1.0544633226027056,0.8946588963574931,0.6852703797970809,-1.045698824107194,-0.6204112428688975,0.0380818381794904,-2.187252633189648,0.5707137324423402,0.4995108644962832,-0.4027443076274339,1.4775747768546967,0.3503202081603581,0.2058562246544993,0.4597088306418672,0,train
5.2031197969796725,8.174490807927928,8.024836494754608,3.9292585776543922,-0.0785941239240914,0.8005046054543005,-0.235008232265324,-0.1006498316968551,1.428611147068449,0.6662604364885053,0.7438983469746056,0.3539172363172358,-1.1245651214682113,-2.1378614961804456,-0.484085212175899,1.0137942862530689,0.2521201321200913,0.169167445775051,-1.0939867531940677,-0.4476974732603224,-0.9509825454110888,1.474647569361325,-0.1933216988528424,-0.1653914612632094,1,train
2.7349164372368833,0.975327401168086,4.326309046047357,9.774085962159347,1.751831348727343,-1.1038920564285288,-0.8194779546242428,1.3377880030727818,0.0008964307120176,-0.2233679481674575,1.971149002346411,0.4180913671810028,0.2764983978512313,-0.47139804867391,-1.6839396946668377,1.172337833452593,-0.4072152737064296,-0.9562234860721014,0.3322156679592969,0.9737686916865984,0.8495863864792332,-0.8428836808203554,0.5358175150445411,-1.5794307636222875,0,train
6.5279453202585,3.174643623744785,2.38579701475919,4.728163523914326,1.1137825906597802,0.1344809732240394,-0.1589227029595626,0.2400553621636111,0.2653745976171134,0.8028041937562003,-0.2798519515827031,-0.1508742258303095,-0.1805753448254962,-0.0360044608470886,-1.4788055684814785,-0.7222717064225532,-0.6473619366874153,-0.1919003865127084,0.1363341693835857,-0.1918953223099377,0.4680911711801999,-0.7962013503891229,-0.4236290184468864,-0.4133228906021738,0,train
2.5908434747170865,10.985766772635023,2.3522684537571603,9.541889674370946,0.2363539109331722,0.3175377338722578,1.6299795871432134,-0.980931231609472,1.327065332302935,-1.3387157566185004,0.8599864252032312,2.2152248259270313,-0.5816184752028112,0.2364624140315934,0.3223428201448076,0.5053458038296422,-2.6285576940859374,0.2880929040186011,0.4001569985603972,1.0024915700812704,-1.6843610254454866,0.1316928354936018,-1.4479920610013457,-1.1661723437154918,1,train
5.093925932667772,5.779110219783534,11.545815018440807,5.22143387122075,-0.1177573005392962,1.9163664672668248,-0.7048290120591446,0.0233064528598171,0.2188627344523951,-0.2469609182740917,-0.9766805076206374,-1.4474353476876762,1.1261956969084357,0.6275930790522242,0.2079092073478123,-0.6348971668559686,-0.9534866674310436,-0.6943204439879597,-0.4321239776398276,-1.0580444976083974,0.557006662446954,1.025345331834799,0.4521597664450159,0.3005426679778707,0,train
8.585004086211868,4.6045237392862095,6.044548719971106,0.8000497626916894,-0.6553037616004931,-1.2538456720239612,0.8645330482405101,0.0714717991339812,1.5365109028971786,1.9237076139667,-0.2677721184478387,1.251949285602821,-1.0369000393798669,0.3653223625323175,0.8372925720732052,0.5593410806624536,0.6254945466942917,0.3788977341336327,1.9228897491562116,1.1249417116949072,0.607272203803367,-1.3290127804350724,-0.2989502839544852,-0.6520127958388447,0,train
7.638145076932965,7.95458788925957,3.739400302289676,3.07539647382327,1.1266625756484463,0.2253748950496815,2.728653859432822,-0.7406040115834032,0.0870402947281243,0.8778532071891589,0.5885279591256026,0.2781302045828716,0.5609983762992568,-0.1691034146944993,0.1075626319426142,-0.2551969505031947,-0.92180035641752,-0.970814214191375,0.1172871715008389,1.2898713087773217,-0.8108859854113641,0.0894842086955997,-0.2361445202664665,-1.0493739715883428,0,train
5.721614212932028,2.2818387058060075,8.752429968479674,7.967002108362853,0.3809401391229131,-0.0250644581126618,-0.1325727128269814,-0.5870351898983178,-0.2494136097471178,1.5567806743241142,-2.221644518176713,-1.2253697576521223,-1.2468418203390628,0.7611548627813479,1.5578940444445224,-1.3729508028930677,-2.1104585596352736,-1.2501431596027754,-0.6030343180177155,-1.5312629142064853,-0.098529385568474,0.2496874531909509,0.9593726690366672,0.4330898964049379,0,train
8.07043173358999,2.935968916444917,1.0729000774485073,9.007015561564105,1.134232659313671,-0.5916248756568323,-0.1222894089788644,-0.4612349209127311,-0.9371154167140014,-0.6537930778053465,0.0545717296896518,1.2400622558547176,0.6247465025282015,0.350305291824602,-0.3030410450306822,2.597677725631362,-1.151100685243922,0.8755195961138977,0.5068456611006943,0.4115373671548603,0.5104137255549805,0.7679857254115581,2.127779268891198,-0.2935358749204069,1,train
8.186476460114928,10.692991926203142,0.5336946407940367,7.74131526876461,-0.0847788630386705,-0.1738266474720553,0.9877621151500884,-0.6656544619249163,-0.4493229795485785,-0.6715182190012751,-0.1601827449227629,0.4046041274566253,1.1226016798801108,0.5150152506338207,-1.1814277987014907,-1.323742481524521,-1.6387166494745742,0.331186598335033,0.8634774228203191,-0.411545457780932,0.1605203981072473,0.6956131566459471,-0.497374029580565,-1.1451368790497998,0,train
3.075483884500196,2.458261464586859,6.6056849355023015,7.7421729447744205,0.5361316124960452,-0.5835375433508322,0.9496614114596768,0.8702729106951616,0.9228901212675588,-0.6186537762264643,0.6097177212428456,-1.6996108724865533,0.3209863855659944,1.6175159047667764,-1.1474045199880043,-0.9635239060585162,0.1051850649647405,1.3085559191165486,-1.474688685265334,0.0263660538722691,-0.0775216446878478,0.4648875074537413,0.5213961894662389,-0.0088921209642581,0,train
8.553641730284697,3.8972488070773714,7.016386453569526,3.3952978605120805,-0.2795105487006634,0.7886406754364657,0.914026736441389,0.1227771611650151,-1.4595590212100262,1.571067897330124,-0.432528771489516,-0.0955120213969439,-0.2041885374619755,0.579130015264136,-0.7361991650555876,-0.5194561992552097,-0.6610856099151009,-0.0651861459825183,0.1996588991202663,0.225993931916028,0.4073320574018373,0.5858642281616191,-0.6523030896462515,0.4945477949068755,0,train
6.115663032637364,4.284565506759856,0.3620187227496078,1.3015138768894388,0.2567641543446912,-1.156514896142685,-0.6143603928923451,-0.7724766226753583,0.3407834409413293,0.5305903010489684,0.3857696111424926,0.0897020535470373,0.3454090201685643,0.1953546131988463,-0.0639092816892833,1.0381174789091998,0.5673945018683645,-0.1011552438562356,0.4793179734121508,0.1569653386940057,0.9595430334940392,-1.2816063258023234,-0.5983856355791815,-0.4127028720499699,0,train
3.007082075353311,3.6016697922854872,4.918057027687521,5.694042524407556,0.2184749676204123,1.181036187600881,-0.4281345014609006,-1.8970792906104172,0.3743511417577386,-0.0183677135545468,2.3237155269772547,-1.312758967025452,-0.7808703508045217,-1.3391201760381404,-3.0792641336126385,-0.847005855041235,-0.2719734121246008,-0.1410524990295024,-1.2080881488215751,-0.583416994458715,1.1942062504980515,0.5497022331716294,2.0184560917115233,-1.1523157325111404,0,train
9.811628710201571,2.87178005540981,1.5829888779275736,9.687773233288501,0.0947556843233136,0.7781990214637875,0.1841208710397056,-0.3032750695711046,1.7070847582606563,-0.2097357231808045,0.7423260437015375,0.2816584573786998,-0.2833025460970104,1.2502391056631017,0.6618694672568285,-0.1368473956776831,1.922183613628855,-0.8258309213475455,0.0025873289778145,0.5269710048688303,0.0935321248180501,-0.4119962984780739,0.6100117539108119,0.5949778424253135,0,train
-0.6366348153321663,7.618671099820246,10.968458819057775,0.25246464012087766,0.2526257620464837,0.5396049317673847,-1.3540080634216969,0.3364783093155298,-1.1973407279063883,0.744624408986453,-1.6208871793199708,-0.4149522260888871,-0.967657565533249,0.1772083794972535,0.4052691778310561,1.8211259221139633,0.6897482377011979,-0.6256392932065096,0.0005385953006109,-1.491629763387536,-0.3149566813811456,0.5691163578229824,0.7130725491708015,-1.0135074708419356,0,train
7.616509576642573,9.542218410313728,6.72548605228662,4.3655561738213,-0.1041133366267525,0.8157785864466721,0.3939773710271457,0.1110978898272024,1.8936021277361483,0.1576728774533543,-3.095284187156508,0.1891256267626075,0.782379701171622,-1.543159257610118,1.728856025789105,-1.7941604718424224,-0.570161482931382,0.8711917275573383,-0.982624463727744,-0.1815875112941925,0.9369390831633388,1.1035962317546038,0.1847434251818279,-0.0337843076273687,1,train
0.8293428544268004,5.4876566803997795,5.612034139796579,5.297604288780437,-1.2310649464161971,1.139407378150736,1.805026550175681,1.546192020078634,-0.8633339492766975,-0.4245996195107915,0.7478636328034545,0.4759341847813199,0.6466821583545587,0.2831327381724759,-0.1038986090180146,-0.8454444590685968,2.0672283148279953,-0.4957274572161373,0.255024320463674,1.0151742193805715,-0.6736813612340742,1.028383636689423,-0.7536265954141762,1.2059120956338172,0,train
6.253126029925668,1.231747637939123,1.4603144630049862,7.07744235468542,1.6043032107926454,1.0251174028997936,-2.122270463997297,-0.1167067035219344,0.874306472383281,-0.8298774654679547,1.5183410171312202,0.7564423796548497,-2.138982731715766,-0.0759843892421016,0.6700821049195876,-0.335893052572115,-0.148635850511714,1.8224117432460356,1.3062551245885805,1.2365611271389376,-0.7500236968702747,-0.7653654782857797,0.2645161609464579,0.6263490813097801,0,train
3.766743153825373,5.043738586681782,5.6907421633858,3.2715085734427323,-0.6974105169754158,-0.4231698467130049,1.050157511062754,-0.1430906077070675,0.2119085889423525,1.4033710662862506,0.9786178709250518,1.5679799071203482,0.5704273297637664,-0.2226355553928946,-0.8579815082825365,0.2024401116554712,0.1944589499950061,1.0726429609772117,0.9545960978738216,-0.2686287946465032,-0.5898087152459611,0.0733252673255594,-0.8771162127142091,1.9476207348582963,0,train
-0.09326373558999199,2.13539458449979,7.792747609132892,3.281734815392256,-0.187711770121315,-0.3592254388621826,-0.0191003143070142,0.0455969373136488,1.0749062329957373,0.7712143325648195,0.0754540368320257,-1.4545051252622896,0.9301726072802776,-0.4711708399951637,-1.8419801977818824,0.1137451306137616,-0.8845545757095905,-1.1747648093675933,-2.1740877473530644,0.6292864081972692,-0.677825866352356,-0.3860483843081136,-0.7017240090395135,0.4681512089785083,0,train
7.576836829407339,5.879041720275353,2.579516412679364,5.629302927344601,0.5077865923450101,0.72799288108896,-3.0855862681682837,1.0353879894339004,0.0312761932787671,-0.6626087073351484,0.5920586562778495,0.5956270126683042,-0.031176161452497,-1.052670253454209,0.7084617291516592,-0.2569384999596739,-1.7457274454870386,0.4287059956051412,1.039437253758444,-0.8056467796815446,-0.071351818183796,0.3956089934692179,-0.5222482441136257,-0.7407494206236337,0,train
1.131948455280834,-0.06198696019342054,3.1922187200935697,3.3202058190950403,-0.2039981439081448,0.4014947179483107,1.432119654444589,-1.9518914932770128,0.6576694406129518,-1.3635786992756331,-1.6344318926981027,-0.2742445147358054,-0.0165566037211741,-2.6311592066401537,-0.3754398974559902,0.9465588620559892,-0.151912862405274,0.2334261974633042,0.6740953387229625,-0.971846541523958,0.2893815565433684,1.6022183516577622,2.2714362486014408,1.6196491618356157,0,train
7.346035683862106,9.034199638293712,3.6045196973441187,0.3601773031436143,0.5571372577292297,-1.111054227176166,-0.1741784629513494,0.5405482164646764,-1.5839266466042865,0.0285277653118608,1.5516556027314974,-2.513851875663496,0.7842544148115043,0.5358294981662556,0.8812990067780596,0.4267259087791138,-0.0896302342291685,-0.7733614849002143,2.885139087809823,-0.7319343638004361,0.5218917710226304,1.3311444399211647,1.751066774541396,1.6885577396375782,0,train
4.918300575036733,7.667557682206409,5.683414949121759,3.9836772921951535,1.2542582664047517,1.1249535816776584,-0.6411916080890556,-0.8610952508976583,-0.4411804824989684,0.889993372598257,-0.7149624479776087,0.5707324557268836,0.5739165058561808,-0.8701049623159742,0.6081010914156604,1.0291985225228697,-0.0963364949267162,-0.5831804611136173,-0.8528631813571499,-0.7978055066379404,-0.4378106082113248,-2.053205882652904,-0.4364778696907801,0.649580785171418,0,train
8.730956709877429,8.707738523861801,8.382218274087332,7.630941146980735,-0.4421096178521248,2.0714680738639557,-0.9074899314278432,2.5322197709983008,-0.962585651396944,0.8966360987370084,-1.3675872165884253,-0.887030522174078,0.3544472660073822,0.4238706703832175,0.7722684075061756,0.149657393806922,-0.7620687473256263,-0.5195644543969444,-0.22795009348646,1.3517261529082931,-1.2324058205483597,0.8532327971893254,-0.7837155473995878,-0.2156821095893444,1,train
0.22344425442776505,2.319823241114025,4.429230961038844,0.9775286591859449,1.2827816342029357,-0.9389135416142976,1.052973750636118,-0.0418200543409974,-1.0970105973482196,-2.1342270917538695,-1.258826362028298,-0.8563517196782852,-0.8824682981265763,1.2523265010097566,0.052461397648599,0.7585520581298703,-1.1422001858591335,-1.0443839914653903,-0.5794004904124942,0.4658291254400682,0.6353975185176529,0.4921799882639893,-1.7617485788587783,0.4497982879368623,0,train
8.736283044904516,2.206374728090288,4.3008250993230925,0.4929661358002573,-0.0929571636532878,0.7031925484238503,-0.1064855013658189,1.5851470150825726,-1.1190602111475254,-0.834271152592977,2.024844456932387,-2.232834138790609,1.5180297838412309,1.29023846985767,2.165793443886652,0.2874689189475956,0.1127090526155929,0.8127241760393721,0.4298122645153473,-0.051977638119624,-0.3262695538634268,-0.0042901427020098,1.6995211120621885,0.4703022368767789,0,train
4.872719700381002,1.106504831303459,-0.21319790640651115,5.432052350980566,1.4167688897323267,0.3558385590443758,-1.915329421693203,-0.9775395520204344,0.9252733106001724,2.075464031352508,0.4881734215583209,0.2452065651211478,1.2588059672401255,0.0737861574457328,0.367533923599183,0.6155125517429676,0.0706898915081079,0.1119450220177317,1.5589605854023476,-0.6568596558422634,-0.1408557995293471,1.4556511765600642,0.2532407057866034,0.6422536828768923,0,train
7.393722148456352,5.824136393753927,7.993702858763335,5.540320220658318,-1.81039144856214,-2.407010324500597,0.2041566946954711,-1.270156692691512,3.420877008237848,1.1691005089836173,-0.0572072417460789,1.7452822284428635,0.3109429878301963,0.2281521245276022,0.0960725876410245,-1.5563010218278337,-0.6632801048625261,-0.4189449503317618,-1.0851691671999044,-1.7526463420227072,0.2794156745904018,-0.7495639897933171,-0.0872694043306575,-1.5129322053586045,1,train
2.2305460422007513,8.985026847670014,2.0860834629477853,4.724083677182514,2.331496218099681,-0.1330047309131871,-0.383239141244183,-1.1674515216537835,1.585520408531835,0.9082237989200505,-0.4098678881788598,-0.5078256191248677,0.0199423844242162,-0.6644571919448062,-0.902777800196718,-0.2062381773634012,-0.0995315797597916,-0.7985039686902194,0.6956370832640815,-0.2094513514929474,-0.4850108422004692,-0.2869699453846899,-0.4040973214508797,-1.301190193165172,0,train
-1.014406390304193,1.3756195304710772,6.37306708875727,1.508690323385793,-2.0625996876030968,0.9583904294032276,0.7371230841702332,0.596003025033583,1.3915763061780304,-0.2495472516299477,-0.3881938321946692,0.4108848126761741,-1.2579092319546532,1.2572871011220428,0.8392542001675296,1.1803648702732206,1.4583653589959864,0.1147562616996594,1.2860179196480952,-2.8541528015863085,0.4733988119517935,0.5608675180589239,-0.5075229119405713,-0.9950582145621236,0,train
4.870250992075201,8.063307697576976,2.0624241211782435,8.977098892904582,-0.1618030400310181,-1.935052011624437,-0.2344736050869977,-0.9417238630400284,0.8291887935022811,1.1848543216990466,0.592746424532276,-0.5303767658317503,-1.4788497936487195,-1.1160611866622163,-0.6927828771908181,1.189145551494143,0.6865941875168601,0.5933130630634679,-0.1375871199576759,0.890421006575542,-1.5099416417589882,-1.023655418500495,0.0394061117088672,1.4840927683577871,1,train
0.4377254320055408,0.6252401974336733,-1.434107261427303,6.132095494235318,0.0135350208682665,0.066054489629498,-0.6836339682612772,2.6021792921417033,-2.543468382927597,-0.110362860031143,1.3274696325372406,-1.0798909830984051,-0.5717532448433639,-0.3971319230409281,0.1608427440239463,1.1671089468457845,1.0725989465458718,0.1756194209673859,0.0658969331655006,1.536617063206,-0.3927816333925309,-1.223325968605483,0.040238101322491,0.4510562576760625,0,train
8.256627973188893,-0.01515343270885644,5.561678960777389,8.641277601029943,-0.0592355424664632,-0.3358378907572089,1.860205111125219,0.5458071373620184,-0.1357037953504505,-1.3488234523426368,-0.9026577992185484,-1.3312314206780425,-1.1012267983038309,-1.1336688454301262,0.1149868302392143,1.0483509014016883,0.3762903855633013,0.8172281206824801,0.4326085803823534,0.1634966938300086,-0.7617198335407447,-1.811224877216417,-1.1640098841934978,-0.661091828172392,0,train
4.231216574375661,9.14270674431254,8.147762224229872,7.868049609863251,-0.0250496283939532,1.777072985178775,0.1943031992025101,2.514119748293796,2.2606539203031746,-0.3529618719030914,0.3509626939568474,-0.2804373427757877,0.5516064764344667,0.333295013657476,1.5314055146709502,1.690040678996067,-1.1346932774702805,-1.072377298085462,-0.1571538552430404,-0.2883209141415507,-2.4157897419771173,-0.1611950838438348,-1.3511285961731616,-0.4390387764352501,1,train
9.313085546688981,7.577228571085276,3.9582264731857983,8.55238487374104,-1.7159193219158886,0.7590449318143596,-1.8900793366018336,-0.9313415695757424,1.055384036913085,0.0661317877929505,0.6749852906302232,2.094738384295156,-0.501541842490419,0.9389563352110372,0.1420519266263522,-0.4789765501428846,-1.1619694052786012,0.0247403450908831,-0.7955949385306337,1.1392927708059422,0.5369923494575921,-1.611384206678013,-1.640095307629999,0.6286514965064133,1,train
4.858477619079369,5.290377539310281,0.4170522864953831,1.9293180442589735,-2.7743292016067085,-1.5478407853702547,1.098995808467808,-0.2903088875664806,0.7289715479384574,-1.4731582534081424,0.7392994977726144,1.3599063069910162,1.06326673380768,0.7774391494523587,0.877873372079893,1.5283440297995206,0.0390500164702142,-0.0789085360061615,-1.1415734189696625,-0.3818571657727928,-0.586893383242235,0.2853616460428629,0.0117481299417546,-0.4069956670251758,0,train
7.270908637378895,4.278134550768016,5.131571429024877,5.622620390772039,0.4372903141152971,-0.3082012828735814,1.3362008006269164,0.4753187345018776,-1.1558330073849348,-0.8571073559375725,-0.7700824597746564,0.0593523844255625,0.4050294105694099,-0.6067168988383054,0.7049912566950156,0.164338759939093,0.4795387050948081,0.113977089740781,1.2905192980937548,-0.2776039581897158,-0.0629154736491233,0.7732171694480896,1.6391532839593634,0.6261280783711781,1,train
1.9464008154835855,6.169049538967785,3.870280973827307,3.8766564270291566,-1.188565961877065,-1.2631019587191434,0.4133865747488415,0.0464188905803325,-1.408236509880786,-1.1415712028134148,-0.8569306589868687,-1.426682624275308,0.8513277346111099,-0.061505046852401,-0.324765044059651,1.437001017417591,1.1107436958449883,0.6135216931441169,-0.2617177787838196,-0.4320216767155158,-0.2780098508016502,0.0216630981242763,2.4631335921568582,-0.1768407871346588,0,train
1.4386132361724326,0.906963453277484,3.145853574261462,4.344961441968568,-2.3688962635610493,0.3469736238850888,-0.4708049451096325,-0.2090820377804829,-2.0759489060368495,0.6971974501255365,1.7230498871774285,0.5502451159187859,-0.5189475847444323,2.178720505348268,-0.551799407728834,0.5225075961931687,-0.6099437180481292,-0.9933406011075978,-1.6667386166196925,-0.4014542869733467,2.267806419481815,-0.80870877081847,1.0985647696984726,-0.70890428913139,0,train
1.1358226979514643,1.8702136484210952,10.78611505756074,4.615434477463303,0.1224622680387048,0.7375084335560828,0.3813505786921156,1.354548112109478,-0.8802083617842918,0.4272403427071409,-0.7809024308149021,-0.2589866128452916,0.3639068062170899,1.8950560272798855,-0.028288500718107,1.1206467218516476,-1.0365001564735463,0.5805814653111153,1.1205080658984354,1.1323039326436393,1.143669649834287,0.1145987285460338,0.6197082559185855,-0.0911173982622391,0,train
6.72425507559822,6.264266458811444,4.6505103843755125,1.0909068597864788,0.2898235934499982,-0.98484746214798,0.8492574429497624,-2.1558116892207244,-0.121678473830161,-0.0608889348817938,0.7578760221556361,1.5345359992639414,0.0708779805616074,-1.102426824606929,-1.216548077149739,1.35129597525678,1.5477135560644952,0.5370606920824624,-0.1103283202437067,0.6437731936548893,-0.6120424000542278,-0.2169824475807273,0.3286781354192472,1.4084025450003876,0,train
9.302064245466212,4.623279767297127,6.696698235980716,6.075031338587195,0.8174486274641272,0.0392736884303372,1.8769264542720911,0.3502003915354215,1.057175297658831,1.337923440894629,-1.2577229247701145,0.6734826915592573,0.7860790230439296,-1.3594368268027344,0.7714597638636643,-1.8442600796283353,0.2062967810771507,1.909244088653999,-0.2124694658431859,2.0229358886322353,-0.8744963256104059,0.3404047111872197,1.266306944487632,0.7239503801436955,1,train
7.465781240363349,1.7157337102487518,4.163551140196196,6.245840738981316,0.0337965886621311,-2.011333438849581,-0.9983178247076632,-0.516258590730647,0.3269319829183802,0.4460012550463461,0.0928317680577757,0.5748069343858605,-1.307798507988825,-0.8100616680893942,0.4609801425334976,-0.4050905131565965,0.656669677662956,0.3351712009064883,0.6937930841952172,0.342403137743396,-0.2467261995299379,-0.1569266087569395,0.8348698178813125,0.1374083825973636,0,train
2.19128726016472,2.562022869261295,0.5404899124452565,4.390077647130483,-0.2189831698330157,-0.9413205438291494,-0.9626447515792096,1.595704856258013,-0.0083553153964604,-1.64970096513797,-0.4952735023927287,-0.502969302517081,-0.0220364050484354,-2.343595317160055,0.7113700914385548,1.3771967406232608,-1.350573744914041,0.4095607305612174,-0.614137790433185,-0.2563925118172401,1.166147385866917,0.4002000311002018,-1.5602931526970545,-0.4168934867028495,0,train
2.464398968339908,1.0370506708974199,7.8487171986704976,6.717637742279504,-1.050038004638917,-0.1313444161734918,0.5146843310332858,0.2366171194373007,0.3166920510292842,0.7349250080544772,-0.7613647267761254,-0.8576826542866459,1.8801165967441704,-0.2268462897808049,0.1649397759052768,-0.3149213058969402,0.3587655135929793,1.41477858671701,-0.3767674661828471,0.4007803370964871,1.5781337282712062,-0.4828244618034786,-1.8152025030575083,-0.3619052981819941,0,train
0.985401038949066,-1.0088579883229636,9.058837144102243,6.94782898495069,0.2273938182405184,-0.1354483767134044,0.0534769850663598,-1.4361850029194667,1.056985891556756,-0.5438321617624626,0.098783758596136,-0.0785362372970602,0.3107989245467554,1.1202304426107703,-0.3245371952276893,-1.3210007653958311,-1.100994259176283,0.7128923237772163,0.727162571191952,-0.7233744338680683,0.6829769597506741,0.2668483401829497,0.2172260085169668,1.5796515461264478,0,train
4.181493182077312,0.19675803835830757,1.068552901706382,6.892365500351711,-0.8748785261671954,-1.6374361509213016,-0.5690188524224217,-0.6910120730478313,-0.3305197248110951,-0.7834332457914779,-1.381702689761288,1.3453226081873904,1.602965182561881,0.8723907134257121,-0.5054214528430108,0.3985365627996609,1.4956192263546066,0.0681333601963895,1.2051147326173788,-0.357252199184329,-1.047517167168902,0.6267746453053202,-0.9500910958521648,-0.0942058387778298,0,train
6.092122772410493,7.849543483442071,7.973398893473785,6.2018307689426715,1.515488100844415,1.4952140070359774,-0.5814823337894582,0.8526180406600157,-0.1472777244426433,-1.2930328973325749,-0.9379107112359109,0.1910637983035061,-0.8732961918055839,-1.5045622980730509,-0.1630635352581363,1.4752004654802435,-0.4325480342722903,0.7770373663372752,0.1386279025750833,0.3265591407206601,-1.0559620326889836,0.2998391298245836,-0.5254307822426237,-0.1349738660883382,1,train
4.618450286167922,3.9490019882691128,2.739280142920355,6.764788408375385,-1.3384802533947568,-0.0705229151882407,0.3149091885232463,0.0188246908907274,-2.3222128326108646,0.0524027711310214,-1.0241115541961432,1.056554115077198,-1.517595022290671,-1.1259753215458537,-1.850244378680575,-0.465035802622293,-0.7323515942250107,0.415451943234059,-0.1676277888205083,0.2674483585715231,-0.7742979471735392,-1.020372102388548,-0.7629514368949987,-0.181596224355613,0,train
6.524858811694533,3.0753005153914166,3.619412343165812,4.942389433688235,-0.520996120386632,-1.7090883906759575,-0.6906725541755725,0.2579442164850513,-0.6276251888793353,0.4603593480646143,-1.0608822736927683,2.679508526881803,-1.1287147252013303,0.5189477324576058,-0.2740751545590129,1.2057122829089475,0.6483142252877359,-0.3848852529282098,0.1128802202836727,-2.266187540164991,-0.9639468389747584,1.245103529248224,-1.129912905374744,-1.1307053089416237,0,train
2.6514325809485393,10.665497199840942,2.1481829568332325,8.66535511822395,-0.3096115552572974,2.165170915081153,-1.0535511832668334,-1.8431541592746543,1.4352690563410977,0.0137393412511423,-0.4931717143866957,-0.7102997965232137,-0.0769920083339631,-0.9280856722847516,-1.7531954628913888,1.2583467435114823,0.3907863310969933,1.138156145599244,-0.3916168612386214,-0.0921689717709587,-0.513346513826556,0.3941334935996696,-2.764909592205812,-0.7578293532036909,0,train
8.862582466830663,7.106714939203035,6.333143545880675,5.244975563986424,0.9074128806655768,0.5736705236051949,2.1685079803962406,-1.6644136357954908,0.3320090504756779,2.2798450976690083,0.5398455533616358,-0.2371628684840754,-1.0669020456848377,0.4899333488051365,-1.76345274894073,-1.255125690530405,-1.236934517391333,0.0314948395801188,1.085016252721245,-0.0827790773003858,0.8319161647777739,-0.0570816444189357,0.5561395906164944,-0.6252893932459256,1,train
3.632835416508341,8.432287248304231,5.26008429043611,7.131934223000521,-0.2465906004729047,-0.2804522262987342,-0.5172536152984906,-0.7734361500799807,-0.1388476700982168,1.135380401674194,0.9036849123604788,-0.4995304846140192,0.9328811757108312,0.817439045335463,0.1624851777678419,1.110161878752561,-0.5437325026788224,0.3954661846447765,-0.8881020131076319,-0.727428999575354,0.3263822584851742,-1.2196686406165864,-1.5494989965028438,1.1682383072485605,1,train
3.2011460525894075,6.632661885927274,0.4952136551889996,3.92473796889137,-0.3055590062517871,-0.3360707403519972,-1.40851537824268,-0.8123595069879673,-0.4108542073619755,0.0330498165208724,3.3500721565187264,1.4558846458740502,-2.074224944261434,0.5420750318353081,0.5293338533340257,1.5215124494062673,-0.915882019372538,-1.5803535005041498,0.2463379608766389,-1.8857650770891228,0.334428369095046,-0.2619511050582936,-0.1312150672354378,0.3462892437951392,0,train
3.418200001089498,10.270364798307236,1.6613766985926817,4.806555536168544,-1.0463461783807997,-2.1692469284017473,-0.6571927074316152,0.1746869427113206,1.1602514191636766,-1.1074491470931225,0.7656844318837469,-0.5343840377990816,0.1766727185789184,1.1326417903547832,1.3524959935452292,-1.432604449312026,0.8113954617099999,0.3017628636236776,-1.7079383654566846,1.060532153949545,-0.7237634302576423,0.1887531555855749,1.0888866964415251,0.185238532770485,0,train
-0.7189329258854564,2.847428984733917,6.90652807606632,5.024491429994715,0.0376609958998005,-0.038581566261804,0.6700879538806329,2.5086936904061736,-0.1107079741700138,-0.546699213916962,-0.6636925449759669,-0.1667207022029415,-0.2712228075585078,1.2906514612371,-0.2942080301922498,-0.6149396844357731,2.1291765929043036,0.1162200153365909,-1.3278001103565755,-0.4079959861117646,-0.6494984584176814,-1.0704511938571175,0.8819927634051072,1.8241773916256816,0,train
5.915016619789818,5.644288024449131,0.4214326725267876,-0.7578730890822096,0.7212944352042099,-2.066627327772058,0.228596527862779,1.0291163187013816,-0.3207216175798432,-0.7755316789411487,-2.224998756600416,-0.3339955774495561,-0.2418012070091324,-1.2758369606317956,0.5512819330143567,0.0926677404313434,-1.1972508357273413,-0.7811267430683589,0.0790360968127261,-0.3305803089194457,0.2592109414075543,0.1103158109938434,0.989628881239028,2.404975863897442,0,train
1.0705315314003867,1.108672678325022,5.698317727441086,3.7874423881596866,-1.346280797839893,-1.6023602578175624,-0.0018249274042812,1.2466973502988237,-1.1838146398537968,-0.0053431026168839,0.6230816806465407,0.8233262544899713,-0.9354670090188072,-1.516619198743633,0.5642114431535737,-2.544025879503915,1.7202459156345575,1.3413315518875166,1.5988926504059433,0.3621760089130691,-0.9964641652414415,0.6642628597492016,-0.4327675667797247,0.4322754939965046,0,train
10.144738930089161,0.9022334378384199,9.853249503186497,4.751233348666917,-0.695264323908214,-0.8881103608326383,0.681049880130627,-0.286835286847047,1.7649773765478265,0.6404110177454446,1.2499688048130253,1.1483267323627764,0.0918356180772375,1.7346603393508475,0.0791681569885687,-0.8102113452773863,1.0116943563996612,-1.6899002529092353,0.3729879013133401,-0.6139566205723033,0.7756477897385393,-1.0522717400477035,0.4246439780193977,0.6550864597608552,0,train
7.531884885534394,3.0873571499316146,9.724353492557785,5.7901847421471535,-0.7040091136339667,-0.3543221364699688,0.4742024135583234,-0.3450743922678666,0.0463725921114235,-1.067394322222803,0.361390998381595,-1.4012006312862264,-3.3759876213616873,0.8139189603217366,-0.5374569085772618,-0.450169429649669,0.7136873641715429,-0.2506561178014206,-1.2573039625038251,-0.2252820137157526,-1.249570578521367,0.6931088340851184,2.637048383720397,0.4429486231555832,0,train
0.23850177511217607,2.047668194418004,-0.9655682914351873,2.6278902344331176,0.4492230603909685,-0.1444269552107479,-0.0185882028584719,0.044078626098289,-0.5172365790118842,0.7139084734870513,0.7720951143813002,0.2495706703000686,1.888496666934008,-0.3210922905381453,0.9751163050583482,-0.9735915306206046,-1.5299140171135086,-0.9435664073248928,1.5909634254222285,-0.4513486167468872,0.2156981240399207,0.8247438124727093,-0.823694461430693,-0.3826742702832512,0,train
7.131347460372725,-2.3225222434198924,8.125986939992474,1.7971280153425364,-2.0561600945919345,-0.2383898700040146,1.150750461903649,1.8606395378014284,0.4941432118879912,1.9418663871320767,1.1980365239012982,-1.4283980730604595,0.3913020741090146,0.2379157660482299,0.6886548375741336,0.7894943275717486,-0.2000987243956179,-0.8471382811474003,2.2804298584695557,0.9175872254987796,-0.6156001430829193,0.776991798529195,-1.0400744374163835,-0.3629418539982592,0,train
10.1962181365436,1.4906565730910804,4.945072373392768,9.75894712420066,0.0934869022731939,-1.6896981683447323,0.3313584017814186,0.7508665169348627,-1.0799990339714791,-0.7660525843838009,-1.1460302816770742,-1.4413060362103192,3.456662187432414,0.5084118013451684,-0.2825057404933724,-1.0992109918264437,-0.4890462285138012,0.1639791438584678,-0.9711852440021156,-0.542217399503967,0.7772362844048158,1.544377052091713,-0.2532333041853161,1.4213659994874714,1,train
5.859654476534813,1.3512886756409355,6.3319706342155415,1.7267153005083618,0.7103415357862586,1.5951038161541795,1.694533165816582,-0.1498189925118091,-0.072587135564839,0.2869052747245895,-1.2833206845736134,0.6332502553686488,0.0025452344285401,-0.7055581766456419,0.3078320869488113,-1.3137163243436316,0.1572967673404886,-0.7638661823741346,-0.4004908281470522,-1.9811865312197925,0.4016661007653728,-0.4510815083488801,-0.004388627063911,0.9907717988238008,0,train
6.050910444852418,9.143544782094967,7.695894854938931,7.0410798756317385,0.4834840119475206,-0.3373490806205853,0.0013142716782873,-0.3994967460715976,0.2401311969182563,0.7598378716782258,0.552200481992802,1.9941436067693563,0.8119603397051763,-1.2499817869582763,0.2328022223673857,-0.5291651931239745,0.4980510695255447,0.600070903187333,-1.2134187390631912,-0.7334405831088625,-0.2825481746559351,-1.259013676356282,-0.0310991085372348,-1.0944196036130591,1,train
2.9938496322796686,4.089021874903885,3.3506966839185983,0.8149484493316792,-0.7836822883455172,0.1755977785917579,-0.188321188915928,0.3498838687648126,0.5910699675824649,0.0614703158908957,0.1255145089391959,-0.0820859917752251,-0.2717198953154482,0.6515579306041392,1.2928759400343453,0.8935051159655074,-1.0086009710684236,0.0015795197041272,-0.5026366467036194,-1.9736761520923327,1.5901688723542864,-1.1035833467187877,-1.5487015647293665,1.8468548698250051,0,train
4.967702862323609,10.502773407625071,8.849644165811014,2.738784102900965,0.1022033195821499,1.114422920840377,-0.6427305064972764,-0.1939510615714812,0.9323522755301926,-0.6452765178033701,0.3059818576699826,0.3290722848728796,-1.0673258419920826,1.960452123266596,0.7370772009556955,-0.3165180042519804,-1.196501660724752,-0.2646148515990721,-0.4273766250532672,0.678471354340648,0.8156946517731987,-2.4115016569882903,-1.2336929173779632,0.5977867248348672,1,train
9.208207864409772,2.798724756592743,4.657458228858375,9.08205978696654,1.27154556530128,-1.665409378095258,-1.4215549948821602,-0.7501082378652689,0.1119443274905078,1.7106636521606169,1.0857393606065249,0.2948135988985157,1.42596833372545,-0.1336795822812018,-0.9513919815081906,-0.0478850460588602,-1.0499268099622203,0.3573557500534677,-2.0060592519730744,0.0190068101753876,-0.4892903415111077,-0.4997112170241581,-0.7054599932400554,1.2608259853898278,0,train
7.20168660993716,10.305797411535078,8.79913655624842,6.988848790272861,-0.5934771067348364,-0.8234364392552677,-0.576890177325126,0.6145293785887853,0.0852106594806725,-0.5769820069528921,-0.4547147156555157,2.3521407131787364,-0.5606596223242781,1.0036202072908496,-0.4575020615655876,0.4879011633756879,0.34608328293606,1.5632761087802487,0.332281716412848,1.216047656031282,-0.8807191995115983,-0.0265072908724997,-1.3984741053125678,1.6255894508095885,1,train
7.417753655601174,8.825031770618928,7.506929870909037,8.836057537510712,-0.7864083058115195,2.369116172365757,0.8797344110822657,-0.5516638038224955,0.6884177875781475,0.1373783057610145,-0.4249768020277334,-1.2186224539738422,0.1382565612919425,0.4949842558749757,0.0693800961049605,-0.1900078917555345,0.549284607904259,-0.9123159894494368,-1.358161708228074,-1.184811438920516,0.1396850286170619,0.952145162680576,-0.5594467210222437,-0.7188409143674056,1,train
5.458071328092887,7.389072091224849,4.616618350893724,8.763600028404074,-0.1899674200236976,0.7439394807372376,0.191156451588213,-0.3267261060331535,-1.4297937512824488,-0.7945450770845572,0.8439806289401265,0.3229235881825532,-1.0022396138847496,1.4720100321439304,-2.443413262533251,-0.0899667466873278,0.2811975622226556,0.4724953690918365,-1.0386311479266346,-0.4912340753895521,-1.8631665690879988,-0.946179753389666,-0.8340882884205476,-1.0493849675205489,1,train
7.645517371450052,2.3893494511756606,0.23386011259484824,6.849757224851491,-1.553452544135074,-0.1988451787967345,0.3541846575242235,0.5163907444737056,0.3486557711486255,1.1544232214156191,1.2338672525866663,-0.421131068824302,-0.6900568294247403,0.2358521426284905,0.0048710705349714,-0.0880883376089868,-0.7063114949691228,-0.1038876973450997,0.7849723028920139,-1.1010025910049286,-0.6880905028147005,0.9755087848366966,1.542115480574876,1.6951717967516289,0,train
4.539639320311111,1.8620790727159424,5.159566193630982,3.091750827022524,-0.2813689950646374,-0.1018984813979865,-1.499704663766818,-0.6024605506372614,0.0751979346227896,-2.2396634995842812,-1.771791440817199,-0.1748537423258755,-1.3739458291098567,2.741271126925165,0.8001884372647246,0.2049288043181787,-0.2206972104783609,0.3480069480057794,1.3864034072448237,0.0718713201805105,1.5141584095192482,0.0418101606413468,-1.0737366256431655,-1.9780663237652536,0,train
-1.7099957153904846,11.598939557950448,1.6957352698881327,-1.6128109355993925,-0.0051272992971836,-0.816323917171666,-0.3020072411087975,-0.6881253383590396,1.1179179640060306,-0.1058798358679587,0.2043227382998998,-0.73647608448327,0.6608211127840331,-0.1520042796900165,0.0963143365355057,0.4062648641455447,-0.7101666467743359,-2.0415636867865317,-1.6678978072734512,0.2740723158235703,-0.8011112321200694,-0.4987144981304456,1.2194442279211444,1.2063062936731954,0,train
-1.1588181861479556,8.592855520828158,2.6768044222675833,7.348205545446358,-0.5994164705825704,1.6580226839643857,-1.495640214612537,0.3910216708458358,0.6956416920662145,0.7563731460188261,-0.9570692062767664,-0.6279975084843828,-1.014875959341925,-0.1613984389934564,1.5954682837847416,-0.160386636545522,-0.0755520084820583,-1.3685053985538935,0.6675594136858714,-0.7105964270656463,-0.4710198081389836,-1.8005681139077494,-1.3485147351171478,-2.035561142273002,0,train
6.739890832767806,3.1013396170765026,8.201433003868452,4.006167153467538,-0.7818620659740088,0.5151501481161914,0.6904503727925172,0.3333447247930245,1.6170640745232097,-1.2492912738848303,0.8869410619941726,1.5841471413161536,-0.124727083027029,0.156458238910287,-0.2362611097451153,0.5853360961290849,-0.550809736904842,-0.4636256813380177,0.5694929088258245,0.7905619827228042,0.6474427076419208,2.7304237706390997,-0.4519075723628296,-1.537918165568675,0,train
4.451136954330448,3.2110491885107018,11.61103341723227,0.45373496876648367,0.1709526198494881,-0.4499292990776385,1.080742474672593,-0.3554096514953221,1.2937640548612004,-0.5603008849868251,0.4102619239981467,-0.8297946686959012,-1.4187554806034282,0.6749925899412039,-0.5075267005042507,0.1745635735863486,-1.1704799085662707,-0.4964151275183,0.0645935227856008,0.9802651024342252,-0.2702297846163408,-0.1777480183578439,-0.5590482851732288,-1.2205977263110936,0,train
8.502709993271434,-0.012940676418224079,9.36708178615103,5.028625383112458,1.728231272319413,-0.0458377084937427,-0.8768337114685936,-0.6980554555346365,1.4459324675531862,1.6017156742540184,0.7642305191065064,-2.5803611158518205,-1.2190550003743008,-1.1395359818992583,-0.3910428199153411,1.892581807061836,1.5330786241413958,0.7963353296351827,-0.9219233599578625,-1.1587789223215823,-0.4389612148441881,0.8096892580045947,0.1230483566533513,-0.6714710675397759,0,train
3.7390119445956618,9.315160387334412,5.63954001330533,-0.6207561759379823,-1.3596897347781574,-0.222714613325454,0.1048557725784477,2.48490309895279,-0.756099817854325,0.3556553861214468,-1.463234829276791,-0.3584752443790716,0.0508246071075647,0.413613925112093,1.0299784690761145,-0.4157759823782749,-0.5652268334228273,0.4807228399856405,1.3934497034170368,0.7722223056621172,0.0475977408982103,-1.3636042434513034,0.5830358313383581,-0.6684149342279093,0,train
6.74583249986525,3.0963355642308583,3.279612022058017,1.8613486473552157,1.304213043780845,-1.8720547336409283,-0.1442655699580199,1.1453261992072377,2.0839410950731683,0.1776842433051636,0.2272497262721427,-0.6075175284131679,-0.9248852024143672,0.0917552714081488,-0.4534106603631626,0.1623353238108517,-1.7280104691078697,-0.231193248614453,1.5033881035271752,-0.8947564943909097,0.4523467594592599,-0.5339775668182232,0.5118411321534504,-0.3684852541787072,0,train
-0.35701414180165725,6.064506252788572,11.187533017612184,5.608552462555743,0.8728960440801985,1.3950151454522075,1.2103921626315644,-1.7728504648288692,-0.1823591012143078,-1.3522833381454218,-0.0088840706694118,-1.4884073919914316,-1.8778438434585631,-0.3333229264885651,-0.0151402324816874,-0.4446058044129943,1.5578206048200691,0.4855583800466684,-0.4336549971734508,0.5904456404421534,0.5714901145805605,1.947144534720819,0.6833039220280429,-0.0158176649924842,0,train
5.93829824129089,1.5233484107644972,2.843775809713248,6.846000581811404,0.4433242787648611,0.6985003093757007,0.7141114135091574,-1.2687620346878976,1.2627338543204358,-2.124445010414354,1.6092387172445906,-1.7861576885576955,1.1591198708627366,0.0828469606861545,-1.173541079828541,0.5637490517030066,0.5239614406573955,0.5139813982251342,-0.5897769675761343,-0.7862616445740617,-1.4667563749161938,0.2101174157335245,0.0829825541798988,-2.0745581933166117,0,train
5.465226487988033,2.7577066706165354,2.811726819144268,4.680280717887237,-1.1300973458249095,2.5603195242008425,-0.4437553388985563,0.3742440696824381,-0.785174583908821,0.3648703942097275,0.5319822011288976,-0.9184245880942916,-1.0830357284352767,1.0530619616138013,-0.3851312486088063,0.8069061367410224,0.776266287626468,0.9600928395611812,1.5992274146213592,0.4220136551866603,0.5282412623217039,-1.217788347757888,0.8494630150351042,1.0658392772609506,0,train
6.946952121876901,3.683914160108157,11.055867776310796,5.89184986460619,-1.3309412433870391,1.4657920748504891,1.9384414790281557,0.469014531522365,-0.8499471030488372,0.1051438250922909,0.0649161082718065,-0.9346442014923172,-0.7451844993085711,1.1161859688397118,1.542046567622103,-0.3792239629568205,-0.6217088625964474,0.357845012491037,-0.1025688520074412,-0.8832274377717846,0.9202797578379904,0.2219057520291268,0.2680695316701738,-1.2667809333011788,1,train
8.704933654809448,8.838429137791104,7.862573131765245,5.568336178549806,-0.936070522142965,-0.1385389433799113,-0.2556625518806433,0.1881681926954872,-0.1094575279150189,0.8844980675264402,-1.2201534816711286,0.7536288417722945,-0.2638448814760479,0.5398867846160713,-1.4666986237925796,2.3115810357062943,0.4844836748113134,-0.0528609611657512,-1.0020709408887456,-0.5022110946381185,-1.1271362049448772,1.15235050103226,1.045468987690366,1.218111462745348,1,train
6.120312298938457,3.036705812543798,2.974677209502988,4.033118737364017,1.1232043084260692,1.491530066301137,0.0487163394657676,-0.2948937419552956,1.0477499817197338,-0.1592715560951932,-2.925356329304388,-2.645263458028366,-0.5289415327990958,0.706908062611939,-0.9670544873067374,1.2287215968370833,0.1014925775991598,1.3055791551162692,-0.7580087127455241,1.4126245884031818,0.7034885255806638,0.0393771087465135,-2.0388249195231203,1.9143604747267176,0,train
8.69881489029428,1.1970308562610594,1.5216593948979171,4.238403274856189,-0.6191241409182698,-0.0308884997528102,-0.0776467450134412,0.0856825193221685,-1.8111822954183616,-0.6932715679942884,0.2569691414011731,-0.8189485396495196,-0.2506850373764466,0.5059533950212344,-0.1648030279680201,0.1560127774090772,-1.2382719913683566,0.5324921361286423,-0.4606988788970877,-0.0448993735145688,-0.8813227842018926,-0.4636847454504832,-1.2895424826517672,0.3908108541613599,0,train
3.0841694327279687,7.063906748962449,6.590982534605435,8.8386905549209,0.481786313115586,0.4647842724248339,0.8176281343787294,-0.892232922919931,-1.2010817949698958,-1.210798199303181,0.0996780195255589,1.527954412755769,-1.1841812500258704,-0.1582534974736298,0.2418323739058255,0.8992053067202572,-1.2747152524812753,-0.0252230083296496,-0.1651634586341973,-0.7298503801789511,-0.7139463890044163,0.4383582810833532,-1.326693532635023,-1.668549229808235,0,train
6.4715914594687165,6.02658455687717,4.141630525942143,4.226130264814838,0.7560779814479934,-1.2513163867177743,-0.0103683569004015,1.1238060073977252,0.5795947383426124,-0.6827470967786774,-0.0540674011130923,-0.5599491879510818,1.5561944045728229,0.3068517151900162,-1.8678011783384592,-0.2891243603930699,-0.9478343593433576,-0.0218713251654294,0.3345789350924755,0.1315207666508429,0.0900548357902131,1.2990357837275093,-0.7275169485988866,0.469796982632771,0,train
10.401338939373893,5.2878089886383375,2.6710401054298414,6.715502552615668,1.5169376499349323,-0.0924060957593313,-1.9747683309315776,-0.4403485353784311,1.033713904317202,-1.4859057835250231,-0.1750507981949084,0.5766839240128027,-0.8690903489278857,0.7584747086042303,0.3858357800184331,-1.9610348040672807,2.233515844134956,-0.2313774370079562,-1.9466956088618408,0.8435557416241608,-0.1904407138098804,-1.3943521285519225,0.3906890175407335,0.5186713639492578,0,train
8.656715540332272,8.790594030606185,6.470870118321104,6.137155812022465,0.8182571345722387,-0.9733358418827612,-0.6412815594914061,-0.1665704608375132,0.4047033066244382,1.408077981812133,0.6787301232485781,-0.6266704091988899,-0.0492434575418062,-0.938621719858684,-0.6348079731601033,0.0743643998713936,-0.2391194676364889,0.1593061874778484,1.3252774511314522,1.1704944046401244,0.8569440021232648,-1.080737800386214,0.5606493619592838,1.011890101883358,1,train
7.777575530702356,2.6114730479579404,4.4136855360058975,5.972512298071162,-1.1108252328490424,-0.3288504850028649,0.5836722637085429,-0.0927697524490725,0.3384783938085901,0.6732822045200257,-0.641432059446328,-0.0509826115078626,-1.1439961454186245,-1.19884199695417,-0.1204810951704703,-1.166001147981487,-0.54676893935576,0.3142128166141251,-2.362523394305376,-1.065794378460276,-0.0209321034772232,1.07367025467696,0.5147501123569539,0.0142093251803955,0,train
6.300827104043267,-0.8075577691103399,8.797832478283201,1.3319020442781426,-0.5825348282363945,-0.5893725682747512,1.4246251036264015,-1.007498197695883,-0.8460028356957747,-0.701147485463462,-0.1838907825428671,-0.7739591594541934,0.6636064196526423,0.0335689994632183,0.7077031212407122,1.3426997633886562,-0.2483239797285209,-1.6513913365238035,-0.0277111097562211,0.5669902243289123,0.3471288289364492,-0.0845803105201921,0.57675202032968,-0.0185257553763798,0,train
1.8006060011151892,8.078493984527576,-0.7539523512074389,2.1955500198961353,-0.5486914951931291,0.1015876962655727,0.941167331722172,-0.1375310841281054,-0.3244534383679125,-0.5363313908998052,-1.1785630901790438,0.8718053289119959,-0.3363073732294986,0.7785357949339392,-0.2724974321668112,0.3888914714481489,0.3838947735871317,1.6925607507701863,-0.9710016671365812,-0.5192277660208853,0.3815858032106444,-0.6894570332983284,0.3389775286316505,2.0949637319538814,0,train
2.211470174105926,5.735974936398586,2.9624292248748545,10.44331598621464,2.56337024179084,-1.129856383217316,-0.9012636935278628,0.6607500513022309,-2.59602701138533,0.7489338782847055,-0.5405485311274456,0.4296471015979713,-0.9619104547272578,0.4729970172871415,-0.6250665092587381,0.6911630778378269,-0.3191931865615809,-1.9414979988444927,-0.4247261997790004,-0.9083632001195208,0.6459402239083467,-0.1360903843918725,0.4549493217794978,1.3099683488479228,0,train
8.416865346023881,6.81586933406156,3.5527536421300345,6.064029494626721,-0.2167700039192551,-0.8386944589631973,0.503902727989624,2.055570932867711,-1.1118004312862908,0.4626185625157044,1.465071552702229,1.744407448439052,-0.6348338257948829,1.0856358637462065,1.6864626462619547,-0.7712408681842801,-0.5440742728164909,-1.1110055059120187,-0.6351466823645435,-2.147266471186566,-1.2350987334134138,-0.4260322607336816,1.570056351722987,-0.7005667836752946,0,train
7.738947196234168,2.6105724709998914,2.721368474882677,3.654107243231565,-0.2034342907001159,0.9535331989486512,-0.506907930296021,-1.8182295453452584,0.4374238274336698,-0.0748532655933554,-0.4358071086457141,-0.477251875264249,2.6034654195353375,-0.2960914323153535,-1.076061565504204,-0.4962025068069561,-0.3384357294221422,-0.0696704718906975,1.732823516099648,-0.7661934089077068,-1.737132523240317,1.5293951039268454,0.8443439047160484,0.0100321579737824,0,train
8.44366995266861,4.843475347522246,5.751952407350373,8.660577666905468,-0.702212636843489,0.3765136074246332,0.1292782876142158,-1.2211033199235524,-0.588215396203812,0.2752919980930559,2.786518594733484,-0.3136676481046894,1.0873120605274595,1.4940774730105362,0.2823260052772656,0.3203013788841228,-0.6840517788705349,-1.2632351621622866,0.8821612407751657,-1.728120009069888,1.0818901053238816,-0.0196044160523904,-0.6810857964898578,0.6155822783336982,1,train
-1.112056539631339,5.39348536437157,3.926722696849619,2.755851483631358,-0.2444274669491258,0.2327212654710324,0.4136757137520805,-0.298018181801357,-0.3603402331644476,-0.6029271028098048,0.4123723794217865,1.3993259798257702,-0.3873550473295721,0.5885454724744436,-1.7911169764397157,1.219909222657264,-0.2213548100290911,1.5257330758182963,0.4807181869344079,-0.1313266188544073,-0.3334316713673156,1.7994710056670753,0.0450747461561326,-1.3706671241763322,0,train
1.846388913841647,10.353485391831754,8.614457759484944,3.475192768940865,0.1836498204463255,-0.2247050521827093,0.0281347401481191,0.9748396921240696,0.608250564559487,1.7551741104158172,0.2211100107917076,-1.1354594487113074,0.5171829707856039,1.8462713678525864,-0.3326312514633723,-0.5039375918534768,-0.669639005617492,0.5010289621709062,1.2604992957746937,-0.0323796387049341,-0.8256467366889741,1.837342155946783,1.3160708698851735,0.3420499991170855,1,train
6.887564603128316,8.843600786464743,4.762939053618594,7.299626859140866,-1.1641961805977818,0.3182429741878886,-1.2294065256571935,-0.0262233964026267,0.416991640546857,-0.9009453868662648,-0.1980479596982411,1.022531062021537,-0.0313674697073508,0.2222326919962036,2.242712022888791,0.9734411072788112,-0.1029435794372471,-0.1101190135288183,0.0741276873377877,-2.2287022365088553,0.2787478256788087,-1.4228480529854015,-0.0685227506880479,-0.0310090905628096,1,train
8.561865301391641,1.1462903081774218,1.133269196580766,8.246254126123244,0.2047439693340306,0.305325381257243,-0.8448586045073277,-0.0555007054985734,1.4326087149696705,0.9846063720983806,1.7349866757359276,-0.8726988842084081,0.4716838249617258,-0.7954206145569312,0.3877143975646195,-0.0500753541777594,0.1001310685325415,1.6461500815645125,0.6741481356099206,1.185535495924466,-0.0741624125413661,-0.1291257200166111,-1.1463596636166506,1.6797023573505323,0,train
-2.512601823077908,4.4332482551546875,-0.5910148512767186,1.05782992735347,-1.7396552596653432,0.133694311398822,-1.1251396319651827,0.4110245608405221,1.0955849588978557,-1.1213645166124124,0.594215101864906,-0.3361153999368824,2.1009196276248425,0.5395774125636921,1.4077000572272425,0.3630471704231831,1.061560809800103,0.9033092914900824,0.6726689566118518,-0.6494643423710857,-0.7200907842856038,-0.8621242459019935,0.2432450559937487,-0.0324705108201933,0,train
0.328176722474947,6.247209535500986,1.7848429614895556,6.5901520819665595,0.8318774513133309,1.832647390219457,0.5160621881396467,-0.5200113776951883,0.0206036066548583,0.6089381052447981,0.2111024698376142,0.4127316221905471,0.44276729810354,0.7974777813033598,-1.0317492008584417,1.091803591452959,0.2718085780582481,-0.2240215610108263,-0.3280622895278486,-2.4663892564388497,0.3461269254490947,-1.0443361576787855,-0.3986100736540562,1.0105312513410574,0,train
3.267534949799802,6.687081200303553,2.4425834304359566,8.55984610892883,-2.11527817904993,1.9963220045630323,-0.2204455036451944,-0.9563076724217834,-0.4703891119550325,-0.6662178186995483,0.9368201253716824,1.3377884191147824,-0.9519053171349192,0.1949733340746971,0.3487637405054444,0.6548701126342995,-0.1983065124081383,1.5433947762253677,-1.282643660610448,0.6644999874413444,0.3250433918195312,-0.4364926495297364,-1.607695311339015,0.3236424947167104,0,train
6.329238790664179,5.986375820949015,6.326814833374254,7.682182469224332,-2.4391527337077723,0.6833706404514903,0.2853389525052387,-0.5339756577919998,1.4619170193059206,-0.6466051931510912,-1.041795599082057,-1.7393768868623891,-0.3383803366981572,0.6422685424451483,1.866354116446356,0.4991904944687502,0.4892531999348173,0.6137130261006557,0.9096669064680084,3.2316501320617963,0.1012190028531018,0.8370362780998005,1.2831232695141002,-1.3574161400543538,0,train
6.68617265579671,8.884040711030206,-0.7864147301720789,3.9582337648961157,0.4761364636315083,0.997663511569059,-1.5318832889435592,0.7946117358825612,1.3101018124862098,1.4053332397212988,-0.2161543637145661,-1.6576971043269066,-0.3926209821824053,0.7911805499469741,-1.358068279720868,1.3414523293735483,1.1867219289833644,0.3887791536894505,0.2927239826286371,0.2297779877610769,2.2624269931607133,-0.4699098705485676,0.3386856076503213,-0.2616446898742259,0,train
8.849648204322127,4.299948665006742,2.3362883958312346,2.6452784736788795,-0.2482097507191781,-1.3613796740839663,0.090244760671268,0.8103740956978938,0.8666996911056404,0.284856081686871,0.1556661335868759,0.1603041649454821,-0.9376610612090254,-0.0027719048491524,-0.914010387251298,0.1447642352578285,0.5622631614526923,0.8320606654247819,1.4113732955457896,0.4276929769571042,0.0470928560206348,0.3841403530937642,1.4196983917567148,0.310612443722639,0,train
1.8327655615347078,7.04833904255876,10.125653541819757,8.789169099362708,-0.956657886769088,1.7139924292812865,0.7181418872728513,-0.8378955362921563,-0.7749780173975603,-1.4532129807478449,-0.3395560645097142,0.3915266025312739,-0.8744580855358972,-1.127161503978487,0.1137496565356964,0.8536762412572619,-0.9149131332749731,0.1341725468892995,-0.0346891897997065,-1.2460018291279935,0.2763060431515544,-0.6274152768232811,0.0154223007238178,-1.1917622408910284,1,train
3.7729430195267715,4.596314768659819,1.6392689224060863,0.7142026691319517,-0.2261781337508675,-1.0975118604521326,-1.4535918330367117,0.4851405605541096,-0.4538787304330119,2.610350085703453,-0.447060238235962,0.0933145912877419,0.7106056622636828,0.4915522316851545,1.3150154441774744,-1.7632589330491453,0.0476824838470196,0.4741858412406362,-0.6710726372519187,-0.666854778365496,-1.352045428934443,-0.1360621664935564,0.9934765765520628,-0.921640956119476,0,train
6.26626324221494,1.748638683709322,8.908125786153109,1.5762793264756825,0.3174575561976053,1.7624679724259782,0.5081964532867156,0.6199087918926134,-1.1441638633915168,0.0615751861684244,0.6074267162554692,0.7507541288954404,-1.0581291655122924,-0.0129791049716739,-0.0377867796032621,-0.2365365684232428,-0.7681537822460671,0.0918731332679529,-0.4051026701236381,-0.1082460084746545,-0.7888728155854536,-0.7788037005080455,-0.9997525880254512,-2.501707787708081,0,train
4.3041328111309065,2.2269162065173056,6.398263179927811,4.516439931548747,-0.1783128107723404,-1.381483418450784,1.3948698746507917,-0.4784553707203683,0.3903416601519354,-1.7124768784050988,1.6226499519874509,2.102679475558594,-1.018799628098093,0.6698315573747126,-0.8472997913040764,-0.2693697077873609,0.0032428557207691,0.2245921965961559,-0.1978059072076994,-0.1966903174693143,-0.2936858936960553,1.2054980851729749,-1.2609970983301553,0.1263972809399277,0,train
6.735572659194312,11.751360596978293,3.931145868948606,5.676450672221894,1.2667132613971448,-0.6778147229535243,0.2847894264195847,0.8235385042492248,-0.0221051515062252,-0.8305560825981192,-0.1382005858581596,0.4843365983271762,0.4939343788631857,-0.3594273220427338,-0.0461415816542839,-0.0592261447783338,0.5123077497843946,-0.4207061168892689,-2.3123762236554755,0.2818252117999986,-0.6768478374182899,0.9571369950519152,0.7948988784404382,-0.5053304266790403,1,train
0.7708450917322929,3.8704689346605763,6.315307237185433,6.888715348495582,1.1260703635224418,-0.4450416759905421,-0.0521647649301177,0.9873708498610398,0.3344258089470095,0.6889632151292192,1.221794566936327,-1.147886922124124,-1.1554701911036789,0.7229444976547513,0.4279086902052539,0.1351497633151576,2.3400008446823435,1.058285721978336,1.2905189608781764,-0.9122929819858152,-0.5588984272596635,-1.3636842127258038,-0.5504280008149338,-1.2098198892093397,0,train
8.907565360092253,8.616868287467083,1.1338151851594043,0.40242370533693533,-0.0443224948237609,-0.44196803793433,0.0391916159046221,-0.789625822472171,-0.6960746943012426,0.5749705354298308,-0.7352616647001796,1.5524387177811083,1.70827524317168,-0.6339490013356824,-0.1872770991986263,0.1647029863810891,0.2535030789026166,-0.1967437683168705,0.9047732597298586,-0.1733112226815979,-0.2853320178343363,1.3324986470412714,-0.4230640746836333,-0.2795098154328497,0,train
8.545080783527116,7.337646358640258,8.461205702380562,5.209084671854887,-0.0484555722005728,0.436060028215609,1.013806867408837,-0.3650236638464992,0.1424809931704521,0.4178948274640272,0.5044294504530694,-1.7266128823650493,1.9908616451652903,1.686164236511196,-0.4674947475640509,-0.2099741678199004,-0.3495941013762849,-1.7346137816648577,-0.649659213890742,0.2231949587739727,-0.8853410447235902,-0.7818245425726427,-1.0332308468723557,-0.3584307443576535,1,train
5.852832693919023,5.182047742508282,3.2139245402180556,5.930127752630909,1.4815928373255338,1.368954767160237,-0.4617446090111803,-0.1643568524826401,-0.9477591317007086,-1.4377668669586816,0.8672503108696304,-0.2655768155257442,1.0111669418046818,-1.5655842536589848,0.6536214834582379,0.8211357978434936,-0.3158458717237763,-0.5197450876364951,0.2462020617420698,-1.250145183577385,-1.0012360314818485,1.354108354801532,0.1303086828804373,-0.2130219490786857,1,train
4.275023480266602,3.1130498880314716,-1.4685725152788252,8.882192403276123,-0.0547768056677965,-0.6197206502459195,-0.424583243613722,1.029658575817449,0.679466593355138,-0.2513054502575273,-0.3759563179075606,0.319919969372116,-0.7198019534026426,-0.0412321259511541,-0.5271760604585051,-1.7719000664343625,-0.6936435017667109,-0.3299783070524339,-0.9307760637167478,0.4229238458441031,0.7937133772475978,-1.084101465548032,-1.2173352369158483,-1.3715747623821863,0,train
1.5693216528212983,4.318009710259053,2.114343685870164,2.1366618730745515,-0.2079059131479283,1.1204519377191346,-1.2613143205200474,0.2846952401755583,0.5573706853309658,-1.2906880847499087,0.1486141421628318,1.7504553597214592,-1.702335253516431,-0.8999858661750147,1.2919593920285686,-0.1871823712311809,0.3230603286415718,0.6368472188128896,-0.048376972665698,0.8681614984483237,-0.1168800208107328,-0.1482113566985524,-0.60700650507224,-0.2145438025239823,0,train
4.859273319068105,7.485531154815021,7.974059670518591,5.737325494199797,-2.108808485892373,1.0314721790638388,0.3520686787971956,-0.6963182624225054,-1.8625663651094384,-0.0488789161829153,-1.1082564452121424,-0.3144905497437834,0.1629418108247077,0.7909248079194998,0.6601947524671105,1.1994378392154197,0.3419652227360262,-0.7775272202529868,-0.371739789723706,-2.1230935751159667,-0.4397756439358314,-0.3471904271639218,0.4460843055068296,0.7674103872536302,1,train
6.005831099731269,2.462204102535536,8.031147687736885,8.460523634970464,0.1221089874509447,1.3547144018496198,-0.399106776557917,0.7618747838769121,0.336051788480866,-1.246446271746131,-1.275854958021373,-0.0329802632578346,1.0250041382544042,-1.330295820333793,0.3612654382097973,0.4832046796608965,0.905548028018408,1.7642249227792537,-0.1447076349575481,-1.6185571954135736,1.1099670229253675,-0.3681994430622456,1.8070725602402469,1.0686023645214813,0,train
9.337805949717204,1.1221399291616807,-1.1005757687028503,7.448712415255788,-0.6351327747504326,-0.0831484296421286,-0.2294199583635341,0.7867524342909509,-0.9835321302114882,1.9659045711874017,-0.2548330582891868,-0.6876814238851467,-0.0057708266142481,1.190384850093831,-0.3686218834710722,-0.1702415395779775,0.7409108086697791,-0.4500305720090574,0.7081068427565059,-0.1760005839692817,-2.11837750006345,0.3613790420317487,-0.3201403270856903,-0.188061844034035,0,train
8.837169334944186,7.293137581511955,7.396231089964892,3.992821615979685,0.6245552040602907,0.462669345380552,-1.209144988056305,0.3610262551491436,-0.2821824046028996,1.2254977369773536,1.8478692252542557,2.1202130683495435,-2.546492632832685,-0.1489761612504815,0.6833853999065855,-0.7249833544235487,0.8065758232554575,-0.5447653707486539,-1.1228032587419716,-0.3305099273704702,0.6710129737271182,1.2573004305553088,1.1772456141362582,-0.8941172473984281,1,train
9.021233757505877,4.414424399488409,7.892234994661027,6.411798356599903,1.4295099945069951,-0.0783387543325944,-0.47514220950349,-0.7544996716852544,0.7513195889962165,2.068498928339679,-0.2719448052440792,-0.0879089824056124,1.557179021732158,-0.3498442651041773,0.0232349127946025,0.3232654107562269,0.2254908272252261,-0.1879476436189004,-0.4895268734400124,-0.3604088567534078,-0.744534028389529,-0.3134707644184742,-1.0846145649741876,-0.4716226108199713,1,train
2.2889042410533063,8.807432973615748,4.201845590762834,-1.220447506520331,0.4618391620505072,0.6408676311163053,0.5285567847604473,-0.1167255958756076,-1.4007170247359515,-0.7153986355169283,1.0981684058091168,-0.528125385952707,1.1047635208650737,-1.0302915562628494,0.4119846576800668,-0.2867738988801161,-0.0883470880702471,0.0779241972790117,-0.1368529314001154,-0.6278978480971329,-0.5644823425877199,-1.400180557239895,-0.29208999817832,0.312655505778378,0,train
2.359597827688633,3.097997838597915,2.2296660113986517,5.813933925215559,0.0987056753504605,1.2664476061734455,0.7321266112677249,1.275636371116344,1.3755933817102022,-0.7875602292379298,-1.3904375755674343,-1.388651481140482,-1.01819023059506,-0.7206999355042337,-0.003714248407149,-0.0059593828124652,-2.613698184200624,-0.9148768201057988,-1.4530142735218594,-0.8650267504336743,0.4158138760091205,-0.2552081562847324,1.6176144877694711,0.1107988882024177,0,train
2.3360730878576303,5.053241369574785,9.94422703220602,4.271027271335948,1.2347143365850874,-1.16970047369915,0.8150287280985444,0.359295693567728,-0.8571710262041065,0.7161473981703013,0.0363529821369888,0.5548009756338348,1.2907965881586518,0.0550610375260888,-1.086887381176095,0.9491647479627816,0.1712733870000229,-0.2240558226003117,0.2530347951348745,0.8683899259445916,-0.3700904345805067,-1.174031419197724,0.3265666333575139,-0.1508133811372256,0,train
10.572453005911306,5.1250150379900585,9.300526904285196,3.6705898980297427,0.8471462757718772,-1.6860316228219348,1.0112776002430806,0.7668007710936678,-0.066100555945766,0.7334393686193516,0.5782270917412454,0.641580559987205,1.1026352391396534,0.4703504382292591,-0.3714180626657492,0.3180696243796898,-0.0482361485548859,-0.6058014172525817,1.4659713264206844,-0.3530553344628392,-0.5176448452552959,2.0356954440527413,-0.768661910201544,-1.2137257266108346,1,train
6.335761935971881,2.382420832663649,2.7995451414093018,0.9765420522629931,1.0979470723623854,1.4610754642130226,-1.1650067315577486,-0.475750706231888,0.3365012779448434,0.6616813477483936,-0.0278067191409182,0.0306842187033521,-0.7099911541112899,0.7156294834529223,-1.3281292504821745,0.2490289118682849,-0.0270277094077884,1.2090485714553134,-1.085819001197882,-0.1521539707866418,-0.7172650859300392,-0.3083447052810035,-1.473872992667642,1.2931961496283222,0,train
1.875829766453782,4.079148665077247,3.4278619367089584,5.135228278533493,1.365203918203969,0.8058842804813062,-1.3080769705223405,-0.6158126902999026,1.2461349368588286,-0.6665670216779931,-1.523785240548762,-0.1812174091790075,-0.5310058306717415,0.7078126849257014,-0.6603801337608621,-0.592827797858812,-0.7230018660998033,1.995674289898986,-0.281861167900726,-0.1559108197515023,1.4419552879183226,-0.1933281693707023,1.329094639414389,-0.3633065151984697,0,train
1.9498506618063005,5.845493093491129,4.735769935609576,7.55673249931531,-0.7078573715359208,1.127520107293137,-0.6712814017777299,0.3316453453754515,0.7956215543703206,1.9280402135092205,-0.0959568941217788,-0.1597658180177473,1.9106119264111376,1.1920666449103,-0.6182421118492387,1.058639728334983,-0.4495120119219918,1.0511886918517084,-0.3258063958181177,-0.3962118198676405,0.5917746394599753,-0.7223972229201925,-0.2333459722337486,-0.0816962184321419,0,train
3.8649317395838185,7.029290256400769,4.126836517115753,4.174700413725219,0.7522003366128914,1.4054515988501504,0.8563216772598287,-0.7514821136064985,0.8048325667908772,-0.2085296411404025,-0.5169945221418247,0.3769336754778263,0.0023617792542091,-0.0989594885914374,-1.5715479436946225,1.2305963273547114,0.6670882577767102,-0.8238867405106752,1.2487310781312404,-0.8637812074452111,-2.307155031905467,0.6792975994143573,1.3682830954744356,-0.6834187283396742,0,train
4.935986558858315,10.89408841067975,6.3540156319116825,7.07510160849914,0.9972347138412652,-0.8744937315245896,-0.5666914006745967,-1.2755666902100442,-0.7420334880438856,-0.0068212222783498,0.6705117994666661,1.361787514003311,-0.7210350914564232,1.234823610646091,0.9219127183519092,-2.5433746619149344,0.446987484844188,-0.5288622853630616,-1.598294595712962,1.6490412065429632,-1.4822332520172197,-0.7892911446675306,0.2651987220833595,0.4746847272536211,1,train
4.271229741990703,9.153151612561377,0.36182264272724907,5.165941989278072,0.2212120101384677,1.637445606255505,1.3246416171257187,0.960175370082128,0.5282490607430501,-1.6358909702789877,0.1882711607977633,-1.3614856879029014,0.2896102464977296,0.4592769469630886,-0.2295684145057626,-0.6772580416585077,1.0588945622232553,-0.7814427566614458,1.9383598767678332,-0.8452324603345714,0.0715247342036219,0.0832534656624402,-0.5807339746456955,0.8940650235261314,0,train
9.11241491531497,6.53585999706477,4.525779498476372,9.008714089219428,-0.9280544761767706,-1.238913284870712,0.9256588762777264,0.5095404856998287,1.1193867472877208,-2.105615279823937,-0.3012620307401764,-1.249112319094705,-0.4169962744314396,-0.9070284646756044,0.4679866150618916,0.7158106085887267,-0.7242703924961162,-0.7572244483595483,0.0237977087050256,-0.2625261330881592,-0.3193551515494041,0.693037013750464,-1.0763073823164873,0.1770477290451202,1,train
3.9940557680631166,3.1914242229170866,6.202063691093356,3.7558883485144614,0.3256106925164178,1.0359330629736725,-0.7468527608890827,1.4234226405011607,-1.051771227420831,-0.598899149930258,0.0932649662599082,-0.5858966200666,0.2772583913565258,1.724117336042476,-1.1365478457263798,-0.5526341008743784,-1.0762959626907909,1.264498243738092,-0.7413109525338398,1.5273444185191758,1.0804079854978397,-1.1129531488222677,-1.7228290871875884,-0.5826469704622312,0,train
8.853276264453964,6.848259847969813,8.314867791237933,10.072724585055427,-0.2947714116553265,1.1307939970008614,0.1974120504707411,-0.7190516197314055,-1.4296541694231584,-0.2151042826471071,-0.1385957692015255,0.8664335267603402,-1.154125095178181,-0.8096991431557208,0.2757935702956967,-0.6332847546291447,0.3272528457662166,-0.6612179653566691,1.45436590453528,0.4545238097387707,-0.7875930484235528,0.435627150627473,-1.7513957689476634,-0.9537112358792836,1,train
7.23882214796953,0.15643939636828666,10.320205796906807,4.562642559340996,-0.4875566234536111,0.0733271773508061,-0.3244075182502708,-0.4678775442542535,1.3136439959525237,-1.321657586485038,-0.010169023723763,0.1534077287811821,0.5783035417539946,-0.9957581008442564,-0.7155252397436181,0.1596437688665479,-0.1701436151335507,-1.3700744282602553,-2.4275964704763924,-1.1112455655623263,1.2001183727642075,-1.1328378144294189,-1.451688597542223,-0.200173126489749,0,train
8.83252584212761,9.569829720007752,7.459133279595747,0.24474835138303058,1.018307526991249,1.4981037803863142,1.6596741933755603,-0.2083349021391826,-0.3617102113290994,1.6359221450153731,-0.7100847980323067,-1.7647252800603543,-0.4215689939648954,2.2136442076971914,-1.558647651590742,-0.3954655441293554,-1.7337933214472296,-0.9974164307388856,1.4583549956554298,-1.4278696557327923,-0.0447431097662625,-0.3155479836610622,0.6450883547233572,0.3740144405994235,0,train
5.243270440062445,5.472676058395133,5.679250259191199,7.531329811907222,-0.4279040646210295,-0.2002764643450376,0.855444919639341,-0.3712245849045631,-0.5409428853949081,0.4706484263969559,0.9225860191922288,0.55428023522592,0.007545381321499,-1.421766336019054,1.1540416175838295,0.977072324269803,0.6115833195926149,0.108227946075416,-2.4495362815504493,-1.2318375572063869,-0.468019190949064,-1.9158106685467915,0.2265460501801256,-1.4112971115730717,1,train
5.34173578008078,3.697828735918923,5.34788245541539,10.736690364309785,-0.6561641581777602,1.1468403656072057,-0.4627355680699143,-0.7644369070530531,-0.2183380872722513,-1.8496351759479897,-1.185415736602274,-0.6153436911773861,1.7973134356013398,1.8165783856369504,0.757451261027576,0.7029892548601357,0.6027619770571723,0.7319007802982954,1.3409523537279042,-1.9492512803464157,0.4237286929776716,-0.2634112932626249,0.1560744419977816,2.7725540121685928,1,train
3.1058695800427323,-0.2793602919131981,5.749945545850437,7.055113267729274,1.667603492256429,0.1376811599720083,0.5235166915128014,1.3798197489416633,-1.0848246956615115,1.0492320493432865,-1.202453983549662,0.3016961822980434,0.314015671086406,0.7428172457345359,0.2928208971330953,-0.782673254572827,-1.4801066040505089,1.1885692144260978,-0.4999788617647709,-0.1010550404455819,-0.4681914263346257,0.5083943148237864,1.6772505158871396,0.5162223943346664,0,train
3.8345624278755697,8.302066882032692,6.6284895029840385,4.1497961193062105,0.6923252676709956,-0.202622247669584,0.1672038590906698,0.2910735134412552,1.85854468824916,1.2248360013241035,1.909711620714185,0.839122593527936,-0.1781913367240451,0.5759710253230104,0.6705866723837988,1.3758699388692197,0.7011101611283203,0.0253492977371931,1.398231247359645,-0.5115263019533917,1.3016161787573308,-0.7285380511562,-0.1786983780922912,0.2005086016010061,1,train
4.268051177415619,-0.3927908522000887,5.277556406630262,5.346639111283077,0.5255259699445055,1.7700732354387123,-0.0119772636061371,-0.8139945175203558,0.313113731505774,-0.941205142328174,1.196511516430721,0.5305288471471229,-0.2600096448646481,-1.6215669868885678,0.176085522669565,-0.3358492560131139,1.5424704474657975,-1.2544233416248274,0.3970631440767577,-2.1507672016564623,1.1732770520307354,-0.7724183881938613,-0.1318655709276315,1.61469514108466,0,train
7.468008682964975,6.9513532231654125,3.1950514525858114,4.546214263250961,-1.6609597665645224,1.0390533331400462,-0.9236182244839056,0.3225443684141434,-0.5505786358557357,0.7294076228887119,0.1398160732989877,1.4417151143777798,-0.3147785196458189,-0.846299728112091,1.3370500164143395,-0.1150977682824729,1.2558236701587076,1.304034322581699,0.4050881660062752,0.0254052901244986,0.5999061137324304,-0.0066550851303256,0.245030090259937,-1.1934117556063504,0,train
7.706360625725538,2.469918085930647,7.47658968629716,4.390635561678641,0.2589334271787978,-0.3375990175241137,0.2578063259057166,-0.7695876090338406,-0.4391393959131535,-2.4955527693365585,0.3636422454679257,-0.4411134226624918,-0.6274231590624058,1.0790333471153888,-0.029355457676863,-0.8597922957695961,-0.4733680217634787,-0.0677390251570092,0.0700056764285577,1.457294119709693,-0.0228748149462343,-0.2387581986710812,0.5613252556134598,-1.1067799424086906,0,train
3.0948094797357717,9.217247490611738,1.7163917665112756,1.912429056808951,1.4407953589860258,-0.811881862216995,0.6164272449026161,-0.7264134065032742,-0.1233734503282308,0.4636633424843437,1.0277800863677249,0.0681039206131734,0.2688238531113272,-1.6270985527725603,-0.1792659076068566,1.0042980237630843,-0.1833686509651405,-0.6573346766599958,-0.0712407946209951,1.9607274842071212,1.1573674413142725,-0.1744656698479863,0.5394301652926073,0.3439415938501618,0,train
2.2732844439225848,10.085609277929084,9.880783716964586,2.452160111425844,0.0078736991478021,-0.5911942942558407,0.0031340489558057,2.3056896146220636,-0.4026750227513515,1.0307834476728124,0.7142248311293925,0.686468423321588,-0.5758934359641594,-0.4236805920361937,-0.8004844533151505,0.6141201765487079,1.3384409510731492,0.1232598218890201,-1.2241880558335267,0.3191597281594382,1.4464738518003255,2.103222720205764,2.332664566407424,0.5370468344725109,1,train
1.7831949593482315,-0.9496367016496894,9.03478801184133,0.8306887215172976,0.0946123924659487,-0.421205346918117,1.2890015492082278,1.4508944269959243,1.4818016732332957,0.5638943270974516,1.0034995661930857,-0.3408164317305412,-0.7427265014980461,-0.3835949271368279,-0.7018016581203326,0.0051237510999964,1.014393247413383,0.0473343485802223,-0.0810666665357136,-0.0898579927620944,-0.286661445047538,-0.2966794898852382,-1.5730833232393853,-0.5614660067847814,0,train
11.595015403179968,8.757675981420089,3.3748988820795502,0.38200584830090606,-0.2104371306140166,1.1627871643889207,-1.0470359325882703,-1.7811331233830816,0.9317761803644862,0.9502084180859892,0.9127245712610708,-0.3585497810583103,-0.313360639406624,3.420828509988793,1.2472924480393903,-0.4330425221921719,-1.1749207899874636,-0.983184916544847,-1.5175790662211956,-0.5131049727380553,-0.5399116360301067,-0.7512853918679214,-0.1752222408973969,-2.116055870037387,0,train
2.7687280163565497,7.654310024777121,5.284466450344598,1.5659594678666604,-0.244800932720674,2.603677166512797,-1.3029621166231968,0.7833277159934797,-0.7263767905905385,-0.2244206373207107,-1.1511234263670571,2.8364127748963304,0.7251707565314155,-0.4339654213115386,-1.5036671337154182,0.0515714160653383,0.0874500321010438,0.4218898440722154,-0.622886447514829,-0.4678753883218479,0.0991183724631788,0.3256443332155191,0.2309934548155897,0.6241906817762886,0,train
4.8079546511914195,8.311132752490384,3.9436945658278595,7.454041216393994,-0.0635849496410047,1.621686244716763,-0.9854481334023056,-0.1052226890466751,-0.2087242819259361,0.5215580555282714,-0.3301896700149763,-0.6488784549277147,-3.317473438940171,-1.1572401236954748,0.60371168234488,0.596042629672237,0.0316746965227519,-0.0879923337467318,0.0352996491360563,-0.1231082337394279,0.5042916484120463,0.177174947252195,-0.7281651626433148,-0.3536820181404286,0,train
-1.1055172986012125,2.8087287485299033,1.3889448132224493,6.857377613382518,1.2807297858802291,-1.2359534188112065,0.5555128299421798,0.5973472103572344,-0.1777236515362936,1.0616586353015702,0.5168771361404582,-1.0676174048628655,0.2244532933490355,-0.7083294109155015,1.0785541421567937,-1.549921570984391,-0.0577087869554609,0.1375905398174795,0.2595215212589665,-0.0570586287681975,0.907652853730442,1.5508062711512436,-1.1496220581947392,-0.1523221960260842,0,train
2.8408410700219475,2.558266188571454,2.284747411370237,1.270403536269448,0.648338173793525,0.9770060001966596,0.1592398385053003,-0.0925610329989422,-0.3668208184859289,-1.0358848839650323,-0.5358203548196075,0.9891871964051844,0.8296376226977505,0.3578720332106792,-0.1129034751622888,1.0110001497265644,-0.2455662639902574,-0.8671474261923832,1.421598629650545,-3.251598122615529,1.0482827086280098,0.3072563865136792,-0.7256684380210409,-1.0944249998862068,0,train
7.327544931803521,5.527195515385704,3.273982993009537,8.781633282966412,0.7899140752141417,0.567539346370299,-1.6421352818553432,-0.4200524564124152,0.497489137398596,2.0809852702675333,-0.4493089268627968,-1.402168156208736,-0.8624076906708217,-0.0319548093728095,-0.130815114629404,0.0808274955232652,-0.1401034871808602,0.170904996800886,-0.2939300828285938,-0.1885860957885478,0.2028742029818719,0.8364792676053318,-1.324935113972433,1.42793439632449,1,train
5.106420684633342,6.557368283755535,9.688987544946688,2.5812157893530117,0.8521688273611244,-0.2244647059605391,0.6572579810656907,-1.3035338339211893,-0.1127606555411884,-0.4040471264311128,-2.611413628402578,1.0722323464217012,-0.3388439397479109,0.6347362237644675,-0.585839563912616,0.7949171086978047,1.4721508175333735,-0.8704956620904689,0.4107907724271225,1.1975706426723922,0.1926348571989521,-0.7143749888472423,-0.4585083794219457,1.1473851256519825,0,train
8.059154406110052,5.777117558679069,3.2598854058022826,5.0976316630322405,-0.0535505150685475,0.3362866483979029,-0.8060953005008862,-1.5354291586795028,-0.4446164105165643,-0.9914084327875052,0.3243458704096539,1.3934019841873877,1.5447063312264468,-0.1268479668951189,-0.461517736101366,1.5244911204302067,-0.1067716540793124,1.022430862167329,1.3823251375108647,-0.7744125360143229,0.0622980278563948,-0.1943803041811774,0.2550753193642021,-1.05890901847331,1,train
7.094828417321697,4.959451534160647,0.6271077605671787,10.026236887438285,-0.6126694392823583,-1.9198701562054952,-0.4845816591680995,-0.0315513267045604,-0.5637570508220309,-0.6118542936912331,0.9543212752817414,0.4725545822384667,-0.0190893001524234,1.661836898938276,1.328053324235634,0.4166151341304985,-0.9185748901809824,-0.2615268512038098,-1.7889409887362344,0.1432706778864969,1.3140295818876453,-1.257203383455557,0.3418969832079415,0.2856241767302826,0,train
5.847536989669863,7.769361875861152,10.108359248906096,6.400133075581417,0.0996997723667603,0.1092572205413523,1.8460130183079375,0.6326893341413523,0.171535558908142,0.0740029741713226,0.8546127081040598,-0.1029819176393235,-0.8803143970970028,1.062537904715443,0.4878730109880428,-1.1128502375144995,0.3123082008080628,-0.6037098248625687,0.9015209639835474,-0.3065617896577873,-0.9131982330878908,-0.6415971791400583,-1.3045687616231456,2.455809950813218,1,train
7.468520239174583,4.748645530566762,2.7707860997818154,6.6453691729137345,0.1468972272571408,-0.5746357027115926,0.2261422392582911,0.0892666714039913,1.0406486698322557,-0.7738888588073554,-0.0172157355965175,-0.625185147953658,-0.4529604187718229,-0.4198709040932507,0.5544976387876632,1.1384705997547877,-0.8410742281423594,-1.0551337509141652,-0.6167915929772433,0.382294220807009,1.3540929979054797,-0.763836100739581,0.0006825654293689,0.0336324423854741,0,train
1.8925254548994126,6.744217237671461,8.074883727546268,9.81262196386169,2.273247341559789,-0.0077453768655894,0.1509716418324164,-1.263126395571813,0.7228312278077778,-0.2175034641204346,0.2881239191617276,0.9860578619717038,0.6739833934851178,0.9347466230172604,0.3315469719267731,-0.3662818300806085,-1.8245320860355565,1.126781800312544,0.2797091742206404,1.1547518441578255,-0.0411609398333933,1.4488590003453252,-1.2632707588541798,-0.7034756181114247,0,train
7.949818049593276,6.017946481023161,8.151362950255768,7.6516644053001,0.3938325218453362,-0.1803306510471877,-1.7889709042448794,-0.7869244031528386,-0.8416917693483968,0.6202876677899216,0.7336065399994488,0.489305813410774,-0.6318626214629969,-0.5981802466288096,0.0739461680946995,0.352583478268134,0.2590259801658745,-0.3658048855895923,-0.0262579960693183,-0.5096627682026028,0.5259422530810348,1.0191831067416426,-0.7280847433356046,-1.2563887893229024,1,train
8.269452712169228,2.6033541786964083,8.714497890509591,7.606974987135467,-1.2338706672507311,0.3043035481998608,-1.0882999409977472,0.7752371219678598,-0.6379746353860889,0.8557811981431953,0.3634425461889186,1.8975798604870888,-0.8356155178569816,-0.7718203885527528,0.9865385536468934,0.8242005323119135,1.255411703254337,0.7045709662814741,1.287403892213137,0.7187149326202155,0.1083526364899257,0.3521919290325223,0.4517168762085979,-2.3941079746512064,1,train
3.3065651194121704,9.046445641242938,10.562109508312123,0.2099019015979081,-1.2483892979680928,0.3574573013164756,1.7560562345436492,-0.8258472129817068,0.5449619974684635,-1.4165493998550034,-0.5118633779366434,-0.9778414644005275,-0.0757534925357632,-0.123300693012459,-1.2501415043660884,-0.4727015234571761,0.7942931305224307,-1.902030485148608,-0.2120553511211819,0.183099763753603,-0.5781005686686601,-1.634704954812146,-0.3990520035708862,0.1904707077870787,0,train
6.441531879010829,4.997955145838224,1.0090243106107553,4.522404721095048,0.7351298347646613,-0.2487939353694196,-0.2554130159931808,-2.244437088320426,0.9428341435456884,-0.8060274697682219,-0.0849136914964601,-0.0074030439493484,-0.1706157574914426,0.8832870420271147,0.7214674387344331,1.3058806458189942,0.8267421603387068,0.6240823453676714,-0.3024561955760411,0.8328734786178423,-1.1829349855688116,-0.1971841679592937,0.7304459804366898,1.7071509216516705,0,train
1.5923603396528805,6.348016821472219,5.594752797703746,4.944887796097019,0.2436162974084342,0.775666453161936,-0.4574572433962179,-0.1805951401070375,-1.4493191960547924,-1.597298314957729,-0.2719699601542671,0.0698884049558957,1.249895981594383,0.9036390842416724,0.1924545903101402,0.8913834170453968,-2.0499955044579528,-0.6029942955093911,0.0896403406834946,-1.0459525444541091,1.5401671723432968,0.6952436139664353,-0.5349807808400219,1.8788960690511145,0,train
6.345980032059191,7.820634595752921,1.3065300114442544,10.965323361663913,-2.4380474279678066,-0.7593964414104213,-0.7872045448335245,0.3676974048917323,1.2847628810299931,-1.3558923705524988,1.4134629708905913,-1.4740675463972193,1.4155037287181336,2.2527328741008987,0.7365459685777339,1.8622826518717792,0.7729921988337104,-0.5080058338452057,-0.769409854526883,0.4832213652111975,1.3839380418680167,-0.6233211981792213,1.7510071486533454,1.4991307050109564,0,train
1.697591379436528,4.974025694156304,1.73157415502594,0.8961513521916308,1.044425633324066,0.4748792035383207,0.3211163632011627,-1.7266184659436483,-0.6120959981127859,-0.3645749003053322,0.2004069235424439,0.0114976354634624,0.2614582282220745,0.1923737202390706,0.2825054982452286,1.3529858152676892,0.4942673322241091,0.3225621983472461,-1.5536938999551553,-0.1598266753626751,-0.757596841915263,-0.9948692143452886,-2.7604986505682843,1.1854206890381902,0,train
0.7284728627509898,7.233276709900628,3.5944089604841762,6.233521317446465,-1.3269748185786658,0.6159889247839142,0.3231050305677445,-0.8506471942204921,-0.6228131844991001,0.3754805632810462,-0.3162461440614885,1.6231125419009074,-1.4592078186885806,0.4554116443909611,-2.3916681760366165,-1.008775433085115,0.8334845676186036,-0.8669081338718533,1.6918297882171731,-0.1667643588120764,-0.7080867908969637,0.6953066416371131,0.5716221569719043,0.0478217393533411,1,train
7.967386264657696,8.180094954247302,3.1740715971964537,5.710096525713332,-0.2909422765629947,0.8947847878833908,-0.8441970516524835,-0.3240486320084407,-0.2431350473116745,-0.4544384522572049,-0.4111246146274528,-0.2657262002004142,-0.2842494597903091,1.563370390839982,-0.2270537273353503,1.140455954313319,-0.5995647583003414,0.4584308178665907,1.445702472738736,0.9754101945669066,0.0098289049972737,-0.9366876972023428,0.727396857745197,-0.943208923934152,0,train
1.7477310294654902,5.943734280940748,9.444524378409826,5.452065550298911,-1.9906060530505911,0.9913372421976148,-2.007690971058077,1.2856628767131382,0.9228211141744612,1.5827462027649817,0.3658829018898301,0.3338465342024417,-0.0198517586447512,-0.6508017016132017,-0.726305403985055,-0.5799312515238052,-1.210202696404871,-0.3765721839009078,-0.6823586048264569,-0.2321857469279839,0.9480021562485328,-0.1800519379613847,-0.1319719631621695,-1.0541587919973956,0,train
10.487589333864069,5.098288918245519,6.366756180528549,8.232640251367675,-0.3124634438887887,0.7543026442156276,0.4011249853262145,0.4483986451739883,1.6339834705097571,-1.024976689873878,-0.738277100669531,-0.2260952573105832,0.245546609987741,1.873442923662372,1.524385002522605,-0.5398543143123491,-0.8678694311113025,0.2139906352747402,1.557332573605181,-0.3599223294676011,0.4080545960518165,-0.2729975007463729,-0.1108742009950138,-1.235526467113712,1,train
8.556021902761602,1.5720372540940266,8.495937443209828,2.1235741085759594,-0.5315768525763572,-0.5697088685016538,-0.2181469740518236,0.190880735273142,-2.0878608623177812,0.0077852523655437,-1.9478973640902175,1.1021461301832804,-0.8101373426218881,0.922538662652712,1.436076343251627,0.2968883345698676,0.997304228905502,-1.5330024739139607,-0.2934926348056,-1.555614746038377,-0.1480399180777023,1.2827222695927964,0.5940362955669066,1.1735651426947955,0,train
1.8330699272688242,6.849712956166933,7.627913872586479,2.138012673970232,0.5352783641159237,0.3379825014418409,-0.8597254830924131,0.3063023474681646,0.4327175915728304,-1.9877964717967405,-1.7981740003384412,-1.5452372340626643,-0.4837941153415287,-0.8569026367064411,-1.5660402053585645,0.824952752346063,0.4213501974173848,-0.1675273672523894,-0.4833569313572705,-0.7794672453623464,0.161332252266745,-2.415166641633977,-0.1750628634749984,-0.3931161037875979,0,train
3.2505801505946015,3.3572638995720903,4.953523358465728,10.890162312623323,-1.642881245289955,-0.8273113730756672,-1.5187070021825737,1.9378624781935696,2.2234476601970465,-0.7174884830030839,-1.2288718079719911,-2.520505655648746,0.1890160260558829,-0.4666294265453295,0.8625167183952274,1.1015526137512928,-0.0421510820999612,-0.0030916115587197,0.3848403685966787,-0.2352528024798893,-0.1330304973575561,-0.115176722627827,0.4956410039751233,1.1727354361439857,0,train
2.391588639695861,5.798391603898764,3.632696191667517,3.1807302958373596,0.6799609668433044,0.5900851348593412,0.2736680527858421,0.7205354619207834,-1.4433368721918165,-1.5764062812497983,0.3013450084966197,0.3234943023173077,0.4472233238044388,0.5107221681548384,-0.7163594866722117,0.5559053430897924,-0.0846396998926114,-0.8405277737605331,-1.0060719333481152,-0.2356334731546474,1.2683613403598817,-0.1062530724588835,0.8132223426342502,0.372335556242427,0,train
4.133315150433901,1.5815456892721058,2.3027992559961366,2.3266947779146276,0.2169417772428069,-2.341950003443543,0.8268012171822117,-0.6846733370819547,1.4766703410385145,0.1868284976173231,0.1632436199794669,1.755878852293459,0.676124666350019,-0.781458078153419,-0.1132152429498746,-0.1529978480026455,0.97876251876333,0.5280119710975,-0.5031072019534459,0.7190210501280567,2.321619244196466,0.56403582607592,1.6344935536700795,0.478816435751905,0,train
3.82477842504061,8.264798101987534,0.1925481766920778,5.387376275075315,1.9237720167823371,-1.0577133156966607,0.5730813821446515,0.0105399158750111,0.5114186445674226,0.5294791556158074,-0.1983896149021262,-0.7022674925926308,0.3664004046507172,0.6776981447520827,0.3237397175269792,-0.8052711475348994,-2.2445529828997013,0.248881662560726,0.2214292816561252,-1.846301009752584,0.857418653261058,-0.3752849722198169,-0.3375415075654813,0.2383433664655209,1,train
7.9098099188915825,10.380724714549263,-0.14427523897865746,1.3575653738666504,-1.5459386040062524,0.4293900180050239,1.462873919303164,0.2922227595606051,-1.2562915156013164,-0.2713125786461903,0.3082321675561187,1.3896173982431992,0.5803183021560595,0.3245885043453218,-1.0398487505205118,-0.5721429149505598,-0.9122178555698516,0.4912315276960961,0.7125908725640394,-0.8667989770583638,0.6789599942397251,-2.411523020598218,0.6677819564635151,0.1547737101785928,0,train
7.852914408010211,6.716389017235597,4.552913137852198,5.221949871479449,-1.012878271892719,1.3012601217766215,-0.8005270876085969,-0.6163750030264499,0.4988750684891647,-0.3480258470337325,-0.3573955027334526,-0.2976815178026351,1.4898153095115148,-0.2717509163718315,0.6962822098424697,-0.04075284795652,1.5389758594644152,-0.1345317135516562,-1.7773909939667665,0.2545638246354303,-0.5447905987914023,0.5417631066963888,-1.209569389287494,0.0886039179893752,0,train
5.032321029192992,6.621575177621179,9.030094708475154,8.41726543726158,1.426932401590281,-0.5496987571752144,0.0299068945176698,-0.9491239654723104,-0.4829014410755788,1.036837712247216,0.369795803324199,-1.6565093548533696,-0.0791462867386641,0.8401194504041877,0.57378338847522,-0.1744360958301269,-0.7803684689745026,-0.3385921702000087,-1.643348441658582,-0.5634380771749893,-1.0073188979727905,-0.6178023852795572,1.0398306469146938,-0.9513522137218784,1,train
1.1799455349380348,-0.5243749437509642,6.8105423785828565,3.235112131635698,0.0343784041786079,0.0458121973860326,-0.0695268969501011,0.9551174362246136,-0.0543959306703169,-0.8650098681683077,1.1536194857101203,1.5038221584265203,-0.7027823581969402,-0.5666347226461611,1.619271188795434,1.5158084301117187,-0.038355638112999,-0.0380674792546909,1.4106215828325128,1.3587870856843318,-2.0730648323961725,0.7316910084280687,-0.4558022333761526,-0.738262869424828,0,train
2.8823759185899953,1.3007418809050901,6.0557536278039885,9.181348164683314,0.9482204177808352,-0.5465995756596963,1.8155183985345984,-0.4502358369436217,-0.1159888441520281,-1.786804538648403,-1.1088676546326188,-0.2747363601459545,-0.851550401570733,0.4769752704401563,-1.447947177392935,-1.1988299967551008,0.6415496118248849,-0.6863011528781229,-1.4990170012051054,-1.0801392075309502,0.9980342521237204,0.5545309192335425,-0.9609925952023506,1.0367511087730596,0,train
9.735966759155092,5.6057700636394125,7.021576943506674,8.993966532467915,-0.0587399371321643,-1.5122414925181185,-0.3081158325355168,1.231295358570844,0.5238998934337787,0.3364584094901968,0.0757968542961051,-3.57671396381874,-0.6845100183639191,1.2595823190231357,1.0076275095847285,-0.8216605916852835,0.0627637473963533,-0.932751865099268,-1.327374263450293,-1.5079069716752334,-0.0314596333073152,0.9305934612949603,1.4985620141911449,0.0795450007495773,1,train
1.4735200639975048,2.7971830183775213,2.7087999935387765,5.737658718932918,-1.8256562070060949,2.2629895974781924,-2.237949067813267,-1.5140841588519536,0.8350381868701039,0.2122624155160067,1.167933287800852,-0.2964992341481077,-0.6635069811409338,0.0090119417922463,-2.8565862223063307,-2.494362897143675,-0.1472198325057796,0.1717172215520544,-0.7958540413069449,0.3249082287669826,-0.5790753676116719,1.6922336049855098,-0.5325048658124208,-1.6575830754957828,0,train
-0.1817321074008007,0.6353863552479602,7.6588406257223935,8.855479640526433,-1.100037572518597,0.6373382866133064,0.0904666032744873,0.2443277830722166,-1.227298232494056,0.2996232853489246,-0.1563225993272085,0.3248389360954272,0.6765555082723742,0.4615583381020872,0.7981367798007528,-1.6906589496059894,-0.2932868284798616,0.7012034047005109,0.5531166535058459,0.5473553018970777,-0.7120034802458586,0.2012619606238791,-1.7870522739710024,-0.9526758853236956,0,train
5.243597397744092,10.15472891564008,7.503260496561521,3.7087687079767284,0.4606536822041144,-0.6170403567732128,0.1433119749970436,-1.061600150116063,1.094734528862885,-0.1271441933803275,-1.0628985694382602,-0.8908509038580795,-0.0773620958117883,-0.8109985867103676,-1.0675826763484753,0.1705690559303235,0.4669517978187024,0.956618766461247,1.3018268038832057,-0.2108609747224119,1.4670169245405176,-0.2407863695749435,-1.3575426816814669,1.2863688240676685,1,train
8.117414739952343,8.129251087171824,3.176689023511146,-0.8069569233638549,0.7151097440947319,-0.4338595712791313,-0.0832422094796839,-1.167335294581512,1.337089065148449,0.0688398479403324,0.4102873964536214,-0.7668561261590469,-1.7041749592694106,-0.3834628802324161,-0.8588012337528078,-1.3299783266666925,0.9694071648757544,0.4155157176591021,-1.3759237737402366,-0.3819654378890145,0.5972376361637581,1.5120115863645855,0.2168860014323083,1.2985617226673365,0,train
4.772598228234893,8.028213515459628,8.137112260577709,2.492601400599492,-0.3071072937162692,0.8054581778252314,0.1214378440280041,0.0870029376599799,-1.0170663282070924,-0.0724520456947959,0.9459857218952212,1.7100456876710814,1.905320155134636,-1.444431544177488,-0.1408912599774467,-0.1775974405338065,0.7689316050768074,-2.2986457579637225,1.0161523782062136,-1.7052585337744448,-1.2149357049725855,1.223880676228671,1.334235797854308,2.2251229008207782,1,train
0.7666322528718369,4.148951230435805,6.237131418402088,2.3802650803316348,-0.7302582002097461,1.67490602535615,0.6133785319708505,0.0969750288527514,2.3225310493329334,-0.842495493369278,1.5293560830487782,-0.2034002852531271,1.16665352283791,-0.2407211970008351,-0.6640856723565364,0.5153063851880292,0.6031294723373756,-0.2127906976773638,0.1201776456959828,-0.108932428186225,-1.2335071650269824,-0.161072884581217,-1.364668889736924,-1.2492239368347946,0,train
6.288683878317052,8.889221942834224,4.019704636933614,10.478396875594996,-0.5311841095155602,-0.5790567786090864,-1.406389417204026,0.3749630984657268,-1.5454071707484367,1.074218327334814,0.6862802418586437,0.5286773697457712,1.358687484404782,0.431317080767815,0.891054560296615,1.533128981708029,0.6870574044814183,0.6040372150088806,0.7430242790199666,-1.424624501335567,0.216040318718691,-0.3812341853435469,-0.0736116893284724,-0.2586835592951877,1,train
2.2212540852229252,4.960813096292135,6.16809304296077,6.773516029739775,-0.290742957619412,0.5699249258960953,-1.6431174395754395,-0.211809016343475,1.115096853350036,-1.3434137356449916,0.690084651235371,-0.2696935161839814,0.0303874653550659,1.767185372868256,-0.1233947875582123,0.1339907785119998,-0.8264539074019466,0.4086229569147923,-0.6834753290598851,-0.5560729394462965,0.0296221567373976,-0.0051994163810847,1.4385349477466844,-0.258035595335043,0,train
7.671161054641744,-1.0636803976429845,2.2835197960514444,1.4348962404330659,-2.600865269679587,0.7741823296966243,-0.4004889057068568,0.9442122836054866,-0.2779709190436766,2.378992509149371,-0.372254528889162,1.113378739446114,0.0519034504596776,-0.0521155852305064,-2.1085610076090036,0.2839725394460221,-0.252731692544842,0.523505325373731,1.3732700387617742,0.0252293515975663,0.1608518324079019,1.0762711874206268,-0.3794913636332581,2.668759812532008,0,train
6.368592692536809,9.865019816962214,-1.1580977427208063,1.7507580382970014,0.6203195752870114,-0.2053556560771252,-1.1760102360131817,-0.010003003514659,0.5118900370480475,0.6658868638783618,1.2943788110289196,-1.6600327448505,0.620727382644053,0.7407844695312991,0.0048403601896034,0.2581571890248237,0.7057620918549783,-0.800898672416333,-0.9290156201536574,1.6806363682796022,-1.2477601184670162,0.2587960806380774,0.6888860155203967,-1.052788838063405,0,train
6.203725145401222,9.038021346340713,1.8341220428983678,1.8160194987082887,-0.2059105354343813,2.5059495728591124,-0.7361721803259886,1.543812562494808,0.0063553599049757,0.2844998114283033,-1.887994015684998,0.8057698760229565,0.3654229755162245,-1.449245804233387,-1.309180850685043,0.017214700501435,-0.140199833378356,-1.3036561202308576,-0.8373638202576835,1.3669897445374262,0.157811361142992,0.5813114786382988,1.4036445923373118,1.5103097727547947,0,train
4.068558204291385,6.695889731217889,2.269248377468794,8.38980063623184,0.3449170102722848,0.3428724263924871,-1.3208972293796228,-0.1540914489008939,1.053661318330452,0.8488472567166886,-1.6782029747427143,-0.0757137203126155,-0.6285352032036556,1.1444700324886747,-1.0691420979517698,-0.0853227812600339,-0.57871682133946,0.2060775258397342,1.2333188717859684,-2.0526314378619057,-0.8089738818664811,-0.1133187635104001,0.1607749135135187,0.2050613684765325,1,train
2.477953623732444,7.0417081058728845,1.5158292137497182,4.80364137820633,-0.3758115023779356,0.1378984157268243,-1.0295703853641165,-0.4870027206783663,1.090684785215263,0.0543818220555244,-0.1856667855576535,0.0656331681787631,0.9122608794221738,-0.2856559676950111,-1.870354711486007,0.8189560920474533,0.0247047536077919,-0.3910305224702056,0.293364578155859,0.8015252481415703,-0.6064763750464454,-0.6130418630855691,-1.25643545952737,-0.6158877210043651,1,train
8.456086317164267,1.399923105558282,3.011480076229308,8.076120169738171,0.1845341348788129,-1.6108002906437773,-0.0035670974704441,0.5275905456391229,-1.4465075334781103,-1.581994586519188,-2.2227206104532646,0.6667925968932745,0.0722928282613035,0.2342197071411,-0.6294922641747996,-0.4442194429555305,-0.2250470668954112,-0.1636026386546621,-0.2913679322984958,1.9941659526867552,-0.0308684726868173,1.2675060903398097,-0.3491547793590932,0.2812741356627847,0,train
8.114987391512345,4.865603515006316,0.9237736303398794,2.930478356186156,-1.1983178278511737,-0.6878032860341788,0.5036296318679535,-0.2994258881000323,-0.915978082952911,0.3204521766628005,1.9834268053087232,0.7502550431726228,-0.628010932884917,-0.1217928611782677,0.312714081720307,0.0426558551945229,-1.1451136921222156,-0.8643350299679118,-0.369099369393551,0.5167989297594018,-1.765296795856779,-0.4874258073149647,-1.171971127780752,0.2659761906980405,0,train
0.8024923127451459,0.04416268895742903,3.5312809473513807,9.850914495602217,-0.9218477227110444,3.223110610062575,1.86442770775597,0.5531160790456029,0.9254166593329484,0.1636589722419376,0.4547079100619479,-0.4689553149215605,-1.1089119989971248,-0.7534335617940742,1.7626786920306,-0.2590249249073388,-0.5739257329096742,-0.3244329510625806,0.8226306743413694,-1.2149450845686538,-1.6375287504878568,1.948760164275741,-0.1871857881497163,-0.9744147668002264,0,train
7.481204462882973,4.949467000588219,4.1031187153708935,7.521512538665135,1.3880780483509436,-1.2865816456269463,-0.540673167217504,0.4510217887323167,-1.6569957524123695,1.5534178510590448,-0.6312958385610723,-0.3123495445054352,0.2787400719805147,-1.2926732095918834,-0.1613017428883254,0.149610726762897,1.015093891465996,1.1687589294308762,-0.275612910112668,-1.8305889850844184,0.7285036049596086,0.1243145512462139,-0.2348371530031031,-0.0366244288348942,0,train
8.925659153852724,8.971359529029796,7.615577930089348,2.492748539153223,0.8012713013521492,0.9783754237338076,0.9605093121711687,-0.1786831057539946,-0.8628940700919968,1.5055667610899766,-0.068505360900662,-0.1897249658015534,0.049443485318091,1.1651436555500116,-0.157933669009847,0.5560451244439043,-1.051112889544543,-0.2982797700586193,-0.1704099051902858,1.0144523940223535,-1.1020159678240449,-0.5402644713552455,0.0555082938083034,-1.3642210073441376,1,train
5.7109190990312015,1.2025911668539158,7.680361522920261,1.6995364955983092,-2.122972773992572,-0.7865084105405933,1.3699322173996142,-2.517515189105148,-0.2242708338979786,0.1180909102269822,0.1905567061653014,-0.6794790991401043,1.270877712689136,2.313704921040342,2.4066401184116404,-0.1239876823775321,-1.140098725500622,-0.143741443863039,-1.9576959755157668,0.7532577944912001,-0.5442605481168682,-2.1214377745505044,-0.9171027008054308,1.4124518429395991,0,train
8.208832457576325,6.553479264250752,5.918403444063809,6.06573846402133,-1.190061047736453,1.7302491928126529,-0.8575616673669867,0.4257842746134479,-1.5354298299711664,-0.670495999760459,0.2468626383512055,0.1543789737640637,1.6886527324293372,1.4099504687258022,0.7697556725190092,0.9105680491963452,-0.6348951456361022,-1.2838095371568956,1.1101589384550326,-1.104141770276418,-0.7220809935231493,-1.1816662976769403,-0.3697456004040323,-0.1964501890681176,1,train
9.621196601403051,2.098069210081688,4.122793684786635,4.309105018816421,0.3809664027989606,-0.4601266937142996,-1.114212265170187,0.1970481403104748,-0.8473597618746123,0.20927766906147,0.431791532701964,-1.6782434655004452,0.2168487823277613,1.4195767804467077,-1.932076930922621,0.0867602281306664,2.892768981378029,-0.4910123500814006,-0.2365600939901647,-0.2040839798491989,0.438699145017326,0.508921322591863,-0.1208276976975836,0.3733764023152428,0,train
3.574219261413638,3.3693547670422523,0.7981896322833212,1.816600142699909,0.0938760435477375,0.2560693988682964,0.4614060206780301,-0.2900283289697645,-0.6959728148302201,0.6057132840810847,0.1937537869017904,-0.1996996644076895,-0.2360934924594604,0.2242055436154728,-0.1300029317495138,-0.5776192110010165,1.075800575724822,-0.8171395454699747,-0.1519639981760856,0.8822055400947255,1.1620563090459306,1.202285741114498,-0.8006796762260492,2.598108059141365,0,train
3.355612514406518,8.739632467691257,7.147292207395194,6.499213616433117,1.1521178064059785,-0.8853301126199622,-1.1661798140224915,0.1913699766026623,-1.0246480723026723,0.3442019554278907,-2.2227493467743025,1.064906647018234,-0.3786160744247641,0.0816242305176398,1.179827299973779,-0.1162334980062826,-0.616671388147266,-0.926295562457467,1.3102593295254863,1.3897958344234038,1.1882976075965537,-0.5615507993213362,-0.7638761177494471,0.1775118371413774,1,train
8.045745273957197,9.099594104244781,6.595659004743391,3.884781464624032,-1.0433882309903453,0.124793462162514,1.5130724466167529,0.8020526025516412,-0.1287912432411975,-1.3980104597388123,0.0767499469144674,-1.0842861702494362,-1.2322232124085744,0.1776295059397072,0.1605124062977486,-0.2453743309305024,-0.3515848383131682,0.1119938621383366,-2.4296278025957285,-1.1871701781410096,0.2113899535631753,-0.8005864561710532,-0.2012750779966409,1.4187980148870118,1,train
-0.6012510106490395,-1.4196232628127303,8.092242188575065,3.472510746117769,-0.3674825834185853,1.3628719560849816,1.2905051312013018,0.073597031208932,-0.8128607098061202,-0.4426604341242916,-1.074334180778025,0.3573504181378622,-0.0049777473227951,0.1966698003298476,0.6920080358215485,1.0340899012637832,0.2774753253076892,1.2609843045250655,-0.5541519582241025,-0.6129691503116507,-0.9544986811823908,0.3611930238121985,-0.1527758584168104,0.6708297353879232,0,train
-0.016530602825050478,8.080547464398778,7.813984255074081,3.6887008868740923,0.5624385105813364,-0.2245458305812938,-0.0859113736693498,-0.177526948487027,0.718227383153105,0.0088793714596153,-1.4543814949658151,0.0203381762023938,0.4951704082708182,0.1948495106931969,0.5735073847246779,-0.2696241058801052,0.2870495888226407,1.3784691244892422,-0.6848832311069205,-0.7546000770120935,-0.041164093441628,-0.6396048592127951,1.3702484344285344,2.0931274774355897,0,train
3.5434992612655263,3.4782399735490914,3.3538648051798523,2.616917049849751,0.8024705666218634,-1.3961999447996245,-0.8979304209528063,1.1783704194017046,0.8986400848809111,-1.5143136951234373,0.2231150278364525,1.0589796346017817,1.603189633861756,-1.4326395691197318,0.2157760058630246,0.6991277066704004,-0.9096953481723024,-1.5646414753809408,-0.3939694053489114,-0.8733009888444082,-0.892206183148485,0.4498155454254555,-2.0311673855294803,0.4554591946852597,0,train
2.294066411590163,1.6040618788529377,0.42284060348829233,0.851096872476465,0.7301427954724713,-0.0431798862180586,0.9044412830108128,-0.4966759873972409,0.9259861521434076,1.565653910232374,-1.7619757606049062,-1.205176841083852,0.1649974083270896,-0.3101120231187271,0.3607864310088421,-0.3128246414461261,1.4156895350240517,0.5340318403971084,-0.2130679934051376,-0.3501530616954275,1.4591316505463103,-0.626027527535575,-0.5170316584395223,-1.029496412685447,0,train
3.1440460904237257,0.9982544272425371,-0.548702212509578,5.575666989741344,-1.057999747939629,0.8926767354772857,-0.8979672157436513,1.0835385284092132,-1.5165989574360244,-0.6276719182953596,0.4153862887626209,-0.5837235928852134,0.9110762478508648,-1.0628532038976322,0.9778480500208354,-0.0203463735542146,0.2016859710047839,-0.5002365251507968,-1.3659648956380364,-0.1696624603787042,0.3120007418430314,-2.457211789103512,0.5748785585527533,-0.8675304606555101,0,train
9.449934453225522,-2.3944245690077226,10.31784560168117,2.3524147488811997,0.1765398842381274,1.171559618698372,-0.0949409914279772,0.9276673980771456,-1.0418438347557093,1.4708533739004712,-0.9483718389087004,1.1242955038953315,-0.5530599386740297,0.7211728303901108,-1.1164430706123367,1.1447570357929815,-1.0719124346965347,1.0621209166183865,0.2007010448843034,-0.2900555686549013,-0.0632895319558451,1.163526870876508,-0.297771335367996,0.466840618709351,0,train
4.195519724282955,6.432651450668859,0.6295501835012267,2.099788652943186,0.061431232614141,-1.0084023803712845,1.3280951181755205,0.8330558599661286,0.5987774340261571,-0.8932514020444637,0.5344486686463482,-1.5581497573697285,2.28677842651544,-0.1809622546794445,-1.4691160127449,-1.7144927566444292,0.1957812779977636,1.7570993631011302,1.4672489287135149,0.4620598478721949,1.6838502166113642,0.4079567398535531,1.521465413012098,1.2488848173617286,0,train
-0.19246185158052487,1.7446927422554328,10.099858731673402,5.2908241122664545,-0.9118338558779248,-2.211322176805089,0.6367420237464446,0.8731563358067488,0.3404954975901311,-0.1488793748137328,-0.6501096182608904,-0.8038645896223671,-0.7022786334374215,0.3122113234208919,0.454387775343241,-0.5981703464049908,-1.446111987589513,0.774170914739665,0.3137241585717932,0.7376574017202407,-0.3354996159822356,-0.8736280127868798,1.0412034054125203,0.8106666848508738,0,train
2.009148707974019,4.618698053407373,2.8840154788821426,9.9441039518679,-0.2598621480857959,0.0860418850918185,0.7901553625055978,-0.2317797503338641,-1.4869993717848466,0.1442720156746517,-0.8127936772886925,-0.7670998369350436,-0.5252653839487347,-1.1064844082971137,0.829859482559331,-0.9490754724101916,-0.4012937471641203,1.1835305134769605,0.6602654410154957,-0.2582945768887192,0.4041733936080209,-0.8720383927047972,-2.1568604785171375,-1.446999204477174,0,train
6.088404081343196,-0.12406287184647169,6.8461324014473774,6.857159698965869,-1.0514962458891814,1.2678895552353016,-2.70753994872358,-0.7955773194086858,0.1013738741429318,0.7822918206036434,-2.07920802198075,1.028668529415658,-0.123716156609148,-2.4290693660803826,-1.5870399194649552,1.5033788630727676,-1.203538662567314,1.013301058443724,0.0701206449319408,-1.036272071198145,-1.306561135460213,1.044255020701058,0.2128432506893939,-1.0292994412790344,0,train
1.2343201171388418,7.542018800267636,2.8193893890195834,-0.8561238774867721,-0.4195430923484767,0.06018984791577,-0.2754094069000503,1.2260434320276952,1.2175291049270855,-0.6673852456879257,0.4365181047290903,-0.3363794843793706,0.2748570330465624,-0.0970481053004848,-1.356393123648357,0.4526557008531106,-1.8546309257001168,-0.0326018181564807,-0.057784820581076,0.9759011124560538,1.1808840765557218,-0.1662135502638765,0.1548561564113453,-1.4312940571431,0,train
12.209416999804278,0.6810697332857137,2.177097853560864,8.471432117472872,1.4874206835977029,1.3395716292026008,-1.3663241783205349,-0.5876020877681797,-0.4766251840337502,0.3501738709495871,-0.2524145258196891,-1.371885819934369,-0.3197982565785788,1.7969884097565414,-1.5936441105742898,2.1014774868550914,0.8062232651049721,1.3186792821303432,-1.4439299314854912,-0.5528906274221737,-0.4145787407056053,-0.679765654481343,2.299100717173393,1.8965183449429648,1,train
2.464765694379083,4.717211766851669,3.891723139305114,1.7368181854562592,-0.6890811132175754,0.1246346522176446,-0.4090467394183219,0.4230192106943209,1.848804111873112,0.3280908631677441,0.2827862519212298,0.0266873652679348,1.1193361186990798,-0.6395157428921177,-0.3423174196373434,-1.6666493065496115,-0.5848784880044167,-1.8272481914453185,-1.436908833092482,-1.5447407595074236,-0.703123298224834,-1.2078183188796363,0.3044112477893523,-0.0940267137522689,0,train
3.5804123045617198,8.275370869488684,5.672661284178062,5.225540648415537,1.942963653205282,-1.1160044896324923,-1.8047532890452351,0.3669183444030974,-0.5785258871219446,0.494467825542813,0.4655806893832507,0.2051778798925242,-0.0763197543247988,1.1243793832728624,-0.8566154837316976,0.3753213221358008,0.254586198089801,-1.029384239029651,-1.507421733051139,-0.5689473921674016,-0.1803132701330072,0.6347056744930734,0.3655465871128276,-0.3975787151122836,1,train
5.685557107804178,0.09443729771346077,2.2960042540654313,7.476968736120933,0.3841509141800537,1.2727024008906356,1.289953918468727,-1.485616923858386,-1.9924708125810575,-1.4347708337012492,0.7765629711668669,-0.7696084532263968,0.1207701781142862,0.2190012868921077,1.355805710769926,1.532865517164115,-0.9027829202894316,-1.7036336007533632,0.6750978989501636,0.0482016387532242,0.2117264407761886,-0.1552064514363325,0.3683737267796816,0.7323517461949103,0,train
4.01971716412707,2.1255401341287663,4.880737494489069,2.2627485412874426,0.75656347864675,0.4740215949261079,0.1778093036498827,0.2354276137995159,-0.9868826658767468,0.6279197851111203,-0.9488270257924988,-0.4974674355008014,-0.4485282742986205,-1.585989040024737,1.2005890190711634,-0.1696073285555069,-1.9082182213079637,-0.1994784854545367,-0.3243733644485012,0.0603249847768254,0.3694988020495985,-0.1857757730772699,0.0795844892706895,1.3638572289592064,0,train
3.690435537426645,8.303817446252221,-0.6810366047242157,0.14213279944785118,-0.8454979246110312,0.7716839349755048,0.0373476017552809,0.5628640271475747,0.4900381685395731,-1.299548930874341,-0.230493353177165,0.914357559586849,0.5395525283264444,-1.1281488943556028,1.4362260720361493,1.2253116600586864,-0.6586573008095545,0.3672152279871116,-1.0808464294533586,-0.7465249980247216,-0.5796849530444884,1.561415248527246,2.1237944035051624,-0.7027701789350869,0,train
4.974047428565091,0.9338530691040863,2.280269722847555,4.286359059092177,-0.6017964590358974,0.4245280331774197,0.896650622452438,-2.262133505577919,-1.4770387923145765,-1.111819147200994,-0.6543329345221104,2.489554865870078,1.4796734505321092,1.6343947002954475,-0.2584089576241906,0.7723258951253005,1.219839627943529,0.2325785993412501,0.5905614166136145,-0.0316041751959671,0.8009221925561324,-1.1649759137559732,-1.0995979146397483,0.9844229015192882,0,train
10.512275489347525,5.756527342914245,6.309179983397948,8.659415338311913,-1.102974315057864,0.4168760331076453,1.174386036295565,-0.698974350755314,1.503519713698946,0.916444106034063,0.4691329205480724,0.0943177820333357,-0.2631384005684129,0.4194227620041553,-0.7158087399630342,2.528832286153098,-1.189062740297898,-1.012597350888876,0.031790414169744,-0.3811065935608373,-0.365308093975597,-2.0753750857889046,-0.2770825907227059,1.82854594894342,1,train
1.6336670039218766,7.562598851196366,4.058366814174821,5.182472015168996,-1.1391147288234584,0.2989144985119246,-0.3989545380718146,-1.186570110212687,-0.6022895291080209,0.3240550278183485,-0.3249885173690167,1.772825439019124,1.5124892876254818,0.149452064766052,0.0873648475493985,0.873537120376973,0.4750823673069481,-0.0212202500305228,1.4062764960148482,-1.276736432310461,-0.6779577302263674,-0.0565999858522227,-1.7890340023950315,-0.2047268481233863,0,train
3.7181069569107885,7.256177194619543,1.7242895610941082,3.074073726789027,0.0196935321527318,-1.6200033201293456,-0.6181676292760949,0.9878470739463424,-0.1778040643728198,1.4877769327695085,0.8457434656077201,1.7883608111695897,1.3360013396402646,-1.545150524759883,0.5801131245091004,-1.6578285628649871,0.3625417541191065,-0.9942857694948882,0.3108463601044273,-0.3057539292083218,2.0836124869945025,0.2212645282851498,-0.6469195933939059,0.7348772582559846,0,train
2.7114073502788623,4.204275533004615,2.854452982550744,6.882840614710311,1.3476312364739111,0.6178959171414788,-0.3838198918664152,-1.3311539994242516,-2.0538075424146154,-0.1002013925082735,0.3801106233524334,0.5483982406940252,-1.1861620038883711,-0.3673951930897412,0.8040975359978411,1.2042137604886392,1.5499848709055957,0.54198439077811,0.6267135008946451,0.1204925491678298,0.0500043143721136,1.7892825736554645,-0.2080971789116625,0.5611312865306118,0,train
7.8684264520962195,5.21821293540268,2.223630050882769,4.001258639716063,-0.6046768965949957,-1.4712088544815158,-1.0177756805829543,0.3684190989114636,-0.3213745317589829,0.1076920462589696,0.2433683828855594,0.2566949014551752,0.3345345480536102,0.6132024952275942,-0.5803447345534914,0.1638897396419308,0.3296393746179725,2.27315088538522,-0.3689214485625982,0.1013330071029465,0.1532050887269544,0.1757292767686592,0.821589579523725,1.211865159606243,0,train
5.613303267958037,6.968212515086696,5.59547929824562,2.969033414794967,-1.0263175141292833,1.729707060936238,0.1538074077292685,-1.216056140990022,1.3686445029656698,-0.3172401343524889,-0.3848095368582958,-0.0996549150139108,2.154959900004194,-0.731968700583444,0.8931698808814065,-0.2215304045755975,0.6097606738912218,-0.3969175797586291,-0.5542114855282162,-0.7149710800615681,-0.0033871587099623,-0.5136297190725521,0.9115117582824082,-0.1435641045752431,0,train
0.8755919134993619,3.7453619438778887,1.0076335827458598,5.5295614758470215,-1.0928392626171994,-0.2875141234608618,0.7970287798559571,0.5782382482028864,-0.9792780072474584,-1.5549501260390146,-0.0481429142621397,0.4188030444659567,0.4063386290853131,1.8516123316519757,-0.7282962442254516,-0.5448352085735084,0.5278762892817274,-0.7416031064504989,-1.5983207105908408,-0.6036853442065969,-0.1829051296042767,0.8113950339519018,1.0221946005136529,0.2072764147496371,0,train
4.6136313801247075,3.9516678651399744,9.109353785955685,11.014530573831891,-0.3386307052905619,0.1179014579956048,-0.0012720454197297,0.6430416143405997,2.7057987234307856,-1.414960321206582,-0.50179900675492,-0.4165480011085256,-1.4479365162270226,-0.8575537210092123,1.8536111432784137,0.0893413778870111,-0.4697591603823233,0.0764145164231465,-0.3695160133775959,-0.309260236554058,2.3296909773277172,-0.3452275719957755,1.189538175490341,-1.358295740413764,1,train
7.18154420228947,7.57797725482328,1.7585479039332983,7.884522145906226,0.6548014257792806,-1.5895022988586287,1.835334612596221,0.4747418565556998,-0.6943421462033406,-1.1453683422990504,0.6187893088955887,0.7465073487462408,-0.0756821003680281,0.9197211745722088,0.0242354034696448,-0.6333446615626631,0.8978035255637135,0.1889091988041183,-0.8242742512095268,-0.4491778148232379,-0.3842322042976789,-0.6313430261083539,-0.5112368896002053,-1.7847039162854752,1,train
5.563292034605826,6.492821465216861,5.041013890040784,1.2441876257461983,-0.2801540307090435,-0.9436704148724292,-0.333482925921063,-1.1076211033653829,-1.6754356959847183,0.3401515527447629,0.8323981744571416,-1.1732752082447269,0.9496766001279304,-0.867577323641696,-1.1902442015245815,-0.5964155951623241,0.3178827412720211,-0.6199459881501784,1.354166183088369,0.4140925917662504,0.4531812064242919,1.6414562683157483,0.5543549493277109,0.1280604633462225,0,train
0.5888077989717294,5.557355900300106,3.447204681432107,7.239335429314032,-0.3249672837560791,-0.1117125534248639,-0.0995643539507562,-0.5652792571079727,0.0030789216766153,0.954300376101516,0.9181780370592704,0.8404814459528701,0.6981610752965337,0.0665520404403262,0.3105939594058856,0.6746334344991209,0.7739038377992763,-0.916880876178624,-0.1499423345024947,0.523570216864621,0.3271402225182456,-1.3735015894627742,-0.4849606830570968,0.6015780645501713,0,train
4.308531288228524,3.3546330932651225,1.073499064508652,7.572763079453003,-0.7737409304377542,-1.3921022821907876,2.1307377638518576,-0.4098988862910556,1.4618642568090818,0.403841423356752,-0.6287711992341684,-1.6516491484421334,0.6595309588591206,0.3355137247297238,-0.3090150147694109,-0.3663692559045941,-0.2121412707224758,-0.0682393444521884,1.609111254988024,1.6123651343483592,-0.2776105151114664,-1.1786190940762455,0.7398586725829341,-0.6622237828700187,0,train
8.46804413986815,9.287867079131988,5.614069242275301,2.571408742889288,-0.5852053158429492,0.3423637413444791,-0.5255552830929544,-0.4711636596189132,1.874946690439777,-0.6955071653969999,-0.2242117954495511,0.3156432943252907,-0.4694893548685292,0.3607634177511515,0.4687907184679037,-0.2880605199658963,0.0902031645685568,1.13560131671032,-0.3202321181972594,0.3365500856223962,-1.625328555181046,0.1905251737010714,0.053275326538763,0.0331106555483581,1,train
-0.17590780362410585,2.886019808202027,8.839827806446026,2.44731518162799,-0.4376030089621792,0.7178111219817241,0.782761792187999,0.146692528012783,-0.5064268990314374,1.0338972624241771,-0.9506073421095876,-0.8121097414734821,0.642371488675743,-0.957908257846488,-0.6775008069888501,1.2018743748149974,0.1255897328417233,-0.8482901635142922,1.287402241871371,-0.8406329634576291,0.4746406139774884,-0.6217395387224527,1.704221082128215,-0.3190231967969179,0,train
6.9551372162959915,7.603436957206099,8.212410505930478,1.328057651892493,-0.7404362196376155,2.2486153806724754,-1.3796086340103526,-2.2720534640895567,-1.0929921116415138,2.362901174285265,-0.8297680445425674,1.7500104986243814,1.4914543321308569,-0.5144287524604527,0.1663735238396056,1.2839784634821214,0.5116820574929071,0.2630629869469191,0.8551502807006779,2.9410089691996784,0.5352584699864742,0.2395188477279514,0.1130534425527523,1.7434311729381955,1,train
4.3437405684497445,2.202940140424808,7.436335402263036,6.931058123940439,0.5319949808500143,-0.6195207777628783,0.6698952619218823,-1.7048208614161502,-0.2330746144580924,-0.8236649000104787,1.162523249004911,0.0969143862118099,-0.3297271271253186,0.9232315977791,1.2014792307954243,0.4692504197511278,-0.7198859477534366,0.2006773394882984,-1.180961346510264,-0.8527637720569042,0.9641270598381472,1.0479668712174677,0.3672484650425908,-1.4573248880710306,0,train
4.711326659668691,6.4536138291004725,8.362588139391992,0.9121974836171873,1.2011484190038086,0.6221613682671739,-0.4612905597085838,0.3479670172717218,-1.059725039984318,-0.1641779515106911,-0.3055870829473523,0.4707484550870663,-0.0373245665345167,0.4017149474536549,0.8429686444942278,-0.994201978735572,-0.3786377230355875,0.687075203374351,-0.0443153972116406,-0.5227306890706448,-1.9284260240094535,-1.381966760484886,0.0521631716271688,0.9359637406533676,0,train
8.863479941580032,2.015201671602544,0.9084591130756443,3.9993136900568254,0.3446061665240773,0.3729273973609661,-1.1542291523504995,0.6127837979155271,1.7090156311386655,0.340961501873152,-0.393447083252772,-0.1718424458792818,1.3246945910873005,-1.269725441057889,0.0447405543330587,-0.4165534171266331,1.567976008912875,0.2951893575641168,0.2782894978190782,0.3210435599534628,1.1749244817754745,-0.175117827381262,0.0111387024711024,-1.7661742813079924,0,train
3.1992539065565957,8.085153447028372,5.441619125462674,-0.3695844030330131,1.220535795284868,0.2628851727707977,0.3623196657005449,-0.6751506144643833,-0.8740113012704392,-0.6180846250867512,0.7558852117615112,-2.70303686948182,0.9826799973509078,-0.2165206379189657,-1.0883529726978556,0.75502777914537,-0.966681925773056,-2.009942544635817,0.4206212632711664,-0.6215639049951592,-1.132835733470294,1.3216557093356405,0.0683352225965265,1.537384294255827,0,train
1.250523316786432,0.9489389601396238,7.2866815362724555,8.768012916673879,0.5953944413406262,-0.5700275141473773,0.0725148485063959,-0.9799726619628908,-2.0418714176876476,-1.0140308453912097,0.9298180442358622,-0.2174165075134281,0.1422242640409757,0.4753637152553989,0.2911273959386761,-1.4058631179340015,-0.3341775305141237,0.7278705383115422,-0.7041108127351099,-1.238435163950405,1.069486089064496,0.3306747072204952,0.2094545633868934,0.2916121079480369,0,train
7.41164211942902,9.777526093397206,6.883190449718564,4.176953868097687,0.0330560506527586,0.4048229560258394,-0.0359733650475991,0.6114097971327731,2.2953524261777765,-1.116261981867655,1.2871750690204822,-0.2193907545984069,0.0209984835381255,-0.6459556139510093,-0.6904269986801767,-0.709116322646986,0.0540507791261996,-1.6382478514505674,-0.9344333165760838,0.611658093405558,0.4945554217614638,-0.7183784388302442,-0.6933439618608327,0.4763701541827635,1,train
3.373354788473504,7.579696807718351,11.233673806878734,8.030617344995962,-0.0621933247856899,-0.1898772099480447,0.445273518731399,-0.9532900830686024,-0.0307279917259521,-1.8544819513036972,1.2275251984638231,-0.709741182646992,0.2660629614142087,1.1163267851746328,-1.9371180091679217,0.4443790798599241,1.685636303917,-1.764652743319423,-0.0406623895901131,-0.3175570335532392,0.1311472404815299,-0.7160501419630778,1.0138535243319295,0.3453517017166809,0,train
2.7315643106434724,4.861965345374121,3.644062438336148,2.767366740479992,-0.4421715679095465,0.9980001257752028,0.5835336942010081,-0.0283542742316619,0.0824001861392689,0.1525312160271602,-0.3219426958616639,-0.6627333451344121,0.1527829999455528,-0.0122774065169601,1.0865357999967251,0.1386612928756533,-0.689345935540113,0.8826226445923072,-0.2201045744202514,-1.0248526923754404,-1.7583356746485967,-2.190969808776872,-0.8462345938311093,0.5134413600687971,0,train
3.214170739862176,6.173411653801387,6.346332957874081,4.122411341953539,0.5844608273051718,1.0259398540853248,-1.4437694076897296,0.5817967222694526,-0.2842961238623133,0.0740850647952242,-1.0685697260449707,-1.3650102905607466,0.6728481106072717,-1.8354169918787424,0.6877202954710712,-0.0013034279616145,-0.0666253920792822,-0.1850982120332097,-0.6688137768608932,0.91704282350419,-0.6845797021493234,0.5429462596464176,0.5677942229135432,-1.1820148678202045,0,train
5.857605019188619,1.3772945073218061,5.767478453348383,5.400835281867658,-0.6515091388975637,3.034894690395858,-0.9157783335627137,0.6246629878330021,0.3394492422016859,-0.8327976080730113,0.4177502896665115,1.5203975703613382,-0.3504215914008864,0.4917606253483058,0.1434628623815952,0.4331199148783566,1.1981145756196343,1.8314348797902291,0.5543638892099527,0.4034946062162483,-2.4638990312205276,0.9880267021590088,0.244182029189974,0.7399614034727268,0,train
0.955124354492582,5.035163921297995,1.2699763448536958,1.6209257717910943,-0.1390326055033801,-0.8170507470610727,0.1799603303179517,-0.7792272032080813,-1.0147880288193836,2.1762226423179007,1.5123524305367555,-0.8586899704069609,-0.6933764825871822,0.189316173625723,-1.4893219465082947,-0.9144148995080286,-1.3708501603031622,0.4882223345347576,0.1004477225768622,0.4861114113377124,1.1400053465144555,-1.2952922171596204,1.378711507837844,0.9256346783581828,0,train
5.999497922453974,9.711093459227126,1.2449782950979893,6.1257975638588515,-1.4682980677485256,0.7088912865041237,-0.2134990664103234,-0.4811357767121424,0.7679147976103868,-1.0838177193878,0.3173199454559895,0.558374698359721,0.1652403709248,-0.0414373366902264,0.067642779284175,-0.0580013870079776,-1.0152220410669528,0.5926201394231831,1.377325290218719,-0.8206864312596389,-0.638938654587989,2.566245415899499,0.4879355424354248,-0.6956087223852925,0,train
7.795025987997743,9.551831503847325,5.490093452318109,5.707685466481214,-0.4794626675107786,1.1453061306712264,0.8551743936449412,-1.282708665314594,-2.2554118158514926,-0.0333893515988659,-1.131340010335679,1.0936939600242503,-0.4992138176259092,0.2296619585227002,-0.8787620529126924,-1.0789787459338096,-0.0765296930296394,-0.0506748493863768,0.8823638986280972,-0.6187023487177667,-1.9562251706611893,0.2575046705438986,-0.7174742213361232,-0.2069420687288871,1,train
5.559751881743266,1.138253978627058,8.986377260519902,1.2544062919496048,1.1601591073062574,0.6745636201565768,-0.06952403993328,0.2439634505943582,-1.0211003941292438,-0.2780397455572456,-1.3537964860850455,-0.0794819464603472,-1.3767885783738232,-0.8477995859268288,-0.7177778321841478,-0.3205020600624368,0.6339146069348925,0.8555214506208564,1.1651325222356892,0.96712569535407,0.1590176855708518,-1.8485637936779424,-0.2001905502787302,-0.579755564839815,0,train
6.179558124329246,5.430966270842097,7.569047760781725,1.9273473131614325,0.4931562084104358,-0.779771236986674,-1.1948405011412562,0.0617857355389175,0.6859103413788081,1.1999390178831315,0.9597859252856232,0.2247473013601637,0.3572449927742324,-0.38151372741169,0.957983048238651,0.0865528545752852,-0.0196569448440567,-1.3478953637126492,-1.2692887998360454,-1.579936965151202,-0.589185753670264,0.5027585499878116,0.4138849151809604,0.3466354734322335,0,train
11.319469744801024,5.842588877592048,2.55181561207607,5.8634873743341815,-0.524678224824218,1.680526029764149,-0.2829995904874216,0.1744268183530604,1.094819049747635,-1.131565617786482,1.0278596886147655,-0.9553190037764197,0.2099192835483775,-0.5652327074971949,-0.386367449685589,0.1925838929826581,1.6436698242347507,2.1695240163629044,0.2437946164107557,-0.8059089789708377,1.1909693993271904,2.6663348880977935,1.12415499795336,0.6064084724047988,0,train
2.5860943037655924,-0.34536098292050954,9.664518991111605,4.1964988059841835,-1.0570280073719955,0.6075700028997723,-1.4972118209662977,0.7021011563192395,-0.496348900238023,-0.1235896206147478,0.72402984906631,-0.1843230518482292,-0.9610896699673244,0.982894828636924,1.4943819062403536,-1.2269513802024896,-0.1315441973309042,-0.7953085053463839,0.7553407970234269,-1.2527450246529022,0.1386557814092137,1.7879642295997729,-1.5950760210445916,2.3370392573897494,0,train
2.785879007130638,1.9585247557000693,9.527545639311457,4.127699168983422,-0.5583788434245774,-2.1012191678172747,-0.6882745324199543,0.0966848255857801,-0.2979637573848557,-1.3629286041417443,1.285154963808712,-1.4351281240671667,-1.1490500463148747,-0.4057715817974601,-0.9115405513298628,0.3751960882735264,-0.1639000379798679,2.0183679804676644,0.4230981846643443,0.0208292802071703,-1.367192106546472,0.4622629218964026,-0.2539646885198288,-1.08628001699481,0,train
6.991651147231919,3.8358360011923267,1.0917553262049755,7.297130927995268,-0.9195730076727852,-1.2314367404715667,-0.2241509198023958,-0.332130542366828,0.3722578862033453,-0.3402579467720427,0.7612980575851366,-1.4415950005828255,2.334144122705025,0.8437258961309011,-1.8077989561135623,-0.7178016052561607,-0.927573047927943,1.2608413227205946,1.2381166649206798,-2.0707796484849035,1.2008435682661678,-1.1968339561741752,-0.1718546109154986,-0.6156850574243274,0,train
1.8521668351603788,9.465887520138056,-0.43012105948639834,2.961937374840276,0.7586463358941761,-0.9016616467434488,-1.2846438635218758,-0.624769253277665,-1.9562968894797397,0.020225409942315,0.071640862579684,-0.6035619309609619,-1.3959434222497726,0.322922771791506,0.0896349419881864,0.5989630815519613,-0.0056818566810001,-1.3965966857556422,-0.8227568233503808,-0.1504197551827787,-0.5251506137184145,0.7396561616241827,-1.1793053508629494,1.1231721233922505,0,train
6.038642939326868,1.9362918642767697,8.558047732862923,1.321011434792771,0.9804850103376296,1.4951716001232735,0.0932437065333568,-0.0274531910936416,1.2119077487700012,0.9833173689312598,-3.0503790833214106,0.6702828809289745,-0.2912132759829172,-0.3944919804479977,2.2217593306382484,0.0335041966682178,0.609310517525603,0.0385459926398137,0.5731435276945376,0.5126286830818781,0.281305865055846,-1.0700159671201717,1.6232306486453818,-0.1892949008374228,0,train
3.1864061375350965,9.01750658447948,6.250820105325253,4.059446653920216,0.416342188929363,1.8283838588211805,-0.6612877327585935,0.9614388332367386,-0.0772027570079113,-0.3212311456328343,-2.8306863213453863,1.1358173495116215,-0.2054088735355087,-0.0181999241101365,-0.5575766265259113,0.7280569710804529,0.0286072060607563,-0.9513997887000174,-1.2022827655485584,0.5422746791524762,-2.0688696298097073,0.2299971198512473,-0.8029746700111936,0.4315977259047014,1,train
9.048857066586315,6.409665914747195,2.5518895531579333,10.625284701749086,0.1268451206921009,2.174878956699908,3.5918724370668365,-1.8970216703006864,-1.1207452992828135,-1.136503871801953,-0.8250018319360909,1.3481386168983314,-0.4950531242147527,0.9981463385518186,0.3385618285002519,-0.9500449205028776,-0.6706989932640707,-0.1019393818009908,0.7062884184674949,-0.7767392352211,-1.409697507070671,-0.6785449281020279,0.2148388510500838,0.1743818554494886,0,train
4.654036969516345,8.743117461532837,4.974540927161001,4.1779661876645715,1.3191494367738852,0.5229097918155066,0.3372989943492727,-0.1977305354427269,0.2508503674553732,0.8464007728796051,0.2588789392796492,0.8729861995590985,-1.143958474828545,0.1736244231900369,0.5038551451577991,3.100577072549706,-0.4100365773480662,1.666420906417294,0.9961706070577344,-1.647137117314616,1.0821564566030666,0.1632664565081012,0.2975126305273727,-0.9579176929800748,1,train
7.126166877678378,3.590562932211591,0.019760370475117195,2.5113489236729416,-0.2994671472533399,0.2096804459244633,-0.7305394151440816,-0.7420475999951889,0.204564294402154,0.9498203197079748,0.2740129559780246,-0.7623514906827342,-0.0936988795282704,1.603572166079211,0.1537265036151847,-0.2666040752958072,0.0107061149147194,1.7184471595668878,-0.7166828947587929,0.3019823362823247,1.3768738947326498,-1.4688696047264496,0.767868754799307,-0.5895771371197874,1,train
-0.4831538168367202,-1.575479888128519,-0.4711226010190137,9.59943102396687,-0.406507811749481,-0.2841800037399653,-1.757660597519885,0.6449304075872745,0.1678697628337212,1.017098900274886,-0.929333930453662,0.7674038463182529,-0.7108917930081825,-1.002912383477199,-1.4809480839779634,1.084448993754736,1.244930103326234,-1.1484599051630648,0.1060870319173779,-1.7707533692650046,-1.2113965019461543,-0.4118095034401022,0.413665375977727,0.7550845010677166,0,train
5.8299352556474275,2.134911040018496,-0.6435493980159013,-1.0010118743992311,0.6217063008740458,-2.2630238820694775,-0.5702461224413052,0.1841196793416094,0.7425170572586579,-1.800403009109789,-1.5190821043397509,0.6378422961156927,-0.7906885048686948,0.5215944460700458,0.998846042879728,1.5622895321091106,-0.2590527653829627,0.3577588414772281,-0.0043244500904038,2.666802082812137,-0.2927986685332969,-1.3628243425616815,1.5524824142877198,-0.4528569627537781,0,train
8.940602854873468,3.89962338498161,6.514331999911145,1.0304023443761254,-0.259926571745257,0.2057861780375535,-0.5280394023256817,-1.3564415622639467,0.7891680890298568,0.9845197795302122,-2.5162875360900334,0.173282370461966,-0.0323962582956538,-0.1418005623837602,1.2576330368995674,1.9271599612839083,0.0395377909014069,-0.2713258589645662,0.7679069981356902,0.7838093965184405,-0.4961059126718884,-1.1246890729723915,-0.5215246489359167,0.1007983064768561,0,train
5.688025790813481,6.552000730152186,0.9444319661260164,10.904727657830142,1.4990098774540788,1.559325497788847,0.774015543673752,0.6140853983292925,0.290261466436518,1.3956682889189924,-0.292773628725765,-1.0772629869500985,-1.490821309992224,-0.8165033516825783,-1.4494213641634193,-0.1122618984503747,-0.6636974804904143,-0.2102226508775705,-0.6271187004583535,0.5652994449312524,-0.0085424651008319,0.6231280965981782,-0.6270019736542145,1.4924935275596474,0,train
6.1210687965210555,8.48759719830071,2.2752077585336608,7.333563482678595,0.6276958936805984,-0.1858122478410717,-0.1015115596389804,-0.8692060768217251,0.1725912426310226,0.1541395891551369,-0.0376799126609792,0.8973581579517209,-0.8128056674832022,1.3236607012333246,-0.9416913622752918,1.7466654549247096,0.4418921467867872,0.779667381916251,-1.001636012137528,-1.348408481643384,-1.8565570009013936,0.5547008360652407,-0.0121010555696158,-0.8796101254608328,0,train
0.7939109684071612,3.858787543291063,2.954412434887094,7.32844123440741,1.066147520849961,-0.5800930383651068,-2.9083975490858776,0.0107504191026661,-0.7921083910480173,-0.0739796305885935,-0.8787032781956646,-0.1865000549037998,-0.44618138018525,0.8598101129281981,-1.104283663227777,0.8709520190346838,-0.5902075062889968,1.294341429571227,0.5759198055534857,1.265218087579035,-1.613542055512448,1.2314775399143656,1.2779524605399208,-2.294687323798231,0,train
10.38348976210276,0.20108389783322866,5.870689038048574,1.9599505481792328,-2.4645994269254934,-0.4073946376636954,-0.1095641411555925,-0.5441453245856899,2.160186446665326,-0.3761583577494332,-1.0981099390871212,1.248524637501659,-1.41743255801557,-0.0619586726364321,-1.2334856242235523,-0.2553179306573184,-0.1618844370992035,-0.8127622635100915,-0.981689715541026,-1.0280258879529955,0.2957592563113935,-0.3905858852384714,-1.2726477468727213,0.7741334183637484,0,train
10.298739343185316,1.674701971620325,6.497542742617176,-0.3288504712791307,-0.0459756535596605,-0.6836862920458326,0.8361671255971082,-0.0496755192261517,-0.324562832168574,0.3042469401435603,-1.8456717197544237,-1.330803324434909,0.2424332480684405,0.016241487376732,1.6724887673347204,0.5934865057208882,-0.7269881128383003,-0.766306382616179,0.9695305398542368,-0.8383516651499561,1.276505268474433,0.7737073449338722,-0.6267320590867396,-0.0722657208824523,0,train
-0.05736974327546185,-1.2963214720730762,-0.35496217227400906,1.7571837390152125,-0.4726356483080557,0.5231190798271247,0.7911132546431532,0.1095860988946771,1.7870302466756172,0.076559362317335,0.6862814511788317,1.169899610453929,-0.2042285042914738,0.0342172920263709,0.0765103569820423,0.3620096119078576,0.0642331337542145,0.2821305417093527,-1.6453550508143338,-0.7969392879865689,-1.6001661227982136,0.13700686198443,0.9307076097366636,-0.6495955280633594,0,train
1.8405967125501799,3.2000566410090325,3.603555238941542,3.1900662763691985,2.2185584670700296,0.3481007185049185,2.2369334483262646,-0.0810494424783974,-0.3488594935660279,0.7492340888003248,-0.5111562502829381,0.5764159762369838,-0.0520627629689365,0.2632299804698208,-0.0298947442108456,0.7520699944925245,0.1255277027440268,-1.1549449392355715,-0.108476255138449,0.5985681778715066,-0.2327168929700155,-0.948422281614272,0.4828407526942417,1.313013802113686,0,train
3.824863069032571,6.418390570425933,1.9700843171698879,8.671974481831679,-1.123927866830254,-0.221572380999362,-0.2651462237974569,-1.068374348816463,0.5635290600154146,-0.9841231455260672,0.9197462140723242,-0.4869330544020382,-0.70450814124598,-0.5665191022303985,-0.4706026315160913,0.0200190130543412,-0.5715774923885337,-1.197130568727527,-0.1624985467625935,-1.767703090886889,0.9116756874749375,-1.0858725849853366,0.0756304637301951,-1.3475167643897894,1,train
9.638899256276382,1.7697229136374277,9.37136405040998,3.251613329545983,-1.0522178876982584,-1.6815005601124955,0.1590907817269806,1.1261216080555183,-1.6529316177866793,-0.235987449492289,-1.8123102752316445,0.8811083644237293,-0.4961611820843854,-1.607556450536351,-0.6952026959523724,1.737166332467774,0.2029218489489459,-0.3161354131953706,0.300329088669802,0.8849481829033433,-0.9036386347303808,1.2564864627825656,1.8763498051366871,-1.0419717668883632,1,train
2.730612540790414,8.518310553572455,1.2170700737967297,4.286159533195856,-0.9904234800467808,-0.3065079928523245,-0.030500373838159,0.0430476212595408,-0.1706041249275464,-1.0267763616730312,-1.4737482415624223,-0.8600134831480958,-0.962398439475876,-1.7882290626281174,-0.3265769644523792,0.157012512043236,-1.795270507180935,-1.649005288540601,0.7613437821103937,-0.0056845512195169,-1.2327715996935076,0.3263693587190952,1.429617647541455,1.3582699330859218,0,train
4.118307510478795,3.864383902480867,3.8744856454919363,7.400482918001871,-1.0320903715114813,0.2961041187484522,1.8750365649282204,-0.1725693121674341,-0.1825040902379299,-1.3430441713086871,-1.4263910098586643,-0.4953064458657373,0.5117139117755208,0.6054158501569519,-1.953577051368552,0.0721231302823438,-1.1786183969070947,0.08764309220231,-0.7994185339719566,1.2496737188902676,1.7088772998905295,-1.0172159961690312,-0.5849583299887318,-0.2518004443619938,0,train
6.941594478924483,5.674788482593204,5.652128115336236,8.004080014960008,-1.068061290159317,-0.1416844935596296,-0.0917901054957639,-1.641639585716364,0.0565248229749655,-0.8365097168234515,-0.8493207055960793,1.136317069209042,1.0696557891311893,1.0657648213641178,0.4039132626558182,0.0151107612459656,-1.3385693784589836,0.5255670148482985,-0.2469194042631998,-0.4873424010713555,-1.30354896866128,0.1335184695246426,0.7484947917294753,0.2316339311490824,1,train
7.098822004968284,6.675204378379266,2.0258513858397187,8.333893047489234,-0.9811283002150866,0.3431474698994825,0.4821808767187931,1.9359887442575827,1.4414113489028042,-1.7741866719347092,0.248359984501645,0.3862678406735654,-1.298644606584573,2.0185311453053294,-1.120389060072274,1.5172121525915874,-0.2870902942900084,-2.243129686789006,-0.4921491510310419,0.8922549824358609,-0.3314539010147895,-0.3135907757982878,0.1132727293238582,-0.5026704684214726,0,train
4.293391074783494,7.99500223222749,1.1767715016723828,-1.5286921153381268,0.6277161703462256,-2.2289393472717824,1.8563606797184584,2.1476241998095804,0.9283302390863936,-1.743430556136501,-0.4778414105547863,-0.4773011188462595,1.0849406483210111,-0.0253978814657011,0.4739557118459213,-1.0684254343705362,0.1567760941917704,1.1254137870841037,-2.2246631639719476,-1.4639690982543214,-2.2862273826633204,0.353575687618463,-0.3656744366814471,3.164039071227859,0,train
10.072202719756291,6.31582268406698,6.786728211980136,4.323244972533546,0.6517740560203173,1.1922843588073462,1.2557528476226263,-0.4202280242840347,0.2945937592735428,-0.0791019819051711,0.4711353823839693,-0.1651519766794504,-3.8019787391905817,-0.6099641030966576,0.411746085496577,1.3940962283855007,1.03004941799948,0.4515665108958295,-0.5151199838720751,-0.1038239048446734,0.8773854295743263,0.269579084566506,-1.2143302847227726,-0.4129579220843959,1,train
6.198698972063474,5.126733056629662,6.579594496561556,2.921713351313887,0.4526476576937713,1.080468544221567,0.0661342793867632,1.552372312994399,-0.2297422510071888,-0.0831906844733369,-1.576090661415541,-2.204443567188154,0.1357020685974573,0.7149232902527858,-0.3332639132642393,0.6987902439101462,-0.138360083860687,-0.9381024204173932,-0.5863983590546729,1.052667376634295,0.8834185335728337,0.6260754594170495,-2.285896409229927,-0.5975932775324247,1,train
1.2217147624744855,2.906061990531263,2.5924358840722834,0.9370266355806456,0.8012599375613997,-1.6559280576629554,1.9177997638736264,-1.0108357908955254,-1.647292050609641,1.1142022435737005,0.7086658524321329,1.1996784601390835,-0.7482148284126782,0.6930564645792462,-1.756357008028277,0.3759499718930098,0.2087516888869809,0.4938143675977019,1.544105430145671,1.945778676534587,-1.2278564739363524,-0.957290371579182,0.2271545889525284,-0.7156148238749995,0,train
1.6299173210270763,5.008575792743407,5.791254847292928,6.098896886746105,-1.586352310150677,-0.2968105214065078,0.3141689123581557,-0.5395481455899366,1.7376155195470848,-0.4378460980544627,-0.2759754014602522,1.5365036584142684,-0.408333700096786,-0.310004185742589,-1.4147296992197516,0.3618127594478199,1.1589627640033984,-1.011299018246528,0.1364858614953828,-0.3506409861765918,-0.972004854530054,-0.2773835460884118,1.02236991286539,1.0186432507382788,0,train
4.285868194162812,3.029356375451148,9.370234507292505,7.320084850652709,-1.9224056142275812,-0.5664451053504697,0.3601967768458688,-2.3771372877125287,-1.0722132087856489,-0.4651870373499217,0.3514852299639343,0.0599346616097491,-0.9908232556794176,-1.557523584547585,-0.5238278922032442,-1.3962702498502204,1.2389736071506354,-0.803085115552908,-0.4322318411462187,1.0398225721294776,1.280109033555807,-0.5819976594607613,0.0836096063590077,-0.8442574741519396,0,train
2.6579966481908617,3.2264250217969854,1.4156339746857822,5.265571549018638,-0.0520663202855582,-1.693229863831341,-0.677769009997261,2.176775388022775,-0.7134808217105837,1.3793013534931635,-0.4124699821555369,-2.441750365594779,-0.7971129698227751,-1.1819373153585488,0.9242214325531682,-0.6357891842463295,-0.9721168795807238,0.1609181006298105,1.000311373627672,0.7334075193419999,-0.7688111399391725,-1.2194828092284695,-1.5659967500215155,0.6550884395520663,0,train
2.362650257339661,0.8132218685134914,6.214531939482654,5.506212974416251,0.0409084204905215,-1.7831906656006418,0.6537848769890876,-0.0599670421468579,-1.9565037216790215,0.1447953987123694,-0.2011998254438934,0.1574811943967396,0.4919938763035137,0.4774604822269047,1.0161640251197042,-1.8924599509874236,0.4917036849686629,0.5289070662759427,-0.0136952576757731,-1.3297505502902185,-0.504578719197691,-0.2571819537400568,-0.1279663600447425,-0.4072017198990879,0,train
6.019303679291801,2.582350536260523,7.02619824790861,1.6010865852134977,0.1781507277049014,0.54441825282064,0.2885228164684231,0.2653144748854978,-0.671009925356594,0.8736826880114641,-0.2198765293897343,1.643503244595228,0.4658891306854865,1.000288028844741,-1.0738966074365586,-0.1854642890423992,-0.3465700910425182,-1.251105726508734,0.2090971019238425,-0.0637490994112698,-1.082679571860366,-1.7313706375930296,0.2476717843108477,-3.09308571157777,0,train
9.34903948601641,7.748266359634602,5.165118853217769,4.034540059291661,0.220772679150165,-0.4626438159858326,-0.6341226542972394,1.8878271410687055,-0.6887815688004523,-0.4123791498321543,0.9139706080338796,-0.272479950317848,0.430288714098473,-2.0859053918312886,-0.103868975392046,0.0673636137484329,0.3906625557206541,-0.1751706397720173,1.3302616615620233,0.1849020415330587,0.7501859307585494,0.2188095596054071,2.6250928192291054,-0.5041558276003082,0,train
7.5152413887924086,1.748314726532142,0.5606175936388854,6.589717379373555,1.0796684018504044,-0.6883912222387417,-0.8263630741902854,0.4758000476875062,1.1458628515208653,1.3519393480984068,-0.2967712498791512,1.3858392908628834,-0.3372760046557395,1.363275058378724,0.6505199080632245,-0.1061139106815954,-1.0544144000837206,1.4823244190888156,-0.8188171795153573,0.0792154794002339,-0.7634179246372995,2.364159566862088,0.7661890880480285,0.6400795530127154,0,train
10.82359897401466,3.2324524545191617,3.4909709040424364,7.669961075898252,-0.8960966760686666,-0.8529140593777078,-0.1953854320671692,0.1329046489650051,-0.0405920992373587,-0.9992783500854268,0.6692295032072358,1.4863877745155991,-0.9099926470018936,0.8152606259376283,-0.2151510356191545,0.2089784604191667,-2.5373731954412055,-0.78110536671141,0.5555279570241994,-1.74555512319356,1.059874096333986,-1.3372756676356377,1.6846801055425045,0.3218161951181117,1,train
8.151978008716688,8.911017042433894,6.460772813460588,0.3561718445404639,-0.5548366997032187,-0.0564018459650093,-1.4042601504500365,0.7350566966986151,0.3542091351131078,-0.2365827573330076,0.3954495258307695,-0.8435112582720844,0.0414988507442765,0.2049004126985787,-1.559142087657163,-0.2478660479285969,0.8510105589144589,0.7865202998070404,0.3141233931826255,0.3367264192954149,-0.0760605111157344,-0.3674512731738329,0.5849956022716231,-0.4602913243781424,0,train
7.014358046177967,2.602033456746666,8.91501066062691,8.756091306722935,0.7555146095142303,1.286286671589162,0.2460043940912028,1.091930840373794,-1.675393624690276,1.3376671743371198,-0.1356294278540304,-0.1982602185497253,-0.7047958048412306,1.9887301867793052,-1.859095636482216,0.299415218717743,2.446442958471492,1.6364934271443436,0.0677802414689178,0.0123858211790598,-1.1977558716683654,-0.4547016403780949,2.3168251000056785,0.624325968574026,1,train
6.826743673184928,9.572716899046148,0.6460450112074858,2.807425142469046,-0.3538868257856756,0.1785218088419201,-2.5089622410203507,-2.62125941241213,-1.550870797776645,-0.4896619795564325,0.6921967719684079,0.7992935678347541,1.1861563596874074,-0.5877195024289633,0.3679585269528587,0.4277787661573165,0.7562288354761783,0.713131341437009,0.3321559785453976,-2.0535915621311363,1.452558825598151,-0.6046556495290019,-0.4328523138909542,-1.5341302956139715,0,train
0.8494637820892292,5.49907001791526,1.876074869015165,8.746602404491028,2.179001547164636,1.4348670081561596,0.8127648232844766,0.3635153422713459,-0.1924459774943878,-0.6198716730116257,-0.8465730390364993,-0.1007657334868458,-0.4457295269145737,0.0382167631230474,0.4733899486230681,0.3413582367215659,-1.43476398685839,-0.3007901136271131,0.9920725018945392,-0.7978145304642487,0.6733512179538745,-0.1508204111300638,0.8652494083447857,0.7877687462599601,0,train
6.881286057116316,-1.669336864998283,4.676613335263135,8.261286255647718,-0.9733222990712204,-0.4913654377597952,0.326319702252064,-1.054476540758551,-0.8327359728578894,2.125338472988238,0.1257869874192949,0.0285576381692625,-1.736335395928949,0.7011905146189911,-0.5016134367940658,0.6186904414138732,-0.8154548945244448,0.1986826139745883,0.9799985429426368,0.4232861814014362,-1.2163586811716671,1.5149332878373474,0.4937306136101407,0.850964921633346,0,train
10.356256396678035,0.8363808556141906,1.5296064278254786,1.0396451096565764,-0.1196125037616903,-0.6360757419849286,1.312960105019696,-0.0285785336070657,-0.4136675269831742,1.407213409252238,-0.204923531813849,1.174206628770865,0.8913894888748385,1.4295343372180267,0.5039321985355792,-1.042005412536284,1.9176536553266803,1.2599255661320727,-0.7654948561872792,-0.0082089360054243,0.6370354760366731,2.2107850761382424,0.1792041410662952,0.7298040223205025,0,train
3.664657013221019,6.740096935085674,4.240316029611765,0.5255524384065884,-0.4906487441894133,1.050709666708226,0.6697379288506887,-0.6025491865894936,0.2644959476234776,-2.297153131844237,-0.9983879475303904,-0.7290994157678604,0.6880817162068781,-0.0924886143797324,0.3814376556488401,0.8044893813970314,-0.4262576524039428,-0.1877580553279302,-0.0910338477609795,-1.0434816454510885,-0.4020190737801022,-0.9543798154302648,-0.6945605770765273,-0.3137692560843789,0,train
4.807709476551756,7.046259828422777,8.947304918175453,6.635990236722494,-0.6535278968921461,-0.7138490318959577,1.0185923588715535,1.085477997837592,1.9265656863833984,-2.1273334929269168,0.2838447687533845,0.5377687717095976,-0.9655820756126996,-1.1669977189263612,-0.4273373680371724,1.146574270896378,0.3588600692717498,1.1005074062509368,-0.0994497585096418,-0.7663655347549696,-1.5329722652109905,0.0771269204804697,0.9435357497989596,0.6356845059855372,1,train
9.056646421889536,3.6645648698464783,6.1013290108421785,9.158343999981463,-1.2878450798036678,0.018967529322795,0.1551061968636884,-1.2330842166394942,-1.747416238120301,-1.9853632327423756,0.7982942619171735,-0.5466427200723382,-1.155993288294793,1.3118312022493348,-0.4272481112063921,1.294526798312809,-0.2160299750813418,0.3618243695054111,0.0705849016489936,0.7209745854738784,0.0656260319847327,-0.6062494655398243,-1.2131719179080287,1.287831398170809,1,train
6.1721084966419895,1.4147425770468736,4.190329532990872,9.153715832931754,0.4698957072506624,0.4004066227331752,0.8141683425761379,-0.9735493082036591,-1.1016195647131228,-0.1040072266413555,0.2838212296615831,0.0456533347118747,-2.10006700676691,0.6997827924104264,1.1669765551090994,-0.5069628590466376,0.1878476928076083,-0.4365644836692078,0.4754379914332954,-1.2077220361062484,-1.400255170182948,0.1487807161477296,-0.14244870508047,1.269253160425468,0,train
5.269208587051964,2.797830864094319,3.236417908830407,6.189748457209599,0.0236742109552632,0.9102127695537754,-0.9878719371352818,0.5294692941411675,1.5369438479467818,2.125132144337831,-1.1644678762003269,1.210933088724904,0.568059667828411,-0.0181747127048088,0.5232315393523097,0.7004606537360116,1.2916317210874644,-1.5179756017391373,1.17256708043173,0.4025678014115617,-0.9915820097249762,0.7185145930537999,0.3398255037179692,-0.8309651893825494,0,train
3.965628977771894,1.081915489490323,3.3428036524676155,3.9574837294860394,0.0617846277794672,0.6736989340591306,-0.609248023515693,0.0240734171044073,1.7193408912551154,-0.3130097456463404,-1.6532923022533783,-0.7536229538976497,0.0243983759139841,-0.2255208688328353,-0.6308693441049005,1.0195401608650776,0.3968146277432844,-1.0236853586315755,0.2328756576393179,1.487105814753345,-1.3382013732949676,0.5496013159979761,0.2331006894538331,0.6920363147004726,1,train
3.6747037446015582,9.561885538015625,3.2951664271294185,-0.5366663780187717,-0.0502201905638585,1.0872667948740176,-0.800205310032529,-0.3947826653406098,-0.6962138076875173,0.8846387519586345,0.8548813633800066,0.3687656076322465,1.983474564906554,0.5465646787958648,0.4352055460323973,-0.2040869681585968,-0.0322501194969196,-0.908778856797981,-0.2890737299463354,0.2532713381942511,1.3289060611659511,1.3029635522383327,-0.1818459682096665,-0.7152723683578652,0,train
4.6844733887350785,9.664941899061457,2.9231181498877854,7.960231569384474,1.2403696363070849,0.0508664157263785,-0.5134580241261597,-0.0177122872626129,-1.0534732139721394,0.227851094380332,1.4765352477984348,-0.0281482116855602,-0.5995959519029799,-0.1210138635357452,-1.1009580312899834,-0.5816922438463002,-0.5445206674723414,1.5353890615000714,-0.4364561845512744,-1.9841009756951593,-0.9672300617674304,0.5974619957658307,-1.219084764027923,-0.8955648366656657,0,train
4.206521726973003,7.8128988193829265,7.132029457815111,9.137607879551648,-0.1744434872278556,-1.26227512694417,-0.6188612530804797,0.1939064173539967,-0.4839599627728663,0.9136015767404126,0.348187210910408,1.6501622852336972,-0.5475418988193436,-0.3301973794334264,-0.402757821985152,-1.038342600867117,-0.3451204975706951,1.0621435377855333,-0.3746158725346399,0.1733780311168921,-0.1693603720482607,-0.2151818189287885,0.7932314229121659,-0.2884144636011526,1,train
2.5238276335723024,7.428127952668975,1.9064033048640805,3.836838434487806,-0.4833011631878103,-0.2400897529282776,0.0101624134174956,-0.1702758956987178,0.5831487208656653,-0.1483240384978351,0.9705924627304936,1.7201905997431362,0.3793573472514777,-1.04657659280528,0.1330138655327951,-0.2883707419890185,0.6234516225723445,-0.1149681905340181,0.1229920133405807,1.8216764275244777,1.2799076931081026,-0.3862071679153013,0.5420593397812059,-0.980002958314468,0,train
7.358736357021731,1.8291340029447625,1.5646004079692206,-0.4073547503934656,2.0020443693767676,-0.0907165861207355,0.4479512293495954,-0.9955188770657536,-2.289284050813156,-0.483348346509294,-0.1123742799874023,-0.4558642117244982,0.0353648289307267,-1.4753085952066016,-0.7321481041075297,-0.5424352466172031,0.5153315294102,0.6164723625405194,-0.442788417002765,0.1244584290611577,-0.5317391144007567,0.8071848465890876,-0.9612386577984836,0.9069441194038286,0,train
6.379929984715957,2.4314311136262083,6.799599445099769,0.8994005457933566,1.008036164867565,-0.9170008057431538,-0.0947078431611756,2.158388499718304,0.344617982325672,-0.4200202289743147,0.3522631592869731,-0.6489174163582317,-1.5783585285559838,1.6630302787314195,-0.7471807849651054,0.8951801590764876,0.1588780208104538,0.5809413049242044,-1.1639645225498767,1.8248482406654352,-0.5122915115346939,-1.5692836733406448,0.0423076029013753,-0.8716405759135394,0,train
3.52035195616614,4.759421803634672,2.4243325741828237,2.752236228954133,0.1341062010989133,-1.2404898350993894,0.2461538156725717,0.0244093482111257,1.1412645453797026,-0.7898158670112606,-1.6426326728717404,1.3391008612541813,1.0051446199626155,-2.4902505092956826,1.391112345483757,-0.5743253903881269,-2.6179689792871765,0.2758657367625062,1.3830688566350282,-0.2346850767268504,-0.7253025418451114,-1.222112852036335,-0.4425515718267116,-0.2417220692824279,0,train
3.410078549324138,1.0518253987656914,5.01996375695388,0.7784951565823894,0.7067436762123992,-0.938092453214167,1.2808650699615476,0.2392099444482786,-0.6678818980604142,-2.1650440899547574,-1.3708767268840114,-0.4418564330346588,1.020611056574619,-2.2049822141099535,0.2828672710492102,-1.3323859832262417,1.0721632480021592,-2.8337909561402954,-0.8725044401127758,0.1893792932002343,-0.3793954138188993,0.1596192655338918,0.655287941073053,0.7415593934075456,0,train
6.6537489087491934,7.605687313271295,8.161586666353932,5.3869624380674335,-1.0049615993854055,-1.033746572677937,-1.9516131456114685,0.1099734567865878,-0.4773997198443928,0.2697294291481301,-0.1430149449665445,-0.1802251425896501,0.4372928392083146,0.0455029811380568,0.3123377423656497,0.960464393212431,-1.1555658415429588,0.2347907377300947,-0.2452817017820905,-0.6530592883072611,-0.5192070795840897,-0.9437420136775608,0.5289681488032121,-0.618914739902171,1,train
5.229447219628856,9.627954805117698,5.56956802871542,3.453703317949129,-0.9216306658348348,1.362843657833308,-0.4034053272104739,0.6273675716078364,0.7448779170423777,-0.4602580325542303,0.127659430932766,1.4264594041892755,2.355487046219251,1.0579956083253828,-3.2171808037694847,1.082208022796204,-2.143345876110525,-0.1530043985424232,-0.2075121382140477,0.971383968083317,1.6379236555435424,-0.1779513663523907,1.8121224725294625,1.0546277020075798,0,train
2.2104954305226356,8.306576192395644,7.766875157385187,7.391699701460057,-1.150594240786203,-2.0054801628132246,-0.8597367678777385,-1.106840702640903,0.9299036731604392,0.4379410103340295,0.4471357089900381,-0.7312055119341756,-0.3239622798290611,1.2668003175322562,-0.9167520492694236,-0.047111085696261,-0.7708129912709377,0.9737726238435176,-0.7132562186591823,-0.0484445341349368,-1.6290401246714652,-0.8755477457353507,-1.8152976003194543,0.9588410385241092,0,train
1.4278894320724125,2.3282135911361537,-2.971469021405292,5.469641286932328,0.1906310614798163,0.8120231405545743,0.124843122368222,0.6345415266269239,-0.0734655744642805,0.9179113697045798,0.4822477991984187,0.063807151903703,1.375060453443795,0.8868962279367071,0.1012320524245977,-0.4021238128029621,-0.9118276080078548,0.4173012971064817,0.8754552458674948,1.252688604262225,0.4752956352996222,-0.5045676910595545,-1.3833029239094718,0.4929897786449189,0,train
4.088260059668024,1.8460326619244227,6.630741806620988,0.8853881212423583,-0.8555984817889125,-1.3404236270054226,-0.3404861108643816,-1.1065415321002965,0.1456562875191311,0.6090488154025702,1.510579290660046,-0.1055294073511792,1.231624805521215,1.222253068027325,-0.9880264416830136,1.2168726206868892,-0.5172980314554815,0.2318730796051843,1.3580724194390297,-0.6340135256445159,-0.2535490088434653,-0.4334493812829016,1.1533417421046972,-1.7396430047730933,0,train
2.804060873978815,3.3418367921400005,2.838873141925977,3.351019175132844,1.3801219298916745,0.243681528477435,-0.0743261386136319,-0.6578700752323443,0.7645150016225998,0.9262921694148596,-1.4723162503735814,1.3798070987541933,0.572181679081061,0.3175968111274673,-0.4065353002750035,-0.1383963300770668,0.2325624264642902,0.261933980378182,-1.4655672832299431,0.6945943743873582,-0.270634181805485,-0.2134262771303684,0.7055337386831457,-1.107690555409397,0,train
4.904118842739192,4.8935930346604595,8.477859493005278,4.544778600827255,1.197319547350992,-0.3924285025211082,-0.8729750960507049,0.0654949744002842,0.2396034434017398,0.1687023228720993,-1.2820772932036673,-1.9487849788842624,1.0275896586745246,0.4789976261763414,-0.5778440701978873,1.3655490186192163,0.6062338431221993,0.2367673224900037,-0.4976705617963219,0.9914862632496938,1.5449860658639192,-0.1705658052427568,-1.3732037176107197,0.8215832466831396,1,train
0.9707001893044502,6.554984153797756,1.6577733081535426,8.093500148039789,1.1479241928741684,-0.7800934753133955,0.1446009646263288,1.161467650650116,-0.9728732666286304,0.2674280152888266,-0.0494319674307989,1.140131318746423,1.7352707665092573,0.4329478328570156,0.8869405839084628,-0.5889227277563245,0.5073184816317703,-0.2645993977114148,1.7821158678535238,0.6414723638597337,-0.3432283766580558,0.8441723709988064,1.1192288802897328,0.2398245078832208,0,train
5.67749327021888,9.248442303599562,2.145000768655745,4.749810128223397,0.6470043634851509,1.6781317295730398,-0.0658942614255475,0.3875113532098059,2.029543044732317,2.446351735393245,-0.3916456778236126,-0.7071450907102511,0.903101569949244,-1.3631209254046457,1.5373236340000034,0.2685265902432311,-0.7229664011157945,2.5102371896856583,-0.1514746688124039,-0.3412454875151844,-0.1501323226345095,0.7975415511677642,1.2043809578375877,-0.0794490682168546,0,train
6.514416104313833,1.9941874937390576,4.886315191033649,10.790660836654844,0.960757365347651,0.1009715828210394,-2.1612586327409393,0.3308248744568936,-1.577451557123455,-1.508731806408168,-0.2748562848620003,-0.3943856413045349,0.5701725054202296,1.0427941322171543,1.5692649280850886,0.2757909191923401,-0.8977410353216568,1.4957153451687388,-0.7545924239605347,1.9594696157841256,0.0342978067522737,0.1218943802765989,-1.1437969035668252,-0.4843987202557828,1,train
7.791809833581341,3.812891115622474,4.372820891084973,6.191354212822887,-0.2674807990520375,-1.0445752254262606,2.154170516623363,-0.1376370154457191,1.4005664072059196,-0.4307468297204446,-2.509065916246165,-0.0979935739301134,0.1074744146142077,0.3760925668297117,0.1408771598705299,-0.162405389109141,-1.2534639912746035,0.0061449238185815,0.87070152896648,0.7627146313041269,1.5209001848651171,0.6117373354283449,-1.253201505433759,0.7616179230676549,1,train
6.17068989998454,9.13864008925796,6.4253068413125565,3.414261776979648,0.2345472852255997,0.0472416242595925,2.156676590252608,0.8428033711206547,2.663202616735838,0.92350598316766,-1.051446197414796,-0.319999095799417,0.8430785581638343,0.023462964226932,-0.231072396018129,0.7324057424514318,-0.148833241029783,-0.8506085851655868,-0.6731429983415568,1.0386946671743638,-1.5693002355414267,-1.9168766278217448,1.6338569560355432,-0.0984481870249588,0,train
6.285446304769279,7.547034138504914,6.70442886916701,1.0357824255180048,0.2906305819589594,-0.7097117015786234,-0.7382009730744185,0.5566644697158831,0.1013371909893741,-1.4983987460178367,-0.594549844519919,-0.756263834030212,-0.0325078936316872,-0.3286762298844283,0.7417145896425245,-0.179911432858925,-0.5427427295653591,0.589735101880019,-0.3564263195535563,0.0996370121058926,-0.6540604734893056,-0.9780285151110611,0.3967772262539366,1.851210281319621,0,train
10.42667522879174,3.305642933983698,5.042866331642752,4.994321763480324,0.3625557691244873,-1.7331174735111403,1.885813427945643,-1.0848162935550991,0.7358001879407164,-0.739310391764745,-2.490736557618657,-1.290256879282136,0.4908220308372435,-2.5816480108889492,-0.2616535111937233,-0.9838147683812386,0.1858787426649159,-0.4421572809448404,-0.5826797026324493,-1.5773400606465424,-0.5248545608123543,-0.0405854281705179,2.960258312076575,0.4685926507753546,0,train
6.486346347009329,2.4847658804145643,3.9210693089007735,8.075247095831038,2.8799010941989747,-1.3909836171410708,1.0238815738297582,-1.154484260003397,-1.3615147457267476,2.1610604675015326,0.3125680021054273,0.2646138701657233,-0.1417757788226928,0.540063330266718,0.6739097865422652,0.3752540990820732,0.776169753282004,0.3592059404493999,-0.1541913654598186,-1.0250010715281672,2.038606465872692,-1.6999602963202136,2.7000233184483955,-0.0221906964896924,0,train
4.832798115388428,7.73084728714386,2.788021545032996,1.9193899356667816,-0.3482289875743677,-1.2087354546458766,0.1948108768483702,0.1026394751841195,2.1693634154968686,-0.3607351396168332,-0.3174095629331702,0.5250767223273992,0.9842324249603772,-0.4370653399001441,0.1210159301045044,1.1636504331125077,1.042460609118713,-0.9281740034539768,-1.9134183380513228,2.86924463197575,0.3295689957740237,0.4589571670253456,-0.4246988840626325,0.9037750478315362,0,train
4.433925312995111,3.7655965262491975,0.5801025834784183,3.6307813559195785,0.5689478223788235,-0.2612904835566277,-0.4460017822761066,-0.616089879416256,0.1041770892537334,-1.2387212695016043,-1.828292488497855,0.9764766721434908,-0.6214090510176958,-1.0524432690002106,-0.193542044202661,-0.4244073600034089,-0.8571800499751516,0.5617455606510622,-0.7792228316996872,0.0725619647352277,0.2049436424225178,-0.744468559951116,0.0392399869489498,1.84169749466982,0,train
10.130996656449156,2.300825642870868,9.496935186519154,4.002568483529679,0.9651585578969936,0.3587600924090841,0.305657721402095,1.0789556593648002,0.4481053929543982,0.1265347797583598,1.950428484620882,0.3460063319629004,1.1742448276047373,-0.6256301142343794,-0.4460428175037499,-0.7494866583307881,-0.5229565332289197,0.2757608597370043,-0.7006334849659157,0.8943956003839373,1.18230594640455,1.066628998672595,0.6053016205270126,0.6966472188651823,1,train
0.07938156856388434,0.44813748502208983,5.001494152469186,3.6852637975076137,-0.3771770425958859,-2.1050998188117167,-1.9864752624912232,-0.3172050582941688,-0.0692956379515071,0.5189505781661192,-0.8523591304814442,-0.7500607148176216,0.5205394699005635,-0.8765189993608016,-1.2832821262377632,0.6649096518627113,0.4161775375069145,-0.3354884894214167,0.05952638623106,-0.9225334470859148,-0.4213276805225891,1.2172217246010972,-1.3775688408464086,-0.4518930527624749,0,train
3.677423653992557,6.645881302331307,9.053027389185551,2.7080713774896785,-1.7558939198721952,1.2751180245734537,0.4862445335572278,-0.2801329923761957,1.677454329550056,-0.3376180666329023,0.1513714540318186,2.52463468883652,-0.3993973710539544,0.6203301164334756,1.284355354481484,1.7154239140605776,0.1299895026887928,0.4425946494459586,-0.7417638618395873,2.441176731520342,-0.5888705406175423,0.8887687551872143,-0.8240435947951099,0.114491776841995,1,train
3.2250274100453917,6.304117574731039,8.048366340044954,3.999543564624712,0.2659714199583875,0.744691144799174,0.0329731103632154,0.1984838470435613,1.5454639395744143,1.4667017355107814,-0.0598043736339366,0.9333149379176356,0.4072750568569711,0.9933952292194698,-0.5892880835058925,-1.3644682402764847,0.0218955719540864,-0.9346254334825668,-1.7889896933398342,0.5300446140826139,-0.5900615512550494,0.231356737988362,0.3952064766143678,-0.0488810965759221,1,train
4.742620910086508,7.860059185199011,7.941426827375057,1.713262976074075,-0.2698046673822686,0.9620705148138156,0.0245057803202323,0.9909074721555396,1.072606444370059,-0.0344765258676824,-1.887691106540986,-0.0041800972396516,1.229162564348593,-1.4185734993375163,1.0225651840789634,-1.043912805205559,0.102484890963157,0.7188923328235786,0.0515190912469748,-1.9693592362582408,-0.0602592557274427,-0.1260791156844664,0.2323175049566175,0.0050822290592156,0,train
0.7861295176034508,7.377668687438684,5.1716875780755,3.2981307849252266,0.1864867508810958,1.4567953077161062,-0.8736696571386271,1.0800912590767546,0.5147575732951943,-0.6615430609421152,0.6983759828780616,-1.8523750728177537,0.9736592811480632,-0.0932039449250055,0.6294433591368293,-0.3079285744729183,1.8599150957520347,0.9742759959241952,0.1827249324331688,0.2798507875959471,-0.4857524177088794,1.0031223424720987,-0.2155889915708092,-0.2773918213517243,0,train
-0.9537207543570385,5.461005278249438,4.444027257261943,-0.9048723379918566,-0.1277815908828873,-0.0146883935748372,-0.1816892931392581,0.4059483874194643,-0.4632389104931485,0.1007915120863582,2.651995220099919,0.829887953597338,-0.037212206551415,0.3397765744386705,-0.6726999063389769,0.7102811105147601,-1.5691650967820494,1.2124695680403732,0.2535152807311845,-0.3906988532109796,0.6168872012033115,-1.9046697437305893,1.9579461449331683,-2.305688417230989,0,train
10.651638461305556,0.26304920458901737,4.9195031575975205,5.820873178186252,1.6354652409034875,0.6899235079188143,0.6901827124765394,-0.98411401955704,-1.3080285520600403,1.1204770982053724,-0.6735247779434806,1.196158818816907,-0.411612221254529,-0.5206233327245354,-1.490052778587854,-1.003050786012218,1.7077697040066169,1.108479603526184,-0.6551026381901127,0.95777846348935,0.7556871017887538,0.1123989855375617,-0.8119013865524433,0.8231000694055417,1,train
8.165143312497408,5.73230387726543,8.204035308186372,8.011972258979355,0.2988859808714496,0.8076306428383484,-0.6593497922748197,-0.280051652592542,-0.0993746144219252,0.9424902634934283,-1.7657907506139674,2.5702676700195957,-0.600247926017228,0.1102342861007398,0.1147003050305598,0.4927926315873226,1.2052058062411353,-0.0853258092409801,0.1789290754579675,2.5725720895757487,-1.140214283946759,0.2887794548703671,0.958864047023891,-0.0113958052217591,1,train
11.84103953109112,9.987124053455448,6.015289631484839,5.813720371868876,-0.6020276145228098,1.2849965462300876,0.1465073410422575,0.6706282125965926,-0.2943386746517301,0.809343485324315,1.0764903465684144,-0.4299432429301761,2.63718570399722,-0.0436855426416373,-0.7008567702948515,0.5998541283366227,-0.2222231578352561,-1.1219269550622972,1.0496357179103324,0.6744522626875239,-0.1884967982732449,1.586628548351956,-0.8654811535691623,-1.8602441174102713,1,train
6.696455551437419,7.879394560539507,1.7468293850266234,4.168239895683174,1.2516916412774166,-1.8619498196826585,1.0558207226374663,-1.4088274102419818,1.1291503131437244,-0.3570844446272694,1.1262189094343062,-1.7689042803564,2.383054772732162,-0.8481643419317854,1.569596705204818,-1.2460330884702673,1.5109105096084685,-0.0568360511402685,0.1923098956007144,0.1136919437816073,1.2895277492505577,1.5901828280588677,0.021616089923437,0.884719390757206,0,train
5.0366431287099225,11.274594007039925,3.8308625815841655,5.2475521449797835,-0.5478230074511089,1.3722394773385973,-0.650770367754976,0.4644347282478474,-0.4607580945708162,0.7003143838335976,0.9525718349050388,0.5626650181956866,0.3553115576348771,0.5494689536214177,-1.327476613260938,-0.6798594085825671,1.1285173725546935,-0.0762459948393695,-0.8245710241058952,-0.7113259935058943,-0.2745755246279448,2.0730059604532673,-2.022142921017145,-0.7388288898426774,1,train
0.32259031962740425,2.8937172418590036,5.925932045966759,5.976021043875278,0.2774097054487918,-0.2276766259257415,0.5904854438411585,0.9351261044408008,-1.2709360022805696,-0.3213280523751877,-0.2682838036252282,-0.9055030311723844,0.1387055975367424,-1.0554253121449813,-0.0269672728483321,-2.5972274528244648,0.5724093201435244,-0.2132742979818426,1.401293418060984,-0.037168566281156,0.6632328160411203,-0.6114760077585002,0.0844234951650244,-1.4996177958910253,0,train
6.062272670051362,9.835183318363692,6.162246254151405,3.4574917595728616,0.8360493375798375,-0.8227144879835666,0.946503481490328,-0.8848204750750069,-0.8391594412730538,0.1088330702941017,-0.8617103795909142,0.968301626491782,0.1059542680091748,-0.8280143064741761,-0.0623883375598822,-1.9138933298263836,-0.9633223866480038,2.180203783280149,-1.8474990972551903,-0.6054156064550004,-1.0158130364354865,-0.954488004051165,0.3495308118917835,1.525419493447337,0,train
8.180649025026893,4.524397925254963,8.38660437171859,4.500382208211222,0.4887430033310785,-0.1209822328658049,-0.3377652114476639,1.288477887373283,-0.018030834144518,0.0609834486083846,0.6043301540710548,1.597453832779951,1.0564502109710414,0.393260315494467,1.733240080213496,-1.1916340789598594,-0.6399747577283141,1.659192954706407,0.3999244104490216,1.6977721188732708,-0.8075526192619741,0.4180476147072602,-0.8853597333583882,-0.5572810946242168,1,train
4.902372621681989,7.311764612320031,3.7597659173722753,7.264760643744394,1.3417839750961058,-0.555749667968503,-1.2137900474835197,-0.3895629522259403,-1.4757926594918234,1.423679458898972,0.4789708613156117,-0.6024571482545705,0.4122241496593197,-1.0389428269424574,-0.3643694413954186,-1.0375574161822183,-1.3842604488960837,1.9053967734964563,1.2907395454895267,-0.3890215480040226,0.5940432677453231,-1.1990130816014075,0.8393338210877559,2.2423426979875227,1,train
-0.26126259365850857,4.738782592279805,6.817436844186501,9.502179600398811,-0.1966410435449055,1.0533025735367632,-0.0989830036711307,-0.5972371113130717,-0.3362823598298052,0.7393100473049762,-0.4170449538641043,0.222099980397118,-0.9843651055496352,-1.325996955364085,0.0604887630664721,0.0289626279154895,-0.932870461714092,-1.7465715796864545,-1.1119026953580016,0.8848711171149412,-0.1820133200439853,-0.0212329603371387,-0.1665638629635903,0.5071612407555548,0,train
4.242177527562216,1.3702845694348291,0.7124640658903502,5.905366034416126,0.0870328103933081,1.2919559470271096,0.0936217610712153,0.4992958832476427,0.1938381567980322,-0.8837293915838205,-0.6026932313640393,-0.6180327352438847,0.7744860473941794,2.6632083958569175,-0.7320606234912986,1.318885798047125,-1.5786216168868592,-1.143720527069793,1.4914666876535625,-0.7863956352755865,1.2953280509726064,0.0728508393473254,1.763019981714917,-0.2170546051830358,0,train
1.811141731553575,1.8793847409972848,4.816654281750867,2.2624486156783337,0.7665452761038011,0.4003824121350462,-1.0930553247248258,-0.7986830432340253,-2.055482856584513,0.6427340427550515,0.6119124056413265,-0.5994981047059512,0.4083501126873307,-0.4895015173173652,0.9992222813762036,-0.3744280539026993,0.098356827505759,-1.714399547215156,2.019097457305167,0.0928394570465209,-0.0503932729033965,-0.7087065415686781,0.2615067908525272,0.086919857534688,0,train
6.096509706496788,-1.2059852093197323,0.47356469019591646,-0.7704911773569199,0.7073139355517709,-1.3436421116764423,-1.2273767825844832,-0.7138871005373286,-1.2549811276603782,-0.566819088672725,1.0517441230611055,0.7736843971739132,-0.2495593354616311,-0.7047069030786133,0.7397360316484559,0.1956119523819659,-0.214987045846626,0.4455147883257753,-0.1761174149904318,-0.3590812553975606,0.3161102285036342,0.5939439620606636,-0.3473120526763518,0.2017381479057458,0,train
4.477738474825629,3.913605750005819,4.694517356048316,-0.8547866925884688,-0.4846444300100687,0.363171981021257,-1.1187702688643424,0.5238445404821083,1.3231144098291263,0.4930986142061696,0.6972570315115452,-0.4312126049031826,0.7554114262787875,0.5831721231474966,0.7991021930051126,1.4879283516907422,-1.7988378105677048,1.9342087906302643,-0.1179947704445408,0.7861807544579203,0.4059611899308639,0.6215600318272443,0.7421412772420555,0.0321708988585784,0,train
3.442942597680001,10.523458696542274,6.926620830774491,8.686489831400694,-0.9723310952963574,1.9190781833505892,-0.8507697668127072,-0.8733431274846003,-0.3724097307097453,-0.6865650244210666,0.5874932071821323,-0.1975919940694917,-1.5485149545008954,-0.7696757767133652,-1.080820585558433,-2.3939928992858155,-1.516765123119296,-0.4939824450406493,0.9690636787290048,1.1400221422107142,0.6101645812758572,0.5414572231321098,-0.827147404182446,-1.5386746746931357,1,train
0.6727922588021134,8.028150991071062,4.329616136670356,2.9119127472334982,0.5091818566940822,-0.437101633575005,-2.102917651451077,1.6733187992445622,0.2487293266899398,0.5488010648347276,-1.2902215707757367,-0.2176396373302068,0.1013196798947493,1.3895398562477992,-1.1733345314786965,0.3033835399617903,-0.2362739114019832,-0.2676417467622537,-0.0470399458394164,0.948711097146802,-0.0623336127262219,-0.8798887134944103,-0.4772621304753758,-2.318531344983301,0,train
6.996573126148602,0.718376112498271,3.0869849276057604,7.459739495370959,-0.4427835269364308,0.1971588502344434,2.5088032648323257,1.0098280566389983,-0.5096821760934884,0.9685573220239776,-0.1754912390095574,-0.871026030195111,1.7518104093842075,-2.3443503570950033,0.2120173790560488,-0.5420236099952463,-0.3283038497910618,-2.347963261618571,-0.1142125871964813,0.0312311679774976,1.0952761543881209,2.245518463357538,-0.9633640168199532,2.019429342683097,0,train
9.14702051861837,3.9810846144373615,3.0044022284894067,2.4981872371403977,1.3335458712264114,-0.6702593055801213,0.8688150106164388,-2.2621876711231077,0.7130942445636448,0.4072566935603988,-0.0200896993098693,-1.1101271394024042,-1.001848819390714,-0.1345675649215836,-0.6105620737666323,0.4016871557971189,0.4344315967587192,1.1841029986110327,0.0023921116925644,-1.365383357443287,-1.2408106859613277,-1.5516374119288894,0.6108161068825141,0.1811822937143622,0,train
1.9156622068981273,4.843856644505396,8.037256565296103,8.637706067929424,1.4383077991419475,0.0097505427216529,-1.4439863936201085,-1.6326896240950957,0.2875804935679873,2.1626506389770093,0.2300922172870159,1.2504219661733391,-1.2255131868729592,0.4557653582107335,-1.6115126038418253,0.0959386010070726,-0.6789564813573876,0.3515375221608815,-0.4470202670702639,-1.2441551520249527,1.0794024363419172,0.0724583656021061,0.734677332495215,-0.255244497130569,0,train
8.55259646975774,3.4337311856094552,5.295304510986142,7.796426637273956,-0.739950096278745,2.1937515729738015,-1.6407732852116217,-2.449187002078035,-1.998540005939707,0.7823241297490208,2.141521476898788,-1.411059307691103,0.6544161862199219,-0.3413576615428316,-1.602375105060828,-0.1606136642885982,-0.5272592847362176,-0.2465962850467068,0.7122892821652167,0.1858156661258849,-1.3698035901988568,-0.5517300696196409,-0.6860126380230571,0.1413136284300796,1,train
7.007732240137219,2.1216701711874166,7.748311266439241,-0.7055364760591223,1.4397656404955466,0.2433187055738259,2.5159837304237755,0.1872767246002467,-0.2830878174638035,0.4143583218891549,0.5894182931292867,1.456483096358702,0.6670583115246347,0.5293746441504944,-0.082591824586989,0.7471729407270745,0.2480874736533091,2.265479756193442,-0.3489691422633058,2.1849178223187606,-0.9164551417211082,0.3112529379362126,-1.2735645504053856,-1.763096713818652,0,train
0.5698081069736185,7.267224909044415,1.771532916385807,7.189008919025359,0.705738886642426,-0.6363232990678293,-0.3832869378579597,2.155104963090486,0.7861767790940646,-1.0609349902431382,-0.4810047282098942,0.905523183170572,0.3542385625820932,0.3785358564532728,-0.6931763044476331,0.7032211517088653,0.0482475364211616,1.351722953379597,0.490321552991969,-0.5138890376892657,-0.3975809712496381,-0.4541784583799264,-0.2031281456226423,0.6828137666130231,0,train
5.066639765786057,3.1888652515182407,4.862821240365838,4.466365993702509,-1.584751564735419,-0.982968308910522,2.5074223649671357,0.7141381524085918,-0.4484776206030225,0.1086021153695914,1.2464466950969573,0.4489063461279226,0.8173794286310562,-1.030125452352383,-0.0554409277218075,-0.2849251080822812,1.7554885610590278,1.1249388113766117,-0.4517503862293248,-0.1848317089185789,0.7441229350697208,0.3698764316398578,1.3754642374196668,-0.5521613863492647,1,train
4.308384788940634,4.940643741077492,7.544261385083853,8.197687369808577,0.899314221230116,-0.5520343964765142,0.4011243956226379,0.1316069908392072,1.7073563434138053,1.0307014166411694,1.381872225459703,0.6923536489150193,0.5965864935587835,0.25423294337566,-1.095098470097303,0.0637246730520502,2.1157364588156984,0.4243959237869156,-2.2121628640089153,-0.2930110442515276,0.5310573870166676,-0.2566325742910919,1.7863307739975285,0.3263421554639273,0,train
9.017163122775719,7.131583250149899,10.142720887441731,6.979389648307252,-2.2599409249890563,0.0389256933977813,1.1649300426939482,-0.1170780887453193,0.1267742328282335,0.3823362806110721,-0.9631709662624728,0.4879001906594948,1.2468212542186163,1.5171426552651277,1.6243039266878607,-0.8733288698956574,-0.604112828936804,-0.3933398428083138,-0.4407748459731296,-0.8438617637112975,0.6171531005827257,-1.2083353419309175,0.9188049203788808,-0.25024981473909,1,train
9.706406061343039,-1.0060538296996586,5.04791119355102,2.1096239990110806,-0.8208933319205948,0.23593435055261,-0.045245594546886,1.0702888397057828,-1.8360675076893576,-0.0358035991463809,-0.1265312402294867,0.0288630483060534,-1.1679273944772437,0.6976873009944876,0.4787527928833789,-2.1281652537756477,-0.3258753483304533,0.1304453479927735,0.6140004601685443,-0.7187636928437336,1.0242978212410656,0.1552846529771427,0.8711954918842234,-0.5226042606399498,0,train
5.184953268642099,3.695601777799709,0.7129299044259978,6.5337325069053955,0.8260997132693918,0.245912296496834,-0.3584194641582947,0.1516888300181534,-2.0719569507768623,-0.48516055807506,0.9894292574203444,-1.187961438130403,-2.052517696770671,-0.7927961114728189,-1.4703433932803591,-0.2584100785822685,1.301888271449415,-1.1264868754879265,0.3992389119932104,1.7815820018877149,-0.6115714116150055,0.4266062515981828,-0.5996367956620835,0.859156314060882,0,train
5.442527701319081,4.205669423328501,0.08696354043922641,5.1126262651164,-0.1803454188505665,-0.0737736392762567,0.1392656770411612,0.4980128170118857,0.5223456518691437,0.2793164493068353,-1.2755503225645894,-1.0506300898658985,-0.1259133525361631,0.8269842349490656,-1.4937477054682602,-0.6373126795522841,-0.8247539835799703,-0.4776740502655024,0.4184445523539294,-0.5269498342777351,0.5489055022343379,1.3533522537043274,0.7176260121882309,-1.2459574985615909,0,train
-0.5263781413081385,0.8909818377281652,0.1675762188260339,9.272079587675467,-0.2214459294689415,-0.904430049549142,-1.050400551396916,-0.3549644656887398,-1.775164638373022,0.1869932707402585,0.5159170954817326,-0.2545954156093006,0.6700474196775182,-1.7512534917838036,1.4401079672986326,-1.4767981087402386,-1.26549899690576,0.4266699240647156,-1.190906328551431,-0.0535068889583824,-1.0680375401760347,-1.3306098214617037,-0.2519932895522237,-0.1730645968356278,0,train
7.23063452509864,6.538665835404902,5.552085099426932,-0.7677967238596983,-0.9019476021308316,-0.2708092399903101,0.5942365403252934,-0.94433643858078,-0.1591873576550298,-1.532380015401691,1.0158155034286749,-1.6202623190999472,-0.4963144204836804,-0.1143249528952048,-0.05333122780053,-2.2709167549916205,0.4632732102533062,-1.451175475747874,-0.2956533134515862,-0.8544927084646255,0.2660288720580001,0.069957710414049,-0.225262027807892,-1.1829992279185195,0,train
5.269107040838215,4.506500479793693,-0.35886725852539614,2.5138204710206553,0.8986531211722615,-1.3391329309489652,1.0084025551875082,0.9086728247755947,0.6067971172898451,0.319476503202304,1.0821861356813678,0.9267057153357284,-0.8114019094006156,0.5268931580262257,-0.9394978036901028,-0.2000317864092486,0.7525782200847851,0.7071402108100212,0.1778911464285074,-0.2525149614848914,-0.4872199194078447,0.8957898836163952,-0.804621727816778,-1.1359858457575098,0,train
2.783836878555454,2.9996716398705767,8.176085492653701,5.37320698540967,-0.1495640712948189,0.7531673470727901,-0.8222839052168267,-0.7250504852000964,0.1669163933775066,-0.5544567041721521,1.6001949967216251,-0.2598301171515672,-1.995660070977667,1.9163131586611852,-2.1357735096391255,1.208998882036472,-0.3273379045928235,0.0369267501544202,1.176797365971643,0.1398161740531918,1.0055484761648343,-0.0039006776329588,-0.5820111690673062,1.1100956568027187,0,train
4.555868083610736,8.983349625879699,2.8214828226078033,0.9308646952790649,-1.2391249539967215,0.3405843356073395,1.1143485695141784,-1.10182175853509,1.1084897996126315,1.2903425749536783,-0.5469003755183893,0.2447459420779794,-0.8403197723571072,-0.5607139362839662,2.5009205002558885,-1.12190060993622,1.3653763603103222,0.8683341382171447,0.3053083550896339,1.6567259888415895,-0.0119731336680353,-0.015723210217014,1.637612480087399,0.1936965289692421,0,train
2.8542278325972013,4.710326164227231,1.3769061356095564,3.2937931902577082,-1.2308155336085116,-1.0140081001801184,0.6065767562283219,-0.5593709996984156,1.2453746887210484,-2.0501299788887546,0.3958472008943492,2.1366478060247016,-0.3806120838098095,-0.3178645523223294,0.214706656174617,0.2616445301137414,-1.1245650867676888,1.4320955884636606,0.4011376378625008,1.0419030557377498,-1.0148887065282737,-0.1994222678660869,0.9428406423360404,0.910905561873091,0,train
7.032322586039414,8.846086937570023,1.0652879854903365,4.590923293854932,-0.3544674784833774,1.2579945363893197,0.0132554123732262,-0.7793785348537919,-2.222578333870091,0.3398980481532181,-0.8544902966565764,-0.0947422455085444,0.3694632589275535,-0.6907528316253055,-2.023004515731178,-1.786569170186093,0.6688001085170306,0.726183483947189,-0.554437387557009,1.0351977626161106,-0.3341290423808659,-0.4550573719952994,-0.460541354025919,1.009904518773657,0,train
9.183426875971147,1.610209226821023,8.850310652367597,7.283523841108167,0.878601359551023,-2.113035383345218,-0.6001996755532657,-1.8526804362670264,-0.7122069624178081,-0.2536395192085643,0.5316840762410272,-1.4813239382591743,0.8204598786487503,0.5825301246936738,-0.7964913307053888,-0.7480908138063084,-0.0706871554393042,-0.3308625677948191,1.1487292052575342,-0.9484425445952084,0.1567510688027266,0.1829508824895544,-0.0142731481797711,0.7008356202281549,0,train
8.021635097277162,4.448015312636533,9.677983353940602,5.26948887912265,-1.5569319018455374,1.5958288768328026,1.665840107191986,-0.631661265304983,-1.120924532039193,-0.609352660888108,1.400946146921312,0.707895749555195,0.9277786313886196,2.0285858774042493,-0.9619802196752372,-1.5379532276263246,0.3292470619262299,-2.740696188692724,1.7987253485605237,-0.0226421690642355,-0.1992362015719883,-1.080506367723208,-0.2669815563904489,-0.472830989006156,1,train
4.178448934878652,4.162930694479952,4.872018095731975,-0.46495795055680855,0.4195616740467019,-0.0955551871416226,0.4795202855745886,0.2085521940616708,0.4703190762292398,0.0448149185416032,0.8902711569551688,-0.8192295665627424,-0.7987046816599548,-2.3600068421095,-1.0142452221616527,-0.9957264896937308,2.1466907545127554,1.0201859209288788,-0.2419107000597767,0.0148280433580809,-0.1035580363793132,0.2756511412518307,2.195251985529614,-2.3154435196061933,0,train
3.525126746479269,6.3605770563946145,9.182865947935358,2.155102562541453,-0.7850952896435273,-0.2417040133153049,1.768189194318579,-1.6831387782897178,-1.354039006117748,0.3908347637374382,-0.7496874186269279,-0.5356251766669697,-0.6715667934842847,0.2698762557222076,-1.505170940584251,-0.1385284428704544,-0.9633499503701564,1.011483536380279,1.060533007843706,0.3559463893262312,0.2812360619001541,-0.0443556060702051,1.9912897354917511,1.026267396968095,0,train
9.751094184930198,9.03184228108751,3.6243552875342546,7.2116960693275605,-1.151130079206244,0.0350294606341983,1.232011613584896,-0.6527454510178184,-0.7405379275654628,1.996221608127683,1.8065509094778232,-0.6829354713462081,0.772480650838506,0.2192632150779345,-1.3638114235747636,1.4761861592989276,-1.433017330170156,-0.8900885081394355,2.215030754490834,-0.2173791486124891,0.7794202271199998,0.8420260555747674,-0.2037865865308472,0.7032600916300732,1,train
5.391111824985686,7.046646346430717,-0.8689478449599799,0.7293709664838809,-1.3430151194378033,0.1012115537713762,-1.186325156417951,-1.1421325732746492,1.6056266094942298,-1.0862403476319769,-2.183036710125363,1.59692018230343,0.2163415845484326,-0.5244649575473512,1.77452151173178,-0.3743115930802149,1.5946903062756337,0.6809707883091122,0.418885067205209,-1.2723773665140872,-0.6308664846243015,-2.1114313787546006,0.3297290107543779,-0.5916390993247542,0,train
5.880147606897741,1.3112872042141697,7.036629251888793,3.654955516588646,0.1764708831024946,0.0835660266590907,2.336710013394308,-0.2443748595368113,1.121412732502696,-0.00170247603532,1.4567430530958,-0.1622038514287262,0.606057546256112,0.1011067228241282,0.6206902222097918,-0.3947363044146671,-0.8643946726238035,-1.0426580555650469,0.7157303160761964,1.7189943414680378,-0.367358223842274,0.6383050255305116,0.5582640667939641,-0.1026384751120946,0,train
6.84393515354098,6.445260501664491,2.4349496767121654,4.865909433870346,-0.1442261191652754,0.8606478151971169,-0.399469469070416,0.8457634890106307,-0.2250593156072113,1.1514458310529705,-0.1433435223148036,-0.3266852272524013,-0.3132444540855325,1.3168138250507944,1.292216147592839,0.2036475176419472,-1.5737580783508014,1.0986641457950048,-1.3509754611404428,-1.1597705049072558,-0.2481590953818249,-1.6675932450221718,-0.9857892458389212,1.4084471846603048,0,train
9.428657677694407,5.28141471229669,2.237507221460547,5.226844174200849,0.9036209568026978,-0.949260789932828,0.7719391679432959,-1.7092857621121635,-0.2326699350334195,-2.2004715487428244,1.451575842432404,0.6291190268770239,0.4470103029377813,-0.778370966987254,-1.2200591338195057,0.1106903155503141,0.4331665769143222,1.2692917646962911,-0.7295104171429638,0.7015427983817679,1.6316821620651307,2.1830262811462062,-3.433566185757059,-1.184719733546335,0,train
4.471267615277955,5.139114223796203,11.074119528081095,1.9535169974092366,-0.42639027095775,-0.0243388373102944,-0.1109100130529927,0.852758384301433,0.279548997620822,-0.8545357254983903,-0.2701739992819731,-1.3237992825240656,0.1195174321685236,-0.2891967081448739,-1.162327432168105,0.4831211944820928,0.2347208905164797,0.3732232022390509,-0.3705649829957889,-0.187332993419091,1.4397108662223852,-1.4968267655469425,0.429277367979871,-0.2578416120834141,0,train
9.032218545197585,7.659775972086655,2.063079997559761,0.3987849462493678,0.273668359924231,1.68583151717381,0.195377108950047,-1.873650893911425,-0.9545568135964476,1.3106394291489474,-0.5852487549295042,-0.9395102697146828,-1.5068457735147134,-0.4613535668261452,-0.1796831525855815,-0.0181423020682377,0.4304291305001549,-0.5234339124569579,-1.9614160850555329,1.7820541757977335,0.735205072530459,-0.5897957894276272,0.6082583849147588,0.1680437535644316,0,train
9.874897747092854,4.991984844053675,8.348448672053578,7.7862862355107785,-0.997320632337451,-0.4602537654389475,-1.022814944896449,-0.0566024698107632,1.562197668147104,0.2466185653748845,-2.1325320046194816,0.1330852681922286,-0.7884764137212897,-0.1928960225405544,-1.4014679060020898,0.0458894787556667,-0.3638578469769087,-1.589179762257377,0.1166697718672311,0.2858691752992962,0.6969265356774992,-0.4465958886597338,0.1948324979680506,-0.689463792832261,0,train
1.266322734919879,0.6284535227393868,7.356470160850873,7.247858731081812,-1.059028503604836,0.2511582852933173,0.6491447053694256,2.058571534041914,0.3044214149323396,-0.1294109126959209,-1.822436158863017,-1.4258007131998385,-1.628633332769261,-0.4729881569216613,0.3709195439292867,0.8017881410993584,0.7599046498241636,-0.5762097138192362,0.2375168556855304,-0.3531262040689396,-0.0842956002244361,1.070344876915741,-0.2902485515865669,0.78035941519052,0,train
9.95140581290816,3.4564936630308503,6.655149764090275,5.871652592638675,-0.0149080788876951,-0.3931015581546633,0.691142630275413,0.5686723688994911,-0.9236403558227836,0.3790571514473959,-0.4468438388824343,-0.0130184529872763,0.3986277131385725,0.3066079573529492,-1.1896980963219843,1.507186825344373,0.0359679068121635,-0.9681587275466198,0.7297037194320838,-0.4260487149495324,-0.152630199003615,-0.1992016572286064,-0.1605335002538378,-1.082197570834533,1,train
2.476619020277364,5.985594966309078,-0.09904329342608921,6.033683780284242,0.275967877731632,-0.6624328661383715,-0.2736150248401306,-0.7909429503042156,0.4072977751168666,0.1172425094934857,-0.7033504985700895,-0.5478903652609939,-1.1586841576783584,-0.0870089181400697,-2.214365795525122,-0.7451501594362218,-0.7462353844734393,0.3768051851427348,-0.1117878733732363,-0.9757814683258164,-1.607004827210544,0.0463245117261923,0.1914681058815647,-1.0468328192193856,0,train
6.174718303735105,8.351650535195024,7.311165423727352,5.778856762872858,1.88022238122354,1.25610878809561,1.522163272613111,-0.7789438602703597,0.8031359062252754,-0.984544308217522,0.3566049155058253,2.0591275286841597,2.243583429066711,-2.5247752985032266,0.8330836134786046,-0.2559130683826675,0.7747108061499473,-0.9192965699389012,-0.3007423818200779,0.2789489617723193,-1.7956585595034391,1.1143890959293328,0.2809508747331259,-1.03799032555459,1,train
2.55221302753525,7.345311769059286,5.217391648393324,8.088764228966312,0.0523269421109495,0.7746993247924451,0.5947752969086236,0.1481154614978643,0.2513725421357243,-0.2069324070679944,-2.0040482758858182,1.847370514353598,-0.116855154770179,0.2713238375127715,-1.184800553656617,-0.4166847027481103,0.9244393653231584,-0.1329334532543031,-2.4797983138715667,0.2261168358922448,-0.1261083052967234,0.2446835607889155,0.3669213707014182,1.8035117977140909,0,train
1.8599738602240439,7.282582900145229,11.146414160674311,3.6283520430903153,-0.8034825953020858,0.0348395224940162,-1.99983207369393,-0.1147866422460769,-0.2942134698046346,0.6370575246512858,0.7380906294925362,-0.004068964367339,0.958010987677579,0.159198926153335,-0.6228446807762301,-0.5153243145246613,-0.8378199674942202,-1.7579208219887763,0.1766658019325171,-0.6254261440483544,-1.2669981668665606,-0.4425132744138531,-0.6349118970432802,1.8460296089743595,0,train
5.983108188875505,9.089793767437895,0.6280388518319082,4.691404131969239,-0.2788056989503591,-0.290195475294697,0.5392398495479199,0.8538282464917475,1.3143351057770254,0.0490929824014325,-0.9361323672131124,0.2587099002444271,0.014551196513135,0.1849924854846524,-1.3789845225233903,-1.2805477064405395,0.2738492231360541,0.1302542894540261,-1.3631182987718022,0.5283260888111883,-0.5893158114645884,0.6627823289970061,-0.731301677709032,-0.905045754142281,0,train
-0.11995821248949612,1.5949850282863152,5.836221859719265,4.717418504092564,-0.9177157421000968,-1.7059050942638092,0.305523770212352,-0.0389030353095256,-0.4432725576188485,-0.5091789851606984,1.3181894369489149,-0.606307591205954,-1.249726299050569,-0.4424710535032711,0.7749331126356772,0.8875118674423552,-1.1979620132891595,0.4860297505802922,-0.2769537964441975,0.2319105006477223,0.5380683085196859,-0.4126904095360402,-0.5147925980970738,-2.1268133283293316,0,train
3.818007173245989,8.099964244820859,7.973370900179485,5.795479988550275,-0.7517833934158722,0.7465275445606897,0.2875940500759421,1.4575924428918583,-0.350701393323003,-0.8588586195362763,-0.7942830160468607,0.9200417980614548,-0.0479950124256578,0.5358230906443152,0.2573103767575735,-0.1237845324316598,0.3148390305218554,-0.1995135744768093,0.8603407038654926,0.9414030462665868,-0.0515087512468746,-0.4428727850344167,-0.1277069483926391,0.9347654839783311,1,train
3.624348062145339,3.295896367216588,8.622162259377617,7.440413931515519,-1.3774156335544072,1.295202341316131,1.119431720937086,-2.168145754598368,-0.1318014353703561,0.9456401764151188,0.2479137465613405,0.6941903900657652,1.143599109246469,1.7199461074764546,-0.0154098337514772,-0.7631016369158884,0.3484535540198618,-0.15293122941175,-1.416024227909379,-0.5388152379204555,-0.9981670678774784,-1.751208160534635,-0.907438847317205,-0.3859636622752043,0,train
4.4854887580383815,6.267730315305537,5.8169595426391965,8.744930149848457,0.7907323580784189,-1.4807593305394582,1.0206499187782232,-1.2117976398370007,-0.4289407985300806,0.6468811017794474,-1.157170054116545,0.9703035411031816,-0.996784992776342,-0.5276261146289223,2.2667503426895403,0.829850651840878,1.0352027676327262,0.6281778442752066,-1.3384376597690613,-0.5629782603301334,-0.4281841977032214,-0.3794282411777309,0.6455237064438688,-1.825716990852965,1,train
2.2429616843843254,3.1567236430387724,8.290417050772685,2.0579109007790115,-0.1970030506904961,0.7575407629402799,-0.0652714009526843,0.9411902765129948,-0.6658533202189949,0.4801230887493254,-1.120723971490787,-0.3444196878919865,-0.2849898740961935,0.3509553292250836,-2.7569381837421387,-1.400811298487634,-1.5382484031612802,0.7459311092600619,-0.317526136134405,-0.9808418317507906,-0.5204089978785704,2.3146549400548495,1.6826064440662358,0.5000496653499603,0,train
0.034215300448849684,2.2274891358820255,1.1369052742105692,9.257593616209663,0.3338483518032584,-0.191767655517176,-0.3599924638276897,0.0595231952284571,0.8185599746781979,0.8763063031132409,-0.8945865042956731,0.2153003525920109,0.9191934004023145,-1.12389172896558,-0.558710754291598,-1.2481389156096698,0.1073609474594234,-0.6455783374752554,0.2267509567103256,1.681273364989156,-0.2826551241765714,1.2571572001410838,-1.5863572935020425,0.9734833444236664,0,train
1.6857957258645069,3.675759776952913,8.739386605368368,7.09661750137767,-1.7525165414210475,1.5154633289825905,0.5929800185081887,0.969353637542901,-0.6293757917642236,0.7721760340753219,0.0945815453160106,-0.8465586875866321,0.7060725724909355,-0.9058146530644176,-0.4177253940616705,-0.0428104700151676,0.566407491082422,0.2083956974506107,-1.966972022466439,-0.5985956594359231,-1.2352701728198296,-1.343801716573473,0.5165430468166158,1.0467033091735505,0,train
10.464006792751999,6.051538561850028,2.9279462480673626,3.1473024569396326,1.175296064548934,0.1627358431539364,0.9191618703966709,-0.4468684223660619,1.4539507460868042,-0.7441784468369301,0.3892007655575305,-0.2559258998732257,-0.4299017278217587,0.6874054000099208,-1.027419397609329,-1.054005692361981,0.3728802567508745,0.0195075108059588,2.223443564093219,1.0930477076488625,-1.4512498734547676,0.5474595139924135,0.4482972758232419,0.801302593243081,0,train
1.7183751267465477,0.45348873251769173,10.5509782483231,0.5022865316661145,-0.4472905978894232,0.1365050554188899,-0.1890484317990443,-0.8482873583458699,-0.5232107661227833,0.3606982491074935,0.7917810198379683,-1.7182873964395269,1.182915065926848,0.1777404250897312,-0.1411470008983383,0.5864494074480955,0.1351080534242189,1.355497117978247,-0.9642200454803916,-0.2879644997930052,0.6214080332937568,1.0353864083023994,-1.3124118059788377,1.1781723901061305,0,train
0.7686645118596052,6.78167910836744,9.194811704625195,8.545764488217287,-1.081143352513819,-1.109124889301492,-1.5259830716729554,-1.262142913533744,0.7339630523903032,-0.076202762979897,-0.88023310784027,-1.3596039656242955,0.2502531701977001,0.4815320893435596,-0.441329702237198,-0.5336547465215151,-0.5075988716967073,1.1863050403236453,-1.0072685752651918,0.6298968662472955,-0.1202124636099959,-1.2305366608911643,0.1963913254026627,-0.6213819990932703,0,train
2.8605146091769154,2.8981127456790032,2.013250737693552,4.411380942895102,0.3633443402647415,0.751801378215312,-0.531020187213044,0.087894428165364,-1.0551225372669166,1.2279240902477284,0.7227035579157176,-0.4838895484753683,-0.4174715019539573,1.0056688288312503,-0.6333936481709251,-0.9461907731132784,2.0330567514518383,0.0446333546573464,-1.809888815661751,-0.3149668356450878,-0.539710398766352,-1.0898288670201968,1.619693847404252,2.4934133886983627,0,train
7.462417107026408,5.4441655359520436,8.649338465202757,7.268421408138739,-1.6249036944025923,1.2773383450116649,-0.0783915797574823,0.3598789700807293,0.2660181431237657,0.7811148241343095,-0.4874084904086428,-0.5699229561791511,0.3429340045390874,1.850988750464732,0.1416125344572415,-1.0942005659493934,-1.7339663536392589,-0.9473053397629936,-1.0504845012713868,-2.3768844726976273,-0.0591946480026905,-1.8221121253844816,-1.367745804249645,0.0700168947770292,1,train
2.2453043777226083,10.11639569702107,6.170913619210355,9.087964132280813,0.6907477534045532,1.7161290252466272,0.348458637122683,-0.5771946200498465,0.7544179638104033,0.4388996131575716,0.7603983442460961,-0.4016375496458079,0.5814656676932652,-0.9011522247542286,-1.0954013349160665,-0.983457060125526,-0.6513303783217228,0.7429159890495566,-0.9036639013487464,-0.8375869288881714,0.9506362781386248,1.1986006905285702,-0.5058317547980764,-1.7494225158706218,1,train
7.839448456424846,2.742381729990974,10.118427683735433,8.900884984087202,1.2276460175651889,0.9576485538338724,0.7059624264114479,-0.1711152955057304,-0.6048929468377968,-0.8437153943101229,-0.9249622202357168,0.2464882469133432,-0.4626002734139076,0.1164979545313455,0.057734194309877,0.1614584314421613,0.8758700665303967,1.0003516019092105,-0.1440467275146746,0.3082400241713669,0.4034783429076463,0.788675880751902,0.3807725971695413,-0.0631993310754175,1,train
5.344826684689483,4.272193316446935,4.904674920809217,8.235000427844438,-1.315624819310349,-1.2556849991329273,-0.6267417280405774,0.5119974180853462,0.3750189635090865,-0.3480411769426362,0.3680708540412716,0.4030490513718254,0.9746509190002438,0.4777547933304344,-0.1320769631495018,-0.4432637151387457,-0.2820648825570906,-0.9489646423127192,-0.0295643191031968,-0.9519558520403408,-0.7720662140507949,0.1174257897577253,-0.2191274198193537,-0.8004234414344903,1,train
0.09688526210168957,7.241132727957919,2.9729606354666576,3.082535507774718,-2.282590932459419,0.0180297015964619,0.607985865212301,-0.4308763852068516,1.1713866771664674,-0.2339299022405088,1.1364684591019816,1.6829940762315472,0.1564355389476217,1.0685788636381026,1.1427693271595538,-1.128973507830224,1.4553974134774414,0.7023948098426721,-1.1992577587353153,1.6499569430176642,0.4782482857444229,-1.5019199655616031,0.3589708034849706,-0.4194939083825912,0,train
5.056136876623078,7.282751122424654,8.862165296033147,5.546132904903352,0.110054902151154,0.1515158113796858,1.4365112453081714,1.2208318557201907,0.4514021692262275,0.4480318103379009,-0.6531102801048473,0.4400718196752153,-0.8634416225755709,-1.9717326393053851,-1.3788521635251765,-1.2363871969418012,0.1846700950566672,-2.1254179343175044,-0.6924773085139863,-0.2843530376677549,0.4627781912077577,0.1947164770489836,-0.7155066065762996,0.1751205127475542,1,train
4.992561187153671,7.765358053124769,3.254405189116042,8.460140263306634,-0.1143007152161296,1.0839398643986813,0.3407145493595063,0.3760301004840958,0.2657026321187975,-1.2533182413587187,-1.0749879719844295,-0.0100124133797282,0.882723826455374,-1.476053065654814,-0.4554207114371851,-0.9047128655963078,-0.7090813728366879,-1.1581170462339243,0.2776971343880999,-0.5311662457040836,-0.325864663748631,0.5225802004728902,-0.583979322463759,-0.178825999553567,1,train
11.277249388465444,6.879374244592815,8.194899452520396,1.8510801882998842,-0.134075231505278,0.5496313828885301,-1.983718712754946,-1.0973461255514505,0.3904444713240823,0.2662318740813371,-0.615375431280552,1.4129456198686017,1.7355872767169984,-0.9201960259281916,-0.3178632152888271,0.7299479551132031,-1.6766727446625194,-1.843151663241073,2.679446068435712,-0.5090029685936893,0.3717910963649704,1.2492150187129167,-1.270787812306026,0.829529181822874,0,train
-0.2324174031536832,0.3882254218697916,3.8850662118849133,6.164109290068937,-0.9870797364760502,2.6034874246728337,0.3161537354566373,1.7277958881556732,0.5522414238444827,-2.6370419768389226,1.486235396938055,-0.0693551603299713,-0.0881515469131796,1.035659870934816,1.2256896449043042,0.4938095373367422,-1.189404182920974,0.0916974120822698,-0.4912436435723973,0.7440713367049268,2.366604635090538,0.2275830590442462,-1.2663811950056183,-0.1346122203378502,0,train
4.544145306992829,-0.5094818782906956,5.61449947345956,1.2298275014284865,1.650308239493883,0.4916765938328561,0.1280329009725918,2.1189284837970455,-1.4462821391891287,-1.3771917457911174,1.0824740155694328,-1.7029923471801816,0.292662907321245,-0.2851641740667321,-1.1899593599373846,0.0432980454850287,-0.4944724588918128,0.4680273404288851,-1.0106207743002389,-0.5745353938039797,-0.6188411429568871,-0.0084228211692962,-2.440678875835739,1.0765319491821022,0,train
6.095085216438584,8.553798880472485,4.000693684714057,0.8917417983102822,0.5861205702820251,-0.0369535462350682,0.6041308603797667,-1.053291935347215,-1.8482212821070227,2.065811843301608,0.7905834236941265,-0.7575801670147977,0.9854239157329664,-0.1182884760351455,-1.2745002258259002,1.4521437092025684,0.6283629090266487,1.8127930333644124,0.2911001388026914,0.8374931296047621,2.7041087416430543,0.4666870212765712,1.1279985947520348,0.8810582745648806,0,train
5.741700054730054,9.710438563065361,5.565177515590921,5.763525774510346,-1.770014630444514,-0.7410857138299187,0.5669792536496806,-0.3786037633971155,-0.1593918112508965,-1.5638197673971626,1.4362594811556766,-0.0987383697953915,-0.2174677164161204,-0.6750377459153467,1.0722592234057868,-2.1501945885442364,0.3938021384640039,0.9214674320618296,0.57311522610064,-1.9559317738443431,-1.1358136370834313,0.5863836192514191,1.1681810221740925,0.4110321755678093,1,train
1.4528007405540393,1.51583332091934,2.9051285255880366,5.895066227803729,-0.834204458804062,-0.0363242653064319,-1.3219841324133228,0.0824903264946617,0.6874452639786538,0.0056882858417717,0.4376943656699562,-1.264821621060865,-0.1657184297872927,-1.175703840374495,0.2243505631333584,0.4623425998649273,0.5198977477007796,0.1160638614553754,0.8853314708401773,-1.2242693181917148,-0.7012511599302718,-0.1514589431883212,-1.9951753618005097,1.2691506149957228,0,train
1.4349544274278037,6.279840072520564,6.639058550517201,1.5473069998391948,0.2556718379954308,0.5845913794052167,0.0399761583004385,1.6735972514338309,0.8700938630782901,1.2765456720504584,-0.8475235456964942,0.1603004833780844,0.5467091965405373,-1.2208833713733604,0.715749637097849,-0.9800188415903498,0.364956497282268,0.3053517743809307,0.89077040807078,1.223084690441393,0.0105307435186961,0.084270173226276,-1.4138438199578256,2.346589538856022,0,train
7.970666730692463,6.994095187073653,5.773678640407762,1.5678578589106993,-0.2443888861198731,1.2684529606000612,-1.7719384692091336,-0.7275293321485841,1.3546724370602434,-0.0434984444087708,0.2157387743372419,-0.6884066652106773,0.2936309470568781,0.5299307057342093,-0.9172948310906388,0.9195404490305472,0.9131897977366112,-0.0338373026104793,1.190854800765077,-1.217053112073754,0.778200284479597,0.0939411128455312,1.8331281365635776,-0.5169598799711722,1,train
5.834180420246195,1.2102916356463294,3.515144209498848,0.8810125046586761,-0.4876816692280637,-0.97577400466602,-0.6265913906235216,-1.30109622459738,1.224814851637695,1.409464316772514,-0.1649888268966079,-0.0229365711030364,-0.0084122966605396,1.17629970922578,-1.054971194016591,-1.8163732164164816,-2.7326470291188065,-0.5363626077758674,0.1427230924587705,1.1362164189161903,-0.2385729942983009,-1.3633126336657413,0.008179303665256,-0.8453714830323049,0,train
1.09604184165291,3.817968678432487,5.862868394131249,6.428652947046052,-0.8827509888065725,-1.3966087976619883,-0.2569613189737569,0.7122479471778036,0.230148605795753,-0.3109090106872111,-1.6100845138459756,1.4559922053195864,0.4265991669916559,1.1494673522222874,-0.7821686210464802,0.931536297634924,-0.3022499996576778,-0.4903765241866661,-0.1303508471236495,-0.7242809569122354,-0.3801800033223758,-1.1407911551356853,-0.2130439358174233,-1.3173735590102489,0,train
0.6280310632344426,9.428152742968173,8.298318547196558,1.1179342201524136,-1.5742085417002851,2.1452435447486473,0.482639534194907,0.6575601476377207,-0.9542755555601368,0.1624181124922771,-1.135092104471399,-0.6698178124784478,1.172671942841641,0.797716259825372,0.3840364818281009,0.4499931570743555,-0.0922674765236489,-0.4322750053445553,0.6220556356938559,-0.3135135018656962,-1.621275246055586,1.1709679954345666,-1.4698919339540395,0.1422483518826547,0,train
1.8307563526572757,11.35294479734129,2.0032974350975703,1.4109437641390992,-0.1380052397092093,-0.7175378948174043,0.2290766861609133,-1.933431004724084,-1.9828416840414096,-0.2221070660783407,-1.1214727186115436,0.8616156304162388,0.2111446600519614,0.1749271643781983,-0.6501168998353254,-0.0296683525657754,0.9238608288610022,0.0444623128123719,-0.3146109345792712,-0.7116556387622991,-1.7429757314990812,-0.8676796250354333,0.1962825251583389,-2.6057338728787376,0,train
8.671661532739321,7.080271021019043,5.874743947191378,2.2059817221059697,0.1044706450249126,0.3660228580345619,0.0760286091018191,-0.2122494492170959,-0.2895525566148461,-0.1291913047903085,-0.9512832974760824,-0.7639387312168175,-0.5006391345916719,1.4893776862100527,1.511048234118308,-2.122900305565115,0.5136882625228212,-1.143989833342008,0.6184421450217387,-0.4302198984398789,-0.5711007553675711,0.5017848004037232,-1.4686240561214194,0.0301322587219488,0,train
7.6476470739224816,1.7306748086703478,2.6594415917602507,4.165331248534566,-0.2754554841326131,-1.9595017242537816,0.4264033368456012,1.061483476427772,0.994522999924048,2.474617633610326,-0.6338704714525856,-0.0795829227805474,0.5519676658661063,1.181343895814625,-0.8729557693136664,-0.3987843815372248,-1.2176317145144873,-0.3562619817247084,1.1992235979655816,0.8486260927979693,0.6301029204765973,-1.496977265114632,-0.0586223043831288,0.8452719660754306,0,train
5.538006643002938,8.140200959844085,2.802911180649564,8.654701551703674,-0.0958438410083721,0.2835124492574226,-2.3052150002728684,0.4289137872778769,0.094210146466639,0.0712513995565995,1.0074924218520205,-1.2062235111402435,1.5161342400215954,2.30226374953016,-1.5373157970099067,0.5714425695848382,-0.8152579534332038,1.108186946715635,1.9885916209464811,0.1915423064540853,-1.1372322559505326,0.0918817511257132,1.117182280402579,-0.8686976634162822,1,train
2.4364456367079277,8.083960581706059,9.42452164508064,1.2264909621320932,2.334830185766168,-0.4932862640576217,-1.0339728488455997,-2.616964251593537,0.5953015582150951,0.0113116998479506,1.7870128370760767,0.1732852623180021,0.1744243505970859,-1.0835674398363004,-0.4716384017837007,0.1176887767529281,-0.4879718791149928,1.1503477302596257,0.642621043556145,0.7079778118729949,-0.0631906538367394,0.8591217561816488,-0.7421606041308264,0.8836780729128098,1,train
6.757868186693113,5.628829197734254,1.2967499242924907,3.7400020653344397,-0.0429576362967773,0.4755152038267178,0.696321155941322,0.1423912849883808,-0.6840854566538943,-0.0299845965394141,0.4381342065600269,0.0429237780441224,-0.5842954042396818,0.347932313410009,-0.4321453443223227,1.0227015696271822,-0.0077590835964254,0.6330258721292401,-0.6044748745218277,-1.2666600362676437,1.3175107842699794,-0.7750577391589705,-0.2055841409825444,0.204457042471809,0,train
-0.06288455348987498,9.974497142640791,0.1677048361061647,6.315167155804809,0.4223147826020764,-0.1336672393806818,-0.9789766030905682,-0.6652638455583887,1.8648668962825243,-0.2232321891883269,0.0355145591696365,0.7253088627464689,-0.6949484204701568,-0.5938926026291416,0.1549660145871621,0.2399721108744922,0.4635358639286176,-0.8814415509704943,-0.3792105023794511,1.8679260511391709,0.5712332415118316,0.6050578172281252,0.0099653628528171,0.6553419382969183,0,train
3.0170917588184465,0.013871088800138431,4.648389741578668,2.880043470827406,-0.2487934904450125,-0.0368297235169737,-0.1706992081429034,-1.2549663411107452,0.6553429564055628,-2.4446440416080626,-0.3019290461950188,0.2653042908643231,0.3926477596970374,0.9026436001110576,-0.6312527001358333,1.4507520006025976,-0.3792325825368938,0.7217475004551603,-2.231039401931139,-0.0302121807971643,-2.0853425553052447,-0.1977529447526922,-0.4705318380229191,-0.2717326049407285,0,train
7.809937379748222,7.205189998769818,6.99376232616439,2.3979627454447368,-1.0557832815387551,-0.2345789351987471,-0.7993862213755779,0.0727188256917148,2.2613279216041153,1.5766660971944546,0.1470752750356093,1.1808201334029909,-0.7084117505544648,-0.4975874293878609,-1.7045158119437291,2.1462728248755387,0.1762241286817092,0.1223010648710043,-1.353659019908888,-0.2767961813648396,-0.1700344814961013,1.044229334704038,1.3169082025712062,0.0819903536494697,0,train
1.0433030952038453,7.358281872735929,7.302620165031141,2.189884198821955,3.0107321725295595,-0.9480567034758284,-0.718968601907632,-1.0834869219556973,0.0040073784509034,0.5918417517906677,1.4361096119367875,-0.7233410286263604,-0.7162229230317819,-1.0514141970625772,0.911559337037334,0.2784123006141163,0.424562797401994,0.1479248874207796,0.3807226233578941,-0.90047695198227,1.3449111289808302,-1.4589223447113593,0.1804240990241575,0.997057377542786,0,train
4.075878454542638,2.406640060241734,10.201213011343325,5.711749910244232,-0.4303816950949773,-0.6621062184969535,1.9435714655483929,-0.3616724351149633,-0.3244858703550546,0.9642228065685338,-0.0009577999387312,-0.0022322021139807,-1.433113457521022,-1.250413568662428,-0.184506506554578,-1.1168506140514836,0.1279314352813582,1.9122356602724344,0.3737954451710044,0.259101677504024,0.8067881598554667,0.8836721284496477,1.0278078314444914,1.8998588002942849,0,train
6.434421585779591,8.138466369719184,4.498209481789951,10.023080359779025,-0.4736368888695413,0.7411009350286909,-0.5382232951096966,1.0237909353983985,0.1682656514936016,0.3075560160046212,-0.3261079476586297,-0.5761352467093084,-0.0711271807376704,1.0468761965665148,-2.476531705364194,-0.2223481909037315,-1.1778539964182606,2.028962537777774,0.6986184817236336,-0.5104912982219763,0.554484987745047,-0.4779371949619657,-0.6697262666264245,0.0818004751958481,1,train
7.6974508545195315,10.084211252530778,6.041891805380848,3.126955781362132,0.1205210527369305,-0.6059079382977693,0.169485088856961,-0.2917741607788439,0.5197644457606068,-0.354811289333758,-1.045882471002716,0.974924749050062,1.0084107378662746,0.2587646744590396,-2.0856745964984675,0.1556260641423757,-0.7832947402126372,-0.6951543081474606,-0.6031859905332518,-1.4330349926574146,1.0425031131423643,1.329628883572595,1.2602144317957946,0.075540616223093,1,train
5.320559266041508,3.7252111968034747,2.8000951418135873,1.4621953714578861,0.4143605257845544,-0.9523297492211276,0.4001759924129406,-0.1447312348373201,1.590975409022454,0.1594997300435564,-0.9879441958168476,-0.8112657577079486,0.6141152041290309,0.4738815013384312,-2.4099416791999473,-0.0992884768890317,-0.0717324263712244,-2.0672426507032537,0.2683850325731082,1.00979894614968,-1.2503803728320608,-1.7285644257760284,0.1188838916471732,1.3951150394667786,0,train
4.88432046134681,5.759311591785429,9.965494425621273,7.0210517961660575,-2.0015600797057456,1.5286288296974546,-0.1023658753477062,-1.155624182628424,-0.8178301411087785,1.3140524253633332,0.355220833761924,-0.4140524341102012,0.6724754393553931,0.520000250496293,-1.618974719750764,0.2047048367152002,0.1786601127947004,-1.2463320101895894,-2.5038210665698295,-0.9186474013137514,0.936506476240642,-0.183144307531621,1.2139117423895307,1.131086275022444,0,train
3.7283392058438265,8.479827616331644,6.352228796122087,9.89306895968794,0.141411993943877,0.6238881112071822,0.0895758856087583,-0.747483485573974,1.213037800795119,0.8824424742275757,0.631246213023807,2.198923687434066,0.0397693450837412,0.9832328983338352,0.5806763763671567,0.4236012459886182,2.013657740349662,0.6095970902907994,0.453026145398799,1.6311895120095978,0.8024521896161665,-1.5481371719846524,2.1600983531021796,0.5963864406875602,0,train
11.947839357804309,3.474640328593756,6.225513467424701,2.435820310921298,-1.8577900704341264,-1.181223021188836,-0.9580140897116431,0.4075566393658237,1.8621493226504504,0.3503699485097804,1.9995170891935696,-0.8436008107532044,0.2966600332271837,0.5296358201785278,-0.8254285060891258,-1.7793115512547524,0.7596718214869534,-1.5065413434341222,0.0952241602191343,2.34560620969072,0.078271369452959,0.2535497903741778,2.9691677045109452,2.2427459151605733,0,train
7.4343182835034325,4.142640245928525,2.5614256496547685,0.9358074307754486,-0.1059799898752595,1.5398597040882258,-0.3361438605483955,-1.6707818051935026,-0.8482647046167023,1.2165603519231774,-2.584689678260252,-1.3531396697663187,0.6323482352680863,0.3345258566595079,-0.6712091142281218,-1.8718970962081671,-0.7853670216121539,1.8912371027600787,1.008205062743326,-1.700730522893792,-1.4691583768633254,-0.787296380294667,-0.2891102103575416,-0.1853752379987989,0,train
9.867551150439741,9.40966272680698,10.08907585110076,5.638026806581701,0.8942793217720298,-0.8232944192406826,-0.3004072288886731,-0.8073964522489916,-0.0775014223359139,0.4435683422116366,-0.7047213630928125,0.4740783329567394,0.980113216197752,-0.1738812674877252,0.4560468857900561,-1.2052984485550955,0.6750317248524648,0.605317336433923,-1.9904517168499312,0.8361811914024013,0.3129971241925985,0.7881878308025668,-1.449678329503726,2.13845306740636,1,train
3.024290164352287,2.3507467203809163,7.692799846454931,5.351633857352275,-0.7080350745336327,1.6850557520781215,0.2823042710481188,-2.086842459170114,0.7102396603650456,0.4703231864648092,-1.6660211389750197,-0.7811195202871876,0.0681439726157136,0.8679743472360881,-1.0738541975231513,0.7139813810283373,-1.0783355464237594,-0.5256702569066589,1.495558660856652,-0.391966039027207,1.1132063109915231,-0.1608349546013697,2.9821558889049737,-0.2231637838234672,0,train
3.1990628094484936,0.0652651542939261,10.099939820910043,4.338474130019709,1.5137922075975538,0.2225815485442263,-1.0388172356429075,-0.757295985315853,0.3843239983364526,-1.488986823744778,-0.6443284333427126,0.3295764053819759,0.5274452197143662,-1.6638157887497438,-0.012172190584358,-0.3344144395449652,-1.3416671236809168,0.1909818471231361,-1.1918395536296071,-0.8244922070720889,0.2691974707437049,-0.8427737244969281,0.3711547966024238,0.766683833718419,0,train
9.29218602093021,5.093975038531039,1.8507483698525418,4.940923271990536,-0.8134030189808206,-0.3039659776235784,-0.3267299707276728,0.3541650685691438,1.061615189396511,-0.2458173888878966,1.5591109375659329,-0.887418765465594,2.240621397641549,-1.1487277666767803,-0.4671815362279147,0.6575873810614654,0.55325641669375,-1.2673202095015503,0.9930367208560889,-1.999401685352602,-1.6657049380683442,0.1829453333768804,-1.6713324147447497,-1.2855235766627202,0,train
2.2627387017741607,0.00837884431842506,1.3368994987868945,2.9787282444722742,2.401154556675113,1.2362796561610745,0.1255688299698057,-0.4719904918216214,-1.5593790942164802,-0.7096649945233815,0.000603693356106,0.1465349609000769,1.713954716325488,-0.6304139423279012,-0.3362574829004898,-0.5929412457887013,1.5133530513234013,0.8619247019405761,-0.8441049446355229,-0.8626442570706891,1.1598483966594628,0.8267676923867265,-0.0908921219941826,-0.9175562185084236,0,train
7.434319547207008,4.237797375557307,5.682079930506097,4.8837407744125425,-2.6501703199221827,-0.0568553444941284,-0.3986559253394063,0.729085834174907,1.354803104416529,0.2516466395241807,0.1774723744802775,0.0107413189168145,-1.044659588626257,0.0744191750501782,-0.0947920498670673,-0.1633537623840995,1.2147074277527938,-1.0597906910136226,-1.5584558040408325,1.186925329775192,-1.5975936344089616,-0.4049219503987595,-0.364394152392727,0.6643111013242828,0,train
6.196298755746031,9.7676415848221,1.2788225377093922,2.693337237573836,0.0859413557265205,-0.3694889812121812,-1.4470867494244632,-0.5538557085437636,-0.144993338956634,-0.2184480508964399,-1.4907590817579155,-0.45915994027288,0.5105145390345275,-0.6695125955255188,-0.8102493183688473,1.5768046974317274,-0.6987956572986372,-1.8078591052761248,0.4759090087527574,-0.6629193933420263,-1.371163086060892,-0.0604380165776552,0.5435932229267014,-0.6991842952000873,0,train
4.135777845296691,-1.335725008650624,2.8114523364958055,4.606589845549079,0.1234937120817185,-0.8165993931078729,0.0290447714628304,0.4060797888012077,0.7394229582726687,-0.7240037641700131,-0.3621840706306513,0.284296776669749,-0.2150524310140665,0.6441163695890534,0.578070270665118,0.0725751245711536,0.1654574362973026,0.8882955724196754,0.2759011245054911,-1.0601040508528408,-0.378642243645643,0.7447337582219182,1.2840128139017262,-0.1462848386884628,0,train
6.252770558281039,1.4425772310241423,3.5029357084859387,5.782151638616169,-1.1296873618861234,-0.6714731757281107,-0.2636604345455388,0.6923939438711687,1.2494020529812158,-0.8380083787368626,-0.9343651572643704,1.0363023728530187,-0.8613985872225757,0.4807092246643267,0.6540984881206988,0.7769046491105397,1.4321947689026444,1.007184266727968,-0.0806426385791707,1.3270503156209894,0.3932416276287372,-1.136997135336753,1.1993899410251576,-1.0902831088432166,0,train
0.5689095274052465,2.5178054286267026,1.6010569371270051,5.33294053494265,0.0935135870120089,0.0149490394856585,-0.7101130258305807,-0.5859021992661096,0.4311134356933612,-1.0191746132659372,1.7858725228493053,0.3246503977700956,0.4324839541524223,-0.1424988923279761,-0.408639907352601,-0.9903021092865556,0.9998223072471916,0.946040117912462,0.7099108301388904,0.1565346366691073,1.7067292292411085,-0.3227784871922226,0.7240135490134311,0.733938048278198,0,train
2.0223030792216514,8.278627526297093,9.437642086489033,8.657085172518299,0.6779006666386689,0.2124605161053698,-0.4199054804688318,1.6281632910581405,0.3807367852896162,0.6212878062728927,-0.5052183616370152,0.1383561449008171,0.8853353926632984,0.0730911956614492,-0.7173636116055366,1.283723345580917,0.0407378401465807,0.9672228184880878,-0.9421479820642246,0.9594452423635098,-1.0282711230574375,0.3806479390813726,-0.609138183978635,-0.5670916684569708,1,train
6.347635821847659,6.851606496260805,5.288045619736971,1.654484468931861,0.545492561784424,1.8007191220934695,-0.5279742844836127,-0.5060105308750422,0.0840397397953898,0.0368122764205625,1.581196606166866,-1.320808604344688,-0.5456502054319217,-1.6184225695073833,-0.2831872030135163,0.4096164273506364,-0.762259258938635,1.6200662385305713,0.3241236998093006,-0.7941376285518561,1.0076707925677146,0.5881088437555921,-0.3832872796333234,-1.54151939376965,0,train
5.8213305032312785,7.473320587039169,8.600118224832915,3.986838160096909,0.8835280182752615,-1.202987487418202,0.6717502688067861,0.5042209269801994,0.9698079263529932,-0.3201978420476348,-1.7516047364682947,-1.8160613212919297,-1.987113440290449,0.4789459391246358,0.0748985306174004,-0.1026707968519963,-0.2178905060134442,-0.726937488826603,0.303207128205726,0.6659914524239341,-0.4228238400967668,1.207154103998169,-0.3135079976146879,-2.0532895428916977,1,train
6.812407135173893,4.989272494939759,2.8220128249709866,7.221786698932828,0.5615277120217977,-0.4239555498327272,0.3787654385888431,-0.2600158343463212,0.6378624138833039,1.534050080913653,-0.2467365001794699,1.4559138753479433,-1.8447648237856389,0.6013343909116349,-1.9471611485324216,-0.7765465477945188,-0.5934435412088621,1.683046087349379,-0.8025870976867592,0.372910390061354,-0.0282567350266771,0.2894987758718307,-2.0605836512105333,1.2053488171817586,1,train
3.6321745116320465,1.2140765916966538,5.711377973523939,7.342333620278193,-0.3517556318061429,0.4270858145063782,2.188699659283795,-0.5837490439049599,-1.2252165845541487,0.7685289682380402,0.9285573231845372,-0.2425562607831608,-0.0721456622246574,-0.1448196924836338,-0.5298672703970057,1.004608466371816,0.918333601743438,-0.3171954982852921,2.272760965842611,1.3446300461862144,-1.1031924564123845,-0.8716506456027856,-0.0408794671936656,2.2303792474906956,0,train
-1.1110795125103408,5.36440317906274,2.3350654083165345,4.347139032575883,-0.4018327711001081,-0.4278410940926815,-1.1466367415813583,1.3306355839463788,-0.0654007482554167,-0.9685397545140084,-0.1513419664341068,0.620443297612655,-0.2073642204709159,-0.0007399271975664,-0.6338000892203515,0.1516651751545447,1.4490927547509111,-0.8656449899838589,-1.50592429118979,-0.5038903220999682,-0.2196805925488574,1.3908535528741812,0.8515535820709773,0.361058811206122,0,train
3.4680346942081846,8.266589304108344,-1.0697164908591366,4.871028117942927,1.343932112219061,-0.2116648591158338,-0.2788175927940191,0.7647098712402718,0.304460771694254,0.2971316392477177,-0.2732110001722264,1.1165863582750444,-0.0519082309438307,0.7085780159148071,-0.438496232854764,0.7589087793179724,0.2027926331605844,-0.0649589285690978,-1.168392419018134,-1.0116604381101135,0.051594672150747,2.940834702242025,0.2338408441601903,2.465152262981343,0,train
5.410683071886261,-0.7343578696032822,11.645587005025003,4.667253187162589,0.3659064048272617,-1.3053017146372992,-0.6873200338188469,-0.7920228618763776,-2.0217007330506567,-1.0577276002380704,0.736893280588575,-0.8827127671958784,1.4896302426034076,0.6512786649343605,0.2279885109316003,1.8729014756150877,0.2579355777510935,0.479036188424368,0.2825842024729214,-0.5350457008330363,2.3489873195811537,-1.9923483817521324,1.0152010386430463,-1.029896515179078,0,train
9.332514025266608,9.408415089432992,5.5357774415031855,7.68172428939334,1.4747952642107458,0.2167263437717547,-0.3945048542964607,0.4037847443538864,0.5536997528832992,0.550776619137663,-0.55527378059011,-0.2129061427350734,-0.1452032823755976,0.5180862947897759,1.2133929171431928,-2.6716491273036014,-2.027403377171758,-1.4151721351945328,0.975858063678798,-1.0573870826917262,-1.128699894634027,-0.5910204694889629,-1.4698540888551537,-0.0358468396353399,1,train
9.454670442408892,7.148436924757972,1.8234354102065518,1.4530961160267104,0.8750540812433261,-0.1216585474034429,1.3592169297842052,-1.7304644417394088,-0.8797229463819843,0.1861203770853429,-0.4020998285765714,1.858561402289944,0.247188246417983,1.9846072357158495,1.5811180948944314,-0.6735635302345387,1.286140703280798,-1.2206127862840517,1.1108664004496729,-0.5349905068024112,1.248897840927473,-1.309882115024276,1.0106579627740977,-0.1820849415688684,0,train
-0.3429536158543247,5.184542446960602,6.675692794186344,3.8075295182143263,0.6468771302061778,0.5750665789705665,1.1997767703986282,-0.934619215964568,0.1283561931406323,1.0574130050540236,1.8414986677528424,1.6766049702456567,0.2023407196850231,-0.6081433952004456,-0.7311292162974468,0.2246196323184168,-0.5649402766892648,-0.2135070434743371,-0.8511786818410105,-0.8742525769537978,0.0788430462535078,0.0986718464934138,0.891905113898961,-0.9097889757921956,0,train
4.093333908505453,4.00115438977722,2.1418028822640003,6.19870812169534,-2.0816180923003063,0.986599436065598,1.1141586949362956,-0.9919894624152344,0.2075541385204147,1.7696986370929564,-1.070657187768064,1.7985975582730118,-2.330825486953452,0.1742456249697513,0.843389561023376,-0.2869672833289216,-0.9590695201167644,-0.3166495007780957,-0.7662992980709813,0.0337003391521353,0.8788828504377042,-1.3604076443562654,0.1822631347936188,0.0652082743108678,0,train
6.524031744749916,0.8349180729437838,3.3052476901302166,6.632141763006449,-1.1070948023215377,0.8387112491144646,-0.0379081125111423,-1.5344949621628994,0.2229381675259975,0.9260471210355736,-0.3536333844718552,-0.8567763762560964,1.1792986708854338,0.2972952011524121,0.3128647460304592,0.1519533448319259,-1.1374308823071502,-2.130725571877694,-0.0971319981830131,-1.3536490847311142,-1.890382826504562,0.8633990602770797,1.0708790549763385,1.3658496765099508,0,train
6.805889220091095,6.476172459135544,2.171610378030601,8.461246518504991,1.8532670768174555,0.0585101937483192,-1.0860904104921405,0.126438981110956,-0.4049392493623607,1.0339720586787813,-0.1213379096293736,-1.2835891587932868,-0.4540726175353443,1.4717158885781052,-0.2122363575704359,-1.418437846110105,0.5888562398895787,0.0309404314894467,-0.04497296697531,-0.7952910256605029,-1.401230072764146,-0.1408880801107713,1.71975860788454,0.659126706720537,1,train
8.579827236763998,3.282482737573305,10.32411728062047,7.258606426293789,1.0087769250496623,0.0501356785878833,0.7110824289868246,1.4293573293458708,0.0049183596929637,0.5303831664924944,0.5284456366680075,-1.0233487052895442,-0.3353123372905132,0.5428712799964659,1.47287600327115,-0.6953999484108618,-0.6071968245434618,0.717409975033138,-0.2382271331683874,-0.1081683670408073,-0.0859047409538751,0.2682192216283631,0.0213999165146841,-0.2665647389624207,1,train
4.395117727018796,9.019698390531426,5.039372902410347,2.9557038006475613,-1.5791292377482853,1.221087788805197,0.350199165021812,0.0322006323491812,-0.9334337493737792,0.024999335884549,-1.2590172699056932,-0.2363543048251466,0.0683544203488738,-0.8733412698774812,-0.4137249620553067,-1.4951781223850462,0.6810836667139726,-1.1174194123538144,1.126510054158472,-1.4203180772033337,-0.7954011602621092,-1.477868152900071,-1.0575292835951011,-1.2220892050412142,0,train
7.640055157923328,5.441549481859416,6.938870907200831,2.803222544877635,1.4151478418014525,0.2206794853890699,0.1641139711929085,-0.5535793632724845,-0.4630854286693414,-0.102999990902468,-0.3902364950604582,-0.285552884750494,2.048276294287654,-0.4384362598633626,-0.605289642846203,-1.0443772672046043,-0.4893564216084387,1.1897543239076294,0.2535844302127189,-0.8035307625191923,1.750777037415596,0.2267545570265506,-0.0601670416251352,0.3519386464891828,1,train
7.030839334594297,6.715788608178197,4.256442936704383,7.248039030514157,0.5519964924047948,-0.6930687397069448,0.712362543995615,-1.051723843911378,-1.3829215077319803,-1.4460503300937986,0.1552329610913465,-0.6368512620376422,1.4912199381788689,-0.3402150800684128,1.132108624347269,1.0960007243039054,0.642599497046635,0.461641027045197,-0.8419470158006511,-0.8747597716605233,0.3777334855345998,-0.0166998371615206,-0.1934311702666169,-1.0818736759097227,1,train
1.54064529451033,8.38525845448839,4.4493995742837615,0.7155489406503115,0.3967291200955286,-0.0512966151765833,-1.074528936994258,-0.6440412355931849,0.377110960797778,1.5715058963478667,-0.2810167318198155,1.761376573513732,0.6291084868142569,1.689870402488957,-0.042110466228716,0.7561435002729096,0.7222776438353872,1.8277656855865632,-2.098775450659355,-1.405162944284509,0.7396935940124518,0.779468405529581,1.368307807961612,-0.0461333958985259,0,train
9.101401617918683,4.7844142125407325,9.330602499739534,0.3257294280399041,-0.2515876211252281,0.2817540471590989,-1.6073813631704617,1.616967632535695,1.052573373625494,0.3697034355152758,-0.5732083272819529,0.6844305783231757,-1.2646751450067577,-0.0340072086437704,-2.286137188861704,-0.1368659034854698,0.0239469422750245,-0.3045041864732786,0.5578236541655668,-0.267793060518637,1.9318999804442143,0.7614191326881826,1.022344103786926,0.5821668071401185,0,train
10.84026395141035,1.0567738803443718,9.936671925194464,3.604371885065084,0.0115915610623187,0.6926055233468071,-0.4508894324100573,0.5443679061701502,-0.5104223497673217,0.8380660058386463,0.2327747671589003,-1.1048981273788343,2.664220784599456,-0.0826066456339937,1.9211720969124668,1.1013910809777328,0.9576136763414032,1.4911336058412543,-0.1494400024928084,-0.8651133067299406,0.5482105835641427,0.6106433442785184,0.7874290333120909,-0.4565827969311991,0,train
5.538432947743333,5.737810610254395,8.54860184682095,9.734216779299915,-0.6362347278538565,0.2150536736826123,-0.2766716244045484,-0.1262275610070398,-0.5993578307010484,-0.8028677770777921,1.563862629575224,-0.6793605689193316,0.646138134659515,1.6880463330053734,-1.5675183681577038,0.2226184385294484,0.1642045438526443,-1.1019236682959783,-1.304570604950369,-0.5858733500895559,-0.0221652647964535,1.1054393061275427,1.6979141457400686,1.7159067834830006,1,train
6.3206733663827,0.2900193313569308,8.54311352807274,0.02761545760649553,1.7458422190914211,-0.973802869980757,0.910434994363875,-0.5634709059576942,-0.977385580229551,-1.4206497595180938,-0.0243566527020597,0.8231855389570572,0.008802668042136,-1.046350958870682,1.4604182865641977,-1.5106855584740635,0.2032991788393036,0.4585137187592623,-0.3296951311706849,0.8935923293334106,-1.2135173659648983,0.6962761071080388,0.2482137958878032,0.0261892309386768,0,train
6.044199979150239,7.877032963780811,8.597145629132886,4.576195847783632,-1.9813961226980037,-2.1166880733923015,1.3790730731890897,-0.14395687290862,-0.4467731524844714,1.0903607170231613,-1.07697649910682,-0.6244205554096076,-1.0372109512976675,-0.6189222474338186,-0.2098889128543875,0.124053653381163,-0.3390997477059843,0.2458207699774219,1.7940450399486338,-0.2832563432738867,-0.0385875778457002,-0.0097263023989002,-0.08163022781999,0.4611282644394309,1,train
6.296310660280529,8.897419071770067,9.913399909503624,3.2214057548049166,-1.8882400869351488,0.2022638019905604,-0.9171084176307412,-0.9558033264538256,-0.8658548233535421,-1.661730944391524,-1.0108440439269697,-0.4233172948916868,-0.0896039338100544,-0.4503990610207504,-0.8066768595265392,-0.0924747791510249,0.816947978208957,-0.3387935210580127,0.4002759682246047,-0.0069626303727858,-0.285082469600013,1.0260712720302358,1.4690887825241394,-1.1011051735329818,1,train
4.709507291065355,8.338189935537258,8.45308904367291,3.8599601852788337,-1.8912554364435468,1.374962734985066,0.3226727353021598,0.701621987989175,-0.2675216651824652,-2.146584435638584,0.5864312846050682,-0.8313138231847648,-0.0194318139383223,-2.0499178416657817,-2.4810866717283364,-0.1245038770178325,-0.8536587355130061,-1.3920346155346468,-0.9134369601025562,-0.3205698857821748,-0.422655145056366,0.179614603071934,0.9233386860842036,-1.2222176674286584,1,train
3.1248385838027515,1.1852866652004426,4.388041916187168,5.874346574206257,0.9248703357795476,-1.153294469630836,2.097465483661122,-0.4444704319490467,-0.7482057983228491,1.558929712530919,-0.5474955142036902,0.35640658206703,0.3807791571683303,-1.1989246533274038,-1.2618550276058689,0.4198023651285768,0.9042747998679016,1.8551424756380912,0.7480802917469966,0.5150175560042016,-0.3263538418700755,0.4738310277716534,-0.5643425648672866,1.2787560773889417,0,train
7.406589312923434,1.3930960770686571,2.2844009218855525,10.468565410885374,-0.7025818128852223,-0.3780377435529793,0.5253116575232604,1.1471596202892909,-0.0514928463998294,-0.4326430131641183,1.2879226136153434,0.0949013209317505,-0.5777395340433398,-0.9547961949876216,1.5524160356194832,-1.0312173009927,1.1615125893480245,-2.446188692702642,-0.4031641838311864,1.6802978546136822,0.4942271519941111,0.0902649385228639,0.4043240596806868,-0.0620967964381514,0,train
4.526190559529971,8.511796153619153,8.369268474300771,2.5804944573865893,-0.9392252906629112,-1.6128658603319457,1.209045208126985,-1.4406764023486982,-2.042932568097461,-0.2209730037740657,1.6427670937383438,0.0508034526291329,-2.0652834009287067,-1.0068598386169774,-0.6247361854056723,-0.2239289439256556,0.0812339675852735,-0.0683296278862257,2.4849483631137543,-0.9951944267100136,0.2367017997953409,0.3393807950958556,-0.760944576189867,-0.3517522641172958,1,train
3.217533150866506,7.656241293932742,1.099700375539403,6.608242993291487,-0.4628997939710897,-0.1107634974540977,-1.9496645194204916,0.8259382953151186,0.2541594951085913,-0.4744721224270249,0.0386872352832745,0.4742230278840927,-0.3626880092249366,0.8949675012131386,-1.0524771688668118,0.4540902060444723,-0.9452818808800056,1.3499164803079922,-0.7584192430399079,0.4012480262803772,0.4120497385551714,0.8095700898285542,0.1075469945205552,-0.4707440746473437,0,train
2.023133951716342,9.111703202803067,7.55154213325838,6.097920134677529,-0.7817128187099927,-2.6074476012907346,-0.4989056711848643,0.0717081006313626,-0.2706596183714326,0.6800572758191327,-0.3013252839186034,0.2063016853058201,-1.5711873830348302,-0.8259267967317321,0.635210192564976,1.6281181882025593,-1.4336145146255996,2.082843349656243,1.5433839132463132,-1.1459309155758006,-0.0451716260273912,0.8547213363291497,-0.9902066943078416,1.3017545381753273,1,train
2.1976765576382746,1.3493487720415267,3.8168738883857753,0.5808345124323572,-0.6876732690562074,0.6183063069652271,-0.7632392166397484,-0.8064700194980169,-0.321121478360251,-0.1579793484695838,-0.0233956113354,-0.6444033278349031,0.4188267126057383,0.384500924590867,-1.292041401660941,-0.2252419310667073,-0.3359092367216594,0.651701115733216,1.1590729560318132,-0.4382650834219976,0.686302282547435,-0.9848470237718864,-0.2431186853866656,2.140180733175347,0,train
6.655829320526418,4.884871800378332,2.2189281409083974,0.7568805724078694,0.1871804226341187,1.679278854676796,1.4917040105813004,1.2523150292532232,0.6468894058908742,1.8236527291583289,-0.2205521856444015,-0.1704932667189881,0.203362926087836,0.2553902580133504,-0.1629493982047047,0.2800902324163964,0.6081709585113817,0.7684349414755343,-0.7331828914435826,0.1897732100131873,-1.2501138187904692,1.4084231718979396,-1.4631683898181729,0.7950485855372781,0,train
4.454600488521142,8.909170278310453,3.6598895368893967,5.8088499547789665,-0.3574190678491549,0.6489818647300711,-1.0796392717635428,-0.4157794224266974,1.190736238028078,-1.5998150733835637,0.6082290395746145,-0.7786801269612972,1.5229575289840755,0.091202935506538,-1.5428640472048567,1.202107378402964,-1.711216098236905,0.6783821598822201,0.249154100315565,2.1453674701519465,1.0387600886181705,1.6472255744288664,0.5536154542565171,-0.2566284100947936,1,train
7.941689731543541,8.3078313649978,4.832942332475508,6.122409540529501,1.557532396019402,-1.630266515163471,0.0390363622499631,-0.9564189855677202,0.4528114074144391,-0.3396779363189213,-0.1402189862214672,0.3976194040635247,0.4707937565384143,0.5813834646189409,1.3582008211306758,0.1398595408983415,-2.31850191558014,-1.1708810401463936,0.4434997779293911,-0.0867854864964449,-0.823111657306233,0.5823032366491699,0.2971045211764335,1.6190342865332978,1,train
1.5748181646050903,5.344317671621317,4.3784785749412,9.550010113376565,-0.5008243638823515,-0.0056742564384246,0.4776094427625912,0.7619944527695971,-0.2341530600796806,-1.7536357566976213,0.4289870583188129,2.2238979218217754,-0.1382959688401813,-0.7706718531377644,1.107987157037481,-0.0866887964845884,-0.9371919921806996,0.3068814099192621,-2.5318397778581936,-0.7506952020737492,0.7583625305706412,0.762179923053111,-1.9401470529051856,0.9783686136646356,1,train
6.849211817836485,1.3457002835124903,1.551145528578847,6.738081583537828,-1.151961615058841,0.6707442142974981,-0.121918689568395,-0.4297246892475045,-0.3470258285351634,-0.3180168770357807,1.1629353666526108,-1.9738793927732496,-0.4414826249498997,0.7156630968464995,-0.8325993328287786,0.4413330071291682,1.2216632465438702,1.2179797954919689,-0.7179089177960253,-0.7988057695112417,-0.3374120201312868,-0.8003792579291412,0.2474577924106294,1.8733852537888984,0,train
7.022755536950774,9.773198912380586,4.598160278490078,8.614943922465919,1.0738955124053031,-0.0313098196126739,0.6268717873722467,0.3239376353254275,0.0478190999446794,-1.0230993770322765,0.2684098155162069,-0.4432041950401216,0.4888813736675357,0.5116224609960419,-0.7890458984630199,-1.858489371100838,-1.0307472498640542,0.1301804122219171,0.5640851695531585,0.919096032843668,-1.1273269239062742,-0.3485646840739775,-1.2467741161643997,-0.6229888388695418,1,train
0.5537773530785731,8.04284933800381,9.54719293315552,7.250074865080648,0.1870768574646805,-2.319940929135795,-0.2334943760646081,0.4015028154305783,-2.7757255449898537,-1.6363725535787357,2.6584773103251895,0.135182084540317,-1.4646159682491424,-0.2500889417231356,-1.0672032048276054,1.3534047777656435,0.51687133750458,0.3079234463163202,-0.1984724463348551,-0.3450048038213443,-0.5865982349084543,-0.1927609777994494,0.9613816393848698,-1.1579754522660033,0,train
2.0521481606143093,5.088698715900541,2.52366073034538,7.547255572706508,-0.6951596349218477,-2.6857645337610685,-0.685352641958753,1.343330100733621,-1.2821585148592134,-0.56253302585462,0.5278825901212842,-1.5315748507528084,-1.4089399763535186,-0.5943973384342344,0.6144926867556516,-0.3692941963776196,-0.0902160708641792,0.1165874002003948,-1.5923576882690806,0.7541369392454137,1.8046445274571044,1.1777315716547978,0.3033782172175066,-1.2041174853656795,1,train
4.474594976132307,1.8438506340250456,7.323859567078419,-1.524155905387889,0.7950455654365963,0.5364178354809125,0.7049321978967074,-0.2945944581188846,0.771925554765035,0.4056470546831078,-0.0248218329320771,0.2713075155092067,0.7485441461773307,1.809721510547418,-0.0512480662476793,-0.9046204806133712,0.2679625963790506,1.7858264960120742,0.334459191192787,1.126990595739819,-0.2101334851445077,0.1449624695576222,-0.6053243935860584,1.2531969440923685,0,train
3.6885810775280503,2.5574211476669615,0.5799763642527069,0.7049955079571701,-0.5596323556975925,0.267481462305757,0.6840636942931603,0.1364992783522998,1.3311748985510967,1.6130154431931851,-0.6457676737457355,-0.4317883550354118,0.8544207146264043,1.8947277923973491,-0.07568188103312,-1.245312805180614,-1.1081003815995598,0.1292406590074488,-1.4249444167968135,1.2671815914145077,1.4510850957913997,-0.8399770064179146,-0.8237193833843749,-0.8240245565737627,0,train
6.668478997291632,7.845163971854186,6.546451121636477,8.930773557005585,0.3033137529220579,1.8458911579587136,-0.5772718505007786,-0.2455236980110751,0.2997047360904197,0.2057333641671926,0.6792035182767476,2.082750794358575,0.0709313457442125,-1.8836354308391865,0.0152710313988802,-0.1894085264588433,-0.0984638319171506,2.949858233195599,-1.5492887198519192,-0.6345468880898969,-1.4083368328508077,-0.4531302186027391,-0.27593957843964,-2.315821895603593,1,train
8.087253824588801,5.804735052146702,7.41674835027441,0.7771758957666703,-0.196347658133189,-1.153941204880497,-0.5893216137258117,-2.2907391847346665,1.514959114482833,0.2157476144830731,0.3669803342019757,-1.6817867460082407,-0.2669707713570611,0.0104332398393134,-0.8813296562454627,0.0008828322814207,-0.1497053265486263,-0.8949453697297927,-0.8355801099885125,0.299847604801941,-0.1703029685439971,0.8651561496165484,0.8924853687114231,1.4647472130037271,0,train
5.419165341916651,9.520484516744705,5.204826516199417,10.37746929240733,0.7567999172245372,-0.5245706949313672,-0.0664224553414353,-0.7621077004941762,0.4599902198307122,-0.489857296557553,-1.317057770429589,0.6715898276086686,2.483940460591759,0.1998566112430297,-1.364850757510414,-0.4423245072010835,0.659096272003893,-0.1841931433093045,0.7039854245190152,1.7995875608016192,-0.1486148816240279,-0.4864622904560124,0.3385826048029079,0.0961222624018671,1,train
1.8364240650809287,5.978156406098291,8.34402826793836,5.113913867235744,-0.7787879991196153,0.924482234358302,-1.1205001497436464,2.186368374197219,-0.7889197514910962,-0.2926135663194782,-0.8629905041276726,-1.2304260334901391,0.1250709845445615,0.9780220042144482,0.7339857891020484,0.1765391250248125,-0.3258513796878311,-0.8166014168699866,-0.4560222196362827,0.7371975532879709,-1.5231503884467612,1.3373200280477255,0.712918353841661,0.3084923101617559,0,train
2.9592380608128805,4.84390147830061,8.230349262798647,1.0308582663513084,1.205831027184347,-0.1680744036949136,2.0716387926280344,0.0361218618755159,0.3171088495182464,-0.7803440346962413,-1.546439654654691,-0.294695800712353,0.9681548501330434,-0.5757462226516133,-1.599917118125178,0.8451921224089928,-0.236417124424946,-1.756350381868725,0.1126511117229717,-1.0447601050276445,-0.2681839630607186,-0.7514255033367998,2.426403199251274,-2.021277929427584,0,train
6.356144795306541,6.729365316028444,8.079620574272425,7.074934543031261,0.4496228853438624,2.348074876174683,2.181294437876107,-0.6123196478969277,0.714017989617232,1.3664823825602783,0.2991180695761709,0.2142796122394867,0.6188067553525284,0.5287229003365821,-0.7611914083543295,0.7934969956777908,1.8014135774927909,1.1128701227317472,1.8294734196221236,1.2036448185885782,-1.3865559626656925,0.0366535145696808,-0.582050942116079,0.1440297284279131,1,train
6.029534516217031,6.333857853019383,5.158188891444356,4.029767959084227,1.2549235773204024,0.2445074937618562,-0.7548040566399565,-1.2361886638537878,0.73298201995668,-1.1368584055200606,-1.0888441171649152,-0.1245388438249589,-0.6197383539474994,-0.2215575066009173,-0.4421384287536476,-1.0211714038843973,1.3968513907279538,0.2832515951809435,0.9963053884519804,-1.1764796184148778,-0.374722675526433,0.651017021401519,0.5244491406411836,-1.3147368702328168,1,train
8.040389524097312,10.656273973584415,1.591119877996853,1.1401992029321648,-1.8088790573957592,0.0498213189378959,-1.4744243937799206,-0.1773484272902011,-0.6925017846738002,-1.804155234668564,-0.7049302441786797,0.6558268969281287,0.8577166302338316,0.8516298032885286,-0.2209275647297475,0.2778533863923179,0.5881627350729591,0.0717882065742126,0.5269613667066899,0.3139737158784543,1.6802462521016213,0.9818774550071524,-0.6245920319956905,-0.2321021421994052,0,train
2.478398711423967,2.326036887811697,6.23823676760439,7.38387899946812,-0.770732936343125,-0.1648981536745231,-0.4316120738752181,-0.0806606418318184,0.5990785699558555,0.356192422618077,-0.3950248838233927,-1.7346659755988263,0.4666500366217463,0.170004014759573,-1.5703381073343556,0.8001425788648311,0.1348781177919067,1.552192967079997,-1.0216359604928582,-0.6806189923492757,-0.9148924419981376,-0.8826196470823279,-1.241171669645777,0.5525067109665937,0,train
2.4714451273287747,5.130332451453926,9.734359947377321,6.516374515056771,-0.3633864714138479,-0.5244497855057403,-0.8363279471116235,0.8804784332471709,1.2984807077374896,-1.7087727114704263,-0.2779863152568133,0.0848628808415884,-1.4421957993521066,-1.406599713235735,-1.1807128567412954,0.0710416298850354,-0.4940618115076252,-1.0792241479834703,0.5019000503970157,-0.0611392083993339,-0.7899218731979234,-0.9701949747815845,0.1775847717446827,-0.4696082194945392,0,train
3.243637868803831,1.7916282520929716,2.955743557932049,3.638595335396179,0.7439110619110167,0.5745757322944235,-0.5554633198568991,-0.3036663278846199,1.810491957553657,-1.084089764716992,-0.4836950647885104,-1.1699785878722522,0.2240336390282604,-1.0980304881519705,0.0030662671691783,1.010141005220675,0.9453327360332212,-0.6085190006289053,-1.2942627213678413,1.3071111491188727,-0.4200084100404567,0.4651561734295557,1.2799871764894646,0.0476369665794152,0,train
0.613683341925295,4.522795350262229,8.330911754623884,1.0404136786192841,-0.3134083757665229,-0.5657317129662056,-0.1277581508496607,-0.3543784059818644,0.107370001889149,0.3265507733588586,-0.2882175552552477,0.8207196928557718,0.8922739242944213,-0.1090459571965352,1.1439510992704491,-0.3784652784694925,-0.1820001205231502,0.1967814875849516,0.5244542558365384,-0.6317066247442428,-0.7630857943432794,-0.6407878002433629,-0.951021952000181,0.3703289416440298,0,train
-0.1559253365174228,6.001472051965548,5.566783029675905,4.415887641627471,-0.4348578182036489,0.4262737475341048,0.3670951111535628,-0.9115254813837328,-0.9294303184910778,1.1533744956306975,0.2625479005205361,1.389474202561787,0.876761428259124,0.348101347484433,0.3234590583451385,0.9242356269589946,-0.3066238512617463,1.530554421444724,0.783207283064358,0.3743581461030434,0.2039716246231764,-0.0775042150588118,0.3361288063442356,-0.477662079360812,0,train
0.9723758537976079,0.7312688178242965,9.787823032480146,7.858136776352745,-0.7234231792640619,0.1912323910762508,-0.7315943846565255,-0.4229187837938458,-1.566955409871916,0.845375692036842,-0.0585906232635277,0.0575945776965974,1.1370947443975974,-0.2933502537717518,-0.3519619375205694,-0.0991088073258843,0.5499233988381114,0.0004444447067877,-0.5406173636427025,-1.1278868519143936,0.3617116344045115,-0.788870556126979,0.3627788861697461,-0.0556074086243093,0,train
3.179069406565865,0.15429769054283013,6.3241623688527895,-0.06744140468309767,-1.8299747993537323,-0.7519731732446916,-0.5474250704050311,-0.8534462832043104,-1.1730994753115236,0.9491873285064656,0.4217425543116099,-2.358227237329519,1.0778438724752188,0.0943703372606508,0.4887761290382438,0.9654792866381486,-0.2975859742683974,-0.0720048973934177,-0.9367202804957392,0.4830111374563476,-0.2907451146207925,1.1625557997047538,1.2274757394078626,0.2144418565862605,0,train
9.955308750262837,2.0987200571038547,2.0811155724273354,6.868564165385191,-0.4645203626194164,0.2531835844678989,0.4352363007244149,-0.7029596917636179,0.7110608484996301,1.041969228142689,-0.0854379858974655,0.0156844953669889,0.6759684475201779,0.1463117082894852,-1.5037787263730436,-1.5038654143279373,-0.0972618285581498,1.2584718853674373,1.236843342675452,-0.4976319224743449,0.1357517856849345,-0.0544865717750894,1.370598010465594,0.6754253465337551,0,train
9.339243084487109,0.5857955407918956,6.6288876298529456,8.071643589299399,-1.735370233882951,-2.604465865010177,-1.0552234764669488,-1.042081960249471,0.7721241750844071,-1.6628231207557018,2.167374173454564,1.0010045369705605,2.005819385954261,-0.2098032518056871,-0.0634802321111466,1.618730467888846,-0.6414038653982109,-2.1430605464265686,0.4552244916274754,-0.6934985988445581,1.102054960141157,-0.1735863391400426,-0.5778331260091011,1.2322360612211545,0,train
8.416937037903871,2.818976649247797,5.87205843030518,6.181055454724915,0.5156130541448181,0.0932557195025963,1.7938367094924843,1.2667569177283808,-1.3703581153341708,0.2968080346821399,-1.1643143979134658,-1.2739771726430085,-0.1094439174111834,-1.2664173510232437,0.1088319679607638,0.0639949443280358,-0.6559465518011951,1.1749280918471925,0.1719644267146453,0.5897439606289807,-1.6956459246895053,1.0432042252945424,-0.3105332406618961,-0.7163045060167464,1,train
7.821944567975128,5.275672478232904,8.23471779154484,8.857225584922094,-1.0551496753785392,0.4477007825724811,0.6143929391286642,0.2786408403853052,-0.1012245062755959,1.021066453370277,0.3649630212795036,0.2094617143971662,0.9975252672783642,-1.1419002599254762,-1.3481692584255671,0.7481036152313287,-1.5691509376659918,0.7638643124482222,0.5903817326427228,-1.881292964557033,0.5147386412616743,-0.9194619789192,-0.8173403280102202,-0.5223930800154867,1,train
0.7073296060138335,4.988657344145442,2.759828527369675,2.881719912389349,-1.6007566473329482,1.1699725530923792,-0.5332266585004878,0.011674041503438,0.974794849653454,-0.1159757976038028,-2.5847369995237774,1.1671407188366556,0.0188042350145642,-1.1573959782461392,0.3947109045579597,-0.1880226295554379,-0.701167290236055,-0.1605807801116443,-0.3565980117652992,0.7850532829518635,3.0562351397795378,0.9650406224643798,1.6208698400986408,2.5089743113818197,0,train
1.8165589476729982,5.495008475583632,7.573446038603457,4.127221265068677,0.5113396783978978,0.98062057393194,-0.560260372555015,-0.7546940218682751,-1.2515281926088195,1.0423384700014378,-1.6416704413785494,1.5094133500100424,-0.2871678082567426,0.7435850179248967,-1.1287530264401326,0.6169262664101769,-0.6609135873695197,0.262504061337884,-2.0329557600724657,0.1241664662741523,1.079312037030924,-1.2908258891928133,1.3929242231414487,0.0205298085287452,1,train
6.611283545810382,1.0951301087898049,5.522310213018357,7.029837136120368,-0.2319161812166809,-0.7599451875475605,-0.0046445477309693,-0.8169835998880913,0.0279555796660384,1.4226910911700072,-1.095327988226923,-1.2740955667224712,0.5432998334307516,1.221429929935734,-0.0429850372963976,0.2747960396320761,1.5645157327342212,2.0226619370966956,-2.708607139373683,0.7900620641743424,-0.2021781844420504,-1.1066860899156146,-0.8639408471032697,-0.2542221846757544,0,train
5.1497157538764675,-0.7855624370780527,6.001466061419373,6.609424173386553,-1.2885807214705332,1.164794514779881,1.240234165012712,0.0511980123729103,1.2235790915157252,0.2955380124539839,-1.8538753465433453,1.2851874637052625,0.7395369867402141,0.6015174721204821,2.072913421278817,0.6335818202955905,1.1548604468371937,-1.3562347351363,-1.6616529470537231,1.096046046257946,-0.3493266885431336,0.4480752837863337,0.5474738660794095,0.0407784786935873,0,train
1.5812029052612209,5.504151545735272,-0.4028558322744105,0.21632519511965637,0.2766002247595966,0.71572784077888,-0.3985695457007498,0.0924351449837429,-0.9420772839104892,2.062165552336397,1.305282566985473,1.0318685427608576,-0.3604988172448886,0.2901165565607077,-0.42968174451543,0.3126884652141735,-0.7336812038749564,-0.7472002212568281,0.2438694023094064,-0.7360922674792816,-0.9253199909960752,-1.2226616796147354,-0.1193488274812386,-2.34989341974647,0,train
7.904915604062051,3.907090773602939,4.4832451309926205,7.734499298641755,1.637051913910781,0.0571211304220467,-0.3527437391120525,1.382230166630093,-1.5336059411584098,-0.8279514693791415,0.3864077935189713,1.6090384276315568,-0.4876651508118968,0.8169566648815206,-0.6542052870430259,0.6356566893877734,-0.1980878247439832,0.4167192464830237,-0.2767648012183308,-0.9496445775059044,-0.430671032926103,0.2886691287769553,0.1267064214776435,0.9262330765790604,1,train
7.7800049509064015,1.558796968366531,3.6625683445674175,4.1256563402969535,-0.2101252664182186,-1.326021197704375,-0.0001697584322708,-0.0964494385429628,1.5562021278883016,1.0436183763133755,0.4941750329710809,-0.2916145612339861,-0.3258861511157497,-0.3893173295466836,-0.9420036319756228,-0.0830168686925956,0.7300174153328578,-0.400521827032082,0.8306048740262398,-0.521426119531451,-2.200213284021047,1.4826506473584464,0.9557186608465578,1.511732597399691,0,train
9.467965359818873,0.6005291768832417,2.774689377898398,6.1874363593638755,-0.2840385435403786,2.188466669244421,-0.0527792065179755,-1.1317202541449427,1.4341859296879849,0.4123026722822283,-1.713864623390657,0.4611742325968245,-0.1230551677843272,-0.7550296506790509,-0.1008152613310809,0.9012250429731672,0.3871175547531004,-1.0512751708764976,-0.6063463527932437,-0.661258212295987,-0.2764955906570523,0.0740333174796041,-0.141858446230742,2.458440468976511,0,train
8.764820541996741,-0.017638515999641613,4.457322915598439,3.4177587373322194,0.3768418498853328,0.3647347786052892,0.3306479815060166,-1.3744067299064076,0.5605241629064752,-1.4732310208513064,-1.1139269512742902,-1.8777755023875085,0.0457239689689242,0.9917535396595544,2.0992701930158075,0.1157480917787028,0.0351686951809495,0.8312778368159062,-1.2919012020019809,1.8563613128749803,0.1897533327877316,-0.0767703349733456,-0.4177158073325414,1.3812613653554509,0,train
-1.1260408539897846,0.5923737423329318,4.301423449848493,5.633849495144298,-0.7285066555317123,-0.2077111361333892,-1.3375514433154534,1.7389176394736992,0.6993401391519792,-0.4542543716429924,-0.7397347060072686,0.2971627714861102,-0.6417614484580895,0.3305461833644215,0.8783403801244962,0.9275320563609442,-0.0187928067721333,1.531470251988347,-0.776602381571764,0.332178932152925,-0.5427819958493038,-0.2223477068267362,-0.0257842857226133,0.830046695875053,0,train
0.8557872100173072,6.971336357500506,6.454372194727702,2.415466660514275,0.9552760592918196,0.7708617937766189,0.8515411001105793,-0.6096155452065118,-0.5040605513952903,-0.8941101523517067,0.9085349256696138,0.8305267429556132,-0.0608011983974997,-1.496009831760469,-0.4535460267424343,-1.3867762103003876,0.5884158277294507,0.7526031237776227,0.080905836903725,-0.1633674675992038,0.3615238560954479,1.5348828791473732,-0.2617159935245257,0.0610842149300233,0,train
7.235741401649557,0.5652691048750937,5.600352580494237,1.9956563484801855,0.9245682133893968,0.8737755366591557,-0.2461616998766944,-1.3535230063537742,-0.2389939629787622,0.3005487211782045,0.1576966447585884,-2.4350058831971597,1.7325993673812063,1.0411683301405852,0.7157607461935866,0.4840187101107513,-1.8606543379424385,-1.1446305663856795,-0.8541831636919417,1.833657476622448,-0.8181541667323364,0.7084440979972731,0.3256679316095381,0.3936571253178917,0,train
2.5542776147285577,8.114391712132978,7.6399185673222725,5.155148791374911,2.2187093428264753,0.7149350951460353,-0.6795685422240592,-0.7647035804652229,0.702024342790133,0.4773899890480992,0.9984169769360816,1.4359965058102089,-0.2387444191790264,0.5163706125811331,0.0859438261385762,1.967478860134072,-0.6288936233166766,-0.326885286579028,0.3842795890998067,-0.0998603048487058,-0.768354807446398,-1.191839725438928,-0.0288808378281752,0.4605883757523194,0,train
1.0835674780989237,7.503509354135755,2.1359394399129497,9.00052035826017,-0.3635565065567168,0.5530737713073377,-0.015807981765613,-0.9796554633437268,-1.404281720924037,-1.564383759416649,0.9208192387199492,0.0030170652584568,0.0234517030490297,0.5548561036055202,-0.7531234860818597,-0.7596276903736806,-1.3848510927062947,-0.2403387349899816,-0.6857484306569509,0.8157443077088002,-0.0828588221251436,0.4673822899016192,0.3844997788600709,1.2909567457787827,0,train
8.320848458058562,4.811014726684932,1.518207503952739,7.751628483736884,-0.7701778308390981,0.1098219873280518,1.1703023559151713,0.2162953419859576,-0.6832631504517365,0.2135915960331663,3.1148693971854207,-0.315760931402677,-1.7927727514170315,-0.0225075856047474,-2.3440608661817315,0.5106900232774225,0.7749132404836093,0.7540252854128322,-1.2946491809305152,0.0784714112945768,0.9720349546733412,-0.3433493221867212,1.318074112780233,-2.2291407727481474,0,train
5.022459708966903,3.5897588007777874,5.929620952052704,4.633994485315829,-1.362257157798646,-3.0684884885799515,0.7197257943183517,0.2664458078352771,-0.1873915107732892,1.2108582610530405,-0.9557912738380748,0.5765088157396411,1.290393890086587,0.2391482601247465,1.0621672289912496,1.4527951707970344,0.3181439526838472,1.092071487475835,-1.37301817042423,-1.2768050898793335,2.0654103254071363,0.4072713719978625,1.0188400979527423,0.6918778025574188,0,train
6.14077446269456,-0.6211131484622499,9.257982468871957,4.215977434232804,-2.5026261507109755,1.584523582935108,0.5392523836490654,-0.1525710451461596,-0.3129996751037359,0.4467272801592713,0.8467343979588411,-1.158215945676951,0.2820716481981378,-0.2505876337926467,1.8860850938453972,0.932531983906371,-0.9162179617262664,-0.1709535370906099,0.7278809156566534,-0.1460018956011153,-0.6282976965720928,-0.6239177722832051,-1.769693579456404,0.6336229238554545,0,train
6.649097577449846,5.421446681331462,10.034949988404179,9.614526099597482,2.092640622417354,0.5557644325195339,0.0215703971613545,1.6507437262156963,-0.0913844518501174,0.4959902631958187,2.031136189524559,0.7341699473596451,0.6119567439214412,1.159776574820279,-0.5723544580098349,0.0762688430091429,0.4440210158052568,0.903504093372514,0.6555265281022845,0.2686821206521073,-0.1855018800214066,1.0440372661773822,-0.8255325198144553,-0.1890167159024876,1,train
7.812899688547541,9.291874149157339,6.464792394686404,0.8803729678494768,-0.6269766472300294,0.363473341491197,0.4157833512271616,-0.3068016414605339,0.8763922723546375,0.055782978145484,1.8154376773636367,1.2464780578601804,0.8350566693966682,-0.1167936045886249,1.8278786415132329,0.4501160672228571,-0.1941565353275378,0.7498002647101814,1.3598535492569053,-0.7605635104530593,-0.6346763959077611,-0.4495015079362142,-0.2012324888532843,-0.8548133026221284,0,train
1.2251441203283877,-0.597977921513005,3.592241750808616,2.00142365662417,0.2975679049763781,-2.2053734842686077,0.2324708803312872,0.631800906925729,0.7661496908860137,-1.1403370259190793,1.2147339999651072,0.1610062124597087,-0.028537630777278,1.387714898873127,-0.4709782229865721,0.3897176382410736,0.5636462884439274,-0.1334000676537871,-1.044831351530406,-1.2271186159162035,-0.109111452801846,-1.536098627295004,0.8976195443395018,0.9281118634583732,0,train
8.24913841443539,3.93076413700635,6.471822078015045,1.1726948654941072,-0.7548521183329402,1.4289807130894978,-0.790004671118232,1.282018923541136,-0.4594164741109242,0.111075362281124,1.6387989314374696,-1.782702023334003,-0.5391390065273269,-0.4329092868694582,1.045653327739919,-0.2634731745700369,-0.907736309665625,1.461859330583038,0.4175125852233613,-0.11706574572541,0.1833443008538078,-0.3733866282922747,0.0186519653168802,-1.756739839995209,0,train
10.503483282814774,2.9082623310744236,1.8317096093625245,3.761141939275278,0.84621247609052,1.4530867441730688,-0.1662592439998503,0.0815640057947786,-1.1650941964816346,0.4675902229233332,1.114203721024217,-0.9040003324717788,0.592108908124695,-0.8818573532082337,1.7002567586650557,1.8347316192823864,0.3799222513720065,2.8238095564407755,-1.551869707641161,0.9906506238760912,-1.4508851934054252,-0.6761287240187465,0.7214323199158372,0.0618388856378076,1,train
2.3982841749009403,7.950057715944867,7.170735444929454,0.9177348777022982,-0.9552879452299124,1.6335054847061738,0.7471707066261275,0.0306949672124515,-0.2476575845782223,-0.1626974676259814,-0.1450035869432505,0.2960422807644607,0.0248899529303839,-0.3221082480281566,1.6141082059513965,-0.9929881066552796,2.0112975026644984,0.6440221234411837,2.159658642202948,-0.3547123640827624,-2.130048025145467,2.017975006756894,-0.5922797209009101,-0.8962224462209959,0,train
4.692637926655806,6.3853288943670155,0.5583938399716553,10.402515805927546,-0.1697681502287714,1.957736599669241,-0.6218314715333091,0.0753995966779698,-1.3325905755589482,-0.6554663255823806,-0.9872284793470024,0.3981899306016925,-0.7898633211631345,0.6773898944204125,1.3313750385348853,-0.131719676687305,-0.0519204025693747,0.3267583987793412,0.0174647320369801,-1.3543188542461482,0.4993128129713335,-0.8457749566102019,1.345495880828326,1.838368456194718,0,train
3.4834826790472175,6.628012902440975,4.766745074617969,1.643684685063337,-0.5317339540853476,-0.0197986268448377,-0.3395084479117323,-0.059384615234168,-1.0333222641525612,1.2913265948813142,1.1883937333814054,2.0390782815213626,-0.1273600878269428,0.246958320121588,-1.5744022000122164,0.2687471958643787,0.3344295745952191,-0.2763804069594494,0.1878659010792733,-0.7010894027293992,-0.1656775271935364,-1.461070188371199,-1.745920108666993,-0.0188202630602964,0,train
4.126870125963405,8.755875950560926,4.643074762820226,6.783821612447757,0.4201616560868655,0.1252186914676366,2.1169498156464313,0.6944248399602023,-1.0729568639172204,0.2991055032541413,0.6555235202205576,-2.0359897923829493,0.5430252143959896,1.437116379756762,0.1748460870190383,0.2071304030023013,-0.186112452222818,-0.7449233130897587,-0.4135364679623639,0.4551819423566021,-0.891157767383984,0.4236036712863282,0.0464656515796298,-0.3287006302163902,1,train
5.971574858699606,5.924801635090338,4.343867685127483,6.471948039292495,0.7044858496985712,-1.7073822414915618,0.7514960488670542,1.055062992527734,-0.0912394261043483,0.6054597662321736,-0.653189217075618,1.5954486513055437,0.6549072264336723,-1.090813926729439,0.3277062160984043,2.3050005204142163,0.1740137692617841,0.2327029079318749,0.1348968500547652,0.1741885305169243,0.4807026426934928,0.5272808906594023,-0.6546222065412299,1.049634371258,1,train
4.674034326382189,6.385676761769676,9.492688265435897,3.0455875274954303,0.4444026137591123,0.5797946695994411,0.8533742152142908,0.4427103266482397,1.4473742734038548,0.8572065946139799,0.6691985777626773,0.6795521864291579,1.1875166411460054,1.0955882759723334,-1.6565447428198183,1.3586452096589188,0.8940977793532481,-0.1926501327430048,1.03448953680733,-0.6769798925280263,-0.3141544496847195,0.2344816327822182,1.1874952990041572,0.5917266107312107,0,train
6.799610910993113,3.331924616263578,0.10160901137589912,2.5741361155855813,0.9948928466713128,-0.5810896045475479,-0.3070353709910643,-0.3388483066477799,1.139443237036563,0.5918431550349919,1.371403709180152,1.0754815178167767,-0.2789203680077976,-1.0304388415261674,0.7313846172058794,-1.2839159711720265,1.2817023910125087,0.4865860789308182,-1.7934853034237084,0.7787142794962871,-0.2264979687407476,0.2748831625184913,0.9312216569351014,1.3921465477210695,0,train
-1.2858534930912477,-0.09565232549890845,9.09803741658071,3.826777671392689,0.2236262259856627,2.163473646679343,-0.2234235715979672,-0.5477924259462724,0.0812452327990272,-0.747021093169468,0.1899026122004368,-0.3904859712233246,0.4857705048260542,0.869518022186816,-0.2256615061701372,-0.7853601363478192,-0.3161516923783657,-0.3234551728944717,-1.044781511639833,1.3406614975129998,1.5998298042487338,1.0411235933258889,0.3101442403396219,0.29197041522979,0,train
9.31282256412319,-0.09010840465478659,10.305072957477302,5.656569898815459,-1.143204410434924,0.0109620473433716,-1.3038188749791046,-2.3696224788111406,0.2437320632601624,0.6289308626591866,-0.5311551112444577,0.3433403784241606,0.8838661079316578,0.0959175242760036,-1.0694427883875255,1.55581845672456,0.511086454808054,0.0876903158304863,-0.3473742139633334,-1.0579144501281308,-1.0268695671230492,0.8693863769245211,-0.7498278952078845,-0.7856151752894102,1,train
5.598888056216185,8.575919762147539,4.7973985111624735,3.1551939566821194,0.7669486546672163,-0.788754847488076,-0.4326673290320835,0.6353419900688145,-0.455758876289902,-0.4646703573647106,-0.4011119829662382,-0.7697499359452341,-0.1986061406595821,-0.1358482739025134,1.1613245751094063,1.2893960753112963,0.5023341300706814,1.7227267818338754,-1.1112665200931775,-3.079399766971626,-0.9533185768521272,2.7373405616610356,0.8861002758877191,0.3456365233096884,0,train
7.033265211807063,1.905053790852886,10.762408130819265,2.5159421165055305,-0.1132390411857939,-1.3068070415502413,-0.5397532124141587,-1.8721616748789165,-0.981229103591066,-0.7738653939986782,1.509800569723675,1.308277215950469,0.7077416930273946,-0.957392497137048,-0.2036447614911957,-0.444396864642391,-0.0669024680903042,0.0586015226465807,0.7878938676250067,1.1525785131630886,-1.5330864138071294,-1.4540975325890635,-0.5136460027148423,-0.7565776625789455,0,train
8.727207468943018,7.051406114413065,5.3117968986804875,5.98990227885445,-0.6602947671291688,-1.4538106590018427,1.3965155699386005,0.5244391218737214,-0.1274953179350918,-0.1834281777548261,-0.705303795484367,-1.0169490014599558,1.2519439784581494,1.257109482228324,0.4585261316024608,1.2019458284355502,0.2375272572168733,1.2862144181377526,-0.0818905148153496,0.7125894033566783,0.6893574315000945,1.5586963441171169,1.4971654061719606,-1.1672869986971008,1,train
6.281919345930351,1.2176884267659034,1.011796314788964,6.701714203792768,0.8761245745962095,1.09572730047218,-2.342926971186043,-0.2976340465478962,-0.0512874133532196,-0.6363506904248005,-0.246537777993482,0.3855950347754246,-1.0624459168928235,1.219029962959298,-0.2182421079955055,0.8165783133890628,1.4852241778107245,-1.0905934246480236,0.4791502369656737,0.7594059387124087,-1.9906376451053616,0.4585330998249153,-1.1324545566726316,-2.8640023693370003,1,train
6.609770861394634,7.013325598875497,8.176065881920861,11.015341887547535,-0.2959963242057427,1.3231330494510674,0.0814718799787968,1.5020586679310997,-0.8303153907381787,-0.0869020981627877,0.9569090017366266,0.7919778082932557,-0.8133688438540407,0.5821338860065642,1.081915450756858,1.1904352392720772,-1.5601048070589167,-0.7079910582507253,-0.5800836471074872,-0.6930425863026234,-0.542070601128647,-1.0537459025501157,1.0204741497825915,-0.0570516071347778,1,train
3.9329201410791375,6.1468040091340175,0.5254544009042006,6.680052400197449,0.1766248116630917,-0.2652427265902444,-1.574246708226693,-1.3191427776363716,0.7472144401651054,0.1143017779231954,0.1720409235015348,-0.9878162022014768,0.9377415587507234,-0.4591900106752372,0.8382783061104002,1.525286745548895,-0.7288414790306609,-1.2915542222523688,-0.6997791759162758,1.6458837548538352,0.7153319534923239,1.2479305958687874,-1.0584301930713365,0.7729875381383268,0,train
7.8205897643312,0.29246208849673283,8.104417978838185,8.365824716109676,-0.305050756818455,-0.6069246584287673,0.7756490137165672,0.8526838038066761,-0.3322229809494895,-0.4285795138519345,-0.365976865683692,-2.2403560825524296,-0.5377755134349249,0.6842921718337996,0.0428220584866831,0.9726306189398612,1.3725185632996229,-1.82596602897334,-0.2982240315208311,0.4946702888636701,-0.9560130280955682,1.1895578140341994,1.519671125273394,1.0155386420380357,0,train
6.590275562279444,10.507783059315535,-0.04497501713882568,9.188471451925915,0.0326529607729677,-0.4748717784587731,0.4943945921623253,2.180599089490338,1.0102972431085582,1.2124089896254413,-0.9946239336573028,0.8687280542793362,-1.962093847717021,-1.0932181456149594,0.5936882557184693,0.2037447939973063,1.8144294013849256,1.1398532481376795,-2.363658197161415,0.1885280814824076,0.1792665098105385,1.2046803164437512,-1.1499475957027034,-0.950027685042454,0,train
0.862780576420303,9.272694141573272,6.790252705674699,6.869080832383696,-0.830330648524079,-0.8700176516944179,0.0928890918236852,-1.0722582240269496,-1.4238797114734725,-0.249038959607315,-0.8909503012476578,-0.1755626153317265,-1.2479764645382416,0.4623352113100455,0.6115390977541012,-0.2339517267269062,-0.9616968000860618,-3.866089188407315,0.6114563390231195,1.23711315729422,0.3221836827903605,0.3167228567286244,1.3039747747237396,1.3267703390019472,0,train
0.7921709704504842,-0.5211956251577619,3.5604832454715307,3.599190591001629,-1.329073220072068,-0.0231799113332963,2.036846991748583,-2.7589017548090715,1.4280473223598509,0.229985791702627,-0.3518708880887996,-0.4753441917261534,-0.2365427899387599,0.2123689637666785,0.6349555984637177,-1.0281511661992917,-0.7642796937758303,1.4213922730701751,0.2448039053064235,0.4637898925562617,0.9390091363235116,0.5243071933154947,-2.084883831288745,0.0728097835131013,0,train
7.839831279053748,6.74827240442702,5.510007677330418,0.9176544874276985,0.9284474744520854,-1.004742694631143,0.3414663089862019,0.7201631737151443,-0.2076957908560628,0.1446675613141811,0.6220440384473604,-0.1466113091302687,-0.121930398050087,-0.1215467896525613,-0.9274289562754042,1.473357168808087,1.2958633007025078,-0.3599482238143573,0.2877631350215474,0.2603428723795312,0.8619678383984686,-0.2814958925171181,-0.254440148682352,-1.8660327957226828,0,train
0.8472951130956914,3.42903504812796,3.130010319339908,2.080752387119929,-0.9405359979470084,-0.7458363359905436,-0.9924759605148868,-2.774592286225547,1.891182359559025,0.9528253023544244,0.5458190108935764,1.1057108205290287,-1.3768699318922202,-0.085244401161174,-1.0402756495374772,-0.0466871755933943,0.5226102709111752,1.6594166966594666,0.5112948134687176,0.174156932810581,0.2369804079047947,1.5560074475353838,-0.9472318521521536,0.3472299327182025,0,train
5.3273611899414615,4.836630762637606,5.842707726048123,2.936354765272549,0.5147598986867592,-0.0746013309187882,-1.383558972052716,1.5115409814909375,0.2366917844917725,-0.144193133950903,1.4358525064636258,-0.3245776810428613,-1.52971793856197,0.9328286547928368,-1.0602452583087767,-0.17223918192477,0.4578745125014826,1.5301937757382582,-0.2973743207510267,-0.8959544740054857,0.0303860785854987,-1.1233246021669987,-0.6063523584903584,0.6637738451044825,1,train
-0.7743605360751662,3.191861050820364,6.393454783104073,7.296441157063283,-1.435777205238849,-0.5204058553063469,0.5798012715356589,-0.1253563314008575,0.3467164897644429,0.802466482217829,0.697590202994623,-1.488168178614225,-0.0507178639274371,-2.311305989536954,1.802621711566789,1.2740545879661525,0.2213798395639465,1.287469243556313,-1.0860322270576617,-2.308896722639098,1.479564071638098,0.5777611038953478,0.7411007485745942,-2.9196480571083128,0,train
4.206641628755359,6.625947402130092,5.23211732526644,9.819201995884082,-1.8762062648453437,0.8290131206513283,-0.3201202739685375,-1.6430444311023416,0.0026480175078047,0.9587287200308484,-1.2862764607538884,0.6297025570274686,-0.1154725666331973,-0.4729841597229277,1.3617318167242969,-0.1778742613578062,0.3149695587934874,1.4717836800350037,1.3599176287764092,-2.2276001043407003,-0.0493956770384275,0.5352418155325734,0.1597214708966018,1.1355178289489656,0,train
6.00041832328434,4.197005429289122,4.363152837969576,8.942846522452033,0.0932936835309174,-0.8196831420057042,0.6663438637399021,-1.3548810470314074,0.5808294068178191,0.6875419926431522,0.8520061245847504,0.1029175617421283,-0.4586947616579898,-0.3839118331058312,-0.8920876586845465,0.7807996159352248,-0.3655065386664404,-0.3612891297598356,0.0225282115861936,1.2584997505433304,1.7170459249326588,1.025054981941088,0.648120309368001,-0.3092744961047519,1,train
4.175866771912577,5.482692340950988,3.7339878568835414,8.896212457700791,-0.9053559790499004,0.2819304833219062,-0.5135171826762995,0.1336061526074283,0.7532456840977764,0.1633542868915384,0.1631910211895898,-0.782753056247873,-0.5598276369903368,-1.170492447049495,1.4649533105634598,-1.2255685091032245,-1.1755831411936268,-0.6010964061351589,-0.8648822053686799,1.47489923152147,0.2638462442061502,-0.3134872205784434,-0.6365332416857103,-0.2506018327247011,0,train
0.5282775862473426,7.211730281397844,8.695871234036145,2.1991946637628628,-0.0641700182439799,-0.8737378668523901,-0.5494916182255553,-0.5591354493549447,-0.4496596474530468,-1.4255199413789386,0.3061489853353712,0.824952215652002,-0.29412742156658,-0.0910299104270429,1.2301151842442084,-0.5440217777343115,-0.0822898034651045,-0.5888835131569932,0.1907187681709918,-1.8434844139689537,1.342027931555242,0.5747190794427219,-1.0751368175032296,0.9656906042910116,0,train
7.585158311381584,10.639984310928032,9.045376308430896,1.3145273929087513,-0.2906901983950344,0.2591006869692669,0.7460189998424921,0.1691830177606198,-1.7526390201520856,-0.5567935218003421,1.031454615450217,0.3232862672218666,1.130124950158918,0.1345336702981019,0.45877043247789,0.2280471760658474,-1.6392804995860482,-0.8813337475461566,0.1805115081027509,1.2691749841833797,-1.1002528049454434,-1.0079739747171252,0.7876922208579425,0.0893273871667303,1,train
7.255432208961312,3.8953038721299684,4.028275346307401,3.348311163337833,0.4116264848223625,-0.8762715975007467,0.2382053370055335,-0.6420138034482704,-0.0897605909633462,0.6860754530655009,-2.1194290760062153,-1.3730350372878612,-0.1614721430950698,0.1847093836365429,0.3398867590871569,-0.9327727002780118,0.2610608143954246,-0.3553346804198677,0.5594618306796011,-0.1537636709917795,-0.4258687904328015,-0.5896118108842966,-0.9562028257441536,-0.4973004611002502,0,train
4.909292250787202,6.745014763424909,-1.097684860318432,8.447553886246087,0.4796382498315992,0.1119334647104056,0.1113266700792707,-0.9388039793970968,-0.3882866248371777,1.409762428490444,-1.073901927596067,0.1111373345536255,1.2508135550647417,-0.6782296460984298,-1.1167671154191066,-0.1288040134774276,-0.1389533873951029,1.2102220510069777,0.715104837871292,1.005648897693847,1.8274043033860703,-1.1537719708142562,-0.3609386508180335,-0.7423020378423903,0,train
4.050790700290977,9.06259755879577,0.7227982968771703,3.426750473985983,0.9376439463129782,-1.104694631109893,-0.8894920790522074,0.4323965049518574,0.5634553147527176,-1.2193162827785993,-0.1532118855767743,-0.0914684283129179,0.4587543133497093,-1.3888425837144078,-0.0935924788069188,1.1463153127310948,0.0061992844286171,-1.7212280575912775,0.1192031868562508,1.7333763645108626,0.8396141553362434,-2.8851235929088945,1.420669942506698,1.5037171211968998,0,train
4.658989623999392,8.550706384447173,7.940023224026676,2.0792573504336347,0.0902269404091383,-0.2356859193782629,-0.2045043476086689,-0.0998049363183616,0.5372024895372552,1.2111731232398313,-0.4128135101732806,-0.4110595121226015,0.2995792978836809,0.3053839583911656,-0.8472587943950591,1.3711606118791189,-0.4733522724831502,-0.1777157089205452,0.0115056723344742,0.0604583678249179,-0.5042121753892994,-0.7880470487330719,-0.5827377345281289,0.6112043953498194,0,train
8.438080818834951,6.693841122035741,6.96472493810355,2.601293828708811,0.7544842769248579,-0.948376565274394,0.8167902215925328,0.8771591589153743,-1.1939043122709574,-0.3378226575290448,-0.2661460663593762,-0.3452354010876394,0.397564885134994,-0.9498097254000096,0.7006751682971902,2.576385571019209,0.7777331470479621,-0.5659609755709457,2.0881263003349373,-0.390773636813667,-0.1622224373423378,-1.2433234536041349,0.6690224059255523,-2.3063917844238326,0,train
8.269257674593156,6.000132567049887,3.280685528723109,7.062108067835056,0.4986390184082329,0.3198482170775807,0.9125550119881572,0.7113952108748388,0.8902420261483076,0.6098342315078321,-0.9752939881653708,0.587540279558868,-0.9858931816290162,-2.1311098657323084,0.1860993221831567,0.718669061458965,1.514271211352677,1.3310502693121182,-0.322328463481673,0.1909366380607622,-0.5377112633691243,-0.0272047611447207,0.3710521710186483,-0.8253908680181928,0,train
3.95057796364257,0.7762019581404878,5.128413719898911,8.249470517583116,0.1175139274135405,-0.5566563197251329,0.6811946553126558,1.9803685655792476,-2.1501017456992444,-0.3973814641740238,-0.1068353798297554,-1.3338702841983794,0.1791750990672513,-0.9420271790065526,0.9250389609869284,1.044746681179218,-0.6279828023990582,0.3520845928896704,1.1136875723173758,-0.4651916650759167,1.264782286552826,-0.1299001821781401,-1.9993970820535971,-0.6681676014307212,0,train
7.21334274310073,5.91669572634935,8.160589029777341,7.520249573338805,0.1484817713316673,-0.3929674411652484,-1.745615140083276,0.3281476682817355,0.439201449771726,-0.3627517101188933,-1.5320922528224978,-0.0890838376177996,1.9839980871862777,-1.8671909797522783,0.1636648065767103,-0.1301932455777601,0.3304658724949799,2.028657469555197,-0.1598536133279803,1.4036204896995854,1.7201829082216968,0.3836667386749908,-0.3286760053235363,-0.7058996318246299,1,train
7.973234955110331,0.6714453739461421,2.855379799884998,0.33775770919146875,0.1832168463622241,-0.2527266174533507,-0.0517294294774153,2.1557373710672256,-1.083902828721923,0.3894408586544848,0.0414619863348416,-1.2806455030666806,0.8068122370336306,0.3684746908702334,-0.4164812138060964,-0.948896382677904,0.4243521083358988,1.9586973007811943,-0.567412848909071,-0.2280346437379238,-0.2430115212148517,0.4445924545521101,-0.5520119122958704,0.3752909852177302,0,train
4.829253010200238,-0.08998944149357735,6.707659710216567,1.7315585350601344,1.4015880827092204,-0.4574859272755066,1.023688679063763,0.1811571079065067,0.4966716302842918,-1.0248811824697948,-0.5434003626620023,0.0064092362875453,0.5055820394210714,1.4723695053262111,-0.9958396331276524,0.4841386848939734,-0.2833554029665687,0.2999483588301661,1.591369117733132,0.3191146680165914,-1.1364949676727452,1.207473021661038,0.0054124853680117,-0.2177018451336564,0,train
6.787766326655623,9.440423991683607,5.180677354221735,0.03685246141058597,-0.4104928305278704,0.0875747317658322,0.8308504330041321,1.5993546611800624,0.3265032787981754,-0.1660797898849337,-0.1394501973250821,-1.2275408341091532,-0.9804575084741448,-0.3601105621788326,0.8298133694426533,0.2204326824249047,-0.5661693416618548,-0.0593017353319524,-0.8226630254392803,0.2478666205943807,-0.022245030029579,1.099921367376484,-1.0931700780669154,0.3971346022894232,0,train
7.70150939963341,5.538073384320887,1.3935444428802075,5.38910512314048,-0.074366560565575,0.2615956773011988,-0.1471954912518119,0.3448509211232149,1.7337095037810333,1.543356421713043,1.2011520901873782,-0.5799434082823638,0.2188130475103102,0.6785668925365952,0.1663800645753603,-0.053285887798677,2.071022028700878,-0.2690865486463567,-0.2562674453965119,-1.131850296668064,1.809474528173186,1.504539843700465,-1.0248841794671348,-0.3702288689515985,0,train
0.7375091487796099,10.449061283981923,6.411031248472634,0.8938016644534995,-0.7111768141308018,-0.6355393345758581,0.6970121728921429,0.5960298714728307,0.7888464631696255,1.1515626006213453,1.469510918527641,0.930678236902239,-0.4991907819321437,0.8715185934962262,-1.8921144949802924,-0.4641775325530197,0.1262649401229411,-1.1702287180484563,-0.3262884065150977,-1.1989999351805638,-0.1308859072741696,1.0047375661033575,-0.5455463816866217,-1.0985051984243035,0,train
3.900889772448993,1.498963234600341,3.7482794931395897,4.720202487430894,0.0750788925455651,-0.3136704226764557,-0.8769784063717382,-0.9195519634953356,-0.473947275074767,-0.6783158235605747,1.1230935359931615,-2.1419741448088527,1.5988573530446188,-1.1721315568861284,1.5486784533151985,0.7416966588267095,0.9487707336137304,1.4036695629706648,1.6540675596037342,-1.655108756380732,-1.2268889007763542,0.2556485232579519,-0.1461689009491915,1.6512884379108408,0,train
6.2076784470336035,2.7469805277305173,8.644494599569494,3.6485437576679276,-0.0565912627763186,0.245132275829627,0.9465246456887132,-0.1324562682438658,-0.8039411118092455,-0.6687084168155789,-0.1526214965665488,0.5429130518682573,1.2099773416544355,-0.5445017022261109,1.9548195199934872,1.7124838290601834,-0.572425416093706,-1.043440183026347,0.1290223206597041,-0.773983490052342,-0.6911047433208197,-0.0013177490140874,-1.0612520864359554,-0.0097492030531365,0,train
6.3372264724179965,5.99941630257077,2.777157736229925,4.568970865984154,0.8457540683490278,0.4197615922773491,-0.1216688310937793,0.0200215618118221,0.3533870104052877,-0.2073144463585503,-0.0666200015073017,-2.539146322859725,0.1019776598447401,-1.4704418751346937,-1.7702278283687167,0.4635011904608015,0.1978953254693958,1.1153432343349057,-0.4614106677774789,1.3561953090460566,-0.9922290762235568,1.4114950149653915,-0.3960692138845788,-0.6537434576827488,0,train
7.775339081386565,7.827591235094246,2.5350435870970798,4.383983599000054,0.9079967702907916,2.0156108945837268,0.4838263126674512,-1.4124368953737716,-0.971985221483524,-2.229143497806104,0.8087823496125617,-0.1330547013759136,0.9177347751732948,-0.0350525221626268,-1.9091830265064644,-1.0458933534020638,-0.2156705313831235,2.835843636758444,-0.2382708155833464,-0.96691219463532,0.0770449866789679,0.633886857168693,-0.2635352046993008,-1.033735186581206,0,train
9.867005933878383,3.272121073934315,1.6078790279152932,4.602326650345106,-0.6948455433407549,1.0104924025312525,-0.9925227546131604,0.6495037646250422,1.8570354372627025,0.7889192282749454,1.1880192866283108,2.5020014186070365,0.231604901434026,-1.4397142861824188,1.22697523024442,0.3168875473283981,0.5824444837156414,0.430679005324277,0.921803894095117,1.2656887089172186,-1.2072588996634082,0.2712047657432258,1.4467344734226455,0.9796278172633636,0,train
3.1084002649143603,10.434853164596637,0.1841770169522261,8.599779600244247,1.2716022074900926,-0.1418940501286633,-1.124892193060757,-1.982827631011964,1.356340850847425,-0.1192594175276116,-1.7880456856823932,-0.269936246772927,-0.0360435397320681,-0.6628566877682435,0.210943861826934,1.5399069432658508,0.2272358334723475,-1.1403402480452665,0.619909528046059,0.2353524462151245,0.1944838050868405,-0.601296753756126,0.4318777908602345,-1.505362597552204,0,train
5.52412601260244,4.638233716148252,9.104295749936016,1.994433318321435,0.69655313862228,-0.8846103343819237,-1.076927976935772,-0.8185353228487104,1.9028230184658053,-0.4796914529732202,-0.7315777261070275,1.18466478703181,-0.3111505022729146,0.6030297292534196,-1.0798485176963266,-1.0064434123387045,-0.7907272618951438,1.8117140527702524,-2.1780232055959847,1.0988815417658684,1.3304381365678153,-0.7237886235709872,-0.071266560559883,-1.8593509021458452,1,train
3.3043759814600553,4.9911646767323425,8.238678900423059,9.582226098727245,-1.1655602189853294,-0.1871460005385501,2.0472787243146544,-1.7334762357024265,-0.1765221622560117,0.0804172015362164,1.2179522262797955,0.7588955070608994,-0.2767833697215988,-0.3931391699246299,0.3151766614343235,1.6182052185951372,-1.249349465467391,0.5537267683410287,-1.7680649770643384,0.8499678574954141,0.4533319973977758,0.6585835704343216,-0.8732313338160936,-0.4162013732212433,0,train
9.68855069631586,8.544270589586265,9.147865564085858,3.859956781047513,0.6295050085198095,1.1316909000037416,-2.4213763827683565,2.216961557972359,-0.7685793633388613,1.596270673620244,0.5369314165875424,-2.001468168756735,1.407697596634931,1.016763822865097,0.22083862405295,0.7711145120570195,-1.0271658785679147,-1.1489360270459918,-1.7097689998187853,-1.1373776704219571,-0.231832554891039,-0.6719889935081336,-0.5504347801879426,-0.5508103526500627,0,train
7.734399363558619,5.6212254535567325,5.650065602962549,4.317370075038265,-0.1813131291243868,1.4577616179039117,-0.5413419020079894,-0.0521014770265407,0.5413128575865602,-0.5077910039242352,-1.5331149402766469,0.916724257542691,-0.5451688726922527,0.1797297908815056,-0.833840444107591,-2.954405030283128,-0.5797228998810174,-0.3796139102918177,-0.5143482908201619,-0.3385735839520812,-1.9501260473347628,-1.0582127620684183,0.5172867405765178,-1.2270393865467348,1,train
3.732143094798845,0.9574425227075432,2.9326980608107727,7.009348859357598,2.8113461841415397,-0.7511662531233372,-1.3690328859329015,-0.7926510543911057,-1.2426479614405872,0.8776513705002639,-0.6273211394753243,-0.008091896022931,0.1353863992362175,0.2062959286549843,-0.8738634930313357,-0.8847768091939805,-1.3852662995807508,-0.4113214037775371,1.081847314775909,-1.1271018346780728,-0.0590332428695726,-0.0451921535416106,0.2247142430664027,0.6167058861391281,0,train
1.8619054350942488,7.069042182839006,2.4848497710862936,8.672517053919039,0.218281255032541,-0.6319793399677586,0.2877669129751976,-1.6582874424385592,-1.0320400080436043,0.0893979003682376,1.021674660983338,0.256861379094296,-0.6539469730552556,0.2591646896984829,-0.299016013246116,0.4220792897160147,0.4663696726587386,-0.2681467093252733,-0.2392746960258307,0.8777479655199639,-0.6977366564242738,0.3744985171814535,0.2181893288390692,1.302985871861955,0,train
9.518305556961172,7.26156535731702,2.0264539667404406,2.583925582773184,-0.8063975347550156,-0.2671790990174721,0.018838740769862,-0.3486116561093197,-2.473056792461993,0.26038524387597,0.2883685100314004,-1.1151775658939935,-2.552622848016324,0.0868453989465447,-0.9164937745243232,0.3768411196726953,-0.197575057635703,0.1050070555527433,0.5539038749659617,0.5665835108084023,-0.4659608939767568,0.4360492511253647,0.056698109168802,0.673900244217656,0,train
0.6140915029900975,5.987177468814772,2.610270325160691,5.941988531014709,-1.7487975674695333,-1.5107994853417297,0.493780387921481,0.2207640955537323,-0.133574025449762,-0.674942910519913,0.4382724352538834,-0.6775900315490585,0.3584381908593174,0.1727749384052587,-0.1432188035489679,0.0523038122564199,-0.6306322228918597,-0.0786715012250586,-2.875012777661659,-0.4909981192761697,-2.5356633715996812,0.4350859765288011,-0.0759112963846082,-1.3522128565034677,0,train
3.1950437961502782,1.275744224773001,6.809502682775227,7.2493285402177206,0.4086318294393971,1.2398152740233437,-1.7821910564808094,1.0073118789743227,-0.1069221295110793,1.76211164109545,0.1931804328877749,0.8901551482271968,0.150297026460533,-2.594033626923775,-0.1234337587430339,0.1617846398656906,0.6521285850892297,-1.0405438576914237,0.5250535436705307,1.2945183303492542,0.2068159656538893,-0.01559816407922,-0.3738431015246974,-0.0081426353215142,0,train
9.479206886611955,2.212230548467792,4.953987606789549,5.2743133624390754,1.236560884105471,-0.0173426979185549,1.1831979161605102,-2.1658512148769424,0.1522505447502595,-1.581383302080637,-1.1222124127182107,-2.0237610152033447,-1.327529336427006,-0.6959524297136358,0.1519770801409146,1.1999408262047402,-0.0792763591072883,-0.1237789014715337,0.1838501809319511,0.4949210230078434,-0.3312219783691547,0.3529351402680991,0.4884062096202817,2.0733722693572343,1,train
9.32945406990953,2.3193975408938456,6.7443524402598625,2.2289443329841507,0.0267582758122048,-0.3594569989590774,0.5723312335868146,-1.0170678687139163,0.2372067289355018,0.9845858340322586,-0.5602107229584352,0.3170679592680802,-1.931640039780383,0.6625951999662723,1.2223222299806558,-0.8039052373897239,0.5764869972897224,1.318148137957203,-2.0163020701103305,2.0800252259601035,1.6244457855071226,1.136479751507386,-1.6333420449292426,2.158416290693982,0,train
2.5791768467357,6.994327573503405,1.7260096671693708,-0.6092986943983942,-0.99184350282674,-1.708785387474483,-0.2267465389963582,-0.0967120350848796,-0.8618217679833816,-0.2795419438556658,-0.464261991073641,0.4039799977104439,0.4573225985361244,-0.6076961322084441,1.3582498319261205,-0.2705249216006181,1.578618917480432,0.0372663722859995,0.2650613074318087,1.2234151247138394,0.4553676235565454,-1.7108951235927978,-1.3339978511738533,0.9896806559865332,0,train
0.31863067413434654,7.102884103296397,7.510710957935741,-0.2362071796159041,0.441988255010565,0.5203878586031652,-1.1345036978189669,-0.4501065265679793,-0.0788157183010157,-0.3027605853490377,1.000517057485042,-0.5279473681284007,0.1570300505697738,-0.0820585710575553,1.3841487653985138,3.854014767596058,0.1500629301758739,0.5928302404781001,0.5705688452944718,-1.7772402161269232,-0.3154048135915772,1.2607066048015678,-1.9866431840066896,-0.6754796113362214,0,train
-0.46855324123390135,5.394458297756738,4.129277010329702,2.474038853173397,1.0945085548583906,-0.6661031307502195,-0.2566839953426442,-0.1689365101948571,2.3510104072680944,-0.932945460759877,-1.1177080220869893,-1.7089742373132963,-1.0334540345162186,0.9493398886311633,-1.191292129783707,-2.3905436703363576,-0.0812742471092005,1.3463880314357677,0.0821727850170725,-0.2084348289193763,0.6019470646981113,0.4293831742551964,0.1149391455063066,1.3816725108177743,0,train
7.049435361124897,8.91782774884798,7.241789379446983,3.1048814287906157,-0.1988490728675205,-0.7727108324762698,1.1757644567565977,0.3350195713423505,0.1631706283981231,-0.5525433827549128,0.421374558479089,0.223320872802757,0.3553178417585631,1.0561712161122774,2.692731465778093,0.6957924425961493,-2.342818232502193,-1.2739096584503138,-1.0959995761340022,-2.333559721806334,-0.2342839006571561,-0.8592343546368229,1.0266297300192055,0.3376083864820963,1,train
9.038724309300521,-0.7892544573322771,4.80082540680633,4.0315778579155905,-1.7641689884537286,-0.5994505596351077,2.7082515289475104,-1.744324405157316,-0.0555503305577093,0.0827881603091692,1.0865589296569402,0.4468830269960132,-1.0853481912313638,1.0316956466094007,-0.3606119553463661,0.2108182079348826,-0.0012095942457059,-0.6208128975358624,-0.117942944070542,-0.2176772607802344,0.3880663135441723,-1.3700124305434278,-1.6747787369720415,2.0969059888351547,0,train
4.709533841181532,8.950917466155563,0.39175394267844643,8.391363165334067,0.8335758160719536,-0.4789849286080297,-2.4295485403233315,0.3642406877606723,-0.8362659551781564,0.1772884810341986,0.1255057435812467,-1.278290823157488,-0.1639818979968747,-0.6903033520148798,1.1231274368545952,-1.7050659568387172,0.4150399662829546,0.2844637317795723,-0.7662056835318003,-1.1590523602915923,-0.1681526193156164,-1.057753424328752,2.492889377118257,-1.0420638521066616,0,train
4.355523597448275,10.982037108065434,0.233663401666109,2.8270872394645057,0.1551518088839532,1.6258615613623366,-0.0791050858494671,-0.1982230595948446,-0.563529670248614,-0.467078211575259,0.7114966634461095,0.2851305985476789,0.4889693401671666,-1.1735615313579475,0.1650648299113506,0.1554360501088444,-0.4129389817277746,1.182756556952045,0.5561208473243711,0.651069138621628,0.4649434661246612,0.3727918115026237,0.1047801759761832,-0.7431295358617541,0,train
9.61270698642013,3.4554781626023487,8.587417004344513,0.24639075130913968,0.3625894078423058,0.8008378765324774,0.415850167758503,-0.7163969969151673,1.74685810711487,0.7044449246212858,0.1935975451243804,0.0665484225420464,1.174616603514616,0.6751661806614945,0.1990707199999818,1.4128376829149147,1.9151880314387033,-1.3871028954038032,0.0252388418750045,1.1740539261844614,-0.6473144637921164,-0.4151901543642136,0.8491507753431343,-0.8601692411971531,0,train
3.4267077451489873,2.2066888827237356,9.814656022931304,1.702758896074522,-0.2553231139473119,-0.3372493760743851,1.8141853807357369,-0.742723186690661,0.034770334511578,-0.1396837011272201,-0.4728975278442036,-0.3691460841916641,0.6838972294356898,-0.5207965233169995,0.8885730610262536,0.3781194318187823,0.7717072081277346,0.0434499250007368,-0.0321463285859988,-0.5729227143886174,-0.2740270017083986,0.2222485249495618,0.4267079087904292,-0.6983067827228377,0,train
4.449497774400142,4.850767779964833,6.011165520886793,3.4024154344253983,0.2457592342635921,-0.4428787799394512,0.4397215342962594,1.555311353155115,1.3166733442739755,-0.6987557268987985,-2.437229722383692,-0.950898185922566,0.9778750303928804,0.2919537044830292,0.5337727051926712,0.7935178742446317,2.912289897142193,0.4396557897675774,0.4293840150657829,0.5627046001995822,-0.641632507169705,0.5928628363831162,-0.3699929792452913,-1.2896696604979714,1,train
7.838860088959762,4.342679505965515,1.6617669752248936,4.241745361511558,-0.213033313744011,-0.3916720962321469,-0.8952338350285797,-1.047020447931418,0.1274999060705961,0.2763208457265383,-1.0510684978281326,-0.0187599780935231,-0.3503281472176988,0.4371694503085757,-0.4151945358819616,0.2502750632951759,1.3225493199538438,1.0529017041856223,-1.4811935361136137,-0.3293336062979769,0.5325163482535221,0.0283520749135461,-0.8343189238076535,-1.1041526800860868,0,train
5.500407261299394,6.016001422521124,3.0169257175120316,6.473159200590522,0.6085754078015074,1.1871499845149545,1.0704920158916365,-2.3796276328675443,2.4446880094801315,-1.2029049910856784,0.5600968589231845,-2.2685314630895235,0.9181792499869637,-0.6638101969138555,-0.6351168998381637,0.9239822266654156,-0.9342768648433462,0.2809395626997962,2.427349402498945,0.0498173050765629,0.8411615468693321,0.6980442337243221,-0.1221415296133106,-1.1644086946893095,1,train
6.013152522926021,2.973802440211541,2.127155452324092,7.052179416183471,-0.728990398285858,-0.3784159298540673,-1.3034956908409887,0.6094746427158829,1.640683278294205,-0.4301117115111483,-0.3094553598545173,-0.4279873325634507,1.1353373036807433,1.9217962744774,-0.4951756061329662,-0.8406107484042391,0.1718377538358261,0.7739265322863882,-1.4337200859438457,0.1279937686572252,0.2274288796346182,-1.738768416522535,1.3083967457739238,-0.4860464018583819,1,train
5.3255736873496655,8.919173363171495,8.502450679738377,7.474996622502849,0.8577801863629421,2.4333689050332055,2.3998084633733905,2.5191989065298532,0.0581365822232652,0.1997696186604484,-2.100199181284043,-0.2961901804868123,-0.8029457081554313,-0.1747074415824913,0.2732836869096448,-0.0011794580125909,-0.70587005653913,1.0550858450108205,-0.0368059946617149,1.2386912962202716,0.7697366372056413,0.4709165206361901,0.3765377182733546,-0.6463344849439339,1,train
5.645260428853319,5.170324270846207,6.672901686947409,0.8370449797109927,-0.9493361728459392,2.1407477927069167,0.9242036810655893,-0.0111827438101906,2.3178471537427003,0.4587409669171192,-0.2096110642241837,0.8415026242251825,-0.8147483303751449,-0.4581111128383602,0.9125012127228872,-0.3543007153222222,-1.6462995726314782,1.4902796236345066,-0.2968048612696966,-1.096984894452613,-0.7369459116235427,-1.346067939393442,0.3877512026608833,1.5441474444855086,0,train
1.3225483466209167,9.237793542261162,7.276057346605274,7.713366276992339,0.7241500838517322,0.4588051331928593,1.2440286513739212,0.9504709915318472,-2.170853116905752,0.8673376772500649,-0.560104232067426,2.397763897636325,0.3804484358696978,-0.8807511333992144,-0.0918181149334073,-0.7391123051468393,0.9500203274169324,-0.8258109003523626,-1.494522843917531,-0.3382011715406066,-0.4150288846163831,-2.3463812783715827,1.894448849385052,1.377627295397026,1,train
1.8692680837329247,8.201382808723292,1.8076921322901867,9.641539539205981,0.8240707851763394,-0.555225379538212,-0.0538915913569287,0.8293022804358601,0.1073788124016286,0.1089608744364896,2.093960983440463,0.68717106279889,-0.5223455811112174,-0.3163371365960942,-1.1797516437094169,-0.2853491781739689,1.182284829137142,-0.3304627444203404,-0.8150628105767923,-0.3447530877109913,-0.3928956848054789,0.0285125281514344,0.8663463683287882,-0.5815734223548437,1,train
9.948456712803633,1.2180939860863096,2.079486911057441,5.044007585122858,1.192456239853088,-0.8782572050810471,0.3539364909312501,0.9301580008279954,-0.2442443697170648,1.003672232224232,0.8679241692674731,0.5408353274740557,-0.1681851195759231,0.8217256262433767,-1.1733512468824008,0.082246599543104,1.1451820160816382,1.112267656346942,-1.039786248168045,-1.3436607932173814,0.0833389082472511,-1.0746059437888404,-0.542524064060503,-1.5752506110654856,0,train
1.0097208841611403,1.4220706275888992,2.671399108686236,4.278559885722465,0.2371758234254632,-0.7747933354466544,-0.4790995517760975,1.1447332504292351,-0.6795666088847502,-0.8370608786125499,-1.869788885900273,-1.6870404671066264,-0.2924950364789234,1.4001897593366446,-1.105041767437822,1.763720218631521,1.9911996402465588,-0.810488227739135,-1.680448488846899,-0.668395453032867,0.3259483936115248,0.9206356093141124,-0.7012190713420803,0.551193195838161,0,train
1.2677329248275864,4.778387799398935,1.5568926132058811,6.394203036338945,0.1867668261812844,-0.3264558626041312,0.0564598539029904,0.5867470617776992,0.33163415326315,0.3576997622303756,-0.7480455171244522,0.2352944983150116,0.7530350925159676,2.3352456796794785,0.2510694659806758,-0.3265839723826828,-0.7457052885771885,-0.0988999137571241,-0.3728356230434539,-1.3761926930332145,-0.7832196293281571,1.6893823611710876,2.397497793129592,-0.1012124928975195,0,train
6.975096096301158,4.999463129525223,9.37224004422778,0.7455777126310318,0.6690321292756602,-1.022817815952111,-0.5411446130529148,0.6999452041470594,-1.708316315637739,-0.5005099456023107,-0.6065853619267566,-0.5832918080037106,1.4390069497764526,0.6030276749286947,2.160450105450884,-0.5342284365165313,0.0126420072829199,-0.1196020372566204,0.0255343429859245,-0.9709277436739662,0.8436112775912401,0.7998253133326819,0.3615416621097503,0.0205338510863296,0,train
1.8983612976829942,3.7248219488593826,5.354706495156291,8.615102221484625,0.2125522028404908,-0.9653805589805192,-0.3204948365172019,-2.141030312899308,0.200408170660568,0.9079256932465536,0.3292526697057062,-1.3412344504249356,-0.6169113273109499,0.8215792778157157,1.1955814358196044,-0.8234450743705725,-1.9481301546217624,-0.5474453545239186,-0.9548519647506052,-0.9212377622718276,0.22166356654412,-0.8721338298692904,0.1339572017570144,-1.8994398725235304,0,train
6.939969694446031,8.895700544354817,8.823592271008895,2.059072109501936,-0.065102049496697,1.2616838213590529,-0.1810679189948563,0.0607861374271012,-0.0339666431808906,1.0622699606393171,-0.5531060968229528,-0.3148915927014621,0.9524405855463252,-0.1151689247328078,0.2436326030551211,-2.205889858124786,-0.8788156595290226,1.5070372408047452,1.0482005981514178,-0.0199282371561466,-0.5835511653696694,-0.035984416147938,1.468582749289873,-1.7992530525532486,1,train
8.547440516540254,8.097563182545922,1.803520527738732,5.898447173176657,2.095295547560585,0.9257915209320988,-0.286286815382536,0.1514299063963356,0.0070055122018066,-0.1964034790844887,-0.3707846284292513,1.5496245141581262,-0.1723896113768615,-0.6905748747133381,0.5104283843398167,0.1863783725888005,-0.4510505826094752,0.0309212626411369,-0.585369489170084,1.7185297955514751,-1.657403882360316,0.2967511537291089,-1.2418683644238404,1.3443115267226655,0,train
2.0724059688308594,8.754361181695998,-1.6825927459810703,9.316956038847817,-0.2951732310924745,-1.8267329979610567,0.9329858963100828,0.2205698317041915,0.2544068660322235,-1.1551262715546815,-0.8209546826532051,0.0137571993777665,0.8047178161111214,0.4443525836553182,1.504914823271783,0.552110530213498,1.470141181445172,1.309049732309145,0.5373852574212975,-0.7105919772244412,0.1031962636746573,-0.8542261377583655,-1.114869554920878,-0.0003063388063345,0,train
9.164462983339433,2.197960653606071,4.4425077211235635,2.915091971969455,1.8476412648957583,-2.286942934178432,-0.0492468838332322,-1.0955489568412613,0.8465174619257964,-0.3977937926254784,-0.6397836098479661,-1.3756077988003497,0.6396191642643938,-0.2829180838789288,-0.7485861582808053,-0.8520256085229359,1.0129969311741918,0.0346868504378804,-0.4335003412791601,0.3523606642586674,0.4917005056073638,0.800228745710147,0.7547156374131758,0.5779365878263013,0,train
8.205063086890867,7.702461240716933,8.290001856559151,-0.772688122977992,-0.4372521328814091,-0.8883543106822578,-0.3356218622071111,0.1178324431293241,1.8153253990685156,0.2153008716960903,-0.7571057646832104,0.250626502604618,-1.5530753261524464,-0.5531752353429579,-0.1725819827822602,-0.5241935797373914,-0.7857295676147659,-1.1443555649434023,-0.2230849610340246,0.9035603733975512,0.7487586096125035,-0.2052046103405218,-2.102677471096683,0.8179737009928963,0,train
2.2833431529841577,8.017531076427291,5.753190264745995,0.9924206802581661,0.4529820582651144,0.8874882129097654,2.5221023007339887,-0.2436305332496211,-0.5003146655123389,-2.12921835379528,-0.6900829232157961,0.9840904570036876,-0.550482729431738,-1.0482691291440946,-0.092739752039128,0.7572696578966406,-0.6368229261129362,-1.005255784141297,-0.5986338719341925,-0.0936911799943797,-0.9546376585746514,1.6542283774484603,0.4032834463220052,0.9844463486437492,0,train
4.759151021136649,4.107695668759087,3.0899135747983824,1.0455718594660754,-0.5855261254327209,-3.3149405150486912,-0.3369739651072789,-0.9512919265649132,-1.1684721396520696,1.498418770842146,1.4029883677377264,-1.3100376426217857,-0.3977341922182834,1.904115680028489,-0.6489469839370213,-1.567668464376024,0.3750025351440147,-0.3316661337129916,-1.6553950356932114,1.8652086634609375,0.5241387932088455,0.3655671290378857,-0.8661460333661795,-0.6419264120548624,0,train
2.2647761672121165,2.0098704361156665,2.1502428835680005,8.44959864637615,1.07101919696341,-0.1304146359158666,-0.3049825232442743,0.5254163011230282,-1.2559989781306882,-0.4468079948251304,1.099209524706643,1.1870253256204752,-0.3195266753564721,-0.0911556599040848,-0.7459262994433414,-1.6556275212248426,-0.5491053596429811,-0.1148223880005949,0.2588034990718225,-0.1959713924985,-0.1587231035677158,-0.2362582824066008,-0.5518514816760156,0.5451047868647829,0,train
7.36104097638868,5.358467956786211,0.7503398103837403,8.136782465174544,1.364931031069374,0.854301366966022,0.5209507656819483,-0.1221538279463638,0.4714342623859819,0.197058453710032,0.3324047109574148,-0.1685389362121225,-1.0959458509065212,-0.0461647272825676,-1.427569024933541,-0.0258154486636817,-0.9518333222223236,-0.2639147496914366,-1.2586346432584246,1.0580340024786452,-0.8039239576205264,0.060995685868812,1.6965069118468363,-1.4706580133889118,0,train
2.4809184751613276,5.6927043816769896,3.830083612874229,5.280288115113433,0.1379157244779521,-0.4084016908230709,0.1504033805353772,1.0815083241429817,-0.959995029752607,-1.2798799774509373,1.028442983380476,1.5097378384724105,0.0399465546061238,0.3566017508542785,-1.0194569630999368,0.0092942221729098,1.062873246293262,-0.4163333077215652,1.3927064537623377,-0.0797488832108025,-0.7840755826988123,1.242799423623696,-0.638599584139221,-1.2149107279150049,1,train
11.243132651110173,2.4325729148696333,2.633906495021929,7.399765069641719,0.4028075454756626,-1.619109277753198,0.3034546083488429,-0.1727448713170022,0.2716124571384321,-0.1118642165273458,1.0593266611195888,-0.2497429307784843,0.3832128532169288,1.1119257680817842,-0.4394921251223798,0.7206017215965408,-0.5882642269081256,-1.6882044386524362,1.4156850641301078,-1.5601810264776956,0.9980067664091556,1.1121475518945885,-1.050113659098954,2.879641098208279,1,train
3.0606831791813462,3.6777534327895607,0.7484183899756296,3.2186380667166397,-1.2424756954033962,1.5701673407735592,0.7451831452251881,0.1758085137853236,0.1748954167050257,1.1550986922625537,-0.6037423628864398,-0.2442455913448341,0.4392084923101064,-1.0178505084219216,1.374794315394677,0.6671765867764069,0.6862008096467598,0.1040532083174992,-0.9627657448015648,2.5873009213727225,-0.2742990145902078,1.6232539849946372,0.2798589947081789,-0.365436072000328,0,train
8.516742856116842,7.17616472525873,7.8825929911266455,5.929561560883449,0.9672139705770524,-1.1559361649162088,-0.1696146911499561,-1.1519111153785393,0.1589968995108083,-0.4938065284515309,0.9750593530480516,0.728661448333652,-0.9185578743945662,0.3585442222622883,0.6308818424316981,-0.6697316155353384,-0.3016215370438742,-0.8371658947952261,-1.7354086325082898,1.5778731850114358,-0.6609441220933515,0.5065678008695911,0.2279045018008868,-0.4953776671802379,1,train
1.5171657176254298,0.39603525529212047,3.8687926992095814,6.458298642563687,0.8045890971717653,0.628583155761625,-0.2986561358643855,0.1783051804505409,-0.0594348476390333,-1.435944670750832,-0.8894760524873545,-0.1210434684882418,-0.7704051433197484,-1.209961228509772,0.2896094666232947,0.7819104205655149,-0.0106799316913133,-1.2048299378873029,1.416952195034886,-1.6343330131920812,0.0269110058029664,0.7418789469870725,-0.4341916947480792,0.7120090455184052,0,train
0.10179422601895893,5.71405349219753,8.21405196752497,0.778552508668293,1.7683206704432086,-0.2006948714433695,1.1598842729551506,0.8983158206870643,0.0520829520275531,0.3279108912589542,-0.3756973658332572,-0.0923793598462889,1.1771506665939533,-0.8598574798486048,1.4386515370051205,-0.1225336860450259,-0.4370575833567279,0.3683872198399061,-0.1393638797565629,0.2417416689146258,0.2926339758793408,-1.28548156623998,-0.6984487537594792,-0.0051040801397524,0,train
6.860471202804421,1.7038299053269852,3.856832447935333,2.6662830759891127,0.1883842890665567,-1.506108431392171,-0.4634824271128268,1.8007852875071355,-0.0920217529184056,1.0134023117902125,0.5267595520807008,0.1229989773389149,-0.7916232424285806,1.787816413230799,-0.2395598284293903,0.6992743601832796,0.1912835109982935,-0.1823014893991369,-1.8598396143865457,0.5340073747335697,0.5563700470740143,1.4917334734758925,0.3850038634768741,-0.8197428033756929,0,train
2.156973341389143,1.0845872269082524,4.337479408889162,3.739178986394353,0.491069027764032,1.2682849016528217,0.0515645805550869,0.0825758377975567,-1.0909958970182032,-0.6095907367725013,-0.3690951933923763,-0.983747678542754,-0.0411451056075395,0.4454995552087009,-0.6853929997851768,1.8175332486165967,-0.6724167616706067,-0.0526435982786407,-0.2469564751730313,-0.4495712075702898,-0.0652695139292656,0.9904558553075462,0.8299875146251193,0.58847598445225,0,train
6.674682618263574,6.238087698774583,4.812798484730321,1.9370467107988585,-0.0243513724184271,0.3592851506749937,0.1256043534110109,0.4489658186206295,0.7668476152303589,-0.7028418208804585,0.4092116879512447,-0.1831720628926438,-1.4263418001846258,0.0504960864508574,-0.4955694281999313,0.2330081011704449,-2.1228125898831265,1.2423431478667286,0.952206242918036,0.6544476116606079,-1.7988069335383088,-0.515129664345616,-0.4128748588107415,-0.2735372400227281,0,train
0.4878762997499413,5.50631136510046,7.178513006960905,2.585276757201925,-1.1454725569524744,-0.7363432250034424,0.6921559997087313,1.077240067670434,0.4583630146691923,-0.4236135509193059,-1.537862910854657,0.5061531480687856,-0.1203571472593083,0.6762701167605376,-2.0578053220183232,1.5284142566485857,-1.151631972234707,-0.1478811069421512,-2.659017731572186,0.001480486442186,1.142468020468503,-0.0651426247524162,-1.5156297280687565,0.1348840873676025,0,train
2.6537986304800123,0.4789229793412745,3.7084922823547313,0.718391965961802,-2.097402125809102,0.948872842807342,0.1608529241384194,0.351181530462846,-0.9507717503696512,0.6556700393469048,0.3399423747472787,-0.8427153373614601,0.0301670027552178,-0.5607359782361171,-0.5554194007511869,0.3846487511368776,-0.499741273202586,-0.6686097568712703,0.3093860640857211,0.9042137988353772,-0.6719311834829378,-0.0280345691296,1.3500591663720385,1.330751197008781,0,train
7.0392893592661085,8.860647718917809,3.3027790436107396,5.458387613938872,0.775201791695818,1.635630967712355,1.080573908914989,-0.3908422521287752,0.0634523718346605,-0.0569918372939037,-1.115488288270215,-0.136112292101016,1.286230294483213,0.8130720697420855,-1.3232889671285033,0.649135011529313,-0.8732751009328332,-0.2586257189612465,-2.8942380900062292,-0.9518225836083536,1.0448131799376783,0.3756025642676315,-1.1006071661499486,-0.5332151181466545,1,train
8.749050307430752,5.790370553619162,0.2741308125841704,6.832538460800727,-0.5049100800024864,-0.5616734064684593,-2.325722255560333,-1.7684120896953597,0.7350977855802158,-0.64460710697127,-0.7504636717883184,0.343990682663669,0.835497147937894,1.1606272036937773,-0.1516041176645721,0.1881951228207022,-0.3392196790060896,2.1202648238276813,1.0428486626962556,0.0526031285515526,0.7641754984896053,0.6445691086591234,0.941385099616279,1.0173429403243404,0,train
0.9100644803122218,10.91162686004142,7.910705247117634,4.373484201125253,-0.3302888897538527,-0.9547745690447637,-0.2928437875467231,0.8341828286975588,-0.4856992127956747,-1.9031408775216592,-1.0897268421601176,2.1580970573977254,0.8878941482917335,1.0277113082435807,-1.668253374529312,0.8781477498703177,0.5423004111381675,-0.8379204123746058,0.1278679839278509,0.3197511653465912,-0.756921210713272,1.4233982992821732,1.5741244433962835,-1.1562576846147772,1,train
6.701957420626101,6.4374038422802835,7.097917695691813,1.7091767291707107,1.2863250434731004,-0.4969716179668604,-0.7218482261786391,0.1977384123444316,-0.6669010169663132,1.360211590156327,0.2837682792194174,0.0724424409176311,0.5496323207684296,-1.5196889314644362,-0.3500957350619929,0.0569916828167804,0.6144004554156437,-1.7666970288562982,1.2267634410478103,-2.756985118278603,-0.7209138758486962,-0.1922623933066569,-1.548685224363782,1.079100024123154,0,train
3.8862207408439917,2.792769366804508,5.272172310961951,0.5582015608408822,-0.4865872590605483,-1.1072668372021155,1.4461237000482088,-1.392291325667904,-0.4482178813646609,0.6198652541682428,0.082006420493793,-1.406739235427429,0.4580948080334097,1.88504203544704,-1.0413775070332203,0.4566306609611633,-1.224638285880719,0.1371286065350214,0.1979521777701504,0.3924446012125735,0.3422026962749212,0.7773905140246286,-2.014496120318681,-0.1607725975185081,0,train
8.531635141800358,0.6777406862035532,5.1086831475614725,6.649349564051038,0.6251903734026774,0.911681594220041,2.516413689884814,2.31814685615544,1.072242524796336,-1.3357784579426255,-2.052536848843003,0.7130476058557867,-0.7674223521994381,-0.0162844598544748,0.1335230796549728,-0.5829040698539338,-0.6342994519535694,-1.182543058219892,0.1938053040526086,-0.6146357098631853,0.7980131696094969,1.7973167960697818,-0.7592872414883153,0.1847800840018388,1,train
9.401869556027567,6.003152714539319,6.467405052955671,3.4011461926773396,-0.1172635036716754,0.7446460330374624,0.1763799473558677,0.8558170200335482,-0.5280446409888845,0.7871925647711726,-0.8729567433178621,-0.4619865284767064,-2.2982463795482344,0.9099588059132082,-0.0442641242399313,-0.8479786045025518,-0.5551118053613417,0.5604382689687669,0.650349283054589,-0.5686302723434009,-0.7753802082302721,0.2303182468985702,-0.1829677651080574,1.1551482212990007,0,train
10.018140086039201,8.293950848277785,9.082511959635713,3.1356700511535296,-1.492004620824696,0.1191645875444354,-0.210932045529238,0.3683437069576372,1.5221870707306973,1.640453660244793,-0.0994420685335629,1.3121997271882622,-0.6092482877795296,-0.0276936020677163,0.888011669719878,0.113751553506044,0.7574294796076165,1.0263059001191492,0.1848565561819485,0.2524449830201392,-0.0369931489044407,-1.644699316287978,0.5930014901327947,0.1557494032590474,0,train
9.173691031795155,1.1534371412833657,3.2563307357817455,5.086219494841246,0.0824311337000839,-0.0995495732916375,-0.7904640598142489,0.573515508810629,-0.5842270760581363,-0.7933259903186486,-1.229163825007078,0.946533722068788,1.1834832105773778,1.8873803546720755,0.2681752047152164,0.5286133435075675,0.1308088547968869,-1.2100675218267636,-1.3253803184227078,-0.7177416338408787,-1.3846177931945205,1.6413772911640436,-1.053053690771328,-0.5864521294394202,0,train
3.1766684913569643,2.0635262032384367,6.706344854502636,8.888685024831693,0.4772396252829373,1.1078552828953887,0.2929090265877113,-0.3120734794937926,-1.5185986437137264,0.9291469589916076,-0.4476901845926501,0.4371793198084074,-1.0874011896547984,-2.14528336176691,1.3140054131167975,2.6444296969131,-0.6576101436447197,0.281568422434425,0.1319753199752125,0.9262402777767909,-0.2007414689343417,-1.0232235211842864,0.3951323958374088,-1.391082157334745,0,train
10.264619192309972,5.250431841940807,5.625650940263484,5.733919725336066,1.0409990031505554,0.648765001839306,-0.5348436144985063,0.9818324899961852,1.7986341290994752,-0.5694806147777296,-1.4240829887036934,0.5682825903092906,0.5416491264151114,-0.7022646606200735,-1.0614003369939902,-0.7824151828753743,0.7602993649552117,0.4956209848851883,0.4213746820375145,0.0724172031653533,-0.8659062146330148,0.1399636413789662,0.3067989624308453,-0.8155636795193993,1,train
6.021425904367531,6.973655343980788,0.510455325218773,4.849963681151903,1.172732575860352,1.140457127785723,0.4918782764896532,-0.3778790359427762,0.0219765751938986,1.074606956477479,0.2370997076432401,0.7289908293075469,1.2351267343088517,0.1408757190053035,1.5179635887910488,0.7169896936139282,-1.3156179516493214,0.1162535826659617,1.3606000144393158,-0.0047176528577299,-0.0781075925862525,0.0097029475902572,0.3081225619883199,1.9866829266506485,0,train
6.240725147665385,3.819809863182175,3.728216351681897,9.03574860969482,-0.3532637113107444,-1.7173801847793382,-2.0161666652612342,0.7086707260904327,1.5164726143257017,0.5620155816052246,-0.4598623354762056,1.1676336293849972,3.703115572848083,0.1436464580638177,-0.4803810693242121,0.2316676612447129,0.4436235875401672,-1.405265440682703,0.973027087048774,1.9690359593592064,-0.0304802457708895,-0.990882240329346,0.2606866710927151,-0.8889686235706791,0,train
9.818683196851644,5.085162089934508,5.975409628735227,2.721969481677902,-1.4726051750687648,1.4530776018822698,0.2297918086741121,0.8800763191875128,-0.8765548763927098,0.2931842775503681,1.1308944341261933,1.1812781356898625,1.1586300529889055,-2.570355035710002,-1.1742227775253455,-0.1379240037455658,0.3246405388975737,0.6278917377245435,1.3762321008414462,0.3087239081645505,0.8355759193857748,-1.507680011066144,1.0077598705638016,-0.6713289800055586,0,train
2.768590408944937,-1.708187240870993,3.426675041214282,1.472018292453872,-1.6110817676698592,-0.00549592979916,0.031632002732476,1.0642380692465914,1.1292184406008146,0.8289971811494903,0.507071107121372,-1.900919307147775,0.0173511053572772,-0.7892992221862456,0.7651994745061116,-0.3135954533720158,-0.5815876174540227,-1.8908791149549733,0.8744736075370177,-0.09004260940306,1.2249848032538793,0.300265504444209,-0.5307367139287985,-1.4301721695311516,0,train
2.8153484965526157,5.7971410933626775,10.697895074861481,2.2269156864747988,-0.1589586330748748,0.0579965544447364,-1.128131370802531,0.5523222372138453,-1.0048228853697203,-1.4784176765724506,0.841406526885564,-0.3555751247326503,1.3504059091888585,0.7315883218561914,0.879259031280849,-0.9599513245853604,1.084853988453389,1.3935758952545083,2.3817836956002343,-0.028023530355994,-0.7567692286667369,0.2205183394976771,1.139750339034476,-0.4991019526408357,0,train
9.682850347762516,9.715431356995596,5.133751305737003,9.213644469881118,0.8781227808987176,0.1499253872268385,0.7070059752285373,1.289146303273102,-0.3910468929084691,0.3173496745159728,0.7028559887118792,-1.714568604466644,1.2812078188598843,-0.5898443160702228,2.8232497349882513,0.1181951323881254,-2.1463138873511216,1.1935414319271591,-0.6789453410286489,-0.7427288277418531,1.0935835971356134,1.5286288922684192,-1.211219334048004,0.3377297144694177,1,train
5.836669854644246,8.442952340137248,10.726118851426628,1.1315333009388504,0.4875299036359107,-0.6375793221335517,-1.0007122600179936,-0.9446241008689448,-0.285992215144068,-0.5584348683490413,-0.4123588688092467,-0.1727502574661833,0.4621539382763663,0.3600740137728131,-0.2748680922631042,0.9562186148609404,0.0580813570686775,1.2767199827861628,1.757978276505798,1.2322088055210505,0.8014585676956099,1.5166666000272075,1.2843991477857235,0.0493382676990881,0,train
8.61480013401227,10.21967849392908,8.138108169562335,0.8930557434948443,-0.0920634224942395,-0.1650481808526352,-0.5358043910006144,0.9036089253291508,-1.6623435327852374,0.1865941562606909,0.9829393968976649,1.6650280223311902,0.9773187016739626,-0.3754657944498538,0.8222134657260739,1.6071076717435957,-1.401817093082985,0.8970899470910214,0.6612963114458063,-1.7750900831568517,-0.7212112900812441,-0.3252956077145328,-0.4125260443212101,-0.7941128995828675,0,train
1.173326228009203,7.9972971679735405,0.03182718083639373,7.919771922074002,-1.3477487660195706,0.7281381709937297,1.880007651786774,0.9569052618632286,-1.1190736743809495,-0.908925630810668,1.0466300128300066,-0.1129781222262613,1.5016815914409336,0.9250139943775554,1.858021758869637,-0.0521312311176202,1.6604214850088646,-0.5136214479555237,-0.3537815991372252,0.644103013554064,0.9279239791213282,0.1890629934651964,-0.7662416314025181,-2.439552862272745,0,train
3.0540518477924636,10.608704996187592,11.510388903414128,9.656496715772676,-0.0262349715075243,-1.704281711924826,0.3221630039159,-1.11168668741301,2.2602124855493537,-1.7840364843398646,0.0840580124614061,0.7783881270815465,-1.2000783416646377,1.2773403629447633,1.3314456732808446,0.5109774402839801,0.5618293102450974,0.1451761393375153,-0.0448768989477412,0.1180347535742807,-0.0903504501581925,0.1127672912495434,0.6229465158195427,0.969869877480089,1,train
4.358792845826931,-0.4466012922489067,9.449524474788628,5.413702973327139,0.4700669975360784,-1.4054642194133466,-0.2571763362615937,-0.0481052505775446,-1.4257271493044192,1.0491880122357526,0.7383400153530061,-1.6274873276640978,1.0020399005839953,1.4232376469235288,-0.2313165817888376,-0.0993747142983535,0.2674393383116655,-2.4145879750431156,0.3920443959185222,1.3058630023476432,1.0118438042177813,-1.0212989526598129,0.6801225844582689,1.845521941954218,0,train
4.500000331534682,7.438067036758477,1.8614442911380324,7.700546646380108,-0.8330420055720072,1.4707911818943773,0.59214764952157,0.0805063003759783,-0.0303254614901526,1.2856332645724058,-0.8032705632822126,-1.963703163896647,1.096597450769672,0.4655362338633911,1.1813057522516053,0.658960595787945,0.838722031456665,-1.9502384638624104,0.4017283573670765,-0.9846155549171424,-0.1684726274288177,1.0008689668052322,-0.5167625124634766,-0.7548314812117254,1,train
6.958644659330697,9.601282448487773,8.638939470447351,8.135592104314432,0.4558475444742976,1.488305295955234,-0.927333420939982,0.4582970861065515,0.0360731628362881,0.3257891200660504,1.5703454794976612,-1.149835018985729,-0.3971042056159385,0.2092367237191971,1.9170940786463735,1.6033391197046802,0.0957222281551418,-0.7823258768319238,-1.9933015282124449,0.1939968415467526,-0.2977102740920249,-0.8753182195764528,1.0766462301784083,-0.6695925202993555,1,train
2.0452826286433567,4.216534295601895,6.68002253687648,2.28473789441167,-0.1072576611520755,0.6175610184175759,-0.1141120686390013,0.9807608516668525,0.7739495362027666,0.109932614814018,0.7205337334815297,-0.4298827762824093,-0.8344893219549744,-1.2132252799779968,1.3685827950627287,1.3896363644937837,-0.1276846519273681,0.40919955968009,-0.0856997794240277,0.6040178690738792,-1.230908321853869,-0.2689269627722751,-0.4718502293630502,-1.6717663874890236,0,train
2.2975789053500635,4.595229620841076,-0.18059678612034458,2.3827341664532815,0.6774667509154578,1.237866281329798,1.624007942420692,-1.0595972923643822,1.2446155727040928,0.4755215391665738,-0.0658861099407308,1.0085289095442116,-0.8351075842739155,0.5478909975828001,0.3714525021266714,0.1982893085346314,1.0611576203064954,0.5670632377318032,-0.1999938524595906,0.8804975500638195,1.991830108722672,-0.9904257350195428,0.3927139155525045,-1.4622010925303175,0,train
1.2544041051825072,4.698448702929047,-0.4630933217452807,5.662320076322131,1.53777145972438,-2.5643307335811616,-0.1650078121304676,0.7038798621977024,-0.6956748126100732,0.3667365404064505,-0.1314750354617296,-0.5337833506764477,0.9686737854042486,0.883655863960536,-0.5138808742608301,-0.483978256450578,-0.8251710207450367,-0.1644871596821752,0.0562336612584362,0.4139280297619646,0.6865135203198184,0.5837825738021487,-1.5290109967467067,0.3792681051523235,0,train
7.584148562465758,4.699014065885748,9.1266539959244,9.3033908216489,-0.6413902918697612,0.6513793572758625,0.9109641162609458,2.486973494445553,-0.6783080865282107,2.94498806491306,-0.6670696047748702,-0.1001282560089835,0.6061908757560424,-0.7717442596310164,2.3104694244857824,-1.2204039914396645,-2.1290367825693703,-1.1292584678312727,-0.8641156841168149,1.882744246301953,-0.557425734952875,-0.2938977283976467,1.9573451300227585,1.0994961219892556,1,train
6.9165851877322115,5.9424859148192,8.381824733514362,6.585355600771729,-1.5194605794820986,0.1642529784728969,0.2969059069457009,1.2682752902563372,-0.4901523619862291,0.3341856931987834,-1.294171420028998,-0.2056279394695106,-1.2213216410061007,0.4600396536641267,2.0135743519544635,0.0174164569283502,0.0488952927637327,-1.2036582898497827,0.580627788843232,0.3597974514313948,-0.1033224793101201,1.3303561691809158,0.7667185974952743,1.6882787777959811,1,train
5.0663088572222215,6.6850758704471875,7.205280740217556,5.339297689718404,-0.2824636322705258,0.873217126912183,0.4868435843754145,-0.3197739388308395,-0.0708597978268034,-1.2009797081493945,-0.4741379897540573,-0.6304667759443036,-0.4284751480887883,0.0612875308719654,1.29616527093395,0.7847297107172428,0.2396550272136088,-2.055770044909853,0.7587169205164608,-0.9487774054976448,-0.1527389018624882,0.8029242120236847,-1.2537865020326435,0.166503297845861,1,train
0.6582609167545467,1.918514195275747,6.342404112997611,2.6846673543966015,-0.6884926434501832,1.573917530555372,0.8860086347531275,0.9649106630968398,-1.2098413299736526,0.820915109697871,-1.3266881850901615,0.7322654223082962,0.6596984972119618,0.7165863733455289,0.3931629506055101,0.0519015010597097,-1.1737327570993918,1.157720031112696,-1.1146624281134487,-0.5731069523893695,-2.0909586831044553,0.488238211345362,0.7174796702066297,-0.6466964939023752,0,train
3.459807984873635,4.583637519208925,0.8064505623698088,5.1344142407126165,0.7597724775838831,-0.2377478898854589,0.3047800462622975,-0.687959107784489,-0.3639632885144889,0.5536797636573008,1.006119464243649,-0.1690900531393515,1.4172331540738132,-0.8180051496099737,-2.0643567345140954,-0.9821672497500256,-0.9437993301831968,-0.494771732270546,-0.0969113577463041,-0.6831809220750431,-0.1156012813313841,-1.1572927497868888,-0.568720684263803,-0.945918747021788,0,train
3.062799176902384,2.429156944371349,7.048509315792286,-0.10716489256242334,0.3259464891404675,-0.3713060340959623,0.2047377079696496,-1.1715696251958778,1.4283683207457252,-0.3027096955366088,-0.7574030129198807,0.5726322461508944,-0.2567383358250455,0.2341377039634404,-0.7144066511204562,1.4686283317177955,-1.3270868233060007,0.4780345765838044,0.5619206382321816,2.0574591647260725,-0.3058439010444524,0.1251742147121018,-1.362235081503126,-0.3879080629569496,0,train
4.358617811589401,5.106164514278956,7.21257804592771,4.402533627564062,2.1899062186080434,-0.4629452330290206,-0.9949110140901252,0.1912838588779277,-0.0475760422228251,-1.8594645814989128,0.9323041189729092,-0.953248722477517,-0.877632078135147,-0.8618562698705463,0.3329836251977153,1.476043204236168,0.1066022434996919,0.5219577873456068,-2.467185642329642,-0.7245689654311099,-1.0306077916126073,-0.3349912002830943,-1.780565509019263,0.3017914449694767,1,train
6.6245224457394185,1.878528409638909,1.3255673206890792,1.5828151390199658,-1.0007001850538315,-0.551926335164614,-1.0952174284771583,-0.5909034499951853,-0.3956424872499648,-0.0843749935618074,-0.1087138456245602,-0.1948798463068993,1.094197137649796,0.5102194229515034,-0.1726204895966715,0.680804448929903,2.2135947864631698,-0.4075957440653744,0.4331840517393682,-0.6544563287049152,0.8351033213273179,-0.26892758545462,-0.5942396007854529,-0.0708643615760894,0,train
7.91693085660004,4.77689168624542,5.260260790577143,1.7254064274037149,-0.1230998120601222,0.6096163849371801,0.3747626066234224,1.5585639347230786,0.8182819766322508,0.3084303701804446,-1.6335603084909351,-0.6037798556074742,-0.668068006102087,-0.3431767286951883,-1.3879329785064356,-0.7069979672042862,0.359889864917727,0.1135739466739976,-0.4883485269178691,-1.0301672279711995,-1.7147801220822785,-2.290564317480736,0.5209785019525267,-0.332971299143163,0,train
10.381331709577253,4.548369756424838,4.714741785477619,7.764040184275331,0.1698674735313551,0.1997824350484992,1.2227914568114615,2.0925773721415073,0.1870111406035375,1.2737784910390275,-0.5701136085587681,-0.1141670819105798,-0.9973612101325084,-0.2982508108627634,-0.1765588162647374,1.628970306959044,-0.2941937648950666,-0.2091575591769036,-0.247755749728406,0.7583651803973958,-1.5832877550146516,-0.0403876339397186,-2.1350038940130815,0.616514092237201,1,train
9.588242007170923,8.638327067792803,8.596190842331296,7.8654857012316075,-0.6191594116627824,0.9468372697005132,1.450619383494502,-0.1550720500191015,0.5890550940988186,1.3268699514958806,0.6680026198555069,-0.4361010696034955,2.9686049791856,-0.6492190740186099,-0.3736492842590636,0.9810265036729412,-0.2212501711737238,-0.7094162621538923,0.196399593192912,0.6067477100806703,1.1690824172699286,1.523496075956447,1.9326094068543695,-0.6252487167950824,1,train
4.181083253213915,3.6233679400612826,8.434313286492332,6.179103422743653,-1.6287480882431948,-0.4848774895091287,-1.149512071029145,-0.397768483150297,0.7634424229907093,-0.4526859337632491,-1.646855505314656,0.9118955134764714,-0.930476562275031,1.1798179539598994,0.3064423829229825,-0.2066752276781484,0.9397310026586864,-0.6887589591213623,1.2306689859520168,2.0142746712370445,0.5380016213044889,0.4788645601984156,-0.9130275324149072,-0.8970655534678725,0,train
0.44648451027759284,7.0455490549717705,2.8167455190616133,11.673412750797072,0.2323857877623362,1.9827239900372495,-1.7422570325426607,1.0461734495256103,0.5774465378680648,1.4499043961910871,0.7571195045393514,-1.0047320623571758,1.092360040334717,-0.5434410125184868,-0.8166103561701404,0.4558735751152768,0.2984580198501813,0.0342920769974642,-0.221346906122793,0.7826923029434697,1.182674209960019,-0.1284259731960207,-1.1520363665663094,-0.6369658928941961,0,train
9.60723761335114,-0.6324221418974711,3.8064049278513536,2.6427560921436117,-1.1005500134879926,-0.1350449674588696,0.4152880990552936,1.61299818670161,0.4378586804402676,0.5200523350384713,1.202009670193742,0.4956290161014642,0.681411315875172,-1.0419039240620245,1.444066854226562,-0.1430438688739495,-0.139249619674969,0.1274881091978956,2.1755852871280057,1.7596571580443436,1.7036789081620831,2.251485843401071,-0.3398983201163718,1.0236860253561983,0,train
3.5467618239023633,2.894004717391132,2.735700085318565,5.762070453221787,0.2359645123976061,0.2841085710980879,0.7731781983728762,0.6994614978867487,-0.0525110665776697,-0.8040307855457864,-1.2249304746695553,0.300744037087563,0.1059976606679262,-0.3122446295085107,1.433863167274276,0.0827560745938766,0.1424766498866695,0.1675681417996847,-0.671686796808872,-0.2736938621413647,0.515223540759145,-0.7523842024962089,1.168197739742226,0.6658483658447166,0,train
9.790126906873304,7.798984094657106,6.797270053564285,3.8951240483457834,0.5868960844794637,0.075237122892288,0.1597675781925782,1.2479389225807531,-0.3280765358009197,-1.526432280617478,-1.4878558001231394,0.0910741638530744,-0.7683045260770971,-0.9570721775635698,-2.122162350516728,2.1670196026375717,0.5623580016117682,0.2145546783607102,-0.301380930925907,0.7474246252481621,2.268194266534256,0.0246275206638044,0.4323765473682657,0.343696143604887,1,train
2.894850481665194,7.20718335333323,2.553384420386948,7.798294108209181,-0.7677353991474019,-0.1051502743756395,-0.5011550291745767,-2.1621837648049764,1.51893501202848,1.1890062468408196,0.1415030675843945,1.715689259849713,0.1909180332292371,0.0404594663858203,-0.0365969959668311,0.829543377634735,-0.4733955214815517,-0.0596526885737694,-0.0673241850945602,-3.344341021206403,0.2513000578250665,-0.0192846326113106,0.0286985328862659,-1.795704763808903,1,train
1.3884292597597292,5.423249788503113,3.989758303525428,4.272532161840942,2.9455246065014897,-0.6381175676851786,0.2199655816777479,1.2002551367743175,0.9551933310219172,0.5488483369283151,1.9148805887566624,-0.8667289811013528,0.2040920389525001,-0.3003687732183547,1.3580676394536064,-0.7161102726066033,1.3013377291457615,-1.2052578020430902,-0.2816754459116683,-0.7897219291891363,-0.0698269776771076,-1.7094442928054077,-1.3512651373963205,-0.5350587581909666,0,train
0.8429981843307328,6.66129666822189,6.120120550109898,6.140695651140599,0.9359678537370536,0.0544298749768409,-1.0449035396192414,-1.440615116476862,-0.3718016923595925,0.1146419748037043,0.2680706289254239,-1.1193502583145445,1.4147174911066638,-0.2206459320362889,-1.6996596659127985,0.0066978804944859,-0.1465398640373783,-0.2221238878346716,-0.180082832584914,0.1517186568684793,-0.0086438944407078,-1.102913845216858,0.834432975454743,1.5222147332807228,0,train
10.583537949321943,10.339444240466797,5.833784674145047,7.1427638114557865,1.3052070415882755,0.4216942971433972,-0.929099311117424,0.1515763570661985,0.9413987478849416,-1.3280259319201828,0.1288211443314774,1.1727445849514204,0.533791156496621,-0.417936392386188,-0.0973268536110793,1.2488725803951797,-0.8463943640283129,-0.9991200253767466,-0.0846747866108082,-1.2682238521875615,-1.0268421396866614,-0.1887117925999916,-0.998393670959482,-1.7716913198158153,1,train
7.9667710499550015,9.33788978452356,2.2447544971011224,-0.07840087764353176,-0.9054961323515024,-1.1557458489484724,-0.0582852108686572,-0.6270472699408247,-0.7154167169209456,-2.0985504327113915,-0.977621646735658,-0.9440344409824306,0.5328336792206596,1.687653545927119,0.4808386257640256,-0.2214456597534163,0.216755813657614,-0.6870696815997266,-2.2112900037449816,-0.0904261171037819,-0.5735811335519598,0.4212723031617488,0.2346837182466529,-0.4304597114450372,0,train
9.803244195082101,9.845402677862957,9.23281375570364,3.4776308396347804,0.1340550237952603,-0.5498666336180661,-1.7678159469087735,1.4851601598909718,-0.8992952270126923,-0.4789960520859764,0.5539015926974808,-0.9445085411511098,-0.4733657935956336,-1.1035571866243654,-0.2880965030161591,0.0569098582597843,-0.1820711899923022,0.8059531811218721,1.474808864638684,-1.4943593917374205,1.5116748708569692,-0.7950765972272583,-0.4437588493533947,-1.4658794652292386,1,train
5.330621028723179,7.961977491504429,3.5177645645862254,4.741803722253198,-0.3177791385135436,-0.3458912076601271,1.0972839443083091,0.7699091121018126,1.3083530100806182,-0.3493223105706317,0.0389704626294945,0.9356521682718428,-1.1604718140677102,-0.5475213599331286,0.7578767182499507,0.5289344018877391,1.177293283256296,0.759877937828903,0.4229900607675594,-0.6050036607363806,0.6574162572269578,-1.518978009626292,2.3222153956821283,1.3083094358557628,0,train
1.3515489331145065,1.901138699379806,7.940625822746068,1.208117310913578,-0.721876463955158,0.4324015643168619,-1.897668385374271,-0.2742417137510646,-0.7157839672512706,-0.3528796179954085,-0.1702455820946299,-1.7554474250361036,-0.9653601932481706,-1.3250972572966453,-0.4837391200906874,0.2144919138791613,1.177325689237767,-2.907785667490556,-0.1468844217446377,1.1795848304353291,0.9366750436218682,-1.6168997277813115,0.8054467925176896,-0.6039072474165139,0,train
7.514754908120976,10.604064379255869,8.560888172305168,1.8003839555881918,-0.9372584425468244,-1.0992732913784091,0.0750876938148133,0.8158591503580781,-1.0113195491906255,-0.5717040759388785,0.1827233730593472,-1.647268206520407,0.4784402053325747,0.8393591589834378,0.6197151052044099,1.7737293707388824,0.3978145412323579,0.6214785561473133,0.6622842388341112,-0.4944666328970368,-0.1884240385128944,0.4731262679806296,1.1654852938691276,1.2369140297402974,1,train
5.2270198101716465,3.843114598754773,5.63760360254921,3.6092633873622075,-1.041699852718469,1.1103319332548371,-1.1102230483191355,0.7636642940806636,-1.4012883754222676,0.5176126895622452,-1.0454664238791131,0.7423080251308898,0.7356187836140954,1.657649091409242,-0.7991324326634037,-1.611279029108328,-1.2220672037037603,1.1580698052416991,-1.42933980360826,0.3698644700710997,-1.235628306116913,0.178768472638229,-1.8587946174562888,0.1337141573515397,0,train
10.368330474467657,5.791178916944014,2.8526154365190144,6.598972465128466,-0.3394531275141669,-0.3755489623850422,-0.0327507343118686,-0.4705938918605884,0.2494530333124681,1.0251846638570954,2.426945032494695,-0.3481861347243827,1.059787592433204,0.4383053017243278,1.1532619308609076,1.2526159211785854,2.8719993935937698,-0.1013544684237753,0.1037260986425812,-0.2005164836317023,1.1180625444610166,-0.3977737661295366,0.6196323693664418,-1.1302954557294365,0,train
5.059877116755851,4.369061698602934,6.237604329210911,10.485393492709354,1.2969815726905092,-1.2003829341884578,0.7798378997185237,0.7702855270638822,-0.3095628069108388,0.7477425875527409,-0.4436987429477766,-1.1273917737763948,-1.2205479781673478,-0.6494783962032002,-0.4752782931707344,0.3096283084975468,0.6241969549636015,1.3533656299768595,-1.150913531035733,1.2915799629603706,-1.185465286948716,-0.8217224886561701,1.7705494561394468,-0.2524728729650353,0,train
7.334822977977618,3.5239572754913935,-0.9174383912945852,9.16367067149239,-1.2797474825614654,-1.5576930341672408,2.6249640758034887,0.6739575567099524,-0.5945633228215541,1.3638297260375936,-0.2536585558215721,-1.996853895556643,-0.3282474312112418,0.1126927037808127,1.180569709805581,-0.7960904496127796,0.1822663340310274,0.8109433720334569,-1.053557777932047,1.1523555381875314,-1.1738148008133276,0.4150297115961323,0.7876026711180061,-0.8919933098774826,0,train
2.2956561108240914,0.7943798114007302,3.358417541806823,3.0964227203437513,1.7702156731818062,-0.1587654504007197,1.4362730314027117,-0.6745183612274547,-0.9936303939468768,-1.278345366980408,0.8963778648155621,0.6981791710852054,1.5719960336169931,1.2336357644003664,0.5987556400117034,-1.7455648801094226,-0.9473366863903144,1.252145022757095,0.2896776593379866,0.1081777057779424,-0.2649691033775133,-1.221244451859818,1.0828384533847335,0.1642324787993611,0,train
0.4589634060992011,7.292221370174178,1.419047058603804,0.6558421002438508,-1.7090806859479168,0.1901844284025608,-0.0344533799069104,-2.227191273472891,-0.5952710560513175,1.295497357025719,-0.3603060055923774,-1.1376774238796048,-0.1193591065669437,-1.2680548596022965,0.4863538051266372,0.1996956953003731,0.3461506595127841,1.0272888335850543,0.9533604760268892,0.4105293271155374,-0.5014935134862435,0.3413850280164578,-0.9883715036316028,0.0084625099546686,0,train
5.321513070021537,2.837505979943413,7.0480838059673125,9.333107107881077,-0.1003701336304867,1.434325132951887,-1.0208319769264265,-0.0148295489743897,0.1615455769515467,1.0353304098365437,0.3919789220969799,-0.2715428598382577,1.4279209575956593,0.0819080369032324,-0.0021083580972932,-0.2741997710449299,0.849998688668371,-2.3321753059083656,0.563675673114939,1.1454253591606016,-1.2041777483840068,-1.0850026022909862,1.4523909914875015,-1.047795635932847,0,train
7.428661728144923,5.657895350629353,4.183448440352124,3.784920568702418,-1.0657525391313991,-1.705132278497231,-0.1030509375662749,0.7477696013120991,0.4231755648792386,-0.1129959805387215,1.5700437025353355,0.6885115261115072,-1.2204660164832146,-0.7811634173503532,0.2815064408694065,1.1774508938887505,0.1020218751116116,-0.3859536100427906,-0.9317238992420332,-1.1493081536605214,-0.5045223867708538,0.8947315949387212,-0.674712650115125,-1.6193945665963148,0,train
10.129735224070462,5.866195644848457,5.129109348114204,6.859567480511223,-0.2268068799172504,1.0613395103908017,-1.2118033305896423,-0.1554994000612258,0.0322700149237423,-1.925633278122856,-0.5735271100551734,0.2956802832193173,-2.8462130144574735,-1.5714845857917576,1.4778977626591554,-1.1807308880177625,-0.4781228390203743,-0.447800025487136,0.0884820345352448,-0.0872975108983806,0.6091947442778693,0.3467813424612573,-0.6575874035055476,0.61137729056387,1,train
5.833187943345294,11.068948760491674,8.09058206904573,1.7082792547976022,-0.7741206585276813,0.5087656964387118,0.8868122582910438,-0.1071650536944344,-0.6796236943550679,-1.506004652717754,0.977634884159894,1.056625818939778,-0.2388911210392573,-1.3533175429772784,1.077714498941093,-0.6915765492152333,-0.0295171332305466,-0.2873454814339359,-1.1085903469042095,-0.3553721526219904,0.7680780738088968,-0.3952960247370659,-0.0156214312090805,-1.2073936935543603,0,train
7.546564668288341,8.984287054288398,0.2486405675206212,4.48288904641618,-1.314195551313387,-2.645621370638708,0.5491541882366773,-1.024530698710309,-0.3259375863704835,0.5952123299802211,1.274448216407243,1.454945244181085,-0.1925445516108291,1.218757918443393,1.184240293568665,1.246378896900273,-0.6941626954538545,-0.5079554217160738,0.4988480822839398,0.8039904021029448,-0.2181643448388963,-1.6142336112206204,0.3794509526618173,0.6396890400072642,0,train
1.8538661176003761,6.457489140755023,8.730900011825089,3.34835832332129,0.5803105495008135,0.3413609540573236,0.1009908896995499,1.5490373942576714,-1.616662912352483,-1.3701231243639351,-0.8786473213936796,-0.9418307480862486,0.8728338938915594,-0.959287011076444,1.9642044180659428,1.3873376231267551,-0.23857808363828,-1.442034204322893,0.5481755738987969,-2.376422928303729,-0.216319798019609,0.2124934387169749,-1.158080996536711,0.7312221088759189,0,train
6.91592005194866,-0.09164680089980248,6.464724578911594,4.932149973124851,-0.1058467921126896,1.4656042916653338,0.3341559750556662,0.681490053336939,-0.9124995758825224,-0.93127629646904,-0.115533220912809,-0.1856555082516236,-0.461361440727602,-0.0032508751995911,1.745706982629665,0.7972837797551428,-1.0373169863641407,0.1596855767262327,-0.755004660352679,0.7103001289311609,-0.8881240815347772,-0.4873297098658311,-0.4358199959589756,-1.2994631635537437,0,train
9.781227707736281,3.5091855901307683,0.7990525406561969,1.3850371333942997,-0.4562579512262841,1.6329603904131045,1.206378681872062,0.9318497083386056,0.1863922328614243,-0.1618993363859953,0.691381399333883,-0.3019671738795455,0.0647216320949533,-1.97252690574396,-1.7060233852534568,-0.2332119444948514,-0.873022784118519,0.7696514957144904,0.2641695499118794,-2.1786605686644367,0.3196263499015673,0.4154936767905577,-0.3788761709697795,0.2040117149200535,0,train
9.916829437185653,1.962938637338691,6.492727420414628,7.75011873073806,0.2491707147282213,-0.3431091331236889,0.3254419033980429,-1.3146568223907886,0.2462495816039854,-0.7877228990133444,-2.0837302228501633,-1.5051071407330745,-1.1127358321160823,-0.668527341916967,0.5455391083248471,0.4542645623051079,0.0034863302755751,0.7088752146048307,-2.10655483695294,2.1182590308039795,0.9746873952194308,0.2142607684054814,2.058537080447746,0.3454260432120425,1,train
2.7378342641964233,4.177323492027074,5.26279187484838,0.777841213582114,0.3766966798286175,0.3597614415677134,1.2351391324510277,0.2794001420189682,0.0451344494695126,0.6463220000197741,-1.2178451582276768,-0.2023460276981658,-0.2895458166595226,1.4271372227268486,-0.6938289121106435,-0.4088637481500717,-0.2544410499741635,-0.8564048655897765,1.6559668542330488,-0.5198916568384954,-0.4542777106718926,0.9711068747136432,1.5893083276230364,0.2854860137666499,0,train
6.58487167048735,5.269737194684164,1.453926497933709,3.4100910696161177,-0.879887964934557,-1.5824324138972354,-0.4132994512148927,-0.3933620828844445,-0.4577816598532043,-1.7813109195631929,0.5732573812593951,-2.2514276968208367,-1.2881257892039502,-0.9994372988620256,1.2269205751734067,-0.7721874638665407,1.1973909073557008,0.260729792283805,-0.8441349238544922,-0.409179119139314,-0.6133231942568655,0.5038909796560199,0.4139879020550933,-0.55884946332235,0,train
5.380974176721028,4.136158169943217,9.531808143282543,1.60961383764068,1.2224991283717033,-0.4165147146039101,1.229432662430932,0.4483615118362907,0.4068565361100634,-0.6217737458674645,-1.2424567501467425,0.3352968707292073,0.9902226264233748,1.6054570180685657,0.0718825102439929,-1.1069719201749473,-0.7033390502910636,0.3055349152012923,0.6924780540096361,0.3490588957811377,1.792198945590046,0.0292089241292411,0.761122093214439,-0.5892075946417852,0,train
6.8829377970421906,7.606060932440384,6.482673223187531,9.483947398752344,-1.1835198856357592,-0.7680816136874186,0.0806577949500729,0.7303020792025262,0.2336117703469646,-0.998849780263925,0.7257554201870853,-0.3218608431324264,-1.2902564436400603,-0.1504331518857543,0.3072456182996863,-0.0066005444694921,-1.0988359550671496,-0.6264434996809796,-0.6720960924419388,-0.978852153937856,-0.2349703683487761,-1.9767570541719155,0.6450141982179048,-2.529181987970304,1,train
-0.5144466642145419,2.9091974021283087,0.7288012273194397,4.084716847828282,1.7571845677548623,0.9820462134580568,1.0159097739877343,0.4194270312543603,0.8506745478536274,0.3807296930667496,-0.7091123510680851,-1.511876830119865,0.684477380606557,-0.7697401654574042,1.3250381502164224,-1.2997341766272572,1.5858062776230453,-1.6539328875715449,-0.1154147829688492,-1.430249275079969,1.079487714808426,0.4076026739131895,-0.5274874849734695,-0.6484407945397428,0,train
3.724823759536932,4.628357983846508,6.229421363152018,5.183671134865477,0.1763922531590805,-0.3565588115211997,-0.5097748668031021,0.0315121022519479,0.3461129137669422,1.1800973546485527,-0.4344675186183332,-0.3103977097000695,-1.3625440846501662,-0.5651797882920403,-1.0359231759916212,-0.6753354729230593,1.1298719601221157,-0.192133095535968,1.289253659046527,-0.234207512073139,1.1027755068274436,0.7779067409141007,1.0796422210389958,0.5144664870006322,1,train
0.5946831902764811,1.5226204361167053,0.21537066352578926,1.994400226951462,-0.7813532101154474,-1.2310632710299858,1.08883697875392,-0.9372608770749944,-1.3310627279929292,-0.2138134477424874,2.3542093767689765,-0.7230883710247479,0.5166565486029352,-1.676268547529212,2.111965900731955,-0.904269039894338,-1.6526812263685742,-1.1484257341704387,0.1053556190355994,-2.870412471195786,1.1935694758273971,-0.2085733509635912,-1.5313888606434178,-0.1187665782042053,0,train
9.090309195126704,2.0814833141070004,6.996493600967251,3.4984510842869767,1.5886946187351985,-1.3152840978210296,0.198504338957201,0.1509251777099956,-0.8103297323842045,-0.4350488976300944,-1.8295196497607085,-0.5668296237949823,-0.3485687368071172,-0.1536938351006238,1.518980167344018,-0.0532541348017685,0.4668403757675675,-1.0250434043233398,-0.5932052940371371,0.0878370744558899,-3.185838082477087,1.4877793560219217,-0.9715675153615964,0.2748592432020993,0,train
0.01974896202407636,4.705961647813729,4.878840311644507,6.280680300699908,0.771799902934812,-1.3419242505868674,0.1167080379796349,0.3594814690420784,1.3327351290521872,0.253301405529462,-0.5124598357975025,1.2325779353419712,-0.1625872180936978,1.3864851432367291,0.0207278471004691,-1.7849868611227762,1.1936012755814265,-1.0229997111532247,-1.6006445464328731,-0.7738154348925477,1.255838605538859,1.08211006584925,-0.9406755132883984,-1.9634863259557545,0,train
9.559396372023208,3.8995892559742615,8.881550003015114,-0.13201522742292182,0.4545166186130789,0.1399968262313184,-0.587021817701637,1.6068342661739403,-0.9166364451098932,-2.7193898463274175,0.3445078170760896,0.5021290772271043,0.0105465971348874,-0.587301114685516,2.805497178239384,0.4943054146361164,-0.2095230084006989,0.209323097465373,0.254838667392411,1.1602897218443902,-0.7560148769620623,-1.9663826012840453,-0.2085430955230279,0.477427105965919,0,train
4.998860572604925,9.013447871829989,10.442040775041235,1.2390168586031267,0.2607501287469455,-0.4157505798407501,-1.3820027785617912,0.4014319166628335,2.165525749972536,1.1486356530647812,-0.4938100663448889,0.5798294739408549,-2.0125396277140264,2.096727240648393,-0.0127893379233791,1.790339840825088,1.4597766816333742,-0.2592617626752878,-0.5268832107241777,0.1351369246654565,-0.5577688321540807,-1.6825130540525903,0.3764519456176035,0.0661352746472925,0,train
6.769976107654705,4.959820714130555,3.8979587075486775,5.621529903004144,-1.3395661494213784,1.006920405172508,-0.4449302291424352,0.5136186387812216,-0.8656560104575061,-0.4616398887622525,-2.417896262119116,0.7927555244726157,-0.9297887682204538,-0.5989507710901156,-0.2997144998073067,-0.3527317020834973,-0.0774941457769112,-0.4610778794491356,-0.4955894904961848,-0.8741315423336211,0.8980178671051418,-0.385929862835194,-0.869848283588392,2.137997708449775,1,train
8.337279292581941,8.671976212322905,5.720504649817629,6.147901471199906,0.4848322536000604,-1.9418174870264664,0.453255666609567,-0.2697278772180083,-0.6893439752149851,-0.289376574519653,-1.1577633806067102,0.9636415146221022,1.572333532458108,0.3331465801727248,1.2822316645883345,-0.0784856667914251,-0.238400404243546,-0.9013504896507776,1.4140500077701554,-1.309385472511564,1.8568692019127373,-0.1122881829695001,0.0563321711863192,0.1676633891966165,1,train
3.9331724852727286,2.691809335981242,2.1378894685406493,-0.06863919954755004,0.488927959182211,-1.5131249799627045,1.1284456791533322,-1.312389076548123,-0.63405959951374,0.4946906029158525,0.5359663675697346,0.2077968487054562,1.585484660911954,1.23077603635574,-0.161791200243013,-1.468275752109632,0.6646992538547707,0.6411046883859286,-0.5559929632861316,-0.5195870615383378,-0.585902668624347,-1.1466408755212971,-1.9881910962264,-0.4821235968910151,0,train
10.019326825795497,-0.8745349763223775,6.775449179514409,0.6342672509466567,0.5816054911574323,-0.0339984597545977,-2.396794024908999,2.469497280901599,-0.95383763648772,-0.1379671523578196,1.5449838995771763,1.656113018683541,-0.0642331480394827,-1.1832019157234517,-0.972297377235082,0.4606481144064093,-0.3717043023702031,1.2135191439278676,-1.0889258276061142,-1.2667095437545186,0.6402014197491643,-1.019977333570788,0.44227398404398,0.7407433732228281,0,train
10.582961600426938,7.936242926824773,7.344302802052638,-0.06707276775127724,0.0959458047605305,-1.6114326530779588,0.6101903950971339,1.216961567529795,-0.3692128910833617,0.1942078915067469,0.037723952472872,0.4414392843565091,1.6661247047947505,-0.3897008074604333,0.4986155092365325,0.4417140451022563,0.8785230149384654,-0.0307794116888122,1.174595315446551,0.9410871825518784,0.1908968811410294,2.087075841200152,1.4638138250460198,-0.1543437513203194,0,train
10.080334126253328,0.6371529297614894,2.6090245531306397,1.1546967002883437,-1.3685581142380698,-0.2293845898927786,-0.5233207257714416,-1.7570741272378734,-0.5812379480028852,0.0448239056287087,1.9924370878790587,1.409315026869192,0.1661854301715043,1.0485592329653368,-0.5199260008639542,-1.844485315427481,0.0250222017615216,0.4915284407053342,0.6313635646645553,0.5525525518013357,-0.9319545499718586,-0.1237011149888933,-0.5154080597726348,-0.3508707343914429,0,train
1.2020570131099366,6.615323428562606,8.216274710989198,0.9233743916335257,-1.176335491637612,0.8033953074313313,1.8354983563383296,-1.1931332363889362,-1.788072594902341,0.5673228009726382,0.0034220913152346,-0.9970106289964512,-0.6367490444302536,0.0802476467664938,0.2142256539257221,-0.7728224305509872,0.4012362288775936,-0.7093925158153741,0.0547651094811252,-0.6207671687441029,-0.7289067186444591,-1.5654906296574826,-0.7595136705716469,0.6115515797636416,0,train
6.816490517917686,0.8914462951738875,6.655091914330234,6.388812364460935,-1.3967474060432383,-0.0863186322542835,1.2042729377879533,-0.4161704920787705,-1.4620387196693618,-0.0526749887922243,-1.0025274284287653,-1.0225885167675506,-2.42756485430933,-0.0333916014272315,1.974871149335454,-0.4383283526858602,-0.0316882032634112,0.4772285724268975,-0.7845440916745495,-0.7096720356685314,0.7521356463997413,-0.5766004949237828,0.0115791442795655,-0.1840058388896981,0,train
3.7485844066381206,5.825493551649007,9.249958212248217,8.202140263279915,1.491234626847762,0.833056428090506,-0.068797945211362,0.1939854438311654,-0.7660091462776061,0.7470726693274778,0.3371280197318986,1.6909830934076202,1.8395493187418064,0.9306945816243836,-1.1227141403940843,-0.6049271943470008,0.6284826375948425,1.8247196199462603,-0.305092002961758,1.7715938490699157,0.8651221169727726,-0.4516491507615534,-1.9552347706591,2.163007796073922,0,train
9.886327940200811,4.802739407387135,3.743260813404625,7.507191894024953,0.1066051909482393,0.8720011567640983,-0.6007957500880715,-0.3249792976966049,-0.7215090533369858,-0.997021755248319,0.2893684114943159,0.4480485684812489,-0.1615050556772159,0.1261489094173953,-1.0386951767983017,1.429638513028028,1.0350448660167222,-0.2959718735141984,0.9147956667599758,0.588421982269006,-1.5678320248307485,-1.6120839170897214,0.4623165359017999,-0.7032343539280653,1,train
5.161626545079757,9.51772001490495,8.84450475153984,0.7254015565606085,-0.0967780804993795,0.079146529348066,-0.1873497357616817,-1.4893747956531278,0.5228471767490398,1.4454285318876303,0.5403059791151629,-0.700213831842439,-0.9209633327950072,-0.9961110068141786,-0.4815811646234666,-0.2914423074336628,1.170385395709665,0.2081192570694877,0.0670007809459986,-0.1202939360859936,1.040205336861845,0.3631017596448004,1.4142052482283265,-1.4199034802239432,0,train
7.401646357006757,5.785321004781167,6.6014793722228005,9.871302682947112,0.0692533988650543,0.2025764354331635,-2.0890707123761407,-0.7440322912895097,0.5590184772255518,-0.22797206465688,-1.493432700340254,0.0015147601335073,-0.1084524631809243,0.4990006764737044,-0.5852779508928123,-0.1648103277753725,0.2421504603105683,0.460741266634431,-0.3223538040660765,-0.5059790522273219,-1.8620847851907516,0.2142034429401286,0.356000427745345,-0.2318420020114044,1,train
9.03069322964048,7.0929082565787995,10.014210743024186,4.776921897549478,1.7828956526863442,-0.3655899812719773,-0.2433393454367453,0.0670323301694743,-1.1752103607153517,-0.4170975206414983,-0.3813407549798143,0.4980333961826896,2.756921833899182,0.7014659722366925,1.1118868457925322,-0.5361010218330895,0.5168891406829522,1.6128231438394094,-0.5113672860622881,-1.1269074697175478,0.2309146536033174,-0.1144599679107305,1.743487268257324,-1.5332890394625305,1,train
3.881044085732376,4.829571197969253,2.7312723007996853,8.58745865261751,0.1070111079116787,0.3288706492411869,1.7981729079573685,0.6496493077383068,0.2241175130583448,0.1502134256286029,1.2972356574721071,-0.9161552707260904,0.0700139431049301,-0.4245187036024685,0.9283054477483104,-0.3386643013246523,0.3247617367831518,-1.194049675028939,0.00453118550417,0.1084967985542238,-1.5873187934254234,0.2866337863576059,-1.6252914398343832,-0.8385274865418019,0,train
7.993377379923151,0.9518259196444707,7.054066498825401,2.981544690850278,-1.397035521001274,0.1846430223271669,0.0363718549610557,0.546469244197945,-0.0333514384245673,-0.0296268472726749,0.0730646000453145,-0.824682764851956,2.419387125675278,-0.6851886944108652,-0.5076098317454345,-0.0275578756266163,-1.3980112667902076,0.4237798821508488,-0.9154673319612404,-0.1840331443207863,0.3021558855659186,-1.2918948337862572,0.2654665920996654,0.9270164347088318,0,train
1.4111903435116484,9.713761838808596,2.6961553763544135,2.905867478342398,0.4545677075625233,1.1036336565313152,-0.0489388392698486,-0.4052161452145533,-0.0160624519271797,-0.329731523470451,-0.4571125362846754,-0.1476243715725367,0.4667783738305501,0.1603436658114054,-0.4074780267708494,0.7418077702907039,0.0874557661188231,-1.0209399372422874,-0.5369687295026757,-1.1427258323346716,-1.0404859232847816,-1.251798098482913,-0.936145251297598,0.4188676322618718,0,train
1.4804600381468074,7.892933117242183,2.668595154687978,4.801318247949507,0.0825990759001621,-0.4970201542856098,-0.6935970772876424,0.8655287881817351,-0.9590414299389166,-0.1687576018522139,1.6250261122738223,0.9966093108080832,-0.088587430702108,-0.5498280730786197,-1.5536991944789935,-0.4262300077866764,1.2140894787136542,-1.5799297517253026,-0.1413696817946691,-0.1874465232123028,0.0634091230546867,-0.5909649770204585,-0.2952863471142681,-1.166749137995269,0,train
-0.39644975881521916,1.661347734606117,5.138239056992527,1.1345648656867766,0.1211484778174248,-1.0621247718344016,-1.33788415924739,-0.923944643087093,-0.297902068707776,1.40912127102827,0.4083915792681308,-1.3515298567828216,2.4120077424453905,-0.3666118113282128,0.6475513002034387,-1.140413990898648,-0.0666948614548129,1.2934253286988575,-0.3129220109510635,0.0405670933615501,2.291149436571174,-0.302974335102061,-0.8202952522164576,-1.3778557065721024,0,train
4.110358641940521,2.0280078960734667,0.6142671273532262,2.2011621845381018,-0.998096842244476,-0.6789072730736901,1.2159043085497356,-0.6804044367675487,-0.732845365601051,-0.3949999284557083,1.2404250167730853,-0.4680182474242969,0.4644390364803992,0.8865523684553419,0.7629026098825245,-0.5287720525854893,-0.1489737933551862,-0.0264817018995045,1.0079882547492274,2.345334369478669,-0.833592736685406,-0.00852013886067,-0.1923192929591604,0.2511308847991682,0,train
9.174208045197867,4.210652016665078,5.111037876988556,5.110281367652035,1.1981075392175704,-0.4073340022838843,0.4993118460362583,0.3059362043693709,-0.9463521748664112,-0.6387942096720117,1.1722791338965055,-1.4172359956336142,-1.0566476606662023,0.4140906748644689,-1.9607785537544744,-0.9253534623586644,-0.199690059749238,-0.9619533505856922,-0.4775214000129414,-2.2618749967266267,-1.4372436166101548,-3.5928131735234623,0.3825954241687941,-0.0785740044554696,1,train
2.691970080943314,4.288276955178568,6.809304885506244,6.172651461007652,-0.0018538140475956,1.4649343256506189,-0.6480838051967738,1.3131697017123218,-0.7607240719229291,-0.7343138194519747,-0.4967140625179528,1.3041940683880304,-1.6545890830812249,-0.7270728409440939,-0.3525464641946304,0.1561815047380554,0.4648197594896717,0.5868783633717254,-0.8407320865063572,0.8063801087513814,-0.2005465342050232,0.3305661434537999,-0.5147235402330154,0.3094213781834032,1,train
7.98819047106702,2.308386678188801,7.782338824347244,3.9846154938937643,-0.0351043918092233,-0.4592094160004693,0.0345616697757696,0.6096288252710399,-0.122025202143199,-0.959118427706828,-1.0734882102280603,2.0870931141973386,0.9236197065959468,-1.2172427380053816,0.2056567484024095,-0.991587985639888,-0.8642008955670031,1.4738755323640271,-0.2235518749285182,-0.1319429433194207,-1.0798440510720373,-0.4617555260754865,0.6693407738558638,0.8195523040518864,0,train
2.0113689863213637,0.5446571233171074,6.2461856814978685,9.767990884072136,-0.7514607497671671,-0.1866324876736326,-0.9266166385923033,0.3086161058644078,-0.652990189667098,-0.3407131141091362,0.4534971645848558,0.6833108600546863,-1.249646469400213,0.4748506258198766,-2.7261058085327528,0.434486801880543,-0.06063448454559,-0.5457326327244839,-1.5603205733698855,-0.1341248120247148,-0.8289075574376003,-0.2337544712728842,-1.0219170422200097,1.5159671118780265,0,train
9.545089437184824,-0.2523451685861361,2.353662095867896,2.828072526079844,-0.5993523202630539,0.6237599362705928,-0.2409076155951005,-1.739660498763535,-0.9868934859148836,0.9132850624366928,-0.0569750535368768,-0.0711233954217522,-0.2019732367425853,0.8021309939925284,0.6997178661167737,-0.973433158721537,-0.7681098829371587,0.925207167782759,1.1547802470952946,-0.887351819433433,-1.306243745462454,-0.1864699311139016,-0.3576114379991322,-0.0707066151632542,0,train
4.287110074333086,3.0400138772956535,5.590199630341424,4.900067812576507,-0.9473203759326356,0.7278928782309155,1.659992250076072,0.8575661220327765,-0.1640852379827584,-0.9032022824068796,0.5491025534053834,-0.5866044901330666,-1.6212314263356875,1.7014485435997937,-1.6291213779942078,0.7990954347599089,-1.204407617059824,1.5359469760742692,0.5402193444874526,-0.3391896932378428,0.9628017929728838,-0.0971225326104424,-1.106116058275046,-0.7195011626716813,0,train
4.473373494923628,9.480698008424676,1.3578144728130204,8.666932957151289,-1.1077831647612584,-0.9775060069411796,0.7285237441528257,0.2744816748547864,-0.452129906522449,-1.0321317445311131,0.5993196975395243,-0.9076140413929542,-0.5479649799210803,-0.335880282340573,0.7238656063867981,-0.1498376476127572,-2.815339225980058,0.0475801518476068,0.0512336377604385,1.357816033516401,-0.0258995385763436,0.5470945465996151,-0.0788439737574093,1.001043003513443,0,train
4.748204379954699,8.527216059075638,4.199651641062229,1.188329422139464,0.3310149508379632,0.5076942224201527,2.05354786751382,-1.4663904620704806,-0.6947497177865073,1.1005310048965016,-1.3225779737507972,-1.3736872725295384,-0.2517961715821979,0.4648140067649183,-0.4131593383903313,0.0189080348500136,-0.4931125741726999,-2.1059160966056494,1.452463374065074,0.4912424817773297,-0.9929064097195924,0.3193035075361664,0.5277143776500609,-1.4754336667217771,0,train
1.8292211393879136,3.0156316600423505,6.241117690206628,7.529084385353787,-1.635771162432931,0.8011351136015886,-0.0932479776844712,-1.8848820906303072,-0.6915814688611226,0.6680417556898798,-0.0387164844718319,0.2691744310503067,-0.7673180196564976,0.7808531742412625,-1.8928299265436552,-1.0706216390929035,0.6885339773262844,0.7579020786944165,2.34631726833465,-1.1819436317137462,1.2157144114847642,1.5097387991432831,0.1426965638147568,0.1160755431982963,0,train
2.6159674811741964,3.0035462328463285,7.952486198072128,0.53904581821558,-0.6396965182159675,0.5580727963127521,-0.821074750886527,-0.5180442568451067,0.616015686212037,0.5345666051433007,1.3430444201954643,-0.5060992079337715,-0.3128811091352907,-0.6643850531659723,0.249197741802697,-1.6090566175134775,-0.4035138485685329,-1.864914050031813,2.132547539811557,0.6465969062961495,-1.4178243519279945,0.7661549628395563,0.8989602786785252,0.499156501833857,0,train
6.769147650018326,11.308171644236229,8.533160738608554,0.7510188922943013,-0.0949180513700681,-0.0067841911724354,-0.4044417941533993,-1.8533779519537223,-0.5425245340536295,-0.946954099316971,-0.4408596693218539,-1.5501660177702392,0.0276069264075748,-0.7299586804731462,0.3118762189587939,0.7430610818470893,0.0679827908127971,0.8487050654267614,1.7290698779925338,-0.3265459442121904,1.8064468632630424,-0.8070538986153499,-0.6750019381613174,-1.0077844393590023,1,train
8.775881974217478,1.8722850912319926,10.339657143729967,5.846594456669557,-1.4148684748297031,1.1030381812751031,-0.1221164590391418,-0.506464591242324,0.3096975034398335,0.1230267825530203,0.2965834439388584,-0.5338015691264976,-1.4998186248606304,0.831657428327401,-0.4918997762497208,-0.5016205225762246,-0.4284672980610668,0.8529255471939182,-0.3241796201815485,0.0152600032348942,0.5094990709968401,0.8505592520097851,-0.6202060138333936,1.997988799628497,0,train
1.7153243352097396,4.659706412636061,8.200510233994988,4.081212226969283,0.2982544682678474,0.206029275485952,-1.5997114207912273,0.6492334259781138,0.0391084163671165,-0.6951856806711618,0.8220461244299648,-0.2799854557209532,-0.3040000560665302,-1.3113977853882743,0.1794343527414462,-0.8534680319768215,0.0819637053030878,2.17303050798804,0.2171990859665769,-0.7773504217943337,-0.0808574527138989,-0.4248910415049464,0.6183098219296311,-0.8904107982353227,0,train
7.596938691440658,8.65390259330584,1.792831068731388,7.207067790082785,-1.565864656087854,0.1893019619984473,-0.4400973868659374,-2.0058552952061963,0.6084994573307283,-0.8790824848033744,-0.1994244775172071,-0.6988379813495215,1.6712007621443434,-0.5458239708204882,0.71830459573823,-0.7280245582244129,0.5079540053169423,-1.422656909127436,-0.1172818142881164,-1.5776937443287051,0.9431321797849592,-0.0842183687864384,0.5810902937385418,-0.7828516813553715,1,train
3.583335700762917,10.59599308185824,0.5089845728699427,7.614773819776533,-0.9213315223420676,1.9405784450147472,0.6920238997537618,0.8703770922135712,-1.3407208935413046,-0.1516653322899063,0.432901468157241,0.0282276276187118,0.2658147215263587,-0.3590861678358489,-0.5693844317525182,0.1656379359376453,-2.134377359746801,-2.4935021307211485,-1.8636239785401845,-0.429369620355869,0.2108049309327467,0.4570661097045821,-1.4089907295617805,-0.5581320904746504,0,train
8.985897842833056,8.581863093939523,5.835145137102813,9.047181741902865,1.575466000324533,0.9319569327192698,-0.0509230786230982,0.0662695209073932,0.2790613552575486,-1.1170750786835606,-0.1540246879895254,0.8680629956658149,1.6190014859891677,-0.7463415627134306,-0.4584506136418814,1.8986140353308012,-0.3633710349992506,0.531572693186708,0.0201808192363215,0.7976857884236666,-1.2864577055914452,-1.719078044297987,0.4665016215852184,-1.162137803859019,1,train
8.347294016859701,3.3042414811586864,8.129234557170193,8.223688771821601,-0.5845858751481707,0.34336901573475,-1.4697613832390684,-1.079428918429641,0.1330210178291475,0.5256340089536619,-0.646077336764339,0.1915444654611922,-0.1548509430218309,0.4890223082535719,1.6767155303075492,-0.8130563370308234,0.5225651731950032,-0.566999957020407,-2.654519829337516,-0.065917512380801,0.6600089898153384,-0.7652978425257737,-0.7898355583050883,-0.5907798781033863,0,train
9.336019403860009,8.231672829732206,4.018370304844216,9.208952872097758,2.751835727563853,1.5770742187056288,0.2045585419368693,0.918716455813963,-1.0624072469403452,-1.013745164100255,-0.2638213726158652,0.3180639194575051,-1.470940217242782,-0.0858802437196311,-1.4138999097280522,-1.1190446750644636,1.1685083030180534,0.4199720343986733,-0.0997934902053731,1.481151585030913,2.0643979769344596,0.935655048923314,-0.2114102454631176,-0.8116714402545686,1,train
6.267083265129722,7.1385652851102375,6.078894898753205,4.264976190596396,2.844063701901461,1.456043940410172,0.3713315843962189,-0.5142830478869495,-0.0595665645797476,-0.4476832487180709,-0.7850819712300982,0.9325750387874906,-0.7106583546509369,0.9943268308829264,0.1941764959726188,-0.9134217125553096,1.5949019495395944,-0.1938298816798942,0.1227190376827009,-0.722793707841068,0.1936754359693506,-1.161571273894001,-2.3554734252919505,0.7953319298155445,1,train
1.8435859654286288,0.8839417160539412,8.936647891847029,1.9201728523624533,0.0310752029299341,-0.3556202820126294,-0.7990224049446805,-0.3338983676748119,-1.580942504744745,-1.4697441991361837,1.45920292531921,2.574896969997287,-0.4693029987909447,1.2769613849166996,-0.5871731307194267,0.6594129506224694,0.0306929383382483,-1.768467746301387,-0.0149526836948959,-0.8103771569193527,1.3702382265660635,1.1223303298472826,0.9036588898664184,0.8507179616628378,0,train
5.612086572471684,6.813312651557193,6.310263857550053,0.8533450245733005,1.0304630107671071,-0.3602095255515855,-1.2415940315206029,-0.2504303305132568,-2.517655324894166,0.1768590499110044,-0.2087723372562374,0.6966487803733609,-1.7696802927480766,0.2594490416665871,0.1061605489146084,1.0618838653667624,0.4001762307431759,-0.9468971722616362,0.1618202341034829,-1.115231346291223,0.5418355405437947,2.932528417176699,-0.4498680294248076,0.7467813765501553,0,train
5.985910592705768,0.2584953325166827,10.12139645740163,2.392604257521994,1.356849807289489,-1.1587562194251804,-0.5149791406966017,-0.4431885018018389,0.5955925388501357,-0.2759663373840794,-0.6382540113271176,-0.8716773250573983,-0.6597590596132736,-0.0183235914086364,0.4712529936020355,-1.1514206153209148,-0.7122709578781546,0.6365168578388104,-0.0126090191499459,0.7883978714179682,0.7219680587845156,-0.603408381018911,0.290827057466239,0.7397741643527392,0,train
-0.006599105635419794,7.587506690669955,4.673803397912954,0.7530371338082406,-0.8007549763183114,0.5252243471180538,-0.4706206828494821,-0.4167939125663537,-1.2469233232581851,0.8852818817769577,0.6807686286462855,-0.7402004878771835,1.2764784418751405,0.6832649945864427,-0.4102066225687366,0.5582908213775112,0.9572202565749588,1.6450682564304286,0.8325933296075031,0.2172236812990248,-0.4862144584764348,-1.673267934072461,-1.3870607819326546,0.2335138173614038,0,train
0.07440352120993671,2.0585250080459123,1.4617168047911888,0.3989994562024479,1.1211914654536546,0.4299065519422302,0.1508859873976064,0.6479630987643602,1.3287048141567244,-2.6187850957751793,-0.6114241403255124,0.854033079392275,-0.0448841867308339,1.893821407719437,0.1476061935761866,0.0905651508048403,0.0144060070491342,3.2381403990724325,-0.7031489999932931,-0.0438378027441722,-0.4443165435751969,-0.4234936593934307,0.5984847008984558,-2.193642287844025,0,train
6.068855705621485,4.518411571845876,6.467723508332946,2.9163332683468335,-0.7287758190368165,-0.3334227531822344,0.4236607839380597,0.7659491234907876,-1.0759652487477058,0.1443465215374302,-0.3573193964156024,-1.7241556809706162,-1.754659705998041,0.5116127277509974,0.7847648977182238,-1.2148013118862897,1.0933624756167932,0.4226270559485113,0.212468055192674,-0.2814663414112404,-2.0423479697656624,0.3539097031185618,-1.4173254301667402,1.1038168738697665,1,train
10.736442050749737,2.7763374700537495,3.448108756559729,2.103006948854723,1.7597819162669377,-1.584591433515435,-0.1731742389778688,-0.0202527176822296,-0.6208560733393265,0.199045302243369,-0.8855752688298071,-1.8408123034284485,-0.9399857608053934,-1.872373454975824,0.227450148033466,1.5701710121444137,1.2250959728325197,1.238429269692221,-0.4793411413572604,1.72920769046269,-0.7555267439985218,-0.318995587837969,-1.205428975699428,0.2828298737034235,1,train
6.870891382945909,5.525112818673852,-0.03852999822223291,-0.20365628090991772,-0.0800487110475042,-0.0294973623824118,1.448779552962982,-0.812562543244066,-0.5964324161931863,0.4496085428159155,0.3535316099355948,-0.9472668989884456,-0.0526921894370301,-0.4522796377745414,1.347328357052049,1.293336314322711,0.7820392082618515,-1.128654785479345,0.5086505989756813,-2.51597987038922,-0.8155101965708736,0.3963402095226839,-0.6371086868515573,0.2650770552866304,0,train
3.053528344639159,0.3602075220565606,-0.2749204843443753,1.9972363014924175,0.9222970374918356,-0.2817718969418176,-0.124977105600042,0.6848894775348756,0.6113936700371612,-0.5107440753969216,-0.4012822676894155,-0.2779335496024259,-0.9095028185605734,-0.105529480918497,-0.8461111427550133,-0.5381069529978559,0.4533501790843553,0.1858698854381504,-0.1268445712593155,0.0028781022728379,-0.4535165296074391,-0.2040382668701488,-1.7868915743677862,-0.8692742679853994,0,train
4.561603582269112,5.022306308528122,3.010264637762904,2.4774070203688163,0.934597890102696,0.7736714009296418,-0.5146978329880202,0.8792286309918137,-0.085040465946096,-0.6096953492897088,0.7903804676758334,-0.2761480985799689,0.8734139716332012,0.4629169477291832,0.0126694999345524,-1.380995696368131,1.9069683110659184,-0.2644942475291277,0.0173893032151179,-1.1189827586314052,0.0606742631136021,0.6672650029781123,0.7398401119919048,-0.4674593156297293,0,train
8.222325161570037,8.838091354275484,6.547300014600417,0.8859899044232747,0.3032450299392589,1.1782362150266297,-0.3063681693646067,1.165259965089435,-0.9782633963520136,0.9668224534527302,-1.9459134632509123,0.9173749554910944,0.6631744435046663,0.0315879795335124,-0.1666858076040845,0.5805813770895698,0.5025105087269663,-1.1084965648785416,-1.1695038324081095,-0.6021062094590429,1.095972404302183,-0.1065519103961746,-0.0335689372335793,-0.804633693848206,0,train
2.891107903871872,4.191163249192444,0.7060593226428219,2.275759667990463,1.541695858227767,0.9956993625861764,-0.7711815796480803,-0.9642854774663044,1.3416258162800028,-1.6922400574373917,0.0806785195620249,-1.0589463905475167,0.3402469475869091,0.1657481924953035,-0.5048262111846927,1.4602055014540714,-0.0373879640220976,-0.5335133505694334,1.005131917474643,0.0774809162190247,-0.2518561834320783,-0.3687021092718047,-0.462375496529,1.1773344371641123,0,train
2.1258357292223096,2.109512094620445,7.672954218855178,-1.2781612216188127,1.3122553103497672,1.2306371993737546,1.2719447892880116,0.5841266035987669,-0.9797722631349044,-0.0798205800726859,-1.4109538648467448,0.7633916716263448,-0.2154322740181242,0.8889572193142306,1.6667065006379866,0.2232533853261689,-0.9632493058325404,0.3877745848434514,-0.1265810273189569,-1.0085167991771091,-1.9395347505849327,-0.4206622196745045,-1.285272488779554,0.6896710220892132,0,train
6.105858398228108,7.929120330736111,2.1522182670782586,8.346651493525984,-0.2449585930010522,0.136696948548784,-0.917683449399362,-0.9930756110119618,1.1796472969645888,-1.015646318398631,-0.6208816217642406,-0.9417921877009005,-1.2454725757587477,1.3959972166273162,-1.2001849018085888,-1.1347735386458868,-0.2931382508507344,1.6256865550262831,-0.6935529782466539,2.127951255581423,-1.2127385474535934,-0.5858749311816935,-0.4904616045382345,-0.4440313728536291,1,train
8.301332926216643,10.171080044089415,9.780184760503381,-0.277151647204971,-0.9626108738378718,-0.2318392500090411,-0.7414548743080618,0.5223871143367459,1.5844308025036076,-0.9738190421071962,0.9961803275361436,-0.4436229396061733,-0.0984125718628829,0.9037584635802126,1.2459907515775936,-1.0549433868789726,0.0933118987434077,-0.4577508073215177,-0.8645068667204894,0.1206703101016288,0.3451426170685455,-0.5358211369868245,-2.0990678969771737,-0.6784314606749268,0,train
3.8171311672166444,3.8094604965166594,7.151272736147606,1.7679094103934245,0.1234863519064313,-0.2973182242679602,-1.0240276109959412,-1.1187209981998667,-1.2074343500666027,0.5492288864338842,-1.304402397939545,-0.2976583463504841,1.0642210480472476,0.6154892812618069,0.2251219415028732,-0.2611251381067933,0.7862749542024269,-0.4937703767152196,1.7539110197887309,-0.093551505992185,-0.4172507513688193,0.2417657146672277,1.95310581170039,1.1033073080538092,0,train
8.699735566152441,2.9180365529463925,2.6415043221190584,8.45376136370867,0.5120736060892865,-1.8872271054798275,1.3265380724093716,-0.4083891495074597,-0.1931575522845138,1.2524074795824482,1.4585262473756129,-0.2862607367006957,0.8822861560964222,0.7311730676341499,-1.6338561488593373,-0.9252034002009836,0.6947640636317981,0.9284133178523956,0.9875975274601873,1.391492577077012,-0.8836887217272725,0.0745085020174789,0.6949509378694695,2.786878960260757,1,train
9.270935163063786,8.21733684904028,3.1622265957621556,2.8635078706951984,0.8991457133047909,1.0925760634432522,0.8211933964576704,0.3055550574341465,-0.2263095641193746,1.6096139217038237,-1.474105460365266,0.7364205677797241,0.2686639095454796,0.3306920587302477,0.4404236678592809,1.3324359563789865,0.6875513379668622,-0.5982276463462078,-1.294840690075183,0.1276981226881207,1.319379471833043,0.5974477113284518,-0.5045388584716475,0.7222432686967919,0,train
8.36403233995027,9.945616258995587,2.586252034483315,0.2565735962449521,-0.0070547545630399,-1.2349248977794598,1.772427614802424,-1.3573647529634751,0.1013368940697446,0.351186901016848,-0.0932820439966046,1.1402853131635478,-0.5783252232803936,0.1543301893193588,-0.3247067129865314,-0.7805440321923874,1.778588717302267,0.4108255556959673,0.3307776955248765,-0.9027103204750164,-2.1456809883879657,-0.1886629113463344,0.6433004302013776,0.1530897419620419,0,train
7.025785495544722,10.468504863959621,6.207426963361756,1.9541096886283684,0.4440147755088403,1.9502798236179089,-0.2974943656828921,-0.9812669544750598,0.7807184394620014,-0.2530680775658723,-0.65406360677962,0.2877207241717076,0.2572362709684943,-1.3827116619877158,0.5846590691830121,-0.9282489768031812,-0.091329955379449,1.5694449239248645,1.8420079667063405,-1.482802020186822,0.4990780536311607,1.3088708862936875,-0.140536924952075,-1.3543234103189348,0,train
7.08390234863851,2.437492250099159,-0.42465490199477474,3.33449286291662,0.9876498299687878,-0.0226016125613215,-0.1529960603217666,0.8648424256379751,0.2450103596687727,3.3686989707124315,-0.5074638360500755,-0.2064774608573878,-0.7272487271286794,0.4755723256410308,0.1597051025070778,-1.2909639137900524,0.7165806561365609,-0.5083010449873736,-2.0585873081549813,-1.2707250174196298,-1.038669550758652,-0.0632468205659935,-0.005447215150816,1.2299255168350325,0,train
6.329924201491444,7.285431817898685,2.181485355013618,2.8901395697730945,0.4866431365496086,-0.5100491120077288,2.234593273496203,-0.758819781186334,0.8001862137491753,-0.7520369467235314,-0.8180113209300209,-0.1981811764867713,-0.1698281981217449,0.7527739772150218,0.3321936723168173,-0.2885191043968175,0.7142520814800917,-0.0379561384517648,0.8384137950619559,-0.0848825495551885,-1.1162844617195602,-0.3461149546925522,-0.2846932293046127,-0.7118494315848086,0,train
5.289873707175243,1.5244605919451262,7.87148585609781,1.0331892453164717,0.5382983916440663,-0.6588822456933818,1.7135847609189006,0.8815804031318717,0.8622233067832168,-1.2145984231281126,-2.1540530455538387,0.0922438277090746,-1.242861977563319,-2.2542247419753343,2.417091837466109,0.0339202390835166,0.1409765215857353,0.3198114904314144,-1.5992239616571997,0.1833265378133611,-0.3729007930746291,-1.2524063409422934,-1.3824211267125888,0.2159386321168107,0,train
9.360726672484535,8.185263333879607,4.058301679442516,1.8911424073704919,0.0063284381614772,-0.8126748366455667,-0.0525380423297844,-1.7679544632996893,0.9926557968154957,-1.979774385605268,1.282174100151278,-2.1142541563198956,0.5168614111187722,-0.4570034771563553,-0.0575887157926468,1.000718021475293,0.2321963171543292,0.8241314316932343,0.2310693564118222,0.940285654804816,0.141410249319523,-1.447577959138878,-1.3768252550515996,0.1074927820126574,0,train
2.4249619050556595,7.19519758851859,8.66315643650031,7.452635080070975,-0.8249783653586686,0.6938139164960027,-0.5017842814571088,-2.949354092493773,-2.7642791905344315,0.109042833183443,0.0544007077872905,-0.280862890062358,-1.3768108296500658,0.2057088731250848,-0.6477528159327831,1.7007089864993696,1.0949753665143438,-0.7274592848447345,0.3946373109448145,0.8276928650250764,0.3789346552811675,0.052863410485563,0.3592358006764461,-2.5082617345238485,1,train
4.67396091638238,1.9566518042828185,2.429447663433492,4.8796159856730315,0.2271503721645263,0.7265392437397132,1.0537533240302777,1.052249570104807,-0.442792802737954,0.7243500952931805,0.090211104859991,-1.1532273265098612,0.2375781247886784,0.5493563719479827,0.5753508411291293,0.379130630500931,-0.4206909202217165,0.0911606816498666,0.0750220413917525,1.0907074979089555,-0.6867602228881935,-0.8467675691538523,-2.0514814186050794,0.4774538706600247,0,train
1.0352159366885656,7.611364716354047,11.757594372866574,6.191090633194151,0.4857017083876586,0.8738267309652235,-1.3410965039188565,0.8603546199798765,-0.7209651418795785,0.815502295409619,-1.1397871407043525,0.5672626313339424,-0.2271398332878648,-0.297530957070462,0.2081403093042418,0.364642874024614,-0.6215818472299002,-1.075226022847912,-2.241130010234908,-0.9159448453682728,0.6234624852337682,-1.2228641245581369,1.1876368209167472,-0.7566390079314446,0,train
9.736511261491966,5.462032561055229,4.392196037156654,8.537397812476716,1.514163974054387,-0.4419174822779163,2.648971130717446,1.2502997022430862,0.5356047697707426,-0.4870287218080354,-0.1031793026269518,-1.383367782707796,1.095015333050204,0.3907097261387645,-0.7064373700051136,-0.6665285345124773,0.2159844859748196,1.7411890790714994,-1.1667101010091754,0.5464929399721591,-0.2824643133604165,0.1469264554666584,0.6009840597820834,0.7473014817418864,1,train
7.021015022784727,6.64656649614102,8.865034584202022,6.363463474200612,1.7325598497104722,-0.2131769616908813,0.1431330323935179,-0.2624194481897421,-1.3523213569163477,1.654863985365012,0.3153745257135393,0.0449564389035735,-1.4459992742991417,0.0038765069807726,0.6240438018415418,0.8878996327579779,0.116463813538871,-0.5554506217804787,-0.6844369225408241,0.8762744901805392,-0.7959634793712778,2.1540917283227636,0.4888344987339543,-1.299184777439106,1,train
4.900324556741688,1.0998499476504409,-0.13265945844893756,8.490673900427536,1.3823446262271322,1.0154806434182857,-0.5924940326664958,1.6280521784667907,-0.2092967191644886,0.3129966523876389,-0.8723311282047164,-0.8596656352244573,1.2774079761110884,0.0995756642492355,0.4095817492000511,1.319765308767615,-0.7815749494203978,0.1788568423177419,0.5571195358022905,1.2594795743570786,0.1055452233725856,-0.2163765793723984,-0.952182192598139,1.2818697240737396,0,train
3.0179210591698986,4.978875673936615,0.8872560816535924,1.7335417618201854,0.5230157244957394,1.6018095603776303,-0.8391194869524295,-1.632289428107486,-0.7241832636598912,0.2808936889501325,-0.178934044180477,-0.2755514123877236,-1.4525521904355383,-0.0440680579045298,-0.5905385173700672,-0.788475064073915,-0.7842762097755037,0.0769540028307927,-0.6688569694373993,-0.1657498343816905,0.7074669019420845,-1.3977621719932618,-0.283550600250209,2.953204747055959,0,train
0.892881146298731,4.055477324015422,4.0334357914567285,6.490451428757488,0.0392404728251156,-0.3544047786264116,0.1600743638842716,-1.1477748450918492,-0.8724201427204934,-0.6603158444732079,-0.9530182040886376,0.2257869344620679,1.2554918939228117,1.4301856396828507,0.9973337952985988,1.2320611942130089,-0.4692686798511725,0.4111237083357191,-0.5619816554295906,0.2358542464805642,0.0423122080883679,-0.2716447812953734,-1.4104783531388236,-0.1272378694949847,0,train
6.583386111259862,8.113065982351035,1.429626800999409,7.071259762785994,-0.8810842736505374,-1.3552990527141706,-1.0486305561855431,-0.531773782524536,1.126633993238351,1.6436153960715514,-0.1400444355329287,0.5450872960469406,-0.2054957485133218,0.933215011904032,-1.6128048247171016,1.136670188828348,-0.9221421395419672,0.1883892442638729,0.4906999948846312,-1.2817714844148265,-1.2266109926550597,-0.4497858847366965,-0.1402967574001867,0.1017923209802442,0,train
7.619789694689911,1.5643775345243314,8.647388095749779,9.856132271855007,-1.8436422683575424,0.2071961684707225,0.6727526944290406,-0.9350067847468836,-2.2059684794229297,-0.2477260856567168,-1.2014700496054007,-0.5408990882045376,-0.6959561682319285,-0.4239408301078659,0.277810438873543,0.9270379038462984,0.0992418564184883,-1.885431762158165,-1.4782703505370134,0.8862184312859499,-1.1073672701609558,0.1860539710965722,1.120677296241842,0.2761797316896002,0,train
9.99390963613247,10.495630231112461,2.9583311320141292,8.328661830979485,-0.5268490756796228,1.0117769646713497,-1.503046110107196,0.514916232791456,0.177147380742196,0.0646303648406136,1.7687385145393164,2.2231579219124757,-0.5246735693649088,0.8074597079375512,-0.4238800511691579,-0.2014901870185595,0.1947981021994952,2.155439058755068,1.0248969132776204,1.1828211521933176,-0.718534932865895,0.862290216914193,0.9191561164867776,-1.208369321986866,1,train
2.224195963074176,1.0902020831365649,1.0947194338217345,6.444729743087597,-1.2469556322962272,-0.1425619410300252,-0.1793370755808035,1.0877956368597643,-1.2231841612682206,0.7523793943463336,-0.8147203026382155,0.3649815552453155,0.6752623891470992,-0.1815382390537817,1.0013230207854318,1.792494951558078,-0.709306580481091,0.6941587464647624,-0.4056865132882531,-0.4637772344723963,-0.1245442249748757,0.9025648049739212,-0.6006740162790261,-1.6843678320142217,0,train
3.334141747898413,6.695854883407447,9.228743646730626,0.7191985159169513,0.0302995870835099,1.4753929993097472,1.1030220013042802,-0.8694159108950827,-1.0256950922497483,-0.3110832430469674,0.2227647992401332,-1.547942313028762,-0.9978464314277112,0.1848486326472024,-0.5177703753479519,0.6911556375716116,-0.8815457943708979,-0.9522480100670884,-0.3795964183711017,-0.462197939336773,0.3558015281499608,1.6775748388350389,1.1034956534970717,1.1179073287585497,0,train
7.862309508875709,-0.35294507548986254,2.2424920925474883,7.277615021556521,-1.0731644458968406,0.696764074235827,1.2293828693686972,0.4948093402790507,1.561488920184162,1.452222716227919,-2.1542976334989814,0.1974507080421456,1.2420879528950062,-0.4673115254536382,0.6834909659212237,1.6421808480877302,0.6816664936831851,1.1885407418713487,-0.3831006111314579,-0.2761285152688354,0.7183279635588654,-0.7258576289116805,-0.8297975637599901,0.459270571052046,0,train
8.764403447574976,3.3383842789052185,6.069647584541984,4.058074043943343,-0.6578693609369513,-0.5494328511001607,-0.0401953415303607,-0.8107973440650725,-1.3819971205308703,0.0398828226860013,-0.1698611671143185,0.5356193904618726,-0.1794694729113371,-0.8986886857826188,1.5219237456743948,0.3295059733143907,-1.1656095299792075,0.6737154866884432,0.6817918896180558,-1.1169338866909355,-1.657088033008186,1.0986277462328078,-0.0353734917328357,-1.5689806749941806,1,train
7.921731516825368,1.7386382615175788,-0.07000337982992677,1.823878177780103,0.1261029933502025,0.0799574850101,-0.5197334483922856,-0.0453569752213059,-0.928110379621104,0.0240984388023301,1.0264370521589012,-0.3303040352190295,-1.2018710286900998,0.2603150630769129,-0.4161417943955675,-0.4513232638057198,-0.4208249760860798,0.813215805417843,0.853674389779502,-0.088092607648046,-0.6617990187714875,-1.381979711867924,-2.271055425021708,0.126086777125478,0,train
8.470474279830428,6.244796465378091,5.291892142318526,9.224228872445533,-0.6452494935230538,0.9196547809174912,0.1765745759388901,1.5280015027226048,0.4513560309664574,-0.1855503028313281,-0.5711615857368351,0.6150056608078843,-0.4710472045386145,0.4721305583419286,0.0752095043253441,-0.8625408780857362,-1.1542994305385972,0.1200885243413772,-0.0043724510564354,-0.8439056657552501,-0.0770437153009568,-0.192473791067447,1.552509920928688,0.6132490949430394,1,train
6.160485727749165,7.031432522545505,5.630931194512851,2.0439924721882763,0.2806841728088461,0.1148671149530126,0.3266220030412537,-0.1184813010065281,-0.4206191219165645,1.4080980521302182,0.94202793007247,-0.5992466579075445,0.3810136886408037,-0.433876315380324,-0.2391707783388815,-0.5483930932369676,1.7699784573160742,0.2432062132610309,-0.4395949138773525,-1.4558711292351574,0.6728902993641144,0.2239644953932273,0.8490227215296134,-1.0937286029748834,0,train
6.302411475828937,1.941489377510093,9.760634176838643,8.697797483303654,0.3125161196965565,-0.6146366161189567,1.094331080720926,0.5313441072172932,0.4317443701690447,-1.7014444868059329,-1.5742660528922157,-0.0495962887680677,1.1390497945683116,-0.1805701090829538,-0.0807598682389249,-1.4588177061801677,-0.161932481453632,-1.0015386651813007,0.334708656797061,3.3040760547703254,-1.778001662761769,-0.0459771535165105,-0.7701856625994827,0.8593072218672653,0,train
7.297453236919593,6.752548992932133,4.4686769299180025,4.491069650403233,-0.9834256812444854,1.0038214568762691,-0.5884054087933495,-0.5212434725779099,0.7813949270364755,-0.8101540684678131,1.5792395463712816,0.6526719146535342,0.4972044999992862,-0.3499142126194533,1.0570636415855816,1.2754089788713685,-0.2741294186594235,-0.3173048854968363,-0.041674857518515,1.0391987857661602,0.2402445253609408,-1.57582532328657,-0.0798981350205943,-1.000477354755252,1,train
2.891286375998114,4.949226219597402,1.7843222970112493,3.5635206545868305,-0.3698404903853973,1.1678243907637935,-1.84170506876414,0.1689053627462075,0.3252705677115138,0.2372497275804648,-0.1237600274127743,0.9741423494803372,1.960716519268013,0.5145817489466993,0.8567572995905673,-0.286581349574468,0.8677272969796422,0.5310924368644266,0.899996460926017,1.964000028649305,0.0108129661960574,-0.6127778833426339,1.346999356618885,-1.8521403598150863,0,train
1.60434634361847,3.528894475336889,7.163919745016221,-0.2451422917443561,0.4561456725406315,-2.152765608436578,0.6829160659462601,1.8315447755414944,0.9244134303450984,-0.9384007930218692,-0.6061750543116304,0.3851584510337783,0.0199067014142541,-0.9813816677736564,-0.0781774895842581,-0.9072894106115232,1.3466879345695264,0.0395974932092111,1.2904057065594094,-0.4459896773740336,-1.9554261395832089,1.0258744592469036,-0.4929341821470884,-0.4896219445492035,0,train
8.220247833834035,1.2438513657232737,7.9088075755636496,0.9727044896871195,0.5189392846712659,-1.8664575678000024,0.7046952020860809,-1.4201873096715925,-1.0164948464452277,-0.1008182932271311,1.0704709123345468,0.6256558207506393,1.5374773744152177,-0.2859672023436534,0.2671935602784171,0.2072622202059587,0.5149196004795681,1.7745619791832916,0.4688839145520667,0.465853801086139,0.3289329303031146,-0.9924026493760644,-0.226518226689917,1.8178055204854329,0,train
2.2649782070481983,7.2762166882317745,6.012476900564314,4.364728124772157,-0.1126737228706664,1.060936960947062,2.0135663817504645,0.4009544167624972,-0.2073054589992317,-1.8933717823490872,1.969022686931622,-0.2519793262776022,1.2792237266592437,0.3369316555010925,0.0130642167783582,2.444506048280225,-0.53035899166377,-0.219360576868055,-0.7677529924351689,-0.5613708242713046,-0.4969586988745419,-0.1951630425877708,-0.194164425433732,-0.8191997675708291,0,train
5.9328026376000675,5.437875933202046,-0.08577244682568358,9.867793243702412,1.1001878205722353,0.8141616236368742,-0.6812494623882142,-0.4059721521599824,2.121136243024554,-0.4273256771159783,0.9147972120021582,-1.7328594458535338,-0.5537096386739345,0.1350917103549052,-0.992182423120934,0.028722320060386,-0.1199888428669343,1.5862152598029124,-2.2554746887157475,-1.0299713842531506,-0.1062259735631809,-0.5815738905110684,-1.839006958558009,-0.0337328926943888,0,train
6.530798851953255,4.441122682776761,10.36890140229626,9.651698551492887,0.4527162539979481,0.5935961034266822,1.5026795142464842,-1.9735528059769312,0.3483761480098494,-0.6530277797116496,-0.8126839570636786,-1.0404380285671735,1.0036252248260642,-1.5613284244651986,-0.1924981188526723,2.1754043325875188,1.330002994871737,0.5570945560519808,1.2528483465613487,-1.002448749751738,-0.1120962772829081,1.677595740656941,1.5077197062423695,0.3368595452184404,1,train
1.014497380538259,5.027418914018588,7.186600686298167,5.756917794729392,-0.4325806992467367,-0.8427003026437871,-1.8656956192263308,0.2827811127844848,0.6365527364090542,-1.061945680153787,0.3728081029393764,0.121489442744667,-0.2939386994907972,-0.2962341170092049,-1.604772693144402,0.1468173779294188,-0.2616941403130386,1.0190401036003829,-0.3302752379509182,-0.4482604101203778,0.2154453578662873,1.0204072631648744,-0.1414420510619438,-0.4462777261767494,0,train
7.258640558239833,8.444122386354103,9.610163025297721,8.234114762221475,-0.392126627341279,0.1644026956637383,0.6456928742169923,-0.2264929387672788,0.387298843813683,0.5082862069750036,1.4081706392757307,2.151028269215658,-1.319285389909402,-0.5167782624735577,-0.4329181090395877,1.5212598212937218,0.1412872093119425,-0.9619214638958808,1.045014240455671,-0.472207462396417,0.0254230524047547,-1.2847986959503712,0.608169232524176,-1.1528476869574182,1,train
7.114955321722875,7.819592005651461,10.410732153039271,3.778898999584569,1.1971191380651316,0.3337921417267485,-0.2865783638636425,-2.1740431897978287,-0.1677511449425003,-0.3963546887204771,-0.261456401652125,-0.137629511873485,0.0598686283554323,-1.9499453608681343,0.7167157626676471,1.8099359924630167,-0.414493478485029,-1.795098788267025,-0.41158308851181,0.3698194472331055,2.2193932760910777,0.4266077875003866,0.9772725435544904,1.5956497720905114,1,train
6.12031117472506,6.142840660778846,6.537660460877592,3.34214972676266,0.3472294141346306,-0.7094697936333113,-0.6719311032394018,1.900201993627939,-1.425500397896828,1.7532554020021565,0.0937651393020354,-0.963861423231124,0.4920687886623194,-0.8191573882528994,-0.4601971836172782,-0.2396151629006146,1.1916908460227718,-0.2433051649599925,-0.3956161201834019,-2.574333197417972,0.5373426915589453,0.8152426388119091,-0.1318870969756741,1.2253430255331148,0,train
7.733569991662099,3.081099613707369,7.221584537450768,4.288375113631486,-1.3540753454634924,-0.6019936100183713,1.6770070450235404,-0.0744881463180239,0.3937190206233781,-0.6878017814359837,0.7095532064692004,1.4567603159936784,-1.7357602201520503,2.1279806280019296,0.1188979020333827,1.7900866507953637,-0.5825867903024861,-1.644746666086509,-0.1009254704014321,-0.8026579099998348,-0.2000010292105354,-0.1063853169614427,-0.3460111865090392,0.8475699560539292,1,train
2.4073109253438014,2.012650852110219,5.244860072642717,9.937998524117367,-0.261148169622428,-1.2156986132956575,0.3331594382141774,1.070506345453157,-0.1371107615374021,1.18749357069972,-1.3593492218143148,0.5800943215429819,0.3510010322062037,0.0843127983241684,-0.5160230880767942,0.1836601244417291,-2.3037113615376557,-0.3845316696948062,1.0470751257962134,1.5184735297229774,0.396663806419767,0.587578215677193,-1.152578138174261,-0.8518274102995466,0,train
9.151496645717145,1.0908266551989754,11.142724954152076,7.4855298730372235,-0.1638864561811942,0.3227106411347265,-1.4581176353619445,-1.587423156188778,1.9695275080462364,-0.5455990528786293,-0.0052222088921126,0.5242107524455398,1.0599788273126396,0.9331219291262426,-0.3636352756959321,-0.9834432621625888,-0.4734675239497393,0.1367782167241966,0.0151847020233729,-1.7263600699772148,1.0213592930150197,1.194119790165215,0.7847940492434743,-2.686986259543302,1,train
5.212601741293382,5.741324112856533,8.252980817160344,4.097979330240952,-0.5811735769946297,-1.4068456706802932,0.2742265120874618,-0.5220974666942301,2.2168756059401735,1.2844733101486676,-0.7349928422868016,0.3576275977488551,-0.1373648035867666,-1.0658595727800309,-2.705032909800351,-1.4429972243454283,0.0269333341168656,0.3999405022356004,-1.2845884128048966,0.8228560586000382,0.6897871971253249,0.5041949958673967,-0.277805690694439,2.184703231650189,1,train
1.8668159446086583,10.183292407973587,9.453983834203532,4.999408382804493,-0.536969133893146,0.2141744953282433,-1.5284496156622864,-0.5395415827053749,0.8662267549134406,0.259117959629692,0.7127993708274857,-3.0979626440207073,-0.97004942930447,-0.95923918939269,0.3348974755895934,0.6770168843515143,-0.3667859901630587,-0.0053172961738766,0.1102789888569349,0.4706483046496699,-0.3311910333113483,-0.3814236658423051,-1.5952283948426755,-1.159645532557276,1,train
3.8667761543111974,3.981356252784078,8.035540261561376,4.881649757181087,0.2372080392998769,-1.0672859563919337,0.2177376373194753,-1.155050169353033,-0.0354989681590151,-0.8058780364291329,0.6656086267812438,0.8821246413399069,0.0483179880571432,-0.5868434999426936,0.7989955792973278,-1.6032316107046494,-1.2815671123724457,0.047489067481879,1.1449568271153736,0.4992579420594709,-0.3189957045797602,-0.783914151236167,-1.9710185435068015,1.189766097326019,0,train
-1.7674358784622202,6.371434064828333,7.526187153017757,5.730844099592647,-0.4869661057365922,-0.0855967445798949,0.2354228043782359,2.38990409134563,-0.6458282662755758,-0.2431325551776377,-1.3909386912379582,0.2308606222709544,-1.681743569659334,0.4518898830299704,0.7714353445106823,-0.4940475235007342,-0.2249348189647143,-1.57944928096669,-0.6277351286473793,0.6390804880109793,-0.6129744175900609,-0.9581990524727788,0.3323027887947753,0.0060128721539162,0,train
2.563638263894849,1.3682110927114501,7.76858142358887,2.655578242841022,-0.6973869892353534,-0.4107479232226539,-0.4668180406334308,0.8447793218939988,-1.5328286316470832,-2.867785336444882,-0.3942361381984932,-1.9379588842659152,-0.8463735161690652,-0.910512737297238,-1.3701427581348349,-1.3220249179779315,-0.2736172055079196,-1.108743503990243,0.5281463672972936,-0.5359842138963844,-0.7917774347250499,-0.2374077990691235,1.301231261667298,0.2724469680954786,0,train
10.015134797817959,1.8751253487558295,9.193575675561446,2.958230131103825,0.5917104247278646,-1.293704947683404,0.0026922149972181,0.4136973724302138,-0.9588754803571669,0.8108132465579908,0.7626397658457388,-1.646513553754244,-0.1458965627411645,1.3209618029250725,-0.410193683729635,-0.9477626062774898,-1.6488452172145174,0.2861334195909576,0.0006944738080608,-1.76367537906356,2.6005764129686555,-1.1927444743493456,-1.3448615271760758,-1.5684508818847498,0,train
3.0680999652278063,8.32690924029368,1.833729206893624,5.124109266295541,2.0553564367531245,-1.190627147117136,-0.7849770094603877,-0.9633319862409716,0.169570318171275,-0.2597162388187196,0.3717637842706069,-0.6845243061769635,-0.9842319231271772,0.9347813772150024,-1.288549569828229,-0.0265940977979914,-0.9121947663882188,0.0652428310966583,0.3870185896464027,-1.4158178017827796,-1.51772408282185,0.8509170951482463,0.0730603671573753,-0.1458444354627615,1,train
4.7453506998654325,10.345679668838418,2.257612015705513,7.7862172808711945,0.0692233854488498,0.0002491449858208,-0.6744703808892186,1.4660270559785855,1.0196270651934138,-1.1765050523077492,1.3114941331253849,0.2514568492704165,-2.5712934358029167,-0.3837572804614191,0.2625725328235326,1.8461462709726704,0.2852500199850397,0.8210863450382133,-0.7121767318208216,-0.8407877743268286,-0.0971160046085954,0.0719492484925499,-0.2058898866997389,1.120589133823737,0,train
7.520144582872253,0.8354795824847971,4.253461687454352,3.286502889495853,-1.6456617947160108,-0.0631271838538347,-0.0245394466668808,-1.011559394784013,-0.3941311984908148,-0.5104170734073125,-0.9528629610916416,-0.1152857836751942,-0.3483492506661724,1.7740107910841136,-1.986637006701205,0.2774741414507318,1.8860415033526865,1.0588647074928224,0.1971044879701327,0.1708911946713575,-1.321101104146476,0.3272837359331851,-0.7850228034942248,-0.6346627707521005,0,train
8.117510837592391,5.0647788245857495,5.59169891583367,8.645532553260809,0.6091033669994431,0.118132459465945,0.1298455679934275,0.6893662111884297,-2.189721219287444,-0.6674283041636212,1.3311568196967176,-1.318689041405485,-2.1002983090714813,0.4541007823383929,1.679600302024431,0.4798804739257677,0.9344993378454106,-1.9028554813719776,-0.3807517765459923,0.1918046192029947,0.8992354358065726,-0.4057619310491523,-0.3150778823534614,0.0676337541986056,1,train
-0.023510995665817047,9.852456523886358,7.345041576941843,1.9257991681599496,0.8431251637927138,0.0241201005624404,-0.1085460017873154,-0.1190968542692621,2.1097275955877057,-0.906900346824183,0.0912229798665197,-1.2145968460773848,-1.4922861184192302,0.0696307622028837,0.1527320518338811,0.8936398163263206,-0.6898410501145938,1.4672860302888877,0.3851543734890638,-0.6684831438678045,0.3414697390963299,-1.2758157160935764,-0.2770487909438076,0.3666337541589873,1,train
3.295052986968175,1.157535681983127,6.243345265466504,5.554418992995274,2.3126661383884435,-0.438789374414521,-1.5741612722302507,-1.104270956909601,-0.8119457933220202,0.3798642754055629,0.4041873116644976,-1.3166941340306602,1.3708011487409162,-0.516277525672008,0.3399547728864706,-1.0887642344578226,0.9098467444717436,1.2221411569454617,0.1807910105615549,-0.2950943812575806,-0.5990526812776319,-0.5939792893631406,0.6504527452650557,-1.0411541557592097,0,train
1.4917259912651284,3.6603258788677566,8.835456993796065,6.289583534208903,-0.078780264608882,-2.310015972351877,0.3993329101461977,-0.0738926850865313,0.9810347329606324,0.8141431465945751,-0.4951696154642183,-0.9795122508341164,-0.0649338633604052,0.8999872777039136,0.1687133208349107,0.2506733402423157,1.5424198415370176,-0.4439270231592464,1.0972089555804951,-0.3873047422667299,-0.4401666561764769,1.0888052988984012,-0.5848784499703228,-1.658987576775096,0,train
4.286420896386266,1.4210268424570305,9.020968891770115,5.091362818879656,0.8151670895579362,-0.6667190550162424,1.1947868716601906,-1.283987888947442,0.9986692983854852,1.213788500687764,0.3733708681885269,-1.383941828607879,0.8535917950837522,-1.530367708719206,1.6095033535306835,-0.4809556821621257,-0.2312165195050358,0.4544811325645785,0.7875563941566376,-0.8027815728198358,0.7745076897748215,-0.4973622423588178,-0.1951335448570304,0.7878037621184507,0,train
2.0902524509346803,2.730131111767384,6.606615131348893,7.140140970944696,0.2124974698558248,0.8137164679642933,0.675909027391841,0.3295667591934677,-0.2539135412421118,-1.3375589233332894,-0.719041042074324,1.4575138032805015,-0.206727159938457,-0.1943748112395979,-0.0630913590622828,-0.6471416851942232,-1.1927138048591388,1.986545959601689,-0.8609521274886454,2.139536128783991,0.1215881853949408,0.7776200617408062,-0.1250893367134585,-0.5800941675918921,0,train
0.013472116772958176,3.8199681734007065,5.943447085562929,5.593334396765612,1.687377067713099,0.8219968655032963,0.1962054887750097,1.1525286240511974,1.7533046546894102,-0.0021408593588354,-2.3610375529203944,-0.039743678311152,-0.9812763227395952,0.6296503644544033,0.2146566951361007,-2.1596397254496313,0.645060654201163,0.2385566972311419,1.974024759900712,-0.5491123527370395,1.1639974004707667,0.2806114520737566,-0.4159334126671251,-0.2036588843259793,0,train
1.3054751836658225,1.5023544057490383,8.353526004110147,8.116757226917633,0.9903062563337524,-1.61059321693699,-1.400245862679389,-0.273627611023448,-0.1655316445566753,1.0971773596552337,-0.4389580408492338,-2.637891148302045,0.2411835039315316,-1.526287951180778,-1.8320261279458228,0.3197040508520323,0.2769447925365056,0.9322588483058072,1.8130694531016376,-0.5138426218940022,0.0875493299349514,1.2341682802878795,0.0101206244245725,-1.490058333453101,0,train
7.036560484232195,6.139674939122962,5.907702170405605,-1.0278781769181917,-0.2369812991904816,0.0120532948289418,1.1429685814253243,-0.3193581753058385,0.4905004967464265,-0.4758887422460382,-0.0168233423605477,-0.2934787844173211,-1.3412383692255303,-0.6457729932528243,0.9870833062479888,-1.4450907018552943,-1.5253398367363613,-0.5650327919197791,-0.7614896877470042,1.3449473759312265,0.2258465771530965,0.7930643202796361,1.666275650211085,0.3870900591623059,0,train
3.3552388893750464,7.840343910507135,5.7580519150043035,3.380917169597028,0.8166218480739265,-1.4356048797028462,-0.2102083118727622,-0.370308363664425,-1.016564621786222,0.2639230578272047,-0.0330101486942629,-2.7533220779837215,-0.4493134749623588,-0.3288460929555817,-1.031377117618519,-0.2077002804762009,0.6696720814452694,-0.848335443092932,0.4808068947134491,-1.7520554309429828,0.4060840941436167,-0.0873628223617471,-1.076554357149021,0.133877699749372,0,train
10.886408761321889,9.574242539337602,10.16011351458359,1.0962331056109036,0.2189397754888553,0.0385930265783422,0.6084203329759906,-0.2455366544882556,-0.2731379009382534,0.761404362010099,-2.710308218947445,0.5622762688101797,-1.4171601202415052,0.594661724711908,0.8682816106175527,-0.6373476763716557,1.471569574313066,0.91200656316227,0.0244545399920064,1.5306946032900433,0.0574089273895821,0.1852052450828677,-1.1235113184849794,-0.5940287485080757,1,train
0.9699015144790233,7.9839288790816285,2.842974150055431,0.23358959786313793,1.295287122251602,-0.4806385337722103,0.4384030794360082,0.3980681177420127,-0.2489984752086446,-0.7340835406782538,0.2329730850585908,0.1186914131993205,0.7271842119885364,1.357955172808115,-1.2261047610590423,0.851537529307451,0.3231143369789674,0.3088531342544481,-1.5897191736952023,0.6196481110382703,0.3190500326023994,-0.2679086094926258,-0.2437700930751244,-0.8475533200000518,0,train
7.886599652061695,2.4775187159486722,5.144422308346639,8.149157093607718,0.0888452807255,-1.257746846345003,-0.3966858040745981,-0.2586751846103554,-0.1782558117000451,-1.133984006505259,-1.664170707927635,-1.3604960367161094,0.6552738937732736,-1.0358815366028231,-0.2896912166263623,-0.2520876084528588,1.1259230745145858,-0.1133312055164525,1.0274722416073023,1.096237790283737,-0.4529527209780563,-0.4751095620472363,0.6164359327230614,0.8602971219199216,1,train
8.827965806454582,1.2819218371166592,-1.3441053834435261,7.358608891710828,-0.795276346431939,0.7534987349346974,-0.7610798856729688,1.257926826119057,-0.8499890628534951,-0.8713037004276073,1.277999333851983,1.497044422742701,1.0785300081185123,-0.9560701117080528,0.9979806663381264,1.0149887246207312,-0.2292566705227182,0.7769222502025696,0.7047608626381091,0.6971977122674723,-0.5342117109649193,0.3799139376950822,0.5102368523928881,0.8754053913711839,0,train
6.627630801606231,4.30960547438148,9.349258492906573,0.8131633083936319,0.0688386420755521,-0.0628984247316871,-0.9513904300081548,-0.4089606054012645,0.3796291095326487,-1.241643651695457,0.3172997199849315,-0.0810251493049869,-0.7475538808598358,-0.732879539151685,-0.608595221281395,1.936575582541702,-0.6443799364353834,-0.7101909093273899,0.3969957211745324,1.9241543101792968,-0.7005372895082556,1.9211896733046172,0.5559965993409262,0.7310388534814363,0,train
7.359754066592419,3.0768338009336142,5.875832067945586,6.449882817898047,-1.7233529569745882,-0.4000426111742733,0.9322634432479358,0.8399086586892982,-1.663816337156745,0.9208919380101752,0.1034635392420273,-0.2031871896489505,0.6875932988227212,0.2333045929484263,1.2909878614860475,1.4799286771214923,-0.9148196265754168,-1.0438530981494984,-0.4422019182839953,-0.8470013296049469,-0.0989068596582354,-0.2268029530917241,-0.7676937175604416,-0.9199997111378652,0,train
0.8624243847222794,3.8625075518379766,6.971978008696224,11.04687843425797,0.1993769468915394,0.3954573790714768,0.2227965577744245,-0.0791574710974235,-1.2889760924002058,-1.5710700241477102,0.3380549930287622,0.5306215351094832,-0.950876592646682,-1.0274532603545288,-0.6375520268467383,-0.6987588751195002,-0.8447832615735531,-0.2122220187535419,-1.6794613242415546,0.7060248837130666,-1.280103313211335,2.7860748098223818,0.7001696002647565,-1.073945464443043,0,train
3.257231437812289,4.4383410695746806,9.005229046564832,4.7063334032154325,-2.4460076241885167,-0.0910322014962089,0.6851486385924378,0.6757455132843792,0.0800721329555389,0.610804869646823,-1.184615108794833,1.8607270976741217,0.9305323865278968,2.835149836430969,-0.0415585291460758,0.6127161610493459,-0.7553859998843264,-1.1432145679701686,1.784039980150912,1.6640370123473414,0.2580360874627498,-2.296691236909613,0.0098087921497375,-1.187459711102187,1,train
7.212644059267878,8.178007328609556,8.148697988078263,2.9019756732902007,-1.7439812954549296,0.7792053435538785,0.0493502517286131,-0.1463312312392118,-0.8291480657542581,1.1968214811373366,0.7192625344766903,-1.23783349715313,-0.774864480943941,1.3397803366113163,1.1291368327247726,2.1822577883352405,0.5769594908711839,1.005745032838963,-0.4795621307343083,1.3214936784689768,0.2194652544056861,-0.8232275092238808,-0.1393312930500865,0.3455542039219129,1,train
3.2626848945144338,0.15296465930420644,6.258372251319949,4.797060508827866,-0.0266186192025689,-0.8186582238746756,-0.770453647389912,-0.3599281223099074,-0.5229467775820634,1.4312002604709435,0.6912282321723292,1.2330965656773636,0.3889980145737521,-0.3596953116412357,-1.7748686914918372,-0.6678978445273327,0.6211766506914387,0.7640517936838118,0.2690613232595816,1.0532686218765788,0.1704356826850351,-0.5466276884408793,-0.2365605505171059,-2.4468262864944004,0,train
-0.45783257258317966,2.2648458375033433,6.229895003902284,8.249423163210162,-0.0537077281173013,-0.8040929157397774,1.4110001609828593,1.6444769429667454,0.5333784008824585,1.0418945394073598,0.9577693747788174,0.2061169353412656,0.1920004477380839,-1.4704959046022146,0.6479464744173462,-0.5357168564291137,0.5528782529996586,-0.6077972258792613,0.1294809008759976,-0.3259070184193731,-0.7529048366144988,0.1198865473362755,1.382510916504776,1.1585392298428945,0,train
10.484793782974137,6.17817270364176,2.2193349512276557,1.4991026028272556,1.102519245451267,0.9065553676021944,-0.662494022885771,0.3043040924323924,0.2836298603219331,0.7526329833656681,0.5528238605957723,-0.6362757374372369,0.1991984905896447,0.6513875112832519,-0.1105474776038586,-1.4993189578686403,1.4418997457212817,0.4096008364691672,0.3240557230688641,0.2279151560749738,1.8396117397110163,-1.5435064624570465,1.3463053768775972,1.221618575503184,1,train
1.5299847716725525,7.817454010586828,5.1964220411817035,4.160398633242822,0.5999971745757884,-1.2030969104983882,-0.956908500892528,-0.1067103839512146,-1.3710264944553954,-0.1398132696869642,1.205102919145936,0.5228877142097162,1.3373394829780456,-1.7261176230208075,-0.7204654869591126,-1.4002210324804325,0.6501558898465956,-1.2098486697482242,0.3252388087798839,-0.5495046680613029,-1.099494492555071,0.5640760199220788,0.6444172389990351,0.4700715000531965,0,train
10.414088404987236,8.656099154064012,2.830808645120329,8.457614901798934,1.6550112615694368,-0.0788388089876485,1.4104880027086708,0.8798186667728911,-1.581987570470167,-0.256222025780382,0.8249016872501029,-0.8457462533580048,0.7554477159398202,0.6129966330649682,1.2533818480900183,-0.9004393857621591,0.2604116011853601,-0.2674560724876998,-2.1557232485484703,-1.3095814429164865,0.2920601042011657,0.7002544822416618,0.8872244252653777,1.1979786253971951,1,train
8.610035118335924,7.759299710117158,0.7547848641023174,0.4058978056152882,0.5731020158953747,-0.0568087811511571,-1.314030546247825,-0.5008873449131829,-0.4643513993886541,-0.8688506644372451,-0.0862904315105316,0.1473121479926956,-0.9335534337423108,-0.0478925813903206,-2.0597295210700066,-1.9363263644023576,0.7123371922607598,-2.3943962915393895,-0.2041064481781875,-0.5998272714630692,2.14990498819961,-0.4675792228992256,0.5624145382509755,0.4158474086311792,0,train
8.527245017291712,5.0835617095720185,4.564917103561035,5.416930930484446,-0.3908636632470708,0.4968972245903373,0.3439797908469314,-0.5035178370148881,0.3346825921232071,0.7234236619590128,-0.5659858400076339,1.0686854368719996,0.1694639698957583,1.1222842894142682,2.101830854156237,-1.251248485582316,0.5619781955472963,0.4119100800615538,-0.5568272392049359,0.3636464954551949,-0.9469958282098646,-0.3156419282978164,-0.7733473864464391,-1.3205784608333864,1,train
6.245126480774872,7.086821530347809,9.362966735190117,7.239796821644404,0.7052027498016199,0.4438440570314615,-0.8701787547315853,0.2975743144157106,-0.6851062396437151,-0.0139454104981157,-2.5441287863467092,0.0375763166593184,2.5709375664202043,0.5827473805699092,0.7456419998548105,0.2189057113679135,-1.2368223893854358,-0.063072432698334,1.38463168387164,-0.9204328306173404,0.1987193479707269,-0.0320494726194033,-1.4823459848740173,-0.1119545588082133,1,train
8.398183721851757,8.382975086329322,1.6480329599857304,1.7028151683286243,-0.7606527104118668,0.1381531066611026,-1.5519845225269888,0.6766570300641875,-0.8580045318903397,1.4352119984834693,0.1621849184500126,-0.4010533322811477,1.3420050912260917,0.2217622669864082,-0.7186291583658952,1.660439261860828,3.020376802300181,-1.7282360454160952,0.7361857775758072,-0.8870724511037409,-0.6298717143094698,-0.9127915144724528,-0.3402535265530048,1.236920079923042,0,train
-0.9051398182322503,4.461356633224688,5.976369523279295,1.399376271216214,-0.5424489882819195,0.0599611853022951,-0.292619262725662,1.4091084653183528,1.1305549427748682,-1.8700108200812755,0.4697755356958961,-0.8804319045086281,-0.2241395501620113,-0.2533968359625864,-0.2565779497154432,-0.103861894027941,-1.0720009381691995,0.0828080076633177,-1.2376792880581555,-0.1231172103690812,0.3609126075067363,-0.158611706244547,-1.3938755526160156,-0.4207893035616936,0,train
2.529530849357809,1.9975754293897827,8.474335035624238,5.020505766517099,-0.976105663227434,-0.6855178481671391,-1.4973241598344478,-0.5976964605948061,-0.4223139843268674,1.320617972129,0.3596747921664714,0.7171102681481744,0.261284808959101,0.830611603771209,1.5527215036756976,-1.7476524621314888,0.8067869398117342,1.2108922367680672,-0.5157871468358596,-1.1519583704461935,1.3730409076602417,-0.6463093164780161,-0.279714324171062,-1.373840510953276,0,train
1.5594546053053397,5.084410400850844,1.340288662839087,8.142537957027152,-0.4253315957738671,0.394599161149417,0.5444632674915497,-0.5831972452471061,1.3660640068586412,0.1301102803807056,-0.6772297559768589,-0.2065878384296953,-0.3813461156584836,0.8155445939874012,0.4419838736261927,-0.4408351009176592,-0.5495968889798312,-0.0364930419670596,0.6474432487260628,-1.5310100913062896,-1.0263288801537722,0.2677497985646432,-0.0274864790307976,-1.004196558244728,0,train
0.43696316371281296,0.4635546818241991,5.5412178574159086,0.6414656763187766,-0.606552440122723,-0.9044216519721168,-1.5881303268958915,0.2787428986154789,-0.2562811923320209,-0.0183979719215939,-0.786432964495185,-2.475481771457603,1.4851981077065652,-0.4395496739678633,-0.6786243480888489,-2.4857140257931247,-0.9662363679024438,-1.3538773983898849,0.3100596228394265,1.0692881052942642,-0.1647084111124667,-0.7317160402531385,-1.4347888681233565,0.3745600871689881,0,train
0.29163668090662787,7.160311258236995,4.504295507651655,3.2934475688981215,1.1482825630329716,0.0787706150858685,-3.1396581477283405,-0.063516247250014,-0.0245707757081617,-0.7820037958201868,0.3504795312115587,0.0542744989003982,1.9784338173929263,0.3567983761414685,0.377774562610971,-0.7183043458571748,-0.107890140853302,-0.2956325811437444,0.6121558767855216,-0.8173816342619692,0.2897927780832676,-2.1101145978954654,-0.6752851007800628,-0.0313043114636611,0,train
1.2228637422404494,0.9808888517940608,10.570343362656525,10.248032461830286,-0.2768293278466304,1.7160597864218048,0.1257805396233758,-0.7615494328561949,0.4531564180534324,0.7279960718087055,1.610940828826768,-1.1493675729887285,-0.3618418122563019,-0.7527290283297685,-2.751202765658239,-1.5258960400396742,-0.495004799392972,-2.11587467223193,0.2347046721349096,0.808362089971424,0.319332241551342,-1.168217292718657,0.9051108837915314,-0.4751581125366637,0,train
8.520957937166974,-0.17853851124727121,3.4377885334204255,4.151579202306431,-0.9476196557658634,-0.436539733752428,0.6348784546038522,0.3774842314637857,0.2458304046286541,-1.0567768169673777,0.1692750773831747,0.1639819724956144,-0.002201834306821,1.255677747560463,-0.7128029877103556,-0.0088288985711996,-0.2452174736391836,1.158934038608578,0.2544006782158798,0.2156748543510219,-0.5370644409079366,-0.3747287015381454,-0.3274957291129977,-1.120207979159833,0,train
3.8647622938774537,7.990705842362591,7.8609847936221735,2.179402633506987,-0.4219352136985066,-0.9591849517662128,1.7990533728153268,-0.3734319009037889,2.198111607893361,-0.6952855925370978,-1.2681264649425852,-2.449691577166269,-0.4521262746921122,1.0810727378540603,0.1696672725440184,-0.7490671056266281,-0.2284459908481644,-1.048450273371206,1.375108648666611,0.5081386539737622,-1.2617492380764777,-0.1265649203016492,0.2075801245048544,-0.7649913764541184,1,train
4.159403667106382,1.2824360083925967,3.9745251090636136,6.058097206542868,-1.611935942582402,-0.7459413683065333,-1.205644019720007,1.0232235828301386,0.2868863186024804,1.239772288216249,-0.5380680776189252,0.0363471491380972,-0.3767600028218197,-1.4089179627184438,1.373835459014539,1.1403595825467518,-1.2351266187865102,1.0530440193811208,0.1162905113256715,0.7761379971125819,0.1370609899214213,-0.1800108353327769,-0.9773356800560882,-1.1535896449762673,0,train
4.490779658959439,7.6186472085362835,4.0713656377454175,2.335524689784316,1.5413129629192035,1.1442558974278378,-0.4896374271758961,-2.21758931963927,1.1604687354366043,-0.0876859083296837,-0.3139175204308784,-2.5945422052871185,0.4173201713369835,-0.4433261287036056,0.3660266684043267,0.2243973121461909,-0.7429713963490042,-2.6279259481826855,-1.7198744983026677,0.078996560842401,1.3669827608292544,1.066968018723184,1.304952148197447,0.3208650698065529,0,train
6.2215121765824115,0.6401154712420836,6.738501797648269,6.886724283779738,0.1884747842775966,-1.7659137368876123,0.2925361581843898,-1.0938081450810082,-0.1207742972827452,-1.2694664097893045,-0.0072476688637097,0.3239299445236794,1.4105900912463012,-2.5504174065395087,-1.590943744884681,-1.4305286378752342,-0.9142119290720618,1.920908543356692,0.7167677611583171,-0.5999396797909222,-1.6895143506566428,-0.5437559732503515,-0.3973027125904024,-0.9548434323700182,0,train
7.43861410901212,6.790033193108905,0.45389818316492203,10.95846487460032,-1.2290735815777831,0.5648516511100048,-1.5156730708254194,-0.1663125142319587,-1.3395755923803885,0.3869450199467305,-0.434151110661884,-0.3545787123200019,-0.1664296054878343,0.0990095656314108,1.0029495221411588,-1.0423768701538687,-1.856878852059426,-1.4329882179407505,-0.9015980264422656,-0.2683401135077617,0.1113567002645511,1.6915691060594975,-0.6259771157122294,-0.0972557058733877,0,train
0.3534240410087277,4.943487332323996,5.833550836103422,4.704106266504489,0.3563539452997998,-1.1950441419295597,-1.7251802366100253,-0.74917507005793,0.6666725447366506,-0.2688394602205176,0.6795605454295633,0.7711664239817217,0.6731633554576606,0.4402635584373168,0.6953157535677392,0.0390171176619612,-0.5826659226799712,-1.109664306915126,1.9170129983884423,0.7483855479971665,-0.5257528894684478,-0.2308814360606529,0.079733124369372,-0.125277779293909,0,train
1.2210895814881764,2.0756516900474438,1.546977432456168,10.8230423841837,0.5205887302783234,-1.6462548823909278,2.416143336425398,0.2170432898652312,0.7349011077228838,1.2574042382757935,0.5857928800680844,0.3523606666788937,1.9202829069116203,0.6912910286221194,-0.281358365932544,1.1366405509462827,-0.0509428185212319,0.9701777432334356,1.5775858118829735,-0.7450888738816069,0.6476165725090053,1.0885676413750878,0.5284912709945035,-0.559688215807219,0,train
9.801093899053553,2.550993267622414,2.6061306883064916,4.812449863666544,-0.7352670193856983,0.3478095271939023,-0.6563800995149961,-0.1726405445966037,0.5914900687916361,0.9310582949582348,-0.2189461937659599,0.0056995424773115,0.6431847821642518,0.4710306993025667,0.7895224460610495,-0.7028283915807002,-1.0325960514427337,-1.4118209093034166,-0.135590445388246,-1.9355271106049228,-1.850386427659985,-1.5559121933904685,-1.2000809777955626,-1.458279599563344,0,train
5.83185629398157,4.66468815333543,0.30757886531465367,1.9252763131128474,0.7656997348520398,0.8931338135908649,-0.7849518699710759,0.2482445427415736,0.5077735941599699,-0.767989759148088,-1.6566171245235548,-0.148403880043026,-1.4209247655650863,-0.7236653477256643,-0.6919905521539853,0.5574753746636786,-0.1881228492186924,0.2104680720547963,0.600790902838402,2.037226197147978,0.6571210668943026,-0.2046333018586167,-1.9685711812303712,0.3631662499419584,0,train
4.278885198117688,3.764733050991973,8.26272004041226,7.883133059357396,-0.3941973422602484,-1.1363917421490488,2.3161192310977525,-2.2163071433671826,0.8579593928428939,1.8290973420702303,-0.5991301216838878,-0.9670096712175648,0.8699142537237889,1.109084111966092,0.2098184271623836,1.070949569265365,-0.1097407219942461,2.028703164659787,0.2977079354159704,-0.8542750932371713,0.5374531828304282,1.4853448442511186,1.393428636837585,-0.3923688920791651,0,train
8.291144343294064,9.640428760502965,7.291860642583914,3.19216814571052,1.017798897408907,2.1856913593486875,-2.056533254542716,2.0001921597734436,-0.9607934224028076,0.6906009248626501,-0.2000232269748587,-0.4379979444276372,-0.2330943359100303,-1.1462939119107054,-0.8323431671542764,0.32358316010685,-0.3769756058950607,0.2622389523923978,1.763164406415412,-2.3301288159626132,-0.2315828819308048,1.2748258732111628,-0.920231268178706,0.319356092925485,1,train
0.8697341477716195,10.140804111389622,2.452945080103239,7.160287563060981,1.397581553106745,0.354759239783562,-1.016963144461405,-0.8416458909865454,-0.9159448019674304,0.3329579678891947,-0.6638987878962556,0.1158207420036689,-0.3917058078045777,-1.4330470648902442,-0.5516436255634962,-1.230915671876364,-0.4963247261873333,-0.3748139641528259,0.656464617588643,-1.0038844584475182,1.8051918168748209,-0.974047422260008,2.7551703684372715,1.143957716482942,0,train
9.402871413926164,8.437196848234677,6.155140037494242,2.819905686588367,0.4254718754391753,-0.1826835471547738,0.9573121463625254,0.0495212325419129,-1.681679552449283,-1.1098794661389848,2.082023554398936,-1.4651041377063314,-0.9379827049977104,-0.2503010203641576,1.8760718376928645,1.5101086854153194,-1.6854150190115882,0.642951150368604,-0.2943988527602487,-0.7765359864844812,0.1458111103412931,-0.0219379566957885,-0.2390052595757342,-1.0301823806394013,1,train
1.3946274574445787,2.582966606614833,9.318802164359447,7.112846667732526,-1.4515634524128784,0.8198992378571852,-0.2301845999873905,1.1460354767011878,0.2463779647625361,-0.3560746702112036,0.6046333480816415,1.430327046679905,-0.9826276615006228,-0.6555536348412387,-2.2345480851490302,-1.8136775392017817,0.7955631672370427,-1.0470586349741977,-1.9413905523538355,-0.7174981227931235,0.2004932669888901,0.3291260818376575,-0.7439773856693662,0.913969440445808,0,train
1.1419302700582965,8.76827194759584,5.021875865328477,1.4140392783669036,-1.2804618917963015,0.7631871347547591,1.1935568534791705,0.1628115413687225,-1.345826880703184,-0.3058253388866686,0.8286460120605031,-0.9183288203107732,-1.111873226713244,0.621863185762881,-0.231688945228452,0.8660231783860081,-0.6702374420414443,-0.0726062062371692,-0.8813412379715343,0.6647688813373369,-0.9704243922416174,2.0939391500251565,1.207363464524966,0.6824165772796243,0,train
0.9591791749721472,3.1631435077966175,7.111700730034151,2.7221994950172923,-0.966596179340818,1.0545940705357797,-0.946064106255616,1.9627610779103584,0.578581823192,-0.0486961126985467,-0.8939926766602413,-0.1254967797301613,0.7469715287262765,-0.3849606973884547,-1.748126536907335,1.3647346855946672,-1.0707286509525955,-0.52875179129293,-0.1750494559673239,-1.8582063856784985,0.1019165280722841,0.5483993111491543,-0.8038417198575386,0.4100417601969523,0,train
5.7845098839812215,2.504369779950599,6.092578415495852,1.0166601583565158,1.0778360174429202,-1.6408692267626166,0.1160088673750769,0.0630594635747728,-0.8336217116816592,-0.787656510277966,0.1917527420423817,0.8790722442643882,1.722425437751813,2.9369255219373676,0.8634768647720605,0.0557302460441291,0.8904374080544237,-0.2365721447818659,-0.7059108486770481,0.6661315302561222,-0.8826505684853291,-0.27158720461574,-0.0693256315140966,-0.9096433893470818,0,train
3.560245275694778,9.29088271812865,0.5916121577946025,3.319032273974963,0.5882144472623884,-0.1154570163603203,0.7755220086912953,1.040857045978529,-1.228972582354923,-0.5309158547752111,1.9153519386201288,-0.355716555310273,0.0065239270938163,-0.8067993946031085,-0.8890193947846469,-2.1255132670658345,-1.6172661043954777,-0.9167844364719396,0.1187329989192511,-0.7541718466367537,-0.2161850077257526,0.2520572606850939,-1.0284278611585342,-0.3855438943793453,0,train
3.3023303773176798,8.844122331947398,10.219804802460926,5.56102324397562,-0.917587064046882,-1.5207063906444482,1.845926068579686,0.2920637393597254,-0.0885073659380721,0.4392996017140214,-1.2780646176115795,-0.7399694722933763,-1.270076853949221,-0.2962128688098983,0.5705078636646753,-0.6036518116063637,-1.324917247388557,-0.4279696837361727,-2.278255567334336,-1.303250200857614,0.1883574523815696,-0.2143758595693971,0.4528476096048653,-1.587961778207203,1,train
3.3289587800817744,6.298764893190252,3.6876325590620653,4.0689581585597,0.2664786854609797,0.5825621510765245,-1.4210773814308548,0.7502823562731651,0.3614840935700599,0.406062996658165,0.0033922130524714,-0.0760532005055097,-0.4922164119854494,-1.4418235103236212,-1.2880746280794348,0.5416261216657681,-0.014489043381169,-1.1891414807773255,1.4050321327878184,-1.8719074342469977,0.4765854312894468,-0.7859132819410503,-0.1673746735010231,-1.131600695290616,0,train
5.624277641344881,9.332249233775771,3.0089795731269335,6.60657233535819,-0.9301788491626,1.135342660753247,0.0455174453288635,1.2130590092181994,-0.9204731334201388,-1.1398073166421456,1.756500755266242,1.0400627978693442,0.6760175057737909,-0.2838241838005802,0.5422830860190825,-1.2435966175447322,0.3136629431704093,-0.5688803116345936,0.2196797818497979,1.1575873640151768,0.4377236415850833,-1.7514094432906029,2.8956215256029973,0.0811333854739609,1,train
2.4887202650120193,4.791493008218672,4.063308864723776,7.469415453493971,0.1419666844401027,-0.8725202101287581,-1.3238144700846866,0.1709721726540704,-1.1290201266794817,-1.3364729391669328,-1.0046792681103804,-0.0203302299104329,-0.3120082687459103,0.5555966765241774,0.4702392057198437,-1.757164800963399,1.735201051792941,1.825215304069268,-0.2281661702933825,0.3674663642229159,0.7294125849441555,-1.1721964703115588,-1.4076018495811335,1.0424681103699385,0,train
2.8975214135575076,6.927350802954548,1.9574145522945283,10.533229632571295,-0.8138589776891939,-0.0670972282879132,-0.2329374875948781,0.3949933639203752,0.465144129371829,-0.0779951781930172,-0.2849881834599927,-1.5957786384379498,-0.266611992065332,-0.5141740156224814,-0.361235786180247,0.5790566110019034,0.67414920405498,-1.1072146613922091,-0.2256153650956143,-0.6264015249260578,-0.4555585935552723,1.047501844269183,-1.7528902779459132,-0.2488178649633758,1,train
7.018563987954736,1.6298026688351845,-0.13418244070152402,7.722058840407058,0.4063270753009291,0.2474556472886073,0.5925771898658472,-0.0264501000139201,0.0751546266338381,1.5864421765884589,-0.3106625315844668,0.1367679135156597,0.8128534151721296,1.4847279273445206,1.2788732082687038,0.5513929077240419,-0.5860835389698759,0.0098583727202603,-0.523327273678806,-0.3207106330897448,1.2947860641191915,0.7123722755465013,-0.1439842210982352,-0.1834026314540526,0,train
5.394367761544122,1.7654864843348346,6.80910028681275,6.828562616681017,-0.6434646382135386,-1.277759349754824,-0.3362570899707638,0.8073541643287208,0.4533048378232466,-0.0065300521445276,-1.1724431232740833,-0.8712937847471995,-0.5593669736657516,-0.1530846344746086,0.0739773447271309,0.1534670644837293,-1.6546951943714696,2.581429137144517,-0.2427343544719892,0.3485628607205678,-0.5862700678224328,0.7983696656642684,-0.2871099575507417,-1.850322733030064,0,train
5.885996438863847,9.47519300119669,0.38900688978845593,0.8295792211132003,0.329209708264629,-1.2746747886669605,0.9302222528686476,-2.626824245986088,-0.8202449439460862,0.7967499171994178,-1.7719795287017426,0.7414587506529048,-1.6852740588572894,-0.9081470219554244,-0.2471793814069816,-0.482306059828716,0.1328413817144392,2.1785433506071996,2.0732141072059345,-0.1679060359133059,-1.5880973336054416,0.5127184418773141,-0.153175239231923,-1.69932751544884,0,train
4.299453860550576,1.0980372249985968,4.4725586878131205,5.754013621391253,-0.0024465870819636,2.1185479869444688,-0.1360704613844393,0.8935198886778253,0.7434838652684171,-1.0119144963172697,-0.1212403535015602,-0.6796126848624604,1.6475335521879295,1.2526677898466168,0.0657669689982614,-0.5923729608803217,1.403209795110914,0.9600279420098544,0.3901062932539078,-0.9336730872732488,0.9093513285966948,1.0730458100842128,0.9402434965929972,1.5514813064244468,0,train
1.1457149226004697,1.597526206816247,7.7512992986092835,8.556737979864568,0.7312146964374749,-2.471118266982548,0.0838373008162779,-1.5265584726107202,-0.2582226568876167,1.2107037412404231,-0.5072129231776856,-0.9150243048003354,-0.7290252433106437,1.260844420165051,0.8801917880228102,0.5175311486026198,-0.1104023790211786,-0.0761098063156475,0.5740720952184614,-0.5892638161734253,-1.320692574094395,-0.3913939199844169,-0.4396393719718138,-0.5604301936337499,0,train
3.188694663277634,1.6246412267551982,5.863577107939725,9.580377791264896,0.0471763657813142,0.6430813867722351,-1.867339915942033,-0.4877629200051927,1.2510934897359407,0.8562633111202738,1.9142635041871332,-0.2664053218094268,0.3274571486392608,-0.8103703140555587,-0.0733514850693667,-0.8712815399492413,0.0512672137576946,0.0913036260358738,0.5418768651389798,0.5767751870590427,-0.936617125229836,0.3391435514925867,-1.0831715748081288,0.6180814228238153,0,train
1.898174018607713,-1.077580332152387,2.2493485849177546,10.545880123133307,-0.3551166082903089,-0.1244260813798873,-1.4519481958743836,-0.199037529839011,0.2344386301622022,1.5090901968513175,-0.1652896157416869,-1.3256528724158445,-1.0080680198359877,0.4873146642950896,0.7222639144094548,-1.6659207250390136,-0.4683717596542641,-0.8649633912119127,0.6137245897879551,0.241115666951497,-0.2285400722687271,0.5408197129736386,-1.00986729168289,-1.082400340358634,0,train
2.281408663484253,6.550599949269116,10.87863068444904,5.889312541124617,0.6150781775432717,-0.7055651997222473,-0.8804818131577313,0.6447784162696856,0.8326713051867789,-1.828794658379865,0.7044822651599949,-0.7774519308557023,-0.1240732347532932,1.291904992429644,-0.0305278391903464,1.6196635329533011,2.0500341515327323,-0.3213753816554356,-2.4687782798566005,-0.8395637589604995,-1.2650764180668947,0.9688634086552836,2.208804302816307,0.6668961419366958,0,train
9.372827986404696,4.528394872212405,2.8037460017898255,3.4987764517851088,1.101358064819398,-0.895069638716258,1.543174458940702,0.7928984562398692,-2.0107694045906013,2.3150911302381556,-0.6313273463108058,0.9373470140808684,1.4060127125163469,0.2522870202711727,0.2409381723765306,1.9309988783147365,1.030546470130557,-0.408620948814255,-0.1790922091235895,-0.3363533521527527,-0.3012603030994272,0.4880017971119856,1.291930094755286,0.588294490878092,0,train
1.9904140766821508,9.109851057579972,-0.6252603896299974,1.957496848200096,-1.4181625707547123,-0.7157649586405375,-0.665204584280843,-0.6635720099430493,0.7340518575376664,0.182591174000285,0.6120844413711803,-0.11925896442957,-1.430644089780118,0.44067513844638,-1.1300807786842169,-0.7906935081085595,-0.0879763073596971,0.4469891361424115,0.4040819600511619,-0.381244063135727,0.4059733639313923,1.3911406143100586,-0.864492509592979,-0.4670786622367397,0,train
1.6474807767887887,6.621144305956373,7.365149341075478,3.7740164943869727,-0.8607922174066538,0.1122097209165636,-0.5632502789565252,-0.1033565426236746,-0.3662561388472922,-1.546193496688799,1.659219113658169,0.0906069625962727,0.7527605508218213,0.0695799071442692,-0.1313979118372076,-0.8345623623278267,0.2351063763919411,-0.0720397564524294,0.8021085335029575,-1.542939055172003,0.1176868972130768,0.2133635783595473,-1.5485170293785802,-1.3997618038429314,0,train
8.924183591316407,8.97347421113686,6.788692796223055,3.8912919270308324,1.5025193712630824,-1.315643978241914,0.3346077003625362,0.5635320913854929,0.8072114758928314,1.1396561273323882,0.3560756589353173,-0.4218082257908632,1.8495395836993287,1.0278468302191042,0.1080234938190538,0.8990302821756526,-1.254201336587438,-0.8785085402727485,-0.1200617709563165,0.4409326213169471,-1.619082335494325,0.9896044401144098,-1.1422869652828316,0.2751269422119619,1,train
1.9146964624146845,8.827418174661126,4.053457766209071,9.150540897026795,-1.8204271734464752,0.6963941223685423,0.7602147005876276,-0.8841568161420545,-0.6385886117685543,0.7281560847878039,-0.0671763192976447,1.3741421464405053,0.7688898127541893,1.6878025564049917,-0.8182466239103029,-1.500078660361028,-0.9760354620934844,0.8624222054924394,-0.4739744097213286,1.176511571488555,1.9535661007416296,-0.1744015510511017,-1.0877693052249269,1.8349559084185496,1,train
6.4492729233515345,0.859739547563309,2.4833594620527553,9.554339502437774,-0.3270147306144385,-0.8993355195515,-0.0495447571426392,0.589743612473364,1.7086328886344273,-1.672037716033899,0.7598160082244333,0.9041608916189272,1.1117505552580824,-0.4122001486200374,1.6563927213270917,-0.6769444072963403,0.7604127761913897,-1.6397746058934437,1.1877799065286974,-0.3639713836230486,-2.4033578259541692,-0.2184420901405394,0.6372915885992154,0.8058697482702696,0,train
5.88147297041757,3.4589512186083065,5.742894791661193,3.2785879822099258,-1.2839349670653373,0.117405970118659,-0.3476205358839097,1.8660098576855335,0.0396547929424863,0.69186623826358,-0.2665617552413555,0.0904737197411193,0.3504500337357648,0.373363758497956,0.6535897219636574,-0.8331587816971108,-0.1109571285402197,-0.3191252726220138,-0.4588267431197721,-0.3278733818544854,-0.6778637413071354,-0.0749541126673166,0.4105458025075096,1.2709606595026604,1,train
0.5724249789715963,2.3285622465587945,8.276220227612423,4.531320067575357,-0.4861732386689968,1.577204325089263,0.5444255899690627,2.5443888392732807,1.1429004739211663,1.0404963880987412,-0.7816334821879503,-0.0376991223714624,0.950221797412835,-1.2653142608518897,0.5138548800598413,1.8077292037916115,0.3878458453633063,-1.0488715884259745,0.4143401126958083,-0.1467138682534066,-2.278841961485869,2.0108334515908015,-0.9602589615924644,-0.0212121678312196,0,train
4.776594693193907,2.973463682602469,1.975040658336984,2.5239206076634204,-1.5825775210978603,-0.1315939661026507,1.5106927963008685,-0.2340578458850665,-0.7267180590503974,0.6279712929131188,1.3738139968065664,0.4744171348730884,-0.0520675027258924,-0.8607789778879725,-0.8606305867020763,0.2442552325617052,1.0225218013031574,-0.0813049260964866,-0.0485023489123635,1.5837342397714136,-0.9747185308652936,0.7877301803085706,2.20940111851953,0.2749349232247774,0,train
6.901704001560772,7.684444600372206,10.265221604698425,3.9199843634360674,0.4974700759803029,0.5067395401233126,1.1845938131265248,0.7336711177326461,1.611673425101397,0.2518028406743665,0.4153551267335074,0.1831870650756629,-1.1846644359472844,2.0202512933844177,0.1117590933483677,0.3387729200863291,0.6358757086471137,-0.1458509816065932,-0.9853059109739578,1.7117744611105403,-0.176175467394482,0.0056027450615149,0.1064623372923976,-0.7205633410108709,1,train
11.034935534550367,0.7736448415293615,6.478495019335473,7.318056721373038,1.6867326011888268,-0.0711548780414303,-0.8042929308817093,1.607885322988861,0.322461200559493,-1.0181939465560228,1.404938095973726,-1.3019667997825228,0.5779867568171775,-0.1626275359413697,-1.4008429151146855,0.4509925789757223,-0.4304997499410559,2.7199748468750227,-0.8768581651069326,-0.9456644708799702,0.0928310993738382,-0.455517775073586,1.182188105245789,1.2441166284733387,1,train
8.138574130951541,6.546656636872156,-0.34002644144193783,3.017690316833881,-1.9641431048092488,0.3551962523137295,0.3714890452252659,1.4637756882981918,-0.2311595266880044,-1.06958977084274,-0.1615626681120619,1.4444883390065009,-1.3095716070570482,0.8417101768650423,-1.0327002905009603,1.2507144231663765,-1.7898584590738034,-0.0206059115193006,0.1787044726111054,0.7567214404285728,0.0116042558609147,2.1142742933785885,-0.8156516286801466,-1.3469871619356564,0,train
5.0119090147906205,10.246664300405522,2.903878166049557,3.996061298087196,-0.979967781956812,1.8248115531343576,-1.132842570654194,-0.3650282493374279,0.8658457724236667,-1.5194549164152094,0.8629209722029609,0.0034795832089756,1.6034787776237427,0.6370896053610049,0.7800413988638186,1.5674581127865523,0.8698844992256396,-2.130723933356603,-0.5232892514791415,-2.308679222048138,1.139877904492971,-0.9864413036793584,-0.2426024854249263,0.2301797226734008,0,train
6.844434714596272,0.5369283236608472,8.345423584212893,1.8156884001092444,-1.3112700054445017,1.0137246039144678,0.7213184490573604,-1.5889252910270113,1.560636436978536,1.7104218609909028,0.0582260978111638,1.417667929646209,0.8167619402524102,-1.1416302659194186,0.4256917682785651,-0.3614153720910849,1.2830173577149386,-0.428295757168938,1.828123580030862,0.4739343592509134,0.6875914968241528,0.2882813205447612,0.2322811440040625,-0.3595637184549238,0,train
8.025958576005348,4.523999840196909,3.57379328560518,6.486185942854034,-0.4664518020412136,-0.5604929521179023,-0.400334274521048,-1.35900956902242,-1.262334602041995,1.848380621568377,-0.4165209243658762,1.457211545940141,-0.644115755351091,0.5534771261368103,1.4842613219547305,0.9527827063384215,-0.0295284956402613,-0.6092720712934062,-0.576993766043271,-0.2106394207143089,2.9082122027054087,-1.0795646523637148,-1.1681292079926848,0.6207991497888677,1,train
8.809765745279357,2.6451122814892583,9.964911903371794,8.055082185780268,1.0219663840364883,-0.3252425671883182,0.8557223907019943,-0.1393157790952344,1.264774502764319,1.0564486639317183,1.1715447390904612,-0.1673290199376009,-0.5351094372677366,0.5175964625605559,2.1334079640740224,0.1677431328795092,-0.1055517361065153,-0.8996971770166791,0.6512290355514293,-0.5259986553142202,-2.57059839712898,0.9666201705865046,0.5673646896620407,0.0106711299182137,1,train
2.8372358793077406,4.122108199066353,4.189818756688404,7.845527165859231,1.6008247844092605,0.390894574715856,0.8041180797300066,-0.6909436198914258,0.6130703377355181,-1.283826670533048,1.426570025126258,0.0302623893635423,0.7997444919846536,-0.8587834789393073,0.3105454541878945,0.4507336715289826,1.0526049592971791,0.5684661433814489,-0.2246994112304015,0.855130603361466,0.5862711494980695,-0.6858220188659574,0.1750905441810396,1.096297180961253,0,train
8.860925451332822,6.814654885422375,0.2904750369720455,1.2926188548115185,0.5201711173199205,-0.7630969800595214,-1.0312727312718135,0.3019958300794473,0.2683071396842662,-0.6788369257589161,-0.8016009302483867,-1.0029321258515944,0.2300046839431609,0.0626372943744083,0.6430291729835997,0.6043616436796014,-1.4364341389269244,2.3167669599501703,-0.2189859068905989,-0.8223161449936921,-0.9120852082917926,-1.2021074944813368,-0.0090908244424498,-0.0680427494477543,1,train
5.733054197414476,8.70365799295444,1.5055593963940292,5.491860323020134,-0.3363884879599791,0.7367173793332299,-0.3565276382489609,0.9728509290044736,-0.9080767686699632,-1.0193035962909178,1.0362617361950452,-1.3800741843544455,2.417313881897932,2.468770177028071,-0.807345433766605,-0.5914075618416162,1.271251730181103,0.6817147874064198,-0.1915098034893149,0.1048073571814512,-1.6414176446174484,-0.6052426910214125,0.6284737344781924,0.585668091945771,0,train
5.933496980725006,-0.6319819152486003,6.719695701304693,12.270830174716028,-1.0631168038874352,-0.44820359842843,-0.5952463940988567,-1.3035954992627736,-0.8912528555506164,-0.9400265526743926,-0.0520374471041175,0.601495453899332,0.224492885401762,-1.4584130432122508,-0.7270702221980386,-0.921488086234607,0.1343655647506152,-0.6236612775675408,-0.4976299598465655,-0.5083087426944544,0.6464766240454589,0.1137911970124712,1.88177797615972,0.230459843295394,0,train
1.3119049270892509,1.0147028063989305,7.021224627634239,8.125718601024271,0.8639207810054826,-0.6695126885905305,0.8268113900559146,0.8778394149343389,1.4628165236856876,0.517967937686434,0.075965385801609,0.5579333489993756,-0.4953151604259858,-0.6480846338919936,0.1415589677729293,-0.076750089167004,1.2767505130407089,0.4274654790705111,0.010725692290101,-1.3773513042837615,0.2881514167399885,-2.8019998808529945,0.9418300480480488,-0.4609994840900143,0,train
3.525251726861172,10.820985735525914,9.573427126338595,7.589052735483777,0.2046290404984875,0.7868558670179155,-0.6712726911507529,-0.0123461850888334,0.0187497204169656,-0.8195443891613181,1.1691535563641775,0.2031768477458836,0.0240806573297107,2.66399455836737,1.5816032943988343,-0.4355429930548355,0.6246905381805746,0.4014378531047912,-0.7699335852162018,-0.4053261277455098,2.444838592163358,-0.4023848622084514,-0.0007933370109524,1.929944161876748,1,train
5.977705744110889,4.890556828880257,7.024973593111985,2.054251029385369,-0.3304956046612605,2.212951493397971,0.7437251913020999,-0.1966621049990604,0.3739951314012138,0.7679051049598262,0.9265731871066428,0.1132721924303036,1.3310185704600372,-0.7746088294757927,0.8549013665033058,-0.2156760710911376,0.3592436264564734,0.2799928175224892,-0.8553315134915327,-0.513006946865783,-0.5561591606017783,1.7815123680885865,-1.7502653482387005,1.7794988363055126,1,train
4.563681723006509,1.0310114016335352,7.233005336305502,5.33982964933744,0.8863433452449324,-0.0875758695774862,0.4219419346419871,-0.493671200421334,-1.3030105431959755,-0.0129593771691808,-1.6382390393039006,2.4164248186005586,0.1661969585645553,-0.8317892011088913,-1.293357696655465,0.7614954188160099,0.6304598271200837,1.1688783691230784,-0.9851019908845684,-2.1686390115413605,-0.5281774471661428,0.1702140650058282,0.3804165925083054,1.6771683976719916,0,train
3.7776853903811936,8.201196577994898,5.256619996685689,5.841864749820136,-0.086109007981698,1.1087740111670126,2.080620174978429,-0.4831879241271185,-1.0715924320620347,0.4671860223915665,0.3033088961555924,0.0326095559242527,1.1301520751310177,1.4199667949257675,-1.0573438079472837,1.1230926583387977,-2.296627321310433,0.0808564829619954,-0.4700896492174897,-0.9929457386090228,-0.3552188968450537,-0.9717885801915742,0.7156234639983861,0.4074674000092005,1,train
10.02721797976316,4.306066864790537,6.355143791998829,0.1879015795393819,1.2917787790884532,1.1433960446696902,-0.3539709753029133,0.4891134819572398,0.2789242978034585,-0.5646707398190266,0.1515058140437651,0.6412500744602497,0.6340752550139129,0.2365528487919212,-0.3079281918631625,-0.627885296890428,0.0819168096602215,0.7782192651469747,0.919099481142034,0.1871280184378732,-0.8607127901627563,0.0456012126805019,0.1591810659864213,-0.6620545107483414,0,train
6.903061357084551,4.756213076891726,9.876665791161106,4.056329319782066,-0.9843941991884004,1.9089644587210548,1.2418254757671376,0.0813304793568572,1.208735625680058,-0.5297917207266916,0.8156695610619078,-0.5801129029187243,-1.6193488930688968,-0.3078237223600824,0.7768050786973864,-1.180886935376856,-0.6501869025434868,-0.3014353473203549,-0.8878504995780953,0.3758075819320899,0.1933139002946494,0.5574701659288089,0.7159906247054465,-2.9666895327008773,1,train
5.152266116314046,6.286504122316773,1.903615583403225,1.9716039039544069,-0.3929615178830569,-1.9855838913589683,-0.7649855247438475,1.2407270428824029,0.2191233184740048,1.1755982128637577,-0.2453708719061239,0.253171363890145,-1.4915045922378316,2.2007707925961246,-1.0580319058170045,0.5690085814252839,-0.1140752101350363,-1.2082617179706294,-0.5662383025051062,0.7732208221418009,0.5272288986106792,0.9920017955863388,0.9432067614095296,1.5797684997156785,0,test
0.1226247968220402,6.271857883702833,6.863984292311157,7.608095556542944,1.0999697332237894,0.3265836552671677,-1.6303691231622106,-1.3061484420950775,-0.2987217790302263,0.9703864633432056,-0.3124234721000657,-0.5337822979740581,-0.4128295032420691,-1.5249784677482907,-0.1250516393539507,0.7768358491214662,-1.136948413806092,-0.5293831193554774,1.1569574687213662,0.7968328614182528,0.3262902427274601,-0.191552561187656,0.3695801372304383,0.2022168186536262,0,test
9.415893549003119,1.5458707153331102,8.848258730646904,3.788594484231791,1.9155108019926004,2.099668152009275,0.5553750194079751,-0.499102232453944,0.1416874175307216,-0.74296474011611,1.6554311239881252,0.2172124725292518,1.167447982562756,-1.5807213323644058,-0.9340034035940922,-0.2961832047972535,1.2131926719687498,-1.5774652718859714,0.5833275407295301,-1.4878186929986417,-1.2120870274312112,1.7667311369550196,-0.93064755712295,0.9751428804616252,0,test
7.731371455800814,3.2872241102977795,6.389501054865904,7.296453199637478,-1.0124609675791836,-0.6966003381623599,0.0182305351916433,1.3042893341784951,-0.0321943562484784,-0.7491449177527882,-0.0907902319550575,0.5561554344518019,-0.5661156880672794,1.2387040151644038,0.0060502503451314,-0.521689743014741,1.6438293838506852,-1.141954547775053,1.6853093965673462,-2.3566572365360994,0.3495284201916164,0.1740142286294567,0.5436125510722328,-1.093635428111282,1,test
9.848493916944289,1.365107215294778,4.160111532962721,9.426627183220445,-1.144575761936023,1.8280182765879216,-1.0980180503683767,0.9381875341945266,0.3075165710840327,1.719119251395564,0.7104421528560028,-0.0284346148465082,1.4155218301513524,1.3535523846910469,-0.1544157734471234,-1.5514672258739497,-1.4063577115543675,-1.232256566653313,1.1918658339640211,-0.200127988945923,-0.9786009628141692,0.8939455687203988,-2.330990316781816,1.690100760845808,1,test
6.088145164591845,0.40588590269079783,1.0503460700577731,8.266876392139517,-0.1427870654757497,-0.2042499592674849,-0.1580744384880001,2.0186961488787216,-0.7014916844196787,0.2281080655811637,1.3751360974943827,1.1980554864039323,0.2179655906312849,0.2171481845692258,-0.3851870426498976,0.554065584737604,-0.1217459375725749,1.936542726443569,-0.8201860843949514,0.7531757883079663,0.2993134784845228,1.2328864520669005,-0.0282339530559374,0.243306913931988,0,test
7.3729883318213,-0.46999064029003235,9.11710128490506,6.159620608773619,0.8627257649619503,-0.4362562525284652,-0.7543296879117974,1.280791285195526,0.0341679978348181,0.4331137439635697,-0.1478902148555433,-1.7490008479024644,0.37760925637486,0.856325436693148,-0.6283727998195584,1.1739389780646996,-0.5146269725872119,1.76441023742391,-0.4555432228113881,-0.8995403147581622,0.2403329795248848,-0.2214842770609785,1.9208462193638025,0.7413130402265067,0,test
6.401639715626212,4.397678408393837,8.92686790456576,5.046283025327922,0.7679093504292709,0.3144264008261085,-0.340825154825517,0.4246190460071977,-0.6144825010265627,0.7242491817953289,1.111934754234415,0.0474496661180979,-0.4910420861478667,-1.6248192931202714,1.6522035109644833,1.6582291648315666,0.621187169387731,0.351421334363787,-0.5185873913616452,0.0289295953183589,2.2343599518780075,-0.183346916429823,0.6429906390560916,0.6503396724722211,0,test
4.574703364440159,9.191368422019016,7.104407514413644,6.155583099433646,0.7106829129982988,0.2158785462893125,-0.686354412882037,0.4901042197830667,0.2007037496780306,1.448686110341175,-0.0606535029895745,-2.475101893711207,-0.7176296532213279,0.9321801342183448,-0.5780308518337292,-0.1356019991250739,0.5524428979046881,0.2101139156769434,1.6966775843664237,0.2845031030440149,1.313733468028404,1.7168711778933887,-0.5495328225694811,0.2526331030877946,1,test
3.0632257747315457,2.6850889305183525,-0.5452325970932544,-0.24116323980555515,1.122168440178363,0.1467415865952722,0.2199600758760907,-1.0675321105111066,0.3383780397478174,-1.2242602431460547,0.5598269436586233,2.002611830274152,-0.9369355440447648,-0.659109829113082,-0.8215706424117291,-0.7961590986738291,-1.4082990146987746,-0.9129855907751488,0.9168991923837574,-0.3646902739786669,-2.094536065873413,-0.5003113924763154,1.1324826190119692,-1.3333082023720573,0,test
1.7346827631399435,1.9779475789706658,6.922890341518735,6.642726803602505,0.7474702032663416,-0.9408294321229382,-0.415119014152127,0.6905071755174954,-0.7927545969430357,0.2374658618256832,1.9091175094978503,0.0156122642928549,0.3091760387761698,1.8274378959383764,-0.7345746207983805,0.2315646625994119,0.1331489876186769,-0.2911539930415852,-1.1570516741384038,2.0300190144580403,-1.5427484730677687,1.4287289229674955,-0.4292470241455575,0.805050103037211,0,test
8.81361347848854,-1.2095216847380275,2.018591727252259,6.321194651477102,1.0235627079598413,0.1426134211809543,0.4662727863186651,-0.424790037686964,-0.9592833604366856,0.5328211616874905,1.3360175575583535,1.2353993249870032,0.7648104201155369,0.1878501184462353,1.3777392005473958,-1.0103139318916707,1.520269908342913,0.3882607850376423,-0.3728996200755343,-0.5773472415299075,-2.022568980951684,1.3080642630712165,0.1039828545457111,-1.0820253627803258,0,test
1.836277864935203,2.703644369571129,7.389278196224938,3.252638389643214,-0.6116027604729497,-0.4159017817830402,-0.5645428143212784,-0.4598649785354229,-0.4709613735890741,-0.2073612313611519,-0.7680037823645467,0.378460381209231,0.4883292025757774,2.00550003749816,-1.1815821181192998,1.6081743236533264,0.5450546526178428,-0.4371816074529239,-1.8360072767884168,0.6982507319966982,1.603196308473527,-1.6445386364201555,-0.970576802214198,0.8698600163320633,0,test
11.060486715728732,6.434374905338936,6.16787943621266,2.8543040526502637,-1.346457106951113,-0.4060945352099765,0.7112870831573279,-1.9080172255659404,-1.099434802938393,-0.5226476919899987,-0.0026166091355636,1.961447279242044,-0.1233609864421235,1.5697645950962702,0.3156573193655747,0.9893651940959224,0.7727442508192961,-1.1308889741080836,-0.3940020636774383,0.4240124782560217,0.2090160754407949,1.0545590427586269,0.95452978713296,-1.337355582045493,1,test
10.269229911905153,8.681041694673183,6.129934928171609,6.936018846142202,-0.5575855134725272,0.6426878879584048,1.1692312502045452,1.5374269823750368,-0.1152440628467341,-0.5090407994188049,0.1618139293452951,-0.1207950337659982,1.1126185073844528,1.0477153382360198,-0.7373297973079587,-1.169878791673875,0.6262855053932719,-0.6227296660658607,0.8937334284173104,-0.7306787302213058,-1.2854041639853866,3.70073742346386,-1.4111151121760934,-0.8853792165802824,1,test
7.002468255948971,2.8017416369230923,3.4026373173776308,6.813465937927778,0.5876847736907624,-0.7475409408181263,-0.966963445952636,0.3144775163891525,0.5612134928065469,0.624550201886143,0.9065814707849112,1.1722329616020244,-0.8661637396800037,0.3706870935269148,-0.1216385835550546,0.3130441997725346,-0.6213143730468778,-1.375594506001787,-0.3262368425829391,0.535290924132559,0.6515335743142279,0.3637412223911163,-0.6906481333959824,-0.2052545248027938,1,test
2.964831961508873,0.28272377145596933,6.25825126942506,4.480037587608413,-0.6875036523703855,0.6354945861666327,-1.4324488952764571,1.5444047105096197,-1.152833094118078,1.225932635184666,-1.041033823067168,-0.0279041087665285,-1.9483361606266305,0.9756123114718958,0.826545128356835,0.8114941234906862,-0.2124592747521045,-1.489411891202784,0.3879832029456202,-0.9994642598578016,-0.4226257194560701,1.0765909425812077,0.2023044430602545,0.6630781059777422,0,test
8.000399844209133,7.490222198384407,7.33087523066301,5.12617428906835,-0.8387046412301802,0.5723812095984325,2.5370139027843743,0.0042244125325036,-0.3509171285989303,-0.1282805336798131,1.685806563444107,0.267209196731332,-1.3366999814459002,0.2173799808211878,-0.6218454306497169,-1.3557425923184347,-0.0840583151634198,-1.7790749914568451,0.311817483474024,2.5227338597898936,0.650161380164032,-1.0784262410270622,-1.1076460056329662,-1.3774835151559497,1,test
6.97268111166901,5.479965241188598,2.7480979953729143,0.28674664062000804,-0.1221950167093471,0.6909026976388745,-0.5137741047778713,-1.808655118934693,1.7069613120452942,-1.0501876677749755,0.8855840381469869,0.2787959964421095,1.3815601602979446,-0.0755901493853901,-0.8555815131580352,0.1933188418923607,-0.9314223070566976,1.2459786901612295,-0.0248621638508021,0.7979291723695087,-0.301425582856022,-0.2822305345430399,-0.7865283238503977,1.8241056729688307,0,test
5.816654116488654,7.326020955494018,7.516799136563547,6.050196734749325,0.1551608151443624,0.1315581866074027,1.4830717092641903,0.0942059699345536,-0.3095845281637912,0.0101438425811669,-0.799102246873412,0.3986610838347505,1.0942622828380013,0.2880070056471739,-0.9112779497363026,0.2479566972155734,-0.98834138098854,-1.919655288637491,-0.543488293678712,1.219287063593567,0.7355652580150516,-0.2450530201572226,-1.7649587655185084,-1.9510735058801616,1,test
9.08328262521058,0.9101189938583822,6.467444285139864,0.895063775765496,1.5156386194889953,-0.2571937064389536,0.9718795827808416,1.5670414199817209,-0.272355936102127,-1.9148722334713708,-0.495097463440439,0.7047687804373495,-0.8435767708443901,1.2381607026837225,-0.6894523491792413,0.965951349986982,0.2293391894376358,0.8864157290867185,-0.8860853927969298,0.952906008059352,1.157446339252729,-0.5529986391937994,0.3380281384133343,-0.1741583768986733,0,test
7.969454354369182,8.783065681621087,4.710689211001277,6.443593460829103,-0.6353750328089861,1.708160836375601,1.4069891763815878,0.3922751769322358,0.4604282044851271,1.7652167340765297,-0.1961238126139613,1.1857725722599215,-1.207261686581403,0.7379568455632308,0.0851372936061427,-1.2428823755645149,0.7563833988544393,-0.1682810608631516,1.3355256262723916,1.004818389575546,-0.2146566118175114,0.8106073045432047,0.2705613092543706,-0.2876235631687245,1,test
1.408325363129529,8.576753828290697,1.672213579265038,4.181684874622475,0.2909204708424489,0.2968058354914787,0.7345011225118312,0.7250251290225806,0.9350292638162186,-0.6735235276850627,0.3848645956725859,-0.9762890585480464,-0.2257652945388376,-0.7372482112627028,1.313736633627033,-0.8968360834853067,-0.2888008164351183,-1.184116860021999,0.571230653918132,0.3510358690585491,0.289839984777926,-0.6027673389718008,1.2729901805603554,0.753672472226326,0,test
5.687491701424389,6.496886627286106,8.475042279756067,5.941313646742932,-1.6945324230545602,-1.4363514404288331,0.5846642553227575,1.6514306902141729,0.4749163581648881,-0.4392334950958803,1.089934646230658,-1.55234688478672,0.9060378706043662,-0.4664856727511328,-1.2190142960575612,-0.2789903436232784,0.3372124169361745,-0.918628152060434,-0.0034918111545163,2.2243419632530967,-0.2205546374146881,0.057598202625991,0.0545881511508526,-0.341066849730726,1,test
6.012120970848274,10.493408894400542,1.3970696094131168,8.64643441431383,-0.7867276295085259,0.4130954800916011,-1.1421025144480608,-0.4894672714989329,-2.396192991818802,-0.2168286766923746,-2.1164896298719693,-0.0982451419617509,-0.0948736088059674,1.0924855216221172,-2.149146468246846,-0.319980381381205,-1.0868820365668013,-0.617594727774335,1.6665576825183537,-1.8659968542399368,2.428307011576581,1.7594165331741596,0.5448199195975401,-1.306976135496592,0,test
5.6031922625027,-0.4669448827526297,5.829315984188786,5.359345769859359,-1.4007671755710336,0.7224791296497586,-1.426517536949234,-0.0386726291302134,0.8910105058488147,-0.7152547825507697,2.0596235177770152,-0.340404363893465,0.6036263249575851,-2.0133899028492372,0.7859569189696436,0.1904158612229945,1.6905988680392896,-0.3239112104131217,1.3645637877708705,1.4215136344736972,1.2794436829384368,-1.078446439273115,-1.391701532921281,0.5896420763679951,0,test
3.3981395167923427,5.60480764826758,6.044856784529479,6.195432146333109,-0.5334450624633494,0.3546105058721008,0.9407747302361238,0.5069127755050227,-0.698690124102451,0.4093624628379463,-0.4760539324862899,-1.257448747712857,0.8618249815092882,0.5002803550382442,0.4777127451014867,-0.4536126678195696,1.992810820427137,0.4478838996472022,1.148200077674473,-0.9333352965977976,0.8871388545037482,-0.5089233668135184,-0.297627374734066,-0.4987945780498582,0,test
4.7817875134790135,3.443552868198791,3.5312460695859484,10.84526152692848,1.356978701426745,0.4937579406129949,1.2257011101412023,-0.7633675080507182,-1.2928224588528254,0.2718003688028297,0.5936883712254786,0.7660775424816535,-1.7961335916281207,-1.164125261341509,-2.217458958842073,0.8784010029584955,0.6056429540277877,-0.5631501588562231,0.157256940256137,0.5895371057903763,1.3722394934589877,0.5410489704994993,-1.2857445638369431,0.7355109694973644,0,test
5.604477891844752,-1.5451539826803005,6.701199285041325,0.07136859541718565,0.2546076354992462,0.128254642375853,0.5377984086965927,0.6820863826019063,-1.133111436673758,-0.119059945521541,0.5340813209098285,0.5588362232300137,0.3957464509971984,0.710362223966095,0.9597942194526918,0.2029166805084319,-0.1795777458371004,2.0493814299955204,0.0692933409208939,0.907613347067733,1.0878874155509946,-0.854982836392638,1.3293652204148736,0.915284270962227,0,test
8.201956657292698,8.90294921291422,0.2825477482222679,4.46814207262261,1.0726654481422224,0.5822916092227501,-0.981417370463852,1.7209039156685528,-1.6481760054929062,0.3606095766420487,-0.3627436027467307,-0.4966499977217354,1.1447836185068463,-0.0095466188214038,-0.1627981463424205,-0.5521063514213156,-0.6769146584081903,-0.8092184559016249,-0.7838061126031972,-0.6618788988616037,0.7376290730871409,-1.1190890268359512,0.2559105767859358,-0.264173227917722,0,test
0.27190658726258243,2.4381623429777335,2.4954595122786873,7.366717460842217,0.924569076390144,0.7505436097182909,-0.30821472139164,0.4896075403021875,-1.2302224057098334,-0.1320044240082419,-0.6387114768661661,-0.2588606824358621,0.3800113552634619,-0.1816266363845592,0.2928620458012451,-0.0801404659957593,0.8109981914579159,-0.1452053391804048,0.0434251493085927,1.312698961441199,-0.4509880398707975,-0.0515895765440829,-0.3381056487854684,-0.5226293289718638,0,test
11.8348608099268,4.7094885121057475,5.991104145962091,8.894389744794802,0.9291426309611548,0.6651012203922498,0.431835760640938,1.114580248634644,-1.3370432615483612,2.1023439667409463,-0.4503044099411273,-0.0867874476926975,0.4563568870516533,-0.9630323155441408,0.1868154283268168,-1.0877500608642667,-0.5555368541899321,-0.8849211145862529,0.6101784250255972,1.213373894879935,1.2139440495793947,1.023005392174598,0.085468285741237,1.482312616305956,1,test
3.5793282873868497,11.082072748795216,7.466632938931682,8.833512561584314,-0.3291209824672839,-2.341623257721445,-0.4973140695552482,1.082662405096902,-1.686655181798301,0.1759704485822467,1.53398044092426,1.1113672345121803,-1.7302951087216674,2.4808796855446995,-0.8316934455576769,1.026095049658993,1.0602582405061405,-0.9682329437807174,-1.3254657526502662,-1.3739322276772992,-0.3439839420232967,-2.1112369290455355,0.8082806263077883,-0.3348539284151485,1,test
7.675004038159833,5.148534051374977,5.257146224656416,3.9683473472834,-0.831174814194716,0.2730547847953614,2.2724743564791012,0.161364475770969,2.0795395486575736,-0.3132261124681926,-0.1780118175658605,-1.278187704163094,-0.3676226804206887,-1.141421839898309,0.0617306156374878,0.6898263603723335,-0.6902662044248487,0.9495993040929686,0.5089243937277779,-1.0509399639864387,-0.1475965550783873,1.1946989737541274,0.1154893757789342,0.924418760048122,1,test
0.9979090120050731,8.204779127464535,9.13495612177329,9.94755529765792,0.8051509656730375,0.4108423649271647,0.3697420055505166,0.6564765480647052,-1.869727191785378,-0.3586855584092384,0.1161868224318243,-0.5492614919252417,0.1859289374363561,-0.3305412126247478,-0.89082920104487,1.9730438093793177,-1.042437597777787,1.4810938122530304,-0.8714465345058456,-0.6515158901265615,-0.2047877575685388,-0.8293192604715967,0.0121385605098728,1.077030387005686,0,test
7.638551661798384,7.085008012012706,2.1712307714189154,3.177791062178521,-0.0224962676800675,0.96319564921735,-0.3896979866725346,-0.1247427997425253,-0.5036021162148699,-0.7116657624286639,-0.6812821042955034,-0.1288254109957428,1.728918087780298,0.3862534235989757,-1.624224705682757,-0.0283480297830708,1.135552940594148,0.8542972615811641,1.8376253197213337,-1.4924204979990725,-0.154044102039201,1.020736400622217,-1.313419753933673,-1.9032711949030643,0,test
4.841959518625795,3.307523383931245,5.98831701494767,0.08238999234950051,-1.676758687656781,-1.2156524626606398,-0.133457194600741,0.0626847685030558,0.6971954936145944,-0.0762719879317594,-1.0087626153254492,-1.300056621527781,-0.8960225991511924,-0.8412938870935412,1.9424051520087973,1.4689000499318758,0.3292103135025478,-1.0752915825709606,0.0659863451183032,-1.5503195061582762,-0.2052494041368557,-0.6869745742949926,0.0437967526054956,0.1153286498512011,0,test
3.422525362451728,8.145888409282534,7.371404464843231,1.7473035165255317,0.676087646079361,0.2326927189684805,0.0315568481036742,-0.1334319289485406,1.8000974559534964,-0.671187673220569,-1.195281529014253,-0.7945387545907788,1.872651346600621,1.5683022363245975,-1.9992419223176352,0.1253682901898545,1.3205132880452617,-0.5556136302158982,0.6777382084987643,1.2476436492859428,0.1269563499332475,-2.3147738068817754,-0.8035944895933366,1.9209089843082017,0,test
5.561144433952512,2.366548490674394,-0.07872662787178342,8.02795725251942,1.209675029110039,-1.6886282126637964,0.0818086957704549,-0.4658882588630934,-2.4126301083290715,-0.3436940024528864,-1.579165595867759,0.6002201783418665,2.398766609211516,-0.6642013319326175,-0.1291119140116093,-0.2472792891721008,1.2412440257214492,0.1881930454096635,1.198767211307359,1.740603743130697,-0.4246647075701197,-0.7281599365766508,0.4501211504983727,-0.1631996586754013,0,test
7.945757712075635,5.124521636079201,8.118020158291733,8.937016985574976,-0.3078061493806708,0.2455442425104696,-0.0135234417394687,1.0880440981149857,0.2769941771592554,0.6947454448325625,-2.0411648617132885,-1.7186197084048986,-0.0631302735626932,0.6267781452583033,-0.6575157007374807,-0.7709440700698305,-1.8699148256159863,-1.2351465114203373,0.812668191980569,0.2201232012592824,-0.0764372393591548,-0.8163308915970696,-0.5275838052049439,1.3001570123752306,1,test
3.3891819206107696,-0.12395713255363061,9.465694139416742,2.007130463983523,-0.3446661186269655,0.6791212972361633,-0.0126945055238374,1.03009873628813,-0.2492149920836434,-1.8191893406498885,-0.4530721077208058,0.6201005338650776,-1.5886912001685682,-0.1265892510102821,0.1455618807380622,0.4688228419231484,-0.6489607041187435,-1.851205669364702,0.3937461991876335,-0.2568195654376112,-1.815252512607674,1.0649364499130056,0.8775201550721358,0.8874908789929555,0,test
6.157271793879065,7.759855760014781,9.311518380014647,3.9013872951611086,0.0620185726961787,1.6637927375050725,1.1008825903428323,-0.2995684812910388,-2.615318242990998,1.5976388747295225,0.0540042330236935,-0.4015444759541632,-0.3705776779594643,1.4729380153744065,-0.0097458040334678,-0.4688459418876796,-0.596326466279603,-0.1077777564157102,0.0624032689580439,0.3029593293061222,-2.5368058652554155,-0.1730635660050424,-1.2615788349966888,0.4903462567666389,0,test
0.3602115530603385,4.682766997654063,2.1544307969713503,9.10624104081071,0.7886880936282136,-1.5532669308700684,-0.7604521233521626,0.0020584754422238,-1.5901326034197072,0.8825671037495573,-0.3881759856929285,0.7375719563740626,1.3472569919721402,-0.2360966212409833,0.113299965216495,-0.7317743648868077,-0.0813886959802373,-2.245759322289735,1.650236104777003,-0.9034814362084518,-1.4362029195687085,1.3473355587259273,0.5667533836267432,-0.417349931223983,0,test
3.3774554999688013,1.2199268640138774,5.158004803032567,4.940496023936509,0.7821193174048398,0.9288122337864084,-0.9133813413536364,-0.7570113209491339,2.766790929148266,-0.1741470241378643,-0.5605100473325606,0.1742976499416231,1.7486241529231932,1.627643899395477,0.9771928673489768,0.925556737097141,0.2542995587045306,0.1207978309227199,-0.5126957038401116,-0.5458562239934905,-2.3877713373720453,-0.4090414507070214,-0.962953543785706,0.6195781674290881,0,test
4.955154626539785,10.688898846684472,6.633127069987319,2.108595193507084,0.8751414475824322,1.3760568806047977,-0.9893015343625658,0.7926682528805573,-0.2364055350835363,-0.5684914263655623,-2.114456993400331,0.2857905945493289,0.2607492972408465,0.5848187008699793,-0.5839898899769803,0.8895175262272851,0.1679274248924498,0.419433980912501,-1.9904096098211397,0.4978210600922411,1.2177909977034025,-0.9895579623606888,-0.9496809085202568,1.1428704063305857,0,test
2.427436797666641,7.149091578379197,9.281410887649272,4.090768231320839,-0.5651869066489142,0.6236408960574031,-0.1415953588896952,0.4775054380307885,-1.1366959293142929,-0.0840381415914023,0.0777165709693398,-0.1455867790272932,0.0114949897498217,-1.130080337869281,0.7125732399562131,1.3414482055586123,0.928041719239135,-0.4186625685587121,-0.4663751230901372,-1.424885195117863,-0.0736152711008996,-0.6488033989118901,-0.5914514052981099,-0.917944867264732,1,test
1.740380280475501,3.199602983624975,4.668227115060181,2.411932864079979,-0.6373883428360798,0.6124439681559942,-0.388174906436237,-0.4341997768333808,0.2769522114603066,1.952414518503655,-0.3210413127524775,-0.9249511120852602,-0.6235252865912264,0.8507782504960328,-0.0777070970749203,1.2957891887851445,0.902053920332626,-1.682849020170183,-0.1924064863604916,0.3170594739686264,-1.813950337391529,0.1041311790909698,0.0695882656373071,0.0109061563501465,0,test
0.5616169083723568,9.495791308231897,4.061547940278577,5.206070849923357,-0.8468455180697285,0.1937657312654356,1.0769693306949708,-1.544036281083686,1.2509880109033962,0.1492386487356274,0.2915835054020564,0.0993617384513478,0.1907853852411805,-0.779586603264854,-2.27767026850489,0.781188378045258,-0.78907598293969,0.4685310645279211,-1.7758840953173358,0.2458228415607371,-0.7253078027564657,0.2464280747564957,0.6510222633233668,0.0191956877012194,0,test
3.6821728088733003,3.5864559934402225,6.575915412000439,4.7457944860390455,0.4918062722539054,-0.322894081097683,-2.149976053229375,0.282668043393839,1.6753545202158,0.0551823637120589,0.2522619495064788,0.2031398215428889,-0.2120073902530538,1.491962310886498,0.0935718721717795,1.063672338859996,0.8608827524397639,0.4489900395880572,-0.1329082649860188,0.9274904890631144,0.818881383616625,0.809494628067381,1.3467970363347797,-1.1615591167574433,0,test
5.712886856740725,4.780938242840923,-0.3430074187254477,3.556225379493001,-0.2229614183157163,0.1160846836095641,0.0351954180646744,-1.156820671255369,-1.436655413545534,-1.3590289225031136,0.3019397362506887,-0.250509536519098,1.1076893546478828,-0.5503353125129815,-0.8295754771963678,-1.1409919947943803,-0.2806548141839769,0.6122001019061113,-0.294531248391955,-0.7849500280338879,-0.2133940053632045,-0.1228169152606816,-0.4763669169656828,-0.2645151657322461,1,test
4.530921011043925,9.97235343984877,2.4258335509522517,8.45769023726258,-0.6353470093739262,-1.489182644191564,-0.3161938246085538,-0.3153641961219229,-0.075262353033021,0.1525283184927402,-1.553423176325342,-2.0090144912462913,-2.426478623681213,0.1209813978213553,-0.4107625790883355,0.798277465678967,0.5303187779340207,0.5006185076286057,-1.416653898168911,0.2113408097823285,-0.7073701038866252,-0.6208304170752487,-1.6683635894154516,0.3765385410684067,1,test
6.117445438944063,0.31820432531026016,7.8412534852719205,9.232060829572058,0.3879265023528456,-1.4630777196080351,-1.1820113186007533,-1.1954701370983345,0.2577735016640524,-0.8683118392680187,-0.3274265472543628,0.2789875231879325,-0.1368735085170724,1.2478996909037448,-0.4882946588005707,0.0880721075077857,1.060655169073783,0.145366875168692,0.2794802363347047,-0.6513128679587389,1.5351789807027698,-0.4773051582094184,-0.6747842520910746,-1.0566063107252297,0,test
6.229947926673916,6.546263845231088,2.193343821900961,6.4905731434526555,1.1390391086930631,-0.5670228912624402,1.0228619243153274,-1.3068435511582903,-1.0353046244621102,0.2740097744908322,-0.3560062346019768,1.7602137304828944,-0.6327403686773767,-1.371444671034281,0.1929681489620275,0.8782974524775973,0.8200314210769353,0.4894997810561302,0.6810440062042541,0.1864569706688683,0.5127511748258369,-0.1330683811887312,0.4237042208713525,1.2054107341639064,0,test
7.441886732639704,7.914785320553568,6.3524225844265265,5.681806388827603,0.525602816092122,-2.7059019258615344,-0.1672481210972283,1.6973634330069238,1.6490549591961925,-0.5570624448765932,-0.7514547339923987,0.411885719881142,-2.0988585948683944,0.6336633484238141,0.3808130520459953,1.3764653352111238,-1.1441967404097877,0.9194249102409964,-0.5049726233885286,1.272648536781601,-1.2907603614280938,-0.8542557183095768,-0.2180007263243764,-1.6154693575213472,1,test
0.7428837091199109,6.495285818916223,7.181542064787955,9.887057113558745,1.2242633336900604,-1.2326046279359444,1.8404984491456935,-1.999978993047735,2.425784799570319,0.1556551269271375,0.6957146702123055,0.3541558805151115,-1.689862447342347,-0.6512909496775092,-0.6989362706022917,-0.5784195116130023,0.5015839948968006,-1.0886332098492153,0.9663232862489252,0.1673345014523764,0.7047476218031659,-0.7977246809319968,-0.7087864991599037,0.4013778411481652,0,test
2.2022347651646994,-0.2361374524647345,5.988419898919834,2.1490162562167243,0.985861148769854,-0.4241523184859768,1.4716887281318944,0.5286164560832273,0.0855918714372255,-1.6232588659915903,-0.987663985337142,1.2226114073158274,-0.0708247267517137,-1.1926698731690513,1.2425525230204282,0.5004173961517254,-1.291063722875765,1.5243722959599728,0.0439612342359176,-0.7825394853732813,-0.5523989020845266,0.5054536622924733,-0.9160631952114192,-0.8137333388945163,0,test
7.902236095919899,5.798063538501873,5.084123846145249,5.759228265317358,0.5411993639479509,-0.0028100392913969,0.2331150335239782,0.3651518949775391,-0.2598911513201181,0.8803511674670226,0.6406319439893541,-0.6826049421870636,-0.4777160754297949,-1.1794432664314929,0.4339140693235374,-0.7776160593652455,2.37549002168576,0.8025525042671168,0.2415662654723349,-0.1049544791529878,0.4894293014920867,0.7392203920525139,0.5603353390045054,0.1015288124870312,1,test
10.025557937419222,6.821207939620518,3.5385937963914067,5.938768324287886,-3.463919590564725,-0.7580948785377579,-1.3718202407340376,1.1201270136259418,0.869197131039206,-1.5231136790841566,0.1098810254753513,0.2629966537833417,-1.183922468724644,1.0009672206161977,1.992998531339564,0.062025032503163,-0.9353389022490696,0.7421381569326841,-1.1917351095089916,-0.5057016448182002,0.6557504985247131,0.2599722187217293,0.3893280846917095,0.1802813249293335,0,test
11.124488220821734,5.1616260496248,0.47073421121557535,2.5323898968873038,0.0220486751372078,1.287176454160962,0.1840136481313496,-1.170051008575117,1.31377799800582,-1.421025154553175,1.3292619017716294,-0.0646913372718949,0.9241290489278972,-0.7256867497683074,0.8551040848198159,0.2543879322382567,-0.2964042707562475,-0.1007935645716464,0.7487950895340507,-0.1872685909859211,-0.9814976374838438,0.8286186416607682,-1.278202651100038,-0.8373669852101722,0,test
7.518416999739504,6.43923796121186,1.544979941858169,5.248564970111644,0.566444168021303,-0.0969379202073701,0.6168105055765716,0.3001463306627602,-0.20664139882282,-1.335052810683313,1.5691490426792567,0.3156121966051523,0.2078395423964989,0.728677213326985,-0.5542483021338295,-0.0660489096138736,0.2858173626593396,-1.2770932177083938,-0.5513932314963607,-1.554964889285142,-0.584364926815709,0.5930280232537732,-0.694697477143483,0.455828530451181,0,test
8.955880842691036,10.022718591682814,5.697202799203306,4.98434783826032,0.05933782121475,-0.4661442579608053,2.770438570517678,-0.3194874458260524,-0.4563575296049675,0.7266652075197774,-0.428644655992309,1.165777908796091,-1.0378662917771997,0.2358376254611034,0.4189202953236476,-0.3308725119610836,-1.0741681966494678,0.1312536498647055,-0.476546307684952,-0.6097337768804295,0.5658747841043582,0.2749433581154558,-1.4638787732407756,1.3854851795238488,1,test
4.460724225350849,8.258681999231179,7.771881524998303,5.176563126156694,0.1108262336119846,-1.070482813591424,0.5686539644913434,1.1304014458627976,-0.1458398625750829,-0.5781702280946168,0.99094081974174,-0.0233230523295311,-0.1899582041281803,0.9290236975534452,-1.283215072887818,-2.0292010874995188,0.5743273317587732,0.8407261225032019,1.9680219060765116,-0.1980366041295745,0.6670310956037498,-0.1481535597702186,-0.6939843383329486,-0.6356413871550909,1,test
0.4401477502643895,1.545839480308477,0.9605339231865209,5.989858600725837,-0.7069141922516842,1.342967718465454,-1.7480757389403634,2.5083032870714943,0.9729036179579408,-2.232695043153536,0.3170601038427002,-1.7254459982884989,0.7087338572265102,2.0943818809709858,0.1672912767029896,-0.785029922594369,1.469856579111562,0.5057173516552352,0.7447119099081481,1.460306604813937,0.3003325579350121,0.5724166417402522,-1.161371738737765,0.2434161343882313,0,test
4.42419175906823,6.627571353347875,7.365067403501374,4.294719356051314,-0.985187506497226,-0.8962945698777728,-0.6304604016844134,-1.3007037069590195,0.3158578958375238,-0.3216516524504265,0.4471434142372773,0.8901056636341437,-0.0067700436622351,-0.0811422993547184,-0.7788902217869793,-1.0571238934682634,1.4038639532393682,0.3608784395514317,1.9383989670403583,-0.8439095680820065,0.1285569450140007,-1.0253744102671671,-0.0867078101416792,-0.2905423575080418,1,test
2.200017781462525,8.398749261049497,8.69183977107793,2.3225738069834736,-0.7971286227308948,-0.9591740126213965,1.4124865668267277,-1.0053639804262724,2.21521847784376,-0.4571194347896494,-0.7013918289008297,0.01004280690163,-0.8040924655233938,0.4101522253680411,-0.3460995877440487,-0.1574062839453731,-0.1831832885116211,1.670802462423593,-0.9884568840721144,0.8344218003657022,0.4831775047714434,-2.619047423780035,0.2425596185714926,-0.543773046998775,0,test
-0.005075961757820435,4.286395640562955,3.1620491667292874,2.2120817656709786,0.7832632740289808,0.4803730105345847,-0.0322350753153743,0.4298594456409882,-0.0129511590306194,1.7465864388805512,-0.7466527958925057,-0.420697773312333,-1.267620426908417,0.2164509920271262,-1.1663055459914569,1.1287442245684498,0.4371877431035227,-1.1436394135179024,-0.7564753056218247,-0.4819989140202221,0.2668377609316341,-0.6547225249257612,-1.3140475999682537,-0.0709223496137156,0,test
3.363029306203259,3.853775141573367,7.8289633823947415,-1.0173870111487053,-2.301702026885686,1.0374048811607004,0.5159594802051589,-0.2932808172693057,0.1506888504868476,1.7463392127544464,0.1539398085367992,-0.360116095785713,-0.1957314781645244,0.3863144078672782,-0.6332178578436324,1.384894972406338,0.0606119178569954,-0.66955220571909,0.5591482112551602,-0.9188649958877404,-0.2081673260062402,-0.653343397829492,1.2111476380627404,-0.6986403165025127,0,test
4.35333108372461,8.845596612285561,5.507567880934187,0.5696456234074456,-1.085230806968844,-1.421756271559173,-0.6786488142613172,0.5555988775402221,0.2152970758043671,0.645784950078806,0.9690408974853176,-0.1185703301636894,-0.1368987740198426,-0.5136968324659925,1.1226172702669717,-0.2058358359083959,0.8130189671439603,-0.4609268020846334,2.2695022824219997,0.9189260884682552,-0.0075195887878367,-0.5024588005184751,-0.3502505561580626,-1.3012779395156584,0,test
7.3430447841649436,6.819985771935001,8.24096947489486,8.018832913909101,0.463606927605252,-0.7609491004057699,1.927768540614947,1.5094188426092312,-0.8956690509452823,1.5557100803410768,-0.7492099953795335,0.9493240637775296,-0.1986450113424664,0.0401171832785738,1.7046021625837935,1.1808570085733652,0.166337756724277,-0.0068526059799356,-0.8948022113105968,-1.2675491667782073,-0.8522913523163469,0.7664777277065181,-0.8417843532411431,-1.8030485037621244,1,test
2.442947800895501,10.489850598499931,0.4528703569159531,6.120190379982733,-0.0798918729850001,0.4105188402981923,-0.0553789393169208,2.2501772248941574,0.5247145820234538,-1.1770212111008114,-1.571419197862327,-0.639926585028962,-0.0553992008553287,2.3746159621327507,-0.6619258675184069,-0.9454259687411876,0.0699624218516915,-1.1354395734832523,0.2444622248052853,0.1492954006601258,-0.4619765383710356,-2.416493750276029,-2.8856123594612746,-0.1615262242187011,0,test
2.8439692436766753,0.7197337683282864,-0.25501452874836605,4.9201711159554975,0.2664537608135173,-0.4605605828862199,0.1929533506226141,-1.6808153175583374,1.5434493696012166,-0.9377455788940762,1.0943114829025544,-1.9799811806925351,-1.07618351516596,-0.3121058136179093,0.3028976893096298,0.3517947462138653,-0.2867839745266907,1.0723894748458171,-1.6937628068378607,0.9894767630091889,-0.9419053666950852,-0.5929524900278774,-1.4488216967218783,1.1470457043866418,0,test
10.129758498575667,-0.682716615577754,8.854108968371097,1.1071449295022102,1.5282064323571216,-1.290683207359694,-1.0664126565606926,0.3226392360713817,0.4125655470961817,-0.276902982512804,0.0927757661160422,-0.4430639322509235,0.9675031100729402,0.1431080563137466,1.4165288161718854,0.1799134780816587,-0.9798718876440616,-1.2275547426926412,-0.5596264928259059,-0.0618547291023942,0.3383463411428922,1.133526762604245,-1.269591124426224,1.0217489088466492,0,test
6.231384116606728,0.31205813612662886,-0.3371523676397197,2.605670129005743,-1.572103547633711,-0.8663457767453612,0.6045036152598066,-0.7341062128684831,-1.29078121964778,-1.5276171582779163,-0.90403339480012,-0.6228552482302058,-0.2105798292733069,-1.0700750825524163,1.9992164701105983,-0.1006662038347493,0.1455340719699416,-1.4775399253134436,0.0038043927072244,1.0836657848848923,-1.713996945879632,1.8053854774625568,-2.317096659086803,-1.516103567792115,0,test
5.784204591422664,8.786835243070444,1.8413795554301444,2.8020938863308347,0.8444134005151956,0.7412215704414085,0.4292100688438052,-0.2184025318805804,0.3064692121550342,-0.4139385413931846,-0.1739765960841959,1.6232314761174718,1.8060418508329732,-0.63725473660811,0.9051628858310748,0.8977517006500301,-0.3119547661487422,0.4676795117935221,0.8231338349027447,-0.9401179506668514,-0.1577397755178736,0.5046629783745356,-0.0654735234451182,0.2032533502078872,0,test
-0.08202303716618364,5.475168190953443,0.9510403204924014,3.8246955036802284,2.066924644295139,-1.5616474988784352,-0.4302103522277797,1.1454812987949718,-0.1643569407320935,-1.1749434311780085,-0.6781306357185297,-0.8647661969614054,1.3816192899932944,0.5992418218943083,0.8541162012556125,-0.309084482700634,-1.158663191216902,0.2842614388734998,-0.0459308312261181,-0.14493398707457,-0.0145936300450671,0.3283370147062053,0.0053921587412788,-0.1883674948536333,0,test
6.638987748008076,9.083609512035329,6.715728825057594,1.0408434912416717,-1.38803807534508,1.3322128493369203,0.5029983952957355,-0.1480062521253821,1.057683227423731,-0.1360578649065575,-1.2616014184712234,0.5350022739610026,-1.423986950108903,-0.7516092863179891,1.105467160339677,1.490314061054513,-0.7089794515553511,0.7257320897210493,0.6373225092981486,-0.2473993104937644,-1.2167544045771257,0.2131237008256555,-0.5651037300151242,-1.3398464229284364,1,test
6.06021023554175,1.0754459105149485,4.713229217938175,0.7445051866543907,0.5649603488395485,0.4214731957781438,1.056816654100181,-0.2563410550167473,0.4121845165292841,0.4827545417150875,-1.0956292949906723,0.2119174458127669,0.5038196623726804,0.5504220684874649,-0.7951090551966771,1.6598227481614347,-1.5106551892919464,0.0415556104914461,0.1693120298709768,-2.3507288178413654,0.5711139658010291,-1.0428026287193517,-1.469647017695389,1.0897285368077796,0,test
2.60761343797425,7.051609074212378,10.097290990484044,7.8827938057054565,-1.6391838320327767,0.7366327173535394,0.8611836445689198,1.0397576135955346,1.1426628948614443,0.5397463380659983,0.8130715409543109,0.1611638541111273,-0.6428409620542832,1.7172614042490824,0.0771992437811191,0.7845637835704949,0.6185371836575598,-1.8116259621983184,0.1967456613492595,0.775868627312563,0.7663514099944007,0.4048827118074136,-1.0760214147595288,-0.2045798689629373,1,test
7.399549535691717,1.9410846105354065,9.445914796628374,0.22476990512262984,0.6036742190461593,-0.8257333795991537,-2.103733353296389,-1.204189972691634,0.3181824036135502,0.1811425335331457,-1.3385309748108685,0.1065869249820449,1.9316304234249295,-1.453272257493324,0.969610025422716,2.6271955773611313,-1.0339484720344485,-0.6156599134168276,0.8426064715914608,-1.4832708092693394,-0.8527905234624827,-0.8560231969109168,0.603192006681629,1.053016428521545,0,test
6.112501488837327,3.440772121967966,6.680322612287683,9.36814711174222,0.680376203452596,-0.1561458449723023,0.3872597865341951,-0.6069576085262484,0.2334608714984507,0.0803055960832192,0.5997978484120082,-1.612259121758043,-0.6830200674707413,-1.101740892226185,-1.2372568847987702,-2.083282246919694,0.650232231608471,-1.4164899955135126,2.0310207615170204,-0.8797851022933982,-1.458513166282789,0.5295666675346953,0.7044849988636962,0.6358083638361812,1,test
7.400578773215105,6.869291364343859,8.24300300975115,8.245212508478671,0.5193699025676738,-0.7884452977730214,1.493964089436164,1.40369982854543,-1.624720788073828,0.1936280471434756,0.0595028302381512,0.3138330966622064,0.5329465969153975,-0.7262476453390966,-0.2925821908629337,-0.7189054560666316,-0.8459779805348482,1.4186526709657117,-0.9638134571797924,0.3779300656881288,-1.6175693508836246,0.7534450653991944,0.2339782795160345,1.1044445296086491,1,test
-0.06254156478288456,3.453260465389711,4.457825392680512,5.98115841540901,0.6247079337786124,1.355269861847131,-0.1135956220693807,0.2194866672949545,-0.3776454309206641,1.2444851380121564,-0.9098160433337488,-1.257010449101022,-0.6935567939884627,-1.5833148041714795,0.2066084312832244,-0.2346374379247886,-0.7115192083036146,0.8344234846603895,-0.0777898694555167,-0.9658581054375938,1.9759242037411764,-0.7385954759623039,-0.2832101412682994,-0.5468879412682286,0,test
8.316140891000554,5.582315597136386,5.041083565854103,6.19307664348932,-1.1341285524812426,1.9660953929526352,-2.3691261688341987,-0.2862700301942231,0.6609456360860431,-1.4190181970156897,0.4292820847500779,0.4668637761222922,-1.2308031760865747,-0.2774295266317077,-1.2463042121236398,-1.4801402183033407,0.2010638782123363,0.5792030369210127,-0.1118513110141793,0.5462411066238271,-0.7066928996511859,0.366768303800746,0.223724228051652,-0.3748448191423125,1,test
7.017280319909441,0.40464680499518435,0.12578593780597003,9.417531172029074,0.9608501921338528,2.734385361736998,-0.485720023615111,-0.4416193412514968,0.292704691398705,0.3451952563353993,-1.0678696017338778,-0.8515518760916532,-0.1385659382403559,-0.5271433562392829,0.7858519646804307,0.788317427525281,-0.7181362878617725,-0.0604991910226345,0.6382582312334995,-1.4303055883425648,-2.3357332629032337,2.521788742735261,-0.6372254673326235,-0.7188590396887804,0,test
8.74110931171785,10.530751711812295,7.074911819452676,3.1169055485957955,0.2354910394238362,-0.1583333572204359,-0.2478844222919543,-0.5947168464688148,-1.0724405385498703,1.8905955710865687,-0.5462545984949024,-1.269487092260153,-1.3238976456520295,-1.2416858926791243,0.6513604803958892,-0.0655428396819005,-0.6334014219165421,-2.625727340099152,-0.8795320270466427,0.0187459543957072,-0.6567707824972189,0.8731202414776874,-0.3667302789887118,-0.1483914384005088,1,test
2.6232014853288557,9.816202880946948,4.047319802220314,2.0872086171643653,1.1924384489927649,-1.151287303203433,1.9924001699624776,0.4815186149359428,0.0944568239696432,0.2435169897725344,1.2721013073272465,0.4056909829787329,1.3466494583615878,1.2902495004763537,0.1570594653845291,0.6408378210885474,-0.4508401139426594,-1.627458192574306,0.9671050044877167,-0.2739159149207077,0.5562895445227398,-0.7504190790095021,1.3801945738911616,-1.1050107445550996,0,test
0.45852033364792866,0.8706084221337667,6.595235245267864,-0.2874803567227799,-0.6072591659852409,0.1343948152237107,-0.4013103352779537,-0.6394864979683098,-0.4541967589764907,-1.61503720264455,-0.14674213678556,1.1527395009997072,-0.4870810837516696,0.6202173066902372,0.7670715291563001,1.699612461364655,-0.2741942115075253,-0.737148278163855,-1.6379640053375593,-0.7186128651015873,1.899727626669788,-0.0061728052055115,0.2920320700221397,0.4971957796377277,0,test
4.270447485339997,4.928285810648016,4.552824760029663,5.67056313524969,-1.0999560194456974,1.7118069468229913,1.485869567845408,-0.0081725157541695,0.3355164025664049,0.8615001161588106,1.6687722894565562,-0.0218508391471251,0.6328427326005356,0.3456470570484635,0.5341349453627208,1.5761710344139936,-0.1953343492796382,-1.0191969439165265,1.2323199178052189,-0.3190786436518787,-2.3924751068449845,0.0006825035063127,-0.3487636080108577,-1.7160353484462396,1,test
1.1260731960955068,1.217754201353928,5.445724985006692,8.08040695267261,-0.1510665366256806,0.9211200529697416,0.3449866230068937,-0.1363062714738266,-1.335805970818737,1.231568436633842,-0.1305552426136969,-0.8080202407379494,1.5710833254270795,0.8026519215217158,0.6063761386760689,1.3535546787813575,-0.3547506299202215,0.4741609688169584,-1.5585401075822016,-0.7196343098116427,-0.1675450334686516,0.6069983258780695,0.0652533991587095,-0.3805375264809286,0,test
-0.0327081793796387,0.607079742318641,1.5519604015524007,8.2661578641576,0.0355010515747416,-0.6908786826799131,0.3410432840821709,-1.2570351504670936,1.380728956808138,0.4756186594753721,-1.258835801930808,-0.3849675391101423,-0.9380093055353954,0.3866078381741047,-1.3568616497265016,0.8667495419993009,-0.7133211386291244,1.4766513608026273,0.2240638534393186,1.5614848242615555,0.5453774875082161,-0.4293543248009367,-0.0839253740791111,-0.0471268626361206,0,test
1.3758963033557923,1.426933127449634,4.419029293595769,4.104930923792114,-1.4522757064287386,1.8694557398407583,-0.8883672244970867,-0.4014926403528086,0.5745709562396623,-0.4537801991625378,0.4121940654891556,0.5476558637189615,0.9000797181188855,-1.647352265811099,-1.444950815642142,0.072087041749387,-1.041494777694964,0.4522294224227937,-0.3287552373288578,0.9289356745120688,-1.146990715486563,2.4645950069693683,1.1387787136607574,0.1252372720998354,0,test
3.6953076218720207,9.170006396915003,3.8711862323983506,3.595237651713835,-1.0418987354558222,-0.5004953275163653,0.6128937804182133,1.5062320256873398,-0.306423968146327,-0.827103285155675,-0.1225536603555657,0.6576789927164329,0.5861551962893645,-0.2867272912176276,-0.1000251282364627,-0.4133744958490943,-0.5192274522057203,-0.5585427979577562,-0.5402985324359731,0.9212948919010352,0.0691918670584644,0.1722621052639836,-0.908041360566503,-0.4319269260446784,0,test
5.999637239542842,1.1720787534901325,8.923473736980192,1.162979306226815,-0.3136010067979328,-1.2170488710164222,1.760321576076113,0.6499636674898422,0.5760847489908719,3.056718327088284,0.1475210491168856,0.0146837521831069,-0.2827423488891863,-0.7880077854359523,0.9386055348566352,-0.8871753247660406,0.2459572631255183,-1.700431065295082,-0.8743711072930456,-0.482090537659191,-0.8870871914222402,1.468547072690688,-0.4697021658819518,-1.7225575308736023,0,test
7.8377983135950915,2.567177988140833,2.351439076454839,-0.3118147819352296,1.0209500773665474,-0.4815314930577563,-2.021666485149698,0.8827371691725134,1.99093732639807,0.2901034321098469,-0.9136167783191662,-1.114296128359697,-0.4449252350400459,-0.4733160820295014,0.6080428024317798,-0.1139503991360152,-0.6999312570299049,1.2966599474401068,0.6235916996399699,-1.0047846198970998,0.9844331078703128,-1.2514809199736467,-0.5183711513402728,0.4171342381465311,0,test
1.0048414746702612,9.460835519803176,9.236331085285302,5.7548675830119835,1.1066670423892564,-0.2033323501108511,-0.5235368285604155,0.72972737641544,0.2221494382193958,0.1266483836597255,-0.161495939280474,-0.7014732551188316,-0.5055679812403995,0.6216256373309157,-0.9492261476844186,1.4746339896155944,0.087345547881832,-1.927924060765381,0.3231658278235581,-1.2880053368839224,0.7479487107166386,2.11645598042361,-0.1770401305831053,0.2873860416256119,0,test
7.6161920932177285,7.248981773617914,7.819659749532718,0.532498281616595,-0.2554664086086147,-1.8907803533032963,-0.5571457070252337,-1.0039519964571697,-0.4889190321982383,0.3323214652387335,1.064074238382708,-0.9268831009514228,1.5637573569738057,-0.791879783582943,0.0152772746157612,0.4558133929457757,-0.2030440189227963,-1.285505843205666,2.22612810123758,2.337934730054135,0.2299816545347491,-0.139032219016708,-1.6298391499300726,0.2144335337086206,0,test
2.433081080905818,9.155561153149625,2.4222706782880303,2.7773381577336123,0.8393540518166744,-1.1703363911415867,-1.3585132211329536,-0.2280961539710704,1.3563853494588602,-0.1032207750831441,-0.4042206383648508,0.8228366336317172,-0.8177317076249357,1.019981727629949,0.2624333520602763,-0.2196511960307084,0.7948818438559347,0.0263241870104005,1.7044821513268262,-0.8471433830584607,0.7520489810787758,0.229182544215135,-0.3792628597192767,-0.9736222455425504,0,test
5.73020149470486,9.651366915444276,5.10141922016035,10.433395533494151,-2.8224363843189875,0.0732112990660224,-0.5065143696457245,-0.1641374684538941,-0.6356058891065551,0.429252197851189,-0.71871247766418,0.4015565431762808,-1.908833839407514,0.1072935024857299,-0.2956853466456268,1.965096959337285,0.4201345594474205,-0.4226974202953477,1.4716969265391031,-0.7404021802924754,-0.7708633864689625,0.6066030017154432,0.1795644962640145,-1.0514186006038198,1,test
3.9538484940909893,8.24245653917571,3.1328167654246384,6.348603617019555,0.4701874208735063,-1.315651990467406,-1.5934114459730049,-0.5831129957348382,0.3100265821357293,0.4657150584897209,1.7284475905656935,0.843800592778906,-0.0133349559094374,-0.6119979363408756,-0.1210530445255275,-2.907632417377039,-0.1242212389134768,-1.7230861971589393,-0.7931326308027276,-1.4377910418607232,2.154405015212246,1.437902296377785,-0.083250690168298,-0.1413278768437499,1,test
5.768849373441178,4.717025544139087,0.5215976845745994,-1.3350463335933005,-0.4109663067853533,-0.1163650314893076,0.0993371545594226,-1.4232101633739456,0.0492714637648445,-1.845712291341828,1.6160000205351437,-0.2528665928699234,-1.4010175814682535,0.4434774728542828,-1.0946417439030292,-0.9963076218151574,1.1003839714376835,1.8523567470263376,-0.9346443278635082,1.574158448903049,1.235589897084108,0.4322324309077033,-0.7825744835521192,-0.2484924070964302,0,test
9.779263348372304,2.147576385425391,0.8204007237687476,3.8484731313251626,-0.1862162335534178,1.5030501768880484,-0.8646664447454089,0.2722351942001558,-0.8109102917729724,-2.8494574371416976,-0.8530063394531389,0.1729397846369008,-1.3386014669325317,0.4823438351029652,1.5578832447136877,-1.7156345805606257,1.7677255532819809,-1.779853625029988,-0.922710851702932,-0.6436870252997995,-0.8001333913184631,1.38984713506059,-2.0350645747320595,0.2480943401608259,1,test
4.89118365264575,4.008165358225267,10.179388536052636,3.080163204104839,1.2016619928874035,-0.1608744187729712,1.0246334361940903,-0.2077540979442776,0.3871993969289409,1.2749159345386545,0.0062929369846905,0.3868040032114653,2.200199833343634,-0.652196467252936,0.6165269036644236,0.8536788724753124,-0.3980241946610548,2.6912767610674466,0.7201532866744276,0.2365480112520394,-1.3257979926493684,-0.7358024464804436,1.742028093010221,0.041719900267059,0,test
4.490551657516421,0.7646412318147084,0.9179852027000361,2.2130895559379233,-0.3124694059210757,-1.2025286321768869,0.315347185062701,0.5513884006365971,-0.1564111619824178,1.8624196689241947,-0.159460932582118,-1.1826038742569172,-1.6095177771338278,0.0892305474110728,0.1481247210964946,-0.9371639436346708,1.6182309348954709,0.8115695698126094,-0.5918989528931905,-0.5883157028233678,0.1858453251426133,-1.4090233193828567,-2.1827351275749445,1.116482772629952,0,test
8.915609060852066,1.7477812463593674,0.012069979889562876,6.725862352324637,-1.9408721517525451,0.9572588382287192,-0.6204851157426777,0.6265317390584065,-0.2356412511038016,-0.5931018482708581,-0.8741145704621495,-0.5862244410075708,-1.1478250497008864,1.0293552552288296,0.0115264808596788,0.6871781966031262,0.5279753760069551,0.3874933970888558,0.176664685161059,1.6322464543582187,1.9797520950083949,0.1255925958064274,2.1368159256730666,-1.652761661101832,0,test
6.767180741657588,4.943979420069068,4.094885280373676,4.648116550872998,0.530055738526093,-0.1191827407137734,0.3074637140809544,-1.217296697121936,1.53195736740235,-0.6255252134624092,-1.4136124850226497,0.1389627854398757,-1.5733064566688637,-0.2944484574957601,1.142920430461538,-2.3308245250716233,1.354019196027265,-0.1131497337292876,-1.4104880044013304,-0.1467621204507297,1.5831815264478484,-0.3324880219992941,0.1469553695607092,0.464024815302881,0,test
6.1624418047307765,3.960698675984399,9.522252297170624,4.319837708799322,0.6314735109044004,0.4497779899653887,-1.2081567956386312,-1.7441193891252,0.9289895884192866,0.0807220069283788,1.3779072134813366,-0.578805976495839,1.1429006660991634,-1.5662795224365058,0.4499474832311622,-0.1487528044880985,-0.4549580271470991,2.8553585039560256,-1.1197237751273272,-0.237341639230966,-0.5113919321745617,-1.7807702912754864,0.7532770785353294,1.02223440268739,0,test
3.3413628632578214,7.18646830444995,3.8586374192082538,4.900405474026464,-0.6983274987534036,0.1297305015269197,1.8672329085184505,-1.565576991656832,0.3410294624782503,-0.8357439036139019,1.872861419631081,-0.4712465352142296,1.177403777840514,1.2838890587571916,-0.4632459978869346,0.5769780420601596,1.6355941874280162,0.0833420839407549,-0.9889552459261768,1.1531509638857431,-0.5851734559694602,-1.1182466456383342,-0.1599614484339786,-0.6216885066343595,0,test
1.6311656308171405,8.923176337619495,5.502502229264349,3.308477370476286,-0.573673886794592,-1.0009648634003596,-0.9553668283417996,-0.286570973293135,0.3351458538814272,-0.6275646151556726,-1.3490767429361192,1.0620575916520658,-2.031639763770663,0.4391511026736457,1.6911568621585116,0.3280389958485608,-0.075501633937549,-0.5862619681798683,-0.0282280077620812,-0.48958147194939,-0.6230351362124007,1.1522151760907713,-0.4654814506781534,0.0324543025440129,1,test
0.29037625102962983,3.309309921208951,7.7075617754453996,0.6360859840272066,0.7774527905618573,1.8055329769096855,-0.7986260861388376,0.536106432307809,-0.1937388769018156,1.5232753576757072,0.9201540815160616,1.6666591378820574,0.9366117775632476,-0.3297609928204217,-1.1010922383183397,-0.5299230590696069,0.0948779612049308,0.8533490262074106,-1.1294179009704557,0.3616238544648291,-0.8224289279031555,1.851056985633838,0.5179273580697522,0.1139868512118978,0,test
7.499126316882956,6.722915542441282,6.284681273377201,2.715847229789557,-1.2141288468284266,0.6686156181175881,1.8301867923295976,-2.601055751425374,-0.614033686267942,0.4085559455466152,1.0880795787256232,0.2310623118248231,-1.5491179944888318,-0.4156872280795637,-0.2007104094843497,2.6515329392991385,0.9963241850505268,0.6024613584000079,0.3521512858716329,0.7599715452959466,-0.309894847445124,-1.7766119278858965,-1.0341740581109555,1.4207052088281171,0,test
4.22290666191126,5.5412343305257306,4.030548711814159,3.262300188950644,1.9936910337115772,-1.4110780879691485,0.0605617407748114,0.1311807299317384,-0.773696178261433,-0.1952419823100249,0.9799064469612472,0.0132022431019678,2.189970498557217,-1.2149476942713882,-0.0649159610649609,0.2047765355732023,-0.4541915073577039,-0.7691335100680556,0.6854039413831937,1.2129279681968883,-1.2236442599718755,-1.4572595085658118,1.029907898501483,-1.0780439514993347,0,test
3.4262421834629664,8.446077416114049,6.967258380484019,3.958917236610879,0.13022568714702,1.0638528698149246,0.6855116099331886,1.4967917983093977,-0.6171101494395811,-0.370915253059533,-1.165556138799888,-0.0794316427973604,0.6569572968592617,1.023198480646457,0.382451111889693,-0.9232191931609246,0.0837526317744129,-1.4979419040491715,1.1527294456842263,0.8428429179166073,-0.2114021467473972,-0.266215995191042,1.6034980405492891,-0.5988182977226741,1,test
8.262357449879646,5.143275787593683,4.38177958127775,3.4208699419829784,0.4990976230343075,-1.5463935440276029,1.512583903437064,-1.0302099787858536,1.9487410522506612,-1.3690295057951312,1.979188877322751,-0.8297148614737795,0.9993586196405826,-0.8381921443555563,1.2355553123866,-1.527520311562761,0.9730821153017344,-0.8162208546723115,-0.1946877544471204,-1.1038677453213723,-1.2270110746324594,0.8178238311500688,-2.2273235008965404,-0.3995664307940412,0,test
2.9780846153980214,7.2773825444988525,-0.524074669365014,8.365810523215542,-1.7803598889604155,0.3085131252034226,1.196241100773037,0.5983455469175812,-1.9042060994064909,0.8994961635391191,0.509923716063818,0.4446181443475389,1.0279906067557238,-0.6331243022752954,-1.1055310040559696,1.9344976734950463,2.046594863141959,-0.7470348634914822,-1.109861678382913,0.8637338724558435,-0.0648697408880426,-0.1019409421528636,-0.3372678126379531,0.0002028194627377,0,test
3.652152584796761,3.697014843956488,4.007026826584766,9.701254742721856,0.3749564513891069,-0.2680683237445623,0.338525096210319,-0.1981728780165457,0.3103683451104503,-1.2927313842753552,-1.1393433952712189,-0.1420592581617429,0.2798634592766424,0.3357987934969035,1.5159155330460503,-1.2832619910695586,-1.4826887973385976,-0.5896099577389621,0.3588180921438807,-0.646504658121278,-0.4723517170103661,0.872921136378795,-0.2814427233591661,0.7078139065608814,0,test
2.4876601462885364,6.301764053738548,3.885693992799264,8.28504552333841,-0.8477298612279696,-0.2792947814038094,0.8925616240267953,-0.8997906774200017,-2.104075296727303,-0.546985935891501,0.6944046286523927,-0.2848286909516305,-1.7017880718584637,-0.452171708174768,0.9075334631980152,-1.763350723356493,-0.5652462881950471,1.6918063182299492,2.001327856317942,-0.025138685456742,-0.521475879159514,-0.0312366063714176,0.0365722999220434,0.5081013554709474,0,test
6.660230933283976,9.564739426216788,6.957284307033088,6.246266990222442,0.0725096697133934,0.4990935953899887,0.9582360545938678,0.3290375818862605,-1.8900360057978505,0.0206728967606577,1.056069943234643,-0.4116499536705832,-1.5172415982451004,0.2947782298435591,1.336894364642219,0.1703899325482985,0.4367847641496061,0.0734113750148351,-1.9039617832552171,-0.2198226669565215,0.531806979880215,0.8922344265524483,-0.0121196870145515,-0.6616152893200264,1,test
4.936353746283438,2.59448383380411,1.9699800963021563,7.775805872594833,0.3145944323297208,-0.1002175115085914,1.0074114789602282,-1.2731356779954954,1.3717670614215842,0.6948189344110348,-0.899644216384803,0.1400488772199361,-0.1024241666656534,-0.7345458581301827,0.2108699070789585,-0.8056581528080806,0.8179074908067957,0.3217694781823559,-0.3876638666353628,0.1747326142907052,0.7367782943994532,-0.4261711211619685,1.362857877480214,1.334183573270224,0,test
7.565819856767354,3.729634741745245,9.046047831701651,3.3792738943290326,-0.3934670675267382,0.8383830373764803,-1.6861572344558622,-1.5246733474936462,0.2320711770962947,0.0452241785872993,0.3720198157306023,-1.3421828276432464,1.7056318808991688,-0.5284148435044884,0.1791905361356329,1.0658696345195189,0.0271090687565794,-0.1042430898230734,0.2964177275296534,0.4762980517408071,0.2233487347291916,1.699548274483318,-1.091505569849688,-1.801055069109632,1,test
3.4760008167964407,4.746451683021589,8.896822742093839,1.8744353510086493,-0.293591869801843,-0.2058496735003899,-1.0018213316689313,-0.0706307179144922,-0.8349501242881259,0.2442984244517367,-0.0319708145008561,0.1525138993983225,0.4378885039577977,-2.9267400457400177,1.1619319084214703,0.4771099518473541,-1.119718029297347,0.1079570652153873,-1.640529257348785,0.0158716150057578,-0.0740101227807148,1.6360511442550738,0.1647403391585984,0.0793211470930355,0,test
1.4863416532445166,6.547941409921578,3.6861620112258175,5.9848542788609205,-1.0910906722894695,0.4808661062049508,-1.042435735175934,1.1766764066258877,-0.7374568270110198,0.2499297618777066,-2.346715744895179,-0.453479291468685,-0.0990047447059373,1.5127461235679098,0.5013816340555649,0.5157558434375084,0.8296717297165825,-1.8787353218808325,-1.114209972122343,2.2880284037391094,2.3270106072297048,0.053312544883468,0.0501345710768491,0.4880684269822561,0,test
3.1944391810159205,5.693183364549723,2.6554014088384705,3.2559424197756983,-0.3398895569267673,0.4757525600131879,-0.3744166671462056,0.1563002768612529,1.2718895461755653,0.488490408531973,0.3974605595735758,0.2043272878691376,0.2701932524920144,0.0455858159451292,0.7560755997981414,-0.2684615865515036,1.1120681843560043,-2.125263544891417,0.9421341983358046,-0.619770628934125,0.2512253501889004,-2.029122532064048,-0.0246915540022446,2.5601568484137474,0,test
9.042639970929278,0.4761294796115924,4.800356736219117,2.9610431138639646,-1.528197538376642,-1.7596480317240035,0.3056677625980796,0.4332436186573569,0.5963542461164926,1.3549720565698071,-1.2630729503338642,1.8830538678357345,1.2260416771359846,-0.624078233055046,-0.850837447421997,1.5673864172790417,-2.112535522858911,-1.5953321098259932,-0.3036526001717823,0.8521819309656892,-0.0736914183035084,-0.8892184170014183,-0.5981110101466854,1.628070908336844,0,test
4.132935545442754,6.453244706605105,7.485152958037884,5.209246843715403,-0.2746136335254995,0.1222087499110055,0.0153081118929204,-0.1281469365284194,0.7085396226495599,0.5058162864272354,-0.4993501387261396,-1.5650175372957458,0.749626892528116,1.051922517509525,-0.961033112789328,2.0889354281071157,-2.297486222672968,-0.0690488494234411,-0.1328423271188382,0.9099157761460296,-1.6313033804826202,-0.9378016705620176,-0.8669113956146957,-1.1988612430833272,1,test
2.4038149553482353,3.1018536998060484,8.19562459630747,1.698973655851814,-0.055126788734006,0.8544994139342115,-1.5690791296089293,1.2611276525196482,-0.1729682153222209,-0.6486053443519455,0.3771724562254098,-1.6623899903598505,0.6477410978176626,0.1421070820585397,0.0426133859865979,-1.521124251612426,-0.6170104033538472,-1.0485761544489869,1.4590774456008713,1.115695779245279,1.8002573814509737,0.4281279028215199,-0.0012190865079401,0.5740229452430511,0,test
1.9942273459591875,2.034566079961479,6.971010180432206,3.3323204340351644,-0.9386548564967264,-0.8418782680309052,2.025968082504133,1.008211676416496,-0.6832316230691927,-2.7629459911012657,-0.7138265105924831,1.543391968377974,1.4318772162936482,-1.000835610217415,2.14887159870554,0.6161638972940606,-0.517147896356699,-0.9900776811446664,1.1888044421130952,1.1518401673045238,-0.2434863859818454,-0.0138435009769853,1.1538904795616525,-0.734114634084624,0,test
2.5582141276570645,7.617943855257021,8.05640267073366,-1.0855565541126464,-0.7483648207169966,-0.907506222078131,-0.3283237751439726,-0.3084484806152888,1.5126802719111472,1.1625893316779028,1.3075050995532225,-0.2552872778905688,0.3823619823761761,-1.5647116081777526,-0.8409837083535583,1.0787301421204996,0.2214334714834637,0.8027276339685593,-1.4719787828796456,-2.4488205356015076,1.2392045425060652,-0.4669317137735327,-0.0298702407593548,0.5268309849160018,0,test
4.925546686436251,4.9611745241038445,6.537286851899194,3.4319429335886555,-0.1307701612142664,-1.0167948415036452,-0.6410723841297031,0.1042414713702238,-0.4586925315721809,-0.854491656843185,0.3736360855144464,-0.2783563182341435,0.6722178367517241,0.3605380655834071,-0.3264589720876866,2.275047701786948,1.938637959236596,-1.3185846176398006,0.7144378278618057,-1.3543917349140016,0.0165908748487488,-2.162352483923806,0.3854316973008245,0.0345974649835702,0,test
9.450965482320669,3.6364275332700418,4.3090976060030535,8.635678931502547,-0.1927558218525184,0.0817442223996951,1.1700292941751047,0.9709713274140545,2.202660054001993,1.9849902316797503,-0.2692870004099941,-1.9759885285858048,1.0205868351871794,0.0996612701430635,-0.7173224901727352,-0.2664049153570096,1.161153128670107,0.6307107406042055,0.8604695890205745,0.1338050076215097,-0.8580305530874356,-0.8246579247533716,-1.0237140802935367,-0.9899122026825904,1,test
4.710677419165152,0.5531394273173165,7.704635605941029,3.608468488508865,0.8028948691253446,1.112053195104245,0.9363292256472172,0.798752691963564,-0.4440025287577277,-0.2094313511700654,-0.5126287807410574,0.7723287963125227,-1.24175339717687,-0.0098535957956429,1.671999891939097,-0.0822330882296706,1.7514873204807189,1.357561732107642,-0.514104407664044,-0.020708383012737,0.1030184362414829,-0.7563509346451425,0.913583402283164,1.1958694183048122,0,test
1.674250925288859,1.7709901122076142,10.170477204144724,8.046755979476988,0.0058038721438203,-0.5926752343846959,1.1769309810230646,0.7680795771061024,-1.4072554994441513,-1.5427550724196497,-0.6182320026128848,1.0395012562802686,-0.8068689199433482,-1.814525996480316,0.0445577685217104,-1.323656828382395,1.2177134177885731,-0.2993694746698727,-0.4055578077401766,-0.2299847055522875,-1.7281541129170472,0.0422318838239812,1.3368084436587826,-0.1665839363673925,0,test
9.208383838630095,4.992940817380415,1.5182413690691487,2.667250232010251,-1.3796333068962725,1.191594886065106,0.1396482341457817,-0.615301908018329,0.4261849022535411,0.8030949059177597,0.6577357062246724,-0.4017557176929334,0.3905318282417783,0.3122456862957601,-0.9461029787311032,-0.6511681329973645,0.5174593998157746,-1.4082654200853904,-0.8075478255382732,1.0092301814658935,0.9601715025425624,-0.3141871114802998,1.4529213526503195,0.9542673713013378,0,test
2.9659910556904627,2.303031608161522,9.619926216853273,4.202781447570979,-0.0656446441875616,-0.2933965304381121,-0.3867547893202677,-0.0859912275305642,2.4118424234835203,-1.6494929348466578,-0.0105299067050843,-1.8583660473547388,-0.2922928919195331,0.2962136144737987,2.086676712697272,-0.9137645137642204,-0.1162404818058558,-0.4332530973966348,1.8202661458528708,-0.6913824641946303,-0.7167668839381729,1.4005200827339854,-1.6270999179775147,-0.3731901912569413,0,test
6.965799057527835,2.4410211987891843,4.9999221145054635,3.2959976872391414,0.8381827537328328,-1.3427379898615426,0.4185818370880515,0.441699310918189,0.8968880502135869,-0.9476943257927471,-0.4900949411145324,-0.8386887514396973,-1.5599481223545422,0.5343292566529497,-1.4495967580368183,0.6230956947392129,-0.3868085649825287,-0.1436123218423733,1.2378563830651002,0.8786700363798026,0.0079717209246639,-1.4550265942521576,-0.3609073349112673,0.6506340936867991,0,test
0.3182057774801845,8.327728973211181,3.1977014327378974,7.603491232358633,-0.971202323677962,-1.124844313606882,1.1220550685955126,0.121455136276338,0.4628079657061981,1.3216213084298272,1.2960296240922282,0.5986862131248369,0.6523678678223833,0.299860469770499,-1.8032283175317592,-0.0437523463107757,-0.3215278153573496,0.558098788659211,-1.7681435393501737,-1.1353848627817258,1.771737270314857,0.1041402347797906,-0.306305766714315,0.9797811073541596,1,test
5.218033628826525,3.1844497068477353,10.318321035315291,3.1317163489389834,-1.3198866437222776,0.3649306877627949,-0.3774283815940153,-1.3263357817650068,-1.1847056544534722,0.4866685185241772,-1.925275544304663,-0.3949494707902491,0.99332606796809,-2.33509676587528,-0.3815162374186446,0.8229242032191141,1.2688418995854476,-0.6641366485956638,-1.79703448733285,0.4094383946959817,-0.1478686119884633,-1.0685717965087578,-0.7737324341468436,0.0271511333783438,0,test
5.097834787711333,4.574555821414352,8.20344349918599,5.865091178505523,-0.8879294281813608,-0.7237938868127035,-0.7162927292708015,-0.9499905587178648,-0.6630765434050868,-0.5357651512033895,-1.3355841122948853,-0.233664991711458,1.1822302165067065,0.0996830485928261,-1.500081223585526,0.0447527417249696,-1.883487473428777,0.3211470072503532,-1.0952444578400429,-0.803614657257625,0.3703436003353509,1.5370796226007404,0.4956419519808365,0.1861202400848433,0,test
1.149190328992544,5.9283219322982506,5.155789655070933,2.152320149195416,-1.8061483913163348,0.01604144364738,0.8444817806723219,-0.1558894648310016,0.257731221799068,-1.9072270415016657,-0.2943100120650452,1.481826641573031,0.4875444602638962,-0.1382130668798628,0.6469924723712756,2.196923751022168,-0.2382578195960964,0.8818771006686836,0.3280223536365583,0.0956258975242984,0.0221882367927832,0.8567499640117039,-0.3064479593391379,-0.2392036263144557,0,test
4.286382592353988,1.2201150963524015,8.111659150642382,-0.5651855280929496,0.7781312150481254,-1.2258844859321665,2.215482285056445,0.2639644678030997,-1.3985934713954122,-0.3385082117376621,-0.5050404621463754,0.412760952994622,0.4050970483283096,0.4752081603343205,0.547891054065105,0.5643428218935579,1.2009638453081837,-0.5677091707237157,0.000508707427265,-0.5306749913587423,0.1129446628740575,-0.8186698118102395,0.6613198257505912,-0.0741435981983228,0,test
5.503939655866916,10.539998703875417,3.5095048730652403,5.127550923728413,0.6741104511221585,0.3000399081662115,-0.1403374261189171,-0.6865944100062419,2.0572468340898404,1.5672752929055709,-0.7028830726163798,0.4836537361609663,1.3937961500623912,1.1695618123365057,-2.2232708410196755,2.2615553560641413,0.4498341361123741,-0.7056894840814548,-0.8797574136496901,-0.8918850446749681,-1.2999010539315938,1.2178187602119537,0.8614649277982341,0.0458275124464663,1,test
1.8243397307677716,3.470021267251723,10.03533841030472,5.52234574785475,0.5522979168524162,0.2326157379233653,-0.7753081605972032,0.1581110446675695,-0.3811449827867704,0.7087542011553414,1.0039340760870346,1.1852162066605831,0.4817688050906122,0.5625227998500503,0.0555166082256437,-0.6239292975986135,-1.0721111810678867,0.4559254732840348,-1.0389997297268614,0.5169194352995059,-2.788811161081848,-0.3347606620299694,-0.1279502138412755,-0.0714901696149359,0,test
4.444688694490414,7.363718647970394,8.721014142770017,5.757778058196993,0.0467243447210951,1.3484090792153554,1.662321990923593,-0.559035715820787,0.0536530326935292,1.2762171706798393,-0.7015943787861876,-0.551928149865821,-0.4104563557474245,-1.4957572396116272,1.0541814049682208,0.3541608782926442,-1.174202654753349,0.4989765008564487,2.056567883286287,1.110645254590296,-1.2150815671090125,1.8362230720253228,-0.4669047844579192,0.3504046971871342,1,test
-0.5738032231012562,6.6346172869436355,2.3070577125865457,6.830126211315162,1.2361655899694426,0.1834063433753697,1.2094958464860048,0.5663675136972496,-0.4924337168147411,-0.1764651788317785,-1.3940641256334878,1.4165658181343603,-1.4015766714931854,-0.9487884879935912,-0.0178742668228152,0.0671426038058916,0.8150601505685168,-0.6719072379156789,0.1163328712660146,-0.314537517244322,-0.2036899586868676,-2.445346022278322,0.1914493185837221,0.4872139764602772,0,test
10.70588499790256,8.845445013085559,10.568326847806588,6.93048572355014,-0.4983331374843429,1.0621921569892383,-0.2831377472850947,0.7539571054910502,1.512273190304554,0.2062717071286236,-1.5576830623533062,-0.0945980128130024,-0.5429314265475516,-0.944373316529252,0.1385587902307912,1.2892992713505351,-1.5826611062514218,0.6391607846566205,-0.3757969104474061,0.3570261458922392,-0.4556999780392995,1.8633943547813976,-0.5172219898565917,-1.013933405494866,1,test
10.021670955847783,7.210978610678857,6.4948526069589825,6.517596706919012,0.780525921471203,0.0302217916485284,-0.4552091265261432,0.0576522470253113,2.409566732650073,-0.4729438349788938,1.1150958210517428,1.255114484562199,1.5269076650429447,0.7491468949187291,-1.4393252533605194,1.2415498300557533,-1.209209110300986,-0.956375115049077,0.372291552414852,-0.6900782319310543,0.0647972470359612,0.2153218010098458,0.8184358382934486,0.9148583692986058,1,test
2.754421596055165,2.8006209105414293,-1.1574950391331122,-0.21915005794077058,1.6532134739266937,0.9498210687250112,0.8967603282627264,0.3611835400123843,0.4982821057702109,1.33925812682257,1.0218680080051068,-1.020502979806023,-0.2912998094664215,-2.3600303164226215,0.2141313198620489,0.0122419908510642,-0.7419077151203987,-1.4021144733671238,-0.5095738365384964,-0.2889430719485351,-0.2876913101655179,-1.3672736440759126,1.123510464951746,0.4139057416482792,0,test
6.293978498967989,9.16181544467838,9.289285782093085,-0.038721675134052225,0.4591994294925571,-0.1745990192817259,-1.1491724902322789,1.6118972068078925,-0.5545260807824743,-0.2254093563114846,-0.2890702246996749,1.5959987445692785,-1.4496702142813571,-2.704696891790298,-0.1599425707595045,-1.5281963730922945,1.3474380438242812,0.5842924654171177,-0.187861543579732,-1.675643590305843,-1.2492666142242057,-0.2618942059506792,-1.4406290970251685,0.7751804848531132,0,test
9.228240957320356,7.056680739790327,2.6757262524939183,7.675505372680569,-1.915122234033066,-1.8180117038048704,-1.2063545896426155,-1.0170236380484254,1.1786290379440914,-0.9135901424650882,0.2627718198984988,-0.9516378673791192,1.2278053812613832,-0.4484245253941905,-2.533255705162503,-0.5204723791220722,-0.4711992501334527,-0.1770792682712452,0.8659541787490983,0.9375904079098768,2.465282366242947,-1.0265959286925836,-0.8601010084505171,1.1471015892389538,0,test
4.079563643965609,3.557387459917009,4.363457670465417,5.537182899805433,1.2779827653372935,-0.4581552928588727,0.1231556351996679,0.6770267502087868,0.5414487774971498,-2.157086461118269,-1.3718567494746865,1.2219282148743138,0.4973590875414793,0.552141607556727,-0.6021261851715023,-0.1111604121691893,-0.2432709966420442,0.5711953684296395,1.1092763192655088,-1.3242874421910744,0.1234152522076822,0.9428358254753856,0.2905358222869076,-0.1933585324105922,0,test
2.973897991237566,4.01351576589431,-0.19616358204983042,6.614051337011313,-0.1280210571509467,1.3384101861989837,0.212367398703146,0.5355947206687318,-0.8368239451196334,-0.3781447067828559,-1.565344490292821,0.3988048017906616,0.0880117995571531,0.2407352061639516,-0.5968873850324036,0.4624177919841246,-0.3265324644319812,0.6288792499706639,1.2754051530547754,-0.3872165100028866,0.4428700659746721,-0.498299235351079,3.1028946385926073,-0.0337412783675688,0,test
0.6990613221240392,8.078429909139706,-0.05248104602432102,6.4975878513166805,1.580563512791519,-0.342298814892902,-0.8760774921221514,2.5425299499582517,-0.5132436035957684,-1.580394804775073,-2.1655980343004275,0.7933581573739785,-2.3632554026865735,0.6057003578092958,0.7659752509573002,-0.3029827009570216,-0.9450824353898816,-0.1618157021431757,-1.3845475104931737,-0.6993208483409105,0.6156853653891523,0.2336588372909931,-1.07354083639243,-1.3250509370180246,0,test
5.194318405158075,1.6640311775791266,11.073063823186052,7.234650773415091,0.5755272334723321,0.1700757962548615,-1.069260666438856,-1.366162311595576,1.53362087728377,-1.1068221834100125,0.0538216539861039,-2.471509485227559,-0.6288365684223668,-1.4984174876694516,-0.7998955562375341,-2.115086197399459,-0.4272485254919215,1.2347923660788391,-1.1619265173385032,-1.28037238995986,-0.0789831824798597,0.8016458463568948,-0.9018363719645528,-0.1318977539201255,0,test
4.556337696188123,2.678753963165663,0.4708688704491406,4.213123795021538,0.6353987476709905,1.6177604274349535,0.820891669038819,-0.0695320469869352,0.5917489200102689,-1.5359044226643808,-1.0827514339184046,-0.3025073361780362,-0.8240102485001242,1.1904601993976418,1.682836021623555,-0.8440078883118837,-1.0925882654028711,-2.117561846324091,-1.0235919183888051,-0.3615306581091218,1.4065078928719486,2.1753750815269157,1.6403798291661684,1.0852933775033584,0,test
1.8507469137701473,7.74675613374481,3.2286607050171208,9.978462544655835,0.8106622629849821,0.3748462439310498,-1.2024971368049726,0.2999666410543209,0.1907097929511455,-0.6143837271610438,1.660707969233998,-0.7914641236744122,-0.1997740908506982,0.3433558103860036,-1.1752408011499174,-1.3562144843909574,-0.1757478667414231,-0.8485281778327176,0.7802808396940648,1.3790366463694506,-0.4045761728190884,-0.6749477639603403,0.096404364689037,-0.1945738851501336,0,test
1.6608927066401327,1.2141641486117898,5.4843894934434685,9.21677044820089,-0.2018439847125966,0.0710822006466847,-0.8655429460758528,-0.0291337924364372,1.3837623397400338,0.1252919685730185,1.5928714580425518,-0.6277571537719349,0.6516200244862034,0.1699848861361627,1.4728964674425582,0.9590358016664442,-0.88430809598467,0.2941460973019087,-0.0191918888856171,0.1073535472405241,0.2432982823403328,0.7648495567688232,0.027774206470905,-1.581699962962482,0,test
5.837469440081466,9.539244372359649,5.634280622553984,5.456498154678533,-0.549773519141686,-0.1547971198016828,3.683318636916331,0.1131440049791658,-0.4016755040998531,1.23492677893267,0.1579894463821712,-0.5868969587821496,1.1610790240728663,-2.56497492386834,-1.117354537797951,2.233314071869799,-0.9075450409125296,1.7462328908485534,-0.9584505112544018,-0.2151574288439503,-0.7770875339680501,1.1484117181493496,-1.56143820066387,-0.4862497436711353,1,test
7.288597109163525,1.8841095817884956,8.044199281635846,2.399333304895593,-0.419872274077425,0.9134829106789752,0.4637735364611572,-0.9957350927936344,-0.6515689002638292,-1.323746476972741,0.0807393209767207,0.8816476182272192,0.5629090581154551,-0.154441683347245,0.5857104564268433,0.2635570787122294,0.4874818512526007,-1.6846475380331616,0.6149009415642391,-0.2917437706775528,0.9287659955378336,0.7281050765602506,0.8092407640815367,1.538193951648659,0,test
1.1926432813718142,2.9828266308532436,8.971486018263796,7.046228505190552,-1.7673613518222593,0.0086721516852587,-0.4608474632901099,0.2829320042686628,0.3010103979297798,0.3462169850057582,-0.5281010926066421,-0.5921375542964611,0.3482238042669186,0.2677390720438652,-0.3191256648643774,-0.4544809071339031,-1.1249689554878957,-1.0785164476968885,0.2689678882470229,-0.5773056711734741,1.8680424117730992,1.2048289467925288,-1.9656249410177384,-0.931269383364023,0,test
1.9088143260256414,1.727863217073772,-0.23346762105255467,5.394854334703796,0.3707633829110368,-0.6995241596158549,1.516467874047671,-0.5555003834946455,-1.214634517146968,0.77943473080807,0.0061326331553443,-0.0133377833913823,-0.7580860058274312,-1.0567967745772455,-0.8159873345818294,0.8209391206903954,0.8362492085352294,0.2043395706998023,-0.0942197206805061,-0.9331602404098904,0.8161324259673409,1.1936115497088045,-0.2161007584602029,-1.8184224849904864,0,test
3.904957775331139,4.110251333797266,8.00932318878196,6.802776744430162,0.0950865665060551,0.7929957802881559,0.3915423383969328,0.9960969497646576,-0.1305814822114932,-2.636489714501026,1.3781355212836988,0.4545854675121898,0.0901520568229721,0.1009531219161297,-0.1032169125757392,1.7597547412269658,-0.7939915005948527,0.5842016626027604,-0.476487192028158,0.3608218802393138,2.096793722710492,-0.7219801919267769,-0.4584948364235142,-1.4054483514953426,0,test
7.235391622785806,6.349176862427692,8.93146915048434,7.136708854463387,-1.6096727955096533,-1.7708040447073876,0.2312189397172324,-0.1315184741367193,0.3667704239700248,-0.1678991379144134,-1.5318626767147234,1.840603135654422,0.5395915089562855,0.379361027966927,0.9500977397411774,0.551281133339482,-1.4491735052277306,-0.0664413998105966,-0.5124086953988809,0.0240894042661978,-1.096928864655072,-0.3433361384293301,-1.2930508188715866,-1.1266246446627728,1,test
-0.1694012770458697,7.113543659244597,0.8392144772736961,4.461510096851009,-0.1728437808668767,-0.6559204680999651,1.6353310508101018,-0.5407280287998397,-1.3756938336876932,2.515177889054984,-1.0352043245771425,0.8026627460956081,0.4381711983155534,0.8471945098046283,0.4663582478372698,0.3048964185125453,0.426532348736467,0.1073235820222489,0.912856153205008,-1.475541336838644,0.6493619735813648,0.2814274997204932,-0.3663939643813679,1.4897528014639012,0,test
3.1603108838753355,2.6479932498108933,6.799049497058328,8.470384827197732,-0.7593161939090112,0.038730473791558,1.4961859358534944,-1.8667481003865836,0.1831315399448192,1.227801870882532,1.5449841758097451,-0.6353409694839972,-1.217749726104925,-1.1764372701302137,0.2459091750168209,0.2145903769240176,0.7309260451476676,0.4568104829251194,1.0991440143207596,1.5467245016658215,0.1834496521297986,-0.1344247002576376,0.6851242987803469,-1.5334559045997649,0,test
2.3997553141110903,7.872021178583342,7.799206976206375,0.6231941741500497,-0.6376301699819285,0.0808536462982569,1.2119483271179756,0.9461920975799452,-0.5127629859872053,-0.5593688586531175,-1.013215510945764,-0.35988515946715,0.6142905110258488,0.1365283563890764,-0.3757018426898018,0.2811085038417178,3.2349041191102694,0.2968194836780539,-0.1408879995985519,0.0129253896566327,0.4499273604055179,-1.0780728614009651,-0.5769014047009776,-0.7122365990233945,0,test
7.6347046712409465,6.522119322371438,3.7111271701926105,2.84332946509504,-1.189154382635577,-0.312064702322927,1.0449789406732148,-2.04398934621716,0.1231353514121615,1.0985237790467028,1.9855497017684391,0.6652276259145463,0.8007189448311521,-0.3595497156087116,-0.1577336017659226,0.404240169100146,-0.3217257863890783,1.1514412887684675,-0.737224303696295,0.8224079484995006,-0.9037465803557746,-0.3050884373385504,0.3004631869177757,1.208455627595037,0,test
7.212867334630356,0.688389349774118,1.4527796838417841,4.516645503088384,-0.0073701662671796,-0.0836857507347453,-0.7416831704179389,-0.8128030806344073,1.0664817110498688,-0.1926015498108522,0.1507482924163466,0.5251877649774152,-1.2768627538441824,0.2197385891846796,-0.0121211256700509,-0.3206130679271209,0.098698977313605,-0.0569583941437432,-1.095318685907053,1.0996122172963942,-0.7255086084252547,-1.0746113378297573,-0.5674968273653203,-0.7117485216686987,0,test
2.5674386012817827,9.907046293132737,5.353286874050418,6.495278168224687,1.0971294230800632,-2.261967096023337,-0.2457388179984357,0.3551895714475488,-0.4940384128019187,1.7455088754516033,-0.7874628775712772,-0.1313162169874292,0.4882765801935929,0.2831550254339013,-0.1198453348381961,0.8428093415439215,-0.110929971238692,-0.297505840813631,-0.0984432247640798,-0.7657998051578419,0.0960323628178171,-0.7083861126267725,1.3253477062693857,-0.1482942755874511,0,test
0.958655361339376,9.697560306736685,3.3348296609589947,3.7877053886744365,1.1027181100901553,-0.887341896971281,1.073942404349913,1.491667977815255,0.0395955869323084,-0.3282332956443389,-1.5926961831855524,0.6347547017578529,0.738282936253435,0.2116234013769597,-1.0610888892555754,0.061378236434402,-1.859380698635228,-0.7163308323358905,2.0713747809777407,-0.4467303575387049,-1.3792971778033616,0.4077754297956939,-0.0995174215713874,-0.5662244992611544,0,test
3.620874743090167,0.3680871330030975,8.64273804347471,1.5707991548384301,-1.686085128011807,2.28080830100154,-0.989391825679386,0.1902221701870346,0.0069959655172205,-0.6663388623808661,-2.279195808162462,-0.2194019565339488,0.2827190242803222,0.5691187905298379,0.7559733995972561,0.7079904012874347,-0.556056439225217,1.3369072928590462,-0.753391629385277,-0.0294600610742934,-0.503269768478241,0.1524517139351353,-0.1849916414145128,0.1374180938145427,0,test
6.761648814403356,8.453248591365675,1.7201329939668843,3.6920679481873964,-0.2743918078782604,-0.8797450575725038,-1.48881711254043,-0.8453171118795244,-0.3869038445658071,-1.6092132589794357,1.8684587688153864,1.513576261657402,-1.0898224041185312,0.6841746574860808,-1.0412896474392217,-0.3108745252809455,-0.6993240474211943,-1.8582857171436045,1.7011744102175703,-1.2823272858307777,0.6681512898222869,1.376720882704237,-0.6214870443021475,1.005495790275144,0,test
5.73486558835581,0.7759618668744668,7.969735252359442,5.004050968484854,-0.039381599286704,-0.1745731761047635,1.5807355313360838,1.1901766942066323,1.7934360600293198,0.0944241983667274,-0.0525607917507359,1.1741667660355797,-0.9539990619671408,-0.1805784496002916,-1.1991821918426064,-0.1660606592109903,-0.9594844526163168,-0.5061003236117162,0.6882012638890188,0.6435968747324268,-0.830988764947259,0.1254656785667554,0.1323783082952547,-0.2658652512480793,0,test
3.5530057289392687,3.4809311833313945,6.7121774107163565,5.302635609911029,-1.6470445022720397,-0.6250438972615661,0.3466490678614055,-1.2479705107327368,-0.9719652345579786,-0.528220642657258,-0.1199858401592444,-0.1129375896867876,0.6783878889558246,-0.1806659675569102,0.8430974033355982,-1.200569302858001,0.0973729621208801,-0.8512475933990519,-0.9976044621729142,-0.8540794193929117,0.0883218080152365,0.4366567677979688,-0.3415689688333001,0.0547268784541859,0,test
1.4923690430971033,5.029144617754898,2.405998837941577,4.202785793812097,1.5347491314491717,-3.0416367509244977,-0.2364652412729548,-1.7570807973774896,0.1491110972450417,1.3312358409200946,-0.2590032231041445,0.4537282962758222,0.5677009884055423,0.946124084072378,1.275234762290165,0.9891801098300224,0.6668772320325846,0.4886934641047738,0.6541490114266594,1.4243309015744214,-0.7430314687301325,-0.1319395329939685,0.6941133703571722,1.8024214481954448,0,test
10.11173374189197,6.1972185014922,5.667807993443293,7.110251974980479,-0.1359309096737646,-0.0376295367244509,0.7620843898193636,-0.7392165224117766,0.1960668666592897,0.4827965777441727,0.0180780032319736,0.5920063585003855,-2.0574035673548567,0.3598158263878316,0.6553170989038053,-1.4239817354616413,-1.7492967551848326,0.6899135882361764,2.617119536221368,-3.007911133386099,-0.9251189397490212,0.8367253012531627,0.1384834265071066,-0.270479200367162,1,test
3.0455168080417687,4.077797500389137,3.612045968580178,5.585870634651528,-0.4541761754072336,-0.3844361886900561,-1.4580912946258475,2.3452613472605695,1.3296683557049536,-0.6577427106824255,-0.8407325625172987,-1.1462924978639044,-0.6369962693694736,0.6510310014513296,0.6597039663001599,-0.031544040818088,-0.7056361757871259,1.6016334359696227,1.729373810807782,-0.968035594004496,-2.021908865349099,1.9760108972065795,-0.4545247890985413,-1.4586735534387951,0,test
9.33340018893465,3.836603387783744,-0.37880627480418005,8.19760438097362,0.4428693838295793,0.6501115280089949,0.8279511658209129,-1.0397832075443083,0.7443099950419384,0.6908700620183984,0.0264577284559791,0.13935819719665,0.8848050395615821,-0.1539907675997434,0.8346675477922771,-0.1091066961473294,0.1873733300446931,-0.2812106356128924,0.4908268395310066,-0.3293467430099085,0.0175533597187788,0.6476387820442325,-0.7706512891768428,-0.3378207622339551,0,test
1.8878943904694552,-0.01708841147501916,3.7460878279641365,-0.5111625482728153,-0.1886800171672992,0.1746263175964783,-2.4239048198622988,0.5690158109918535,-0.5597989059871356,-0.3626868004337658,1.5296436285898916,-0.4653074408604974,0.1347161608861546,0.906527695773507,1.0891740064466462,1.4024576668213398,-2.538555723499867,0.2912603832822691,-1.0434565429976808,-0.1708316479900403,-0.5357115466502271,-0.0546148098673767,0.4323584059286219,-1.163545032752951,0,test
10.256570257283022,1.6437365382399398,2.725682981872337,8.34247462748784,-1.8595308204247176,-2.2905789049095744,1.2039519136614862,1.1139700810518989,0.7142298827294657,0.8257857747349656,0.3093876188959741,-1.4044188248374074,0.0307373059776011,1.027068047394167,-1.3153680422452658,-1.628879620263879,1.454954251653706,-0.1986610841307066,0.5083527420054104,-0.0786881442702708,-0.3213886406159224,0.3283422071391516,-1.0628331581937638,-0.1347782974398834,0,test
1.6696606982447244,4.905235841096923,2.158581945332003,2.7722649654738407,-0.5335231759153246,0.6550422217693658,-0.8750727164744978,0.8138556539608751,0.2739794060053432,-1.0368139907924396,0.3961088808343599,2.769698937117779,0.211249081799301,-1.3933373956559485,0.3271937634241856,-0.7170406198591837,0.6151907675576481,0.5879013743711327,0.5909749583572369,0.8359164218055054,-1.2978440186847262,0.8986468511777307,0.0319344074172217,0.8971962559518833,0,test
4.437587915314335,2.0042622360109954,-1.0048727602485605,6.816122731712977,1.0723436784341922,-1.3875591638879932,1.6899886245247235,-0.7187333711016265,-1.9475691487421476,-0.6175032665585257,0.901759220056469,-1.33088444507094,-0.1029122479602048,2.4306339404499253,-0.7832511083078559,0.1086801419230208,0.3349016587455138,-0.7181060736412016,-0.7332110203585899,-0.1654901109543799,-0.2875679086663897,-0.8609535382920274,-0.8744982273604681,-1.0404563684822483,0,test
4.757476002218743,6.779562548859015,9.017416685499262,9.044833193296302,1.4382478248346755,-2.044888250983196,-0.6885363232300283,0.7669156497323163,-1.7876762044524996,1.1270227671741757,2.298227987893368,-0.2512468400728331,0.3298160367586346,-0.7749382524934298,-2.2210362405241297,1.2485184965749092,0.9848208177388996,-0.6287740934418697,-0.0593059163114488,-2.601055434366992,0.4021837955708461,0.932526801788562,0.7259947838914187,-2.041787496754972,0,test
3.9181535121708793,4.9309229563420045,7.116168306420037,7.172809114277208,-1.3901023385647506,2.419106106201418,-0.931702663384831,-0.2749044353914718,-0.1200116565326889,0.0814410125012737,0.5063115809662764,-0.8517339558875641,1.2421384831461473,0.934751700503471,0.1436648278418995,1.3110819842484724,-0.3177638051019966,-0.7066785956533125,0.015323550476371,-2.3686704151846496,0.0351140970555397,1.169214191308584,0.1618503099140783,-0.7733336038612368,0,test
4.6184375340180885,4.438755926748173,4.357902146144597,6.1832045608487265,-1.726971027933948,0.1799171515366834,0.3800351527351837,0.0826556794699577,-0.9725917922693172,0.6104616941751483,-1.3691354040895796,-0.7378050990417522,0.2678659151770317,-0.7829331819390023,-0.7390576930923267,0.8376783035335255,0.5139706381383696,-0.719713450625684,-0.9781123146148304,-0.0329165008978698,-0.2122530072028955,0.1143649474625518,1.0850699073681624,-1.4660428353386077,0,test
2.276961141047799,3.1716352437832587,1.797678611795773,3.5428388131416364,1.7863632586453455,0.0614011169836776,-1.08493496668754,1.7335751401684338,-1.939358688033227,-0.2396872061120768,0.6938027338348585,0.0580048698552035,-0.2967468949094524,1.0670072187154165,0.6168762042790572,0.7583076270231314,0.1287330979176106,-1.453608853028553,0.2906287097258348,0.4780835365958081,-0.0860317494992563,0.2138022662023459,-0.7411199186619856,0.6437136910646513,0,test
-0.24349444307959445,8.0493584095921,2.472888424906941,4.185808497101887,1.182653257099141,-1.2456104608549314,0.9010314014917834,-0.0927592298874454,-0.777811304879543,-0.5021017062626734,-0.3405070788331724,-0.5967445631578989,-0.6826951931153875,0.6508121990481858,1.0877474684169444,-0.4767479738527052,1.4712524205720707,-0.3330094498884693,0.2623396067146747,1.6811326693052897,0.0911044323116996,-0.8303496919756643,-0.0884698767702688,-0.1484439633260458,0,test
7.48890197743853,2.8849504578070353,9.878501912361703,4.320639469731107,-1.129775316594913,0.9125352407796468,0.6965050512383212,1.460968011524545,1.9547289458214336,0.0529335812771572,0.181846896805678,1.8791655851799511,-1.867517371668797,-1.0660047078037276,1.3834835219858004,0.0637200938185875,0.1677720711533683,-0.1276372986054826,-0.1929681557740816,0.2586287676215542,-1.1395058760656087,-1.4485101696443932,3.674423061767796,2.0082083253093534,1,test
8.183700145751965,9.494415656374775,4.076835088582633,7.316716406403883,1.1274498652611225,1.6327013591003814,0.4591283711764961,3.2596388640533456,-1.2634072244172505,0.9509452460246874,1.1752491977421424,1.2517118116974393,-0.6339015070198034,1.0530635323276727,-0.7372211536088417,-0.1084403009288189,0.8366833292893742,0.7061234416037127,-0.508607174644104,-0.2197500781926091,-2.1708843683896735,-0.1524973158074134,-0.6861526369010027,-0.7925379152480494,0,test
8.926981804587946,1.512589860788587,3.1619184083310037,4.108216904828378,0.0741867095759027,0.8261932756406848,0.1315383962895453,-1.96818216594105,-1.4149861899436784,-2.0147523674547108,-1.114736577690493,1.00670678622029,1.370647215238802,1.4782226713443394,1.0086756388185771,-0.3663717354035409,-2.437608637622718,3.4448248819663942,-0.5271569256795734,-0.3431203067046464,-0.6279765006625073,1.2726446434268532,-0.3000220880843768,-0.1920404057975658,0,test
5.386698281828593,6.57649466711875,4.229685589592522,6.560630963314592,-0.3127464621327287,0.5410104976395038,-0.3621055482279459,-0.3053257501017788,0.7472362593002583,0.5518896090916424,0.7204207422332722,-1.5558280317944206,-1.6860609732889162,-0.4401876408439453,-0.1560158696414793,0.0497334544894361,0.704195229715474,-0.1624401118510233,0.6479243750144862,-1.418756584060041,0.7205969053399055,-0.1562430288303207,-0.8068480114483958,1.4680761700395468,1,test
3.480832162852279,9.842007763465952,4.319624554732627,0.7576303822414974,-0.0859246803652178,-0.268180864374347,-1.2056985219943148,-0.6332604418554569,0.8771086419384613,0.326308151091521,-0.4281930295169246,1.0989717067467086,0.0887196549816363,0.6823730064058892,0.0608300983660524,0.3105324613210362,-2.3628278554811986,-0.3420843034708398,0.1198431891990505,-0.1702365860263855,0.3440213580589633,0.6511562681774239,0.6771972880772745,1.5143720438942996,0,test
4.572639391490821,2.480499852253451,10.112266811769306,6.873348332561406,0.4228284856310273,-0.1017828891703738,-0.0358925198651774,-0.9150464038727332,0.8026487961887999,-0.114152145802066,-0.724350539668001,-0.8408863377451543,1.1336960445975677,0.4965152226040942,1.5391574651592128,0.9732424566472628,0.6870726952157298,-2.0026169531149787,-1.8774537515522096,-0.2203567115718074,-2.0349310247740835,0.3473433819909112,-0.4453337643400431,0.3680339810573079,0,test
9.070492459009337,7.952654599401358,0.5091670166381992,6.117859626680836,2.0607051311839584,-0.6270919090787545,-0.3025530590869721,-0.3598388194857587,-1.6399740763847643,-0.4044381356594879,-0.0217697325488192,-0.5605322974755202,1.0041003318483916,-0.9198120930620832,-0.2764945706052862,0.5942034083461081,-0.3507968945893895,-0.3429102080347565,1.279996605741207,0.6173314498411654,1.066494070061843,0.1051281855355574,-0.9427156493644876,-0.0117678541822228,0,test
7.995538608131955,9.078607638387918,1.9047066488338207,10.468217271263281,0.3560935129108549,1.3366745191614184,-0.051148384156652,1.094930551311537,2.6851633067860288,0.3962910728519547,0.573371795360481,0.3283315123657627,-0.5712604916013128,0.1195640631805006,-0.6923334772649666,0.8931098984082642,-0.7212871042941633,0.3399067326432999,0.5408731354380798,-0.1144069260620983,-1.099478292245648,-1.0194566292753062,0.2059173896528541,-1.1317249354408372,1,test
7.253252009425511,10.298169478441924,4.003565521452444,6.358720096133044,-0.5128413275360713,0.1278480930273192,-0.9811704286103504,-0.9062721783776814,-2.587518307232858,0.316157658333273,-1.2120709852169187,-0.78383416141663,-0.6719335734130709,-0.4654150581547542,-0.5437380574288941,-0.1354649807853573,-2.024608014216728,0.8219984540328206,1.6271583727265648,1.725723940799493,-0.2984117803824517,0.4193241839035416,1.0413321538038127,-0.8271851407334375,1,test
9.8874003911525,0.90500010905612,1.611186245479003,7.079444599520213,-0.7960190638221908,0.1521417921644018,-0.4674866352131244,0.9003187116869728,1.236297878667702,0.3403024346789737,0.980937657613721,-3.3046274911453217,0.1453586234791302,0.4701263635534768,0.5267309577887102,0.3517370278654749,0.3884823442662246,0.0246829878171922,0.676480700778173,-1.376889668495862,-1.1452962952771744,2.3319862976132852,-0.3421196639134682,0.1306612732945533,1,test
7.486917775164643,0.06548226439523452,4.390504092143908,5.835832978553629,-0.0457859458412769,-1.3424812234231485,2.091765225161932,0.4000284199769324,-0.7976076100427472,0.3161982234873807,-1.7303708444854151,-1.585994366237558,0.3173796586823348,0.2171139356271657,1.000443555522679,-1.1221660947210452,1.213753599076904,-0.9585200339902334,0.8148557090838437,-0.1645976315329982,1.1063003773819065,1.2490993465875448,1.2828112876706632,-0.6035044505130026,0,test
8.71855261273375,2.256362487864774,7.578285824181741,5.316769046401189,1.6102872218427229,0.4760466699460929,0.8086093293161066,-1.163700834376502,-0.2364163155252915,0.8507424298254994,-0.1238857001068655,0.4320346181420199,0.7728884546984641,-0.6617970750364129,0.947130804980646,-2.0221395108535827,0.23508559081204,0.8510759313836445,-0.9391990463899476,-0.2272856345627171,-0.2931654825259711,1.1947828525065465,1.187190267661521,-0.8364007580062999,1,test
3.532466184269266,-0.13721080971405875,1.7007659026170285,5.483481391638176,-1.009321111009797,-1.1657279941424223,0.8440377380835435,0.1759323912836554,-2.606331098586775,-0.5202478054068018,0.3132669270621722,0.931861310945184,0.0001511746808758,-1.277247307581865,0.198615614142517,0.9048970950820524,-0.264557919632033,0.5481072472644796,-0.2601488975469996,0.2459504508460224,0.9607892196092944,0.6513177492847841,0.2664639861604734,0.9955034112738942,0,test
3.9158790505316032,10.207479726181228,8.49386787773708,8.048432655811151,-1.1227900189587343,-1.3170958381471312,0.1734075262279936,0.0996263826152324,2.20853326725688,0.3577190113531686,0.6532900570261773,-0.1261819160731908,-1.0217163407317655,-1.476668278139555,-0.8701893031977174,0.3876001238485876,0.4871468250293278,-1.6516169691333735,-0.5981912773057305,0.5224542822022065,0.2711296963637922,-0.1512653847677509,0.3395704408751027,1.4933014901103543,1,test
9.93795864248841,9.555979951406837,1.9025756635000397,2.880623469168435,-0.7921618147287879,0.5044781978213386,0.4774996064634252,-0.5218907259184139,0.9424196577758284,-1.3656324529494803,-0.2482336041413934,0.4843027597184509,-0.0839984539814888,0.6248273669839536,-1.6356182554665653,-0.7110601966227592,2.1148458070179705,0.4362303563206764,-0.4504567465665111,0.2038067699205895,-0.8498719077024814,2.0395544131025147,0.4530065410484852,0.1012415236327095,0,test
