A,Spur_shortcut,B,C,D,E,label,split
-1.1575496471201177,-0.5620592185490901,-0.8601283912441794,-0.6772118952854014,-0.6657223692723884,0.2385446358309148,1,train
0.2897558023277514,0.74121818065881,0.27006747253634306,0.12137227748440346,0.5637071468296921,0.5763879938151022,1,train
0.7808540692250985,0.9099609656763561,1.0797761637039607,1.4698701723182352,1.3314389026346876,2.478988213981154,1,train
0.5439736447085796,0.9307708215073399,1.355905089421476,2.188525695179722,3.5884198383486163,4.102869978678098,1,train
-0.9613826412454365,-0.8585645878026728,-0.5614550550813963,-0.3339441968719414,-0.25092841120325926,-0.8475205672613839,0,train
1.071008665601581,0.9130743812448425,0.8046149967649956,0.9507596438247528,1.1464436758291698,1.4761990391881832,1,train
0.7014556601104507,0.8703803537283004,0.6220951173476659,1.203566163302777,1.4075879533402693,1.9714480252036504,1,train
0.7049734550988194,1.2465446670705589,0.8534714459747872,0.6848499931082026,0.04604543041985343,-0.6753723903234871,0,train
0.7450626026618294,1.2994887315561314,0.794577206654526,0.6935370472330222,0.35922790362672663,-0.020105668548656808,1,train
1.1043472383723143,1.2012588956088628,1.3511304284396048,1.9416131971018469,3.0048491829950983,2.6492532307840797,1,train
2.242972395734681,1.4474382147547469,3.0833962903176433,3.818886665848256,4.785347729947126,5.945841508476474,1,train
-0.6114931227230745,-0.7967521597762951,-0.4284960403941497,-0.9063860794356022,-1.3564776809662393,-1.40585135460103,0,train
0.04721118309074067,-0.9846864091824026,0.3282611221743776,0.43989270953702103,1.2716549166622546,1.5111420855177982,1,train
1.7542346824437531,2.0516826866356324,2.5149893643345242,3.129466632460428,3.5678922595892413,4.258650959593606,1,train
-1.3379798662995022,-1.2134305593243735,-2.0487911165560404,-3.3590429369927635,-4.560056808986478,-5.724126360178304,0,train
0.3255744688871539,0.8862002370025412,0.20920524504773902,0.5420219039551286,0.357636905018968,0.971027619879495,1,train
-0.6891177159876936,-0.021673743496619324,-0.3016860806593413,-0.6333305833391621,-0.9818310142366117,-0.9157471317326948,0,train
-0.019821809991921974,-0.07904263845282056,-0.40342246035013735,-1.2867637769029396,-1.6480416498933776,-1.77109456757682,0,train
0.4747532459975647,0.7312939436833843,0.06703956394659805,-0.15995880752366085,0.6393565657709479,0.8522711255128463,1,train
-1.9311014161570534,-1.7441011562950282,-2.491498837240411,-3.031132043700852,-3.6648546751942908,-4.356664811466106,0,train
-0.992478278066638,-1.5181093610497554,-1.6509226456252437,-1.5353257993433334,-1.3640969224708157,-1.7693252704966476,0,train
-1.4054710825938028,-1.0598572683307912,-1.8421944485183286,-2.6745881951235697,-3.428983806533321,-3.6675378092435515,0,train
-0.23109550849022736,-0.1086380540995144,0.21532568481060005,-0.2302230413182066,-0.3165953386138538,-0.6248947028191704,0,train
-0.6888470849596248,-0.5138995390979151,-0.7769502411496876,-0.7958031329744905,-0.49099406456941963,-0.26343956069555374,0,train
1.5151057798585295,2.0888213407736265,1.834204649766616,1.53455157416176,1.389640305084474,1.779657332351476,1,train
-0.6031715465509421,-0.9354421799718835,-1.117846749988694,-0.47170383105170677,-0.6613686178404083,-1.1035783268126669,0,train
1.7136844875562847,0.8893931783270638,1.5197250068367163,1.5775772064251388,2.1140110978288758,2.272197513662763,1,train
-0.40624919079488403,0.054484905668358896,0.0004744287214035192,0.24204922144827717,0.055701571691431945,-0.37038194112509515,0,train
0.2714095207976621,0.7845979934741161,-0.4589724927732077,-0.6295830826451576,-0.391246489582016,0.06920985180215194,0,train
0.0398402000868698,0.3268567174807483,-0.3916680080173125,-0.1744625988069773,-0.44815059430009485,-1.242304092821643,0,train
0.011518318252040626,0.0756934002558793,0.6802405293472997,0.698922458718878,-0.18994291397938334,0.42527310378327554,1,train
-1.127178008332383,-0.8685937625792054,-1.3580647760723148,-1.8266437564905622,-1.8876185701311121,-2.700662035186792,0,train
0.3347129753783593,0.42682366791283666,-0.08088771081846002,-0.29199401926657204,-0.3209268140167822,-0.6649171096389012,0,train
0.3838915485647446,0.42207308709758873,0.9865037533512353,1.819022969623695,2.713339405167011,3.1348216876906707,1,train
0.23783551398709574,0.10547718023171078,0.1407258922978441,0.368226116344325,0.975978391863213,1.1274649496858875,1,train
0.6214116743600673,1.1100530571898062,0.7749066682941727,0.8147314662320312,0.7776215843715073,0.6042523058547906,1,train
-0.8192455465198243,-0.9548162378080756,-0.5297513917473465,-0.618386523774549,-0.4027408785986788,-0.9135358436398402,0,train
-0.2975792055303953,-0.8184203782787657,-0.578032879475057,-0.2759477831770462,-0.13068703781333382,-0.655061808369715,0,train
-0.6615627047052898,-0.5682746702917064,-1.566442107023637,-1.4495617249751367,-1.6016972331463666,-1.8787140056493676,0,train
-1.7041703253027702,-1.8234814411657676,-2.0198303482632336,-2.659342779117934,-4.086202405353904,-4.4313460475131325,0,train
0.36753632089104854,-0.04752474612289237,1.0341493313698369,0.7250992873058114,0.9334227465836883,1.1941596702419561,1,train
-0.6354887933396248,-0.3083050695693705,-0.5900675013402664,-0.4097798629550775,-0.5200873500619034,-0.5780409341452508,0,train
-0.07772050691944417,-0.5629561902879867,0.09126167732365895,0.37525817454529325,-0.18157499510648584,0.23558395511811683,1,train
2.249767837979912,1.6119715669473307,2.373113735264021,3.0990128573710125,4.343198713996313,5.134667717950316,1,train
0.23031052894935639,-0.04642582616515395,0.4021738265547684,1.0193034847122546,1.1397844185635955,1.4572203700855886,1,train
0.10741590014418691,-0.278006314052961,0.8203547068511371,0.6577127957378881,-0.041789339609392684,-0.6882898025260613,0,train
1.073945782233389,0.7904722736123175,1.8211533948114318,2.221468874627306,2.7299795810591228,3.571260005554538,1,train
1.2463539133011066,0.977327851830455,1.4594786057758946,1.8719018301749335,2.0258349016303225,3.450195186008586,1,train
1.8128926970985009,1.0871872170225831,2.655738915880934,3.245545370109122,3.3412528123698277,3.2828786536916996,1,train
-0.5214839732612805,-1.053913548452182,-0.7153732142087083,-1.2456409201140557,-0.9151306725716201,-1.4935918621183122,0,train
1.79593494193053,2.512080401453573,2.7723057293220927,3.8037313784063436,3.907006838725364,4.606613001156473,1,train
-0.1313577981482964,-0.027461028457265793,-0.6794148746311264,-0.41376864904089783,-0.46812103280613004,-1.181242591851433,0,train
-1.1582267930006607,-1.2135227178573644,-1.320040325786489,-1.382661009315915,-1.5666823391718685,-1.3909279903961347,0,train
-0.9288913163533531,-0.6077333071851755,-2.0298765571790574,-2.2603216860380955,-2.337793879679738,-3.1443304604194062,0,train
1.1078468780243202,1.0899305674282573,1.2127376118235054,1.4904731313682271,2.6925431900556958,3.5814426521899025,1,train
0.7625415633178573,0.7481151143557276,2.197911458530177,2.057317353733491,2.051926493943148,2.24146267057633,1,train
1.2825238485307555,0.9980091954856414,1.4617247625726542,1.5701511332377824,1.9804713120897155,2.088174192589411,1,train
-0.9218244626383227,-0.9422171702726058,-0.475258236439945,-1.0407460715691044,-1.0589122154834034,-1.439105129382707,0,train
-0.33978995341316276,-0.4954578463411932,-0.17633664795765924,0.1383219883235811,0.7299126466209395,0.19642524655354487,0,train
-1.1977171150486927,-0.3506204014853572,-0.7969041967311588,-1.3595067062802475,-1.6199276195090402,-1.7101591985679385,0,train
-1.9755857390181082,-1.9044606046605668,-2.557254908886812,-3.437765062528209,-4.216610821023257,-5.006335500784978,0,train
-0.018063475670969564,0.18100577686760805,-0.20280301755515137,0.2758599585130362,0.027493502063547393,-0.12361426087623859,0,train
1.58269462442545,1.650189193656736,1.874928853047755,2.011602222346686,2.702971475778165,3.166284383416441,1,train
1.112087125079714,0.20778834106072896,1.3801181090076142,2.04072168780707,2.4521726019866366,2.865650224171682,1,train
-0.7771852726914085,-0.21096780416140765,-0.9065794790564586,-1.469228963390477,-2.222263756673564,-2.754395523744245,0,train
1.1674697823227693,1.1544135219965261,1.6182020951067242,2.6391057677663596,3.0894627056946082,4.220769264835405,1,train
-0.5767782426282639,-1.2828490778036836,-1.0107667818657895,-0.814189286008151,-0.4897918951750776,-0.29297900733419713,0,train
0.3121118125102881,0.9190702805194153,0.6389326269088946,0.4475943053596904,0.14082575829233712,0.7633735165245046,1,train
0.8269891880975326,1.163613528274484,1.5350732128791789,0.9670024471386989,0.9196675056681357,0.7078942167432645,1,train
-0.4075856277256397,-0.2389686217103771,-0.8215008658951211,-0.5656251756272729,-1.0581826466505313,-0.9590455308444752,0,train
-0.884637432295206,-1.0727941815140325,-1.4571428591961624,-1.6756871738169563,-1.3691317271573724,-1.7103721686684896,0,train
0.6496126515026776,0.19842034155283172,1.1211153015869884,0.8278987368622632,0.5445258772989466,0.35800974167720084,1,train
-0.17720307799839538,-0.2270218022237007,-0.13163010230573147,0.48563651739780955,0.591123249011085,0.2656076842354395,1,train
-0.5518358586639175,-0.6922894972916955,-0.29275792824365887,-0.3875754312928549,-1.057833970938972,-1.1626535852446382,0,train
0.6342960889875352,1.0011372702007957,0.35152833544403606,0.605332827113116,0.48783510668356184,0.6530682686352566,1,train
-0.2149706802314874,0.07971563415271579,-0.40940782309100465,0.11030134908803296,0.4010139055765375,0.8524497820745917,1,train
0.3828658040818876,0.8127783041091217,0.6555457447836712,1.8665427236106935,3.4563499651006597,4.3903861269022775,1,train
-0.9656088638585673,-0.781504443190067,-1.4030454246722417,-2.4353257068862315,-2.6134066955316406,-3.12405421002603,0,train
0.724027224053564,0.5867530507002272,0.9958398930227018,1.8163038985399527,1.7220241955812225,2.534674208215165,1,train
-0.9466653750721706,-0.9529745702641459,-1.0964762981209857,-1.5728858652037465,-1.9070224922602883,-1.0772384650136893,0,train
-0.3856520296098386,-0.4685966577955514,-0.7763181042462686,-0.5763055731589504,-1.1444293610980012,-0.6518013143393164,0,train
-1.8716390033358696,-1.7533599484884062,-2.364403114842223,-3.4547219690640576,-4.513061091994638,-5.5888550170408875,0,train
1.1589795459602665,1.1907990848817749,1.019675262887877,0.5971832344889093,0.49020292936649856,0.7980863873186606,1,train
0.09363187524630702,0.17586576739731197,-0.37692662127279186,-0.7057653678187561,-0.4175151061556477,-0.3155832287665643,0,train
0.4627701676499536,0.41171374267225663,0.28783739804775726,0.07976246719245328,0.8002733445360173,-0.25496593557692526,0,train
-1.7025417241717429,-0.4850456669951646,-1.4142669194085045,-2.1384480764143303,-2.82035512813331,-3.292332813263547,0,train
0.1535429545953607,0.18990765632633172,0.16315878653369387,0.19544215345019647,-0.18305184196608487,-0.25149531950730203,0,train
-0.3943794828541882,-0.20944810657283092,-0.33054792496811947,-0.47779652576954973,-0.7568806050846874,-0.7477751179206644,0,train
1.197030399774897,0.9889156679416046,1.2138288162024384,1.4127450728578346,1.986330965415092,2.2054961080253785,1,train
-1.5705031920379224,-0.979363195209837,-2.051978766586841,-2.2043001435960536,-2.065658367653371,-2.680832961178632,0,train
0.3528595220090029,0.692234130692159,0.43507801015153225,0.7005701015301102,0.4069601286351341,-0.016825851910770406,0,train
1.055577236791265,0.9937563895249816,0.5291042238098684,0.4219675551908425,0.5907749744776559,0.10047944005353282,0,train
-1.1923200278477104,-0.6222579645866897,-2.038852530462448,-2.6112137512780857,-3.3125438221533905,-3.8079190908524296,0,train
0.10912383258749464,0.37316260356185404,-0.30974233604602974,-0.23404098329888642,-0.41550672029563707,-0.5255920727778697,0,train
-1.0843440417006334,-1.5331590153265493,-0.7856801054402227,-0.6343490707720123,-1.1019689763443925,-1.1210442795064117,0,train
0.043185601678194706,-0.503624030791455,0.3220283847763639,-0.09081547423366021,0.33281640651042543,0.41056001928838964,1,train
0.3331451434674249,-0.11465898334251534,-0.1194018160137969,-0.8440885278947086,-0.7363873139373169,-1.4199180140426677,0,train
1.3169498557993853,1.2381138036798254,1.2941160653280463,2.031077522986549,2.66205599276154,3.4076142829197904,1,train
0.16816169119766936,-0.17648139368833232,0.45644698852893384,0.10004100703483237,-0.38051061830188754,-0.3664777616400481,0,train
-0.6896328682143948,-1.3154769789894427,-0.9594125386682618,-1.9333788013430995,-2.8691158237162457,-3.2997697122916207,0,train
0.5758953762486562,0.24458082405879866,1.4050017711511744,1.9162135275425427,1.9205508057211083,2.517830301183019,1,train
0.0025575524501651745,-0.021265701065384,0.18225029020520522,0.2838971560722111,0.6924494918776143,1.0071045993213845,1,train
1.080166561386725,0.9261937969666045,1.1821058444480717,0.9352916488732907,0.9091944169720408,1.7161455579059393,1,train
-0.6049620464346408,-0.4965933927817714,-0.5870217283557451,-0.8363561982866885,-0.7749707561819033,-1.4258547903951602,0,train
1.3366979708295137,1.119020096650169,1.9922290198161168,2.7788648262002504,3.2313240019559806,3.9813817743292805,1,train
0.1689050655694119,0.2164634736590752,0.35339922606451957,0.3277187887949208,0.10614015871491134,-0.3179845048517435,0,train
0.24266027265900705,0.11839434999174961,0.12062896953993682,0.2823563007044917,0.6113226417385608,0.9048611510446516,1,train
1.003804126619681,0.5450993280513177,1.6407988785213892,1.7395616316990452,2.5173929185573956,2.466196914685388,1,train
-0.5297610891292721,-1.0705911118968745,-0.19439972884958717,-0.11261148871533433,0.18376244048364443,0.16955006233428238,1,train
-0.5108181849489463,-0.5040754537077119,-0.5056301135286254,-0.7606358574842663,-0.9856159016509919,-1.8036697493151994,0,train
0.5080226831364685,0.6695115329690084,1.0471439815017574,1.343149493666334,1.8543113227494903,2.5245263526934507,1,train
-0.08392199488203618,-0.35907462510926935,0.3417610222666447,0.17475475870314103,0.40100214803796047,0.14366300078820649,1,train
0.047002185482558356,-0.21929695764863325,0.3721121912316633,1.0623080321908158,1.6244761556611553,2.057892820152712,1,train
-0.404907991913975,-0.03441499184246105,-1.0000294613420815,-1.057150914115597,-0.6546420406382274,-0.8143190481319349,0,train
-0.3077206943315514,0.4442117496976283,-1.0280174343218396,-1.001729219360638,-0.01363317683433296,-0.9139362655804799,0,train
0.8625477354573495,1.3816047824433857,1.1138018158896423,0.9228723068271472,1.1652597380445406,1.5826292848685066,1,train
1.9608311803783194,1.5090490740663052,2.660100627917243,3.2419450205914737,3.8142411142682295,4.769601434774016,1,train
-1.3796848126106438,-1.5739722693219842,-1.6589959172031166,-2.11494025808355,-1.826471638695343,-2.672338215065654,0,train
1.5147025347652128,1.2248843348194112,1.4629753313997729,2.2391192261868262,2.379620919800047,2.3038195547000675,1,train
0.7389619000887426,0.7196674193841383,1.0409193122677305,1.3232226376683978,1.8846528366652193,1.6493271923033164,1,train
1.2056298927766278,1.205972213295224,1.0642182710413854,1.4805689287944563,2.0370214683429526,2.0116954691637705,1,train
0.17887401383500673,-0.6499342565930679,-0.08380027409366325,-0.049625095271852424,-0.0239767888396651,-0.2928682108638529,0,train
-0.7349621447341009,-0.13495749711343374,-0.8716218115662685,-2.103598765882296,-2.633677439996256,-3.7108150972294656,0,train
-0.2007357676071682,0.17320795602652198,0.04553957739351494,0.1259801450868553,0.0008947022959570339,0.41338243633711846,1,train
-0.9277535477293546,-1.0450484560280071,-0.8256681474679617,-0.4017147632928255,-1.1064673586488143,-1.3889245169754847,0,train
-1.6716738860086928,-1.296005054714378,-2.106087845619077,-2.8418285426615224,-3.941792635297477,-5.152079261175256,0,train
-0.0779788284290911,-0.3680650947363182,-0.09488017981269449,-0.09606474445684114,0.17503004695965685,-0.6148530886549637,0,train
0.2590676447036815,0.18792234931001442,0.9238823713247617,1.1817093258923554,1.714288609167802,1.9835881967954252,1,train
-0.2812449109239977,0.35886153721494773,-1.0576095168671764,-1.4283986644256046,-2.246067907518796,-2.8040142323995703,0,train
0.1896810296220114,-0.41007940515489366,0.3418127453533811,0.7871578014491935,0.6874509886513444,1.1507052854354556,1,train
-1.5477797679713348,-1.6412707927389694,-1.595702505062987,-1.759018006684595,-2.3540205490994315,-3.406737709539002,0,train
1.0560329586319908,0.7244766815109088,1.67562138257688,2.487883028576089,2.474726607428796,2.7300711730725706,1,train
-0.15851646572936015,-0.30012250601989654,-0.13865925005483803,-0.639147145138234,-0.23823523867918917,0.3555248472641106,1,train
0.040536102804263355,0.14337975270066858,-0.09282388479489896,-0.10763513253678952,0.25107735001677045,0.08501154102201294,1,train
0.7152469874528278,0.5813798887550652,1.4601238353921944,2.4806731211624697,2.8400181729476452,3.2881237338262803,1,train
-0.5643146452071742,0.25427436858451735,-0.7711094789838466,-1.4309253039069538,-2.103943995488545,-2.1435841591735314,0,train
2.594755183596561,1.9316943058962628,3.144264069226857,3.758124470835716,4.179181955122762,5.173061377270176,1,train
1.2485765864232947,1.4386532190695314,2.241969870560075,2.734924850629345,3.5964100277084237,3.905322670429576,1,train
1.2317923757751692,0.932212681349463,1.6381620020529082,1.9254294177325473,2.431362936296191,3.0386175829902977,1,train
0.15138516298069057,0.29144195705063614,0.10373027977790641,0.5850850388056691,0.35265761802993584,-0.1860099141201193,1,train
-0.7109925167043428,-0.7154056876832798,-1.04634121240693,-1.564798939655902,-1.7676865287179242,-2.586753167427669,0,train
0.5003729288274337,0.3003401156047425,0.9484466698697855,0.7055554323761928,0.6444996239934337,0.6149987524598315,1,train
-0.7287592719084383,-0.9282197068739269,-1.6976237318827827,-1.381008080190791,-0.9692283328961986,-0.8283642123693525,0,train
0.23330814840640762,0.07501901251988502,0.07908042976451973,0.2759680658910821,0.5110775226085431,0.5650158465800107,0,train
0.2349660667562878,-0.25211533065091135,0.2968682705926003,0.038836585199703955,0.09656427804387513,0.3231691071386781,1,train
1.235394485531693,0.831387261466664,1.5788412081288619,1.9330862110852007,2.511924071442239,3.052850522676117,1,train
0.4410245646383956,-0.597104732128038,-0.28517619700455776,-0.5137723381802404,-0.8709007763351675,-1.0602733275747838,0,train
0.14933130553133686,-0.014067854776586591,0.007940677689681902,0.025027418531733778,0.06150257673338559,0.1526723253712518,1,train
1.3873181461217723,0.8465116470485796,1.8414674020301727,2.2179077738957154,2.501963715113362,2.998276801169571,1,train
-0.11590612787421442,-0.24968983011391502,-0.5537707836763875,-0.09498862452940571,-0.07606954038017276,0.27961343375193304,1,train
-0.5318026574583837,-0.8640413605259832,-0.9738742743296382,-0.8697068585419718,-1.4460497769658849,-1.6915448827635893,0,train
-0.5103151507045721,-0.021175381190572717,-1.2621388404219387,-0.9676559839982012,-1.3754818428869162,-1.2997101866116916,0,train
1.4577835526182692,1.2149428365759383,2.253363349397219,2.939611788394968,3.248980011302299,3.9509313061183335,1,train
0.03187799334267264,-0.04738639894127743,0.5859638205309606,0.5862206806551777,0.9868488378089435,0.30852914759879657,0,train
-0.5736720653441684,0.0051473013458188666,-0.14252212157747834,0.08621296212420937,0.08829385942180074,-0.04068918354874056,0,train
-1.9574592204461556,-2.215813458038317,-2.624083814608954,-3.164140570058896,-4.018398335335954,-4.699169867352342,0,train
-1.0435293281442721,-0.8842152341033213,-1.218061445732922,-1.0758569454384863,-2.180066101175024,-2.6268580467175884,0,train
0.31265747211369316,-0.3059793071891144,0.6060885892757186,0.808573841828895,0.07228998320983271,0.20857418288873888,1,train
0.5857312721175512,0.1511597072700726,1.2577773869498152,1.1125279844533333,1.8910562042365813,2.1426578239543845,1,train
1.6640738019483565,1.1558589658076344,1.6570049715381159,1.9352640748499041,2.3946439169571563,2.4011408757795643,1,train
-0.6963099636210295,0.1329444830268609,-0.44022272195855394,-1.2999029849769679,-2.0786859201805887,-1.829294241450004,0,train
0.4982663579123427,0.1365475067392074,0.7817569627673626,1.748948192966234,2.3903927278675883,2.3888144299469753,1,train
1.2959576456121986,1.483302332262395,1.952025355920755,2.968804571704519,3.060646092787837,4.201855853979762,1,train
-2.2856700230673956,-1.82252460938957,-2.3819972656466226,-3.119147385863671,-4.173932797261682,-4.9844420414255755,0,train
2.31118968924016,2.702639255111047,2.596164669881643,2.6470296195520837,2.957010073652156,2.921643915267196,1,train
-1.135707501586188,-1.1153892710328999,-1.1910502650537411,-0.8277975517178635,-1.5490500216833145,-1.560883850933396,0,train
-1.1366292483848335,-1.5818886562462495,-1.5380960723769443,-2.2452531765330996,-2.7373085779161648,-3.9696595005505855,0,train
0.9337901219028155,0.3435541669363123,0.5708517740210959,0.9342009205197535,0.854009933780547,0.9886313314995611,1,train
0.4140804811516578,1.016702367798719,0.6000623926121756,1.6940220822474388,1.6513070934284637,1.688536985590628,1,train
1.2155129684623842,1.384645550283991,0.7928710558202902,1.0122357544915683,1.4565397356036052,1.083294125370116,1,train
0.6510567867059659,1.250259016617562,1.3869871038877815,1.9145830252026068,1.755976774508683,2.0926701770288916,1,train
0.3029809376509328,0.9769358072531186,0.674090228765301,1.3001803851119234,1.429947163667233,1.2591526719803923,1,train
-0.12556262269716045,0.058253384334010117,-0.29389948999168175,-0.16782598181129088,-0.6081419102783238,-0.4261857705438292,0,train
-0.7751050753004319,-0.6849358646363516,-0.6756634310461487,-1.143947082866688,-1.1867801530125515,-1.7906275154790763,0,train
0.5898110016929846,0.8064734365508357,0.5877600111657864,0.7558064061075063,1.0723572403279715,0.3610367456350926,0,train
-1.9215031018705904,-2.2658236078898035,-2.2153389497831775,-1.2315586155585407,-1.2104940521331904,-0.9714467387341258,0,train
-0.18392844549066795,-0.2847173616205241,-0.6148381973729098,-0.5597245510647998,-0.7590237706802084,-1.3513886876649495,0,train
0.781036526606944,0.7131124150909315,1.3616075309168494,1.8012403656988274,2.278060307256699,3.051961571959347,1,train
-1.1516870784482252,-0.6851142254527485,-1.8390527427545513,-2.1326925589999837,-2.423617273682089,-3.699084875063884,0,train
0.8419981677220165,0.032293678422264493,0.6935814443949169,0.9285064964496621,0.6086620591454339,0.71675625288095,1,train
0.9808672239847854,0.11174510713343333,2.287279581516561,2.5317945013070857,2.980498572918108,4.173613096734237,1,train
0.0773177225648374,0.5954163425555031,0.4055398876009324,0.5764699056405828,0.8937297146872724,1.2499976711312557,1,train
-0.1518390496650974,0.12860809028928497,-0.4807619964723273,-0.09499157532356844,-0.9194326614613306,-1.482331437245335,0,train
0.554648219436555,0.32566611905903464,0.9971776236099794,0.23246800333430018,0.2130397375005082,-0.647173399581348,0,train
0.6429044234605452,0.363901739535009,0.2722913003109193,0.36839917319549875,0.615799478452071,0.585470503479474,1,train
-0.24940744453356503,-0.2225845847846047,-0.3311583140458942,-0.3222039207784072,-1.1871211563656505,-1.7150024687683707,0,train
2.0621392834874026,1.168984158928907,2.1357360255658886,2.4996372292454336,3.1209827573792386,3.960451130932854,1,train
1.5242091735186916,1.020237086708339,1.5751062056167604,1.738745773541146,1.7788543547590032,2.1692155597376246,1,train
1.0070583735866354,1.3427822464849288,1.2203665708542097,1.3571571264230542,2.581479949373207,2.8320297238020413,1,train
1.400904851706544,1.7018883592301925,1.9256417758885667,2.9593188649504145,3.05175557728162,3.926411437413443,1,train
1.3112756404266694,1.8940862451664637,2.0035701143298517,2.2925833914571445,1.9117898755302463,2.2024595909537847,1,train
-1.3804723804327277,-1.0297317839616866,-1.7246448027741512,-1.9619722306194427,-2.0227545469102304,-1.6122671918702423,0,train
2.5460890757192227,2.824253204562229,2.3798938423313603,2.8931928818723813,3.3523745259322055,3.7392963660089493,1,train
-1.4441113194737296,-1.9177554404488382,-1.6045637378818594,-2.2104501074134957,-2.628408200160039,-3.1429590603668607,0,train
0.2124506359617926,-0.41240132945577623,0.3250706744215912,0.8696687362800782,0.3380564452717425,-0.360541546022285,0,train
-1.1070113583158503,-2.2684589335776066,-0.7820961888589363,-1.3830667851729537,-1.6558259306236498,-1.7877643733398507,0,train
0.6362575971196966,-0.055154655855441215,0.926968087263491,1.5580207215969866,0.8871961540591261,1.0068439403686067,1,train
0.44402064813335296,-0.4162961852617897,1.3334064804906953,2.0579097500395753,2.68677769034396,3.451333411172947,1,train
0.2455849082021826,0.4963871588367712,0.7518165657793487,1.0315321121784227,1.468074555721785,1.2937886371552842,1,train
-2.8720388573550837,-2.2744569064238718,-3.5054620282345637,-4.772185035239716,-6.053162094887066,-7.555569815630913,0,train
0.8080414430960481,0.11094129086879978,1.1892173324953172,2.0716077605316494,2.023575430446649,2.118840636261482,1,train
0.2552745196206369,-0.49334192879553984,0.33711901275079154,0.6315065248519667,1.2857231402131708,1.2557546356240397,1,train
-2.0533409417698922,-1.432505649983472,-1.6637991227496804,-1.6142657663488431,-1.6407576907983075,-2.54786934738521,0,train
1.5151854279224792,1.9256428195207356,1.4400054782159115,2.130111130863574,2.9984558549154174,3.8224445475386766,1,train
-0.14998307923642293,-0.6745710502335844,-0.22956576058129327,-0.42212636145572624,-0.7578801821400964,-1.3349461641667497,0,train
-0.7576223800933466,-0.5760172764041777,-0.6218507684612771,-0.8147084971928443,-0.8092462483669074,-1.042355071511499,0,train
0.4350878853543484,1.0129598479736173,0.10991039414634074,-0.5922827936622196,-0.37285111985218733,0.2645270660342476,1,train
-0.5359627620983807,-0.35744920772978933,-0.23663784657996761,-0.5294677037443528,-1.1500381313523063,-1.1962176469632058,0,train
0.3949482294207358,1.036544608914794,-0.15046285165509676,-0.11511330390915553,0.022880178948293278,0.057299379020860935,1,train
-0.3617366695293751,-0.28831085338651996,0.06053448662079586,0.02374836610177767,-0.0926461176587077,-0.3428727093637803,1,train
-0.8982572816840239,-0.707741560859356,-0.9064769243848559,-1.3977061643117907,-1.6251967631373927,-1.5616440244293777,0,train
-1.1437561334453734,-1.193516824580827,-1.4229076101373521,-1.9810274918209,-1.9017028018057713,-2.4216769797502478,0,train
0.8098888406110565,-0.2088298812100282,0.9843109448479787,1.3213701391752148,1.4943728327603343,3.0385243459604245,1,train
0.10360388794015638,-0.14277883918365514,-0.33655367203473674,-0.1474541862554536,-0.1408300765751455,0.16875303304488531,1,train
-0.7553299231611132,-1.1214042043485297,-0.5246340432437049,-0.414189797815652,-0.31967075182037447,-0.5259875423797962,0,train
-0.582188226164133,-0.06629531494104657,-0.35869095880388147,0.10991881287112687,0.2853454764740113,0.7621213094412347,1,train
-0.8807244353335002,-1.4136037155639651,-1.4974553387040894,-2.2073454038919924,-2.531299901261103,-2.592174301305487,0,train
2.1608602032477067,1.8828221417548145,2.764518406823973,3.871788465602573,5.210717897260535,5.894916542284492,1,train
0.38432174535663133,0.36432072147948324,0.4469925498322414,0.4356739017158867,1.0958456500557676,1.848930437960178,1,train
0.1842090640348623,0.4188456404145061,0.2378618185050117,0.5405590886181106,0.2858236086880384,0.23167462846339903,1,train
1.52861876620751,1.4062803827494026,1.3516298699350902,1.9013621306857589,2.62578329994166,3.1400199951437227,1,train
-0.6467037205710636,0.3268977744496874,-0.03611530751468173,0.16845733873481625,-0.287415268966834,0.1804518079911232,0,train
-1.095906290020348,-0.7605627459029323,-0.8635833541222284,-1.3384087098574868,-1.360587908300185,-2.388262357821965,0,train
-0.5042758906866989,-0.34993732878546446,-0.7959307970727449,-1.1603202301664999,-1.7355810963895801,-1.411003666387456,0,train
0.17313142993373012,0.24867634764907995,0.2583280208770767,0.26558282165855535,0.8451878068457919,0.9076136651555287,1,train
-0.20395984863733216,0.2491174139788223,0.5464567262613131,0.8914888567131661,0.661282648519514,0.36005164088590413,1,train
-0.3460961240586612,-0.9839780271110878,-0.3825352460653562,-0.6089885614005137,-0.5199779697894251,-0.6103382802796635,0,train
0.15153189760315355,-0.1924420837045677,0.16440469934977026,0.13662838256420903,-0.024979497517890775,0.7578574817326854,1,train
-0.44813118678661396,-0.38583149964513463,-0.31513501426206125,0.049049204466560914,-0.28936218680385767,-0.1710692786195421,1,train
-1.1079715139615625,-1.3332978220962959,-1.013761580036897,-1.2236951379933807,-1.240106154334717,-1.374189182937696,0,train
0.7379636948665033,0.721696548508273,0.8783804804321325,1.124164148359364,1.0829440757712585,1.6919422087921179,1,train
-0.28178057657447,-1.0561745612799125,-0.2757872379560856,-0.48039588900545316,-0.04155705655134967,-0.18548518297938293,0,train
-0.3106764540408878,0.5565093225025262,0.06729191536401752,0.21372327980111622,-0.09185430579818149,-0.25046652722872975,0,train
0.49991437197771893,0.5844177267850393,0.42894592515083113,-0.17522581063026688,0.9276787577591928,1.0012286166088948,1,train
0.4012232166924587,0.40551791438664997,0.25400003958580375,0.6455076724586795,1.0232739849815626,0.7567244036130318,1,train
-1.1471134601512487,-1.4737846461989972,-1.353737646118979,-1.7241135999263684,-1.7661200273897162,-1.6354212340251597,0,train
-0.7612727534622215,-0.32899039076866193,-1.7119514160429934,-2.149745053675897,-1.9820442812459547,-2.5023685727529865,0,train
-1.4279347512913203,-0.8748486690970425,-2.144221650070876,-2.3454266005096485,-3.0065424490105976,-3.486687864656783,0,train
-1.2352780242170813,-1.3257691609522062,-1.3301844804742555,-2.0154814511988377,-2.3836448791040707,-2.78325010658311,0,train
0.2784694800884684,0.2250668865000576,-0.010270281111192603,0.555806012312715,1.0736991712868698,1.2784962511763642,1,train
-0.5215377246082451,-1.091886364318313,-0.5206404982730379,0.49616364293670745,0.7059771887153583,0.15006421379992363,0,train
-0.9777958853648708,-0.7739886925294305,-1.3100369148274116,-1.8502464825575873,-1.1982930208767517,-1.4160151538601191,0,train
-1.368178934807107,-1.1981118245940858,-1.666458454164919,-1.49773385639591,-1.9423947079658823,-2.265686817209267,0,train
1.2373968024781696,1.5777044392304718,0.8448999942217387,1.0717503581968353,1.6906125709947764,1.974315200030365,1,train
-0.45495753886612333,-0.1858344360110869,-1.2057497931828438,-1.126014869912558,-1.2942935405268727,-2.152496622759311,0,train
0.1983013799533958,0.7124332472972168,-0.44666377146099556,-0.5154519195355003,-0.9619189703631321,-0.9662227124886111,0,train
-0.11823673872644354,-0.16374942307218443,0.3240979803002585,0.48380041517289774,0.3125522077027817,-0.3765547061687376,0,train
-0.9936522301823698,-0.7985273246482941,-1.3658922378883998,-1.7967780753797526,-2.609175321303759,-2.888309496081424,0,train
0.393721130545113,0.2841091048359216,0.5277777064581347,0.26835362846667776,0.1474702728178954,0.07552715474020297,1,train
0.08513192450205617,0.08783710442946219,0.38700326033272975,0.41826708107195637,0.21418705831291002,0.4475937145737122,1,train
1.2715148096101219,0.8678353721529074,1.8531877026281072,2.2005761172781675,2.7283091928691245,3.1035917654982805,1,train
0.5549835314343522,0.4582507784390275,0.40045958052774655,0.7721883583026354,1.283548289294951,2.5980785163082447,1,train
-1.302640923523376,-1.4214326744300554,-2.2436351392070084,-3.0486450148777333,-4.243353243460809,-4.876499454632692,0,train
-0.1759837637520297,0.321949843512119,-0.5268161270806766,-1.2761915491699907,-1.8973930101176568,-2.5392399790233724,0,train
-0.16094433727481247,0.03223231604000479,-0.31019716156381816,-0.6316455669732066,-1.4362317111654268,-1.5395734596000694,0,train
-0.1270966031361393,-0.03551161266218257,-0.3586421262055447,-0.8495597232317449,-1.16873729474207,-1.922006730392721,0,train
-1.2991950740314746,-1.3384854416944225,-1.6453970931676696,-1.8539414350427232,-2.1143759817111616,-3.033927917702936,0,train
-1.7367129176260836,-1.1040833733951265,-2.901719987728686,-2.9631913139416506,-3.882484505536601,-4.022030932479646,0,train
-0.18415832127539483,-0.10977176894780594,-0.5302893740949605,-1.019197542847375,-1.8935283967321084,-2.6119292633218025,0,train
0.29536930014312857,0.5037056172513261,-0.16321766533546667,-0.35984189326064336,-0.35893609441037355,-0.6746071127194433,0,train
-1.2521250753787494,-1.3263922619011537,-1.1152881320424313,-1.4711116495812966,-1.6991594305289288,-1.4785694265330527,0,train
1.8141868948148223,1.7713039359384204,1.7355230385143732,1.5470868020194097,0.9729342609052993,1.0085244016105728,1,train
0.6064259286943515,0.2558753497122931,-0.060832233942117564,-0.32713937111676195,-0.876548756603919,-1.2443842929235482,0,train
-0.5421413208079514,-0.7639317171760633,-0.5410076611727738,-0.7421142965313718,-0.3475486800475943,-0.4064078094534018,0,train
2.0059153562523626,1.5662902932335214,2.9016281450963373,3.4818139215466264,4.362718297378209,5.115868093036029,1,train
-1.5788865803365257,-0.6983270562153138,-1.5723192177179182,-1.575050330667593,-2.1075013112677885,-2.76436661199034,0,train
-1.0666810697500033,-0.9028174310433874,-0.9908205341423186,-1.3044456587565165,-1.9673248217205628,-2.3038462249727885,0,train
-1.1297249090978483,-0.3865962756425486,-1.145394957599315,-0.4697625365149596,-1.2534121379569798,-1.6722970184284072,0,train
1.1296677052793487,0.6243315194828445,1.350776613263738,2.081614820339792,2.0552085253390415,2.352226633167039,1,train
-0.7944164121309283,-0.5640065233640308,-1.0321648661983347,-1.1005086065657181,-1.6619269605887241,-2.2053851642778275,0,train
0.6909400525252241,0.3850084558171136,0.37472789621425634,0.8964304874865794,1.2538172955661195,1.9423240041985192,1,train
0.20579529994834703,0.3244733488530944,0.345704885034951,0.8855804958926211,0.8478706923313974,0.3582699485068618,1,train
-0.6340544068542677,0.12775148518917,-0.33233794523729654,0.13955075675700468,0.07000331391218585,0.04728825962137938,1,train
0.08485640516249278,0.7224520939800085,0.4645152062992978,-0.3766284157604405,0.31628796335235254,0.6022160368533434,1,train
-1.232759221139065,-1.465478944824265,-2.001601145195985,-2.168232437999732,-2.4404149797821315,-3.5111051984053407,0,train
0.7956913712429708,1.039780592799128,1.3807777847745095,1.4658979428744958,1.422681984248566,1.6958726884118396,1,train
-1.0347062461092482,-0.5626123364518938,-1.3422891080494581,-1.7498697817943507,-1.7183301395866981,-2.099312008856229,0,train
-0.9228477278089682,-0.8991298547498948,-0.9463211861092541,-1.0481012792601287,-1.0447840483761734,-2.1262911780434437,0,train
0.6430053940396505,0.4040455811241395,1.0516661716438738,1.2863707566935758,1.8517370127599944,2.638548222833209,1,train
-0.5223461873911847,-0.8499862942107459,-1.0174861198132328,-1.1115568454392961,-1.4597023970860166,-2.0283737757775584,0,train
1.8362813737433519,1.7240368804192936,2.091256105823326,2.2405716953251784,2.919600324633385,3.2893921289410253,1,train
1.349917530175956,0.6219728180677442,1.845112382971503,2.3611708077483713,2.7618287777597623,3.203988671797339,1,train
-1.691361047687875,-1.6333185399450194,-2.4589801706871754,-2.653364314791158,-3.6101524695358056,-4.3116509929714955,0,train
0.12110042188587379,0.1435658488654922,-0.09639459768158498,0.19161703163592325,0.5241457798000757,1.0433854952275634,1,train
-0.17710143492210728,-0.4796389222770257,-0.11415418003022294,-0.3187986535866717,-0.761530414463562,-1.0225934166901782,0,train
2.1224548470976945,1.3928892946185076,1.7386578320394022,2.1093287196531687,2.856702067052939,3.7377379708715743,1,train
-0.5841520304337094,-0.21067474365288186,-1.3799216718545293,-1.5201967355283557,-1.8082123858620291,-2.365445645135633,0,train
-0.6584806803180415,-0.6834722830601059,-1.0488972587630063,-1.5050790679558133,-2.306641955939098,-3.1458633362017663,0,train
-0.22971391228909618,-0.886022472227468,-0.8811873319840566,-1.4055627009493827,-1.0589072101146741,-1.0184116460771067,0,train
-0.24619182261140235,-0.3352558253809451,-0.6279380280691678,-0.44726311512622496,-0.87424970655078,-0.2872366760802716,0,train
-0.9373126514133343,-0.7155827000780022,-0.6527561453951753,0.2619070617377285,-0.08900199689579491,-0.5029094664951029,0,train
0.22713579415859925,-0.07402606572234169,0.38990472355216454,-0.08133264812959667,-0.5778488965679469,-0.5997325676067572,0,train
-0.5677139786062714,-0.3494627893238024,-0.3588046638672286,-0.20793497774203393,-0.10188312992319176,0.5023682101621807,1,train
-0.8831296645692606,-0.7280819287285486,-1.5170114523472533,-1.745991600172766,-2.420581369495857,-2.193845122935883,0,train
1.495421477302863,1.4852254116126373,2.0773632639619812,2.6408473035278552,3.7838175810606076,4.73168818454884,1,train
0.1211603351930135,-0.060538171925176354,0.056929680106109784,-0.8249829540300102,-1.2293789724436666,-1.9598449801446578,0,train
-1.0857728690599886,-1.2137469725538776,-0.8424703081888288,-1.0925635394440736,-1.5265135795417843,-1.999524444317105,0,train
-1.4188295246498506,-0.8517655053851738,-1.9536138893731883,-2.269762088546754,-2.5435595106851814,-3.333567886919748,0,train
-0.3632446854878077,-0.2293979430293297,-0.33755508585860927,-0.37290882509082324,-0.2546533170514232,-0.5176341000914658,0,train
-1.2780106792517456,-0.9789262451545535,-1.3707929593838282,-2.134775470522197,-2.468388696038831,-3.6830849438340447,0,train
-1.3301659110127695,-0.9432957851731016,-0.8874241410717274,-0.8813458475118282,-0.48379893237929317,-0.637486364051716,0,train
1.076416022810304,1.1145812490978175,1.4743544735686522,2.0672667495293475,2.1827187108763555,2.276740020199643,1,train
-0.17788702701823617,-0.0034257310993066614,-0.5788823802260529,-1.1747909068809541,-1.7449387982972762,-2.853624680562988,0,train
-0.5930092061100659,-0.40163042173001906,-0.6363448636215605,-0.3614853067194114,-0.1981265304044056,-0.4554231271213737,0,train
0.15683673457184377,0.15844724286080591,0.9314089473367188,0.3426210534677262,0.41023372292861565,-0.11342863887195975,0,train
-0.5940752994257298,-0.7908735358504922,-1.0190246670233962,-1.1732325713800198,-0.5260195067161166,-1.0371693150111372,0,train
0.04715631808884512,0.3738879832065075,-0.572221084535242,-0.7431685557483466,-0.8438465025094611,-0.4558833937970297,0,train
1.786534099259786,1.7237491645845568,1.8794870286611023,2.5996707940547745,3.4942047100893885,3.882718584952597,1,train
-0.05744068885601028,-0.1864576590555837,0.2558733400582253,0.2879179655804029,-0.08121597727371588,-0.04004351454037921,1,train
-0.6339039334288401,-0.2092234928290937,-1.4558368007030436,-2.0879634415160755,-2.7945673026831526,-3.134169965872727,0,train
-1.1670312989695384,-0.2435458884641275,-1.8464484305831201,-2.155944692010792,-2.332351744580415,-3.2417285488144425,0,train
0.6103261353700695,0.15354112800665043,1.6259982096325238,1.6176946380509027,2.2051894229499043,2.615454007216762,1,train
-0.19459307405205375,-0.08004662613795319,-0.374872462548148,-1.0677560548261458,-1.4791218005697684,-2.253485134469796,0,train
0.38165138313825686,0.9041401405547811,0.3414483875120496,0.0630065157652212,0.1741881713847664,0.2464724847737725,1,train
-1.6400393046603898,-2.0584496729367388,-1.9022957962704645,-2.53902134973258,-3.4450286550282754,-4.046498907460124,0,train
-0.40891561386206393,-0.35147129073124656,-0.4432605361579856,-0.5937303756292474,-1.0794014268387722,-0.6794200953607922,0,train
0.07346854711122015,0.0471956235465119,-0.20599166529100724,-0.04105898310060055,0.6282981047535972,1.154696881858705,1,train
0.5053431256322904,0.21484774060715608,0.46530630500293957,0.7799788941463472,1.424084020083568,2.3553757656459404,1,train
0.23515272194616854,0.9129087525820718,-0.409521408487886,-0.8519126958205601,-0.8870825292331634,-1.052420174321834,0,train
-0.2981198378795744,0.09470586389685764,-0.18767952461362702,-1.138495396155203,-1.719091226264465,-2.177438636171767,0,train
1.2535728717070742,1.1072103170745486,1.5490910100958204,1.8636796864697616,1.8323501814172272,1.9067661963408482,1,train
-0.04844912856300579,-0.6172192874386236,0.7632672357586681,1.0146230799861387,1.755021633873835,1.5246916394264605,1,train
-2.103285636333515,-1.8202899790804092,-2.8334570180184926,-2.8849265701857054,-3.3842345154617943,-4.345116501755433,0,train
-1.3004742928644102,-1.5255608328260262,-1.7907358625437195,-2.1771575027020074,-2.2953226061716965,-2.866176474201197,0,train
-0.07511824289444606,0.15654780148052322,-0.39454277938468146,-1.0030315544561392,-1.3064496185518009,-1.7040636722620954,0,train
0.20256470561206844,0.05874775682328111,0.08763917022315965,-0.25511935846130696,0.17094733476085827,0.13092648589122335,1,train
-1.3583607227757224,-1.0845979490261852,-1.4027842957251604,-2.325375749046958,-2.897191906155667,-3.6022917576196853,0,train
-1.2355735259420233,-0.4764305600179072,-1.0974015324574187,-1.6345009568729003,-2.0213886842729982,-1.8080504977991354,0,train
0.343658340325729,0.651884033473455,0.22607817585451528,1.1589454207701957,1.7597692092656896,2.3284907935633354,1,train
0.23807939774705555,0.12067927227950771,0.20806261656474878,0.702271547718972,1.1456816883214476,1.7171926986756534,1,train
0.3485268671475196,0.28135271626307357,0.11566494577367264,0.08335248251779621,-0.7417582784974591,-1.05977612804581,0,train
0.6930742396667935,0.2781222746226664,1.183381247175415,1.5411724101454547,1.1445863690822353,1.4893389530779744,1,train
0.039668165115631364,0.3788188963910368,-0.40415050421419546,-0.4907911404223922,-0.420692826165033,-0.3125317598908324,0,train
-0.8094379407017767,-1.0905957318753963,-1.3165991249760385,-1.9202969003422772,-1.9684795209929935,-2.512522449543743,0,train
1.2568850926112831,0.9111403651727833,1.4387376743205575,1.3253906256206816,2.2616940335834634,3.2858786327555856,1,train
1.0261816513625317,0.3369665425086211,1.2345951869674288,1.3541913053211019,1.6809544637918217,1.8178812685742125,1,train
1.7157115696530312,1.5955612628893212,1.5006018499412477,1.3172606740450432,1.0870652011930513,1.1568540811497854,1,train
0.4693311782602124,1.2524665326308253,0.3022552180272261,0.5024137970829115,0.3729406505586166,0.4410276355221912,1,train
0.1558702139201073,-0.030828654875859146,0.04539027725788197,0.07031920145586623,0.23062170113463795,0.10347659002562212,1,train
0.2621691649511099,0.06992972707304626,0.49741046819175294,0.6550159972508082,0.8403715931932202,0.9598869276092791,1,train
0.3592936374140837,0.11944709042075471,0.11581454814681963,0.06660647431212546,0.24050960016516088,-0.8279911100044998,0,train
-1.7864405955695588,-1.5423105899618137,-2.4396315405910256,-2.5346581716580427,-2.34361352624784,-3.07944216374353,0,train
-0.0932252157982752,0.09964030793447362,0.6038388004922904,0.9803876413863608,0.3783894710090234,-0.08597189142235534,0,train
-0.2890790029787292,0.7982287884867507,0.0013911366811663606,0.19999171179053318,0.5321354483430774,0.693256415374732,1,train
0.4399248886470086,0.9411642427346354,1.3205652432380959,1.3523745212927993,2.288012207282135,2.8772461414133774,1,train
0.38262392750128393,0.46346706315112635,1.1126591760944866,1.9329476551500404,2.183038039073508,2.602941951738285,1,train
-0.24491801533660862,-0.6290424931856595,-0.06488608216089847,-0.35648915335767933,-0.14550059256206582,0.08594238622804265,0,train
-0.3685153075258804,0.25580198760737616,-0.0846230198635724,0.21324389859039886,0.4315941996497433,0.3005275327268767,1,train
-1.2625770170042625,-0.9067433357878706,-2.253858166993475,-1.9620280976708413,-2.505503005405975,-3.4401125159304464,0,train
0.3509786824464266,0.0364790168700978,-0.10489466144837462,-0.049874724323304115,-0.6682593118583584,-1.4965480653981356,0,train
-0.39945426917845067,-0.2025557878555899,-0.6424970196830762,-0.8221726681530215,-1.0159343280492008,-1.5326173256749014,0,train
-0.28238032390731316,-0.19237669082243689,-0.02673410614276711,-0.26589281658085945,0.2198883238258224,0.30154224517817135,1,train
1.1489210084884385,1.5552370297159959,1.3938651228170083,2.273141445309777,3.1547768235734335,4.182478199550284,1,train
1.1199166904286777,1.2320333093144715,1.0578968151683885,1.4607618836298275,2.03343565758561,2.237450417226244,1,train
-0.2480779500024884,-0.5116834504588268,-0.8226061690922515,-1.0723339889798078,-1.776913538202113,-2.231020533543516,0,train
1.7602126101713065,1.7682974088880465,2.6067970829298233,3.9638091952276353,5.219337494323625,5.878563787022207,1,train
0.7844255691938329,1.4183522937207362,0.4615513842988248,0.20971972317962873,0.09883735904655375,-0.3671448374865367,0,train
0.10681087035326572,0.30030749536895374,0.15318556296329688,-0.8924097090377152,-1.2466347936563504,-1.0458574063164363,0,train
-0.848857524121499,-0.8909277086524942,-1.0272857607617896,-1.2187296005795745,-1.5884787571610042,-0.8635767281897622,0,train
-0.8448358459626106,-0.9567410900902437,-1.1789105091261207,-1.83489121636584,-1.9120749432622643,-2.1878155835159006,0,train
0.9787829151879577,1.9225799186384958,1.191750231170868,1.1583563251652382,0.8428119777169044,1.2937255860120918,1,train
-1.9318403242790674,-1.1656113936788048,-2.2674684399714122,-2.878869096386702,-3.5798220510908902,-4.347934358890378,0,train
1.742449570720997,1.221543704224821,2.682175457529285,3.794007073087982,4.534637217922186,6.268499813073699,1,train
0.710477652178501,0.9180731743099446,0.44437910248761314,0.7826892697883996,0.9472707039311344,0.553817037694828,1,train
-0.34010307948358665,0.27668703388842225,-0.56441618798692,-1.3945377172580105,-1.4870510282147025,-1.2970042741170278,0,train
1.634657166711535,1.8654632914506366,1.5130050907454544,1.1963747509561995,1.0031992781492622,1.2476958235361069,1,train
0.24198511182188592,0.047835996659436414,0.7907458348314187,1.47775424764835,1.2097511595182913,1.690851094674379,1,train
-1.2598656724274777,-1.15164010020208,-1.2477278547987924,-2.0287201589426624,-2.493710825720596,-2.473358856664444,0,train
-0.683527556951943,-1.4228331821817086,-0.7464356190535153,-0.9974162210242343,-1.4841509696983355,-1.8153559979745548,0,train
-1.1117320510859074,-1.0777518363536165,-1.3101450513512867,-1.2767839517962394,-1.476558760367503,-1.7062358202783185,0,train
-1.2353735620616813,-1.1613177481974892,-1.5943510670048795,-2.1965580523178447,-2.2840774236224055,-2.6919374114166237,0,train
1.9345950941956778,2.117701966383347,2.454155881638428,2.5502473256576996,2.9223926987115183,4.003639719720141,1,train
0.07045781943012627,-0.029751128477799232,0.41607323821470055,0.38006997425563366,0.9246522054109927,1.063494417235817,1,train
-0.2194987197756612,-0.42010776070927924,0.01102947533787435,-0.2886430086806059,-0.8517461591820671,-1.0514871325953976,0,train
0.764501299975703,1.381884382619114,0.907317228574503,1.1646839951013768,1.6519281540828177,2.452731858450117,1,train
0.5395418279031337,0.9158101567336445,0.9848301061430833,1.7009019325553236,2.155332810786707,2.572180245604335,1,train
-0.7357732958866707,-0.9051662695735297,-0.9189304966420785,-1.0133960767323642,-1.0854627609678378,-1.5004003219035882,0,train
-1.0560859384149723,-1.8615398731938564,-2.2070243921586528,-2.833911567232277,-3.450556779333358,-4.005972018856651,0,train
-2.0291454289038895,-2.5803497144127747,-1.9989287360084356,-2.8843421063087957,-4.0955890401990445,-4.700157380523616,0,train
0.8749574197898735,0.7210392332384665,0.8635072908903557,0.669665902189108,0.36694933354304354,1.2473347481937107,1,train
-0.3160062393870345,-0.29477889010199243,-0.6175659981315897,-1.55209713111597,-2.186895966177409,-2.1993578422478097,0,train
0.842274509428598,0.6990801890844014,1.2106909155890877,1.9766207384740948,2.2581823982885916,2.159386255585799,1,train
-0.04282124548199119,0.328631251979008,-0.07949697677406267,0.03829468856446018,-0.08111183598613145,-0.0933399525325432,1,train
-1.4447937894570664,-0.5270144822511493,-1.880588990823285,-1.788409462238066,-1.7530945665233135,-1.8568897465523035,0,train
-0.6873373631953192,-0.28378930050365375,-0.8825667119907685,-1.1838924442589778,-1.9120217239174837,-1.5389399809358588,0,train
1.4382572728720737,1.4145118387135305,1.9792464384986266,3.360531308904468,4.0470361069803875,5.317870108187526,1,train
-0.6817321079259324,-0.5056670657482404,-0.8043038722412436,-0.4614045264064134,-0.9169674064798399,-0.9028575768729128,0,train
0.4364779929054191,-0.229496389401105,0.4622400684211527,0.4196207827452868,0.20333505545345565,0.21667501388356813,0,train
-2.4501049348671633,-1.7900936912554133,-3.405302523045677,-4.4088826737020215,-5.509686846893399,-6.101966017292979,0,train
-0.8596335294879558,-0.863224424889604,-0.6492913311662651,-1.4314132855737212,-1.5790005525613817,-1.5659335200611286,0,train
0.9150902832892988,1.244265718523928,0.623583184422368,0.35319824307479586,-0.11821186980785786,-0.30653032801563534,0,train
-1.964460664013368,-2.2731165795769313,-2.662602330157174,-3.1155409567622807,-3.914980561975163,-4.039164645388234,0,train
1.0238428073590498,0.8006899845570999,1.3915922877075957,0.8808528352775065,0.8604957072034574,0.6015728028991623,1,train
-0.5409699352519814,-1.1973723051780887,-0.8219867009696885,-0.6648684373336243,-1.0590675271982055,-1.2995734478407917,0,train
-0.6505865561985427,-0.7231876739330516,-0.6415905307217411,-0.29966055343494513,-1.073749110921617,-1.7287670593727653,0,train
1.418307142875981,2.0282973787370393,1.226273181968261,1.5868363327555148,2.056800968168756,2.2213423077241137,1,train
-0.539844273971406,-0.8073778189881797,-0.7199131385872012,-0.896376359290648,-1.3176498327750734,-2.197779409181745,0,train
1.093223223967611,0.7880312494503112,1.580580461334868,1.58195889561595,1.4214801231640242,2.4578044041899645,1,train
-0.39493931752339345,-0.5712583520472866,0.0006240168787307043,0.9086090014094262,0.41956511521447015,0.41567260784110427,1,train
0.38928741482282286,0.4866841067063896,0.33213371164148375,0.27230363222690157,0.6201649505128561,0.3656309885266407,1,train
1.0704377605891977,0.5153228346211041,1.3624266373498946,2.2168340244370017,2.206857182955565,2.8645732859056046,1,train
1.1197043612264197,0.7782763633431886,1.5060905429991782,2.015689957574094,2.256377204147385,1.52206614513245,1,train
-0.21627248762675705,-0.7942413259848837,0.5791883158700228,1.300807394324677,1.5780923162691196,1.7076558167657545,1,train
-2.26604838503005,-0.8603974785133077,-3.119700385587438,-3.2685404902120987,-3.9700619276446174,-4.428003088388673,0,train
1.786130628773863,1.3230341563617003,2.7732748828761746,2.9764408822548316,3.7170907740640424,5.374089561523197,1,train
-0.5198478023609132,-0.570983437262561,-0.9856490643493374,-0.9974700628630849,-1.6562686200253243,-1.7056806030123541,0,train
1.3353594576715229,0.6571126095959194,1.7179382578190516,1.9970647664765002,3.105497173880684,4.786087645923578,1,train
-0.7611714014837186,-0.6788255245787779,-0.48214422636919624,-0.1855141112969128,-0.4776771496283103,-0.6436458504605407,0,train
-0.38010523467109764,-0.4862495520667303,-0.9674894366323823,-1.5773845359135745,-1.6817927752352644,-2.083004719215742,0,train
0.15763911313487483,-0.7264541792816798,0.40782852418324467,0.4399910978090339,0.4477300335329584,0.16098503247162366,1,train
0.025425789577152757,1.267970226263425,-0.6261881805130528,-0.9706544397643998,-0.7142588685919431,-0.6610146944147963,0,train
2.034979678050099,1.6307000011717812,2.6890409545495433,3.328491029179492,4.085466674701108,4.867206786243504,1,train
-1.6835074185686987,-1.7090641896157572,-1.958893772295682,-2.9468244666419636,-3.4641042386871557,-4.033099601336558,0,train
-0.49137739124287766,-0.12481710760403164,0.14187010150321466,0.2736210122583555,-0.23368917067824652,0.3491937072618845,1,train
0.33554176391021506,-0.6219466104088638,0.5279521151525688,0.39923650962090695,0.9014482231732981,1.5139937642526662,1,train
0.5018244869398383,0.3499007693840429,0.8129651593677136,1.2062962455544102,1.8387643815463461,2.392456422975714,1,train
0.09583878854684176,-0.4956810437213874,0.022149558415387974,-0.17090246143178572,-0.27548183503189544,-0.0283347150750079,1,train
0.2577799323030177,-0.10034412506269669,0.7682879867913204,0.7555314933915772,1.0115758884818973,0.8120045027303583,1,train
1.088416616024656,0.7496615339926889,1.0696810267537773,1.2524683479844296,1.3727055607823329,1.7072719362370863,1,train
-0.5006834278647739,-1.5452122790518927,-0.9845364658238264,-1.2491190727185741,-0.9990201156399665,-0.698092705983785,0,train
-0.5029171858675202,-0.7160876297691245,-0.6186673656915761,-1.8114269680225947,-2.641440641992618,-3.32725706382033,0,train
-0.05759035477421623,0.03507847893551826,0.17012094258314042,0.4569786523602975,0.26601765569355196,0.5521638929033225,1,train
0.7514080996817541,0.22091621541627643,1.1293312572805667,1.3417483463418227,1.8587730785219614,2.162115550485566,1,train
-1.4021835246617844,-1.211818644528278,-1.71212021470129,-2.1802782002666246,-2.2532981388706403,-2.8056402769743247,0,train
1.947170745901549,1.6104857767069232,2.1751832565400626,2.6556982564190106,3.1141749902466342,3.140149556661407,1,train
-0.3153938237971904,0.2869824906721859,-0.9769379691003942,-1.472373338518351,-1.7545543106079702,-2.6212750918188714,0,train
-0.5929685260801498,-0.6212857847020219,-1.278144411376662,-1.4651410459808123,-1.800860468824522,-2.113736324029369,0,train
-0.30836621939906433,-0.16080193452854502,-0.41284221962190687,-1.1814913501917954,-1.3327445943903764,-1.7605672211350918,0,train
-1.068250267073176,-0.9423019561808781,-1.0229417455883043,-1.6812643380370922,-2.0341042141147954,-3.0030133415723412,0,train
-0.9040384464407211,-0.9457640368505043,-0.48034338253633324,-0.5744132261615348,-1.198651679097109,-0.8501769795891744,0,train
-0.2905919062622043,0.44198096371599593,0.08176374009486292,-0.595145543481146,-1.296779578094161,-1.4830489573937584,0,train
0.5090317756475973,0.6357037427802364,0.913386688707412,1.1112569129205971,1.185754423950118,1.0730882589872028,1,train
0.7697232334116486,0.833771141173379,0.8030740862957766,1.6774698415439238,1.905242398224927,2.401928739990168,1,train
-0.3649049063495921,-0.009994859103012843,-0.9550540819530653,-0.6006124464950763,-0.7814305338761809,-0.6013137459257696,0,train
-0.2677945392679503,0.6747688645169021,-0.4050250216633114,-0.12576625816443243,-0.43384899196204096,-0.7294255078575954,0,train
0.48560184937638506,0.06580519313432309,0.34665748699435756,0.15033803245576027,0.05727099483817552,0.21314444821668022,1,train
-1.877829719922433,-1.0851127419420599,-2.4547215710431307,-3.287829328567094,-4.129552460922827,-3.8465118172122654,0,train
-0.14834134923451253,-0.5765383973842502,0.0891932737044088,0.12218439112302248,-0.22275633001816209,-0.3079612031267657,0,train
1.0848280812297961,0.9259173454197724,1.1180857086199034,1.7040593038645524,3.174225837568509,3.3776122924015746,1,train
1.6877892253007025,1.8390054604304311,1.8794350868758098,2.396920723811806,2.79325819176621,2.943777200111069,1,train
-0.17738215963755624,0.37812204958125084,-0.1547730661597358,-0.23414036851306713,-0.30527634319391744,-0.5147000413115409,0,train
-1.362825889511878,-1.5822900135905098,-1.50261951584489,-1.8560861897052554,-2.0294158461123892,-2.169307421058873,0,train
-0.5884077058676028,-0.0013289842856601952,-0.6109913413883947,0.08020631806631096,-0.08856520975105109,0.13234308663836636,1,train
1.2755633876913637,1.4451141497165172,2.0005532119294824,1.498323105726132,1.7575063399960176,2.147961237601912,1,train
2.0645798586305335,2.8804898432424144,1.9134839438072855,1.7322833459792975,1.9814606667593084,4.0981217200695585,1,train
-0.1447856787937918,-0.6805634068379179,0.5087300413624902,0.9797716796155607,1.264944001019492,1.4884038042104941,1,train
-1.490327688317166,-1.0987771768088492,-1.9259889672084425,-2.159959762200429,-2.21829016433974,-2.764408096022082,0,train
0.17702434375904819,-0.02798806455925315,-0.18416803058739026,-0.7198062516804398,-1.0502014704664813,-1.056466675928346,0,train
0.8106831072827085,0.5824552916610893,1.4315643357598837,2.207027925426572,2.3363061716584728,2.9931012223205578,1,train
0.9301668130200235,0.8470561189402073,0.2835680483666201,-0.10546234676548238,0.056643823207469746,0.22494674514224627,0,train
0.3965084788140939,0.13922858243110633,0.5727677600142639,0.665603463710351,0.6442289896023549,0.5455772780329105,1,train
2.4990561487674072,2.4684376294471697,2.15527954718533,2.5554218982489365,3.2868412767027717,3.9723662126825747,1,train
0.021249985541935468,0.07488551090231059,0.4661063442567282,0.6544260887022962,0.7620783255787735,1.1480081135987044,1,train
2.9027139116048226,2.18291075050699,3.230562763716624,3.8122695724112483,4.660198926599281,4.947953599127362,1,train
-1.057161709425937,0.06583367829441056,-0.03686234725074988,0.29502196248980056,0.8480236017533971,2.0583678993689336,1,train
1.502611427531762,1.3822686485007984,1.3454928268341617,1.5140262523529795,0.9750904053196169,0.8172913039354527,1,train
1.1546659507187722,0.2674775166981451,2.0429597534357447,2.185304878168184,2.3391471427398347,3.688557661587258,1,train
0.8543301184972902,0.6657588516612064,0.9425180517759238,0.8330470463794049,0.6601626191136278,0.9874263835635602,1,train
-0.7526918360111421,-0.6474397359707001,-0.9505834576395578,-1.8582821034441719,-1.4447724667889228,-1.8795030300986229,0,train
-0.11331827430396083,-0.22129306107827207,-0.37921417872039986,-0.601568959215091,-0.272940431433645,-0.4117985862891399,0,train
-1.173206619621798,-1.17106981528618,-1.6781875762319585,-1.3221544952566735,-0.7897573654763999,-1.289245090392608,0,train
0.06868687367934861,0.6192339058590182,-0.06719067472460394,-0.12163651222614494,-0.4633513725182163,-0.4222016400983456,0,train
0.31002301090097917,0.038294727103565185,0.9457430742090014,1.720181648505413,2.295685961437635,2.7856213327849635,1,train
0.5975919435715107,0.3445829424672965,1.0140855021347577,0.9170107080664562,-0.1167798443046264,-0.34257028080530383,0,train
-1.198315069516178,-1.306289084871707,-1.1742775563451675,-1.2632442677291023,-1.5194298831925752,-2.061907995699552,0,train
-0.7111602621571023,-0.8044662917924001,-1.2716364336998736,-1.392998517412817,-2.0436875279169984,-2.8508876738207247,0,train
-2.155019079965327,-2.2293174224176426,-2.5358153348580004,-4.123638336174833,-4.910389719715007,-5.785368845854803,0,train
0.08248359395438656,0.1320289496241677,0.3844127399947551,0.007717381974581716,0.557686953934803,0.18024582322315486,1,train
-1.0316669845764082,-0.4433755585871825,-1.6982784958941926,-2.577553327355763,-3.472207824744336,-3.3625840294045934,0,train
1.0691834629088295,1.0280173099325631,1.59946337091373,2.0714808859188842,2.099390529192969,2.541836987605041,1,train
-0.5348018515954726,-0.4077970693612591,-0.12845344369643408,-0.771326246481211,-1.355148255948766,-1.4887175030824953,0,train
0.521921755319758,0.2682817620761654,0.7458379576060152,1.2765704796285307,1.6389421160163855,2.5136537636124374,1,train
-0.3768709961491732,-0.5582896069271318,-0.41304117411750807,-0.49376920710305866,-1.2931501577878994,-1.21730887795769,0,train
-0.02420618728493191,-0.6545247564635172,0.18384086191322863,-0.13440862637341242,-0.15319382181430885,-0.5647277934303248,0,train
-0.20564949007950123,0.6292049428096245,-0.5466859463992846,-1.1636734067204404,-1.2267826390350267,-1.8506164968677934,0,train
-1.1976757294495368,-1.1845245059954892,-1.0103890960969473,-0.3339748221913903,-0.5399684304262345,-0.6260545030486833,0,train
0.8623092215802712,0.36454604846335437,1.7983619205814947,2.459583492025082,2.507641331765661,3.3019774478622166,1,train
-0.881934011911622,-0.769588843652045,-1.1034096284528183,-1.334606705004544,-1.8296920482845824,-1.8141189860276472,0,train
1.284170228159135,1.0667207533203151,1.6472324157896945,2.652515595048265,2.819060373775258,2.9555653261938533,1,train
-2.4851801451540085,-1.7305612642340222,-3.1455529591734144,-3.874557057562396,-3.896603392915564,-5.06556597538354,0,train
-0.508350427162711,-0.2849881186118133,-0.777519995167886,-0.6680057934085837,-1.3962165015510593,-2.2698050605740647,0,train
0.8267418993906719,0.2695240878067196,0.7863573873969576,0.8269517676510431,1.2294899229882774,1.7148674038933707,1,train
0.8450047154067443,0.5323103342820588,0.6847362218921509,1.1012068372287416,0.8334342768930152,1.0007778275640309,1,train
-1.9711248931329732,-2.1619142105118505,-1.9472879450217007,-2.112693391784773,-2.8897098822219265,-3.1310922199885365,0,train
0.17823751676833768,0.07954537881241044,0.09411916734967969,0.6086236915379272,0.564913137470145,0.9413800319832335,1,train
0.15984985649748032,-0.5351481820317014,0.13740753035384065,0.6413074353669697,0.9340071588262628,1.2289446067510206,1,train
0.24938048075737543,0.9611264963351791,0.34458268637698514,0.4610008091728895,0.8046399605036549,0.8208923097888461,1,train
-0.40495726365643997,-0.20041690306909843,-0.8833690227984361,-1.2097841730301124,-1.993808458602595,-2.3675961606312335,0,train
-0.8184937537993513,-0.6553971778745336,-0.5790893408234805,-0.6109941700537214,-0.8953342095859965,-1.7320719807958325,0,train
0.16201802329541343,0.2663988769888505,0.5426680257023775,0.9756618518483333,1.2515893172880463,1.714425824629739,1,train
0.537970260976229,0.7537569960771682,1.1987398700979628,1.712691354117101,2.1455219014032836,1.8794199838106234,1,train
0.9593067475843083,0.501363716727963,0.5774997488605927,0.4131875798048491,0.5892117486735391,0.609739891269394,1,train
-0.1155917448369592,-0.047263132308239676,-0.045762255518569744,0.04450914875238396,0.8074929481716275,1.1414391866192912,1,train
-0.8621062028025823,-0.06795989205066777,-0.49725232044991896,-0.5768481892685414,-0.5708362070815393,-0.4761038624566941,0,train
0.6995423723580061,1.2587587569177194,0.17104114932603054,0.8094501705159971,0.5703840571135291,0.5945241347056778,1,train
-1.4190535726798674,-1.7541377838901262,-1.9145074597032077,-1.5350000854539614,-2.0085217317609505,-2.5914863385475426,0,train
-0.7455650660050588,-0.87543545080875,-1.3713523620184782,-1.9561511228594533,-2.72748297617224,-3.4498009250335624,0,train
-0.6796923789443635,-0.7397392408820996,-0.7877077084984906,-1.161959583086491,-0.9163758417197134,-1.7307685715018002,0,train
-0.04363832233849033,-0.8384079489480091,0.0933179617270942,0.6340702350620235,0.7614590869922643,1.1628341027300015,1,train
0.14550328275954597,-0.13550455088761212,0.253790595029429,0.3585085122133965,0.3989000844359687,0.2911688809492442,0,train
1.9626203940408944,1.7564144441541547,2.186460941296724,2.7786196084457915,3.005256799789622,3.3828900239007598,1,train
0.6144116699463432,0.7743351537107952,0.9280448892695647,1.3469455024609274,1.3988029210581399,1.63037701869769,1,train
0.9386874999924991,0.7739483584305766,0.7517401021810655,0.3532567941867836,-0.13190425385523757,-0.8437277365370539,0,train
-0.420001812754545,-1.001321332339713,-0.049314133738939225,-0.5357188468100501,-0.8376694133889119,-1.1379849377004247,0,train
-1.0953572934280758,-1.0885771074079946,-1.332050170594418,-1.1294891980341597,-1.6611581219120546,-1.820932227796853,0,train
-0.38161823844611503,-0.6827287660752204,-1.236406476124903,-1.3195955461003888,-1.2361750180586237,-1.3052285181503707,0,train
-0.528057585294361,-0.05814934633520091,-0.6971766350099101,-0.3540670706980768,-0.18260345065683314,0.12597749419517798,1,train
2.0776258394543397,2.2517360799452266,2.65899661041328,3.196839363685008,3.989257645762556,4.443270470923652,1,train
1.4779799999192391,1.1209513538005775,0.7478765271449457,1.2179426747930617,2.27196261937193,2.563121756288037,1,train
0.8664012679030687,1.3503108020183507,2.051019955292678,2.7028508847912693,2.8852646660258916,3.2922510332888404,1,train
-0.0769329495854955,-0.20432751120903606,-0.34798283988496814,-0.48085861919031636,-0.5429863968724477,-0.9346544300073709,0,train
-1.2931747469812112,-1.0218601573491695,-2.310681116449514,-2.2414608656705597,-2.4586828569116173,-2.8092703833598636,0,train
-0.3127930483568383,0.3547872904269567,0.07196244597643647,0.0775428567445398,0.12229638779794967,-0.18644698347519512,1,train
-0.6178702547801799,-0.24516535196702777,-0.09602468811372233,0.3478770186858196,0.6798500204702672,0.45290704878046134,1,train
-0.7525548300461234,-0.7573987011428167,-0.47129555478038343,-1.128277566914082,-1.9134734667960918,-1.8027818029648288,0,train
0.44235715071087744,0.48747361821161345,0.6474080646034833,0.9008076944906992,0.9835414008261876,1.0401062294883703,1,train
1.7833035023646704,2.788731746217621,2.0728377244364116,3.5298514702579555,3.71640708996045,4.231672957112778,1,train
2.0850882478692094,1.8048797120529194,3.2450219743679547,4.406215210512583,5.334393819914737,5.999716486695014,1,train
-0.1665110242481146,0.04440967335176685,0.11026906987083848,-0.46268561848289597,-0.15013966594913275,0.05965314256527443,0,train
0.1322648598749644,-0.30754834315242435,-0.5484672804066729,-1.1650287647946536,-1.4025908394693274,-2.0381912597162857,0,train
0.3557506532092585,0.5877915507384064,0.8736398958727838,1.023538237816908,1.0332637286381814,1.726321464406979,1,train
-0.6322373425662856,-0.7334073586989573,-0.2653896100481977,-0.13239355288275398,-0.590866778746354,-0.35865840560843454,0,train
1.373145612675898,1.6371878677314502,0.9357930356588011,0.8611062445581776,0.9528274916081846,0.9318195028683078,1,train
0.5711202854015436,0.17602447165281554,0.030103680609888772,-0.3320123972082182,0.017573568960285002,-0.1267694130760052,0,train
0.1413270190455251,0.4425504956490479,0.6897795990868933,0.1999849735960879,-0.08967690768758729,0.12792315952630778,1,train
0.6074630140087377,0.6011659394725324,0.7023044807684609,0.49182978450712045,0.14717779919249907,0.060624252723250754,0,train
-0.4096444351038323,-0.18889551261243792,-0.7323417066994684,-1.6824441275724826,-1.9161601491572724,-2.2144478679395405,0,train
-0.17144755933737588,0.09902806618918378,-0.40956132629487296,-0.7117377792843224,-1.0101218936295262,-1.5595295880474926,0,train
1.3322107665290912,1.5718435607680041,2.0422938840724405,2.848218629457346,3.5112741180074756,3.5264828636828733,1,train
1.0568077652001369,0.6081776105157761,1.1473828492811553,1.5421036552656218,1.8395707429358017,2.59614606604144,1,train
0.22742436091750956,-0.5752092709411092,-0.18168986188788733,-0.3887718394909253,-0.495319955453527,-0.9489682449943115,0,train
-1.3745608602729713,-1.259260972925264,-1.4182915895886046,-0.7685825008307191,-1.2834780666024908,-1.3987427985402312,0,train
2.568001953711488,2.6510052971851694,3.0131762618702918,3.5746658567598213,3.8930868870765694,5.356907103855474,1,train
0.539590161300099,0.0282645776952547,0.6878340646674299,0.620959655961447,0.4985188427665195,0.16170771725223532,1,train
1.0467418155374735,1.4331337517641547,1.301734858464629,1.6497520675674782,2.736282829480018,3.2744523940003254,1,train
-0.8890078287963877,-1.1588099581084594,-1.8888949901079384,-1.6503111917970457,-2.307492461451768,-3.433571488584779,0,train
0.6818378709652998,0.7097409597254876,0.8182773538061756,0.7208176517462674,0.43743175868447226,0.5727973773257514,1,train
0.7001674133138199,0.6739033498462699,0.8036820988382691,2.0237806345680074,2.88142306606698,3.388111498234865,1,train
0.43145106049512344,0.45415366496509835,0.6358346751597506,0.5506355642738288,1.0343500044781155,1.6897078413182842,1,train
1.3002789725555959,1.7998477406740858,1.6774301871554078,1.8864691759619416,2.515172353370786,3.3054217672531085,1,train
-1.6332678035651564,-1.943483282569734,-1.859627645701683,-1.7275736616876283,-2.240827514087053,-2.717474438377391,0,train
1.3370452161568107,0.8201630344025428,1.625403179935551,1.894410208986393,2.756120757576861,3.2458556378194245,1,train
-0.26637604863954933,-0.42043975657596766,-0.009710381491557396,0.5697117478957459,0.6237601241323423,1.7246684385863063,1,train
-0.38075279556652486,-0.21397224314547414,-0.4160072533432703,-0.1891310736316134,-0.2652539746748144,-0.42653954201191757,0,train
0.10474460175004859,-0.25630983398668267,0.754992963644673,0.6133489023900888,1.3112803173198215,1.427927051458321,1,train
0.5538548683222406,1.0938454466405094,0.47733945284288515,0.6150970471105165,1.3492514692251922,1.9386248898152512,1,train
0.32560944186580415,0.3300827515670203,0.1880658629238032,0.39217400205881314,0.41948663514039947,0.5628051474569462,1,train
-0.2617917263963178,-0.23596663678416852,0.370016122377302,0.8511706330765703,1.646949258223669,2.0924277659064248,1,train
0.7194353145219431,0.47350938444343205,0.9875028638481884,2.18384568764028,2.5375490605718674,3.403597522434065,1,train
2.988824235341737,3.1135911754407473,3.531651342214574,4.562220038427363,5.356274000488446,6.555088199967866,1,train
0.8047687943927279,1.3461971676920093,0.398629271061653,0.3324496763157191,-0.33063991798836606,-0.4502731876993035,0,train
-0.24831183547355196,-1.2701628007127823,-0.1426565936228258,0.20857389849143954,0.5619039555664544,0.49804097091937277,1,train
1.350933037215432,1.4606984859688281,1.0216334176681756,1.6954016184177392,2.5670263916093985,2.7169763272576524,1,train
1.0239950709619554,0.4660117765457703,0.9453934277792873,0.8211598664739872,0.2841841484665898,0.4559499836042482,1,train
-0.6602768443728616,-0.4033459423887947,-0.9003390082955094,-0.6530648572042775,-1.1397175206344277,-1.8839497612080158,0,train
1.3797631067115914,1.3370836691018608,2.1541283892022864,2.614954212285969,3.263067057692274,4.251263395456864,1,train
-1.2557641918055162,-0.9852933348595034,-1.1379621712069223,-1.4839330441616432,-1.557738645238156,-1.7435274364329443,0,train
0.6120490369290859,0.5175252822706142,0.84800991589484,1.3403697929303617,2.324978259291349,3.010289712649834,1,train
1.9941830869435142,1.612018299823575,2.6267975723550028,2.3646475014857735,2.775368604946441,3.406292162020844,1,train
-1.0891574051364112,-0.6208421359343905,-1.3754548252737075,-2.343635250066719,-2.599282763822747,-2.964243566273278,0,train
-0.3516061125583857,-0.710192004024717,-0.13142105521613184,0.07859240891775657,0.8170338766464322,0.8725475803046542,1,train
-0.7036356122377665,0.007407717398269842,-0.8610717395982886,-0.743828365423381,-0.5442165028687223,-0.7369736669967066,0,train
1.454260818473516,1.640825980840633,1.9640798237334978,1.9467557493920573,2.225270046965085,2.4998651075359892,1,train
-0.613066717014123,-1.0945861259560963,-0.5172313068734125,-1.0812879719637591,-1.7001685877887907,-1.0412694025920457,0,train
-0.0037682349408466455,-0.6968920939198678,-0.8797623695983754,-0.6140860637877764,-0.5434674534800991,-0.23006794813628229,0,train
0.4916030592867021,1.160615985679957,-0.09735602191391401,-0.472809931026297,-1.0167036857253324,-1.2082620444018521,0,train
1.0652955514266718,0.9211857139550389,0.2206280592732428,0.6799320115791208,0.9248270296107779,0.9212705591295302,1,train
0.7821548368458414,0.2581197214493343,-0.048017816862560236,-0.10544029906656235,-0.274255539001256,-0.16448750085360644,1,train
-0.8907378184243684,-0.3881041576877951,-1.2726264941260967,-1.4685451776924205,-2.003281140497111,-2.8421872031128466,0,train
-1.9648457958429315,-1.7085842433178358,-2.4469667228002514,-3.28115742142423,-3.929405858309127,-4.285084337474487,0,train
1.0009621882154647,1.1229341184286965,1.6300710411862134,2.346515044531568,2.8620731382338924,3.787969747499572,1,train
0.07846615850351077,0.08924761093307394,0.9675680029044007,1.5956768801487264,1.309938037311836,1.6162018932099196,1,train
0.6544791632252335,0.6454429066374863,0.5901600451967912,0.9981739182080676,1.3065734172592323,1.5467503883756666,1,train
-0.5973353675127436,-0.2591188832392854,-0.2060297677518409,-0.42591192707229125,-1.4257928007952072,-1.2787586118070966,0,train
-0.002676810430786826,0.37423072935763313,0.5585152116311827,0.7129657224243414,1.2564686387544346,2.0350079567504067,1,train
1.3897568584850921,0.42945299643595714,1.9201720552960155,1.912029816717126,1.4693253163093716,2.582353541661799,1,train
-1.4784101283857003,-1.360807312003481,-2.5284744706718634,-2.932051874357411,-3.231708773978761,-4.0727449381056235,0,train
-0.19990077526517938,0.1353726141671435,-0.7177926218235985,-0.4599752114373057,-1.007311147892273,-1.919046272079283,0,train
-1.5596573967991527,-0.9453938439833318,-2.296938763273541,-2.950688641932886,-4.273495911637289,-5.49467723454016,0,train
1.3271516309462483,1.0531956756580507,1.7433364868004613,1.8126645687161422,1.679628609989351,0.9302301430922126,1,train
0.16776704336054132,0.12305752773501005,0.7602176198323289,0.40839574411964463,0.9754154988920114,0.5283964167701259,1,train
-0.9618571682253115,-1.2011711641245126,-1.640513905316007,-1.9336452905813024,-2.3749074153076686,-2.724240315422849,0,train
-1.6489248022178464,-2.2241501467892073,-2.2433554247166136,-2.758273163700637,-3.457057178433912,-3.3858693525358703,0,train
0.09113605144036976,-0.15558293777919863,0.0670869271215388,0.009460675023904644,0.4467293624247868,1.1913058934675251,1,train
0.14529635475469285,0.36129701329263225,0.3326042069423304,1.3222783616060059,2.0249517931200485,2.4371965050626727,1,train
-0.17110850678667883,-0.1878593458034359,-0.5315226085342041,0.1404719680925438,1.4259495707995322,2.2419427905708322,1,train
1.341304242331741,1.6988692732007196,2.083194926965274,1.997880029033885,2.141097364767895,2.2428041776696515,1,train
-0.9950171667422635,-1.1474201641113613,-1.014616225242405,-2.223553893858883,-1.6102162990477376,-2.534369932157622,0,train
0.7747357502633541,0.8941170350655255,1.426905048447098,1.4573413721446837,2.4374745674259195,3.006808854425555,1,train
1.5205440347886514,1.2855324208716525,1.4312291701804036,1.4254675080222858,1.8456243528951366,2.1143773170736995,1,train
-0.5822727319110522,-0.3500674915900126,-0.3537298190906566,-0.005441004994146903,0.5022020279019682,0.15360655171627424,1,train
0.8749913789921845,0.4606464967475765,0.5930205368681699,1.011386902746556,0.6149311690120932,0.7460587585355327,1,train
1.5332962346720065,1.3156174818042772,2.145762241913249,2.2460611244141333,2.4312737682131242,2.9105808808501195,1,train
-1.3595695336129807,-1.2569648366099677,-1.4198643680524992,-1.1038509716145068,-0.7848132819761493,-1.0597322120153099,0,train
-0.624323669555705,-0.46674841203211026,-0.4302800315466069,0.198240416385025,0.18129844942799833,0.6022287462339974,1,train
-1.2589058054771576,-0.30552703415654947,-1.1746320136936788,-1.4943303416088425,-2.1542819940968005,-2.393383018149629,0,train
0.5223808095067484,-0.07030303419009165,0.9035078116337691,0.8566356534675741,1.301249083939858,2.0065541958263964,1,train
1.8890234029307056,2.068575540821745,2.1158840864229616,2.435057964515069,3.395899340944521,3.9856537406113692,1,train
-1.4043518008100822,-1.5596729353960883,-0.9316491086323951,-1.1876245758995316,-1.1809575960600764,-1.62006541320245,0,train
0.024052987079155003,0.06427414684230257,-0.6374820621787398,-0.4683926478359582,0.2921848727933034,0.3993980675081496,0,train
2.6912086730452938,2.303740739661915,3.766757733281413,4.082251479738036,4.719622924850741,5.3306879899444946,1,train
-0.6124121315992839,-0.5582576983000134,-0.6596860295288003,-1.7412600056919558,-2.29932670787559,-2.6193177400409313,0,train
0.6439642400366264,1.2359070879077132,0.639945080728096,0.41715873664519043,0.5735191843610744,1.102054425836529,1,train
0.6047550003905446,0.4178691959228657,0.28463753209540815,0.7437692106594433,0.08917717133977032,0.11355635399138862,1,train
-0.49402597681034494,0.31290890225401974,-0.8059399036433179,-1.1747295600401297,-1.4784970834469457,-2.2653092916489403,0,train
0.9218712012103265,0.35945422669619176,0.887766535416705,1.0126080412293448,0.9750602035422675,1.3150167509032984,1,train
0.3834710289492622,0.3746157357830354,-0.5163975938459814,0.4457790128469479,0.40226690789504405,0.830354304095321,1,train
-0.09088083520315655,-0.2518659393725251,0.0333987104094734,-0.28138434077594965,0.04819108579107956,-0.6700297577228679,0,train
-0.26504893196937457,-0.7333438195596227,-0.9878556212444654,-1.269428655707038,-1.4324086198423929,-2.032794902383241,0,train
1.3055056632641495,1.3269047232860873,1.2096710003099282,0.6216539596674421,0.8677266769066759,0.6309227770131313,1,train
0.15925354934408206,-0.13701094240995254,-0.4699473399568103,-0.7970196435734593,-1.1455439378148204,-1.3088038824790416,0,train
-0.7451674149198805,-0.3253769480523119,-0.06817124130812968,-0.09445354195061108,-0.4645552438661166,-0.9526320953143248,0,train
-0.4999062368887248,-0.7917150945628955,-0.5964057499822072,-0.9658891505724725,-1.6196663022429487,-2.376108500619499,0,train
0.31333393453491615,0.3848975853033154,0.5789108527476072,0.1415893416853865,-0.40549702288638956,-1.0427764804706159,0,train
0.4444998979381304,0.5077181360319889,0.58736534694072,0.46579225893900633,1.7362673304318914,2.2112070177417533,1,train
-1.40381039282461,-0.4896603473562209,-1.6236944671188134,-2.307753677000436,-2.541042023353734,-2.154618372391897,0,train
0.9055593926898284,1.0032605915922757,1.0501572312686402,1.1731448585073452,1.5539278405370387,2.117513083115096,1,train
-1.2050242406811544,-1.344617747247516,-1.8119250580066124,-2.1819123156378377,-2.499284519432126,-2.7686327341544543,0,train
-1.8125542685862568,-2.338706247961834,-1.4913630793925754,-1.9448267705961748,-2.0633330116169057,-2.4888387461098107,0,train
-0.3269847248561196,-0.34972809222271606,-0.1254225267289933,-0.22192376831413535,0.35793704610792,0.24477263862771595,1,train
0.3394338749828818,0.8279561194779634,-0.06955271322475443,0.06967088368032194,0.6754317136819028,0.6597787491546285,1,train
0.9738683909555073,1.11582234966062,1.3209104487236978,1.8535674707980354,2.018161889257387,2.3607525819766932,1,train
-1.1489268526958278,-1.3696537780340248,-1.6636354770895232,-2.1718092985749333,-2.5042407083252276,-3.7260533454025557,0,train
-0.3647039644906772,-0.268961393593416,-0.9692088374701628,-1.3323505231486839,-1.4450456211725782,-1.8976778868957696,0,train
1.0451148362708278,1.1825140462570793,0.6143749622248653,0.830567761130283,0.7405556128614328,0.565099095992979,1,train
-0.04258066475005974,-0.15123825647042521,-0.2342673997971243,0.13486497467930653,-0.15094421874231623,-0.05086584807489461,1,train
1.1473610981616815,1.057951309560463,0.7509874628586101,0.7086871292504839,0.10426576235000629,0.24600177915885063,1,train
0.6671108841855916,0.5545674955972824,0.4362468095703978,0.4222311699667992,1.5921301098730454,2.2384136064180176,1,train
-1.4899760195366514,-1.303053773902627,-1.8604286795605036,-2.0123797885712538,-2.218851467709866,-2.325009348001433,0,train
-0.8003386800218256,-0.28856709349867077,-1.531410065686698,-2.1454406013098284,-3.321904368148296,-4.1890522661493055,0,train
0.9030729148842104,-0.24915671810553808,0.9069317070339272,1.3425428453895836,1.7960801444999985,1.8736029583027056,1,train
-2.4125297325606185,-3.335495711424108,-3.275400978005806,-3.453219821577714,-5.489833133690397,-6.2827299011511375,0,train
0.8561698478793911,1.2270190629870987,1.671105892856438,1.8816464671912472,1.6191989342233462,2.13431227607381,1,train
-0.14945338603664401,-0.32156440986038043,-0.24621265779978913,0.3008347490029816,0.38960328361667224,0.2664631607918284,0,train
-0.8719173190925963,-0.29671630716110775,-0.48808418134549225,-0.7498221004529014,-1.3496046213629818,-1.2982813505580557,0,train
2.2877035283724614,2.7032151239973183,3.1785303702210785,3.3886997537963706,3.7837349903424267,4.66650979135375,1,train
-0.8737104698269087,-0.9781667220388078,-0.6820954218449655,-0.30768956382607027,-0.13649568137798695,-0.2600173923275782,0,train
-0.635095147621079,-0.6561049467042395,-1.01324429960318,-1.2457150159120811,-1.1742456963008379,-0.8414213355560493,0,train
-0.2940319156801793,0.19709787914738458,-0.4622094597099886,-1.0274778293412403,-1.6313177296886074,-1.8976936522365238,0,train
-0.3082146676391854,0.1957199245487125,0.11356834359559809,0.2511728038508243,0.5473672368733516,1.1342486759815682,1,train
0.5556707211661454,0.6571006342989608,1.0524973827739061,1.6878158175452493,1.8519522669486743,2.331221899398374,1,train
0.42333456215446685,0.7302795799940363,0.12361462416613256,0.6981949474190511,0.5973370297176575,0.9373518242076668,1,train
-2.3869181894235707,-2.2848680385411617,-3.9799998124619287,-4.997694187021702,-5.668267324779504,-6.557920362556251,0,train
1.1859351899656816,1.2529917620516224,1.4479686696710576,2.527845572384261,3.123704958283348,3.679132574596845,1,train
1.103092930162884,0.8114678526877308,1.0373094558922547,1.453478749422756,1.6940165630444937,2.3403759782629976,1,train
0.9511532185342167,1.1853946691267905,1.2600088334559607,2.191282699670352,2.602042870257332,3.2783855469353025,1,train
0.5073974392251511,0.14986258338742842,0.9972336933738962,0.8142460856072475,1.095569716381214,1.0281795243235354,1,train
-1.51664522338446,-1.3678630727560142,-1.5357416180447727,-1.9786689676245404,-2.169133865603448,-2.0285395812464735,0,train
0.7766592545027788,0.8027184909719931,0.764868318036571,0.8866187593522054,1.382371359928492,1.1962659623396181,1,train
-0.4438733367759925,-1.3880848113706603,-1.3888122970279686,-2.2132416675395867,-3.1114731903150363,-3.372253321267749,0,train
-1.060588168196268,-0.2839229392435916,-0.8186972647554742,-1.3340083247807184,-1.3891470304626026,-1.8075135728256158,0,train
0.05777479919450539,-0.6513422465617702,0.29873113478011604,0.7125290030585565,1.286115917536772,2.0288420584421285,1,train
0.6774605295080577,0.4727249969196242,0.6227700943212988,0.4077378006651478,0.7667661912810708,1.7750717255112827,1,train
-0.9935928781117779,-1.0721044769619368,-1.1483505654574604,-1.7182861817051498,-2.6927338369204836,-2.6330826003744887,0,train
-1.0603442186494043,-1.0244805080433792,-1.2567544624487055,-1.960483912172661,-2.2729024767073316,-2.964195019299195,0,train
0.6096598084929934,-0.3435853766667416,0.6760310446277572,0.877596940628259,0.8594968196685426,1.0472033879361307,1,train
1.0472375106276761,1.2181133129625992,1.1943730619388422,1.100048488136985,1.3047472609531383,1.3183134579579738,1,train
-0.5421435961168838,-0.33073136840962436,-0.5475800190469631,-0.5776700752326379,-1.4789233617259039,-1.4001517192691613,0,train
0.2183673772554928,0.2988062778924201,0.05724289695810719,-0.028580872598245738,0.37093060769064673,0.019717746972349848,1,train
0.015403029574085268,0.20758557901375152,-0.03162027186536407,0.1831454371049101,0.2938865219741199,0.7520242334132159,1,train
1.350642415961891,1.7808122634501533,1.6859348110854788,1.9205838027228916,1.7782477349512043,2.170086476881751,1,train
0.28995346949038653,0.1404667246577399,-0.029078074600312642,-0.7440071039058936,-0.40762992933592546,-0.9895972708058497,0,train
-1.8070710031631692,-1.8983740951208872,-2.432929552572993,-2.6259017502504465,-3.157623403491704,-3.8231333702511794,0,train
-0.8358056587641737,-0.35034176429872765,-1.5842539801461935,-2.2547215532573213,-2.6666955414283704,-3.061869104853782,0,train
1.2424101072564595,0.6339892519961121,2.0689304886312665,2.4269970610881098,3.4877804555057694,4.55136929210312,1,train
1.369216192041512,1.0644102241344122,1.4670468207980694,1.4648764494077395,1.9341311031425765,2.454159545951341,1,train
1.330546917632076,0.7998053660792861,2.280337272736019,2.1937378044997287,3.126644982885873,3.5013438991426957,1,train
-0.2097009085225617,0.30156938971359715,-0.8731660955707882,-0.5886463005915121,-0.6421396408831838,-0.7426883051438706,0,train
-0.8819701493280164,-0.819762821889249,-0.6780306266356639,-0.43676191341152365,-0.8179757054935421,-1.2980338667672928,0,train
0.7244525058386463,1.0875174821469087,1.3460915384780847,1.6131044506719108,1.8155095148776723,2.6343101244447955,1,train
-0.12009387229511685,0.14728382673369614,0.1212074802287425,0.17065428075031125,-0.20152645468122585,-0.3414956193972858,0,train
-0.24367542320721744,-0.6685709558107451,0.0034335151281774667,0.46096687949614623,0.43430722824774004,0.2801806545605798,1,train
-0.6836483955183963,-0.649730938557844,-0.13372929339809014,0.25975920039063316,-0.039054102739610796,-0.7237354595634335,0,train
0.3471620315843532,-0.12757845818587615,1.1682679229862107,1.440180749591799,1.3015856287507241,1.2487901755587592,1,train
-0.8964891405679504,-1.598380660689228,-1.5138553093148366,-1.7697918387832727,-2.0107405276727874,-2.3080095972536694,0,train
-0.402714459953585,-0.35675460825322525,-1.2384844518783296,-1.5888476291510822,-1.8222677901636661,-1.9402484671816025,0,train
1.972855286785728,1.3163314534354997,1.5989362429670462,1.551375138811102,1.6580178452674932,2.1168160936036986,1,train
-0.07915178889122944,-0.13050812698087283,-0.2924708063689536,-0.47446983191134995,-0.12321602656392483,-0.03722183179329572,1,train
1.24745330357851,1.0217376089071035,1.2336225637932672,1.9109854696317317,1.9494079254695895,2.726745997676671,1,train
0.22429573879405337,0.8536205222980138,0.0650642577760967,-0.6395296655080556,-0.39582231960276226,-0.623875560251254,0,train
0.4218077544520389,0.20566981612274363,0.28354501913598773,0.4317024810245531,-0.14682124447943024,-0.21536950175147918,0,train
0.18696282457888383,-0.09696044156059219,0.23589939504849228,0.4878648311366883,0.7741680266907816,1.5863941473627412,1,train
2.248478160133249,1.954245585452072,2.6712060879166364,2.6806718009842827,2.9203256190033264,4.02365580558419,1,train
0.3788828910048487,-0.1453793029947873,0.6387226232192722,0.6530765086936136,0.6454648204681859,0.7487103768395462,1,train
0.28469627400413594,0.30431830982360825,-0.1693936660240674,-0.24398613012141415,0.030799106703275958,0.7090138921297219,1,train
0.17889532832175736,0.3735483526456632,0.13854335437713367,0.40770093904414817,0.05614883115111724,-0.011290507461502133,1,train
-0.4894764513302591,-0.6865099481901927,-0.411680996358388,-0.36437919871467006,0.23478382426123467,0.09161131053161603,0,train
1.2061702418381455,0.5388814204288025,2.170001169496353,2.51444759690986,3.124291016542024,3.8111533680575027,1,train
-0.808479430173182,-1.0812631254343583,-0.7508185721867844,-1.370754437166205,-1.3102696724642346,-0.8362864902978092,0,train
-1.5278127358629296,-1.0446432015832756,-1.962052675149982,-2.6955585048516024,-3.5328157027538043,-4.381439621193998,0,train
0.2638598261189062,-0.09710430449141388,0.5124170016068459,1.1405483514326837,1.7659271859493844,1.7885914297042838,1,train
0.46037234132666793,0.3753013460910123,0.907370475736599,1.442916399125257,1.341893948130568,1.7766050917642429,1,train
-1.1888971992055752,-1.4276327901070616,-1.354784794724539,-1.800176617869171,-2.840963291760449,-4.224819394371043,0,train
0.2806680218069693,-0.12476608605974648,0.27099821903295457,-0.04865637762589714,-0.46751606549218305,-0.48764463836511324,0,train
-0.009424461987396784,0.2723339881745939,-0.22134965213596444,-0.2465548198840058,-0.11489572520133051,0.5997138532692783,1,train
-1.6130790485589062,-2.24838553447972,-2.4630276775704973,-2.61373855004726,-3.9034637776265932,-4.325016622031463,0,train
-2.135375295363273,-1.3470466604390952,-2.4047806264824567,-3.1947448732818837,-4.151638869702505,-4.676438274872148,0,train
0.349094724638128,0.3967322791198288,-0.09747215484126737,0.03309011383677092,0.5749299854120183,0.7084919589203071,1,train
0.0023440492071572995,0.3102503063429108,0.07528347647975193,-0.3303950909196555,-0.8293725969906833,-0.9186231691170565,0,train
0.8404582963157375,0.48044182685826115,0.6297721966496532,1.0673859046336913,0.7628518512083021,0.99019354971062,1,train
-1.3508548758742946,-1.7423170134208035,-1.9067040859459112,-3.009440008259032,-3.0204409638356466,-3.810992588960429,0,train
1.1825111275807831,-0.03301798438466852,1.5330818804894863,1.5570252355833991,2.4938963850270692,3.2919603123598815,1,train
0.11649232222097941,-0.18988662139634555,0.40940875163921897,0.1261339235430992,0.44554116219090933,0.42279678205083326,1,train
0.4540605808484948,0.6599483109211448,0.6062092501902993,0.6259021393845994,0.5570025265312285,0.24784259966133615,0,train
1.952777823698749,1.834822845292233,2.2636380599020227,2.489367521603701,3.5540101597981857,4.537586403264295,1,train
-0.022042251626950168,0.10812014332976444,0.025189843483187535,-0.4036847426889263,-0.061621140041305034,0.11188647132645248,1,train
-0.17315649991302542,-0.6037913209055424,0.3224390861448528,0.6034044685544014,1.0445658781619396,1.9629212398990519,1,train
-0.4291329315146633,-0.6881342339429051,-0.9764911173221892,-1.2224656592005168,-0.9993188271827895,-1.09552039654713,0,train
-1.4490016479906596,-0.8726502300334282,-0.9720210304492588,-1.0806030730367508,-0.950608491636207,-1.0854319481022308,0,train
-0.08823957973185272,-0.6830108925063357,0.3623639371882163,0.1973049088117136,0.14231726966487235,-0.40705946465167553,0,train
-1.4740520468301608,-1.8645574426366072,-1.8038649065074202,-2.646587197283373,-3.5627274373596736,-3.5733187078245265,0,train
-1.077810588784104,-0.29362776680671043,-0.8003257572222653,-1.7532801446580977,-1.6764595857594768,-2.264352180287291,0,train
-1.8157956390681855,-1.3735826548998649,-2.1203028539334476,-2.883330056995495,-3.1979583214799083,-4.132917889759821,0,train
0.7804839717557556,1.0935765047963322,0.9802844341969529,1.0808904156728518,0.8102637821126626,0.8775764062496658,1,train
-0.10871148975736936,-0.2600465190980745,0.4196822669328939,0.6165032851304962,1.0543666808092595,1.3320173585767263,1,train
1.2260287617527044,0.6401182818051118,1.8275603359982568,1.7858265935902797,2.1290272421763627,2.482086084333656,1,train
-0.5695691123993597,-0.6025633520542518,-1.2521717239175492,-1.2083727993534765,-1.9321156138411886,-3.0882393636427414,0,train
-0.3907254238194681,-0.23773411250214352,-0.5192202068656518,-1.2191315379821948,-1.0476026321746463,-0.8651931209558933,0,train
-0.714642567914531,-0.11657384430951268,-0.5093405726371075,-0.7966138650401124,-0.6234577313893483,-0.20385343985694726,0,train
-0.9522525398405345,-0.14219549113132057,-1.8808072387887456,-1.678981239849373,-2.162746827404757,-2.9002145293997503,0,train
1.7480740141412172,1.3949778448408832,1.9940352460342166,2.68360588001536,3.2513407118427335,3.958512301136925,1,train
-2.8220190962827334,-2.2872913402092054,-4.422063010026294,-4.547485269922076,-5.616457541872141,-7.148212531571136,0,train
1.2815815482291062,0.857125989225072,2.1007547870268937,2.639392900815813,2.7592452667721212,3.61249402285392,1,train
1.180558870614613,0.8502216552227666,1.469763517235529,1.82426901512302,1.9195367449803649,2.0352842262463082,1,train
-0.4566442718506668,-0.5755684305467814,-0.3519833030185322,0.257763257295066,0.791271820385014,0.5375119048732343,1,train
0.1442433493738977,-0.40364508962743456,0.3952368129372653,0.1278194990072548,0.5162720434919471,0.5559390822509025,1,train
1.5750857143495114,0.9395167948286269,2.1796048535042853,2.5368250104348147,3.359227017334236,4.091810305950828,1,train
0.01147290095933384,1.0216176936327455,-0.4890205571390688,-0.9574477220068398,-1.0105080935969801,-0.7238914975685748,0,train
-2.07072610409705,-2.292774455921689,-2.0862643092938122,-2.273104634146638,-2.8818432767622664,-3.626939253664923,0,train
-0.7012141814774813,0.08620603896953327,-1.1611840694592968,-1.247347055893609,-1.2669903749328277,-1.2110200481576472,0,train
1.2955098978034998,0.9066355607584775,1.4414796450095846,1.2501801170881617,1.5758617587205712,2.5158385094345284,1,train
-0.9771644566642851,-0.6931981467498078,-0.3652182142435556,-0.06518291454016234,-0.352085511753847,-0.7480072526468249,0,train
1.2347646768819105,0.46542744001984926,1.1348642420174582,1.5409911983192566,1.6898512468089195,2.4379679796009968,1,train
-0.4345423770716314,0.4768323634857533,-0.3150072256587023,-0.22410007335877502,-0.7038677373917459,-0.5764595069798757,0,train
0.7398461543120014,0.9100207484725511,1.303669854926942,1.5515819125546249,1.9013874440634677,2.342169810511074,1,train
-0.5219164972006788,-1.0679040973668295,-0.9850335734388995,-0.5401171434191105,-0.8705106062321473,-1.7218851064653165,0,train
-0.6883424163413348,-0.6134800676680868,-0.7842918338702479,-1.1668934853490789,-1.1412498835829994,-0.9205431910144855,0,train
-0.319925128464395,0.041987869300727954,-0.39454351708879876,-0.40759207839743855,0.052141619494314895,0.6298728233525189,1,train
-2.143666183963375,-2.517827177156586,-2.4168353799702875,-2.71092468060988,-3.714361817991626,-3.764468310509575,0,train
0.5881294115272383,1.138620051333865,1.1572724216148034,1.3489868198590442,1.925380362641766,2.2187510042304344,1,train
-2.1748529042908293,-2.071539287036441,-2.3481085247099087,-3.1385737152958835,-3.6523344416620174,-4.350197982678714,0,train
-0.06572935966815892,-0.07368254704257776,0.15242613274001288,-0.21448426931024378,-0.15214217278255787,-0.47202403005655225,0,train
-1.1193026754215594,-1.6583610303011087,-2.096235592210716,-2.480824923339209,-3.425536235946884,-4.404595796516044,0,train
0.35605600962194756,0.18239814624036435,0.3892091523535828,-0.3146613353536046,-0.7884941151381872,-0.6919559963664339,0,train
1.2818500139593894,1.6634601749084208,2.0218436003035705,2.9378035764873736,3.656921632374408,4.238013312744698,1,train
0.019642941120610307,0.026668613933588166,-0.06674301862495305,-0.10095992469363746,-0.04264188385223806,-0.4813971775160666,0,train
-0.30994118609991367,-0.5262641802281676,-0.43570118675445996,-0.36152061675574254,0.010463800007492308,0.04389075951046401,1,train
0.2887186585766942,-0.1937749785551024,0.6093805691697556,0.8699036629383993,1.0161392534523213,1.087739570461795,1,train
0.47336098784032615,0.11972943892954874,0.5079726902425357,0.7087439459331795,0.7484113316699261,0.8313202396080641,1,train
0.8866063068298691,1.2520591539103203,1.0172726274141728,1.264582106877957,1.4287311199217185,1.4130973755404297,1,train
-0.47605382219279596,-0.5185358007715563,-0.4826848067328353,-0.9559883385167013,-0.36749574118977635,-0.013543638144843051,1,train
1.1884168252161924,0.60895140833567,0.9065347836083977,0.7825858180950473,1.4704661834979338,1.6885028108489206,1,train
-1.0273690236534296,-0.4430073920759212,-1.1466585330140968,-2.098665490619258,-1.775009416760676,-1.8875056602071065,0,train
-0.151338300468779,-0.14606470479223632,-0.8580740795509876,-0.2464601180550653,0.01915483987244393,0.552505358331265,1,train
2.2566341697232017,2.7447920991204073,2.4796816960674057,3.3562734628677164,4.676610251361536,5.5632033422190785,1,train
0.22178063263411674,0.9473745637664229,-0.43544895097417885,-0.01962488856683986,-0.38181248968342874,-0.41677963275065577,0,train
0.7609297148216766,0.7996470003610511,0.4918115037737901,0.5680538630098553,-0.18892208146885459,0.10935019021795825,1,train
0.43333508613384236,-0.06730210561679872,0.1602875802530892,0.819886357220371,1.4412965492244207,1.930424597501353,1,train
0.3177547006359841,0.016821493058471804,0.7929182742385777,1.3709012258861062,0.48884783973686297,0.5575922543740364,1,train
1.9921008149417123,2.1867076588633747,2.7628062267211897,3.4247210702458277,4.214356748516745,5.551565983665719,1,train
0.07260611755564407,0.39270599293221364,-0.013440838586798856,-0.06104809657147152,0.28960980998545427,-0.5925940904495555,0,train
-1.5364617509398912,-1.433416653069768,-2.0037237520079136,-1.8872821772057886,-1.7068506045038352,-2.0993040173518014,0,train
-0.18984443657664515,0.15153963189839537,0.041518123612666935,0.1883706783745056,-0.12829796026952064,0.39622409392926206,0,train
0.21674356296158756,0.21439221240011264,-0.3613031578671008,-1.0845759496720913,-1.5797356806698981,-1.7306516643298693,0,train
-0.5464987425376429,-1.2299807164932095,-0.46647386240022903,-0.3822679657179212,-0.30536075357120707,-0.3436391457674949,0,train
-0.572274783587006,-0.27902897973756086,-0.9362210206945131,-1.7190028989989656,-1.7409011408543238,-1.3007497823136989,0,train
1.2826439002196062,1.082084720785593,1.9316315761162226,3.4838324377782097,3.6790861741586354,4.589205016342955,1,train
0.5843366077577359,0.5319335308670511,0.9862311186965549,1.370273758841883,1.8292395676949915,2.429092704902385,1,train
1.6268973886976361,1.2529028128020896,1.801842214710673,2.0175301642116152,2.006562242360334,2.6759406982626284,1,train
0.2804385218187828,0.9970709475645629,0.4201894257259279,0.7907685612260393,1.145213407800652,0.8689732404800358,1,train
-1.0975430414152842,-0.9264076638195975,-1.5491405045739588,-1.414664144260877,-1.8056362472093959,-2.2071640602772007,0,train
-0.21132537111298572,-0.6939541207416247,-0.9965436761647668,-1.4552033085751397,-1.7315472029311982,-1.8653488205885917,0,train
-0.2788127520960501,-0.32827642276688834,0.45303493026113206,0.9596433602168281,1.3234390832250653,1.9786589639525538,1,train
-0.32511759911605836,0.5149557634509958,-0.07253614229795474,-0.13512235774654272,-0.2477471225128726,0.15286364204772362,0,train
0.7793374503357301,0.5371281854406516,1.173686420045894,1.3222797586092576,1.7992305328299456,2.245801384014712,1,train
-1.7665998599130843,-1.9934098646908018,-2.3174300003872825,-2.2885703648610307,-3.0126118174512224,-3.621402745633098,0,train
-0.1381923147352485,-0.06237321124442271,-0.3338583021563616,-0.24245478986766622,-0.3808825584529747,-0.4612891329675136,0,train
1.6005033656622156,1.617647039567092,1.5318882225417905,1.8185708259482474,1.6929620487482013,2.2423613831615516,1,train
-1.1231506142133496,-0.8373240899605334,-0.8436168347080982,-1.1622437716353946,-1.312878001609415,-1.8231212261474732,0,train
0.7554260863234338,0.4366573217293963,0.47080286168139424,0.8218690750943114,0.6090894312662742,0.7204835296533677,1,train
0.03563424292687368,-0.057513486230288687,-0.1364680757784296,0.11877578322777546,0.10688533570632058,0.40776049765582156,1,train
-1.6570369118406434,-1.6097779969622494,-2.2431094569224173,-2.43429396741171,-2.7875009437084017,-2.904751884267611,0,train
-0.9229395365882521,-0.5004292993301466,-1.8530682770683866,-2.5291518170520257,-3.3175496090993497,-3.0177289597236117,0,train
1.3741370352199693,1.1713010122027927,1.1104658741020432,1.4723743182268128,2.105315394401667,3.0847939672367475,1,train
-0.6782720560565055,-0.36725357071487497,0.02308161190711,-0.23251619180491967,-0.3189947461042141,-0.32294405461779324,0,train
0.08605320417073202,1.4587170277856958,0.3869996150961156,0.2888529376896198,0.9717435716720764,1.409077613626439,1,train
-0.06955992817082529,0.06298626202557021,-0.4646640761930562,-0.48839834450993436,-0.6888684301758892,-0.12275123438659818,1,train
-1.1290258906842645,-0.909307696456607,-1.625613309124127,-2.067895848566667,-2.3128436182925527,-2.2497900480900106,0,train
1.1760337952444277,1.1343102938472986,2.08197773516079,2.770283713059091,3.092877754864819,3.4871952119638308,1,train
0.9522308297325046,0.4210064495958925,1.1575982146759556,1.562456355523651,2.0296351529320678,2.429395989575677,1,train
0.4318089821997865,0.8224310711637484,-0.03659877916098109,0.26132886523911864,0.9797058547875267,1.0112567237601966,1,train
-0.13759057554496382,-0.38696373188122846,-0.7403889249470347,-0.9319448268395593,-1.1772767297854974,-2.044310350520922,0,train
-0.8221967431126289,0.05730219027296635,-0.48087156053686486,0.03546078381141937,-1.1983068784084578,-1.7778560514797095,0,train
-0.9427342240687798,-1.0510000798973322,-0.9485250478763744,-1.8099073989945418,-2.3076812577412733,-3.1412307595251345,0,train
0.9513037667091526,1.5887149870757913,1.7207413135912324,2.0766316379849608,2.1753224101674995,2.3200985890463084,1,train
-2.081845870285523,-2.036019069216757,-2.61227450008007,-2.530098343569422,-3.1576093465152018,-4.343787399995351,0,train
0.9997797607766079,1.3046693268567187,0.5929062840366291,0.659203196644762,1.8732997158634308,2.434754447524502,1,train
0.3552246934830946,0.25894169008865775,0.2584559463915681,0.5628239351261348,0.7283901598898495,1.2422540098731254,1,train
0.4871144038059788,1.1285179382782142,0.8580373659047615,1.3987280300032126,1.7439126114327463,2.7212267714405964,1,train
0.008843000329898447,0.8834342417200496,0.48463829074940534,0.31264308009918823,0.5433725119170525,0.30181001574398075,1,train
-0.9897630039336274,-0.8520344474482784,-0.7368306468127828,-0.6897836614186683,-1.4334509226074397,-0.8588512647750602,0,train
-0.8523531258811354,-0.7730932470702184,-0.6529833792952154,-0.38757232813559706,-1.2444350867918463,-1.3910784205733857,0,train
-0.14020305066839053,-0.2030495202231062,-0.5964656515015085,-0.2914353665313059,-0.49877276248162816,-0.9863574147056278,0,train
0.45117686105058685,0.4080821072936981,0.9428315298227454,1.5561341441465555,1.5492566021310374,1.9801970552224235,1,train
1.251527541858124,1.2135595765479399,1.5013048289615971,0.7925025299134423,0.7316537986347568,1.199035217932674,1,train
0.2910685898915736,0.4874599450496423,0.24796330925432486,0.7153835774047338,0.9861734188926463,1.2650433356369089,1,train
0.5510086515198677,0.8218216759654504,0.5729759622497841,0.4992188152819681,0.14105261092069643,-0.4826438753055569,0,train
-0.7765814667843194,-0.8133218061907542,-0.3772657180153761,-0.07396923945229938,0.059658313334501833,0.5534089984177544,1,train
0.8869345305297391,0.8784016095372491,1.6653916706824452,2.5939895553346055,2.8360914333834177,3.190272457319162,1,train
0.527271762781081,0.4319267143483484,0.6743861541227487,0.7132010394466027,0.763954073955283,1.4556414055959461,1,train
1.832533184891138,1.4508238934051385,2.6337473070693265,3.3904353102596665,4.029854394886013,4.574609333716044,1,train
1.0043243271794888,1.456494275630283,0.5645801136543636,0.05819308017109781,-0.38727676513048576,-0.2808919592185215,0,train
0.06415261774515564,-0.10261909885514098,0.03873800363907277,-0.29917192307385954,-0.07403394748423497,0.32360587685376685,1,train
-1.0879807974546476,-1.0140170665290742,-2.1903030163427113,-2.4867086258464584,-2.6978111097290345,-2.836237465827457,0,train
1.6049932301076428,1.4116759819799531,2.0803094426940816,2.6935002452588495,3.56985994871584,4.033453395667806,1,train
-0.8821394230563474,-0.851717026025754,-0.6279147639381601,-0.6807363998380483,-0.9663678270417895,-1.3159268548157916,0,train
0.3513497778515409,0.061152139431524644,0.8565468801818423,0.9694944580104927,0.930146106488486,1.1263591195659504,1,train
1.0526532374645186,0.9366369439742186,1.619229493122175,1.2613701655988145,1.486270784649803,2.380760377641494,1,train
0.8459950678889255,1.7538525218333856,1.4032855033294278,2.228826499445852,2.403390256263467,3.2532481535585545,1,train
-1.0432606408426461,-1.2449086274555916,-1.8746831147280734,-2.6724735320333264,-3.181731289414741,-3.5713730583119823,0,train
-0.9466511947527202,-1.187682402426212,-1.3129955341552533,-1.6535287778224765,-1.8560255588486974,-2.9062921738229948,0,train
1.185198417079714,1.4152446572118935,2.052635739633768,2.4340044446454976,2.8393796895787213,3.9925629705024286,1,train
0.72639651351937,0.004514206226621242,0.7201728162712803,0.6115086591389165,0.11684397377727251,0.38453425995360707,1,train
3.1257587080906437,2.971259899596298,3.538058154968123,3.5477375146480545,3.953163371408265,4.199789249348058,1,train
-0.7650043040922401,-1.0639098790960597,-0.5179048421962051,-0.49186045164653625,-0.18307016424175743,-0.6435792577282389,0,train
-1.6177718966256838,-1.9281019735436167,-1.5468157873039174,-1.9323368038355848,-2.6208659320477565,-2.473712548242936,0,train
-1.1644389391372056,-1.7710732770783326,-1.4458769333259607,-1.1874250465822187,-1.1727769466317681,-1.0944889102146322,0,train
-0.854196697320059,-0.49787627089158054,-1.1824284622736203,-1.3926242171278387,-1.6597647668102467,-1.9259092106239377,0,train
-0.3861902291666515,-0.8950961333342772,-0.3209535679439407,-0.6820127586041185,-0.7861785894135551,-0.9675400467524812,0,train
0.32360819585466816,0.3326308832658256,0.752244590584725,0.6578511233929888,0.7184212184457615,0.6532012785688699,1,train
0.32749151334809634,0.09606950537302397,0.06913864086160015,0.051644040603271386,0.9008691394434253,0.8188987577482933,1,train
-0.2638335780441786,0.09080054718004976,0.32822592911988757,0.06614782669504332,-0.026757047028251837,-0.2050266158366215,1,train
-0.7418089907352086,-0.8945133198444645,-0.9857758745039056,-1.7526697973725096,-2.6666398236872855,-2.922605737254811,0,train
0.31712533636388973,1.057348323044008,0.1411759946291061,0.41228683332832317,1.3202164647494332,1.7731398720266607,1,train
-0.49038240056115723,-0.0882945132737124,-0.3560542936532769,-0.31891935981168656,-1.1208512400462953,-1.4984019451511132,0,train
0.957911280688102,1.4793082265097124,0.4676046965808809,0.544846504742768,0.38187833864070075,0.20556328588967882,0,train
-0.3245200107694022,-0.8439359956757322,-0.0074818593079628015,0.34526236636116886,0.5299276152423379,0.34239882314085707,1,train
-0.5892676472552879,-0.3554310626672469,-0.0709781685113281,-0.1158525814350978,0.034286676588807685,1.0462895787650817,1,train
1.2247747437578205,1.63093128097666,1.70944603785561,2.3579432134429985,2.609481596269078,2.615407202442949,1,train
1.223830302362624,1.407463992649503,1.3359891879038979,1.49563467040413,2.2623974390222714,2.5294700925381957,1,train
1.63737399821164,0.887527719213347,1.9204637084679617,2.9610146817843344,3.583609069227787,4.465723135139824,1,train
-0.9164803775670456,-1.4720028034569044,-1.6493288024027126,-2.2927821904698558,-3.461764604918968,-5.100880637371008,0,train
1.0186584278519546,0.5532448576832271,1.0889963425950508,1.5896964321525964,1.9010401020871026,2.4824790914868204,1,train
1.4209736908699329,0.9239936384811122,1.9114773098586748,2.344979956088494,2.0803161247730064,3.0860239833959535,1,train
0.26227863430063286,0.5836718679100219,0.6984469241611653,0.5511950329277227,1.1115595468412771,1.1274404823966004,1,train
-0.8954130255649645,-0.6804953669043872,-1.1433555545772487,-1.4915177015882823,-2.0227120592249506,-2.2116680587261976,0,train
-0.11280447644075145,-0.8350877868829149,0.14166674739385926,0.5091602231310547,0.4045500753109723,0.7686668920584465,1,train
0.6430453052507876,0.7155877272418683,1.1230823380722366,1.2589156658689298,1.8120369818739535,2.198786950025159,1,train
0.1443677342708653,0.29749500938494344,0.520996443821729,0.3496114486003971,0.6298720490548824,0.9220355286659432,1,train
0.13336368241808894,0.3472941855026414,-0.14563176496561225,0.06309049714047646,0.24203231512592283,0.387467892060918,1,train
1.001099977884016,0.7177236325845814,1.2560545702322792,2.076345077347105,2.8510343658205692,3.3082123705651116,1,train
1.9579628000563039,1.3085625129417788,2.1043345764368038,2.7761438853777047,3.4249673763378157,4.585535946204883,1,train
1.567349705999738,0.8581383691146081,1.8185734936724685,2.3128196671886956,2.3917253394293305,2.629833952843819,1,train
-0.8684534009498224,-0.6835655806538636,-1.0960515202985381,-1.2733554114825236,-1.1308418733918988,-1.529701291434441,0,train
-1.6079895324578646,-2.18295102668771,-1.8214435232771016,-2.0625493664861883,-2.6708519800188806,-3.2084723759211182,0,train
1.6933481034101636,1.0501438713321207,2.7432206392435887,3.4210647237663343,4.3236461159648725,5.14097387177521,1,train
1.4323256710302845,1.707548478802986,1.0991901632162038,1.8016764519569926,2.5589211718862486,3.3730003754860647,1,train
-0.05469869069929981,0.3893143059565244,0.0024881369206721654,0.2897663729120711,0.6601734093879246,0.43925900995012845,0,train
-1.6046226840463387,-1.1886402783959094,-1.8616416098266606,-2.212812188176646,-2.089362005428533,-2.8175563376320087,0,train
1.4979268306081355,1.068284152375968,1.544906634690972,2.214474476199219,2.73349723336193,3.5400491508786636,1,train
-0.4783618738309872,0.12013354082744371,-0.7500821622336701,-1.3665627734987664,-1.1543205079738506,-1.3640118493753943,0,train
-0.7867382767397413,-1.5373727732662812,-1.0405120703992494,-1.5960312464344586,-2.066320305500126,-2.0595450895486254,0,train
-0.19615547119157614,-0.7031171701974515,-0.08305405531927981,-0.37079919913815834,-1.0450907391273607,-1.0542880112996316,0,train
0.11212990081311963,-0.0469012604114071,0.05623564509542378,-0.05024296263066477,-0.5205500678792864,-0.9516138965301448,0,train
-1.5698310338608419,-1.2127658015321219,-2.02073384654285,-1.634457156137528,-1.476992998404586,-2.3822989203413676,0,train
-1.2546242605026658,-1.7948742158848083,-1.3178578838312585,-1.781692641711076,-2.275337459430194,-2.6672509118099743,0,train
-0.02170177640135987,0.3006010774344546,-0.2832244503836985,0.5108718555621264,0.5944465214497222,0.6601887101276802,1,train
0.05136010267033305,-0.09797663751479516,-0.3467844658058275,-0.7200604150142752,-0.8818822437080843,-0.4236842685075778,0,train
-1.5215742622204729,-1.4937141633344135,-1.8718233268640978,-2.616004092308028,-2.423815530581755,-2.7981329910990342,0,train
2.307084599463495,1.7936172400573858,2.5350595510984824,3.4725050147220857,4.878179103044163,6.589944368096697,1,train
1.1641614913521177,1.560635623717928,1.2621132251604856,1.7717730846800057,2.1256397857790423,2.9940247545036938,1,train
0.5427550406471954,0.09692162785625552,0.6278519521134519,0.5546009078277745,0.335413324819553,0.3367746449785193,1,train
0.6360450178779143,-0.14329902992030763,0.4389236006299432,0.5692943254200395,0.5884005631644184,1.0970291283061488,1,train
-2.072537301488008,-1.7362212485650543,-2.269656504700382,-3.257749741540743,-4.239033349043359,-4.814944631191261,0,train
0.08002444269091008,0.3270366831305333,-0.007224758236495654,0.3183450161822804,0.6423817208709968,1.8194885636451419,1,train
0.5338263406945297,0.54927951450965,0.9078693913099012,1.2512656084948541,1.9130753147038113,2.1809134999742446,1,train
0.11039806434599019,-1.008906030136145,0.5712053162395826,1.2168917450971686,1.345172802629912,1.0589181601751534,1,train
0.33863182556504934,0.50387098563766,0.6397521716279875,0.7564939111770688,0.820917573996018,0.8869028592370671,1,train
0.5935611655513672,0.2993551780572635,0.8316198546966505,0.867912672420364,1.861253036964051,2.7438871853145037,1,train
1.5322502024408675,0.8847587284890934,1.9991876036171408,1.963560733378606,2.1483279569203972,1.815440662056067,1,train
1.0887413725824289,1.2484931119394045,1.5172644457657993,1.4475527745253676,2.4004633196110445,2.959117496755429,1,train
-0.5217952489455159,0.10012915155646196,-0.42687743631966957,-0.6432777442500632,-0.2713359743213005,0.1427796297432608,0,train
1.0887956845921603,0.4906643752349427,1.2180883358652606,1.4070100886355426,2.0298184152523033,3.0943531817077488,1,train
-0.45176840990162154,-0.4524859245216576,-0.8560783025592633,-0.9407251769740196,-1.2697822989178487,-0.5445537024771018,0,train
0.2128132376204355,-0.2044784646932473,0.2771143967670418,0.05440337877110901,-0.08011878386302099,-0.26376484775069686,1,train
0.3342194796098595,0.3257116068776572,0.9264569926073253,0.5191063852760288,1.258846443716502,1.3723559033359614,1,train
-0.00856179264496984,-0.08232105208436641,0.6045469795044175,1.1292993964988418,1.831313360043483,2.7346000237499544,1,train
-0.1857295837897625,0.10954581999901417,0.12177746222430855,0.10051280635311088,0.45715343634687244,0.9753452467937793,1,train
0.27495684547357635,0.02507467310629566,0.7215858976638642,0.9719366134067291,0.7942110028019442,0.6518812014426341,1,train
0.33994865493085313,-0.3612553106041563,0.036655005704922916,0.4829522284167021,0.7916912761618926,1.2050441209040947,1,train
-2.4395258135900044,-2.024201527076675,-2.872911337256278,-3.0869018731095443,-3.9572013292370887,-4.537462955922838,0,train
-0.09933021526971939,0.010837566335109211,-0.9078771702227348,-1.9297249551671642,-3.060494668564295,-3.383584653750751,0,train
-0.7980920595143263,-0.1934428597426786,-1.5595531503847897,-2.366234612867924,-3.2444309952033095,-4.144298019704759,0,train
1.5302354552592052,0.8434718668201376,3.259428663683183,3.5312292843894038,4.766819383529571,5.33827687116074,1,train
0.1687549006902813,0.15591016044579287,0.4256715531094507,0.5194207505642829,0.29997355209559784,0.5226221293178004,1,train
-0.7452496498282256,0.07294878218775991,-0.798642354256267,-0.9242193154574241,-0.7772548309456164,-1.1625289950075341,0,train
0.4684972639249446,0.323260447755207,0.24772545241019722,0.9858796650102944,1.5760645418137982,1.97508069442503,1,train
0.14037512073488267,0.49006854193749105,0.6028966064029082,1.2358453799925524,1.5016909972965848,1.3699809018137343,1,train
0.5562913882591736,0.6611945452775753,0.8993845776031165,1.5759437684983642,2.035930940992604,2.6764409367433792,1,train
-2.0681723799300453,-1.6119162987448024,-2.30700208976237,-2.3838358841523886,-2.9681236822486863,-3.9169845612832463,0,train
-0.35914765645887764,-0.6396196570695647,-1.0080804204959877,-1.8690140676302893,-2.3171309932608293,-2.6458807189200524,0,train
-0.9874245627634003,-1.3904228705705215,-1.4067838296153659,-1.358254276422912,-1.5041115169530124,-1.6563478506956828,0,train
1.440594654596976,0.6579804539019012,2.208537328667856,2.639147497852375,2.896575898400083,3.1752930450169874,1,train
0.7524964724801031,0.306783728595764,0.8256831236064333,1.4467285943053727,1.5211310757712873,1.047764368314264,1,train
-0.24664920320975203,-0.01973568042871729,0.3301807959059114,0.6962798344271228,0.30608989998619174,0.4724419697291993,1,train
-0.10402292673931537,0.42982302333592076,-0.22720137326819262,-0.8107751859481187,-0.6157044371318553,-0.6712796720100471,0,train
-0.10729589396106333,-0.37578327323305033,-0.054499124010910824,0.30024089127565634,0.2947073130649849,0.6285994610085326,1,train
-0.5178399014777427,-0.3708335183925292,-0.6723040290545299,-0.8851817900867489,-0.4521283244189669,-0.08471802691450209,0,train
-0.9663493908832859,-0.526802058396078,-0.4275635012399226,-0.4573231548392511,-0.5141493149772823,-0.9465429524849849,0,train
-1.3086646840964498,-1.9094873538521955,-2.0531189572604167,-2.394647425989989,-2.5323718044664223,-2.819221753168725,0,train
1.1307037771318404,0.8888326962742306,1.8844453878094019,2.3092842089242764,2.8719642246957613,2.7805932892231158,1,train
-1.0277792322356214,-0.4038803986197922,-0.7197427842078002,-0.5706583266542049,-0.5656955765589531,-1.0401156975304384,0,train
0.4194052954417534,0.5498065525051312,0.48078470138709034,0.8634400761513549,0.8066751051422762,0.4143729748348026,1,train
0.8289145078643511,0.7563099671385388,1.5408624099729251,2.060644244211552,2.786943544832052,3.332333457940005,1,train
0.5442814722353473,0.6012306862118136,0.8362661570042393,0.6055163019365757,1.0785508833260975,1.2163442206011803,1,train
-0.07215756052138171,-0.11469922535445568,-0.4516405036463245,-0.2573877738833805,-0.7492787297943739,-1.3298322816366728,0,train
0.5680047467821244,1.042448362426867,0.3321921910492877,0.4895422012833218,0.9324246257888069,1.1218959041276302,1,train
-0.6095426652070935,-0.3565714542376471,-1.177120729659726,-1.3946160464620674,-2.4270740336696797,-3.1383225559717864,0,train
-1.010132282848216,-1.0008965856137617,-1.47986095425243,-1.6075275928133894,-2.100769951724693,-2.776264112494508,0,train
0.8953510851161394,1.2856942155440614,1.6787707540131085,1.4277940376351412,1.749117489459525,2.03785604448617,1,train
0.618399290303087,1.0829205475961823,0.08478767184230263,-0.06332330222430467,-0.5493381578089996,-0.6609178171064665,1,train
1.1268601907680218,1.1672214946512216,0.8610418195476599,1.351858706428844,1.4657838180862874,2.027338218134941,1,train
-0.0031681345641322335,0.24913029889516625,-0.446374256125592,0.030850749420990753,0.1948701125213814,-0.021414537227983643,1,train
-1.9603576954841853,-1.922426433399292,-2.3199975974259472,-3.0902794159885385,-4.16136212314243,-4.770630523629724,0,train
-0.4786835023260677,-0.610513874683754,-0.13848501131571533,0.11074398520874182,0.032457460485383824,-0.5556223558977399,0,train
-0.6977561397456282,-0.3599386915768253,-0.6423739042276952,-0.6106808992685218,-1.2862102779996833,-2.254678961501683,0,train
1.0040966773859912,1.3099553072444623,1.5970236594833744,1.785984987050536,2.16769939382164,2.672675049770907,1,train
-0.8536771845391607,-1.3256296378730321,-1.3341828299481888,-1.3213159586516299,-1.2748571601649055,-2.4831785586431603,0,train
0.9309123557408744,0.9217687772309169,1.0645365256049717,0.9283289579202201,1.0135421893393952,2.0546247800302107,1,train
0.24032981526408914,0.012153661997924142,0.4589706126454537,0.47173561240270007,0.5593549656705091,0.5659063218329973,1,train
0.29388261028079177,-0.05168044119196902,0.20855081499697137,0.18712310901845192,-0.2805094010196699,-0.6685214205350374,0,train
0.27007659955124935,-0.2660566254117783,0.1850811815381853,-0.34109750780070236,0.006935315010879017,-0.07226481448693359,1,train
0.6223632848752979,0.010250359379289642,1.1226528709837074,1.5566440561814716,1.6094937261650393,2.503236099377699,1,train
-1.0715113959951033,-1.433578214151273,-1.5869351924719148,-2.4838266406377536,-2.3428497435064384,-3.0665070443301667,0,train
1.208887415884917,1.143516478106632,1.4563313573633467,1.6454259551100152,1.7178768721294246,2.305255649330646,1,train
-1.6135586859522764,-1.3022537660381914,-2.513573357182975,-3.7843248166739,-5.1101826090207965,-4.993583389198649,0,train
-0.708728188444115,-0.31023389454463873,-1.9760979432253611,-2.416956330866565,-2.502007301624941,-3.151380097568288,0,train
-0.7304425430250067,-0.932188123237184,-0.6026036133699437,-0.7980407562846729,-0.9283865891845118,-1.543269200440804,0,train
0.7489261713439928,0.17304866823385956,0.7150441365072862,1.0202268495854188,1.02397149676684,1.2345633636712352,1,train
-0.8206397113299083,-0.8596815486110922,-0.584199908332083,-0.6248694580020304,-0.08941037658354978,0.22541044307798402,0,train
1.758676088747562,2.9393869628925606,2.193638520179027,2.7817387843472154,2.022245163357419,2.52776357541951,1,train
-0.9597853980367567,-1.053984994387085,-1.0091654963813923,-1.0947792904188918,-1.6765371826500695,-1.7234971108386636,0,train
2.6544034613292675,1.8963156651698785,3.325014248319933,4.728184125114371,5.960397654840885,6.621149547289389,1,train
0.670079638894992,-0.06595975266025589,0.4879935580831172,-0.16469663679692004,0.21257014324959336,0.8445064345001151,1,train
0.8956001398082726,0.8732453514997072,1.223058737558315,1.648916237872962,1.728352362444511,1.562624094295657,1,train
0.3923845696018438,0.9197771185584533,-0.14740730079613373,0.20438559294679945,1.0271884444028645,0.43770114031346363,1,train
0.9283599526611269,0.666588199173464,1.0663868235391707,1.4860995121099765,2.2338406933593435,2.462425257563989,1,train
-0.6934652724131976,0.047421760381533784,-1.6171526668329526,-1.2650955736871068,-2.2270662551271183,-1.9194125747694355,0,train
-1.3585722238426403,-1.5185895681237185,-2.489626378365977,-2.6146619353726983,-3.312986393925688,-4.424064859570946,0,train
0.908308654389077,0.3965925475355871,0.9229576034232949,1.3758513346450836,1.246192441088308,1.6022755223079241,1,train
0.6980349237596317,0.47685224461984516,0.8544749645901574,1.4414010722928658,0.7977821125528589,0.9954979364228886,1,train
-0.14059864356323107,0.3885755279065253,-0.5406366088068792,-1.030997994055168,-1.3988360174561423,-2.4893361434174026,0,train
-0.2293700312358587,-0.3855207792686377,-0.5017940656478262,-1.0047230636900457,-1.2736995025736348,-1.8067301454594191,0,train
-0.12991091815012462,-0.3529274698438812,0.2460807320457018,0.8116277735873798,1.068287964536923,1.1355339799249968,1,train
0.19871486807430916,0.15038398675983586,0.030343910165563065,0.012570859604828663,0.04616281912891575,0.12257509264749865,0,train
0.9346508113762707,1.401910757529894,1.2819096022214937,0.6442342011244836,1.2153774817429608,1.5196891338347203,1,train
-0.30390670405454523,-0.08367468284729829,-0.2567357055275113,-0.18237512174698065,0.441425683517473,0.8049807295524738,1,train
0.3592189848246306,0.4520640729608756,0.10934482361378017,0.65112996737997,0.8614766927002674,0.8869970821004526,1,train
1.2435405851514283,0.33624011985554436,1.1791198217337453,1.7225688907631782,2.189357917593872,3.492474229416865,1,train
-0.15012388554757464,-0.263524346926027,0.25501959798071805,-0.22502879264296882,-0.24893273585305783,0.36094004219207304,1,train
0.6437249680707132,0.7311053048086517,0.6673464225233758,0.9226556075124814,1.5365650806990467,2.186036470909042,1,train
-0.5665947581745174,-0.19910533031940109,-0.6567395994713764,-0.018907280220934908,0.327130802517537,0.4276859492633847,1,train
0.09859382681516154,0.4286656843666034,0.32358110810270646,1.0914798628855942,1.3531520408686848,1.5631832039408684,1,train
-0.219589614364338,-0.7786399571685755,-0.24914092027515142,-0.030258857287267182,-0.8020950640958565,-1.047407090234062,0,train
1.221257416432033,1.6002003650003533,0.5831932487538047,0.6893878192763314,0.5185421482846577,0.44903260500901665,0,train
-0.3195033917234888,-0.6336808466519206,-0.02397846631100581,-0.12942348901650094,0.03073530671476782,-0.11252575861485228,1,train
-1.1100910019735304,-0.40577409386608554,-1.149876224486195,-1.447312722985341,-1.9456722803099773,-1.8868019572163814,0,train
0.28488243731942875,-0.6348986810104162,0.24942272784462816,0.05766697691586112,0.2798033541146054,-0.36668073640347587,0,train
-0.49297386271429333,-0.13066417131249647,-0.48075908472051276,-0.3691937578443606,-0.4075713024958053,-0.4281483905993958,0,train
1.3835505314898195,1.3068608600006542,1.9383665089725877,2.1737532455574744,2.7269224699706047,2.738103755029989,1,train
0.44716887896159124,1.3885537337934581,1.0007109552717672,1.444848183775832,1.6487789041528544,2.3999565123648514,1,train
-0.39921511292294104,-0.3759666639748703,-0.5559443040780778,-1.2071588359851706,-1.15205786496082,-0.8465275277406225,0,train
-1.077333624343832,-1.9438853955482132,-1.7817768541091108,-1.6211749716608161,-1.154127769025431,-1.8197200271945349,0,train
0.05401565952822897,0.2992328628426938,0.27587778345522035,0.379795310591754,0.5950767359331229,0.34866443778419354,1,train
-0.19357517747864017,-0.35425298369804975,-1.0448615760479716,-1.5697887090135183,-1.9683276976792363,-2.6076265966572563,0,train
-0.11108201874585094,-0.40132642138633384,0.5667082416686603,1.4397251404498836,2.369664785818834,3.5099771976987166,1,train
0.12794446795189113,0.7477780325982988,0.002298696846951054,0.4151747671672327,0.07183071003630953,-0.25350099786905766,1,train
3.426802282659161,3.452838933494154,3.5091842278482943,3.8597927910774583,4.551770348987139,5.497347076673454,1,train
-0.7550054856929976,-0.5508880909380387,-1.0189746772727395,-1.4308357714280076,-2.0354616661682257,-2.892301387936504,0,train
0.24496776748087284,0.2939985816891787,-0.25963372768221227,-0.4868747661937316,-0.644092358544252,-0.9005034777593337,0,train
0.8676136651042333,1.0112597490737898,1.155592561347705,1.7237095351588838,2.471077462251321,2.80145157085219,1,train
1.243665376627462,1.981890325652328,1.1845908427757916,0.6821574094863939,0.33760822000647156,0.9444588464217073,1,train
-0.10071229044889808,1.0769233806124505,-0.14968355593001392,0.061669983093927294,-0.05062640675942985,-0.23658592302481196,0,train
0.3296479001997501,0.16811771894442,1.0597448834754357,0.8391730267279689,1.229327899125634,1.2075614172143392,1,train
-0.2150102560132444,-0.6591308909032625,0.6195006382830479,0.5259995172891905,1.072581528410874,1.2434123137971265,1,train
2.0865845131240044,1.1407550792383157,2.6297406370076533,3.0410909606988574,3.780837198890068,4.4592545617658255,1,train
-0.5732957283246312,-0.9578725303675548,-0.9289571415920442,-1.2763649942341193,-1.0227206988016193,-0.8340238498523409,0,train
0.3252822167367732,0.37891960931146834,0.5444192184058672,0.6730726770330299,1.0927835123695122,1.5287819962865414,1,train
-0.7097595255778928,-1.1320194812027116,-0.6520099763104347,-0.9121284342198356,-1.0347144254908502,-1.8260941163917304,0,train
0.768875411822813,0.6561238340004426,0.06022231382000709,-0.021106499015353844,0.18928598181934803,-0.0037562867927916077,0,train
-0.6629547780085521,-0.6964702233908389,-1.2094117964610893,-1.411270363576203,-1.600319786059726,-2.4804197674113326,0,train
1.607075302648486,2.3406642805915094,1.8176330443939257,1.7819969333897123,2.374747644459189,2.9442927469344498,1,train
-0.5272389801960423,-0.4644633169249708,-0.08207681853195115,0.15015586889136034,0.22864360207142706,0.29343103802158904,1,train
-0.08183059666905397,0.1673321578184889,0.19533402511390863,0.08754682018013424,-0.05357634498785119,-0.4881877410446428,0,train
-0.04922251757616014,0.4052475888291946,0.4460348972190421,0.13373895896853993,-0.23709719902257773,-0.9188925775008723,0,train
0.33747491062684937,-0.551539403014299,-0.061020524759581696,-0.23681242073561393,-0.48899247373358734,-0.3253720918995618,0,train
-0.6065572536246241,-0.08979585225399273,-0.7278952088699756,-1.2797995246572946,-1.8976305447586153,-2.5092242421798585,0,train
-1.7621441340182034,-1.4787725392798912,-2.265058835941886,-2.4973150137683158,-3.1259932337472507,-3.8487352753493247,0,train
-1.8580267816928417,-1.3846154226001566,-2.101332360157821,-3.0186839376428076,-3.695143769885729,-4.10824667024435,0,train
-0.23142931421625962,-0.3039622826689366,0.37860122563835497,0.7161277449075774,0.3040891814359752,1.0542043602062598,1,train
0.10495222175390485,-0.28192207017155557,0.038032486857117576,-0.23615249862296442,-0.7796895150701854,-1.1805008284544942,0,test
-0.43816995915693,-0.21370537221541996,-0.5140778476236437,-0.5284375327367944,-0.6350642995526289,-1.1202369656784503,0,test
0.8550386371162969,1.8693386532239091,0.16743733702593744,0.206842416719198,-0.23651399353936015,0.09314862071919128,1,test
0.390093199734942,1.100787747204495,0.5560517870828002,1.4612716805224797,1.9705049459305222,1.5737734670272197,1,test
-2.0658834899457807,-1.582788482210599,-2.5498774060564724,-3.2079817713900103,-4.246318404686882,-4.620103112913908,0,test
0.6545547173061054,0.06085431275537001,0.8135432952113433,1.3335547091857904,1.0628186334653673,1.1402763033862202,1,test
-1.1451782783194466,-0.57645976065332,-1.9890996475135978,-2.1696923743990464,-2.0018988142611986,-2.4166621235224284,0,test
-1.0924858717387722,-1.4277893981974774,-1.758179241124127,-2.703380990059003,-2.784781938683368,-3.0783360528285293,0,test
1.8506872972322428,1.7480634070793233,2.432393610408536,3.2784433217404514,3.5519224115596257,3.2413672900006,1,test
-0.09041597620438996,0.20175580274742105,-0.04792677217075138,-0.08986307942303673,-0.572708799181285,-0.8776098066755657,0,test
-0.8717009807883664,-1.0078005774031735,-0.8124536270302599,-0.569935890095486,-0.14554886245390775,-0.1977100454375366,0,test
-0.26232648892361893,-0.23426225133474232,-0.6679097244503682,-1.140635908740553,-0.5628824682302617,-0.5816494375033298,0,test
-0.8474095053643713,-0.6011541953923698,-0.6525236637004823,-0.838649979386405,-1.2853797948058312,-1.300659782103482,0,test
0.04238171783215994,-0.275741831546282,0.11160685136889434,0.02341998451676114,0.13996063477603035,0.5344881124839229,1,test
-1.0790672793986422,-1.7158937832550847,-1.1565022237426386,-0.9819915739505289,-1.4481519835672068,-2.1777235312899634,0,test
-0.9195952469160016,-0.649647997625042,-1.2290225557491745,-1.16862020979356,-1.0354566446019384,-1.4592488123838465,0,test
0.01645734675470791,-0.1344605220814137,-0.14894245002665152,-0.006086547935626491,-0.1574519375772652,-0.43398987574322645,0,test
0.3734228583028436,1.11428163394268,0.3880439430991529,0.6488234145238678,-0.05243254338224379,0.3891325311723941,1,test
1.4319794037840168,1.1768067720663775,2.0190702215033274,2.4850502604168185,3.4250901474898443,3.852563784269666,1,test
0.8926557287983231,0.6420947060361133,1.088270416498463,1.0100586402615879,1.6989371122658863,2.2863549450462277,1,test
0.572186036354255,0.6453419580827862,0.02363888564211003,-0.03585706939283694,-0.16343090506264482,-0.4823814003786323,0,test
1.1869578276690202,0.7678607391545282,0.9100134230319186,0.24906758090812264,0.2058226420783753,0.4609151410437142,1,test
-0.6402909979692408,-0.3367260746244046,-0.5461652746806183,-1.122459298385619,-1.5183668884129675,-1.2681622110804747,0,test
-0.5907290709975043,-0.5822087785788865,-0.7385968952810061,-0.7734436714832019,-0.8830398518586969,-1.5697107690143333,0,test
-0.3907375326266112,-0.9491293479446529,-0.4133140144865508,-0.6912946799288122,-1.0886559386234949,-0.6751336497464185,0,test
-0.7825115409008951,-0.9517629878101647,-1.6934549507330876,-1.8510922617404746,-2.6376619363905736,-3.864378162757173,0,test
0.6064486825997011,0.250875784070095,0.7446583387778066,1.6719285258503014,2.3270462784772863,2.888188790201791,1,test
0.6471788684180353,0.8605284708985559,0.5313399799598548,-0.03728593772051991,0.21858761890464248,0.29459012889341013,1,test
-0.19171198697243685,0.41671099411169754,-0.1718073850851398,-0.6029821815275146,-1.2439579046397649,-0.6066020535098906,0,test
0.5023015095310264,1.002349594720355,0.3612582381848316,0.7451331573535024,1.5646406772178048,1.7204141417016285,1,test
0.2539518540318211,-0.4940090957376272,0.06693869578339257,0.288520020247023,0.0543261915842253,0.7408432362982774,1,test
1.281475095671938,0.8340749026639145,1.003042525094287,1.5997623013181637,2.071701970511104,2.6902051725791645,1,test
0.5102047807420158,0.4127903837907504,0.1586530364537561,-0.24324577494365346,-0.07116584304242476,0.5950023757537534,1,test
-0.08966941954358552,0.32029009110515116,0.1304243173173622,0.3230204278431195,0.8034189629797723,0.859370228945104,1,test
-0.4207419198206286,-0.06816974312057822,-0.3270629954028682,-0.3229378569350809,-0.5191743135372762,-1.2747110130246244,0,test
-0.2512353465085917,0.1765921162376066,0.04582261419942307,0.0316668407092085,0.16103525120451023,0.4903434949853607,1,test
-1.9435131422602587,-1.403347130956313,-1.7388607439535115,-1.9930596718701472,-2.169204239606298,-2.958647357714108,0,test
-0.025618588424921703,-0.656812815099441,-0.3967555879391106,-0.18855611447102233,-1.0797754676572242,-0.9170355507451733,0,test
0.4818445030099604,0.2935659405871668,1.4739514821986135,1.3472558635037855,1.4971083383051287,1.5252934898184987,1,test
0.21166308706235606,0.529898562627662,0.4887649839135019,0.25076548198927145,-0.20298808322731782,-1.035745474077849,0,test
-0.08599878908693402,0.26480342309268146,0.11177716151838955,0.3448579711292109,0.34319290644247596,0.613156378597316,1,test
0.8259467851062596,0.6104767721803994,0.7204336956049997,1.05674633839628,1.3413386742165294,0.8778736868735817,1,test
0.6120768011909536,1.1150462459997161,0.9875100912750284,0.5207247244866778,1.0118932451246783,1.3197365723261814,1,test
0.9111800793845732,1.2333743352170876,2.111225821020267,2.5106775246069906,2.989323721623827,3.8505115285378992,1,test
0.3967699126572098,0.1348574140177218,0.10040526649691384,-0.36012705012952645,-0.5487274303799712,-0.540494551812524,0,test
-1.165369710561526,-1.0752126768853416,-1.4206876816996752,-2.781375931511594,-3.485773277971288,-4.0757537634135135,0,test
-0.09244615681292778,0.2316733287102925,-0.7195478973065847,-0.555798881762888,0.0842380926416817,-0.7171939861662457,0,test
-0.5583538148066127,-0.4960202486162495,-0.5994744854193003,-0.9918467526004593,-1.2635966524233153,-1.530913294521005,0,test
1.2810402151836469,0.9135121866874939,1.7000281500458225,1.8835651869833065,1.7135052855248016,2.4360951885261635,1,test
-0.9116961905003623,-0.8716381149059527,-1.3774323520852279,-1.1668844845311184,-1.3521032509780129,-1.6526706552461905,0,test
1.4548279648970504,0.9552018547383717,2.016132792842724,2.749304033518117,3.078066271987172,3.5912585352861677,1,test
1.16476292208822,1.0982465873963183,1.2169794730678902,1.8244006228292222,1.5881025423558985,2.73050847445988,1,test
0.41702801995577493,0.2698487537787158,0.7867083179840562,1.08404952023377,1.0466804078751624,1.0933572138964225,1,test
0.5659076523217942,0.5589749844656366,0.3967015506518044,0.9088712522119111,1.2603158969927242,1.000330682437828,1,test
-0.24948709464953145,-0.024575937874216136,-0.2255281648029923,0.48741897892757713,0.6421397862521334,1.101772894120561,1,test
1.1281843749704374,0.3392031196086057,1.5116346947679364,1.5771103979348284,1.7580624908901674,2.410536696484331,1,test
-1.0265360210520094,-0.9362691488485285,-1.469415663453922,-2.2819251186688496,-2.9595011298322444,-3.4662893365811187,0,test
0.361995110820567,0.685590011396839,0.3352708740725044,0.4322229372517711,0.3228218129152336,0.8370114385755989,1,test
-1.554059880493759,-1.1722210670582611,-1.69065115267458,-1.6935274836219838,-1.5078821896376433,-1.9679194057732343,0,test
0.6466194105118034,-0.6041138606481782,1.2793814553386058,1.272730135665266,1.9269629508424615,2.021076661496094,1,test
0.2754268256507518,0.24896849407204577,0.05347103532260361,-0.11836182374781061,-0.25390452706013905,-0.1363543851831076,1,test
1.6261048980792359,2.036170623105824,1.6124584757798477,2.6329772911712337,3.018452186580972,4.220024619879028,1,test
-0.8389066034823862,-0.1029604117709414,-0.9523293512597385,-1.2709142114284409,-1.621175358284628,-1.4556403361650316,0,test
1.0067945909520555,0.4880913728466644,1.0562375357683313,1.3372053462605147,1.5648336065298458,1.9003122944744553,1,test
-0.4238127734588071,-0.8889835191589028,-0.6729806127628762,-0.7835220489300613,-0.4332926659383345,-0.21973865764199263,0,test
-0.3449534511044515,0.05137049449339581,-0.8558591693788077,-0.2862716413912071,0.017209334765761364,-0.10006443640239084,1,test
-0.6251629780923709,-0.8476571285836187,-1.0215842524246865,-1.5876778219708994,-2.065282258518954,-1.4492804396243697,0,test
-0.37219084028152305,-0.989207158538808,-0.651612412274563,-0.622125909656998,-1.1301750132736057,-0.9800915402054025,0,test
-0.7309542145746746,-0.24266174100738747,-0.046662620698879165,0.06190620399164556,-0.33284674866085423,-1.3708590104744272,0,test
-0.9328858741248264,-1.0126675893492323,-1.0069943792812432,-0.9857979301154123,-1.1119293744448702,-0.9659292091617753,0,test
1.845366212269298,1.3817801929900375,2.20955220224005,2.710291090868199,3.1845946464172084,4.3002023775949905,1,test
-2.6686847400402725,-2.3322251320323026,-2.6811445681324177,-2.1515466900135927,-3.068177271735987,-3.4679423360634805,0,test
1.3901792636526609,1.006196274069209,1.4877392175649833,1.4387397201774774,1.454117245142541,2.2224684874773013,1,test
0.24572281796508583,0.6240672014010548,-0.24250690227088623,-0.49768720129110416,-0.17678999699108555,0.3132467055802228,0,test
-0.6910740851557117,-1.230127458854248,-0.21107850469898148,0.3843876366686389,0.035873289493711547,-1.3962942138856214,0,test
0.49187757839497065,0.133167842399591,0.9317470618914099,0.9848260313578036,1.195893307117502,1.2493878859160112,1,test
-0.25233505781611437,0.18002362043590597,-1.0570487492855514,-0.8961118718017518,-1.1624165898169683,-1.4028449683216015,0,test
-0.6329193284863255,-0.7475748538873218,-0.09537174216112321,-1.3285304292922244,-1.323865262306906,-1.7579520149944132,0,test
0.16240839270375526,-0.4765730114122416,-0.05020164205133426,0.6367113038507928,0.513767959827131,0.5115468119785812,1,test
-0.336781351701403,-0.4050503092069565,0.28636810629468845,-0.4284356070524458,-0.5939824894970627,-1.1492085385502864,0,test
0.9777560961234008,1.258008315224974,1.4432395637802478,1.5993805205144493,1.1514586192523466,1.187981871519473,1,test
-0.451563810378165,0.5717414310051456,-0.4205325462947044,-0.46514912450310325,0.014320001960259843,0.20039704579240936,1,test
1.1593205621291094,1.5087471740211755,1.4318242111232566,2.099488061600023,2.3612228962410793,3.606093867747746,1,test
-1.9885560015338721,-1.8563355426850119,-2.0113611931166124,-2.2655339343454686,-2.687505131424625,-2.626622270638614,0,test
0.15321999042488368,-0.02759143812743986,0.7225556116409089,1.4503094291197478,1.9097590918191538,2.386374081817555,1,test
-0.9439348312879469,-0.5165431920828425,-1.5948468289811704,-1.4959666090191388,-2.1554225591512246,-2.76712498256679,0,test
1.7507327248096103,2.490864908194445,2.615931595365538,2.9012963961821807,4.413322606760921,5.253425516465728,1,test
1.6193278543779017,2.0296129545499615,1.6690570592744391,2.4123078451922977,3.381008912605043,4.041601515090558,1,test
-1.2466692696853263,-0.5825205294119135,-2.2583814510976756,-2.67263346680937,-2.8172976718208504,-3.0788305481614002,0,test
-0.5394000344630502,-0.1777155228905682,-1.1101814471426832,-2.068402088823102,-2.806105893649456,-3.0104405622627795,0,test
0.31300264250455995,-0.06339209314344724,0.3851658151067292,-0.11655445819959681,-0.24452169403848886,0.19826455331099085,1,test
-1.255898826583324,-0.857642033895407,-1.446079244094677,-2.1690635541136936,-2.3583034443688087,-2.2564830352638703,0,test
-1.4493449601260822,-1.3007580373363468,-1.8354890094446623,-2.308349273828651,-2.875661286621424,-3.9790223285710553,0,test
0.13831864850295714,-0.00959762819110184,0.10373967719124738,0.32694194563548923,1.1593297465797754,1.4791367294103677,1,test
-0.16875911267420587,0.06538809740973553,-0.454974945558573,-0.4684104214665229,-0.010393577528094333,0.4680231755899551,1,test
0.7794456232946028,1.2925478003952031,1.0697912707643995,1.0523011812773788,1.7057504327430286,2.0874790807695423,1,test
-0.3038808824525622,-0.30065758232797907,-0.28946188345262924,-0.2735394354694766,-0.5066297355215882,-0.06315449417245389,0,test
0.7056970957533522,-0.30786519200836315,0.9788875112783723,1.0023619391954188,1.102228029158528,1.8485479495162225,1,test
1.1953747953602967,1.5670892033559207,1.0378605431603356,0.88038943186065,1.8519150047408117,2.562842301103921,1,test
0.5431590670182087,-0.1316150184658038,-0.7860955530465168,-0.8240750976961966,-0.5040000329658967,-0.9164352672994849,0,test
0.3737363387587841,-0.17917926317624294,-0.029525772018813123,0.23053489749972192,-0.4583739805835117,-0.15766671204598148,0,test
0.45100924532479214,-0.4526499313348427,0.919446978090612,1.1213275219862802,1.1140262251747683,1.1895094445196837,1,test
-0.3082621485908987,-0.15114756872046825,-0.21026832128322154,-0.1821800737639947,0.08289077218988058,0.499447828125106,1,test
-0.0018215970997332617,-0.4760859763798329,0.016311775830447756,1.010401614220829,1.6545458167004155,1.8562018376623586,1,test
1.1628128635106105,0.5527712966709188,2.0213888492558065,2.3763470151672585,2.764298221818834,4.047710237326736,1,test
0.0712621817540443,0.11821012192918938,-0.0092566099414996,0.4461548273432794,0.2914590760049822,0.7665004053432556,1,test
1.5304103576747656,1.002555581575163,1.8250907700167378,1.8520801739784543,1.6610778315109567,1.960896783502405,1,test
0.11310663179663841,0.8036421440544274,0.3506430500147031,0.7909784431438127,0.6848237491385487,1.6136422080780297,1,test
-2.2423160366988717,-1.9400925158592779,-2.684211072703599,-2.775491388458495,-3.592720970450808,-4.041680652052444,0,test
1.1116200505174607,1.2843358712008124,1.2539228515926086,1.2688337116744635,1.6945113994376153,2.0240984739521397,1,test
-1.0782363051729795,-1.0316041777023113,-2.662226705764442,-2.5834860911899025,-2.7646132530716208,-3.4804243674494453,0,test
-0.33254948375524634,0.5786893578689005,-0.4311300057553676,-1.6297869344502611,-2.2665482195568063,-2.4165117207707314,0,test
-1.506982202171948,-0.491811991267868,-1.7707417357827717,-1.9904011688173726,-2.039514803209222,-2.4315857472005673,0,test
0.689907653605188,-0.27488571385004246,0.456248014116449,1.0401431913509291,1.3379433840190205,1.4355271861716412,1,test
1.1642517740552205,1.1971083969272802,1.8540198477673069,2.617064170984688,3.3267488062033044,3.5531671118635773,1,test
0.8232365927165615,1.0008365844038942,0.5988637408794715,1.5373110925577564,1.9497632023047624,1.953559883174149,1,test
-0.12705209702457207,0.5875090222662314,-0.48965666187440904,-0.4677736191482142,-0.46659236613959265,0.2609312150021005,1,test
1.651809403145595,1.9855995715054737,2.153092973902767,2.6531353373786586,2.897406901555172,3.5868782537158586,1,test
-1.8714109035955968,-2.0357651239075523,-2.723796552928205,-3.1116067645975103,-3.4468935483192653,-4.380770658037848,0,test
1.4559794298974145,1.3268579692004232,1.3613409281563276,1.8119225013787221,2.4867078805402634,2.916267412179114,1,test
1.415740691063872,1.0868549678307595,1.5679104813439508,2.03777424128461,2.8258364258222297,2.275493271515395,1,test
1.0349273964401828,0.8728286766300037,1.416714431718382,2.175462761129892,2.8054316167051643,3.3699739197732446,1,test
-0.19720600588706985,-0.26275935913104054,0.03308784744663543,0.21619148200660365,0.6546215924760281,0.6351078631110405,1,test
0.5975996173381171,0.5091478524595925,0.5410639755428982,0.8420820830973088,1.2372020659952427,1.936060437818115,1,test
0.814591491650481,1.0505095037688026,1.2594422399638558,1.4928163191447161,1.7576429738273047,2.251291724693638,1,test
2.5269877724781784,2.882661930211372,2.62028077690214,3.3209717046717904,3.5216618552722903,4.526651440148504,1,test
0.3205245318499925,0.7735212606730131,0.18775114666765702,0.8753309667939743,1.4079354801935542,1.9838860018897728,1,test
-0.009774817015461075,-0.07849568510506855,-0.49343726443506764,-0.8058250244254811,-1.4396521199638275,-1.6181388171022761,0,test
0.21727447261242117,-0.31980694093932094,-0.015013827224470588,-0.4668294590566422,-0.7440218539387188,-0.8582500821534048,0,test
0.14897945642386276,0.07537397364967989,0.4414703066004112,1.0989802264715824,1.2923584102313026,1.4901112801776448,1,test
-0.9315460432073253,-1.5209073958021835,-1.4112404257474425,-1.053017352391636,-0.8304075650056315,-1.1707423643324142,0,test
1.4453978727452648,0.8186203745109013,1.9670709518778549,2.9323191741288843,3.90560212979753,5.462681893134455,1,test
0.923183428800029,0.4919809688701581,0.9241492581408379,1.3017047463742981,1.722471785571875,1.980164503187445,1,test
0.3562140783412911,-0.409386337526908,0.9236980161440344,1.0015705175488394,1.335433811684768,1.4613573933670094,1,test
0.8416073451951712,0.9322557752557563,0.7818165427695374,1.2834532143353106,1.9071121159563351,2.421255591378921,1,test
2.201748313060168,1.734250539957279,2.4602024234279374,2.7218907002464388,3.419687296571304,4.056166172693913,1,test
-0.0314509807694856,-0.2767725664981171,-0.08319600119936833,0.08706944322638181,0.13410008104265936,-0.19967880603785276,1,test
0.24639088649921817,0.6109713871081095,0.1748679708370507,-0.12292277395962414,0.3947640293496767,0.328308107707187,1,test
0.3894015973366751,0.1114807536337781,0.25717117493477626,0.37932808080776026,0.19370155144081153,-0.013318776754575268,0,test
0.5482780236699304,0.49563644475546487,1.0462622507200412,1.5967940884126486,2.285190988722879,1.8982102208458396,1,test
-0.5016532862658144,-0.3129951342396299,-1.2427805155739242,-1.5178161453250336,-2.395593221048702,-2.149811264077688,0,test
-1.9088720485263235,-1.2428379398268934,-2.0054644082448005,-2.6045247094958106,-2.6577363207723166,-2.7341913745295803,0,test
-0.2541136508528862,-0.2878111607824482,-0.7052911007784588,-0.5709911414918927,-0.9278713512192279,-1.165949088078349,0,test
0.40644588905162804,-0.17436451697397787,-0.011497050777489692,-0.7825438329901561,-0.6344688076069107,-0.6589361302820553,0,test
0.4066848130699682,0.5029686269310035,0.6062301581046708,0.35576113274131776,1.0238485712824108,0.6040972500100784,1,test
-2.6176023291338053,-2.1240996680356985,-2.909852657266993,-3.6208290254951865,-4.318901714460253,-5.353765567236472,0,test
-0.4637074242927338,-0.7655842509233197,-0.6128424958217007,-0.7510914213126413,-0.6239541100690238,-0.4769307193944888,0,test
0.8326284627288476,0.5412290041792738,0.09756942829841009,-0.07888894879980021,0.40855098556563585,0.03873656193270886,1,test
0.14059809479336569,0.6338311481980791,0.2080653370099585,-0.08347754441373825,-0.16609847339618405,-0.4749713814477202,0,test
-0.27411814739512746,0.39217603274532964,-0.15187673486470912,0.4464189812197983,0.8347609665418356,1.5319014334929462,1,test
0.03682086176221167,0.5622960469765186,-0.07839888539804891,0.47499757247101626,0.3838220806448791,0.07382546188381556,1,test
0.016550211369910237,0.7352895002038129,-0.02410980803411639,-0.21407163910237118,-0.6497533033282974,-0.8948635815602674,0,test
0.47579633143926114,0.5190626908558362,0.9146558495309326,1.6733514539790089,1.748765066744468,1.7244191898369294,1,test
-2.2765857687952002,-2.246094505688063,-3.3175807643508133,-3.897326951025623,-4.497084086418619,-5.4894533991282914,0,test
-0.642854740624885,-0.894127828716829,0.015182602302964088,-0.06551669203779656,-0.7420414556654584,-1.1843799811013351,0,test
-1.1532261305754379,-0.90358092920158,-2.1450816388916403,-2.4516635957928523,-2.8032532685622074,-3.300988632329233,0,test
-0.013298018769379649,0.1271600267028915,-0.41109692581559915,-0.29781394206884404,-1.0054683914082887,-1.0414659730377314,0,test
1.6129583126181815,1.6323340026059328,2.1697885303138196,3.0313414879388887,3.6531136781106444,4.896014669705787,1,test
0.03662414781202987,-0.7828319738573418,0.505337159827133,1.545319708977006,1.507345991800312,2.022873980984526,1,test
-0.49874533735457405,-0.12840200407131985,-0.7296244659853434,-1.0688201571540612,-1.0540281453062528,-1.8263992101090802,0,test
0.3754058365140375,-0.052781310373888446,0.2392655257237787,-0.027064605662336705,-0.33443817219579697,0.026378629330925385,1,test
1.1754292279285519,0.93967291052693,1.7988614388850537,1.881705657155559,2.6403940077133963,3.149882828685999,1,test
0.7833111958118104,1.089064524434102,1.2980803306969269,0.5277347368667917,0.49845087010778977,1.3640972857725993,1,test
-0.26253438430191356,-0.3594054793601603,-0.5902781732565252,-0.84682475830179,-0.6847579717686321,-0.8243015054000149,0,test
-1.5232099197457383,-1.8562184294459083,-1.798443153499228,-1.666124031612938,-2.1095411055893907,-2.7270319413700683,0,test
-0.6433811316244441,-1.0866457713482998,-0.611524687739067,-0.6299443809995522,-1.313202150508737,-1.2056078518355122,0,test
-0.9365715982944027,-0.6379966319135368,-1.4051949305837645,-1.7310875814174242,-2.717365471797858,-3.4700546865198802,0,test
-2.155975341205107,-1.4435965168955214,-2.3599134379959974,-3.2147435848227266,-3.9695539362977867,-4.1242882120175235,0,test
0.01931996938228713,-0.4527544702125959,-0.5967604814526255,-0.658159365271813,-1.0357784376725951,-0.8208697215651732,0,test
-0.6437029130354347,-0.10471867836612675,-0.7233815044645105,-0.47459647191794946,-0.1168790879431999,0.4672043754653896,1,test
0.08997843677159152,0.39090882317044573,-0.2112103921662491,-0.11355545014592602,0.2397534248212244,0.3108697977433354,1,test
-0.3231895523584611,-0.6233816384737378,-0.47831867108963394,-0.7858942773454839,-0.9914331121695102,-1.2542196507530639,0,test
0.6350124574642023,0.3692567028333924,1.355734139096992,1.696204663011753,2.112297297376203,2.516188330508956,1,test
1.9687376027815546,1.8353381599587975,2.160949691678818,2.5453756863040145,2.597767954335086,3.1489843453702124,1,test
-0.5173946932180638,0.23503369385544276,-1.051275970752698,-0.7950012277893221,-0.783559980992406,-1.285383489522341,0,test
1.5726618658681082,1.9239003647159065,1.4462413643174838,2.0544054115666452,3.0555688349577625,3.9008851801348436,1,test
-0.9500276174516482,-0.4526378539752723,-1.4299201674033275,-2.081350319854403,-2.4512870355615903,-3.1512768558532445,0,test
-0.8194898730629689,-0.39823296154908977,-1.5390012876972365,-2.1639034946784212,-2.390992995682233,-2.4354747299970323,0,test
1.5529349358182691,0.8626636423186187,1.4194824067640606,1.814940779528911,2.452869510361968,2.7804731108209775,1,test
-0.5538122891330692,-0.5777011944659143,-1.4344303994622298,-1.4970384360281117,-2.33325359844538,-3.1596851124352248,0,test
2.7658031054422936,2.3830700613539113,3.638646474880773,4.386942409719839,5.021617984687696,6.1349359266366505,1,test
0.46109736728623485,0.13261444256784977,0.7705435731338566,0.4890482758019362,0.7069141300678854,0.9069263057242115,1,test
-0.9815187733715091,-1.5030201505419587,-1.576295330642071,-1.7279131221786472,-2.008670138811911,-1.5427404090096957,0,test
-0.39535214703007693,0.007596661421424067,0.1483503396659952,-0.0920082077136905,-0.09407413891840014,0.7345282549189288,1,test
0.007222549059742246,-0.07391404437331134,-0.16762461841916035,-0.34377794701732595,0.001934058852682774,0.7243197821623926,1,test
0.4672578461738906,0.25810049898716114,0.6650887527589348,-0.11870111782183823,0.24008156695050756,0.32418239733985277,1,test
0.4942890915171184,0.4558015663794671,1.3799190941393844,1.4121954465988218,1.2018627616188406,1.9606084630566156,1,test
-0.18678783659136988,-0.19244890983686505,-0.5580799807909366,-0.9148004141967615,-0.920020955462605,-1.139904102832043,0,test
-0.6707985360480151,-0.493615905547489,0.03371323598532916,-0.040234591575130395,0.3079747509294539,0.16485302289886103,0,test
-1.5721416095217962,-1.538623380959795,-2.28825377576274,-2.85675192192397,-3.1645592973172167,-3.744555437839729,0,test
-0.7740290767208948,-0.8168764202631379,-0.4569096831060606,-1.3554783159560935,-2.550692903929,-3.602762397539374,0,test
0.04828170859161281,-0.26598908106485347,-0.09435322742713004,-0.2605273528313701,-1.1596280685568017,-1.2632125777255225,0,test
0.17180786226158787,0.2289435342444045,-0.17108006508207826,-0.3013201242736483,-0.18406145544755423,0.23810794748115624,1,test
1.6035886731223865,1.0295693218874622,1.857599993469102,3.2038647813527885,2.989223369598575,3.884973201886716,1,test
0.18336618612191197,-0.23713933450642935,-0.4083194583908524,-0.48457258098127687,-0.37139029920198824,-0.5958792067072053,0,test
-0.5166501530242847,0.8112748700387729,-1.567725054875822,-1.8274693803982087,-2.45753695405887,-2.979424377161908,0,test
0.43486391183159356,-0.004974059584856194,1.0081888817224018,1.833335657524403,2.4880783246316445,2.9676705322050676,1,test
-0.563017884218516,-0.5536488098746492,-1.0495349283464928,-1.26768447444256,-1.3358204335528494,-2.1819830936197278,0,test
0.5826689858584662,0.4364198451200809,0.46855604503739334,0.32298241624290813,1.5606932590591895,1.628266286709042,1,test
-0.23523869133308278,-0.20575802574191218,-1.0180087108669482,-1.060096445738985,-1.2511823098666897,-0.8792948747885827,0,test
-2.660345408132279,2.4546545429688362,-2.806307672279293,-3.954367433014152,-5.250295371148548,-6.266837890751737,0,ood_test
0.4524332047813772,-0.292244000198121,-0.8106196808952538,-0.9854587892074458,-1.5473582649698483,-1.559252328740309,0,ood_test
0.5867031280347107,-0.5727569038430848,1.085336464231,1.1744968758381755,0.8866995682129347,1.3710059230849363,1,ood_test
-1.4124868896618217,1.0966478599640714,-1.7612913533291386,-1.323451551912078,-1.099639329306065,-1.9613781621081312,0,ood_test
-0.20696737793852926,0.5937686040678254,-0.12903302753411572,0.4064809002330956,0.3738512989479408,1.3074555538580395,1,ood_test
1.9397072242290576,-2.778732928685373,2.794704211880481,3.6668690508727964,4.759413399608793,5.1165127889990325,1,ood_test
-1.831906946373886,2.1615394586331025,-1.8273527833595666,-2.810129302748486,-2.6509891194909807,-3.6863483032330033,0,ood_test
0.13015915901255906,-0.40177623199692875,0.3325532645864337,0.39808648528927676,0.4940484729313859,0.6115172769024221,1,ood_test
1.2190582901523468,-1.3286215928956473,1.9735450699387993,3.180514241246272,3.7043551987026513,4.0194285285580245,1,ood_test
-2.352991682930382,1.9444685574212919,-2.370001413765377,-2.5066660367297025,-2.7375281742851962,-3.25281642901678,0,ood_test
1.3021217711144808,-1.5910562945553133,1.49180375891571,1.4102378792073704,1.3859799181204928,1.3150508813087454,1,ood_test
-2.069767099812438,2.318747648002252,-2.81281962817692,-2.953599767547801,-3.299696141186707,-3.6916536113882064,0,ood_test
-0.2897037418205582,0.055730180616873376,0.13098957401872757,0.03507511490738864,-0.21836822387502805,-0.20102531395223733,0,ood_test
0.712870528844549,-0.8606427964327976,1.0343413343058128,1.8753062136904144,1.9394124302272993,3.0058593265312146,1,ood_test
0.9700433648587307,-0.8696520680085411,1.2066972181299418,1.0299028977832183,0.9658574425273906,0.9538839561564084,1,ood_test
-0.4657923716384203,0.43379429636186534,-0.3536020622967474,-0.671390091976874,-1.2367018336863063,-1.8573640860192755,0,ood_test
0.5699396038375524,-0.7475020386793036,0.9760727431502685,1.2630967515681086,0.937810843394246,1.789072216195965,1,ood_test
0.5202272948520207,-0.0029614473206938663,0.23981302607666682,0.8542665787449331,1.1498708743659891,1.5249184778054592,1,ood_test
0.4188158232299328,-0.887196167256735,0.3920440196628466,0.3485386311369222,0.569663050012119,1.1404325558865016,1,ood_test
-0.7253797845143845,0.8160608939688155,-1.0634544874476666,-1.474020310862819,-1.4196638563505966,-1.661846189605488,0,ood_test
0.011956579627296078,-0.4395236530395095,-0.001144207679401165,-0.29511481816849194,0.04498004942356548,0.383577012184247,1,ood_test
0.6328335167904379,-1.0182438859772827,0.37450851136936264,0.4242540877764608,0.6548173005837119,1.1326072196272818,1,ood_test
-1.015386990154119,1.4255995822226089,-1.0749012006094978,-1.418578510147528,-1.3791416763322628,-1.2025874801950924,0,ood_test
1.3953251205832933,-1.0425345104305939,1.8217256669451924,1.285134857975264,1.749429216899634,2.1068406074319426,1,ood_test
0.1378011096024545,0.36715140044504124,0.9603673755832317,1.9171106148275352,1.461898047754738,2.3518539206174287,1,ood_test
0.7601327518204793,-0.6658129931387148,0.9762735775969279,1.016766995193765,1.1589263898621456,1.8546888938757173,1,ood_test
0.38655930929960264,-0.4945249861808113,0.19381233191963182,0.3041669770948243,0.39668171122593987,-0.11054177850235958,1,ood_test
-0.35821444719461876,0.6564077452564538,-0.23483315926936413,-0.18155009824140717,-0.7463329790789263,-1.7060345772751626,0,ood_test
-0.4705174149656031,-0.6274667167178873,-0.5719656770363896,-0.8739994616148652,-1.1810780271836065,-1.2150061259614502,0,ood_test
-0.20242171466775385,0.5784071655642243,-0.17510413609163883,-0.729030733366968,-1.0464858359762712,-1.2344712354414602,0,ood_test
1.528985016492147,-1.2893442602283467,2.5297595659018715,3.377987475241787,3.656033193241359,3.8946821688158537,1,ood_test
0.35169490575297474,-0.6612097459979338,0.19684832549427922,0.5099685133612939,1.012268407720838,0.8667962874059641,1,ood_test
-0.48957711391172465,0.7224894664323387,-0.9833700889698437,-0.8603936962257392,-1.375679305649911,-2.2104790159204266,0,ood_test
0.10495450205475702,0.010565537796529523,-0.08384673652150282,-0.23758266799418404,-0.40663269333468643,-1.1536267147885957,0,ood_test
-0.6457225419698044,0.25950744107700324,-0.5765965260371426,-0.9284747495746112,-0.6515318973030961,-0.17828533049047446,0,ood_test
0.1754263614134093,-0.021295248802103345,0.32078006611428755,0.10236230832675308,-0.7639161940728256,-1.159186985435044,0,ood_test
0.29820548020359716,-0.769516342682067,0.18492193952690156,0.2311325279893386,0.6453752662497843,0.41295493309369746,1,ood_test
1.3342937370114822,-1.5338025012510734,1.9706293035155524,2.8061245678401985,3.412284689940844,4.655609493667058,1,ood_test
0.38597367117551873,0.6792294558339258,0.501143526450416,0.6410961743936882,1.6264129209979625,1.918405712038244,1,ood_test
0.9222470724885509,-0.21360989099916783,1.2655859423416196,1.4399902793108221,2.2997571258736516,2.9855604635092847,1,ood_test
-1.6716361203561163,1.7549348047521267,-2.08677377216572,-2.2200466492250466,-2.3702421158720273,-2.87040754910998,0,ood_test
-0.24928612518033344,1.7358138038604187,-0.3712896380576466,-0.5481040830393865,-0.24756733839025524,-0.23115232087249854,0,ood_test
-1.7333082747502715,1.6109279924111328,-1.3596226386340122,-1.5488906826242268,-1.358467594660587,-2.5481299656884655,0,ood_test
-1.2373506220300134,1.138108461499085,-0.9359615311813371,-1.293176127432716,-2.1006951433069547,-2.247665454967438,0,ood_test
0.8857554645825083,-0.8985573138798401,0.8809850545990553,1.0554348003608822,0.8026238111204305,0.3209681961536527,0,ood_test
0.9844073358590243,-0.8878929148029067,1.0073992351951513,1.2062108175332715,1.3838604171591748,1.8816660322412915,1,ood_test
-2.5197459958854362,2.486060650413219,-3.7533166043997914,-4.4539534320538765,-4.847824946244942,-5.195508904935122,0,ood_test
-0.7530356084218592,0.5457766021197566,-0.3609699723262795,-0.7899125715409303,-1.1049194107603022,-1.5690823285229707,0,ood_test
0.25507749900063814,-0.20598041412828583,0.37310428611878027,0.400255964523007,0.2526325502879044,0.2615534618087296,0,ood_test
0.6437839322989125,-0.6405872918528442,1.4638671806173087,1.6253525434233356,2.0581988940434357,3.2264068683405864,1,ood_test
-0.3190300252136264,-0.17606335604552242,-0.012999383512642404,-0.965857559539311,-1.3804311196831986,-1.5148519892774703,0,ood_test
1.4545520816404345,-1.805084422255025,1.3243924920725845,1.0911642686105791,1.2251166854012527,1.4957047652902822,1,ood_test
0.21852659436841587,-0.0023318016652942586,0.1744484602234262,0.629912473007451,1.4015001426165006,1.59199476223966,1,ood_test
0.5543705357781548,-0.48869969641728017,1.5008312520481741,1.718759845403438,2.5496206109730064,2.8026161245521326,1,ood_test
0.5418985711905828,-0.3630271003141043,0.03144547726698743,0.5951049767296107,0.625127781268704,0.8743551272293248,1,ood_test
0.36226891392614413,-0.36093822604639464,0.7102884813408938,1.5708302540662082,1.908941134010748,2.943636184623093,1,ood_test
-0.15709678102249644,-0.5493293932418335,-0.0235957064748602,-0.5220083709375561,-0.6818772365589767,-1.1863989048134682,0,ood_test
-1.8643781212450992,1.3980713316595403,-1.8065850456347212,-1.776946179719729,-1.8417083605479345,-2.5876431500885486,0,ood_test
-1.77458887999056,2.332702088055348,-2.3234281170812148,-2.444343781913809,-2.8354227768701157,-3.4085764485413703,0,ood_test
-0.9394810386747378,0.727331477801334,-1.4529840089868797,-1.7709716905530826,-2.2522542944693527,-2.518019692299412,0,ood_test
-0.3690655566960802,0.606036569659401,-0.6854666969174907,-0.7389297985534865,-0.6592751359994011,-0.8967845164051773,0,ood_test
0.26073643773610744,-0.08984818523099025,0.6721986932837503,0.8308736521393358,0.7948779445996508,1.2300960063179742,1,ood_test
-0.11753742618017136,0.8913159268563937,0.6428858670718351,0.610077427795987,-0.1441076095698165,-0.5012523999798828,0,ood_test
0.9767205550128442,-1.3967126625309876,1.4764841129327329,2.448876497649539,2.9085427055061777,3.1952049651714916,1,ood_test
0.15196234937117337,0.14206896132050076,0.6933835608560204,1.04873134072926,0.7503689773253674,0.7928146178205321,1,ood_test
1.1771784522453521,-1.4257991712591398,1.799432576933574,2.465021690199444,3.777695863381076,4.450301983971375,1,ood_test
0.28678706170579454,0.9018173982574502,0.5545297610394435,0.49782250792158916,0.9712786160971206,1.6076012825917778,1,ood_test
0.13094250249660927,0.6333165818172993,-0.09260953466551655,-0.45192676537455245,-0.8647440118880688,-0.9087986416917053,0,ood_test
-1.6950424001574946,1.9605917900806744,-2.136775914844533,-2.074571010752852,-3.0101204390766267,-3.109357972768337,0,ood_test
1.613219370079279,-1.3634967921143128,2.5042152718762605,3.620872488818385,4.311942337591358,5.39440417246212,1,ood_test
0.4592281833793903,-1.0210978818338923,0.5593453745001836,0.1731827044346823,-0.20479555350781847,-0.9455628345966525,0,ood_test
0.00995263206088813,0.16041020424685062,0.30555247712563166,-0.11306966515232192,-0.020534852909456225,-0.0655498076396196,0,ood_test
0.15606273085891909,-0.7561266544491466,0.3290893257610621,0.8296750910781401,0.6537189779645847,0.492672295288841,1,ood_test
-1.8668132995244069,1.2481717728554558,-1.9546622271576055,-2.3294109095283377,-3.1694036169784563,-3.794595224668851,0,ood_test
-0.35402838265637027,0.8403578758479442,-0.7043124691119436,-0.6849907203188959,-0.8564567183515513,-0.7036238842997786,0,ood_test
1.0015953049714588,-0.8840830465242611,1.3337378847927945,2.28749929022018,2.654521352596631,3.3867993144445774,1,ood_test
0.9926439246639196,-1.0367341923945612,1.3966354403707002,1.613596005353276,1.7079754313974167,2.2615230866561777,1,ood_test
0.5790741968028645,-1.06449407289074,0.5342341273307728,0.39282108453255205,0.32691209349201544,0.3666471389270147,1,ood_test
0.6596395153584431,-0.3133844600380883,0.9019834497770878,1.3103803513253318,1.700835422376327,2.154743616899606,1,ood_test
1.8288941608752018,-1.5937600700638466,2.78944730802236,2.8136710934369447,3.682623649728207,4.270520847126719,1,ood_test
-0.46396838511001415,1.0977347549437095,-0.8583248190149453,-0.9761953982469506,-1.2114094995479703,-1.3573325442067965,0,ood_test
0.6014923878534179,-0.4344464620900175,0.3085302229482009,0.6875592204543246,0.8133677697234877,0.5798438234612524,1,ood_test
-0.7680666093500764,0.6191440002435609,-1.0753099550134666,-1.465356067781504,-1.6463729075528988,-2.230097711035544,0,ood_test
0.4956365462194875,-0.9261668585032694,0.38071959283217305,0.47189381081442855,0.6914600935000033,1.3172373021457924,1,ood_test
-0.21683545077007899,0.7895924478513181,-0.365878316001114,0.34856819814159284,0.22113115939744632,0.723804818919678,1,ood_test
-1.4110638961918065,0.9550329313828271,-1.2063617604101262,-1.540102339267741,-1.4671558619573213,-2.000932005867253,0,ood_test
1.0534971064661003,-0.9605463682362262,1.1231582404861322,1.2091500667082786,0.8898023519787182,0.7909716796875156,1,ood_test
2.9187204247245346,-3.1182960270001066,3.0712657798889795,3.4325939406456536,3.5655843255939357,3.873581410791558,1,ood_test
0.2378589608492658,0.05608315124731461,0.5463288256090963,1.289739742290715,1.8285886554742556,2.4251828030692546,1,ood_test
-2.249934236478578,2.05360948613399,-2.887862677317188,-3.427140495713789,-4.285218374983865,-5.343032380337369,0,ood_test
-0.16141390456618138,-0.07667424234942752,-0.003027448161868007,0.2092601889527816,0.11996852117173795,0.041944649716796525,1,ood_test
-0.29009294006880726,0.5365815076280827,-0.34122038310616953,-0.5518589872923614,-0.17263331041585722,0.32933913794945036,1,ood_test
-1.2957279698363724,1.1569735277663933,-1.4082023381044617,-1.677622357585975,-2.5105156121827443,-2.4818190752410745,0,ood_test
-0.5091023995389127,1.017209438265226,-0.36538464447019803,-0.7614192869331768,-0.2534225323387327,-0.28532237716128295,1,ood_test
-1.018422395531172,0.7936656813176494,-1.56966859120283,-2.0482298539437718,-2.5837100424764,-3.814318673970994,0,ood_test
-0.5539878965887199,1.0488110625199858,-1.3745279502704335,-1.6778367995456844,-1.9021763971125514,-2.692239860778922,0,ood_test
0.07222415770296613,0.08400772154473486,-0.045652213982582276,-0.5613248166474724,-1.5472047814433716,-2.2418118995573644,0,ood_test
-1.2217317380930286,1.691805855897817,-0.8142494341168002,-0.7613154209357609,-0.8192015808997006,-1.0844879847886866,0,ood_test
-0.4051368515365737,0.7039657830344113,-0.4027261125522603,-1.5295422322281382,-1.6869655583404752,-1.893577611968033,0,ood_test
-1.1767026244668093,0.8385081921655396,-1.2225707636296819,-2.449681965116287,-2.895620611868473,-3.524248518295879,0,ood_test
-1.006049389516726,0.37055764771121813,-1.6022777741767786,-1.7656879411238102,-2.2639774676068845,-3.245555516935663,0,ood_test
-0.29048150101995523,0.9990555666978999,-1.3575564652437175,-1.4775699268484563,-1.6805815920201097,-1.4565777200265626,0,ood_test
-0.008182552580327905,-0.03630688011212319,-0.11275472421663439,0.6116777948111918,1.1496094576285103,1.4389465170451392,1,ood_test
2.2361216746169825,-1.5148260216461007,2.417615813370663,2.94254626067493,3.4727193664049762,4.6597328286988295,1,ood_test
-1.4706750523007106,1.59561144803141,-1.4043600424430451,-1.5647878532625572,-1.7959528407327416,-2.322093592333756,0,ood_test
0.7086144535885364,-0.2871495078732546,1.3984331811032384,1.2382948258854802,1.7015497017580323,2.6708319814240893,1,ood_test
-1.3874900610466168,1.40614402476755,-1.3043710594137639,-1.0542857088593718,-1.1506167449997486,-1.3146531867091547,0,ood_test
-0.09744743713079146,-0.03314912163904908,-0.09848907425885946,-0.01028114467379429,0.3816080514278613,1.163354829459041,1,ood_test
-1.3672503701683771,1.0632662342722636,-1.3636348044851212,-1.5274517692332328,-1.2564693131613112,-2.0119949650654747,0,ood_test
1.746875661902163,-2.192370624417074,1.3753762926312179,1.6263554409638525,1.8197265628173769,1.9158996695043224,1,ood_test
-0.7608153313288439,0.5033350699754238,-0.8496105326101991,-0.8939772650169032,-1.005578189328097,-1.1277481107863971,0,ood_test
0.27884133017122664,-0.3247570108773397,1.0090642962521892,0.5318754753227429,0.9317670488883805,1.6557717978654132,1,ood_test
-1.3822953245000527,0.9793076029965889,-1.595860969229349,-1.6693235804789053,-1.8786816330757081,-2.5207773173467465,0,ood_test
-0.1718977822460203,-0.5704530809769849,-0.4903351578921009,-0.024273564211071408,-0.07573630230044381,-0.02183001988241895,0,ood_test
1.9054522877210125,-1.830744797924008,1.646310743315777,2.159714993725281,2.2393857214736066,2.3108607573121938,1,ood_test
-1.1984404371516542,1.0358877061828062,-0.5402205298317442,-0.4021902050540688,-0.14299783091809537,-0.47335766201039986,1,ood_test
1.0669915124637326,-0.18267009238276177,1.4859258467764058,2.1597178903470384,2.236828887477274,2.9387449297291455,1,ood_test
-0.9161032617219772,0.5663459797673615,-0.4196132014323912,-0.3484909271610361,-0.4126692045767184,-0.6225853066140794,0,ood_test
1.5587865996155996,-0.9741732582043022,1.4073281024353035,1.2284947918557343,1.2539455057915159,1.3786144265027032,1,ood_test
0.4972210436750311,-0.581892549813436,0.053001466813350606,-0.08790280022401063,0.18852909610802743,0.8454500778116524,1,ood_test
-0.3393672085298281,0.46915879012697403,-0.7845716239570912,-0.830476919083631,-1.6105077254626283,-2.612044696287371,0,ood_test
0.6693072173073917,-0.223978265773204,0.4320615073853673,0.41506015292511694,1.0489177514809087,1.2503456697797122,1,ood_test
-0.472744244699777,0.4758553275667973,-1.0023933815620172,-1.0196360087390468,-1.4838653190339268,-1.493640234178293,0,ood_test
-2.1430848481378457,2.351237218773412,-2.7401567172112515,-3.4411457575520643,-3.660423762055448,-3.9409947725158743,0,ood_test
-1.0648093214514063,1.4374200454066282,-1.049906238350061,-1.0243358994705982,-0.9023771895177217,-0.899153261912604,0,ood_test
1.9878893924310028,-2.6367053741987094,3.1038501564610583,3.6818438379835796,4.579584596658907,5.7252793739703725,1,ood_test
-0.7190808841919756,0.6439268565505617,-0.9724046966256175,-0.6396905517494313,-0.19074852601198655,0.046823853685244554,1,ood_test
-0.2692724910084783,1.1565698464139147,-0.21023470420595253,0.2756131520067324,0.11256866447102559,0.08801936253544254,1,ood_test
-0.037342458709936306,0.24129322232208322,0.16137020876287883,-0.06625362938713009,-0.22513118693492323,-0.525661674132775,0,ood_test
-1.2481998223641455,0.7267492970871103,-1.8161170459981422,-2.4300489178076057,-2.6750248160984933,-2.856214374122722,0,ood_test
0.9994329411523499,-1.8337786166552559,0.8631265018751448,0.7213669817483995,1.1561129961141592,1.4143995676267058,1,ood_test
-0.16548839876487695,-0.03597121883096635,-0.1611590844041267,-0.2617041001176411,-0.48846289342000004,-0.3136498512112528,0,ood_test
0.20629664244655502,-0.5622544827678632,0.13088171809372892,0.09499896121324926,0.4159026354473359,0.8157846160726597,1,ood_test
-0.4845290819133908,1.0644185002042557,-0.944721053346524,-0.7500654856583031,-1.124902205435708,-1.6723446252893022,0,ood_test
0.09706013251176193,0.20262905053270563,0.016657644254426257,-0.029966350627676754,0.24264474887752888,0.35836802717027405,1,ood_test
-1.2783867815368497,0.896823432917385,-1.1308424102658283,-1.2962609570737618,-1.8337210999447258,-2.747259316476301,0,ood_test
0.44863760906192,-0.5686504160581761,1.4224890598146889,1.273878323829091,1.6914647137691237,1.14895169841451,1,ood_test
-1.7437551268666223,1.0053765018954284,-1.7733975975052365,-2.641728404873407,-3.2104953783289036,-3.775703952030061,0,ood_test
1.5843982765883777,-0.888226870954454,1.5946688224194787,1.6006980205547796,2.5271953876171906,2.7970064663908585,1,ood_test
-1.2925229570905945,1.2064945978603578,-1.597767293997732,-1.158377839899424,-1.7604454249916057,-1.9201230855908271,0,ood_test
-1.7775678996428779,1.479830724577635,-1.3305992713257786,-1.2258528654568202,-1.5063128796280558,-2.2155284618940687,0,ood_test
1.0263652315793848,0.05398190003175851,1.3947577097261827,2.0608388025534343,2.668770357275959,3.4242274340875065,1,ood_test
0.33636963737380143,-0.7326688471778129,0.55936311018147,0.2991871604410681,0.9228435013887573,2.2646719061287723,1,ood_test
-2.0994169677426413,1.7371278278293838,-2.3380694060299323,-3.175047533117984,-4.350023183886814,-5.586461969025643,0,ood_test
-0.4224155840923573,0.9164668318293456,-0.9641372883578948,-0.8317744503454712,-1.2662142023093421,-1.1347291955017629,0,ood_test
0.6025281461105663,-0.5793010925874656,0.24889909675100874,0.6061354497763425,1.084389696767901,0.9667965435839051,1,ood_test
-1.3562715777037142,1.1599006708445567,-1.8439623290251754,-2.239439691774536,-2.615442796780776,-3.147919910705008,0,ood_test
0.7975202965234014,-0.5244691435551541,0.3767830833223754,-0.23395865070517458,-0.7352437394268685,-0.7001110169427078,0,ood_test
0.3592254510090498,-0.6748276026443145,0.5166009201017913,-0.19592739994907304,0.6358541771907043,0.6440581991820521,1,ood_test
-0.7272254637884341,0.5193697230670817,-0.9094027075507363,-0.8402002294592195,-1.6743598384546405,-1.2525841989809887,0,ood_test
-1.376173603554885,1.7859299569949705,-1.3229718172904548,-1.7052965084453566,-2.0995775825787586,-2.4920702343476417,0,ood_test
0.3244542851155433,-0.7552099103948398,0.4666830687262435,0.9147449302317268,1.2439408798286657,1.9373290716516605,1,ood_test
-0.5129939391423,0.11410963712207989,-1.0662718892576677,-1.1465023041440527,-2.248510742593237,-1.9439754298654277,0,ood_test
-0.5955787838914763,0.43328298996092385,-0.7860529041321631,-0.3778617498973965,-0.7414673865218158,-0.7103257422602846,0,ood_test
0.6993193281894237,-0.7493133987318856,1.1328942024534143,0.9427130378585548,0.7268547070536211,0.7112591022445827,1,ood_test
0.9009807403066938,-0.5892616383063862,1.5000703064547167,1.3603872672357098,0.9125368021289845,1.410038648486131,1,ood_test
-0.015814472481621458,0.2974779216722495,-0.7948154469527523,-1.5157607238466766,-1.9446768534707293,-2.5682638357773104,0,ood_test
-0.8193682755875474,0.7941053360255873,-0.6420808959532796,-1.067741526363517,-1.2286502619495097,-1.4215555229334964,0,ood_test
0.4020449145494683,0.13281858174693956,0.48671843642891305,-0.05119110645260028,-0.2737938163960806,0.025353001648206197,1,ood_test
-0.16651766393812611,0.7344103529351653,0.06620394222426718,0.19290744563663587,0.37138810489707197,0.9615880252809428,1,ood_test
-0.1702644858673112,0.2572174203943969,0.4812910206577734,-0.2345950591459276,-0.3438212831679036,-0.7428663623816877,0,ood_test
0.24019882919709237,0.17810535320357182,0.13122954826776045,0.20620207664414616,0.07108847911640187,-0.0205843382356609,1,ood_test
0.6167286613941283,-0.3899447825943802,0.8213535504906213,1.9025340463956562,2.1451183465852357,2.516122667635904,1,ood_test
-0.8368142590154011,1.3513961952339817,-0.8510870645325296,-1.343903477421129,-1.7471673029647405,-2.154022730487087,0,ood_test
0.3581877552525312,-0.4176917250662028,0.8355490913718859,0.8723686806772497,1.6222392503821303,2.244467138877041,1,ood_test
0.40736095683564205,-0.46953905622801984,1.0302337629643177,1.0790107570526843,1.6806199105801995,2.9442721507941165,1,ood_test
-1.950086872199167,2.514806870467072,-2.0647574528347326,-2.2285833659089076,-2.593505051957657,-3.3936613120968833,0,ood_test
-0.9071788751296613,1.279810185127592,-0.29028759119001735,0.18098463074252308,-0.4366871366048024,-0.24114453552555115,0,ood_test
-0.6960243917194067,0.5467442077161373,-0.6294218903365031,-1.3057954368121973,-1.6160326236703804,-1.5907459189687996,0,ood_test
1.8897891720013897,-1.1219897883767,1.764265348655405,1.4918872410766597,1.6977089570785098,2.2949717578025157,1,ood_test
-0.010123937343792714,-0.10282220937318687,0.5833526946415004,-0.01607441366159512,0.04176421966179299,-0.6474939297283174,0,ood_test
-0.536588814793155,0.8180568388836846,-0.8578643737812244,-1.2480381705556935,-1.0826212127766743,-1.333973001209536,0,ood_test
-0.3747163623166196,0.1642558108202722,-0.13560302599457574,-0.3536648570322184,-0.009494625875185958,0.18803299568722193,1,ood_test
-0.6848301805659834,0.8400052418581834,-0.5379271148257379,-1.2205474531158975,-1.5169610679710563,-1.3112620261279333,0,ood_test
-0.9672308895140248,0.8218157392452824,-0.883208061253226,-0.9070932006685921,-0.7654582962513017,-0.9405854409388912,0,ood_test
-0.056615742119137884,0.43205045702092215,0.02332721085645867,0.22413726847775267,0.36906401494481406,0.8666738360412939,1,ood_test
1.0604671959808054,-0.814914178674535,1.1715821439308078,1.3846223924278922,2.2794717167899545,2.593935409523268,1,ood_test
0.19192789947613745,-0.47462755400284395,0.6781665827378488,0.23899337645617857,-0.12980162135818174,-0.08698424441540799,0,ood_test
0.07721442642715451,-0.1391693491918229,0.6029706272152618,1.2482175826840152,2.1934670711271576,2.8553825224658897,1,ood_test
-0.09271473086630924,0.6908801905765367,-0.29711144358269437,-0.29074921760252126,-0.8210106520209899,-1.6026709289016767,0,ood_test
-0.20176768247106505,0.5141211566192085,-0.2664611984160894,-0.059649110086547164,-0.44550378405880614,-0.19161985129103049,0,ood_test
-0.3274341214128507,-0.8257706400365563,-0.3879059916457522,-1.4367769759652342,-2.0414966505063545,-1.9483777654702537,0,ood_test
0.9584697326759952,-0.7054424091700672,1.1517814984290082,1.8928293707364516,2.1381370909553525,2.7704334457933055,1,ood_test
0.26536838674906044,0.20115877745071187,1.06325250141173,2.075924620486684,3.498265200745889,4.847082356722202,1,ood_test
-0.4068087216766777,0.47787350190397676,-0.7638626177445891,-0.6722094950759228,-0.7950799430662413,-0.3751115707382602,1,ood_test
-0.18011905240895099,-0.24783505605327869,-0.36537512666807437,0.09966370352123943,0.04534566830615516,0.27157626001948526,1,ood_test
0.4999044367107244,-1.231091494264974,0.5193664731562864,0.2682838853360042,-0.3119063955314437,-0.2736890876764406,1,ood_test
-2.409465385368648,2.619983766179645,-2.9082763609722706,-4.103507539331609,-4.658699049124739,-5.6523859399269005,0,ood_test
-0.32606905022410565,0.4100911985656605,-0.13641777885333733,0.4423588838467768,0.6118886652622167,0.14325609262563987,1,ood_test
-0.6837582693287748,0.8131653819438711,-0.6492304477992987,-1.01847529607923,-0.7601125279632355,-1.3926637098188737,0,ood_test
0.5099383035009519,-0.2734454040920432,0.5322713160287992,0.34033184236645564,0.39350311089482004,0.5871492842799827,1,ood_test
0.2759127779419487,-0.16873737815048434,0.02243456622565032,0.6565640313356724,1.2833534689467974,1.693850786864276,1,ood_test
-0.6125652358859542,1.1719296964126813,-1.8859665342735858,-2.128195729712977,-2.3870231129262995,-2.3299879436124993,0,ood_test
-0.7543846689180461,1.105231391859021,-0.7006685172128397,-1.097540824640042,-2.211120771572001,-2.2318745453452347,0,ood_test
1.5224826107407758,-0.5251568202720506,1.6961483050140624,2.0248642861328543,2.626573329552687,3.058691143441422,1,ood_test
0.11967205615641706,-0.3484731711735795,-0.0365719701037146,-0.5267384614121343,-0.27128223706812526,-0.19439619857085785,0,ood_test
-0.48205445155063237,0.20685669090773037,-1.222302850690106,-1.225941472668144,-1.5054956509979684,-1.8058020989586339,0,ood_test
-0.404077911131822,0.4980202846655102,0.0745956668321231,0.474565878078946,0.3522909734101569,0.502285718176706,0,ood_test
-0.10941387278683921,0.8217460914413748,-0.21376895263653334,-0.3950319939091285,0.16853884500621902,0.05031479355153068,0,ood_test
0.9350476974185923,0.20661034488405405,0.4688255901756764,0.7841943389970836,0.7387130426714776,0.6127232309209967,1,ood_test
